muni6,name_muni,cumulative_cases,population_at_checkpoint,checkpoint,cumulative_reported_incidence,q,q_label,A_i
260005,Abreu e Lima,38,98990,2016-12-31,3.8387715930902113e-4,0.007454145308640366,global-q 2.5%,0.05149848083375238
260005,Abreu e Lima,38,98990,2016-12-31,3.8387715930902113e-4,0.009820323685458794,global-q median,0.039090071936980844
260005,Abreu e Lima,38,98990,2016-12-31,3.8387715930902113e-4,0.01510174051658718,global-q 97.5%,0.025419398438702147
260005,Abreu e Lima,38,98990,2016-12-31,3.8387715930902113e-4,0.05,fixed q=0.05,0.007677543186180422
260005,Abreu e Lima,38,98990,2016-12-31,3.8387715930902113e-4,0.1,fixed q=0.10,0.003838771593090211
260005,Abreu e Lima,38,98990,2016-12-31,3.8387715930902113e-4,0.15,fixed q=0.15,0.002559181062060141
260005,Abreu e Lima,38,98990,2016-12-31,3.8387715930902113e-4,0.2,fixed q=0.20,0.0019193857965451055
260005,Abreu e Lima,38,98990,2016-12-31,3.8387715930902113e-4,0.25,fixed q=0.25,0.0015355086372360845
260005,Abreu e Lima,38,98990,2016-12-31,3.8387715930902113e-4,0.3,fixed q=0.30,0.0012795905310300705
260005,Abreu e Lima,48,99622,2018-12-31,4.8182128445524084e-4,0.007454145308640366,global-q 2.5%,0.06463803219622571
260005,Abreu e Lima,48,99622,2018-12-31,4.8182128445524084e-4,0.009820323685458794,global-q median,0.049063686685672694
260005,Abreu e Lima,48,99622,2018-12-31,4.8182128445524084e-4,0.01510174051658718,global-q 97.5%,0.031905016771148105
260005,Abreu e Lima,48,99622,2018-12-31,4.8182128445524084e-4,0.05,fixed q=0.05,0.009636425689104815
260005,Abreu e Lima,48,99622,2018-12-31,4.8182128445524084e-4,0.1,fixed q=0.10,0.004818212844552408
260005,Abreu e Lima,48,99622,2018-12-31,4.8182128445524084e-4,0.15,fixed q=0.15,0.0032121418963682725
260005,Abreu e Lima,48,99622,2018-12-31,4.8182128445524084e-4,0.2,fixed q=0.20,0.002409106422276204
260005,Abreu e Lima,48,99622,2018-12-31,4.8182128445524084e-4,0.25,fixed q=0.25,0.0019272851378209633
260005,Abreu e Lima,48,99622,2018-12-31,4.8182128445524084e-4,0.3,fixed q=0.30,0.0016060709481841363
260005,Abreu e Lima,185,100698,2021-12-31,0.001837176507974339,0.007454145308640366,global-q 2.5%,0.2464637368746759
260005,Abreu e Lima,185,100698,2021-12-31,0.001837176507974339,0.009820323685458794,global-q median,0.1870790176391735
260005,Abreu e Lima,185,100698,2021-12-31,0.001837176507974339,0.01510174051658718,global-q 97.5%,0.12165329592019238
260005,Abreu e Lima,185,100698,2021-12-31,0.001837176507974339,0.05,fixed q=0.05,0.03674353015948678
260005,Abreu e Lima,185,100698,2021-12-31,0.001837176507974339,0.1,fixed q=0.10,0.01837176507974339
260005,Abreu e Lima,185,100698,2021-12-31,0.001837176507974339,0.15,fixed q=0.15,0.012247843386495594
260005,Abreu e Lima,185,100698,2021-12-31,0.001837176507974339,0.2,fixed q=0.20,0.009185882539871695
260005,Abreu e Lima,185,100698,2021-12-31,0.001837176507974339,0.25,fixed q=0.25,0.007348706031897356
260005,Abreu e Lima,185,100698,2021-12-31,0.001837176507974339,0.3,fixed q=0.30,0.006123921693247797
260005,Abreu e Lima,191,98462,2022-12-31,0.0019398346570250451,0.007454145308640366,global-q 2.5%,0.2602356912437048
260005,Abreu e Lima,191,98462,2022-12-31,0.0019398346570250451,0.009820323685458794,global-q median,0.19753265973273448
260005,Abreu e Lima,191,98462,2022-12-31,0.0019398346570250451,0.01510174051658718,global-q 97.5%,0.12845106528577976
260005,Abreu e Lima,191,98462,2022-12-31,0.0019398346570250451,0.05,fixed q=0.05,0.0387966931405009
260005,Abreu e Lima,191,98462,2022-12-31,0.0019398346570250451,0.1,fixed q=0.10,0.01939834657025045
260005,Abreu e Lima,191,98462,2022-12-31,0.0019398346570250451,0.15,fixed q=0.15,0.012932231046833635
260005,Abreu e Lima,191,98462,2022-12-31,0.0019398346570250451,0.2,fixed q=0.20,0.009699173285125226
260005,Abreu e Lima,191,98462,2022-12-31,0.0019398346570250451,0.25,fixed q=0.25,0.0077593386281001805
260005,Abreu e Lima,191,98462,2022-12-31,0.0019398346570250451,0.3,fixed q=0.30,0.006466115523416817
260005,Abreu e Lima,195,104248,2025-12-21,0.0018705394827718516,0.007454145308640366,global-q 2.5%,0.25093949813450006
260005,Abreu e Lima,195,104248,2025-12-21,0.0018705394827718516,0.009820323685458794,global-q median,0.19047635726525058
260005,Abreu e Lima,195,104248,2025-12-21,0.0018705394827718516,0.01510174051658718,global-q 97.5%,0.12386250980258348
260005,Abreu e Lima,195,104248,2025-12-21,0.0018705394827718516,0.05,fixed q=0.05,0.03741078965543703
260005,Abreu e Lima,195,104248,2025-12-21,0.0018705394827718516,0.1,fixed q=0.10,0.018705394827718515
260005,Abreu e Lima,195,104248,2025-12-21,0.0018705394827718516,0.15,fixed q=0.15,0.012470263218479011
260005,Abreu e Lima,195,104248,2025-12-21,0.0018705394827718516,0.2,fixed q=0.20,0.009352697413859258
260005,Abreu e Lima,195,104248,2025-12-21,0.0018705394827718516,0.25,fixed q=0.25,0.0074821579310874065
260005,Abreu e Lima,195,104248,2025-12-21,0.0018705394827718516,0.3,fixed q=0.30,0.006235131609239506
260010,Afogados da Ingazeira,13,36866,2016-12-31,3.526284381272717e-4,0.007454145308640366,global-q 2.5%,0.047306354186378345
260010,Afogados da Ingazeira,13,36866,2016-12-31,3.526284381272717e-4,0.009820323685458794,global-q median,0.03590802598995975
260010,Afogados da Ingazeira,13,36866,2016-12-31,3.526284381272717e-4,0.01510174051658718,global-q 97.5%,0.023350185214741175
260010,Afogados da Ingazeira,13,36866,2016-12-31,3.526284381272717e-4,0.05,fixed q=0.05,0.007052568762545434
260010,Afogados da Ingazeira,13,36866,2016-12-31,3.526284381272717e-4,0.1,fixed q=0.10,0.003526284381272717
260010,Afogados da Ingazeira,13,36866,2016-12-31,3.526284381272717e-4,0.15,fixed q=0.15,0.0023508562541818116
260010,Afogados da Ingazeira,13,36866,2016-12-31,3.526284381272717e-4,0.2,fixed q=0.20,0.0017631421906363586
260010,Afogados da Ingazeira,13,36866,2016-12-31,3.526284381272717e-4,0.25,fixed q=0.25,0.001410513752509087
260010,Afogados da Ingazeira,13,36866,2016-12-31,3.526284381272717e-4,0.3,fixed q=0.30,0.0011754281270909058
260010,Afogados da Ingazeira,21,37111,2018-12-31,5.658699576944841e-4,0.007454145308640366,global-q 2.5%,0.07591345945974035
260010,Afogados da Ingazeira,21,37111,2018-12-31,5.658699576944841e-4,0.009820323685458794,global-q median,0.05762233260522587
260010,Afogados da Ingazeira,21,37111,2018-12-31,5.658699576944841e-4,0.01510174051658718,global-q 97.5%,0.03747051255932745
260010,Afogados da Ingazeira,21,37111,2018-12-31,5.658699576944841e-4,0.05,fixed q=0.05,0.011317399153889683
260010,Afogados da Ingazeira,21,37111,2018-12-31,5.658699576944841e-4,0.1,fixed q=0.10,0.005658699576944841
260010,Afogados da Ingazeira,21,37111,2018-12-31,5.658699576944841e-4,0.15,fixed q=0.15,0.0037724663846298943
260010,Afogados da Ingazeira,21,37111,2018-12-31,5.658699576944841e-4,0.2,fixed q=0.20,0.0028293497884724207
260010,Afogados da Ingazeira,21,37111,2018-12-31,5.658699576944841e-4,0.25,fixed q=0.25,0.0022634798307779366
260010,Afogados da Ingazeira,21,37111,2018-12-31,5.658699576944841e-4,0.3,fixed q=0.30,0.0018862331923149471
260010,Afogados da Ingazeira,21,37546,2021-12-31,5.59313908272519e-4,0.007454145308640366,global-q 2.5%,0.0750339422045071
260010,Afogados da Ingazeira,21,37546,2021-12-31,5.59313908272519e-4,0.009820323685458794,global-q median,0.05695473246983798
260010,Afogados da Ingazeira,21,37546,2021-12-31,5.59313908272519e-4,0.01510174051658718,global-q 97.5%,0.037036387140819284
260010,Afogados da Ingazeira,21,37546,2021-12-31,5.59313908272519e-4,0.05,fixed q=0.05,0.01118627816545038
260010,Afogados da Ingazeira,21,37546,2021-12-31,5.59313908272519e-4,0.1,fixed q=0.10,0.00559313908272519
260010,Afogados da Ingazeira,21,37546,2021-12-31,5.59313908272519e-4,0.15,fixed q=0.15,0.00372875938848346
260010,Afogados da Ingazeira,21,37546,2021-12-31,5.59313908272519e-4,0.2,fixed q=0.20,0.002796569541362595
260010,Afogados da Ingazeira,21,37546,2021-12-31,5.59313908272519e-4,0.25,fixed q=0.25,0.002237255633090076
260010,Afogados da Ingazeira,21,37546,2021-12-31,5.59313908272519e-4,0.3,fixed q=0.30,0.00186437969424173
260010,Afogados da Ingazeira,21,40241,2022-12-31,5.218558186923784e-4,0.007454145308640366,global-q 2.5%,0.07000880678935474
260010,Afogados da Ingazeira,21,40241,2022-12-31,5.218558186923784e-4,0.009820323685458794,global-q median,0.05314038879035156
260010,Afogados da Ingazeira,21,40241,2022-12-31,5.218558186923784e-4,0.01510174051658718,global-q 97.5%,0.03455600486044584
260010,Afogados da Ingazeira,21,40241,2022-12-31,5.218558186923784e-4,0.05,fixed q=0.05,0.010437116373847567
260010,Afogados da Ingazeira,21,40241,2022-12-31,5.218558186923784e-4,0.1,fixed q=0.10,0.005218558186923784
260010,Afogados da Ingazeira,21,40241,2022-12-31,5.218558186923784e-4,0.15,fixed q=0.15,0.003479038791282523
260010,Afogados da Ingazeira,21,40241,2022-12-31,5.218558186923784e-4,0.2,fixed q=0.20,0.002609279093461892
260010,Afogados da Ingazeira,21,40241,2022-12-31,5.218558186923784e-4,0.25,fixed q=0.25,0.0020874232747695137
260010,Afogados da Ingazeira,21,40241,2022-12-31,5.218558186923784e-4,0.3,fixed q=0.30,0.0017395193956412614
260010,Afogados da Ingazeira,21,42672,2025-12-21,4.921259842519685e-4,0.007454145308640366,global-q 2.5%,0.06602044417909692
260010,Afogados da Ingazeira,21,42672,2025-12-21,4.921259842519685e-4,0.009820323685458794,global-q median,0.0501130105294464
260010,Afogados da Ingazeira,21,42672,2025-12-21,4.921259842519685e-4,0.01510174051658718,global-q 97.5%,0.03258736856930074
260010,Afogados da Ingazeira,21,42672,2025-12-21,4.921259842519685e-4,0.05,fixed q=0.05,0.00984251968503937
260010,Afogados da Ingazeira,21,42672,2025-12-21,4.921259842519685e-4,0.1,fixed q=0.10,0.004921259842519685
260010,Afogados da Ingazeira,21,42672,2025-12-21,4.921259842519685e-4,0.15,fixed q=0.15,0.0032808398950131233
260010,Afogados da Ingazeira,21,42672,2025-12-21,4.921259842519685e-4,0.2,fixed q=0.20,0.0024606299212598425
260010,Afogados da Ingazeira,21,42672,2025-12-21,4.921259842519685e-4,0.25,fixed q=0.25,0.001968503937007874
260010,Afogados da Ingazeira,21,42672,2025-12-21,4.921259842519685e-4,0.3,fixed q=0.30,0.0016404199475065617
260020,Afrânio,0,19225,2016-12-31,0,0.007454145308640366,global-q 2.5%,0
260020,Afrânio,0,19225,2016-12-31,0,0.009820323685458794,global-q median,0
260020,Afrânio,0,19225,2016-12-31,0,0.01510174051658718,global-q 97.5%,0
260020,Afrânio,0,19225,2016-12-31,0,0.05,fixed q=0.05,0
260020,Afrânio,0,19225,2016-12-31,0,0.1,fixed q=0.10,0
260020,Afrânio,0,19225,2016-12-31,0,0.15,fixed q=0.15,0
260020,Afrânio,0,19225,2016-12-31,0,0.2,fixed q=0.20,0
260020,Afrânio,0,19225,2016-12-31,0,0.25,fixed q=0.25,0
260020,Afrânio,0,19225,2016-12-31,0,0.3,fixed q=0.30,0
260020,Afrânio,0,19456,2018-12-31,0,0.007454145308640366,global-q 2.5%,0
260020,Afrânio,0,19456,2018-12-31,0,0.009820323685458794,global-q median,0
260020,Afrânio,0,19456,2018-12-31,0,0.01510174051658718,global-q 97.5%,0
260020,Afrânio,0,19456,2018-12-31,0,0.05,fixed q=0.05,0
260020,Afrânio,0,19456,2018-12-31,0,0.1,fixed q=0.10,0
260020,Afrânio,0,19456,2018-12-31,0,0.15,fixed q=0.15,0
260020,Afrânio,0,19456,2018-12-31,0,0.2,fixed q=0.20,0
260020,Afrânio,0,19456,2018-12-31,0,0.25,fixed q=0.25,0
260020,Afrânio,0,19456,2018-12-31,0,0.3,fixed q=0.30,0
260020,Afrânio,0,19981,2021-12-31,0,0.007454145308640366,global-q 2.5%,0
260020,Afrânio,0,19981,2021-12-31,0,0.009820323685458794,global-q median,0
260020,Afrânio,0,19981,2021-12-31,0,0.01510174051658718,global-q 97.5%,0
260020,Afrânio,0,19981,2021-12-31,0,0.05,fixed q=0.05,0
260020,Afrânio,0,19981,2021-12-31,0,0.1,fixed q=0.10,0
260020,Afrânio,0,19981,2021-12-31,0,0.15,fixed q=0.15,0
260020,Afrânio,0,19981,2021-12-31,0,0.2,fixed q=0.20,0
260020,Afrânio,0,19981,2021-12-31,0,0.25,fixed q=0.25,0
260020,Afrânio,0,19981,2021-12-31,0,0.3,fixed q=0.30,0
260020,Afrânio,15,18674,2022-12-31,8.032558637678056e-4,0.007454145308640366,global-q 2.5%,0.10775961971612265
260020,Afrânio,15,18674,2022-12-31,8.032558637678056e-4,0.009820323685458794,global-q median,0.08179525334355395
260020,Afrânio,15,18674,2022-12-31,8.032558637678056e-4,0.01510174051658718,global-q 97.5%,0.05318962161252471
260020,Afrânio,15,18674,2022-12-31,8.032558637678056e-4,0.05,fixed q=0.05,0.01606511727535611
260020,Afrânio,15,18674,2022-12-31,8.032558637678056e-4,0.1,fixed q=0.10,0.008032558637678055
260020,Afrânio,15,18674,2022-12-31,8.032558637678056e-4,0.15,fixed q=0.15,0.005355039091785371
260020,Afrânio,15,18674,2022-12-31,8.032558637678056e-4,0.2,fixed q=0.20,0.0040162793188390274
260020,Afrânio,15,18674,2022-12-31,8.032558637678056e-4,0.25,fixed q=0.25,0.003213023455071222
260020,Afrânio,15,18674,2022-12-31,8.032558637678056e-4,0.3,fixed q=0.30,0.0026775195458926854
260020,Afrânio,16,19409,2025-12-21,8.243598330671338e-4,0.007454145308640366,global-q 2.5%,0.11059079195995668
260020,Afrânio,16,19409,2025-12-21,8.243598330671338e-4,0.009820323685458794,global-q median,0.08394426288491738
260020,Afrânio,16,19409,2025-12-21,8.243598330671338e-4,0.01510174051658718,global-q 97.5%,0.054587074394616186
260020,Afrânio,16,19409,2025-12-21,8.243598330671338e-4,0.05,fixed q=0.05,0.016487196661342674
260020,Afrânio,16,19409,2025-12-21,8.243598330671338e-4,0.1,fixed q=0.10,0.008243598330671337
260020,Afrânio,16,19409,2025-12-21,8.243598330671338e-4,0.15,fixed q=0.15,0.005495732220447559
260020,Afrânio,16,19409,2025-12-21,8.243598330671338e-4,0.2,fixed q=0.20,0.0041217991653356685
260020,Afrânio,16,19409,2025-12-21,8.243598330671338e-4,0.25,fixed q=0.25,0.0032974393322685353
260020,Afrânio,16,19409,2025-12-21,8.243598330671338e-4,0.3,fixed q=0.30,0.0027478661102237796
260030,Agrestina,2,24454,2016-12-31,8.178621084485155e-5,0.007454145308640366,global-q 2.5%,0.010971909918371223
260030,Agrestina,2,24454,2016-12-31,8.178621084485155e-5,0.009820323685458794,global-q median,0.008328260194310549
260030,Agrestina,2,24454,2016-12-31,8.178621084485155e-5,0.01510174051658718,global-q 97.5%,0.0054156811100694435
260030,Agrestina,2,24454,2016-12-31,8.178621084485155e-5,0.05,fixed q=0.05,0.001635724216897031
260030,Agrestina,2,24454,2016-12-31,8.178621084485155e-5,0.1,fixed q=0.10,8.178621084485155e-4
260030,Agrestina,2,24454,2016-12-31,8.178621084485155e-5,0.15,fixed q=0.15,5.452414056323437e-4
260030,Agrestina,2,24454,2016-12-31,8.178621084485155e-5,0.2,fixed q=0.20,4.0893105422425775e-4
260030,Agrestina,2,24454,2016-12-31,8.178621084485155e-5,0.25,fixed q=0.25,3.271448433794062e-4
260030,Agrestina,2,24454,2016-12-31,8.178621084485155e-5,0.3,fixed q=0.30,2.7262070281617185e-4
260030,Agrestina,2,24702,2018-12-31,8.096510404015869e-5,0.007454145308640366,global-q 2.5%,0.01086175553169176
260030,Agrestina,2,24702,2018-12-31,8.096510404015869e-5,0.009820323685458794,global-q median,0.008244647186125421
260030,Agrestina,2,24702,2018-12-31,8.096510404015869e-5,0.01510174051658718,global-q 97.5%,0.005361309443188332
260030,Agrestina,2,24702,2018-12-31,8.096510404015869e-5,0.05,fixed q=0.05,0.0016193020808031736
260030,Agrestina,2,24702,2018-12-31,8.096510404015869e-5,0.1,fixed q=0.10,8.096510404015868e-4
260030,Agrestina,2,24702,2018-12-31,8.096510404015869e-5,0.15,fixed q=0.15,5.397673602677246e-4
260030,Agrestina,2,24702,2018-12-31,8.096510404015869e-5,0.2,fixed q=0.20,4.048255202007934e-4
260030,Agrestina,2,24702,2018-12-31,8.096510404015869e-5,0.25,fixed q=0.25,3.2386041616063474e-4
260030,Agrestina,2,24702,2018-12-31,8.096510404015869e-5,0.3,fixed q=0.30,2.698836801338623e-4
260030,Agrestina,3,25240,2021-12-31,1.1885895404120444e-4,0.007454145308640366,global-q 2.5%,0.01594534975102119
260030,Agrestina,3,25240,2021-12-31,1.1885895404120444e-4,0.009820323685458794,global-q median,0.012103364191264078
260030,Agrestina,3,25240,2021-12-31,1.1885895404120444e-4,0.01510174051658718,global-q 97.5%,0.007870546703583886
260030,Agrestina,3,25240,2021-12-31,1.1885895404120444e-4,0.05,fixed q=0.05,0.002377179080824089
260030,Agrestina,3,25240,2021-12-31,1.1885895404120444e-4,0.1,fixed q=0.10,0.0011885895404120444
260030,Agrestina,3,25240,2021-12-31,1.1885895404120444e-4,0.15,fixed q=0.15,7.92393026941363e-4
260030,Agrestina,3,25240,2021-12-31,1.1885895404120444e-4,0.2,fixed q=0.20,5.942947702060222e-4
260030,Agrestina,3,25240,2021-12-31,1.1885895404120444e-4,0.25,fixed q=0.25,4.7543581616481777e-4
260030,Agrestina,3,25240,2021-12-31,1.1885895404120444e-4,0.3,fixed q=0.30,3.961965134706815e-4
260030,Agrestina,5,23779,2022-12-31,2.102695655830775e-4,0.007454145308640366,global-q 2.5%,0.028208407118029553
260030,Agrestina,5,23779,2022-12-31,2.102695655830775e-4,0.009820323685458794,global-q median,0.021411673618704552
260030,Agrestina,5,23779,2022-12-31,2.102695655830775e-4,0.01510174051658718,global-q 97.5%,0.013923531883767
260030,Agrestina,5,23779,2022-12-31,2.102695655830775e-4,0.05,fixed q=0.05,0.00420539131166155
260030,Agrestina,5,23779,2022-12-31,2.102695655830775e-4,0.1,fixed q=0.10,0.002102695655830775
260030,Agrestina,5,23779,2022-12-31,2.102695655830775e-4,0.15,fixed q=0.15,0.0014017971038871836
260030,Agrestina,5,23779,2022-12-31,2.102695655830775e-4,0.2,fixed q=0.20,0.0010513478279153875
260030,Agrestina,5,23779,2022-12-31,2.102695655830775e-4,0.25,fixed q=0.25,8.4107826233231e-4
260030,Agrestina,5,23779,2022-12-31,2.102695655830775e-4,0.3,fixed q=0.30,7.008985519435918e-4
260030,Agrestina,6,24680,2025-12-21,2.4311183144246353e-4,0.007454145308640366,global-q 2.5%,0.03261431342915517
260030,Agrestina,6,24680,2025-12-21,2.4311183144246353e-4,0.009820323685458794,global-q median,0.024755989642423443
260030,Agrestina,6,24680,2025-12-21,2.4311183144246353e-4,0.01510174051658718,global-q 97.5%,0.016098265704899292
260030,Agrestina,6,24680,2025-12-21,2.4311183144246353e-4,0.05,fixed q=0.05,0.00486223662884927
260030,Agrestina,6,24680,2025-12-21,2.4311183144246353e-4,0.1,fixed q=0.10,0.002431118314424635
260030,Agrestina,6,24680,2025-12-21,2.4311183144246353e-4,0.15,fixed q=0.15,0.0016207455429497568
260030,Agrestina,6,24680,2025-12-21,2.4311183144246353e-4,0.2,fixed q=0.20,0.0012155591572123176
260030,Agrestina,6,24680,2025-12-21,2.4311183144246353e-4,0.25,fixed q=0.25,9.724473257698541e-4
260030,Agrestina,6,24680,2025-12-21,2.4311183144246353e-4,0.3,fixed q=0.30,8.103727714748784e-4
260040,Água Preta,5,36040,2016-12-31,1.3873473917869035e-4,0.007454145308640366,global-q 2.5%,0.018611756738613337
260040,Água Preta,5,36040,2016-12-31,1.3873473917869035e-4,0.009820323685458794,global-q median,0.014127308184771795
260040,Água Preta,5,36040,2016-12-31,1.3873473917869035e-4,0.01510174051658718,global-q 97.5%,0.009186672160490995
260040,Água Preta,5,36040,2016-12-31,1.3873473917869035e-4,0.05,fixed q=0.05,0.002774694783573807
260040,Água Preta,5,36040,2016-12-31,1.3873473917869035e-4,0.1,fixed q=0.10,0.0013873473917869034
260040,Água Preta,5,36040,2016-12-31,1.3873473917869035e-4,0.15,fixed q=0.15,9.24898261191269e-4
260040,Água Preta,5,36040,2016-12-31,1.3873473917869035e-4,0.2,fixed q=0.20,6.936736958934517e-4
260040,Água Preta,5,36040,2016-12-31,1.3873473917869035e-4,0.25,fixed q=0.25,5.549389567147614e-4
260040,Água Preta,5,36040,2016-12-31,1.3873473917869035e-4,0.3,fixed q=0.30,4.624491305956345e-4
260040,Água Preta,10,36454,2018-12-31,2.743183189773413e-4,0.007454145308640366,global-q 2.5%,0.03680077428318564
260040,Água Preta,10,36454,2018-12-31,2.743183189773413e-4,0.009820323685458794,global-q median,0.027933734952497694
260040,Água Preta,10,36454,2018-12-31,2.743183189773413e-4,0.01510174051658718,global-q 97.5%,0.01816468232095767
260040,Água Preta,10,36454,2018-12-31,2.743183189773413e-4,0.05,fixed q=0.05,0.005486366379546826
260040,Água Preta,10,36454,2018-12-31,2.743183189773413e-4,0.1,fixed q=0.10,0.002743183189773413
260040,Água Preta,10,36454,2018-12-31,2.743183189773413e-4,0.15,fixed q=0.15,0.0018287887931822753
260040,Água Preta,10,36454,2018-12-31,2.743183189773413e-4,0.2,fixed q=0.20,0.0013715915948867064
260040,Água Preta,10,36454,2018-12-31,2.743183189773413e-4,0.25,fixed q=0.25,0.0010972732759093652
260040,Água Preta,10,36454,2018-12-31,2.743183189773413e-4,0.3,fixed q=0.30,9.143943965911377e-4
260040,Água Preta,32,37386,2021-12-31,8.559353768790456e-4,0.007454145308640366,global-q 2.5%,0.11482676302095966
260040,Água Preta,32,37386,2021-12-31,8.559353768790456e-4,0.009820323685458794,global-q median,0.08715958906186067
260040,Água Preta,32,37386,2021-12-31,8.559353768790456e-4,0.01510174051658718,global-q 97.5%,0.056677929006853124
260040,Água Preta,32,37386,2021-12-31,8.559353768790456e-4,0.05,fixed q=0.05,0.01711870753758091
260040,Água Preta,32,37386,2021-12-31,8.559353768790456e-4,0.1,fixed q=0.10,0.008559353768790455
260040,Água Preta,32,37386,2021-12-31,8.559353768790456e-4,0.15,fixed q=0.15,0.005706235845860304
260040,Água Preta,32,37386,2021-12-31,8.559353768790456e-4,0.2,fixed q=0.20,0.004279676884395228
260040,Água Preta,32,37386,2021-12-31,8.559353768790456e-4,0.25,fixed q=0.25,0.0034237415075161824
260040,Água Preta,32,37386,2021-12-31,8.559353768790456e-4,0.3,fixed q=0.30,0.002853117922930152
260040,Água Preta,34,26461,2022-12-31,0.0012849098673519519,0.007454145308640366,global-q 2.5%,0.1723752105908865
260040,Água Preta,34,26461,2022-12-31,0.0012849098673519519,0.009820323685458794,global-q median,0.13084190587877984
260040,Água Preta,34,26461,2022-12-31,0.0012849098673519519,0.01510174051658718,global-q 97.5%,0.08508356145708208
260040,Água Preta,34,26461,2022-12-31,0.0012849098673519519,0.05,fixed q=0.05,0.025698197347039035
260040,Água Preta,34,26461,2022-12-31,0.0012849098673519519,0.1,fixed q=0.10,0.012849098673519518
260040,Água Preta,34,26461,2022-12-31,0.0012849098673519519,0.15,fixed q=0.15,0.008566065782346347
260040,Água Preta,34,26461,2022-12-31,0.0012849098673519519,0.2,fixed q=0.20,0.006424549336759759
260040,Água Preta,34,26461,2022-12-31,0.0012849098673519519,0.25,fixed q=0.25,0.005139639469407807
260040,Água Preta,34,26461,2022-12-31,0.0012849098673519519,0.3,fixed q=0.30,0.0042830328911731734
260040,Água Preta,39,26981,2025-12-21,0.0014454616211408027,0.007454145308640366,global-q 2.5%,0.19391379712779633
260040,Água Preta,39,26981,2025-12-21,0.0014454616211408027,0.009820323685458794,global-q median,0.1471908327503639
260040,Água Preta,39,26981,2025-12-21,0.0014454616211408027,0.01510174051658718,global-q 97.5%,0.09571490250101718
260040,Água Preta,39,26981,2025-12-21,0.0014454616211408027,0.05,fixed q=0.05,0.028909232422816053
260040,Água Preta,39,26981,2025-12-21,0.0014454616211408027,0.1,fixed q=0.10,0.014454616211408026
260040,Água Preta,39,26981,2025-12-21,0.0014454616211408027,0.15,fixed q=0.15,0.009636410807605352
260040,Água Preta,39,26981,2025-12-21,0.0014454616211408027,0.2,fixed q=0.20,0.007227308105704013
260040,Água Preta,39,26981,2025-12-21,0.0014454616211408027,0.25,fixed q=0.25,0.005781846484563211
260040,Água Preta,39,26981,2025-12-21,0.0014454616211408027,0.3,fixed q=0.30,0.004818205403802676
260050,Águas Belas,92,42831,2016-12-31,0.00214797693259555,0.007454145308640366,global-q 2.5%,0.2881587148704699
260050,Águas Belas,92,42831,2016-12-31,0.00214797693259555,0.009820323685458794,global-q median,0.218727712180823
260050,Águas Belas,92,42831,2016-12-31,0.00214797693259555,0.01510174051658718,global-q 97.5%,0.14223373327308156
260050,Águas Belas,92,42831,2016-12-31,0.00214797693259555,0.05,fixed q=0.05,0.042959538651910996
260050,Águas Belas,92,42831,2016-12-31,0.00214797693259555,0.1,fixed q=0.10,0.021479769325955498
260050,Águas Belas,92,42831,2016-12-31,0.00214797693259555,0.15,fixed q=0.15,0.014319846217303667
260050,Águas Belas,92,42831,2016-12-31,0.00214797693259555,0.2,fixed q=0.20,0.010739884662977749
260050,Águas Belas,92,42831,2016-12-31,0.00214797693259555,0.25,fixed q=0.25,0.0085919077303822
260050,Águas Belas,92,42831,2016-12-31,0.00214797693259555,0.3,fixed q=0.30,0.0071599231086518335
260050,Águas Belas,96,43195,2018-12-31,0.0022224794536404675,0.007454145308640366,global-q 2.5%,0.29815349199918495
260050,Águas Belas,96,43195,2018-12-31,0.0022224794536404675,0.009820323685458794,global-q median,0.22631427688390252
260050,Águas Belas,96,43195,2018-12-31,0.0022224794536404675,0.01510174051658718,global-q 97.5%,0.14716710641395145
260050,Águas Belas,96,43195,2018-12-31,0.0022224794536404675,0.05,fixed q=0.05,0.044449589072809347
260050,Águas Belas,96,43195,2018-12-31,0.0022224794536404675,0.1,fixed q=0.10,0.022224794536404673
260050,Águas Belas,96,43195,2018-12-31,0.0022224794536404675,0.15,fixed q=0.15,0.01481652969093645
260050,Águas Belas,96,43195,2018-12-31,0.0022224794536404675,0.2,fixed q=0.20,0.011112397268202337
260050,Águas Belas,96,43195,2018-12-31,0.0022224794536404675,0.25,fixed q=0.25,0.00888991781456187
260050,Águas Belas,96,43195,2018-12-31,0.0022224794536404675,0.3,fixed q=0.30,0.007408264845468225
260050,Águas Belas,97,43923,2021-12-31,0.002208410172347062,0.007454145308640366,global-q 2.5%,0.29626604807223367
260050,Águas Belas,97,43923,2021-12-31,0.002208410172347062,0.009820323685458794,global-q median,0.22488160707137503
260050,Águas Belas,97,43923,2021-12-31,0.002208410172347062,0.01510174051658718,global-q 97.5%,0.14623547331656428
260050,Águas Belas,97,43923,2021-12-31,0.002208410172347062,0.05,fixed q=0.05,0.04416820344694124
260050,Águas Belas,97,43923,2021-12-31,0.002208410172347062,0.1,fixed q=0.10,0.02208410172347062
260050,Águas Belas,97,43923,2021-12-31,0.002208410172347062,0.15,fixed q=0.15,0.014722734482313747
260050,Águas Belas,97,43923,2021-12-31,0.002208410172347062,0.2,fixed q=0.20,0.01104205086173531
260050,Águas Belas,97,43923,2021-12-31,0.002208410172347062,0.25,fixed q=0.25,0.008833640689388248
260050,Águas Belas,97,43923,2021-12-31,0.002208410172347062,0.3,fixed q=0.30,0.007361367241156874
260050,Águas Belas,98,41548,2022-12-31,0.0023587176278039856,0.007454145308640366,global-q 2.5%,0.3164303256967518
260050,Águas Belas,98,41548,2022-12-31,0.0023587176278039856,0.009820323685458794,global-q median,0.24018736075844418
260050,Águas Belas,98,41548,2022-12-31,0.0023587176278039856,0.01510174051658718,global-q 97.5%,0.15618846219833135
260050,Águas Belas,98,41548,2022-12-31,0.0023587176278039856,0.05,fixed q=0.05,0.04717435255607971
260050,Águas Belas,98,41548,2022-12-31,0.0023587176278039856,0.1,fixed q=0.10,0.023587176278039856
260050,Águas Belas,98,41548,2022-12-31,0.0023587176278039856,0.15,fixed q=0.15,0.015724784185359907
260050,Águas Belas,98,41548,2022-12-31,0.0023587176278039856,0.2,fixed q=0.20,0.011793588139019928
260050,Águas Belas,98,41548,2022-12-31,0.0023587176278039856,0.25,fixed q=0.25,0.009434870511215943
260050,Águas Belas,98,41548,2022-12-31,0.0023587176278039856,0.3,fixed q=0.30,0.007862392092679953
260050,Águas Belas,99,43822,2025-12-21,0.002259139245128018,0.007454145308640366,global-q 2.5%,0.30307153289718797
260050,Águas Belas,99,43822,2025-12-21,0.002259139245128018,0.009820323685458794,global-q median,0.2300473301580867
260050,Águas Belas,99,43822,2025-12-21,0.002259139245128018,0.01510174051658718,global-q 97.5%,0.1495946273640886
260050,Águas Belas,99,43822,2025-12-21,0.002259139245128018,0.05,fixed q=0.05,0.045182784902560356
260050,Águas Belas,99,43822,2025-12-21,0.002259139245128018,0.1,fixed q=0.10,0.022591392451280178
260050,Águas Belas,99,43822,2025-12-21,0.002259139245128018,0.15,fixed q=0.15,0.015060928300853454
260050,Águas Belas,99,43822,2025-12-21,0.002259139245128018,0.2,fixed q=0.20,0.011295696225640089
260050,Águas Belas,99,43822,2025-12-21,0.002259139245128018,0.25,fixed q=0.25,0.009036556980512072
260050,Águas Belas,99,43822,2025-12-21,0.002259139245128018,0.3,fixed q=0.30,0.007530464150426727
260060,Alagoinha,0,14431,2016-12-31,0,0.007454145308640366,global-q 2.5%,0
260060,Alagoinha,0,14431,2016-12-31,0,0.009820323685458794,global-q median,0
260060,Alagoinha,0,14431,2016-12-31,0,0.01510174051658718,global-q 97.5%,0
260060,Alagoinha,0,14431,2016-12-31,0,0.05,fixed q=0.05,0
260060,Alagoinha,0,14431,2016-12-31,0,0.1,fixed q=0.10,0
260060,Alagoinha,0,14431,2016-12-31,0,0.15,fixed q=0.15,0
260060,Alagoinha,0,14431,2016-12-31,0,0.2,fixed q=0.20,0
260060,Alagoinha,0,14431,2016-12-31,0,0.25,fixed q=0.25,0
260060,Alagoinha,0,14431,2016-12-31,0,0.3,fixed q=0.30,0
260060,Alagoinha,0,14554,2018-12-31,0,0.007454145308640366,global-q 2.5%,0
260060,Alagoinha,0,14554,2018-12-31,0,0.009820323685458794,global-q median,0
260060,Alagoinha,0,14554,2018-12-31,0,0.01510174051658718,global-q 97.5%,0
260060,Alagoinha,0,14554,2018-12-31,0,0.05,fixed q=0.05,0
260060,Alagoinha,0,14554,2018-12-31,0,0.1,fixed q=0.10,0
260060,Alagoinha,0,14554,2018-12-31,0,0.15,fixed q=0.15,0
260060,Alagoinha,0,14554,2018-12-31,0,0.2,fixed q=0.20,0
260060,Alagoinha,0,14554,2018-12-31,0,0.25,fixed q=0.25,0
260060,Alagoinha,0,14554,2018-12-31,0,0.3,fixed q=0.30,0
260060,Alagoinha,2,13542,2022-12-31,1.476886722788362e-4,0.007454145308640366,global-q 2.5%,0.019812958583949925
260060,Alagoinha,2,13542,2022-12-31,1.476886722788362e-4,0.009820323685458794,global-q median,0.015039083945626214
260060,Alagoinha,2,13542,2022-12-31,1.476886722788362e-4,0.01510174051658718,global-q 97.5%,0.009779579520428162
260060,Alagoinha,2,13542,2022-12-31,1.476886722788362e-4,0.05,fixed q=0.05,0.002953773445576724
260060,Alagoinha,2,13542,2022-12-31,1.476886722788362e-4,0.1,fixed q=0.10,0.001476886722788362
260060,Alagoinha,2,13542,2022-12-31,1.476886722788362e-4,0.15,fixed q=0.15,9.845911485255748e-4
260060,Alagoinha,2,13542,2022-12-31,1.476886722788362e-4,0.2,fixed q=0.20,7.38443361394181e-4
260060,Alagoinha,2,13542,2022-12-31,1.476886722788362e-4,0.25,fixed q=0.25,5.907546891153448e-4
260060,Alagoinha,2,13542,2022-12-31,1.476886722788362e-4,0.3,fixed q=0.30,4.922955742627874e-4
260060,Alagoinha,2,14798,2021-12-31,1.3515339910798757e-4,0.007454145308640366,global-q 2.5%,0.018131307280973775
260060,Alagoinha,2,14798,2021-12-31,1.3515339910798757e-4,0.009820323685458794,global-q median,0.013762621623980956
260060,Alagoinha,2,14798,2021-12-31,1.3515339910798757e-4,0.01510174051658718,global-q 97.5%,0.00894952465641561
260060,Alagoinha,2,14798,2021-12-31,1.3515339910798757e-4,0.05,fixed q=0.05,0.002703067982159751
260060,Alagoinha,2,14798,2021-12-31,1.3515339910798757e-4,0.1,fixed q=0.10,0.0013515339910798755
260060,Alagoinha,2,14798,2021-12-31,1.3515339910798757e-4,0.15,fixed q=0.15,9.010226607199172e-4
260060,Alagoinha,2,14798,2021-12-31,1.3515339910798757e-4,0.2,fixed q=0.20,6.757669955399378e-4
260060,Alagoinha,2,14798,2021-12-31,1.3515339910798757e-4,0.25,fixed q=0.25,5.406135964319503e-4
260060,Alagoinha,2,14798,2021-12-31,1.3515339910798757e-4,0.3,fixed q=0.30,4.505113303599586e-4
260060,Alagoinha,5,14460,2025-12-21,3.4578146611341634e-4,0.007454145308640366,global-q 2.5%,0.046387808634828824
260060,Alagoinha,5,14460,2025-12-21,3.4578146611341634e-4,0.009820323685458794,global-q median,0.035210801312529426
260060,Alagoinha,5,14460,2025-12-21,3.4578146611341634e-4,0.01510174051658718,global-q 97.5%,0.022896795619923617
260060,Alagoinha,5,14460,2025-12-21,3.4578146611341634e-4,0.05,fixed q=0.05,0.006915629322268326
260060,Alagoinha,5,14460,2025-12-21,3.4578146611341634e-4,0.1,fixed q=0.10,0.003457814661134163
260060,Alagoinha,5,14460,2025-12-21,3.4578146611341634e-4,0.15,fixed q=0.15,0.002305209774089442
260060,Alagoinha,5,14460,2025-12-21,3.4578146611341634e-4,0.2,fixed q=0.20,0.0017289073305670815
260060,Alagoinha,5,14460,2025-12-21,3.4578146611341634e-4,0.25,fixed q=0.25,0.0013831258644536654
260060,Alagoinha,5,14460,2025-12-21,3.4578146611341634e-4,0.3,fixed q=0.30,0.001152604887044721
260070,Aliança,13,38261,2016-12-31,3.3977156896056036e-4,0.007454145308640366,global-q 2.5%,0.045581559641280266
260070,Aliança,13,38261,2016-12-31,3.3977156896056036e-4,0.009820323685458794,global-q median,0.03459881566466784
260070,Aliança,13,38261,2016-12-31,3.3977156896056036e-4,0.01510174051658718,global-q 97.5%,0.022498835057281518
260070,Aliança,13,38261,2016-12-31,3.3977156896056036e-4,0.05,fixed q=0.05,0.006795431379211207
260070,Aliança,13,38261,2016-12-31,3.3977156896056036e-4,0.1,fixed q=0.10,0.0033977156896056035
260070,Aliança,13,38261,2016-12-31,3.3977156896056036e-4,0.15,fixed q=0.15,0.0022651437930704026
260070,Aliança,13,38261,2016-12-31,3.3977156896056036e-4,0.2,fixed q=0.20,0.0016988578448028017
260070,Aliança,13,38261,2016-12-31,3.3977156896056036e-4,0.25,fixed q=0.25,0.0013590862758422414
260070,Aliança,13,38261,2016-12-31,3.3977156896056036e-4,0.3,fixed q=0.30,0.0011325718965352013
260070,Aliança,13,38375,2018-12-31,3.3876221498371333e-4,0.007454145308640366,global-q 2.5%,0.045446151229577174
260070,Aliança,13,38375,2018-12-31,3.3876221498371333e-4,0.009820323685458794,global-q median,0.03449603351520147
260070,Aliança,13,38375,2018-12-31,3.3876221498371333e-4,0.01510174051658718,global-q 97.5%,0.02243199812707878
260070,Aliança,13,38375,2018-12-31,3.3876221498371333e-4,0.05,fixed q=0.05,0.006775244299674266
260070,Aliança,13,38375,2018-12-31,3.3876221498371333e-4,0.1,fixed q=0.10,0.003387622149837133
260070,Aliança,13,38375,2018-12-31,3.3876221498371333e-4,0.15,fixed q=0.15,0.002258414766558089
260070,Aliança,13,38375,2018-12-31,3.3876221498371333e-4,0.2,fixed q=0.20,0.0016938110749185665
260070,Aliança,13,38375,2018-12-31,3.3876221498371333e-4,0.25,fixed q=0.25,0.0013550488599348533
260070,Aliança,13,38375,2018-12-31,3.3876221498371333e-4,0.3,fixed q=0.30,0.0011292073832790445
260070,Aliança,14,38408,2021-12-31,3.6450739429285566e-4,0.007454145308640366,global-q 2.5%,0.04889995823804804
260070,Aliança,14,38408,2021-12-31,3.6450739429285566e-4,0.009820323685458794,global-q median,0.03711765578894218
260070,Aliança,14,38408,2021-12-31,3.6450739429285566e-4,0.01510174051658718,global-q 97.5%,0.024136780385843243
260070,Aliança,14,38408,2021-12-31,3.6450739429285566e-4,0.05,fixed q=0.05,0.007290147885857113
260070,Aliança,14,38408,2021-12-31,3.6450739429285566e-4,0.1,fixed q=0.10,0.0036450739429285564
260070,Aliança,14,38408,2021-12-31,3.6450739429285566e-4,0.15,fixed q=0.15,0.0024300492952857044
260070,Aliança,14,38408,2021-12-31,3.6450739429285566e-4,0.2,fixed q=0.20,0.0018225369714642782
260070,Aliança,14,38408,2021-12-31,3.6450739429285566e-4,0.25,fixed q=0.25,0.0014580295771714226
260070,Aliança,14,38408,2021-12-31,3.6450739429285566e-4,0.3,fixed q=0.30,0.0012150246476428522
260070,Aliança,17,35741,2022-12-31,4.756442181248426e-4,0.007454145308640366,global-q 2.5%,0.06380935686530102
260070,Aliança,17,35741,2022-12-31,4.756442181248426e-4,0.009820323685458794,global-q median,0.04843467826107822
260070,Aliança,17,35741,2022-12-31,4.756442181248426e-4,0.01510174051658718,global-q 97.5%,0.031495986677986754
260070,Aliança,17,35741,2022-12-31,4.756442181248426e-4,0.05,fixed q=0.05,0.009512884362496851
260070,Aliança,17,35741,2022-12-31,4.756442181248426e-4,0.1,fixed q=0.10,0.004756442181248426
260070,Aliança,17,35741,2022-12-31,4.756442181248426e-4,0.15,fixed q=0.15,0.003170961454165618
260070,Aliança,17,35741,2022-12-31,4.756442181248426e-4,0.2,fixed q=0.20,0.002378221090624213
260070,Aliança,17,35741,2022-12-31,4.756442181248426e-4,0.25,fixed q=0.25,0.0019025768724993705
260070,Aliança,17,35741,2022-12-31,4.756442181248426e-4,0.3,fixed q=0.30,0.001585480727082809
260070,Aliança,29,37349,2025-12-21,7.764598784438673e-4,0.007454145308640366,global-q 2.5%,0.10416484335821102
260070,Aliança,29,37349,2025-12-21,7.764598784438673e-4,0.009820323685458794,global-q median,0.0790666278743532
260070,Aliança,29,37349,2025-12-21,7.764598784438673e-4,0.01510174051658718,global-q 97.5%,0.051415257571869495
260070,Aliança,29,37349,2025-12-21,7.764598784438673e-4,0.05,fixed q=0.05,0.015529197568877346
260070,Aliança,29,37349,2025-12-21,7.764598784438673e-4,0.1,fixed q=0.10,0.007764598784438673
260070,Aliança,29,37349,2025-12-21,7.764598784438673e-4,0.15,fixed q=0.15,0.005176399189625782
260070,Aliança,29,37349,2025-12-21,7.764598784438673e-4,0.2,fixed q=0.20,0.0038822993922193365
260070,Aliança,29,37349,2025-12-21,7.764598784438673e-4,0.25,fixed q=0.25,0.003105839513775469
260070,Aliança,29,37349,2025-12-21,7.764598784438673e-4,0.3,fixed q=0.30,0.002588199594812891
260080,Altinho,525,22886,2016-12-31,0.02293978851699729,0.007454145308640366,global-q 2.5%,3.077453895405951
260080,Altinho,525,22886,2016-12-31,0.02293978851699729,0.009820323685458794,global-q median,2.335950346622976
260080,Altinho,525,22886,2016-12-31,0.02293978851699729,0.01510174051658718,global-q 97.5%,1.5190162015961735
260080,Altinho,525,22886,2016-12-31,0.02293978851699729,0.05,fixed q=0.05,0.4587957703399458
260080,Altinho,525,22886,2016-12-31,0.02293978851699729,0.1,fixed q=0.10,0.2293978851699729
260080,Altinho,525,22886,2016-12-31,0.02293978851699729,0.15,fixed q=0.15,0.1529319234466486
260080,Altinho,525,22886,2016-12-31,0.02293978851699729,0.2,fixed q=0.20,0.11469894258498645
260080,Altinho,525,22886,2016-12-31,0.02293978851699729,0.25,fixed q=0.25,0.09175915406798917
260080,Altinho,525,22886,2016-12-31,0.02293978851699729,0.3,fixed q=0.30,0.0764659617233243
260080,Altinho,526,22959,2018-12-31,0.022910405505466264,0.007454145308640366,global-q 2.5%,3.0735120603176322
260080,Altinho,526,22959,2018-12-31,0.022910405505466264,0.009820323685458794,global-q median,2.3329582852131736
260080,Altinho,526,22959,2018-12-31,0.022910405505466264,0.01510174051658718,global-q 97.5%,1.5170705310624522
260080,Altinho,526,22959,2018-12-31,0.022910405505466264,0.05,fixed q=0.05,0.4582081101093253
260080,Altinho,526,22959,2018-12-31,0.022910405505466264,0.1,fixed q=0.10,0.22910405505466264
260080,Altinho,526,22959,2018-12-31,0.022910405505466264,0.15,fixed q=0.15,0.15273603670310842
260080,Altinho,526,22959,2018-12-31,0.022910405505466264,0.2,fixed q=0.20,0.11455202752733132
260080,Altinho,526,22959,2018-12-31,0.022910405505466264,0.25,fixed q=0.25,0.09164162202186506
260080,Altinho,526,22959,2018-12-31,0.022910405505466264,0.3,fixed q=0.30,0.07636801835155421
260080,Altinho,526,22996,2021-12-31,0.022873543224908678,0.007454145308640366,global-q 2.5%,3.0685668547935516
260080,Altinho,526,22996,2021-12-31,0.022873543224908678,0.009820323685458794,global-q median,2.329204612550411
260080,Altinho,526,22996,2021-12-31,0.022873543224908678,0.01510174051658718,global-q 97.5%,1.5146296017856513
260080,Altinho,526,22996,2021-12-31,0.022873543224908678,0.05,fixed q=0.05,0.45747086449817354
260080,Altinho,526,22996,2021-12-31,0.022873543224908678,0.1,fixed q=0.10,0.22873543224908677
260080,Altinho,526,22996,2021-12-31,0.022873543224908678,0.15,fixed q=0.15,0.15249028816605786
260080,Altinho,526,22996,2021-12-31,0.022873543224908678,0.2,fixed q=0.20,0.11436771612454338
260080,Altinho,526,22996,2021-12-31,0.022873543224908678,0.25,fixed q=0.25,0.09149417289963471
260080,Altinho,526,22996,2021-12-31,0.022873543224908678,0.3,fixed q=0.30,0.07624514408302893
260080,Altinho,540,20674,2022-12-31,0.026119763954725744,0.007454145308640366,global-q 2.5%,3.504058865668931
260080,Altinho,540,20674,2022-12-31,0.026119763954725744,0.009820323685458794,global-q median,2.659766092374526
260080,Altinho,540,20674,2022-12-31,0.026119763954725744,0.01510174051658718,global-q 97.5%,1.7295863298695129
260080,Altinho,540,20674,2022-12-31,0.026119763954725744,0.05,fixed q=0.05,0.5223952790945149
260080,Altinho,540,20674,2022-12-31,0.026119763954725744,0.1,fixed q=0.10,0.26119763954725744
260080,Altinho,540,20674,2022-12-31,0.026119763954725744,0.15,fixed q=0.15,0.17413175969817163
260080,Altinho,540,20674,2022-12-31,0.026119763954725744,0.2,fixed q=0.20,0.13059881977362872
260080,Altinho,540,20674,2022-12-31,0.026119763954725744,0.25,fixed q=0.25,0.10447905581890297
260080,Altinho,540,20674,2022-12-31,0.026119763954725744,0.3,fixed q=0.30,0.08706587984908581
260080,Altinho,543,21134,2025-12-21,0.025693195798239803,0.007454145308640366,global-q 2.5%,3.4468332363279663
260080,Altinho,543,21134,2025-12-21,0.025693195798239803,0.009820323685458794,global-q median,2.616328811674953
260080,Altinho,543,21134,2025-12-21,0.025693195798239803,0.01510174051658718,global-q 97.5%,1.7013400389193132
260080,Altinho,543,21134,2025-12-21,0.025693195798239803,0.05,fixed q=0.05,0.513863915964796
260080,Altinho,543,21134,2025-12-21,0.025693195798239803,0.1,fixed q=0.10,0.256931957982398
260080,Altinho,543,21134,2025-12-21,0.025693195798239803,0.15,fixed q=0.15,0.17128797198826537
260080,Altinho,543,21134,2025-12-21,0.025693195798239803,0.2,fixed q=0.20,0.128465978991199
260080,Altinho,543,21134,2025-12-21,0.025693195798239803,0.25,fixed q=0.25,0.10277278319295921
260080,Altinho,543,21134,2025-12-21,0.025693195798239803,0.3,fixed q=0.30,0.08564398599413268
260090,Amaraji,4,22685,2016-12-31,1.7632797002424509e-4,0.007454145308640366,global-q 2.5%,0.023655021833268668
260090,Amaraji,4,22685,2016-12-31,1.7632797002424509e-4,0.009820323685458794,global-q median,0.01795541325031256
260090,Amaraji,4,22685,2016-12-31,1.7632797002424509e-4,0.01510174051658718,global-q 97.5%,0.011676003162057587
260090,Amaraji,4,22685,2016-12-31,1.7632797002424509e-4,0.05,fixed q=0.05,0.0035265594004849016
260090,Amaraji,4,22685,2016-12-31,1.7632797002424509e-4,0.1,fixed q=0.10,0.0017632797002424508
260090,Amaraji,4,22685,2016-12-31,1.7632797002424509e-4,0.15,fixed q=0.15,0.0011755198001616339
260090,Amaraji,4,22685,2016-12-31,1.7632797002424509e-4,0.2,fixed q=0.20,8.816398501212254e-4
260090,Amaraji,4,22685,2016-12-31,1.7632797002424509e-4,0.25,fixed q=0.25,7.053118800969803e-4
260090,Amaraji,4,22685,2016-12-31,1.7632797002424509e-4,0.3,fixed q=0.30,5.877599000808169e-4
260090,Amaraji,11,22788,2018-12-31,4.827101983500088e-4,0.007454145308640366,global-q 2.5%,0.06475728314425024
260090,Amaraji,11,22788,2018-12-31,4.827101983500088e-4,0.009820323685458794,global-q median,0.04915420446525303
260090,Amaraji,11,22788,2018-12-31,4.827101983500088e-4,0.01510174051658718,global-q 97.5%,0.031963878456249345
260090,Amaraji,11,22788,2018-12-31,4.827101983500088e-4,0.05,fixed q=0.05,0.009654203967000176
260090,Amaraji,11,22788,2018-12-31,4.827101983500088e-4,0.1,fixed q=0.10,0.004827101983500088
260090,Amaraji,11,22788,2018-12-31,4.827101983500088e-4,0.15,fixed q=0.15,0.0032180679890000587
260090,Amaraji,11,22788,2018-12-31,4.827101983500088e-4,0.2,fixed q=0.20,0.002413550991750044
260090,Amaraji,11,22788,2018-12-31,4.827101983500088e-4,0.25,fixed q=0.25,0.0019308407934000352
260090,Amaraji,11,22788,2018-12-31,4.827101983500088e-4,0.3,fixed q=0.30,0.0016090339945000294
260090,Amaraji,543,22910,2021-12-31,0.02370144041903099,0.007454145308640366,global-q 2.5%,3.1796321962704166
260090,Amaraji,543,22910,2021-12-31,0.02370144041903099,0.009820323685458794,global-q median,2.4135090836289157
260090,Amaraji,543,22910,2021-12-31,0.02370144041903099,0.01510174051658718,global-q 97.5%,1.5694509115024342
260090,Amaraji,543,22910,2021-12-31,0.02370144041903099,0.05,fixed q=0.05,0.4740288083806198
260090,Amaraji,543,22910,2021-12-31,0.02370144041903099,0.1,fixed q=0.10,0.2370144041903099
260090,Amaraji,543,22910,2021-12-31,0.02370144041903099,0.15,fixed q=0.15,0.15800960279353995
260090,Amaraji,543,22910,2021-12-31,0.02370144041903099,0.2,fixed q=0.20,0.11850720209515495
260090,Amaraji,543,22910,2021-12-31,0.02370144041903099,0.25,fixed q=0.25,0.09480576167612396
260090,Amaraji,543,22910,2021-12-31,0.02370144041903099,0.3,fixed q=0.30,0.07900480139676998
260090,Amaraji,611,18205,2022-12-31,0.03356220818456468,0.007454145308640366,global-q 2.5%,4.502489124495805
260090,Amaraji,611,18205,2022-12-31,0.03356220818456468,0.009820323685458794,global-q median,3.4176274896377503
260090,Amaraji,611,18205,2022-12-31,0.03356220818456468,0.01510174051658718,global-q 97.5%,2.2224066257595423
260090,Amaraji,611,18205,2022-12-31,0.03356220818456468,0.05,fixed q=0.05,0.6712441636912936
260090,Amaraji,611,18205,2022-12-31,0.03356220818456468,0.1,fixed q=0.10,0.3356220818456468
260090,Amaraji,611,18205,2022-12-31,0.03356220818456468,0.15,fixed q=0.15,0.22374805456376454
260090,Amaraji,611,18205,2022-12-31,0.03356220818456468,0.2,fixed q=0.20,0.1678110409228234
260090,Amaraji,611,18205,2022-12-31,0.03356220818456468,0.25,fixed q=0.25,0.13424883273825872
260090,Amaraji,611,18205,2022-12-31,0.03356220818456468,0.3,fixed q=0.30,0.11187402728188227
260090,Amaraji,615,18335,2025-12-21,0.03354240523588765,0.007454145308640366,global-q 2.5%,4.499832488777412
260090,Amaraji,615,18335,2025-12-21,0.03354240523588765,0.009820323685458794,global-q median,3.4156109625545996
260090,Amaraji,615,18335,2025-12-21,0.03354240523588765,0.01510174051658718,global-q 97.5%,2.221095323353354
260090,Amaraji,615,18335,2025-12-21,0.03354240523588765,0.05,fixed q=0.05,0.6708481047177529
260090,Amaraji,615,18335,2025-12-21,0.03354240523588765,0.1,fixed q=0.10,0.33542405235887646
260090,Amaraji,615,18335,2025-12-21,0.03354240523588765,0.15,fixed q=0.15,0.22361603490591767
260090,Amaraji,615,18335,2025-12-21,0.03354240523588765,0.2,fixed q=0.20,0.16771202617943823
260090,Amaraji,615,18335,2025-12-21,0.03354240523588765,0.25,fixed q=0.25,0.1341696209435506
260090,Amaraji,615,18335,2025-12-21,0.03354240523588765,0.3,fixed q=0.30,0.11180801745295883
260100,Angelim,1,10965,2016-12-31,9.119927040583675e-5,0.007454145308640366,global-q 2.5%,0.012234705204917916
260100,Angelim,1,10965,2016-12-31,9.119927040583675e-5,0.009820323685458794,global-q median,0.009286788636191071
260100,Angelim,1,10965,2016-12-31,9.119927040583675e-5,0.01510174051658718,global-q 97.5%,0.0060389906915475685
260100,Angelim,1,10965,2016-12-31,9.119927040583675e-5,0.05,fixed q=0.05,0.001823985408116735
260100,Angelim,1,10965,2016-12-31,9.119927040583675e-5,0.1,fixed q=0.10,9.119927040583675e-4
260100,Angelim,1,10965,2016-12-31,9.119927040583675e-5,0.15,fixed q=0.15,6.079951360389118e-4
260100,Angelim,1,10965,2016-12-31,9.119927040583675e-5,0.2,fixed q=0.20,4.5599635202918376e-4
260100,Angelim,1,10965,2016-12-31,9.119927040583675e-5,0.25,fixed q=0.25,3.64797081623347e-4
260100,Angelim,1,10965,2016-12-31,9.119927040583675e-5,0.3,fixed q=0.30,3.039975680194559e-4
260100,Angelim,1,11072,2018-12-31,9.03179190751445e-5,0.007454145308640366,global-q 2.5%,0.01211646880165507
260100,Angelim,1,11072,2018-12-31,9.03179190751445e-5,0.009820323685458794,global-q median,0.009197040949768342
260100,Angelim,1,11072,2018-12-31,9.03179190751445e-5,0.01510174051658718,global-q 97.5%,0.005980629780782071
260100,Angelim,1,11072,2018-12-31,9.03179190751445e-5,0.05,fixed q=0.05,0.00180635838150289
260100,Angelim,1,11072,2018-12-31,9.03179190751445e-5,0.1,fixed q=0.10,9.03179190751445e-4
260100,Angelim,1,11072,2018-12-31,9.03179190751445e-5,0.15,fixed q=0.15,6.021194605009633e-4
260100,Angelim,1,11072,2018-12-31,9.03179190751445e-5,0.2,fixed q=0.20,4.515895953757225e-4
260100,Angelim,1,11072,2018-12-31,9.03179190751445e-5,0.25,fixed q=0.25,3.61271676300578e-4
260100,Angelim,1,11072,2018-12-31,9.03179190751445e-5,0.3,fixed q=0.30,3.0105973025048167e-4
260100,Angelim,1,11301,2021-12-31,8.848774444739404e-5,0.007454145308640366,global-q 2.5%,0.01187094439181709
260100,Angelim,1,11301,2021-12-31,8.848774444739404e-5,0.009820323685458794,global-q median,0.009010674931053455
260100,Angelim,1,11301,2021-12-31,8.848774444739404e-5,0.01510174051658718,global-q 97.5%,0.005859440132096195
260100,Angelim,1,11301,2021-12-31,8.848774444739404e-5,0.05,fixed q=0.05,0.0017697548889478807
260100,Angelim,1,11301,2021-12-31,8.848774444739404e-5,0.1,fixed q=0.10,8.848774444739404e-4
260100,Angelim,1,11301,2021-12-31,8.848774444739404e-5,0.15,fixed q=0.15,5.899182963159603e-4
260100,Angelim,1,11301,2021-12-31,8.848774444739404e-5,0.2,fixed q=0.20,4.424387222369702e-4
260100,Angelim,1,11301,2021-12-31,8.848774444739404e-5,0.25,fixed q=0.25,3.5395097778957615e-4
260100,Angelim,1,11301,2021-12-31,8.848774444739404e-5,0.3,fixed q=0.30,2.9495914815798015e-4
260100,Angelim,9,10241,2022-12-31,8.788204276926081e-4,0.007454145308640366,global-q 2.5%,0.11789687365953759
260100,Angelim,9,10241,2022-12-31,8.788204276926081e-4,0.009820323685458794,global-q median,0.089489965487991
260100,Angelim,9,10241,2022-12-31,8.788204276926081e-4,0.01510174051658718,global-q 97.5%,0.05819332061276944
260100,Angelim,9,10241,2022-12-31,8.788204276926081e-4,0.05,fixed q=0.05,0.01757640855385216
260100,Angelim,9,10241,2022-12-31,8.788204276926081e-4,0.1,fixed q=0.10,0.00878820427692608
260100,Angelim,9,10241,2022-12-31,8.788204276926081e-4,0.15,fixed q=0.15,0.005858802851284054
260100,Angelim,9,10241,2022-12-31,8.788204276926081e-4,0.2,fixed q=0.20,0.00439410213846304
260100,Angelim,9,10241,2022-12-31,8.788204276926081e-4,0.25,fixed q=0.25,0.0035152817107704324
260100,Angelim,9,10241,2022-12-31,8.788204276926081e-4,0.3,fixed q=0.30,0.002929401425642027
260100,Angelim,9,10591,2025-12-21,8.497781134925881e-4,0.007454145308640366,global-q 2.5%,0.11400074432511799
260100,Angelim,9,10591,2025-12-21,8.497781134925881e-4,0.009820323685458794,global-q median,0.08653259716386705
260100,Angelim,9,10591,2025-12-21,8.497781134925881e-4,0.01510174051658718,global-q 97.5%,0.05627021021578433
260100,Angelim,9,10591,2025-12-21,8.497781134925881e-4,0.05,fixed q=0.05,0.01699556226985176
260100,Angelim,9,10591,2025-12-21,8.497781134925881e-4,0.1,fixed q=0.10,0.00849778113492588
260100,Angelim,9,10591,2025-12-21,8.497781134925881e-4,0.15,fixed q=0.15,0.00566518742328392
260100,Angelim,9,10591,2025-12-21,8.497781134925881e-4,0.2,fixed q=0.20,0.00424889056746294
260100,Angelim,9,10591,2025-12-21,8.497781134925881e-4,0.25,fixed q=0.25,0.0033991124539703523
260100,Angelim,9,10591,2025-12-21,8.497781134925881e-4,0.3,fixed q=0.30,0.00283259371164196
260105,Araçoiaba,1,20046,2016-12-31,4.988526389304599e-5,0.007454145308640366,global-q 2.5%,0.006692284873387456
260105,Araçoiaba,1,20046,2016-12-31,4.988526389304599e-5,0.009820323685458794,global-q median,0.005079798333624419
260105,Araçoiaba,1,20046,2016-12-31,4.988526389304599e-5,0.01510174051658718,global-q 97.5%,0.003303279104700144
260105,Araçoiaba,1,20046,2016-12-31,4.988526389304599e-5,0.05,fixed q=0.05,9.977052778609198e-4
260105,Araçoiaba,1,20046,2016-12-31,4.988526389304599e-5,0.1,fixed q=0.10,4.988526389304599e-4
260105,Araçoiaba,1,20046,2016-12-31,4.988526389304599e-5,0.15,fixed q=0.15,3.3256842595363997e-4
260105,Araçoiaba,1,20046,2016-12-31,4.988526389304599e-5,0.2,fixed q=0.20,2.4942631946522995e-4
260105,Araçoiaba,1,20046,2016-12-31,4.988526389304599e-5,0.25,fixed q=0.25,1.9954105557218397e-4
260105,Araçoiaba,1,20046,2016-12-31,4.988526389304599e-5,0.3,fixed q=0.30,1.6628421297681999e-4
260105,Araçoiaba,1,20312,2018-12-31,4.923198109491926e-5,0.007454145308640366,global-q 2.5%,0.006604644671717455
260105,Araçoiaba,1,20312,2018-12-31,4.923198109491926e-5,0.009820323685458794,global-q median,0.005013274783174236
260105,Araçoiaba,1,20312,2018-12-31,4.923198109491926e-5,0.01510174051658718,global-q 97.5%,0.003260020329500743
260105,Araçoiaba,1,20312,2018-12-31,4.923198109491926e-5,0.05,fixed q=0.05,9.84639621898385e-4
260105,Araçoiaba,1,20312,2018-12-31,4.923198109491926e-5,0.1,fixed q=0.10,4.923198109491925e-4
260105,Araçoiaba,1,20312,2018-12-31,4.923198109491926e-5,0.15,fixed q=0.15,3.282132072994617e-4
260105,Araçoiaba,1,20312,2018-12-31,4.923198109491926e-5,0.2,fixed q=0.20,2.4615990547459626e-4
260105,Araçoiaba,1,20312,2018-12-31,4.923198109491926e-5,0.25,fixed q=0.25,1.9692792437967703e-4
260105,Araçoiaba,1,20312,2018-12-31,4.923198109491926e-5,0.3,fixed q=0.30,1.6410660364973086e-4
260105,Araçoiaba,26,20936,2021-12-31,0.001241880015284677,0.007454145308640366,global-q 2.5%,0.16660260349971573
260105,Araçoiaba,26,20936,2021-12-31,0.001241880015284677,0.009820323685458794,global-q median,0.12646019164557282
260105,Araçoiaba,26,20936,2021-12-31,0.001241880015284677,0.01510174051658718,global-q 97.5%,0.08223423081072298
260105,Araçoiaba,26,20936,2021-12-31,0.001241880015284677,0.05,fixed q=0.05,0.02483760030569354
260105,Araçoiaba,26,20936,2021-12-31,0.001241880015284677,0.1,fixed q=0.10,0.01241880015284677
260105,Araçoiaba,26,20936,2021-12-31,0.001241880015284677,0.15,fixed q=0.15,0.008279200101897848
260105,Araçoiaba,26,20936,2021-12-31,0.001241880015284677,0.2,fixed q=0.20,0.006209400076423385
260105,Araçoiaba,26,20936,2021-12-31,0.001241880015284677,0.25,fixed q=0.25,0.004967520061138708
260105,Araçoiaba,26,20936,2021-12-31,0.001241880015284677,0.3,fixed q=0.30,0.004139600050948924
260105,Araçoiaba,54,19243,2022-12-31,0.0028062152471028425,0.007454145308640366,global-q 2.5%,0.37646371661819605
260105,Araçoiaba,54,19243,2022-12-31,0.0028062152471028425,0.009820323685458794,global-q median,0.2857558810671462
260105,Araçoiaba,54,19243,2022-12-31,0.0028062152471028425,0.01510174051658718,global-q 97.5%,0.18582065054161154
260105,Araçoiaba,54,19243,2022-12-31,0.0028062152471028425,0.05,fixed q=0.05,0.05612430494205685
260105,Araçoiaba,54,19243,2022-12-31,0.0028062152471028425,0.1,fixed q=0.10,0.028062152471028425
260105,Araçoiaba,54,19243,2022-12-31,0.0028062152471028425,0.15,fixed q=0.15,0.018708101647352284
260105,Araçoiaba,54,19243,2022-12-31,0.0028062152471028425,0.2,fixed q=0.20,0.014031076235514212
260105,Araçoiaba,54,19243,2022-12-31,0.0028062152471028425,0.25,fixed q=0.25,0.01122486098841137
260105,Araçoiaba,54,19243,2022-12-31,0.0028062152471028425,0.3,fixed q=0.30,0.009354050823676142
260105,Araçoiaba,70,19996,2025-12-21,0.0035007001400280055,0.007454145308640366,global-q 2.5%,0.46963132526679063
260105,Araçoiaba,70,19996,2025-12-21,0.0035007001400280055,0.009820323685458794,global-q median,0.3564750258906009
260105,Araçoiaba,70,19996,2025-12-21,0.0035007001400280055,0.01510174051658718,global-q 97.5%,0.23180772681022888
260105,Araçoiaba,70,19996,2025-12-21,0.0035007001400280055,0.05,fixed q=0.05,0.07001400280056011
260105,Araçoiaba,70,19996,2025-12-21,0.0035007001400280055,0.1,fixed q=0.10,0.035007001400280055
260105,Araçoiaba,70,19996,2025-12-21,0.0035007001400280055,0.15,fixed q=0.15,0.023338000933520037
260105,Araçoiaba,70,19996,2025-12-21,0.0035007001400280055,0.2,fixed q=0.20,0.017503500700140028
260105,Araçoiaba,70,19996,2025-12-21,0.0035007001400280055,0.25,fixed q=0.25,0.014002800560112022
260105,Araçoiaba,70,19996,2025-12-21,0.0035007001400280055,0.3,fixed q=0.30,0.011669000466760018
260110,Araripina,539,83287,2016-12-31,0.006471598208603984,0.007454145308640366,global-q 2.5%,0.8681878257863478
260110,Araripina,539,83287,2016-12-31,0.006471598208603984,0.009820323685458794,global-q median,0.6590004989536797
260110,Araripina,539,83287,2016-12-31,0.006471598208603984,0.01510174051658718,global-q 97.5%,0.42853326750620735
260110,Araripina,539,83287,2016-12-31,0.006471598208603984,0.05,fixed q=0.05,0.12943196417207967
260110,Araripina,539,83287,2016-12-31,0.006471598208603984,0.1,fixed q=0.10,0.06471598208603983
260110,Araripina,539,83287,2016-12-31,0.006471598208603984,0.15,fixed q=0.15,0.043143988057359896
260110,Araripina,539,83287,2016-12-31,0.006471598208603984,0.2,fixed q=0.20,0.03235799104301992
260110,Araripina,539,83287,2016-12-31,0.006471598208603984,0.25,fixed q=0.25,0.025886392834415937
260110,Araripina,539,83287,2016-12-31,0.006471598208603984,0.3,fixed q=0.30,0.021571994028679948
260110,Araripina,542,83964,2018-12-31,0.006455147444142727,0.007454145308640366,global-q 2.5%,0.8659808974558538
260110,Araripina,542,83964,2018-12-31,0.006455147444142727,0.009820323685458794,global-q median,0.6573253235737057
260110,Araripina,542,83964,2018-12-31,0.006455147444142727,0.01510174051658718,global-q 97.5%,0.427443938468724
260110,Araripina,542,83964,2018-12-31,0.006455147444142727,0.05,fixed q=0.05,0.12910294888285453
260110,Araripina,542,83964,2018-12-31,0.006455147444142727,0.1,fixed q=0.10,0.06455147444142727
260110,Araripina,542,83964,2018-12-31,0.006455147444142727,0.15,fixed q=0.15,0.04303431629428485
260110,Araripina,542,83964,2018-12-31,0.006455147444142727,0.2,fixed q=0.20,0.032275737220713634
260110,Araripina,542,83964,2018-12-31,0.006455147444142727,0.25,fixed q=0.25,0.02582058977657091
260110,Araripina,542,83964,2018-12-31,0.006455147444142727,0.3,fixed q=0.30,0.021517158147142425
260110,Araripina,564,85301,2021-12-31,0.0066118802827633905,0.007454145308640366,global-q 2.5%,0.8870071629941696
260110,Araripina,564,85301,2021-12-31,0.0066118802827633905,0.009820323685458794,global-q median,0.6732853716984677
260110,Araripina,564,85301,2021-12-31,0.0066118802827633905,0.01510174051658718,global-q 97.5%,0.437822400371742
260110,Araripina,564,85301,2021-12-31,0.0066118802827633905,0.05,fixed q=0.05,0.1322376056552678
260110,Araripina,564,85301,2021-12-31,0.0066118802827633905,0.1,fixed q=0.10,0.0661188028276339
260110,Araripina,564,85301,2021-12-31,0.0066118802827633905,0.15,fixed q=0.15,0.04407920188508927
260110,Araripina,564,85301,2021-12-31,0.0066118802827633905,0.2,fixed q=0.20,0.03305940141381695
260110,Araripina,564,85301,2021-12-31,0.0066118802827633905,0.25,fixed q=0.25,0.026447521131053562
260110,Araripina,564,85301,2021-12-31,0.0066118802827633905,0.3,fixed q=0.30,0.022039600942544636
260110,Araripina,647,85088,2022-12-31,0.007603892440767206,0.007454145308640366,global-q 2.5%,1.0200891082648016
260110,Araripina,647,85088,2022-12-31,0.007603892440767206,0.009820323685458794,global-q median,0.7743016100402561
260110,Araripina,647,85088,2022-12-31,0.007603892440767206,0.01510174051658718,global-q 97.5%,0.5035109981141166
260110,Araripina,647,85088,2022-12-31,0.007603892440767206,0.05,fixed q=0.05,0.1520778488153441
260110,Araripina,647,85088,2022-12-31,0.007603892440767206,0.1,fixed q=0.10,0.07603892440767206
260110,Araripina,647,85088,2022-12-31,0.007603892440767206,0.15,fixed q=0.15,0.05069261627178137
260110,Araripina,647,85088,2022-12-31,0.007603892440767206,0.2,fixed q=0.20,0.03801946220383603
260110,Araripina,647,85088,2022-12-31,0.007603892440767206,0.25,fixed q=0.25,0.030415569763068823
260110,Araripina,647,85088,2022-12-31,0.007603892440767206,0.3,fixed q=0.30,0.025346308135890686
260110,Araripina,682,90504,2025-12-21,0.007535578537965173,0.007454145308640366,global-q 2.5%,1.0109245561969946
260110,Araripina,682,90504,2025-12-21,0.007535578537965173,0.009820323685458794,global-q median,0.7673452300888307
260110,Araripina,682,90504,2025-12-21,0.007535578537965173,0.01510174051658718,global-q 97.5%,0.4989874200055536
260110,Araripina,682,90504,2025-12-21,0.007535578537965173,0.05,fixed q=0.05,0.15071157075930344
260110,Araripina,682,90504,2025-12-21,0.007535578537965173,0.1,fixed q=0.10,0.07535578537965172
260110,Araripina,682,90504,2025-12-21,0.007535578537965173,0.15,fixed q=0.15,0.05023719025310115
260110,Araripina,682,90504,2025-12-21,0.007535578537965173,0.2,fixed q=0.20,0.03767789268982586
260110,Araripina,682,90504,2025-12-21,0.007535578537965173,0.25,fixed q=0.25,0.03014231415186069
260110,Araripina,682,90504,2025-12-21,0.007535578537965173,0.3,fixed q=0.30,0.025118595126550576
260120,Arcoverde,19,73154,2016-12-31,2.597260573584493e-4,0.007454145308640366,global-q 2.5%,0.03484317069287495
260120,Arcoverde,19,73154,2016-12-31,2.597260573584493e-4,0.009820323685458794,global-q median,0.02644781024306076
260120,Arcoverde,19,73154,2016-12-31,2.597260573584493e-4,0.01510174051658718,global-q 97.5%,0.01719841875664438
260120,Arcoverde,19,73154,2016-12-31,2.597260573584493e-4,0.05,fixed q=0.05,0.005194521147168986
260120,Arcoverde,19,73154,2016-12-31,2.597260573584493e-4,0.1,fixed q=0.10,0.002597260573584493
260120,Arcoverde,19,73154,2016-12-31,2.597260573584493e-4,0.15,fixed q=0.15,0.0017315070490563288
260120,Arcoverde,19,73154,2016-12-31,2.597260573584493e-4,0.2,fixed q=0.20,0.0012986302867922465
260120,Arcoverde,19,73154,2016-12-31,2.597260573584493e-4,0.25,fixed q=0.25,0.0010389042294337973
260120,Arcoverde,19,73154,2016-12-31,2.597260573584493e-4,0.3,fixed q=0.30,8.657535245281644e-4
260120,Arcoverde,20,73844,2018-12-31,2.70841232869292e-4,0.007454145308640366,global-q 2.5%,0.0363343108639632
260120,Arcoverde,20,73844,2018-12-31,2.70841232869292e-4,0.009820323685458794,global-q median,0.02757966453492094
260120,Arcoverde,20,73844,2018-12-31,2.70841232869292e-4,0.01510174051658718,global-q 97.5%,0.017934438257087668
260120,Arcoverde,20,73844,2018-12-31,2.70841232869292e-4,0.05,fixed q=0.05,0.00541682465738584
260120,Arcoverde,20,73844,2018-12-31,2.70841232869292e-4,0.1,fixed q=0.10,0.00270841232869292
260120,Arcoverde,20,73844,2018-12-31,2.70841232869292e-4,0.15,fixed q=0.15,0.0018056082191286135
260120,Arcoverde,20,73844,2018-12-31,2.70841232869292e-4,0.2,fixed q=0.20,0.00135420616434646
260120,Arcoverde,20,73844,2018-12-31,2.70841232869292e-4,0.25,fixed q=0.25,0.001083364931477168
260120,Arcoverde,20,73844,2018-12-31,2.70841232869292e-4,0.3,fixed q=0.30,9.028041095643067e-4
260120,Arcoverde,33,75295,2021-12-31,4.382761139517896e-4,0.007454145308640366,global-q 2.5%,0.05879629331128924
260120,Arcoverde,33,75295,2021-12-31,4.382761139517896e-4,0.009820323685458794,global-q median,0.04462949776296644
260120,Arcoverde,33,75295,2021-12-31,4.382761139517896e-4,0.01510174051658718,global-q 97.5%,0.029021563009270602
260120,Arcoverde,33,75295,2021-12-31,4.382761139517896e-4,0.05,fixed q=0.05,0.008765522279035792
260120,Arcoverde,33,75295,2021-12-31,4.382761139517896e-4,0.1,fixed q=0.10,0.004382761139517896
260120,Arcoverde,33,75295,2021-12-31,4.382761139517896e-4,0.15,fixed q=0.15,0.0029218407596785976
260120,Arcoverde,33,75295,2021-12-31,4.382761139517896e-4,0.2,fixed q=0.20,0.002191380569758948
260120,Arcoverde,33,75295,2021-12-31,4.382761139517896e-4,0.25,fixed q=0.25,0.0017531044558071584
260120,Arcoverde,33,75295,2021-12-31,4.382761139517896e-4,0.3,fixed q=0.30,0.0014609203798392988
260120,Arcoverde,39,77742,2022-12-31,5.016593347225438e-4,0.007454145308640366,global-q 2.5%,0.06729937691730434
260120,Arcoverde,39,77742,2022-12-31,5.016593347225438e-4,0.009820323685458794,global-q median,0.051083788151032504
260120,Arcoverde,39,77742,2022-12-31,5.016593347225438e-4,0.01510174051658718,global-q 97.5%,0.03321864351804616
260120,Arcoverde,39,77742,2022-12-31,5.016593347225438e-4,0.05,fixed q=0.05,0.010033186694450877
260120,Arcoverde,39,77742,2022-12-31,5.016593347225438e-4,0.1,fixed q=0.10,0.005016593347225438
260120,Arcoverde,39,77742,2022-12-31,5.016593347225438e-4,0.15,fixed q=0.15,0.0033443955648169593
260120,Arcoverde,39,77742,2022-12-31,5.016593347225438e-4,0.2,fixed q=0.20,0.002508296673612719
260120,Arcoverde,39,77742,2022-12-31,5.016593347225438e-4,0.25,fixed q=0.25,0.0020066373388901754
260120,Arcoverde,39,77742,2022-12-31,5.016593347225438e-4,0.3,fixed q=0.30,0.0016721977824084796
260120,Arcoverde,42,82487,2025-12-21,5.091711421193642e-4,0.007454145308640366,global-q 2.5%,0.06830711249070577
260120,Arcoverde,42,82487,2025-12-21,5.091711421193642e-4,0.009820323685458794,global-q median,0.05184871277443808
260120,Arcoverde,42,82487,2025-12-21,5.091711421193642e-4,0.01510174051658718,global-q 97.5%,0.03371605687173011
260120,Arcoverde,42,82487,2025-12-21,5.091711421193642e-4,0.05,fixed q=0.05,0.010183422842387284
260120,Arcoverde,42,82487,2025-12-21,5.091711421193642e-4,0.1,fixed q=0.10,0.005091711421193642
260120,Arcoverde,42,82487,2025-12-21,5.091711421193642e-4,0.15,fixed q=0.15,0.003394474280795762
260120,Arcoverde,42,82487,2025-12-21,5.091711421193642e-4,0.2,fixed q=0.20,0.002545855710596821
260120,Arcoverde,42,82487,2025-12-21,5.091711421193642e-4,0.25,fixed q=0.25,0.002036684568477457
260120,Arcoverde,42,82487,2025-12-21,5.091711421193642e-4,0.3,fixed q=0.30,0.001697237140397881
260130,Barra de Guabiraba,0,14091,2016-12-31,0,0.007454145308640366,global-q 2.5%,0
260130,Barra de Guabiraba,0,14091,2016-12-31,0,0.009820323685458794,global-q median,0
260130,Barra de Guabiraba,0,14091,2016-12-31,0,0.01510174051658718,global-q 97.5%,0
260130,Barra de Guabiraba,0,14091,2016-12-31,0,0.05,fixed q=0.05,0
260130,Barra de Guabiraba,0,14091,2016-12-31,0,0.1,fixed q=0.10,0
260130,Barra de Guabiraba,0,14091,2016-12-31,0,0.15,fixed q=0.15,0
260130,Barra de Guabiraba,0,14091,2016-12-31,0,0.2,fixed q=0.20,0
260130,Barra de Guabiraba,0,14091,2016-12-31,0,0.25,fixed q=0.25,0
260130,Barra de Guabiraba,0,14091,2016-12-31,0,0.3,fixed q=0.30,0
260130,Barra de Guabiraba,0,14257,2018-12-31,0,0.007454145308640366,global-q 2.5%,0
260130,Barra de Guabiraba,0,14257,2018-12-31,0,0.009820323685458794,global-q median,0
260130,Barra de Guabiraba,0,14257,2018-12-31,0,0.01510174051658718,global-q 97.5%,0
260130,Barra de Guabiraba,0,14257,2018-12-31,0,0.05,fixed q=0.05,0
260130,Barra de Guabiraba,0,14257,2018-12-31,0,0.1,fixed q=0.10,0
260130,Barra de Guabiraba,0,14257,2018-12-31,0,0.15,fixed q=0.15,0
260130,Barra de Guabiraba,0,14257,2018-12-31,0,0.2,fixed q=0.20,0
260130,Barra de Guabiraba,0,14257,2018-12-31,0,0.25,fixed q=0.25,0
260130,Barra de Guabiraba,0,14257,2018-12-31,0,0.3,fixed q=0.30,0
260130,Barra de Guabiraba,1,14632,2021-12-31,6.83433570256971e-5,0.007454145308640366,global-q 2.5%,0.009168503456255122
260130,Barra de Guabiraba,1,14632,2021-12-31,6.83433570256971e-5,0.009820323685458794,global-q median,0.006959379264340835
260130,Barra de Guabiraba,1,14632,2021-12-31,6.83433570256971e-5,0.01510174051658718,global-q 97.5%,0.004525528494588511
260130,Barra de Guabiraba,1,14632,2021-12-31,6.83433570256971e-5,0.05,fixed q=0.05,0.001366867140513942
260130,Barra de Guabiraba,1,14632,2021-12-31,6.83433570256971e-5,0.1,fixed q=0.10,6.83433570256971e-4
260130,Barra de Guabiraba,1,14632,2021-12-31,6.83433570256971e-5,0.15,fixed q=0.15,4.55622380171314e-4
260130,Barra de Guabiraba,1,14632,2021-12-31,6.83433570256971e-5,0.2,fixed q=0.20,3.417167851284855e-4
260130,Barra de Guabiraba,1,14632,2021-12-31,6.83433570256971e-5,0.25,fixed q=0.25,2.733734281027884e-4
260130,Barra de Guabiraba,1,14632,2021-12-31,6.83433570256971e-5,0.3,fixed q=0.30,2.27811190085657e-4
260130,Barra de Guabiraba,2,12263,2022-12-31,1.630922286553046e-4,0.007454145308640366,global-q 2.5%,0.02187940024005952
260130,Barra de Guabiraba,2,12263,2022-12-31,1.630922286553046e-4,0.009820323685458794,global-q median,0.016607622506048293
260130,Barra de Guabiraba,2,12263,2022-12-31,1.630922286553046e-4,0.01510174051658718,global-q 97.5%,0.010799565022069493
260130,Barra de Guabiraba,2,12263,2022-12-31,1.630922286553046e-4,0.05,fixed q=0.05,0.0032618445731060915
260130,Barra de Guabiraba,2,12263,2022-12-31,1.630922286553046e-4,0.1,fixed q=0.10,0.0016309222865530458
260130,Barra de Guabiraba,2,12263,2022-12-31,1.630922286553046e-4,0.15,fixed q=0.15,0.0010872815243686974
260130,Barra de Guabiraba,2,12263,2022-12-31,1.630922286553046e-4,0.2,fixed q=0.20,8.154611432765229e-4
260130,Barra de Guabiraba,2,12263,2022-12-31,1.630922286553046e-4,0.25,fixed q=0.25,6.523689146212183e-4
260130,Barra de Guabiraba,2,12263,2022-12-31,1.630922286553046e-4,0.3,fixed q=0.30,5.436407621843487e-4
260130,Barra de Guabiraba,4,12601,2025-12-21,3.1743512419649236e-4,0.007454145308640366,global-q 2.5%,0.04258504644771842
260130,Barra de Guabiraba,4,12601,2025-12-21,3.1743512419649236e-4,0.009820323685458794,global-q median,0.0323243035936307
260130,Barra de Guabiraba,4,12601,2025-12-21,3.1743512419649236e-4,0.01510174051658718,global-q 97.5%,0.02101977079051475
260130,Barra de Guabiraba,4,12601,2025-12-21,3.1743512419649236e-4,0.05,fixed q=0.05,0.006348702483929847
260130,Barra de Guabiraba,4,12601,2025-12-21,3.1743512419649236e-4,0.1,fixed q=0.10,0.0031743512419649235
260130,Barra de Guabiraba,4,12601,2025-12-21,3.1743512419649236e-4,0.15,fixed q=0.15,0.002116234161309949
260130,Barra de Guabiraba,4,12601,2025-12-21,3.1743512419649236e-4,0.2,fixed q=0.20,0.0015871756209824618
260130,Barra de Guabiraba,4,12601,2025-12-21,3.1743512419649236e-4,0.25,fixed q=0.25,0.0012697404967859695
260130,Barra de Guabiraba,4,12601,2025-12-21,3.1743512419649236e-4,0.3,fixed q=0.30,0.0010581170806549746
260140,Barreiros,20,42331,2016-12-31,4.7246698636932747e-4,0.007454145308640366,global-q 2.5%,0.06338311996972666
260140,Barreiros,20,42331,2016-12-31,4.7246698636932747e-4,0.009820323685458794,global-q median,0.048111141903491576
260140,Barreiros,20,42331,2016-12-31,4.7246698636932747e-4,0.01510174051658718,global-q 97.5%,0.031285598229580734
260140,Barreiros,20,42331,2016-12-31,4.7246698636932747e-4,0.05,fixed q=0.05,0.00944933972738655
260140,Barreiros,20,42331,2016-12-31,4.7246698636932747e-4,0.1,fixed q=0.10,0.004724669863693275
260140,Barreiros,20,42331,2016-12-31,4.7246698636932747e-4,0.15,fixed q=0.15,0.00314977990912885
260140,Barreiros,20,42331,2016-12-31,4.7246698636932747e-4,0.2,fixed q=0.20,0.0023623349318466374
260140,Barreiros,20,42331,2016-12-31,4.7246698636932747e-4,0.25,fixed q=0.25,0.0018898679454773099
260140,Barreiros,20,42331,2016-12-31,4.7246698636932747e-4,0.3,fixed q=0.30,0.001574889954564425
260140,Barreiros,20,42552,2018-12-31,4.700131603684903e-4,0.007454145308640366,global-q 2.5%,0.06305393051885926
260140,Barreiros,20,42552,2018-12-31,4.700131603684903e-4,0.009820323685458794,global-q median,0.047861269691593863
260140,Barreiros,20,42552,2018-12-31,4.700131603684903e-4,0.01510174051658718,global-q 97.5%,0.03112311192555889
260140,Barreiros,20,42552,2018-12-31,4.700131603684903e-4,0.05,fixed q=0.05,0.009400263207369806
260140,Barreiros,20,42552,2018-12-31,4.700131603684903e-4,0.1,fixed q=0.10,0.004700131603684903
260140,Barreiros,20,42552,2018-12-31,4.700131603684903e-4,0.15,fixed q=0.15,0.003133421069123269
260140,Barreiros,20,42552,2018-12-31,4.700131603684903e-4,0.2,fixed q=0.20,0.0023500658018424515
260140,Barreiros,20,42552,2018-12-31,4.700131603684903e-4,0.25,fixed q=0.25,0.0018800526414739613
260140,Barreiros,20,42552,2018-12-31,4.700131603684903e-4,0.3,fixed q=0.30,0.0015667105345616346
260140,Barreiros,288,42866,2021-12-31,0.006718611486959362,0.007454145308640366,global-q 2.5%,0.9013255321400268
260140,Barreiros,288,42866,2021-12-31,0.006718611486959362,0.009820323685458794,global-q median,0.6841537715205643
260140,Barreiros,288,42866,2021-12-31,0.006718611486959362,0.01510174051658718,global-q 97.5%,0.4448898774005482
260140,Barreiros,288,42866,2021-12-31,0.006718611486959362,0.05,fixed q=0.05,0.13437222973918722
260140,Barreiros,288,42866,2021-12-31,0.006718611486959362,0.1,fixed q=0.10,0.06718611486959361
260140,Barreiros,288,42866,2021-12-31,0.006718611486959362,0.15,fixed q=0.15,0.044790743246395745
260140,Barreiros,288,42866,2021-12-31,0.006718611486959362,0.2,fixed q=0.20,0.033593057434796805
260140,Barreiros,288,42866,2021-12-31,0.006718611486959362,0.25,fixed q=0.25,0.026874445947837448
260140,Barreiros,288,42866,2021-12-31,0.006718611486959362,0.3,fixed q=0.30,0.022395371623197873
260140,Barreiros,363,40121,2022-12-31,0.009047630916477655,0.007454145308640366,global-q 2.5%,1.2137717393287495
260140,Barreiros,363,40121,2022-12-31,0.009047630916477655,0.009820323685458794,global-q median,0.9213169755162668
260140,Barreiros,363,40121,2022-12-31,0.009047630916477655,0.01510174051658718,global-q 97.5%,0.5991117981758514
260140,Barreiros,363,40121,2022-12-31,0.009047630916477655,0.05,fixed q=0.05,0.1809526183295531
260140,Barreiros,363,40121,2022-12-31,0.009047630916477655,0.1,fixed q=0.10,0.09047630916477654
260140,Barreiros,363,40121,2022-12-31,0.009047630916477655,0.15,fixed q=0.15,0.06031753944318437
260140,Barreiros,363,40121,2022-12-31,0.009047630916477655,0.2,fixed q=0.20,0.04523815458238827
260140,Barreiros,363,40121,2022-12-31,0.009047630916477655,0.25,fixed q=0.25,0.03619052366591062
260140,Barreiros,363,40121,2022-12-31,0.009047630916477655,0.3,fixed q=0.30,0.030158769721592184
260140,Barreiros,379,42083,2025-12-21,0.009006011928807357,0.007454145308640366,global-q 2.5%,1.2081884046945217
260140,Barreiros,379,42083,2025-12-21,0.009006011928807357,0.009820323685458794,global-q median,0.9170789290930186
260140,Barreiros,379,42083,2025-12-21,0.009006011928807357,0.01510174051658718,global-q 97.5%,0.5963558914891628
260140,Barreiros,379,42083,2025-12-21,0.009006011928807357,0.05,fixed q=0.05,0.18012023857614712
260140,Barreiros,379,42083,2025-12-21,0.009006011928807357,0.1,fixed q=0.10,0.09006011928807356
260140,Barreiros,379,42083,2025-12-21,0.009006011928807357,0.15,fixed q=0.15,0.06004007952538238
260140,Barreiros,379,42083,2025-12-21,0.009006011928807357,0.2,fixed q=0.20,0.04503005964403678
260140,Barreiros,379,42083,2025-12-21,0.009006011928807357,0.25,fixed q=0.25,0.03602404771522943
260140,Barreiros,379,42083,2025-12-21,0.009006011928807357,0.3,fixed q=0.30,0.03002003976269119
260150,Belém de Maria,0,11941,2016-12-31,0,0.007454145308640366,global-q 2.5%,0
260150,Belém de Maria,0,11941,2016-12-31,0,0.009820323685458794,global-q median,0
260150,Belém de Maria,0,11941,2016-12-31,0,0.01510174051658718,global-q 97.5%,0
260150,Belém de Maria,0,11941,2016-12-31,0,0.05,fixed q=0.05,0
260150,Belém de Maria,0,11941,2016-12-31,0,0.1,fixed q=0.10,0
260150,Belém de Maria,0,11941,2016-12-31,0,0.15,fixed q=0.15,0
260150,Belém de Maria,0,11941,2016-12-31,0,0.2,fixed q=0.20,0
260150,Belém de Maria,0,11941,2016-12-31,0,0.25,fixed q=0.25,0
260150,Belém de Maria,0,11941,2016-12-31,0,0.3,fixed q=0.30,0
260150,Belém de Maria,1,10378,2022-12-31,9.635767970707265e-5,0.007454145308640366,global-q 2.5%,0.01292672408671468
260150,Belém de Maria,1,10378,2022-12-31,9.635767970707265e-5,0.009820323685458794,global-q median,0.009812067584875225
260150,Belém de Maria,1,10378,2022-12-31,9.635767970707265e-5,0.01510174051658718,global-q 97.5%,0.006380567829333117
260150,Belém de Maria,1,10378,2022-12-31,9.635767970707265e-5,0.05,fixed q=0.05,0.0019271535941414529
260150,Belém de Maria,1,10378,2022-12-31,9.635767970707265e-5,0.1,fixed q=0.10,9.635767970707264e-4
260150,Belém de Maria,1,10378,2022-12-31,9.635767970707265e-5,0.15,fixed q=0.15,6.423845313804844e-4
260150,Belém de Maria,1,10378,2022-12-31,9.635767970707265e-5,0.2,fixed q=0.20,4.817883985353632e-4
260150,Belém de Maria,1,10378,2022-12-31,9.635767970707265e-5,0.25,fixed q=0.25,3.854307188282906e-4
260150,Belém de Maria,1,10378,2022-12-31,9.635767970707265e-5,0.3,fixed q=0.30,3.211922656902422e-4
260150,Belém de Maria,1,12023,2018-12-31,8.31739166597355e-5,0.007454145308640366,global-q 2.5%,0.011158075569485565
260150,Belém de Maria,1,12023,2018-12-31,8.31739166597355e-5,0.009820323685458794,global-q median,0.008469569774252273
260150,Belém de Maria,1,12023,2018-12-31,8.31739166597355e-5,0.01510174051658718,global-q 97.5%,0.005507571565567586
260150,Belém de Maria,1,12023,2018-12-31,8.31739166597355e-5,0.05,fixed q=0.05,0.00166347833319471
260150,Belém de Maria,1,12023,2018-12-31,8.31739166597355e-5,0.1,fixed q=0.10,8.31739166597355e-4
260150,Belém de Maria,1,12023,2018-12-31,8.31739166597355e-5,0.15,fixed q=0.15,5.544927777315701e-4
260150,Belém de Maria,1,12023,2018-12-31,8.31739166597355e-5,0.2,fixed q=0.20,4.158695832986775e-4
260150,Belém de Maria,1,12023,2018-12-31,8.31739166597355e-5,0.25,fixed q=0.25,3.32695666638942e-4
260150,Belém de Maria,1,12023,2018-12-31,8.31739166597355e-5,0.3,fixed q=0.30,2.7724638886578504e-4
260150,Belém de Maria,1,12169,2021-12-31,8.217602103706138e-5,0.007454145308640366,global-q 2.5%,0.011024204336586813
260150,Belém de Maria,1,12169,2021-12-31,8.217602103706138e-5,0.009820323685458794,global-q median,0.008367954424836477
260150,Belém de Maria,1,12169,2021-12-31,8.217602103706138e-5,0.01510174051658718,global-q 97.5%,0.0054414933793096466
260150,Belém de Maria,1,12169,2021-12-31,8.217602103706138e-5,0.05,fixed q=0.05,0.0016435204207412275
260150,Belém de Maria,1,12169,2021-12-31,8.217602103706138e-5,0.1,fixed q=0.10,8.217602103706138e-4
260150,Belém de Maria,1,12169,2021-12-31,8.217602103706138e-5,0.15,fixed q=0.15,5.47840140247076e-4
260150,Belém de Maria,1,12169,2021-12-31,8.217602103706138e-5,0.2,fixed q=0.20,4.108801051853069e-4
260150,Belém de Maria,1,12169,2021-12-31,8.217602103706138e-5,0.25,fixed q=0.25,3.2870408414824553e-4
260150,Belém de Maria,1,12169,2021-12-31,8.217602103706138e-5,0.3,fixed q=0.30,2.73920070123538e-4
260150,Belém de Maria,2,10798,2025-12-21,1.8521948508983145e-4,0.007454145308640366,global-q 2.5%,0.02484785007814872
260150,Belém de Maria,2,10798,2025-12-21,1.8521948508983145e-4,0.009820323685458794,global-q median,0.018860833005340822
260150,Belém de Maria,2,10798,2025-12-21,1.8521948508983145e-4,0.01510174051658718,global-q 97.5%,0.012264777353735708
260150,Belém de Maria,2,10798,2025-12-21,1.8521948508983145e-4,0.05,fixed q=0.05,0.003704389701796629
260150,Belém de Maria,2,10798,2025-12-21,1.8521948508983145e-4,0.1,fixed q=0.10,0.0018521948508983144
260150,Belém de Maria,2,10798,2025-12-21,1.8521948508983145e-4,0.15,fixed q=0.15,0.0012347965672655432
260150,Belém de Maria,2,10798,2025-12-21,1.8521948508983145e-4,0.2,fixed q=0.20,9.260974254491572e-4
260150,Belém de Maria,2,10798,2025-12-21,1.8521948508983145e-4,0.25,fixed q=0.25,7.408779403593258e-4
260150,Belém de Maria,2,10798,2025-12-21,1.8521948508983145e-4,0.3,fixed q=0.30,6.173982836327716e-4
260160,Belém do São Francisco,1,20672,2016-12-31,4.837461300309598e-5,0.007454145308640366,global-q 2.5%,0.006489625704911231
260160,Belém do São Francisco,1,20672,2016-12-31,4.837461300309598e-5,0.009820323685458794,global-q median,0.004925969301269113
260160,Belém do São Francisco,1,20672,2016-12-31,4.837461300309598e-5,0.01510174051658718,global-q 97.5%,0.0032032475296448868
260160,Belém do São Francisco,1,20672,2016-12-31,4.837461300309598e-5,0.05,fixed q=0.05,9.674922600619195e-4
260160,Belém do São Francisco,1,20672,2016-12-31,4.837461300309598e-5,0.1,fixed q=0.10,4.8374613003095975e-4
260160,Belém do São Francisco,1,20672,2016-12-31,4.837461300309598e-5,0.15,fixed q=0.15,3.224974200206399e-4
260160,Belém do São Francisco,1,20672,2016-12-31,4.837461300309598e-5,0.2,fixed q=0.20,2.4187306501547988e-4
260160,Belém do São Francisco,1,20672,2016-12-31,4.837461300309598e-5,0.25,fixed q=0.25,1.934984520123839e-4
260160,Belém do São Francisco,1,20672,2016-12-31,4.837461300309598e-5,0.3,fixed q=0.30,1.6124871001031995e-4
260160,Belém do São Francisco,1,20728,2018-12-31,4.8243921265920496e-5,0.007454145308640366,global-q 2.5%,0.00647209294538426
260160,Belém do São Francisco,1,20728,2018-12-31,4.8243921265920496e-5,0.009820323685458794,global-q median,0.004912661009061902
260160,Belém do São Francisco,1,20728,2018-12-31,4.8243921265920496e-5,0.01510174051658718,global-q 97.5%,0.0031945934452344217
260160,Belém do São Francisco,1,20728,2018-12-31,4.8243921265920496e-5,0.05,fixed q=0.05,9.648784253184099e-4
260160,Belém do São Francisco,1,20728,2018-12-31,4.8243921265920496e-5,0.1,fixed q=0.10,4.8243921265920495e-4
260160,Belém do São Francisco,1,20728,2018-12-31,4.8243921265920496e-5,0.15,fixed q=0.15,3.2162614177280334e-4
260160,Belém do São Francisco,1,20728,2018-12-31,4.8243921265920496e-5,0.2,fixed q=0.20,2.4121960632960247e-4
260160,Belém do São Francisco,1,20728,2018-12-31,4.8243921265920496e-5,0.25,fixed q=0.25,1.9297568506368199e-4
260160,Belém do São Francisco,1,20728,2018-12-31,4.8243921265920496e-5,0.3,fixed q=0.30,1.6081307088640167e-4
260160,Belém do São Francisco,2,20730,2021-12-31,9.64785335262904e-5,0.007454145308640366,global-q 2.5%,0.012942937054696088
260160,Belém do São Francisco,2,20730,2021-12-31,9.64785335262904e-5,0.009820323685458794,global-q median,0.009824374085464072
260160,Belém do São Francisco,2,20730,2021-12-31,9.64785335262904e-5,0.01510174051658718,global-q 97.5%,0.006388570471087225
260160,Belém do São Francisco,2,20730,2021-12-31,9.64785335262904e-5,0.05,fixed q=0.05,0.0019295706705258079
260160,Belém do São Francisco,2,20730,2021-12-31,9.64785335262904e-5,0.1,fixed q=0.10,9.647853352629039e-4
260160,Belém do São Francisco,2,20730,2021-12-31,9.64785335262904e-5,0.15,fixed q=0.15,6.431902235086027e-4
260160,Belém do São Francisco,2,20730,2021-12-31,9.64785335262904e-5,0.2,fixed q=0.20,4.8239266763145197e-4
260160,Belém do São Francisco,2,20730,2021-12-31,9.64785335262904e-5,0.25,fixed q=0.25,3.859141341051616e-4
260160,Belém do São Francisco,2,20730,2021-12-31,9.64785335262904e-5,0.3,fixed q=0.30,3.2159511175430133e-4
260160,Belém do São Francisco,464,18301,2022-12-31,0.025353805802961586,0.007454145308640366,global-q 2.5%,3.4013028661479248
260160,Belém do São Francisco,464,18301,2022-12-31,0.025353805802961586,0.009820323685458794,global-q median,2.581768851519998
260160,Belém do São Francisco,464,18301,2022-12-31,0.025353805802961586,0.01510174051658718,global-q 97.5%,1.6788664707299086
260160,Belém do São Francisco,464,18301,2022-12-31,0.025353805802961586,0.05,fixed q=0.05,0.5070761160592316
260160,Belém do São Francisco,464,18301,2022-12-31,0.025353805802961586,0.1,fixed q=0.10,0.2535380580296158
260160,Belém do São Francisco,464,18301,2022-12-31,0.025353805802961586,0.15,fixed q=0.15,0.1690253720197439
260160,Belém do São Francisco,464,18301,2022-12-31,0.025353805802961586,0.2,fixed q=0.20,0.1267690290148079
260160,Belém do São Francisco,464,18301,2022-12-31,0.025353805802961586,0.25,fixed q=0.25,0.10141522321184634
260160,Belém do São Francisco,464,18301,2022-12-31,0.025353805802961586,0.3,fixed q=0.30,0.08451268600987195
260160,Belém do São Francisco,475,18648,2025-12-21,0.025471900471900472,0.007454145308640366,global-q 2.5%,3.417145684344935
260160,Belém do São Francisco,475,18648,2025-12-21,0.025471900471900472,0.009820323685458794,global-q median,2.593794388836426
260160,Belém do São Francisco,475,18648,2025-12-21,0.025471900471900472,0.01510174051658718,global-q 97.5%,1.6866864083595596
260160,Belém do São Francisco,475,18648,2025-12-21,0.025471900471900472,0.05,fixed q=0.05,0.5094380094380094
260160,Belém do São Francisco,475,18648,2025-12-21,0.025471900471900472,0.1,fixed q=0.10,0.2547190047190047
260160,Belém do São Francisco,475,18648,2025-12-21,0.025471900471900472,0.15,fixed q=0.15,0.16981266981266982
260160,Belém do São Francisco,475,18648,2025-12-21,0.025471900471900472,0.2,fixed q=0.20,0.12735950235950236
260160,Belém do São Francisco,475,18648,2025-12-21,0.025471900471900472,0.25,fixed q=0.25,0.10188760188760189
260160,Belém do São Francisco,475,18648,2025-12-21,0.025471900471900472,0.3,fixed q=0.30,0.08490633490633491
260170,Belo Jardim,28,75729,2016-12-31,3.6973946572647204e-4,0.007454145308640366,global-q 2.5%,0.04960185915585705
260170,Belo Jardim,28,75729,2016-12-31,3.6973946572647204e-4,0.009820323685458794,global-q median,0.03765043572585645
260170,Belo Jardim,28,75729,2016-12-31,3.6973946572647204e-4,0.01510174051658718,global-q 97.5%,0.024483235248305597
260170,Belo Jardim,28,75729,2016-12-31,3.6973946572647204e-4,0.05,fixed q=0.05,0.00739478931452944
260170,Belo Jardim,28,75729,2016-12-31,3.6973946572647204e-4,0.1,fixed q=0.10,0.00369739465726472
260170,Belo Jardim,28,75729,2016-12-31,3.6973946572647204e-4,0.15,fixed q=0.15,0.0024649297715098138
260170,Belo Jardim,28,75729,2016-12-31,3.6973946572647204e-4,0.2,fixed q=0.20,0.00184869732863236
260170,Belo Jardim,28,75729,2016-12-31,3.6973946572647204e-4,0.25,fixed q=0.25,0.0014789578629058882
260170,Belo Jardim,28,75729,2016-12-31,3.6973946572647204e-4,0.3,fixed q=0.30,0.0012324648857549069
260170,Belo Jardim,31,76185,2018-12-31,4.069042462426987e-4,0.007454145308640366,global-q 2.5%,0.05458764612101691
260170,Belo Jardim,31,76185,2018-12-31,4.069042462426987e-4,0.009820323685458794,global-q median,0.041434911849719605
260170,Belo Jardim,31,76185,2018-12-31,4.069042462426987e-4,0.01510174051658718,global-q 97.5%,0.02694419532607983
260170,Belo Jardim,31,76185,2018-12-31,4.069042462426987e-4,0.05,fixed q=0.05,0.008138084924853973
260170,Belo Jardim,31,76185,2018-12-31,4.069042462426987e-4,0.1,fixed q=0.10,0.004069042462426987
260170,Belo Jardim,31,76185,2018-12-31,4.069042462426987e-4,0.15,fixed q=0.15,0.002712694974951325
260170,Belo Jardim,31,76185,2018-12-31,4.069042462426987e-4,0.2,fixed q=0.20,0.0020345212312134933
260170,Belo Jardim,31,76185,2018-12-31,4.069042462426987e-4,0.25,fixed q=0.25,0.0016276169849707947
260170,Belo Jardim,31,76185,2018-12-31,4.069042462426987e-4,0.3,fixed q=0.30,0.0013563474874756624
260170,Belo Jardim,31,76930,2021-12-31,4.0296373326400626e-4,0.007454145308640366,global-q 2.5%,0.05405901234537467
260170,Belo Jardim,31,76930,2021-12-31,4.0296373326400626e-4,0.009820323685458794,global-q median,0.04103365084194577
260170,Belo Jardim,31,76930,2021-12-31,4.0296373326400626e-4,0.01510174051658718,global-q 97.5%,0.026683264278141064
260170,Belo Jardim,31,76930,2021-12-31,4.0296373326400626e-4,0.05,fixed q=0.05,0.008059274665280124
260170,Belo Jardim,31,76930,2021-12-31,4.0296373326400626e-4,0.1,fixed q=0.10,0.004029637332640062
260170,Belo Jardim,31,76930,2021-12-31,4.0296373326400626e-4,0.15,fixed q=0.15,0.0026864248884267087
260170,Belo Jardim,31,76930,2021-12-31,4.0296373326400626e-4,0.2,fixed q=0.20,0.002014818666320031
260170,Belo Jardim,31,76930,2021-12-31,4.0296373326400626e-4,0.25,fixed q=0.25,0.001611854933056025
260170,Belo Jardim,31,76930,2021-12-31,4.0296373326400626e-4,0.3,fixed q=0.30,0.0013432124442133543
260170,Belo Jardim,31,79507,2022-12-31,3.8990277585621393e-4,0.007454145308640366,global-q 2.5%,0.052306838639738305
260170,Belo Jardim,31,79507,2022-12-31,3.8990277585621393e-4,0.009820323685458794,global-q median,0.03970365828506783
260170,Belo Jardim,31,79507,2022-12-31,3.8990277585621393e-4,0.01510174051658718,global-q 97.5%,0.025818399900856426
260170,Belo Jardim,31,79507,2022-12-31,3.8990277585621393e-4,0.05,fixed q=0.05,0.007798055517124278
260170,Belo Jardim,31,79507,2022-12-31,3.8990277585621393e-4,0.1,fixed q=0.10,0.003899027758562139
260170,Belo Jardim,31,79507,2022-12-31,3.8990277585621393e-4,0.15,fixed q=0.15,0.0025993518390414264
260170,Belo Jardim,31,79507,2022-12-31,3.8990277585621393e-4,0.2,fixed q=0.20,0.0019495138792810696
260170,Belo Jardim,31,79507,2022-12-31,3.8990277585621393e-4,0.25,fixed q=0.25,0.0015596111034248557
260170,Belo Jardim,31,79507,2022-12-31,3.8990277585621393e-4,0.3,fixed q=0.30,0.0012996759195207132
260170,Belo Jardim,31,84033,2025-12-21,3.689026929896588e-4,0.007454145308640366,global-q 2.5%,0.04948960312888595
260170,Belo Jardim,31,84033,2025-12-21,3.689026929896588e-4,0.009820323685458794,global-q median,0.03756522746148404
260170,Belo Jardim,31,84033,2025-12-21,3.689026929896588e-4,0.01510174051658718,global-q 97.5%,0.024427826222048383
260170,Belo Jardim,31,84033,2025-12-21,3.689026929896588e-4,0.05,fixed q=0.05,0.007378053859793176
260170,Belo Jardim,31,84033,2025-12-21,3.689026929896588e-4,0.1,fixed q=0.10,0.003689026929896588
260170,Belo Jardim,31,84033,2025-12-21,3.689026929896588e-4,0.15,fixed q=0.15,0.0024593512865977254
260170,Belo Jardim,31,84033,2025-12-21,3.689026929896588e-4,0.2,fixed q=0.20,0.001844513464948294
260170,Belo Jardim,31,84033,2025-12-21,3.689026929896588e-4,0.25,fixed q=0.25,0.0014756107719586353
260170,Belo Jardim,31,84033,2025-12-21,3.689026929896588e-4,0.3,fixed q=0.30,0.0012296756432988627
260180,Betânia,1,12589,2016-12-31,7.943442688061006e-5,0.007454145308640366,global-q 2.5%,0.01065640976820438
260180,Betânia,1,12589,2016-12-31,7.943442688061006e-5,0.009820323685458794,global-q median,0.008088778885998498
260180,Betânia,1,12589,2016-12-31,7.943442688061006e-5,0.01510174051658718,global-q 97.5%,0.005259951777966406
260180,Betânia,1,12589,2016-12-31,7.943442688061006e-5,0.05,fixed q=0.05,0.001588688537612201
260180,Betânia,1,12589,2016-12-31,7.943442688061006e-5,0.1,fixed q=0.10,7.943442688061005e-4
260180,Betânia,1,12589,2016-12-31,7.943442688061006e-5,0.15,fixed q=0.15,5.295628458707337e-4
260180,Betânia,1,12589,2016-12-31,7.943442688061006e-5,0.2,fixed q=0.20,3.9717213440305027e-4
260180,Betânia,1,12589,2016-12-31,7.943442688061006e-5,0.25,fixed q=0.25,3.177377075224402e-4
260180,Betânia,1,12589,2016-12-31,7.943442688061006e-5,0.3,fixed q=0.30,2.6478142293536686e-4
260180,Betânia,1,12671,2018-12-31,7.892036934732854e-5,0.007454145308640366,global-q 2.5%,0.01058744712902888
260180,Betânia,1,12671,2018-12-31,7.892036934732854e-5,0.009820323685458794,global-q median,0.008036432593783845
260180,Betânia,1,12671,2018-12-31,7.892036934732854e-5,0.01510174051658718,global-q 97.5%,0.005225912156326974
260180,Betânia,1,12671,2018-12-31,7.892036934732854e-5,0.05,fixed q=0.05,0.0015784073869465707
260180,Betânia,1,12671,2018-12-31,7.892036934732854e-5,0.1,fixed q=0.10,7.892036934732853e-4
260180,Betânia,1,12671,2018-12-31,7.892036934732854e-5,0.15,fixed q=0.15,5.26135795648857e-4
260180,Betânia,1,12671,2018-12-31,7.892036934732854e-5,0.2,fixed q=0.20,3.946018467366427e-4
260180,Betânia,1,12671,2018-12-31,7.892036934732854e-5,0.25,fixed q=0.25,3.1568147738931417e-4
260180,Betânia,1,12671,2018-12-31,7.892036934732854e-5,0.3,fixed q=0.30,2.630678978244285e-4
260180,Betânia,9,12811,2021-12-31,7.025212707829209e-4,0.007454145308640366,global-q 2.5%,0.0942457172076594
260180,Betânia,9,12811,2021-12-31,7.025212707829209e-4,0.009820323685458794,global-q median,0.07153748626668611
260180,Betânia,9,12811,2021-12-31,7.025212707829209e-4,0.01510174051658718,global-q 97.5%,0.046519225384073985
260180,Betânia,9,12811,2021-12-31,7.025212707829209e-4,0.05,fixed q=0.05,0.014050425415658417
260180,Betânia,9,12811,2021-12-31,7.025212707829209e-4,0.1,fixed q=0.10,0.007025212707829209
260180,Betânia,9,12811,2021-12-31,7.025212707829209e-4,0.15,fixed q=0.15,0.004683475138552807
260180,Betânia,9,12811,2021-12-31,7.025212707829209e-4,0.2,fixed q=0.20,0.0035126063539146044
260180,Betânia,9,12811,2021-12-31,7.025212707829209e-4,0.25,fixed q=0.25,0.0028100850831316838
260180,Betânia,9,12811,2021-12-31,7.025212707829209e-4,0.3,fixed q=0.30,0.0023417375692764033
260180,Betânia,13,11232,2022-12-31,0.0011574074074074073,0.007454145308640366,global-q 2.5%,0.1552703039026909
260180,Betânia,13,11232,2022-12-31,0.0011574074074074073,0.009820323685458794,global-q median,0.11785837661554988
260180,Betânia,13,11232,2022-12-31,0.0011574074074074073,0.01510174051658718,global-q 97.5%,0.07664066311668875
260180,Betânia,13,11232,2022-12-31,0.0011574074074074073,0.05,fixed q=0.05,0.023148148148148147
260180,Betânia,13,11232,2022-12-31,0.0011574074074074073,0.1,fixed q=0.10,0.011574074074074073
260180,Betânia,13,11232,2022-12-31,0.0011574074074074073,0.15,fixed q=0.15,0.007716049382716049
260180,Betânia,13,11232,2022-12-31,0.0011574074074074073,0.2,fixed q=0.20,0.005787037037037037
260180,Betânia,13,11232,2022-12-31,0.0011574074074074073,0.25,fixed q=0.25,0.004629629629629629
260180,Betânia,13,11232,2022-12-31,0.0011574074074074073,0.3,fixed q=0.30,0.0038580246913580245
260180,Betânia,13,11961,2025-12-21,0.0010868656466850597,0.007454145308640366,global-q 2.5%,0.14580687680252688
260180,Betânia,13,11961,2025-12-21,0.0010868656466850597,0.009820323685458794,global-q median,0.11067513469992944
260180,Betânia,13,11961,2025-12-21,0.0010868656466850597,0.01510174051658718,global-q 97.5%,0.07196956175291766
260180,Betânia,13,11961,2025-12-21,0.0010868656466850597,0.05,fixed q=0.05,0.02173731293370119
260180,Betânia,13,11961,2025-12-21,0.0010868656466850597,0.1,fixed q=0.10,0.010868656466850595
260180,Betânia,13,11961,2025-12-21,0.0010868656466850597,0.15,fixed q=0.15,0.007245770977900398
260180,Betânia,13,11961,2025-12-21,0.0010868656466850597,0.2,fixed q=0.20,0.005434328233425298
260180,Betânia,13,11961,2025-12-21,0.0010868656466850597,0.25,fixed q=0.25,0.004347462586740239
260180,Betânia,13,11961,2025-12-21,0.0010868656466850597,0.3,fixed q=0.30,0.003622885488950199
260190,Bezerros,90,60469,2016-12-31,0.0014883659395723428,0.007454145308640366,global-q 2.5%,0.19966956343702136
260190,Bezerros,90,60469,2016-12-31,0.0014883659395723428,0.009820323685458794,global-q median,0.1515597639389631
260190,Bezerros,90,60469,2016-12-31,0.0014883659395723428,0.01510174051658718,global-q 97.5%,0.09855592061971784
260190,Bezerros,90,60469,2016-12-31,0.0014883659395723428,0.05,fixed q=0.05,0.029767318791446857
260190,Bezerros,90,60469,2016-12-31,0.0014883659395723428,0.1,fixed q=0.10,0.014883659395723428
260190,Bezerros,90,60469,2016-12-31,0.0014883659395723428,0.15,fixed q=0.15,0.009922439597148953
260190,Bezerros,90,60469,2016-12-31,0.0014883659395723428,0.2,fixed q=0.20,0.007441829697861714
260190,Bezerros,90,60469,2016-12-31,0.0014883659395723428,0.25,fixed q=0.25,0.005953463758289371
260190,Bezerros,90,60469,2016-12-31,0.0014883659395723428,0.3,fixed q=0.30,0.004961219798574477
260190,Bezerros,94,60714,2018-12-31,0.0015482425799650823,0.007454145308640366,global-q 2.5%,0.20770222686301257
260190,Bezerros,94,60714,2018-12-31,0.0015482425799650823,0.009820323685458794,global-q median,0.15765698051863655
260190,Bezerros,94,60714,2018-12-31,0.0015482425799650823,0.01510174051658718,global-q 97.5%,0.10252080402683063
260190,Bezerros,94,60714,2018-12-31,0.0015482425799650823,0.05,fixed q=0.05,0.030964851599301645
260190,Bezerros,94,60714,2018-12-31,0.0015482425799650823,0.1,fixed q=0.10,0.015482425799650822
260190,Bezerros,94,60714,2018-12-31,0.0015482425799650823,0.15,fixed q=0.15,0.010321617199767215
260190,Bezerros,94,60714,2018-12-31,0.0015482425799650823,0.2,fixed q=0.20,0.007741212899825411
260190,Bezerros,94,60714,2018-12-31,0.0015482425799650823,0.25,fixed q=0.25,0.006192970319860329
260190,Bezerros,94,60714,2018-12-31,0.0015482425799650823,0.3,fixed q=0.30,0.0051608085998836074
260190,Bezerros,102,60960,2021-12-31,0.0016732283464566929,0.007454145308640366,global-q 2.5%,0.22446951020892952
260190,Bezerros,102,60960,2021-12-31,0.0016732283464566929,0.009820323685458794,global-q median,0.17038423580011777
260190,Bezerros,102,60960,2021-12-31,0.0016732283464566929,0.01510174051658718,global-q 97.5%,0.11079705313562249
260190,Bezerros,102,60960,2021-12-31,0.0016732283464566929,0.05,fixed q=0.05,0.033464566929133854
260190,Bezerros,102,60960,2021-12-31,0.0016732283464566929,0.1,fixed q=0.10,0.016732283464566927
260190,Bezerros,102,60960,2021-12-31,0.0016732283464566929,0.15,fixed q=0.15,0.01115485564304462
260190,Bezerros,102,60960,2021-12-31,0.0016732283464566929,0.2,fixed q=0.20,0.008366141732283464
260190,Bezerros,102,60960,2021-12-31,0.0016732283464566929,0.25,fixed q=0.25,0.0066929133858267716
260190,Bezerros,102,60960,2021-12-31,0.0016732283464566929,0.3,fixed q=0.30,0.00557742782152231
260190,Bezerros,142,61694,2022-12-31,0.0023016824974876,0.007454145308640366,global-q 2.5%,0.3087788609137573
260190,Bezerros,142,61694,2022-12-31,0.0023016824974876,0.009820323685458794,global-q median,0.23437949411950243
260190,Bezerros,142,61694,2022-12-31,0.0023016824974876,0.01510174051658718,global-q 97.5%,0.15241173657827845
260190,Bezerros,142,61694,2022-12-31,0.0023016824974876,0.05,fixed q=0.05,0.046033649949751995
260190,Bezerros,142,61694,2022-12-31,0.0023016824974876,0.1,fixed q=0.10,0.023016824974875998
260190,Bezerros,142,61694,2022-12-31,0.0023016824974876,0.15,fixed q=0.15,0.015344549983250667
260190,Bezerros,142,61694,2022-12-31,0.0023016824974876,0.2,fixed q=0.20,0.011508412487437999
260190,Bezerros,142,61694,2022-12-31,0.0023016824974876,0.25,fixed q=0.25,0.0092067299899504
260190,Bezerros,142,61694,2022-12-31,0.0023016824974876,0.3,fixed q=0.30,0.007672274991625334
260190,Bezerros,149,65007,2025-12-21,0.002292060854984848,0.007454145308640366,global-q 2.5%,0.30748808348665246
260190,Bezerros,149,65007,2025-12-21,0.002292060854984848,0.009820323685458794,global-q median,0.23339972575229484
260190,Bezerros,149,65007,2025-12-21,0.002292060854984848,0.01510174051658718,global-q 97.5%,0.15177461514898466
260190,Bezerros,149,65007,2025-12-21,0.002292060854984848,0.05,fixed q=0.05,0.045841217099696956
260190,Bezerros,149,65007,2025-12-21,0.002292060854984848,0.1,fixed q=0.10,0.022920608549848478
260190,Bezerros,149,65007,2025-12-21,0.002292060854984848,0.15,fixed q=0.15,0.015280405699898986
260190,Bezerros,149,65007,2025-12-21,0.002292060854984848,0.2,fixed q=0.20,0.011460304274924239
260190,Bezerros,149,65007,2025-12-21,0.002292060854984848,0.25,fixed q=0.25,0.009168243419939392
260190,Bezerros,149,65007,2025-12-21,0.002292060854984848,0.3,fixed q=0.30,0.007640202849949493
260200,Bodocó,2,37571,2016-12-31,5.323254637885603e-5,0.007454145308640366,global-q 2.5%,0.007141334676847832
260200,Bodocó,2,37571,2016-12-31,5.323254637885603e-5,0.009820323685458794,global-q median,0.005420650895415885
260200,Bodocó,2,37571,2016-12-31,5.323254637885603e-5,0.01510174051658718,global-q 97.5%,0.003524927892939719
260200,Bodocó,2,37571,2016-12-31,5.323254637885603e-5,0.05,fixed q=0.05,0.0010646509275771207
260200,Bodocó,2,37571,2016-12-31,5.323254637885603e-5,0.1,fixed q=0.10,5.323254637885603e-4
260200,Bodocó,2,37571,2016-12-31,5.323254637885603e-5,0.15,fixed q=0.15,3.548836425257069e-4
260200,Bodocó,2,37571,2016-12-31,5.323254637885603e-5,0.2,fixed q=0.20,2.6616273189428017e-4
260200,Bodocó,2,37571,2016-12-31,5.323254637885603e-5,0.25,fixed q=0.25,2.1293018551542413e-4
260200,Bodocó,2,37571,2016-12-31,5.323254637885603e-5,0.3,fixed q=0.30,1.7744182126285346e-4
260200,Bodocó,3,37909,2018-12-31,7.913688042417368e-5,0.007454145308640366,global-q 2.5%,0.010616492856993717
260200,Bodocó,3,37909,2018-12-31,7.913688042417368e-5,0.009820323685458794,global-q median,0.008058479838231167
260200,Bodocó,3,37909,2018-12-31,7.913688042417368e-5,0.01510174051658718,global-q 97.5%,0.005240248985688287
260200,Bodocó,3,37909,2018-12-31,7.913688042417368e-5,0.05,fixed q=0.05,0.0015827376084834735
260200,Bodocó,3,37909,2018-12-31,7.913688042417368e-5,0.1,fixed q=0.10,7.913688042417368e-4
260200,Bodocó,3,37909,2018-12-31,7.913688042417368e-5,0.15,fixed q=0.15,5.275792028278245e-4
260200,Bodocó,3,37909,2018-12-31,7.913688042417368e-5,0.2,fixed q=0.20,3.956844021208684e-4
260200,Bodocó,3,37909,2018-12-31,7.913688042417368e-5,0.25,fixed q=0.25,3.165475216966947e-4
260200,Bodocó,3,37909,2018-12-31,7.913688042417368e-5,0.3,fixed q=0.30,2.637896014139123e-4
260200,Bodocó,12,38605,2021-12-31,3.108405646936925e-4,0.007454145308640366,global-q 2.5%,0.04170036292871647
260200,Bodocó,12,38605,2021-12-31,3.108405646936925e-4,0.009820323685458794,global-q median,0.03165278199067533
260200,Bodocó,12,38605,2021-12-31,3.108405646936925e-4,0.01510174051658718,global-q 97.5%,0.02058309532946067
260200,Bodocó,12,38605,2021-12-31,3.108405646936925e-4,0.05,fixed q=0.05,0.00621681129387385
260200,Bodocó,12,38605,2021-12-31,3.108405646936925e-4,0.1,fixed q=0.10,0.003108405646936925
260200,Bodocó,12,38605,2021-12-31,3.108405646936925e-4,0.15,fixed q=0.15,0.0020722704312912837
260200,Bodocó,12,38605,2021-12-31,3.108405646936925e-4,0.2,fixed q=0.20,0.0015542028234684624
260200,Bodocó,12,38605,2021-12-31,3.108405646936925e-4,0.25,fixed q=0.25,0.00124336225877477
260200,Bodocó,12,38605,2021-12-31,3.108405646936925e-4,0.3,fixed q=0.30,0.0010361352156456418
260200,Bodocó,213,34478,2022-12-31,0.006177852543651024,0.007454145308640366,global-q 2.5%,0.8287808042177625
260200,Bodocó,213,34478,2022-12-31,0.006177852543651024,0.009820323685458794,global-q median,0.6290884844049213
260200,Bodocó,213,34478,2022-12-31,0.006177852543651024,0.01510174051658718,global-q 97.5%,0.40908215426331185
260200,Bodocó,213,34478,2022-12-31,0.006177852543651024,0.05,fixed q=0.05,0.12355705087302046
260200,Bodocó,213,34478,2022-12-31,0.006177852543651024,0.1,fixed q=0.10,0.06177852543651023
260200,Bodocó,213,34478,2022-12-31,0.006177852543651024,0.15,fixed q=0.15,0.04118568362434016
260200,Bodocó,213,34478,2022-12-31,0.006177852543651024,0.2,fixed q=0.20,0.030889262718255116
260200,Bodocó,213,34478,2022-12-31,0.006177852543651024,0.25,fixed q=0.25,0.024711410174604095
260200,Bodocó,213,34478,2022-12-31,0.006177852543651024,0.3,fixed q=0.30,0.02059284181217008
260200,Bodocó,215,36145,2025-12-21,0.005948263936920736,0.007454145308640366,global-q 2.5%,0.7979806792907418
260200,Bodocó,215,36145,2025-12-21,0.005948263936920736,0.009820323685458794,global-q median,0.6057095598313611
260200,Bodocó,215,36145,2025-12-21,0.005948263936920736,0.01510174051658718,global-q 97.5%,0.39387936313614896
260200,Bodocó,215,36145,2025-12-21,0.005948263936920736,0.05,fixed q=0.05,0.11896527873841471
260200,Bodocó,215,36145,2025-12-21,0.005948263936920736,0.1,fixed q=0.10,0.059482639369207356
260200,Bodocó,215,36145,2025-12-21,0.005948263936920736,0.15,fixed q=0.15,0.03965509291280491
260200,Bodocó,215,36145,2025-12-21,0.005948263936920736,0.2,fixed q=0.20,0.029741319684603678
260200,Bodocó,215,36145,2025-12-21,0.005948263936920736,0.25,fixed q=0.25,0.023793055747682944
260200,Bodocó,215,36145,2025-12-21,0.005948263936920736,0.3,fixed q=0.30,0.019827546456402455
260210,Bom Conselho,5,47991,2016-12-31,1.0418620157946282e-4,0.007454145308640366,global-q 2.5%,0.01397694802899762
260210,Bom Conselho,5,47991,2016-12-31,1.0418620157946282e-4,0.009820323685458794,global-q median,0.01060924312848608
260210,Bom Conselho,5,47991,2016-12-31,1.0418620157946282e-4,0.01510174051658718,global-q 97.5%,0.006898953234233408
260210,Bom Conselho,5,47991,2016-12-31,1.0418620157946282e-4,0.05,fixed q=0.05,0.0020837240315892563
260210,Bom Conselho,5,47991,2016-12-31,1.0418620157946282e-4,0.1,fixed q=0.10,0.0010418620157946281
260210,Bom Conselho,5,47991,2016-12-31,1.0418620157946282e-4,0.15,fixed q=0.15,6.945746771964188e-4
260210,Bom Conselho,5,47991,2016-12-31,1.0418620157946282e-4,0.2,fixed q=0.20,5.209310078973141e-4
260210,Bom Conselho,5,47991,2016-12-31,1.0418620157946282e-4,0.25,fixed q=0.25,4.167448063178513e-4
260210,Bom Conselho,5,47991,2016-12-31,1.0418620157946282e-4,0.3,fixed q=0.30,3.472873385982094e-4
260210,Bom Conselho,5,48336,2018-12-31,1.0344256868586561e-4,0.007454145308640366,global-q 2.5%,0.013877187041948543
260210,Bom Conselho,5,48336,2018-12-31,1.0344256868586561e-4,0.009820323685458794,global-q median,0.010533519260575462
260210,Bom Conselho,5,48336,2018-12-31,1.0344256868586561e-4,0.01510174051658718,global-q 97.5%,0.006849711698611707
260210,Bom Conselho,5,48336,2018-12-31,1.0344256868586561e-4,0.05,fixed q=0.05,0.0020688513737173123
260210,Bom Conselho,5,48336,2018-12-31,1.0344256868586561e-4,0.1,fixed q=0.10,0.0010344256868586562
260210,Bom Conselho,5,48336,2018-12-31,1.0344256868586561e-4,0.15,fixed q=0.15,6.896171245724374e-4
260210,Bom Conselho,5,48336,2018-12-31,1.0344256868586561e-4,0.2,fixed q=0.20,5.172128434293281e-4
260210,Bom Conselho,5,48336,2018-12-31,1.0344256868586561e-4,0.25,fixed q=0.25,4.1377027474346245e-4
260210,Bom Conselho,5,48336,2018-12-31,1.0344256868586561e-4,0.3,fixed q=0.30,3.448085622862187e-4
260210,Bom Conselho,7,44294,2022-12-31,1.5803494829999548e-4,0.007454145308640366,global-q 2.5%,0.021200948164615402
260210,Bom Conselho,7,44294,2022-12-31,1.5803494829999548e-4,0.009820323685458794,global-q median,0.016092641481258087
260210,Bom Conselho,7,44294,2022-12-31,1.5803494829999548e-4,0.01510174051658718,global-q 97.5%,0.010464684393591314
260210,Bom Conselho,7,44294,2022-12-31,1.5803494829999548e-4,0.05,fixed q=0.05,0.0031606989659999094
260210,Bom Conselho,7,44294,2022-12-31,1.5803494829999548e-4,0.1,fixed q=0.10,0.0015803494829999547
260210,Bom Conselho,7,44294,2022-12-31,1.5803494829999548e-4,0.15,fixed q=0.15,0.00105356632199997
260210,Bom Conselho,7,44294,2022-12-31,1.5803494829999548e-4,0.2,fixed q=0.20,7.901747414999773e-4
260210,Bom Conselho,7,44294,2022-12-31,1.5803494829999548e-4,0.25,fixed q=0.25,6.321397931999819e-4
260210,Bom Conselho,7,44294,2022-12-31,1.5803494829999548e-4,0.3,fixed q=0.30,5.26783160999985e-4
260210,Bom Conselho,7,48975,2021-12-31,1.4293006636038796e-4,0.007454145308640366,global-q 2.5%,0.019174574742286364
260210,Bom Conselho,7,48975,2021-12-31,1.4293006636038796e-4,0.009820323685458794,global-q median,0.014554516830440954
260210,Bom Conselho,7,48975,2021-12-31,1.4293006636038796e-4,0.01510174051658718,global-q 97.5%,0.009464476376309008
260210,Bom Conselho,7,48975,2021-12-31,1.4293006636038796e-4,0.05,fixed q=0.05,0.002858601327207759
260210,Bom Conselho,7,48975,2021-12-31,1.4293006636038796e-4,0.1,fixed q=0.10,0.0014293006636038794
260210,Bom Conselho,7,48975,2021-12-31,1.4293006636038796e-4,0.15,fixed q=0.15,9.528671090692531e-4
260210,Bom Conselho,7,48975,2021-12-31,1.4293006636038796e-4,0.2,fixed q=0.20,7.146503318019397e-4
260210,Bom Conselho,7,48975,2021-12-31,1.4293006636038796e-4,0.25,fixed q=0.25,5.717202654415518e-4
260210,Bom Conselho,7,48975,2021-12-31,1.4293006636038796e-4,0.3,fixed q=0.30,4.7643355453462656e-4
260210,Bom Conselho,8,46202,2025-12-21,1.7315267737327388e-4,0.007454145308640366,global-q 2.5%,0.023229045075438284
260210,Bom Conselho,8,46202,2025-12-21,1.7315267737327388e-4,0.009820323685458794,global-q median,0.0176320743510385
260210,Bom Conselho,8,46202,2025-12-21,1.7315267737327388e-4,0.01510174051658718,global-q 97.5%,0.011465743116370563
260210,Bom Conselho,8,46202,2025-12-21,1.7315267737327388e-4,0.05,fixed q=0.05,0.0034630535474654777
260210,Bom Conselho,8,46202,2025-12-21,1.7315267737327388e-4,0.1,fixed q=0.10,0.0017315267737327388
260210,Bom Conselho,8,46202,2025-12-21,1.7315267737327388e-4,0.15,fixed q=0.15,0.0011543511824884927
260210,Bom Conselho,8,46202,2025-12-21,1.7315267737327388e-4,0.2,fixed q=0.20,8.657633868663694e-4
260210,Bom Conselho,8,46202,2025-12-21,1.7315267737327388e-4,0.25,fixed q=0.25,6.926107094930955e-4
260210,Bom Conselho,8,46202,2025-12-21,1.7315267737327388e-4,0.3,fixed q=0.30,5.771755912442464e-4
260220,Bom Jardim,14,38976,2016-12-31,3.5919540229885057e-4,0.007454145308640366,global-q 2.5%,0.04818733569393856
260220,Bom Jardim,14,38976,2016-12-31,3.5919540229885057e-4,0.009820323685458794,global-q median,0.03657673757034306
260220,Bom Jardim,14,38976,2016-12-31,3.5919540229885057e-4,0.01510174051658718,global-q 97.5%,0.02378503338104134
260220,Bom Jardim,14,38976,2016-12-31,3.5919540229885057e-4,0.05,fixed q=0.05,0.007183908045977011
260220,Bom Jardim,14,38976,2016-12-31,3.5919540229885057e-4,0.1,fixed q=0.10,0.0035919540229885057
260220,Bom Jardim,14,38976,2016-12-31,3.5919540229885057e-4,0.15,fixed q=0.15,0.0023946360153256708
260220,Bom Jardim,14,38976,2016-12-31,3.5919540229885057e-4,0.2,fixed q=0.20,0.0017959770114942528
260220,Bom Jardim,14,38976,2016-12-31,3.5919540229885057e-4,0.25,fixed q=0.25,0.0014367816091954023
260220,Bom Jardim,14,38976,2016-12-31,3.5919540229885057e-4,0.3,fixed q=0.30,0.0011973180076628354
260220,Bom Jardim,15,39132,2018-12-31,3.833180006133088e-4,0.007454145308640366,global-q 2.5%,0.05142346771386267
260220,Bom Jardim,15,39132,2018-12-31,3.833180006133088e-4,0.009820323685458794,global-q median,0.039033133009749726
260220,Bom Jardim,15,39132,2018-12-31,3.833180006133088e-4,0.01510174051658718,global-q 97.5%,0.02538237232935414
260220,Bom Jardim,15,39132,2018-12-31,3.833180006133088e-4,0.05,fixed q=0.05,0.007666360012266176
260220,Bom Jardim,15,39132,2018-12-31,3.833180006133088e-4,0.1,fixed q=0.10,0.003833180006133088
260220,Bom Jardim,15,39132,2018-12-31,3.833180006133088e-4,0.15,fixed q=0.15,0.0025554533374220587
260220,Bom Jardim,15,39132,2018-12-31,3.833180006133088e-4,0.2,fixed q=0.20,0.001916590003066544
260220,Bom Jardim,15,39132,2018-12-31,3.833180006133088e-4,0.25,fixed q=0.25,0.0015332720024532351
260220,Bom Jardim,15,39132,2018-12-31,3.833180006133088e-4,0.3,fixed q=0.30,0.0012777266687110293
260220,Bom Jardim,41,40038,2021-12-31,0.0010240271741845247,0.007454145308640366,global-q 2.5%,0.13737687310677163
260220,Bom Jardim,41,40038,2021-12-31,0.0010240271741845247,0.009820323685458794,global-q median,0.10427631583069182
260220,Bom Jardim,41,40038,2021-12-31,0.0010240271741845247,0.01510174051658718,global-q 97.5%,0.06780855313066544
260220,Bom Jardim,41,40038,2021-12-31,0.0010240271741845247,0.05,fixed q=0.05,0.020480543483690494
260220,Bom Jardim,41,40038,2021-12-31,0.0010240271741845247,0.1,fixed q=0.10,0.010240271741845247
260220,Bom Jardim,41,40038,2021-12-31,0.0010240271741845247,0.15,fixed q=0.15,0.006826847827896831
260220,Bom Jardim,41,40038,2021-12-31,0.0010240271741845247,0.2,fixed q=0.20,0.0051201358709226236
260220,Bom Jardim,41,40038,2021-12-31,0.0010240271741845247,0.25,fixed q=0.25,0.004096108696738099
260220,Bom Jardim,41,40038,2021-12-31,0.0010240271741845247,0.3,fixed q=0.30,0.0034134239139484157
260220,Bom Jardim,57,37629,2022-12-31,0.0015147891254085944,0.007454145308640366,global-q 2.5%,0.20321432742299084
260220,Bom Jardim,57,37629,2022-12-31,0.0015147891254085944,0.009820323685458794,global-q median,0.15425042737151134
260220,Bom Jardim,57,37629,2022-12-31,0.0015147891254085944,0.01510174051658718,global-q 97.5%,0.10030559879801983
260220,Bom Jardim,57,37629,2022-12-31,0.0015147891254085944,0.05,fixed q=0.05,0.030295782508171887
260220,Bom Jardim,57,37629,2022-12-31,0.0015147891254085944,0.1,fixed q=0.10,0.015147891254085943
260220,Bom Jardim,57,37629,2022-12-31,0.0015147891254085944,0.15,fixed q=0.15,0.01009859416939063
260220,Bom Jardim,57,37629,2022-12-31,0.0015147891254085944,0.2,fixed q=0.20,0.007573945627042972
260220,Bom Jardim,57,37629,2022-12-31,0.0015147891254085944,0.25,fixed q=0.25,0.006059156501634378
260220,Bom Jardim,57,37629,2022-12-31,0.0015147891254085944,0.3,fixed q=0.30,0.005049297084695315
260220,Bom Jardim,63,39289,2025-12-21,0.0016035022525388786,0.007454145308640366,global-q 2.5%,0.215115507700152
260220,Bom Jardim,63,39289,2025-12-21,0.0016035022525388786,0.009820323685458794,global-q median,0.16328405293943882
260220,Bom Jardim,63,39289,2025-12-21,0.0016035022525388786,0.01510174051658718,global-q 97.5%,0.10617996321534279
260220,Bom Jardim,63,39289,2025-12-21,0.0016035022525388786,0.05,fixed q=0.05,0.03207004505077757
260220,Bom Jardim,63,39289,2025-12-21,0.0016035022525388786,0.1,fixed q=0.10,0.016035022525388784
260220,Bom Jardim,63,39289,2025-12-21,0.0016035022525388786,0.15,fixed q=0.15,0.010690015016925857
260220,Bom Jardim,63,39289,2025-12-21,0.0016035022525388786,0.2,fixed q=0.20,0.008017511262694392
260220,Bom Jardim,63,39289,2025-12-21,0.0016035022525388786,0.25,fixed q=0.25,0.0064140090101555145
260220,Bom Jardim,63,39289,2025-12-21,0.0016035022525388786,0.3,fixed q=0.30,0.005345007508462929
260230,Bonito,0,38069,2016-12-31,0,0.007454145308640366,global-q 2.5%,0
260230,Bonito,0,38069,2016-12-31,0,0.009820323685458794,global-q median,0
260230,Bonito,0,38069,2016-12-31,0,0.01510174051658718,global-q 97.5%,0
260230,Bonito,0,38069,2016-12-31,0,0.05,fixed q=0.05,0
260230,Bonito,0,38069,2016-12-31,0,0.1,fixed q=0.10,0
260230,Bonito,0,38069,2016-12-31,0,0.15,fixed q=0.15,0
260230,Bonito,0,38069,2016-12-31,0,0.2,fixed q=0.20,0
260230,Bonito,0,38069,2016-12-31,0,0.25,fixed q=0.25,0
260230,Bonito,0,38069,2016-12-31,0,0.3,fixed q=0.30,0
260230,Bonito,6,38152,2018-12-31,1.5726567414552317e-4,0.007454145308640366,global-q 2.5%,0.02109774731158392
260230,Bonito,6,38152,2018-12-31,1.5726567414552317e-4,0.009820323685458794,global-q median,0.016014306573050183
260230,Bonito,6,38152,2018-12-31,1.5726567414552317e-4,0.01510174051658718,global-q 97.5%,0.010413744956933176
260230,Bonito,6,38152,2018-12-31,1.5726567414552317e-4,0.05,fixed q=0.05,0.003145313482910463
260230,Bonito,6,38152,2018-12-31,1.5726567414552317e-4,0.1,fixed q=0.10,0.0015726567414552316
260230,Bonito,6,38152,2018-12-31,1.5726567414552317e-4,0.15,fixed q=0.15,0.0010484378276368212
260230,Bonito,6,38152,2018-12-31,1.5726567414552317e-4,0.2,fixed q=0.20,7.863283707276158e-4
260230,Bonito,6,38152,2018-12-31,1.5726567414552317e-4,0.25,fixed q=0.25,6.290626965820927e-4
260230,Bonito,6,38152,2018-12-31,1.5726567414552317e-4,0.3,fixed q=0.30,5.242189138184106e-4
260230,Bonito,8,37474,2022-12-31,2.134813470673e-4,0.007454145308640366,global-q 2.5%,0.028639278982104912
260230,Bonito,8,37474,2022-12-31,2.134813470673e-4,0.009820323685458794,global-q median,0.021738728162637583
260230,Bonito,8,37474,2022-12-31,2.134813470673e-4,0.01510174051658718,global-q 97.5%,0.014136208129971519
260230,Bonito,8,37474,2022-12-31,2.134813470673e-4,0.05,fixed q=0.05,0.004269626941346
260230,Bonito,8,37474,2022-12-31,2.134813470673e-4,0.1,fixed q=0.10,0.002134813470673
260230,Bonito,8,37474,2022-12-31,2.134813470673e-4,0.15,fixed q=0.15,0.0014232089804486667
260230,Bonito,8,37474,2022-12-31,2.134813470673e-4,0.2,fixed q=0.20,0.0010674067353365
260230,Bonito,8,37474,2022-12-31,2.134813470673e-4,0.25,fixed q=0.25,8.539253882692e-4
260230,Bonito,8,37474,2022-12-31,2.134813470673e-4,0.3,fixed q=0.30,7.116044902243334e-4
260230,Bonito,8,38101,2021-12-31,2.099682423033516e-4,0.007454145308640366,global-q 2.5%,0.028167983532594934
260230,Bonito,8,38101,2021-12-31,2.099682423033516e-4,0.009820323685458794,global-q median,0.02138098997839114
260230,Bonito,8,38101,2021-12-31,2.099682423033516e-4,0.01510174051658718,global-q 97.5%,0.013903578999568324
260230,Bonito,8,38101,2021-12-31,2.099682423033516e-4,0.05,fixed q=0.05,0.004199364846067032
260230,Bonito,8,38101,2021-12-31,2.099682423033516e-4,0.1,fixed q=0.10,0.002099682423033516
260230,Bonito,8,38101,2021-12-31,2.099682423033516e-4,0.15,fixed q=0.15,0.0013997882820223442
260230,Bonito,8,38101,2021-12-31,2.099682423033516e-4,0.2,fixed q=0.20,0.001049841211516758
260230,Bonito,8,38101,2021-12-31,2.099682423033516e-4,0.25,fixed q=0.25,8.398729692134064e-4
260230,Bonito,8,38101,2021-12-31,2.099682423033516e-4,0.3,fixed q=0.30,6.998941410111721e-4
260230,Bonito,8,39212,2025-12-21,2.0401917780271344e-4,0.007454145308640366,global-q 2.5%,0.02736989545484544
260230,Bonito,8,39212,2025-12-21,2.0401917780271344e-4,0.009820323685458794,global-q median,0.02077519889744672
260230,Bonito,8,39212,2025-12-21,2.0401917780271344e-4,0.01510174051658718,global-q 97.5%,0.01350964662507785
260230,Bonito,8,39212,2025-12-21,2.0401917780271344e-4,0.05,fixed q=0.05,0.0040803835560542685
260230,Bonito,8,39212,2025-12-21,2.0401917780271344e-4,0.1,fixed q=0.10,0.0020401917780271343
260230,Bonito,8,39212,2025-12-21,2.0401917780271344e-4,0.15,fixed q=0.15,0.0013601278520180896
260230,Bonito,8,39212,2025-12-21,2.0401917780271344e-4,0.2,fixed q=0.20,0.0010200958890135671
260230,Bonito,8,39212,2025-12-21,2.0401917780271344e-4,0.25,fixed q=0.25,8.160767112108538e-4
260230,Bonito,8,39212,2025-12-21,2.0401917780271344e-4,0.3,fixed q=0.30,6.800639260090448e-4
260240,Brejão,0,8980,2016-12-31,0,0.007454145308640366,global-q 2.5%,0
260240,Brejão,0,8980,2016-12-31,0,0.009820323685458794,global-q median,0
260240,Brejão,0,8980,2016-12-31,0,0.01510174051658718,global-q 97.5%,0
260240,Brejão,0,8980,2016-12-31,0,0.05,fixed q=0.05,0
260240,Brejão,0,8980,2016-12-31,0,0.1,fixed q=0.10,0
260240,Brejão,0,8980,2016-12-31,0,0.15,fixed q=0.15,0
260240,Brejão,0,8980,2016-12-31,0,0.2,fixed q=0.20,0
260240,Brejão,0,8980,2016-12-31,0,0.25,fixed q=0.25,0
260240,Brejão,0,8980,2016-12-31,0,0.3,fixed q=0.30,0
260240,Brejão,0,8981,2021-12-31,0,0.007454145308640366,global-q 2.5%,0
260240,Brejão,0,8981,2021-12-31,0,0.009820323685458794,global-q median,0
260240,Brejão,0,8981,2021-12-31,0,0.01510174051658718,global-q 97.5%,0
260240,Brejão,0,8981,2021-12-31,0,0.05,fixed q=0.05,0
260240,Brejão,0,8981,2021-12-31,0,0.1,fixed q=0.10,0
260240,Brejão,0,8981,2021-12-31,0,0.15,fixed q=0.15,0
260240,Brejão,0,8981,2021-12-31,0,0.2,fixed q=0.20,0
260240,Brejão,0,8981,2021-12-31,0,0.25,fixed q=0.25,0
260240,Brejão,0,8981,2021-12-31,0,0.3,fixed q=0.30,0
260240,Brejão,0,8999,2018-12-31,0,0.007454145308640366,global-q 2.5%,0
260240,Brejão,0,8999,2018-12-31,0,0.009820323685458794,global-q median,0
260240,Brejão,0,8999,2018-12-31,0,0.01510174051658718,global-q 97.5%,0
260240,Brejão,0,8999,2018-12-31,0,0.05,fixed q=0.05,0
260240,Brejão,0,8999,2018-12-31,0,0.1,fixed q=0.10,0
260240,Brejão,0,8999,2018-12-31,0,0.15,fixed q=0.15,0
260240,Brejão,0,8999,2018-12-31,0,0.2,fixed q=0.20,0
260240,Brejão,0,8999,2018-12-31,0,0.25,fixed q=0.25,0
260240,Brejão,0,8999,2018-12-31,0,0.3,fixed q=0.30,0
260240,Brejão,0,9079,2022-12-31,0,0.007454145308640366,global-q 2.5%,0
260240,Brejão,0,9079,2022-12-31,0,0.009820323685458794,global-q median,0
260240,Brejão,0,9079,2022-12-31,0,0.01510174051658718,global-q 97.5%,0
260240,Brejão,0,9079,2022-12-31,0,0.05,fixed q=0.05,0
260240,Brejão,0,9079,2022-12-31,0,0.1,fixed q=0.10,0
260240,Brejão,0,9079,2022-12-31,0,0.15,fixed q=0.15,0
260240,Brejão,0,9079,2022-12-31,0,0.2,fixed q=0.20,0
260240,Brejão,0,9079,2022-12-31,0,0.25,fixed q=0.25,0
260240,Brejão,0,9079,2022-12-31,0,0.3,fixed q=0.30,0
260240,Brejão,0,9417,2025-12-21,0,0.007454145308640366,global-q 2.5%,0
260240,Brejão,0,9417,2025-12-21,0,0.009820323685458794,global-q median,0
260240,Brejão,0,9417,2025-12-21,0,0.01510174051658718,global-q 97.5%,0
260240,Brejão,0,9417,2025-12-21,0,0.05,fixed q=0.05,0
260240,Brejão,0,9417,2025-12-21,0,0.1,fixed q=0.10,0
260240,Brejão,0,9417,2025-12-21,0,0.15,fixed q=0.15,0
260240,Brejão,0,9417,2025-12-21,0,0.2,fixed q=0.20,0
260240,Brejão,0,9417,2025-12-21,0,0.25,fixed q=0.25,0
260240,Brejão,0,9417,2025-12-21,0,0.3,fixed q=0.30,0
260250,Brejinho,5,7464,2016-12-31,6.698821007502679e-4,0.007454145308640366,global-q 2.5%,0.08986705692117158
260250,Brejinho,5,7464,2016-12-31,6.698821007502679e-4,0.009820323685458794,global-q median,0.06821385141736006
260250,Brejinho,5,7464,2016-12-31,6.698821007502679e-4,0.01510174051658718,global-q 97.5%,0.044357940067536905
260250,Brejinho,5,7464,2016-12-31,6.698821007502679e-4,0.05,fixed q=0.05,0.013397642015005358
260250,Brejinho,5,7464,2016-12-31,6.698821007502679e-4,0.1,fixed q=0.10,0.006698821007502679
260250,Brejinho,5,7464,2016-12-31,6.698821007502679e-4,0.15,fixed q=0.15,0.004465880671668453
260250,Brejinho,5,7464,2016-12-31,6.698821007502679e-4,0.2,fixed q=0.20,0.0033494105037513394
260250,Brejinho,5,7464,2016-12-31,6.698821007502679e-4,0.25,fixed q=0.25,0.0026795284030010718
260250,Brejinho,5,7464,2016-12-31,6.698821007502679e-4,0.3,fixed q=0.30,0.0022329403358342264
260250,Brejinho,5,7486,2018-12-31,6.679134384183809e-4,0.007454145308640366,global-q 2.5%,0.08960295389522104
260250,Brejinho,5,7486,2018-12-31,6.679134384183809e-4,0.009820323685458794,global-q median,0.06801338324594916
260250,Brejinho,5,7486,2018-12-31,6.679134384183809e-4,0.01510174051658718,global-q 97.5%,0.04422758010474158
260250,Brejinho,5,7486,2018-12-31,6.679134384183809e-4,0.05,fixed q=0.05,0.013358268768367617
260250,Brejinho,5,7486,2018-12-31,6.679134384183809e-4,0.1,fixed q=0.10,0.006679134384183809
260250,Brejinho,5,7486,2018-12-31,6.679134384183809e-4,0.15,fixed q=0.15,0.004452756256122539
260250,Brejinho,5,7486,2018-12-31,6.679134384183809e-4,0.2,fixed q=0.20,0.0033395671920919043
260250,Brejinho,5,7486,2018-12-31,6.679134384183809e-4,0.25,fixed q=0.25,0.0026716537536735237
260250,Brejinho,5,7486,2018-12-31,6.679134384183809e-4,0.3,fixed q=0.30,0.0022263781280612697
260250,Brejinho,12,7489,2021-12-31,0.0016023501134997996,0.007454145308640366,global-q 2.5%,0.21496094416652414
260250,Brejinho,12,7489,2021-12-31,0.0016023501134997996,0.009820323685458794,global-q median,0.1631667310388598
260250,Brejinho,12,7489,2021-12-31,0.0016023501134997996,0.01510174051658718,global-q 97.5%,0.10610367141057939
260250,Brejinho,12,7489,2021-12-31,0.0016023501134997996,0.05,fixed q=0.05,0.03204700226999599
260250,Brejinho,12,7489,2021-12-31,0.0016023501134997996,0.1,fixed q=0.10,0.016023501134997994
260250,Brejinho,12,7489,2021-12-31,0.0016023501134997996,0.15,fixed q=0.15,0.010682334089998665
260250,Brejinho,12,7489,2021-12-31,0.0016023501134997996,0.2,fixed q=0.20,0.008011750567498997
260250,Brejinho,12,7489,2021-12-31,0.0016023501134997996,0.25,fixed q=0.25,0.0064094004539991985
260250,Brejinho,12,7489,2021-12-31,0.0016023501134997996,0.3,fixed q=0.30,0.005341167044999332
260250,Brejinho,14,7720,2022-12-31,0.0018134715025906736,0.007454145308640366,global-q 2.5%,0.24328362642577062
260250,Brejinho,14,7720,2022-12-31,0.0018134715025906736,0.009820323685458794,global-q median,0.18466514553648852
260250,Brejinho,14,7720,2022-12-31,0.0018134715025906736,0.01510174051658718,global-q 97.5%,0.12008360894552686
260250,Brejinho,14,7720,2022-12-31,0.0018134715025906736,0.05,fixed q=0.05,0.03626943005181347
260250,Brejinho,14,7720,2022-12-31,0.0018134715025906736,0.1,fixed q=0.10,0.018134715025906734
260250,Brejinho,14,7720,2022-12-31,0.0018134715025906736,0.15,fixed q=0.15,0.012089810017271158
260250,Brejinho,14,7720,2022-12-31,0.0018134715025906736,0.2,fixed q=0.20,0.009067357512953367
260250,Brejinho,14,7720,2022-12-31,0.0018134715025906736,0.25,fixed q=0.25,0.007253886010362694
260250,Brejinho,14,7720,2022-12-31,0.0018134715025906736,0.3,fixed q=0.30,0.006044905008635579
260250,Brejinho,15,8033,2025-12-21,0.0018672973982322917,0.007454145308640366,global-q 2.5%,0.25050456100820045
260250,Brejinho,15,8033,2025-12-21,0.0018672973982322917,0.009820323685458794,global-q median,0.19014621697218057
260250,Brejinho,15,8033,2025-12-21,0.0018672973982322917,0.01510174051658718,global-q 97.5%,0.12364782696281419
260250,Brejinho,15,8033,2025-12-21,0.0018672973982322917,0.05,fixed q=0.05,0.03734594796464583
260250,Brejinho,15,8033,2025-12-21,0.0018672973982322917,0.1,fixed q=0.10,0.018672973982322916
260250,Brejinho,15,8033,2025-12-21,0.0018672973982322917,0.15,fixed q=0.15,0.012448649321548612
260250,Brejinho,15,8033,2025-12-21,0.0018672973982322917,0.2,fixed q=0.20,0.009336486991161458
260250,Brejinho,15,8033,2025-12-21,0.0018672973982322917,0.25,fixed q=0.25,0.007469189592929167
260250,Brejinho,15,8033,2025-12-21,0.0018672973982322917,0.3,fixed q=0.30,0.006224324660774306
260260,Brejo da Madre de Deus,13,49624,2016-12-31,2.619700145091085e-4,0.007454145308640366,global-q 2.5%,0.03514420549401548
260260,Brejo da Madre de Deus,13,49624,2016-12-31,2.619700145091085e-4,0.009820323685458794,global-q median,0.026676311586044176
260260,Brejo da Madre de Deus,13,49624,2016-12-31,2.619700145091085e-4,0.01510174051658718,global-q 97.5%,0.017347008063167985
260260,Brejo da Madre de Deus,13,49624,2016-12-31,2.619700145091085e-4,0.05,fixed q=0.05,0.005239400290182169
260260,Brejo da Madre de Deus,13,49624,2016-12-31,2.619700145091085e-4,0.1,fixed q=0.10,0.0026197001450910845
260260,Brejo da Madre de Deus,13,49624,2016-12-31,2.619700145091085e-4,0.15,fixed q=0.15,0.0017464667633940566
260260,Brejo da Madre de Deus,13,49624,2016-12-31,2.619700145091085e-4,0.2,fixed q=0.20,0.0013098500725455423
260260,Brejo da Madre de Deus,13,49624,2016-12-31,2.619700145091085e-4,0.25,fixed q=0.25,0.001047880058036434
260260,Brejo da Madre de Deus,13,49624,2016-12-31,2.619700145091085e-4,0.3,fixed q=0.30,8.732333816970283e-4
260260,Brejo da Madre de Deus,13,50249,2018-12-31,2.587116161515652e-4,0.007454145308640366,global-q 2.5%,0.03470707981124051
260260,Brejo da Madre de Deus,13,50249,2018-12-31,2.587116161515652e-4,0.009820323685458794,global-q median,0.02634451006280436
260260,Brejo da Madre de Deus,13,50249,2018-12-31,2.587116161515652e-4,0.01510174051658718,global-q 97.5%,0.01713124496261912
260260,Brejo da Madre de Deus,13,50249,2018-12-31,2.587116161515652e-4,0.05,fixed q=0.05,0.005174232323031304
260260,Brejo da Madre de Deus,13,50249,2018-12-31,2.587116161515652e-4,0.1,fixed q=0.10,0.002587116161515652
260260,Brejo da Madre de Deus,13,50249,2018-12-31,2.587116161515652e-4,0.15,fixed q=0.15,0.0017247441076771015
260260,Brejo da Madre de Deus,13,50249,2018-12-31,2.587116161515652e-4,0.2,fixed q=0.20,0.001293558080757826
260260,Brejo da Madre de Deus,13,50249,2018-12-31,2.587116161515652e-4,0.25,fixed q=0.25,0.0010348464646062609
260260,Brejo da Madre de Deus,13,50249,2018-12-31,2.587116161515652e-4,0.3,fixed q=0.30,8.623720538385507e-4
260260,Brejo da Madre de Deus,14,51696,2021-12-31,2.708139894769421e-4,0.007454145308640366,global-q 2.5%,0.03633065606636779
260260,Brejo da Madre de Deus,14,51696,2021-12-31,2.708139894769421e-4,0.009820323685458794,global-q median,0.027576890350156518
260260,Brejo da Madre de Deus,14,51696,2021-12-31,2.708139894769421e-4,0.01510174051658718,global-q 97.5%,0.01793263426685754
260260,Brejo da Madre de Deus,14,51696,2021-12-31,2.708139894769421e-4,0.05,fixed q=0.05,0.005416279789538842
260260,Brejo da Madre de Deus,14,51696,2021-12-31,2.708139894769421e-4,0.1,fixed q=0.10,0.002708139894769421
260260,Brejo da Madre de Deus,14,51696,2021-12-31,2.708139894769421e-4,0.15,fixed q=0.15,0.0018054265965129475
260260,Brejo da Madre de Deus,14,51696,2021-12-31,2.708139894769421e-4,0.2,fixed q=0.20,0.0013540699473847105
260260,Brejo da Madre de Deus,14,51696,2021-12-31,2.708139894769421e-4,0.25,fixed q=0.25,0.0010832559579077685
260260,Brejo da Madre de Deus,14,51696,2021-12-31,2.708139894769421e-4,0.3,fixed q=0.30,9.027132982564737e-4
260260,Brejo da Madre de Deus,22,48648,2022-12-31,4.52228251932248e-4,0.007454145308640366,global-q 2.5%,0.060668022047820035
260260,Brejo da Madre de Deus,22,48648,2022-12-31,4.52228251932248e-4,0.009820323685458794,global-q median,0.04605023891441318
260260,Brejo da Madre de Deus,22,48648,2022-12-31,4.52228251932248e-4,0.01510174051658718,global-q 97.5%,0.029945439165474843
260260,Brejo da Madre de Deus,22,48648,2022-12-31,4.52228251932248e-4,0.05,fixed q=0.05,0.00904456503864496
260260,Brejo da Madre de Deus,22,48648,2022-12-31,4.52228251932248e-4,0.1,fixed q=0.10,0.00452228251932248
260260,Brejo da Madre de Deus,22,48648,2022-12-31,4.52228251932248e-4,0.15,fixed q=0.15,0.0030148550128816535
260260,Brejo da Madre de Deus,22,48648,2022-12-31,4.52228251932248e-4,0.2,fixed q=0.20,0.00226114125966124
260260,Brejo da Madre de Deus,22,48648,2022-12-31,4.52228251932248e-4,0.25,fixed q=0.25,0.001808913007728992
260260,Brejo da Madre de Deus,22,48648,2022-12-31,4.52228251932248e-4,0.3,fixed q=0.30,0.0015074275064408268
260260,Brejo da Madre de Deus,24,51308,2025-12-21,4.677633117642473e-4,0.007454145308640366,global-q 2.5%,0.06275210535834955
260260,Brejo da Madre de Deus,24,51308,2025-12-21,4.677633117642473e-4,0.009820323685458794,global-q median,0.047632168424028266
260260,Brejo da Madre de Deus,24,51308,2025-12-21,4.677633117642473e-4,0.01510174051658718,global-q 97.5%,0.030974132501513568
260260,Brejo da Madre de Deus,24,51308,2025-12-21,4.677633117642473e-4,0.05,fixed q=0.05,0.009355266235284945
260260,Brejo da Madre de Deus,24,51308,2025-12-21,4.677633117642473e-4,0.1,fixed q=0.10,0.004677633117642473
260260,Brejo da Madre de Deus,24,51308,2025-12-21,4.677633117642473e-4,0.15,fixed q=0.15,0.0031184220784283155
260260,Brejo da Madre de Deus,24,51308,2025-12-21,4.677633117642473e-4,0.2,fixed q=0.20,0.0023388165588212363
260260,Brejo da Madre de Deus,24,51308,2025-12-21,4.677633117642473e-4,0.25,fixed q=0.25,0.0018710532470569891
260260,Brejo da Madre de Deus,24,51308,2025-12-21,4.677633117642473e-4,0.3,fixed q=0.30,0.0015592110392141578
260270,Buenos Aires,0,13050,2016-12-31,0,0.007454145308640366,global-q 2.5%,0
260270,Buenos Aires,0,13050,2016-12-31,0,0.009820323685458794,global-q median,0
260270,Buenos Aires,0,13050,2016-12-31,0,0.01510174051658718,global-q 97.5%,0
260270,Buenos Aires,0,13050,2016-12-31,0,0.05,fixed q=0.05,0
260270,Buenos Aires,0,13050,2016-12-31,0,0.1,fixed q=0.10,0
260270,Buenos Aires,0,13050,2016-12-31,0,0.15,fixed q=0.15,0
260270,Buenos Aires,0,13050,2016-12-31,0,0.2,fixed q=0.20,0
260270,Buenos Aires,0,13050,2016-12-31,0,0.25,fixed q=0.25,0
260270,Buenos Aires,0,13050,2016-12-31,0,0.3,fixed q=0.30,0
260270,Buenos Aires,1,13119,2018-12-31,7.622532205198568e-5,0.007454145308640366,global-q 2.5%,0.01022589698695975
260270,Buenos Aires,1,13119,2018-12-31,7.622532205198568e-5,0.009820323685458794,global-q median,0.007761996904934454
260270,Buenos Aires,1,13119,2018-12-31,7.622532205198568e-5,0.01510174051658718,global-q 97.5%,0.005047452773292103
260270,Buenos Aires,1,13119,2018-12-31,7.622532205198568e-5,0.05,fixed q=0.05,0.0015245064410397133
260270,Buenos Aires,1,13119,2018-12-31,7.622532205198568e-5,0.1,fixed q=0.10,7.622532205198567e-4
260270,Buenos Aires,1,13119,2018-12-31,7.622532205198568e-5,0.15,fixed q=0.15,5.081688136799045e-4
260270,Buenos Aires,1,13119,2018-12-31,7.622532205198568e-5,0.2,fixed q=0.20,3.8112661025992833e-4
260270,Buenos Aires,1,13119,2018-12-31,7.622532205198568e-5,0.25,fixed q=0.25,3.049012882079427e-4
260270,Buenos Aires,1,13119,2018-12-31,7.622532205198568e-5,0.3,fixed q=0.30,2.5408440683995226e-4
260270,Buenos Aires,7,13224,2021-12-31,5.29340592861464e-4,0.007454145308640366,global-q 2.5%,0.0710129157594884
260270,Buenos Aires,7,13224,2021-12-31,5.29340592861464e-4,0.009820323685458794,global-q median,0.05390256062997926
260270,Buenos Aires,7,13224,2021-12-31,5.29340592861464e-4,0.01510174051658718,global-q 97.5%,0.035051628140481975
260270,Buenos Aires,7,13224,2021-12-31,5.29340592861464e-4,0.05,fixed q=0.05,0.01058681185722928
260270,Buenos Aires,7,13224,2021-12-31,5.29340592861464e-4,0.1,fixed q=0.10,0.00529340592861464
260270,Buenos Aires,7,13224,2021-12-31,5.29340592861464e-4,0.15,fixed q=0.15,0.0035289372857430935
260270,Buenos Aires,7,13224,2021-12-31,5.29340592861464e-4,0.2,fixed q=0.20,0.00264670296430732
260270,Buenos Aires,7,13224,2021-12-31,5.29340592861464e-4,0.25,fixed q=0.25,0.002117362371445856
260270,Buenos Aires,7,13224,2021-12-31,5.29340592861464e-4,0.3,fixed q=0.30,0.0017644686428715467
260270,Buenos Aires,8,12808,2022-12-31,6.246096189881324e-4,0.007454145308640366,global-q 2.5%,0.08379359311175824
260270,Buenos Aires,8,12808,2022-12-31,6.246096189881324e-4,0.009820323685458794,global-q median,0.06360377101551223
260270,Buenos Aires,8,12808,2022-12-31,6.246096189881324e-4,0.01510174051658718,global-q 97.5%,0.04136010801550224
260270,Buenos Aires,8,12808,2022-12-31,6.246096189881324e-4,0.05,fixed q=0.05,0.012492192379762648
260270,Buenos Aires,8,12808,2022-12-31,6.246096189881324e-4,0.1,fixed q=0.10,0.006246096189881324
260270,Buenos Aires,8,12808,2022-12-31,6.246096189881324e-4,0.15,fixed q=0.15,0.00416406412658755
260270,Buenos Aires,8,12808,2022-12-31,6.246096189881324e-4,0.2,fixed q=0.20,0.003123048094940662
260270,Buenos Aires,8,12808,2022-12-31,6.246096189881324e-4,0.25,fixed q=0.25,0.0024984384759525295
260270,Buenos Aires,8,12808,2022-12-31,6.246096189881324e-4,0.3,fixed q=0.30,0.002082032063293775
260270,Buenos Aires,9,13276,2025-12-21,6.779150346489907e-4,0.007454145308640366,global-q 2.5%,0.09094470346093135
260270,Buenos Aires,9,13276,2025-12-21,6.779150346489907e-4,0.009820323685458794,global-q median,0.0690318421634917
260270,Buenos Aires,9,13276,2025-12-21,6.779150346489907e-4,0.01510174051658718,global-q 97.5%,0.04488986113252274
260270,Buenos Aires,9,13276,2025-12-21,6.779150346489907e-4,0.05,fixed q=0.05,0.013558300692979813
260270,Buenos Aires,9,13276,2025-12-21,6.779150346489907e-4,0.1,fixed q=0.10,0.0067791503464899065
260270,Buenos Aires,9,13276,2025-12-21,6.779150346489907e-4,0.15,fixed q=0.15,0.004519433564326604
260270,Buenos Aires,9,13276,2025-12-21,6.779150346489907e-4,0.2,fixed q=0.20,0.0033895751732449532
260270,Buenos Aires,9,13276,2025-12-21,6.779150346489907e-4,0.25,fixed q=0.25,0.0027116601385959627
260270,Buenos Aires,9,13276,2025-12-21,6.779150346489907e-4,0.3,fixed q=0.30,0.002259716782163302
260280,Buíque,1,57120,2016-12-31,1.7507002801120447e-5,0.007454145308640366,global-q 2.5%,0.002348626445586921
260280,Buíque,1,57120,2016-12-31,1.7507002801120447e-5,0.009820323685458794,global-q median,0.0017827317471259645
260280,Buíque,1,57120,2016-12-31,1.7507002801120447e-5,0.01510174051658718,global-q 97.5%,0.0011592705345381492
260280,Buíque,1,57120,2016-12-31,1.7507002801120447e-5,0.05,fixed q=0.05,3.501400560224089e-4
260280,Buíque,1,57120,2016-12-31,1.7507002801120447e-5,0.1,fixed q=0.10,1.7507002801120446e-4
260280,Buíque,1,57120,2016-12-31,1.7507002801120447e-5,0.15,fixed q=0.15,1.1671335200746965e-4
260280,Buíque,1,57120,2016-12-31,1.7507002801120447e-5,0.2,fixed q=0.20,8.753501400560223e-5
260280,Buíque,1,57120,2016-12-31,1.7507002801120447e-5,0.25,fixed q=0.25,7.002801120448179e-5
260280,Buíque,1,57120,2016-12-31,1.7507002801120447e-5,0.3,fixed q=0.30,5.835667600373482e-5
260280,Buíque,9,57825,2018-12-31,1.556420233463035e-4,0.007454145308640366,global-q 2.5%,0.020879928804968865
260280,Buíque,9,57825,2018-12-31,1.556420233463035e-4,0.009820323685458794,global-q median,0.015848970800908187
260280,Buíque,9,57825,2018-12-31,1.556420233463035e-4,0.01510174051658718,global-q 97.5%,0.01030623080666445
260280,Buíque,9,57825,2018-12-31,1.556420233463035e-4,0.05,fixed q=0.05,0.0031128404669260703
260280,Buíque,9,57825,2018-12-31,1.556420233463035e-4,0.1,fixed q=0.10,0.0015564202334630351
260280,Buíque,9,57825,2018-12-31,1.556420233463035e-4,0.15,fixed q=0.15,0.001037613488975357
260280,Buíque,9,57825,2018-12-31,1.556420233463035e-4,0.2,fixed q=0.20,7.782101167315176e-4
260280,Buíque,9,57825,2018-12-31,1.556420233463035e-4,0.25,fixed q=0.25,6.22568093385214e-4
260280,Buíque,9,57825,2018-12-31,1.556420233463035e-4,0.3,fixed q=0.30,5.188067444876784e-4
260280,Buíque,17,59448,2021-12-31,2.8596420401022743e-4,0.007454145308640366,global-q 2.5%,0.038363111016732676
260280,Buíque,17,59448,2021-12-31,2.8596420401022743e-4,0.009820323685458794,global-q median,0.02911963120255007
260280,Buíque,17,59448,2021-12-31,2.8596420401022743e-4,0.01510174051658718,global-q 97.5%,0.018935844096654633
260280,Buíque,17,59448,2021-12-31,2.8596420401022743e-4,0.05,fixed q=0.05,0.0057192840802045486
260280,Buíque,17,59448,2021-12-31,2.8596420401022743e-4,0.1,fixed q=0.10,0.0028596420401022743
260280,Buíque,17,59448,2021-12-31,2.8596420401022743e-4,0.15,fixed q=0.15,0.0019064280267348495
260280,Buíque,17,59448,2021-12-31,2.8596420401022743e-4,0.2,fixed q=0.20,0.0014298210200511371
260280,Buíque,17,59448,2021-12-31,2.8596420401022743e-4,0.25,fixed q=0.25,0.0011438568160409097
260280,Buíque,17,59448,2021-12-31,2.8596420401022743e-4,0.3,fixed q=0.30,9.532140133674248e-4
260280,Buíque,68,52097,2022-12-31,0.0013052575004318867,0.007454145308640366,global-q 2.5%,0.17510491765151345
260280,Buíque,68,52097,2022-12-31,0.0013052575004318867,0.009820323685458794,global-q median,0.1329138979771731
260280,Buíque,68,52097,2022-12-31,0.0013052575004318867,0.01510174051658718,global-q 97.5%,0.08643093152065759
260280,Buíque,68,52097,2022-12-31,0.0013052575004318867,0.05,fixed q=0.05,0.026105150008637733
260280,Buíque,68,52097,2022-12-31,0.0013052575004318867,0.1,fixed q=0.10,0.013052575004318867
260280,Buíque,68,52097,2022-12-31,0.0013052575004318867,0.15,fixed q=0.15,0.008701716669545912
260280,Buíque,68,52097,2022-12-31,0.0013052575004318867,0.2,fixed q=0.20,0.006526287502159433
260280,Buíque,68,52097,2022-12-31,0.0013052575004318867,0.25,fixed q=0.25,0.005221030001727547
260280,Buíque,68,52097,2022-12-31,0.0013052575004318867,0.3,fixed q=0.30,0.004350858334772956
260280,Buíque,102,53489,2025-12-21,0.0019069341359905774,0.007454145308640366,global-q 2.5%,0.25582196979446886
260280,Buíque,102,53489,2025-12-21,0.0019069341359905774,0.009820323685458794,global-q median,0.1941824116056606
260280,Buíque,102,53489,2025-12-21,0.0019069341359905774,0.01510174051658718,global-q 97.5%,0.12627247395067298
260280,Buíque,102,53489,2025-12-21,0.0019069341359905774,0.05,fixed q=0.05,0.038138682719811544
260280,Buíque,102,53489,2025-12-21,0.0019069341359905774,0.1,fixed q=0.10,0.019069341359905772
260280,Buíque,102,53489,2025-12-21,0.0019069341359905774,0.15,fixed q=0.15,0.012712894239937184
260280,Buíque,102,53489,2025-12-21,0.0019069341359905774,0.2,fixed q=0.20,0.009534670679952886
260280,Buíque,102,53489,2025-12-21,0.0019069341359905774,0.25,fixed q=0.25,0.00762773654396231
260280,Buíque,102,53489,2025-12-21,0.0019069341359905774,0.3,fixed q=0.30,0.006356447119968592
260290,Cabo de Santo Agostinho,385,202636,2016-12-31,0.0018999585463589886,0.007454145308640366,global-q 2.5%,0.2548861697338632
260290,Cabo de Santo Agostinho,385,202636,2016-12-31,0.0018999585463589886,0.009820323685458794,global-q median,0.19347208984285377
260290,Cabo de Santo Agostinho,385,202636,2016-12-31,0.0018999585463589886,0.01510174051658718,global-q 97.5%,0.12581056761451742
260290,Cabo de Santo Agostinho,385,202636,2016-12-31,0.0018999585463589886,0.05,fixed q=0.05,0.03799917092717977
260290,Cabo de Santo Agostinho,385,202636,2016-12-31,0.0018999585463589886,0.1,fixed q=0.10,0.018999585463589885
260290,Cabo de Santo Agostinho,385,202636,2016-12-31,0.0018999585463589886,0.15,fixed q=0.15,0.012666390309059925
260290,Cabo de Santo Agostinho,385,202636,2016-12-31,0.0018999585463589886,0.2,fixed q=0.20,0.009499792731794942
260290,Cabo de Santo Agostinho,385,202636,2016-12-31,0.0018999585463589886,0.25,fixed q=0.25,0.0075998341854359545
260290,Cabo de Santo Agostinho,385,202636,2016-12-31,0.0018999585463589886,0.3,fixed q=0.30,0.006333195154529962
260290,Cabo de Santo Agostinho,467,205112,2018-12-31,0.0022768048675845393,0.007454145308640366,global-q 2.5%,0.3054414387314684
260290,Cabo de Santo Agostinho,467,205112,2018-12-31,0.0022768048675845393,0.009820323685458794,global-q median,0.231846214087206
260290,Cabo de Santo Agostinho,467,205112,2018-12-31,0.0022768048675845393,0.01510174051658718,global-q 97.5%,0.15076440130088203
260290,Cabo de Santo Agostinho,467,205112,2018-12-31,0.0022768048675845393,0.05,fixed q=0.05,0.045536097351690785
260290,Cabo de Santo Agostinho,467,205112,2018-12-31,0.0022768048675845393,0.1,fixed q=0.10,0.022768048675845393
260290,Cabo de Santo Agostinho,467,205112,2018-12-31,0.0022768048675845393,0.15,fixed q=0.15,0.015178699117230262
260290,Cabo de Santo Agostinho,467,205112,2018-12-31,0.0022768048675845393,0.2,fixed q=0.20,0.011384024337922696
260290,Cabo de Santo Agostinho,467,205112,2018-12-31,0.0022768048675845393,0.25,fixed q=0.25,0.009107219470338157
260290,Cabo de Santo Agostinho,467,205112,2018-12-31,0.0022768048675845393,0.3,fixed q=0.30,0.007589349558615131
260290,Cabo de Santo Agostinho,2372,210796,2021-12-31,0.011252585438053853,0.007454145308640366,global-q 2.5%,1.5095741996081802
260290,Cabo de Santo Agostinho,2372,210796,2021-12-31,0.011252585438053853,0.009820323685458794,global-q median,1.145846694922678
260290,Cabo de Santo Agostinho,2372,210796,2021-12-31,0.011252585438053853,0.01510174051658718,global-q 97.5%,0.7451184468236915
260290,Cabo de Santo Agostinho,2372,210796,2021-12-31,0.011252585438053853,0.05,fixed q=0.05,0.22505170876107705
260290,Cabo de Santo Agostinho,2372,210796,2021-12-31,0.011252585438053853,0.1,fixed q=0.10,0.11252585438053853
260290,Cabo de Santo Agostinho,2372,210796,2021-12-31,0.011252585438053853,0.15,fixed q=0.15,0.07501723625369236
260290,Cabo de Santo Agostinho,2372,210796,2021-12-31,0.011252585438053853,0.2,fixed q=0.20,0.05626292719026926
260290,Cabo de Santo Agostinho,2372,210796,2021-12-31,0.011252585438053853,0.25,fixed q=0.25,0.04501034175221541
260290,Cabo de Santo Agostinho,2372,210796,2021-12-31,0.011252585438053853,0.3,fixed q=0.30,0.03750861812684618
260290,Cabo de Santo Agostinho,2430,203440,2022-12-31,0.011944553676759733,0.007454145308640366,global-q 2.5%,1.6024041901778294
260290,Cabo de Santo Agostinho,2430,203440,2022-12-31,0.011944553676759733,0.009820323685458794,global-q median,1.2163095697595325
260290,Cabo de Santo Agostinho,2430,203440,2022-12-31,0.011944553676759733,0.01510174051658718,global-q 97.5%,0.790938876458663
260290,Cabo de Santo Agostinho,2430,203440,2022-12-31,0.011944553676759733,0.05,fixed q=0.05,0.23889107353519465
260290,Cabo de Santo Agostinho,2430,203440,2022-12-31,0.011944553676759733,0.1,fixed q=0.10,0.11944553676759732
260290,Cabo de Santo Agostinho,2430,203440,2022-12-31,0.011944553676759733,0.15,fixed q=0.15,0.07963035784506489
260290,Cabo de Santo Agostinho,2430,203440,2022-12-31,0.011944553676759733,0.2,fixed q=0.20,0.05972276838379866
260290,Cabo de Santo Agostinho,2430,203440,2022-12-31,0.011944553676759733,0.25,fixed q=0.25,0.047778214707038934
260290,Cabo de Santo Agostinho,2430,203440,2022-12-31,0.011944553676759733,0.3,fixed q=0.30,0.039815178922532446
260290,Cabo de Santo Agostinho,2491,218049,2025-12-21,0.011424037716293127,0.007454145308640366,global-q 2.5%,1.5325751301160062
260290,Cabo de Santo Agostinho,2491,218049,2025-12-21,0.011424037716293127,0.009820323685458794,global-q median,1.1633056182464732
260290,Cabo de Santo Agostinho,2491,218049,2025-12-21,0.011424037716293127,0.01510174051658718,global-q 97.5%,0.7564715937044075
260290,Cabo de Santo Agostinho,2491,218049,2025-12-21,0.011424037716293127,0.05,fixed q=0.05,0.22848075432586254
260290,Cabo de Santo Agostinho,2491,218049,2025-12-21,0.011424037716293127,0.1,fixed q=0.10,0.11424037716293127
260290,Cabo de Santo Agostinho,2491,218049,2025-12-21,0.011424037716293127,0.15,fixed q=0.15,0.07616025144195418
260290,Cabo de Santo Agostinho,2491,218049,2025-12-21,0.011424037716293127,0.2,fixed q=0.20,0.057120188581465635
260290,Cabo de Santo Agostinho,2491,218049,2025-12-21,0.011424037716293127,0.25,fixed q=0.25,0.04569615086517251
260290,Cabo de Santo Agostinho,2491,218049,2025-12-21,0.011424037716293127,0.3,fixed q=0.30,0.03808012572097709
260300,Cabrobó,7,33557,2016-12-31,2.0860029204040887e-4,0.007454145308640366,global-q 2.5%,0.027984468158758966
260300,Cabrobó,7,33557,2016-12-31,2.0860029204040887e-4,0.009820323685458794,global-q median,0.02124169209914014
260300,Cabrobó,7,33557,2016-12-31,2.0860029204040887e-4,0.01510174051658718,global-q 97.5%,0.013812996707981454
260300,Cabrobó,7,33557,2016-12-31,2.0860029204040887e-4,0.05,fixed q=0.05,0.004172005840808177
260300,Cabrobó,7,33557,2016-12-31,2.0860029204040887e-4,0.1,fixed q=0.10,0.0020860029204040884
260300,Cabrobó,7,33557,2016-12-31,2.0860029204040887e-4,0.15,fixed q=0.15,0.0013906686136027258
260300,Cabrobó,7,33557,2016-12-31,2.0860029204040887e-4,0.2,fixed q=0.20,0.0010430014602020442
260300,Cabrobó,7,33557,2016-12-31,2.0860029204040887e-4,0.25,fixed q=0.25,8.344011681616355e-4
260300,Cabrobó,7,33557,2016-12-31,2.0860029204040887e-4,0.3,fixed q=0.30,6.953343068013629e-4
260300,Cabrobó,7,33934,2018-12-31,2.062827842282077e-4,0.007454145308640366,global-q 2.5%,0.02767356627581407
260300,Cabrobó,7,33934,2018-12-31,2.062827842282077e-4,0.009820323685458794,global-q median,0.021005701118961682
260300,Cabrobó,7,33934,2018-12-31,2.062827842282077e-4,0.01510174051658718,global-q 97.5%,0.013659537058104958
260300,Cabrobó,7,33934,2018-12-31,2.062827842282077e-4,0.05,fixed q=0.05,0.004125655684564153
260300,Cabrobó,7,33934,2018-12-31,2.062827842282077e-4,0.1,fixed q=0.10,0.0020628278422820767
260300,Cabrobó,7,33934,2018-12-31,2.062827842282077e-4,0.15,fixed q=0.15,0.0013752185615213846
260300,Cabrobó,7,33934,2018-12-31,2.062827842282077e-4,0.2,fixed q=0.20,0.0010314139211410384
260300,Cabrobó,7,33934,2018-12-31,2.062827842282077e-4,0.25,fixed q=0.25,8.251311369128308e-4
260300,Cabrobó,7,33934,2018-12-31,2.062827842282077e-4,0.3,fixed q=0.30,6.876092807606923e-4
260300,Cabrobó,38,34778,2021-12-31,0.0010926447754327447,0.007454145308640366,global-q 2.5%,0.1465821673970081
260300,Cabrobó,38,34778,2021-12-31,0.0010926447754327447,0.009820323685458794,global-q median,0.11126362128477006
260300,Cabrobó,38,34778,2021-12-31,0.0010926447754327447,0.01510174051658718,global-q 97.5%,0.07235224140109049
260300,Cabrobó,38,34778,2021-12-31,0.0010926447754327447,0.05,fixed q=0.05,0.021852895508654893
260300,Cabrobó,38,34778,2021-12-31,0.0010926447754327447,0.1,fixed q=0.10,0.010926447754327447
260300,Cabrobó,38,34778,2021-12-31,0.0010926447754327447,0.15,fixed q=0.15,0.007284298502884965
260300,Cabrobó,38,34778,2021-12-31,0.0010926447754327447,0.2,fixed q=0.20,0.005463223877163723
260300,Cabrobó,38,34778,2021-12-31,0.0010926447754327447,0.25,fixed q=0.25,0.004370579101730979
260300,Cabrobó,38,34778,2021-12-31,0.0010926447754327447,0.3,fixed q=0.30,0.0036421492514424826
260300,Cabrobó,96,30294,2022-12-31,0.0031689443454149336,0.007454145308640366,global-q 2.5%,0.4251251101506831
260300,Cabrobó,96,30294,2022-12-31,0.0031689443454149336,0.009820323685458794,global-q median,0.3226924536211847
260300,Cabrobó,96,30294,2022-12-31,0.0031689443454149336,0.01510174051658718,global-q 97.5%,0.2098396765547842
260300,Cabrobó,96,30294,2022-12-31,0.0031689443454149336,0.05,fixed q=0.05,0.06337888690829867
260300,Cabrobó,96,30294,2022-12-31,0.0031689443454149336,0.1,fixed q=0.10,0.031689443454149334
260300,Cabrobó,96,30294,2022-12-31,0.0031689443454149336,0.15,fixed q=0.15,0.021126295636099558
260300,Cabrobó,96,30294,2022-12-31,0.0031689443454149336,0.2,fixed q=0.20,0.015844721727074667
260300,Cabrobó,96,30294,2022-12-31,0.0031689443454149336,0.25,fixed q=0.25,0.012675777381659734
260300,Cabrobó,96,30294,2022-12-31,0.0031689443454149336,0.3,fixed q=0.30,0.010563147818049779
260300,Cabrobó,109,31762,2025-12-21,0.003431773817769662,0.007454145308640366,global-q 2.5%,0.4603846149593797
260300,Cabrobó,109,31762,2025-12-21,0.003431773817769662,0.009820323685458794,global-q median,0.34945628348800534
260300,Cabrobó,109,31762,2025-12-21,0.003431773817769662,0.01510174051658718,global-q 97.5%,0.2272435957961489
260300,Cabrobó,109,31762,2025-12-21,0.003431773817769662,0.05,fixed q=0.05,0.06863547635539323
260300,Cabrobó,109,31762,2025-12-21,0.003431773817769662,0.1,fixed q=0.10,0.034317738177696615
260300,Cabrobó,109,31762,2025-12-21,0.003431773817769662,0.15,fixed q=0.15,0.022878492118464412
260300,Cabrobó,109,31762,2025-12-21,0.003431773817769662,0.2,fixed q=0.20,0.017158869088848307
260300,Cabrobó,109,31762,2025-12-21,0.003431773817769662,0.25,fixed q=0.25,0.013727095271078647
260300,Cabrobó,109,31762,2025-12-21,0.003431773817769662,0.3,fixed q=0.30,0.011439246059232206
260310,Cachoeirinha,37,20082,2016-12-31,0.0018424459715167811,0.007454145308640366,global-q 2.5%,0.2471706540763481
260310,Cachoeirinha,37,20082,2016-12-31,0.0018424459715167811,0.009820323685458794,global-q median,0.18761560520097095
260310,Cachoeirinha,37,20082,2016-12-31,0.0018424459715167811,0.01510174051658718,global-q 97.5%,0.12200222679585232
260310,Cachoeirinha,37,20082,2016-12-31,0.0018424459715167811,0.05,fixed q=0.05,0.03684891943033562
260310,Cachoeirinha,37,20082,2016-12-31,0.0018424459715167811,0.1,fixed q=0.10,0.01842445971516781
260310,Cachoeirinha,37,20082,2016-12-31,0.0018424459715167811,0.15,fixed q=0.15,0.012282973143445208
260310,Cachoeirinha,37,20082,2016-12-31,0.0018424459715167811,0.2,fixed q=0.20,0.009212229857583906
260310,Cachoeirinha,37,20082,2016-12-31,0.0018424459715167811,0.25,fixed q=0.25,0.007369783886067125
260310,Cachoeirinha,37,20082,2016-12-31,0.0018424459715167811,0.3,fixed q=0.30,0.006141486571722604
260310,Cachoeirinha,38,20258,2018-12-31,0.0018758021522361536,0.007454145308640366,global-q 2.5%,0.25164550388652124
260310,Cachoeirinha,38,20258,2018-12-31,0.0018758021522361536,0.009820323685458794,global-q median,0.19101225298853458
260310,Cachoeirinha,38,20258,2018-12-31,0.0018758021522361536,0.01510174051658718,global-q 97.5%,0.12421099079115043
260310,Cachoeirinha,38,20258,2018-12-31,0.0018758021522361536,0.05,fixed q=0.05,0.03751604304472307
260310,Cachoeirinha,38,20258,2018-12-31,0.0018758021522361536,0.1,fixed q=0.10,0.018758021522361536
260310,Cachoeirinha,38,20258,2018-12-31,0.0018758021522361536,0.15,fixed q=0.15,0.012505347681574358
260310,Cachoeirinha,38,20258,2018-12-31,0.0018758021522361536,0.2,fixed q=0.20,0.009379010761180768
260310,Cachoeirinha,38,20258,2018-12-31,0.0018758021522361536,0.25,fixed q=0.25,0.007503208608944614
260310,Cachoeirinha,38,20258,2018-12-31,0.0018758021522361536,0.3,fixed q=0.30,0.006252673840787179
260310,Cachoeirinha,38,20618,2021-12-31,0.0018430497623435833,0.007454145308640366,global-q 2.5%,0.24725165475473604
260310,Cachoeirinha,38,20618,2021-12-31,0.0018430497623435833,0.009820323685458794,global-q median,0.18767708900192714
260310,Cachoeirinha,38,20618,2021-12-31,0.0018430497623435833,0.01510174051658718,global-q 97.5%,0.12204220833481062
260310,Cachoeirinha,38,20618,2021-12-31,0.0018430497623435833,0.05,fixed q=0.05,0.03686099524687166
260310,Cachoeirinha,38,20618,2021-12-31,0.0018430497623435833,0.1,fixed q=0.10,0.01843049762343583
260310,Cachoeirinha,38,20618,2021-12-31,0.0018430497623435833,0.15,fixed q=0.15,0.012286998415623888
260310,Cachoeirinha,38,20618,2021-12-31,0.0018430497623435833,0.2,fixed q=0.20,0.009215248811717916
260310,Cachoeirinha,38,20618,2021-12-31,0.0018430497623435833,0.25,fixed q=0.25,0.007372199049374333
260310,Cachoeirinha,38,20618,2021-12-31,0.0018430497623435833,0.3,fixed q=0.30,0.006143499207811944
260310,Cachoeirinha,41,19899,2022-12-31,0.0020604050454796725,0.007454145308640366,global-q 2.5%,0.2764106359841662
260310,Cachoeirinha,41,19899,2022-12-31,0.0020604050454796725,0.009820323685458794,global-q median,0.20981029866974418
260310,Cachoeirinha,41,19899,2022-12-31,0.0020604050454796725,0.01510174051658718,global-q 97.5%,0.13643493895399683
260310,Cachoeirinha,41,19899,2022-12-31,0.0020604050454796725,0.05,fixed q=0.05,0.04120810090959345
260310,Cachoeirinha,41,19899,2022-12-31,0.0020604050454796725,0.1,fixed q=0.10,0.020604050454796723
260310,Cachoeirinha,41,19899,2022-12-31,0.0020604050454796725,0.15,fixed q=0.15,0.01373603363653115
260310,Cachoeirinha,41,19899,2022-12-31,0.0020604050454796725,0.2,fixed q=0.20,0.010302025227398362
260310,Cachoeirinha,41,19899,2022-12-31,0.0020604050454796725,0.25,fixed q=0.25,0.00824162018191869
260310,Cachoeirinha,41,19899,2022-12-31,0.0020604050454796725,0.3,fixed q=0.30,0.006868016818265575
260310,Cachoeirinha,42,20673,2025-12-21,0.0020316354665505733,0.007454145308640366,global-q 2.5%,0.27255109505252495
260310,Cachoeirinha,42,20673,2025-12-21,0.0020316354665505733,0.009820323685458794,global-q median,0.20688070287936314
260310,Cachoeirinha,42,20673,2025-12-21,0.0020316354665505733,0.01510174051658718,global-q 97.5%,0.13452988841379587
260310,Cachoeirinha,42,20673,2025-12-21,0.0020316354665505733,0.05,fixed q=0.05,0.040632709331011464
260310,Cachoeirinha,42,20673,2025-12-21,0.0020316354665505733,0.1,fixed q=0.10,0.020316354665505732
260310,Cachoeirinha,42,20673,2025-12-21,0.0020316354665505733,0.15,fixed q=0.15,0.013544236443670489
260310,Cachoeirinha,42,20673,2025-12-21,0.0020316354665505733,0.2,fixed q=0.20,0.010158177332752866
260310,Cachoeirinha,42,20673,2025-12-21,0.0020316354665505733,0.25,fixed q=0.25,0.008126541866202293
260310,Cachoeirinha,42,20673,2025-12-21,0.0020316354665505733,0.3,fixed q=0.30,0.006772118221835244
260320,Caetés,139,28326,2016-12-31,0.0049071524394549175,0.007454145308640366,global-q 2.5%,0.6583118836933406
260320,Caetés,139,28326,2016-12-31,0.0049071524394549175,0.009820323685458794,global-q median,0.4996935535557819
260320,Caetés,139,28326,2016-12-31,0.0049071524394549175,0.01510174051658718,global-q 97.5%,0.32493952826596956
260320,Caetés,139,28326,2016-12-31,0.0049071524394549175,0.05,fixed q=0.05,0.09814304878909834
260320,Caetés,139,28326,2016-12-31,0.0049071524394549175,0.1,fixed q=0.10,0.04907152439454917
260320,Caetés,139,28326,2016-12-31,0.0049071524394549175,0.15,fixed q=0.15,0.03271434959636612
260320,Caetés,139,28326,2016-12-31,0.0049071524394549175,0.2,fixed q=0.20,0.024535762197274585
260320,Caetés,139,28326,2016-12-31,0.0049071524394549175,0.25,fixed q=0.25,0.01962860975781967
260320,Caetés,139,28326,2016-12-31,0.0049071524394549175,0.3,fixed q=0.30,0.01635717479818306
260320,Caetés,153,28570,2018-12-31,0.005355267763388169,0.007454145308640366,global-q 2.5%,0.718428141879752
260320,Caetés,153,28570,2018-12-31,0.005355267763388169,0.009820323685458794,global-q median,0.5453249745034221
260320,Caetés,153,28570,2018-12-31,0.005355267763388169,0.01510174051658718,global-q 97.5%,0.3546126194862205
260320,Caetés,153,28570,2018-12-31,0.005355267763388169,0.05,fixed q=0.05,0.10710535526776338
260320,Caetés,153,28570,2018-12-31,0.005355267763388169,0.1,fixed q=0.10,0.05355267763388169
260320,Caetés,153,28570,2018-12-31,0.005355267763388169,0.15,fixed q=0.15,0.035701785089254465
260320,Caetés,153,28570,2018-12-31,0.005355267763388169,0.2,fixed q=0.20,0.026776338816940845
260320,Caetés,153,28570,2018-12-31,0.005355267763388169,0.25,fixed q=0.25,0.021421071053552676
260320,Caetés,153,28570,2018-12-31,0.005355267763388169,0.3,fixed q=0.30,0.017850892544627232
260320,Caetés,154,28827,2022-12-31,0.005342213896694072,0.007454145308640366,global-q 2.5%,0.7166769194184772
260320,Caetés,154,28827,2022-12-31,0.005342213896694072,0.009820323685458794,global-q median,0.5439957039913486
260320,Caetés,154,28827,2022-12-31,0.005342213896694072,0.01510174051658718,global-q 97.5%,0.3537482246385035
260320,Caetés,154,28827,2022-12-31,0.005342213896694072,0.05,fixed q=0.05,0.10684427793388143
260320,Caetés,154,28827,2022-12-31,0.005342213896694072,0.1,fixed q=0.10,0.053422138966940716
260320,Caetés,154,28827,2022-12-31,0.005342213896694072,0.15,fixed q=0.15,0.03561475931129381
260320,Caetés,154,28827,2022-12-31,0.005342213896694072,0.2,fixed q=0.20,0.026711069483470358
260320,Caetés,154,28827,2022-12-31,0.005342213896694072,0.25,fixed q=0.25,0.021368855586776286
260320,Caetés,154,28827,2022-12-31,0.005342213896694072,0.3,fixed q=0.30,0.017807379655646906
260320,Caetés,154,29065,2021-12-31,0.005298468948907621,0.007454145308640366,global-q 2.5%,0.7108083797033009
260320,Caetés,154,29065,2021-12-31,0.005298468948907621,0.009820323685458794,global-q median,0.5395411718203545
260320,Caetés,154,29065,2021-12-31,0.005298468948907621,0.01510174051658718,global-q 97.5%,0.3508515421178097
260320,Caetés,154,29065,2021-12-31,0.005298468948907621,0.05,fixed q=0.05,0.10596937897815241
260320,Caetés,154,29065,2021-12-31,0.005298468948907621,0.1,fixed q=0.10,0.052984689489076205
260320,Caetés,154,29065,2021-12-31,0.005298468948907621,0.15,fixed q=0.15,0.03532312632605081
260320,Caetés,154,29065,2021-12-31,0.005298468948907621,0.2,fixed q=0.20,0.026492344744538102
260320,Caetés,154,29065,2021-12-31,0.005298468948907621,0.25,fixed q=0.25,0.021193875795630483
260320,Caetés,154,29065,2021-12-31,0.005298468948907621,0.3,fixed q=0.30,0.017661563163025404
260320,Caetés,154,30571,2025-12-21,0.005037453796081254,0.007454145308640366,global-q 2.5%,0.6757922722866914
260320,Caetés,154,30571,2025-12-21,0.005037453796081254,0.009820323685458794,global-q median,0.5129620934532271
260320,Caetés,154,30571,2025-12-21,0.005037453796081254,0.01510174051658718,global-q 97.5%,0.33356776263956495
260320,Caetés,154,30571,2025-12-21,0.005037453796081254,0.05,fixed q=0.05,0.10074907592162508
260320,Caetés,154,30571,2025-12-21,0.005037453796081254,0.1,fixed q=0.10,0.05037453796081254
260320,Caetés,154,30571,2025-12-21,0.005037453796081254,0.15,fixed q=0.15,0.03358302530720836
260320,Caetés,154,30571,2025-12-21,0.005037453796081254,0.2,fixed q=0.20,0.02518726898040627
260320,Caetés,154,30571,2025-12-21,0.005037453796081254,0.25,fixed q=0.25,0.020149815184325015
260320,Caetés,154,30571,2025-12-21,0.005037453796081254,0.3,fixed q=0.30,0.01679151265360418
260330,Calçado,49,11094,2016-12-31,0.004416801874887326,0.007454145308640366,global-q 2.5%,0.5925296183544548
260330,Calçado,49,11094,2016-12-31,0.004416801874887326,0.009820323685458794,global-q median,0.4497613333690211
260330,Calçado,49,11094,2016-12-31,0.004416801874887326,0.01510174051658718,global-q 97.5%,0.29246972360808865
260330,Calçado,49,11094,2016-12-31,0.004416801874887326,0.05,fixed q=0.05,0.08833603749774652
260330,Calçado,49,11094,2016-12-31,0.004416801874887326,0.1,fixed q=0.10,0.04416801874887326
260330,Calçado,49,11094,2016-12-31,0.004416801874887326,0.15,fixed q=0.15,0.029445345832582178
260330,Calçado,49,11094,2016-12-31,0.004416801874887326,0.2,fixed q=0.20,0.02208400937443663
260330,Calçado,49,11094,2016-12-31,0.004416801874887326,0.25,fixed q=0.25,0.017667207499549305
260330,Calçado,49,11094,2016-12-31,0.004416801874887326,0.3,fixed q=0.30,0.014722672916291089
260330,Calçado,50,11089,2018-12-31,0.004508972855983407,0.007454145308640366,global-q 2.5%,0.6048946819908241
260330,Calçado,50,11089,2018-12-31,0.004508972855983407,0.009820323685458794,global-q median,0.4591470709524534
260330,Calçado,50,11089,2018-12-31,0.004508972855983407,0.01510174051658718,global-q 97.5%,0.29857305858426864
260330,Calçado,50,11089,2018-12-31,0.004508972855983407,0.05,fixed q=0.05,0.09017945711966814
260330,Calçado,50,11089,2018-12-31,0.004508972855983407,0.1,fixed q=0.10,0.04508972855983407
260330,Calçado,50,11089,2018-12-31,0.004508972855983407,0.15,fixed q=0.15,0.030059819039889385
260330,Calçado,50,11089,2018-12-31,0.004508972855983407,0.2,fixed q=0.20,0.022544864279917035
260330,Calçado,50,11089,2018-12-31,0.004508972855983407,0.25,fixed q=0.25,0.01803589142393363
260330,Calçado,50,11089,2018-12-31,0.004508972855983407,0.3,fixed q=0.30,0.015029909519944692
260330,Calçado,51,10983,2021-12-31,0.004643540016388965,0.007454145308640366,global-q 2.5%,0.622947343273074
260330,Calçado,51,10983,2021-12-31,0.004643540016388965,0.009820323685458794,global-q median,0.47284999610193845
260330,Calçado,51,10983,2021-12-31,0.004643540016388965,0.01510174051658718,global-q 97.5%,0.3074837639600996
260330,Calçado,51,10983,2021-12-31,0.004643540016388965,0.05,fixed q=0.05,0.0928708003277793
260330,Calçado,51,10983,2021-12-31,0.004643540016388965,0.1,fixed q=0.10,0.04643540016388965
260330,Calçado,51,10983,2021-12-31,0.004643540016388965,0.15,fixed q=0.15,0.0309569334425931
260330,Calçado,51,10983,2021-12-31,0.004643540016388965,0.2,fixed q=0.20,0.023217700081944823
260330,Calçado,51,10983,2021-12-31,0.004643540016388965,0.25,fixed q=0.25,0.01857416006555586
260330,Calçado,51,10983,2021-12-31,0.004643540016388965,0.3,fixed q=0.30,0.01547846672129655
260330,Calçado,51,11093,2022-12-31,0.004597493915081583,0.007454145308640366,global-q 2.5%,0.616770095661063
260330,Calçado,51,11093,2022-12-31,0.004597493915081583,0.009820323685458794,global-q median,0.46816113830231587
260330,Calçado,51,11093,2022-12-31,0.004597493915081583,0.01510174051658718,global-q 97.5%,0.3044347047303501
260330,Calçado,51,11093,2022-12-31,0.004597493915081583,0.05,fixed q=0.05,0.09194987830163165
260330,Calçado,51,11093,2022-12-31,0.004597493915081583,0.1,fixed q=0.10,0.045974939150815824
260330,Calçado,51,11093,2022-12-31,0.004597493915081583,0.15,fixed q=0.15,0.03064995943387722
260330,Calçado,51,11093,2022-12-31,0.004597493915081583,0.2,fixed q=0.20,0.022987469575407912
260330,Calçado,51,11093,2022-12-31,0.004597493915081583,0.25,fixed q=0.25,0.01838997566032633
260330,Calçado,51,11093,2022-12-31,0.004597493915081583,0.3,fixed q=0.30,0.01532497971693861
260330,Calçado,51,11453,2025-12-21,0.004452981751506156,0.007454145308640366,global-q 2.5%,0.597383276972686
260330,Calçado,51,11453,2025-12-21,0.004452981751506156,0.009820323685458794,global-q median,0.4534455170861425
260330,Calçado,51,11453,2025-12-21,0.004452981751506156,0.01510174051658718,global-q 97.5%,0.2948654657796013
260330,Calçado,51,11453,2025-12-21,0.004452981751506156,0.05,fixed q=0.05,0.08905963503012311
260330,Calçado,51,11453,2025-12-21,0.004452981751506156,0.1,fixed q=0.10,0.044529817515061555
260330,Calçado,51,11453,2025-12-21,0.004452981751506156,0.15,fixed q=0.15,0.02968654501004104
260330,Calçado,51,11453,2025-12-21,0.004452981751506156,0.2,fixed q=0.20,0.022264908757530778
260330,Calçado,51,11453,2025-12-21,0.004452981751506156,0.25,fixed q=0.25,0.017811927006024623
260330,Calçado,51,11453,2025-12-21,0.004452981751506156,0.3,fixed q=0.30,0.01484327250502052
260340,Calumbi,1,5741,2016-12-31,1.7418568193694478e-4,0.007454145308640366,global-q 2.5%,0.023367626297147698
260340,Calumbi,1,5741,2016-12-31,1.7418568193694478e-4,0.009820323685458794,global-q median,0.01773726483118535
260340,Calumbi,1,5741,2016-12-31,1.7418568193694478e-4,0.01510174051658718,global-q 97.5%,0.011534146130085193
260340,Calumbi,1,5741,2016-12-31,1.7418568193694478e-4,0.05,fixed q=0.05,0.0034837136387388954
260340,Calumbi,1,5741,2016-12-31,1.7418568193694478e-4,0.1,fixed q=0.10,0.0017418568193694477
260340,Calumbi,1,5741,2016-12-31,1.7418568193694478e-4,0.15,fixed q=0.15,0.0011612378795796319
260340,Calumbi,1,5741,2016-12-31,1.7418568193694478e-4,0.2,fixed q=0.20,8.709284096847238e-4
260340,Calumbi,1,5741,2016-12-31,1.7418568193694478e-4,0.25,fixed q=0.25,6.967427277477791e-4
260340,Calumbi,1,5741,2016-12-31,1.7418568193694478e-4,0.3,fixed q=0.30,5.806189397898159e-4
260340,Calumbi,1,5744,2021-12-31,1.7409470752089137e-4,0.007454145308640366,global-q 2.5%,0.023355421756950722
260340,Calumbi,1,5744,2021-12-31,1.7409470752089137e-4,0.009820323685458794,global-q median,0.017728000939386333
260340,Calumbi,1,5744,2021-12-31,1.7409470752089137e-4,0.01510174051658718,global-q 97.5%,0.011528122028694132
260340,Calumbi,1,5744,2021-12-31,1.7409470752089137e-4,0.05,fixed q=0.05,0.003481894150417827
260340,Calumbi,1,5744,2021-12-31,1.7409470752089137e-4,0.1,fixed q=0.10,0.0017409470752089136
260340,Calumbi,1,5744,2021-12-31,1.7409470752089137e-4,0.15,fixed q=0.15,0.0011606313834726092
260340,Calumbi,1,5744,2021-12-31,1.7409470752089137e-4,0.2,fixed q=0.20,8.704735376044568e-4
260340,Calumbi,1,5744,2021-12-31,1.7409470752089137e-4,0.25,fixed q=0.25,6.963788300835655e-4
260340,Calumbi,1,5744,2021-12-31,1.7409470752089137e-4,0.3,fixed q=0.30,5.803156917363046e-4
260340,Calumbi,1,5753,2018-12-31,1.7382235355466714e-4,0.007454145308640366,global-q 2.5%,0.023318884507548227
260340,Calumbi,1,5753,2018-12-31,1.7382235355466714e-4,0.009820323685458794,global-q median,0.017700267233762404
260340,Calumbi,1,5753,2018-12-31,1.7382235355466714e-4,0.01510174051658718,global-q 97.5%,0.011510087420966295
260340,Calumbi,1,5753,2018-12-31,1.7382235355466714e-4,0.05,fixed q=0.05,0.0034764470710933427
260340,Calumbi,1,5753,2018-12-31,1.7382235355466714e-4,0.1,fixed q=0.10,0.0017382235355466714
260340,Calumbi,1,5753,2018-12-31,1.7382235355466714e-4,0.15,fixed q=0.15,0.0011588156903644476
260340,Calumbi,1,5753,2018-12-31,1.7382235355466714e-4,0.2,fixed q=0.20,8.691117677733357e-4
260340,Calumbi,1,5753,2018-12-31,1.7382235355466714e-4,0.25,fixed q=0.25,6.952894142186686e-4
260340,Calumbi,1,5753,2018-12-31,1.7382235355466714e-4,0.3,fixed q=0.30,5.794078451822238e-4
260340,Calumbi,5,5228,2022-12-31,9.563886763580719e-4,0.007454145308640366,global-q 2.5%,0.12830292900910956
260340,Calumbi,5,5228,2022-12-31,9.563886763580719e-4,0.009820323685458794,global-q median,0.09738871212302515
260340,Calumbi,5,5228,2022-12-31,9.563886763580719e-4,0.01510174051658718,global-q 97.5%,0.06332969867331589
260340,Calumbi,5,5228,2022-12-31,9.563886763580719e-4,0.05,fixed q=0.05,0.019127773527161437
260340,Calumbi,5,5228,2022-12-31,9.563886763580719e-4,0.1,fixed q=0.10,0.009563886763580718
260340,Calumbi,5,5228,2022-12-31,9.563886763580719e-4,0.15,fixed q=0.15,0.006375924509053813
260340,Calumbi,5,5228,2022-12-31,9.563886763580719e-4,0.2,fixed q=0.20,0.004781943381790359
260340,Calumbi,5,5228,2022-12-31,9.563886763580719e-4,0.25,fixed q=0.25,0.0038255547054322878
260340,Calumbi,5,5228,2022-12-31,9.563886763580719e-4,0.3,fixed q=0.30,0.0031879622545269064
260340,Calumbi,5,5354,2025-12-21,9.338812103100486e-4,0.007454145308640366,global-q 2.5%,0.1252834727044499
260340,Calumbi,5,5354,2025-12-21,9.338812103100486e-4,0.009820323685458794,global-q median,0.09509678501665586
260340,Calumbi,5,5354,2025-12-21,9.338812103100486e-4,0.01510174051658718,global-q 97.5%,0.061839309799046595
260340,Calumbi,5,5354,2025-12-21,9.338812103100486e-4,0.05,fixed q=0.05,0.01867762420620097
260340,Calumbi,5,5354,2025-12-21,9.338812103100486e-4,0.1,fixed q=0.10,0.009338812103100485
260340,Calumbi,5,5354,2025-12-21,9.338812103100486e-4,0.15,fixed q=0.15,0.006225874735400324
260340,Calumbi,5,5354,2025-12-21,9.338812103100486e-4,0.2,fixed q=0.20,0.0046694060515502425
260340,Calumbi,5,5354,2025-12-21,9.338812103100486e-4,0.25,fixed q=0.25,0.0037355248412401943
260340,Calumbi,5,5354,2025-12-21,9.338812103100486e-4,0.3,fixed q=0.30,0.003112937367700162
260345,Camaragibe,349,155228,2016-12-31,0.0022483057180405597,0.007454145308640366,global-q 2.5%,0.3016181768598565
260345,Camaragibe,349,155228,2016-12-31,0.0022483057180405597,0.009820323685458794,global-q median,0.22894415602305285
260345,Camaragibe,349,155228,2016-12-31,0.0022483057180405597,0.01510174051658718,global-q 97.5%,0.14887725792739623
260345,Camaragibe,349,155228,2016-12-31,0.0022483057180405597,0.05,fixed q=0.05,0.04496611436081119
260345,Camaragibe,349,155228,2016-12-31,0.0022483057180405597,0.1,fixed q=0.10,0.022483057180405594
260345,Camaragibe,349,155228,2016-12-31,0.0022483057180405597,0.15,fixed q=0.15,0.014988704786937064
260345,Camaragibe,349,155228,2016-12-31,0.0022483057180405597,0.2,fixed q=0.20,0.011241528590202797
260345,Camaragibe,349,155228,2016-12-31,0.0022483057180405597,0.25,fixed q=0.25,0.008993222872162239
260345,Camaragibe,349,155228,2016-12-31,0.0022483057180405597,0.3,fixed q=0.30,0.007494352393468532
260345,Camaragibe,426,156736,2018-12-31,0.002717946100449163,0.007454145308640366,global-q 2.5%,0.3646220978948042
260345,Camaragibe,426,156736,2018-12-31,0.002717946100449163,0.009820323685458794,global-q median,0.27676746587016227
260345,Camaragibe,426,156736,2018-12-31,0.002717946100449163,0.01510174051658718,global-q 97.5%,0.1799756854161197
260345,Camaragibe,426,156736,2018-12-31,0.002717946100449163,0.05,fixed q=0.05,0.054358922008983256
260345,Camaragibe,426,156736,2018-12-31,0.002717946100449163,0.1,fixed q=0.10,0.027179461004491628
260345,Camaragibe,426,156736,2018-12-31,0.002717946100449163,0.15,fixed q=0.15,0.018119640669661086
260345,Camaragibe,426,156736,2018-12-31,0.002717946100449163,0.2,fixed q=0.20,0.013589730502245814
260345,Camaragibe,426,156736,2018-12-31,0.002717946100449163,0.25,fixed q=0.25,0.010871784401796652
260345,Camaragibe,426,156736,2018-12-31,0.002717946100449163,0.3,fixed q=0.30,0.009059820334830543
260345,Camaragibe,1220,159945,2021-12-31,0.007627621995060802,0.007454145308640366,global-q 2.5%,1.0232725120369404
260345,Camaragibe,1220,159945,2021-12-31,0.007627621995060802,0.009820323685458794,global-q median,0.7767179819495378
260345,Camaragibe,1220,159945,2021-12-31,0.007627621995060802,0.01510174051658718,global-q 97.5%,0.5050823106570339
260345,Camaragibe,1220,159945,2021-12-31,0.007627621995060802,0.05,fixed q=0.05,0.15255243990121603
260345,Camaragibe,1220,159945,2021-12-31,0.007627621995060802,0.1,fixed q=0.10,0.07627621995060802
260345,Camaragibe,1220,159945,2021-12-31,0.007627621995060802,0.15,fixed q=0.15,0.05085081330040535
260345,Camaragibe,1220,159945,2021-12-31,0.007627621995060802,0.2,fixed q=0.20,0.03813810997530401
260345,Camaragibe,1220,159945,2021-12-31,0.007627621995060802,0.25,fixed q=0.25,0.03051048798024321
260345,Camaragibe,1220,159945,2021-12-31,0.007627621995060802,0.3,fixed q=0.30,0.025425406650202674
260345,Camaragibe,1238,147771,2022-12-31,0.008377827855262535,0.007454145308640366,global-q 2.5%,1.1239152858412211
260345,Camaragibe,1238,147771,2022-12-31,0.008377827855262535,0.009820323685458794,global-q median,0.8531111726661108
260345,Camaragibe,1238,147771,2022-12-31,0.008377827855262535,0.01510174051658718,global-q 97.5%,0.5547590919113361
260345,Camaragibe,1238,147771,2022-12-31,0.008377827855262535,0.05,fixed q=0.05,0.1675565571052507
260345,Camaragibe,1238,147771,2022-12-31,0.008377827855262535,0.1,fixed q=0.10,0.08377827855262535
260345,Camaragibe,1238,147771,2022-12-31,0.008377827855262535,0.15,fixed q=0.15,0.05585218570175024
260345,Camaragibe,1238,147771,2022-12-31,0.008377827855262535,0.2,fixed q=0.20,0.04188913927631267
260345,Camaragibe,1238,147771,2022-12-31,0.008377827855262535,0.25,fixed q=0.25,0.03351131142105014
260345,Camaragibe,1238,147771,2022-12-31,0.008377827855262535,0.3,fixed q=0.30,0.02792609285087512
260345,Camaragibe,1279,156112,2025-12-21,0.008192835912678078,0.007454145308640366,global-q 2.5%,1.0990979613962542
260345,Camaragibe,1279,156112,2025-12-21,0.008192835912678078,0.009820323685458794,global-q median,0.8342735102315844
260345,Camaragibe,1279,156112,2025-12-21,0.008192835912678078,0.01510174051658718,global-q 97.5%,0.5425093818609436
260345,Camaragibe,1279,156112,2025-12-21,0.008192835912678078,0.05,fixed q=0.05,0.16385671825356155
260345,Camaragibe,1279,156112,2025-12-21,0.008192835912678078,0.1,fixed q=0.10,0.08192835912678077
260345,Camaragibe,1279,156112,2025-12-21,0.008192835912678078,0.15,fixed q=0.15,0.054618906084520524
260345,Camaragibe,1279,156112,2025-12-21,0.008192835912678078,0.2,fixed q=0.20,0.040964179563390386
260345,Camaragibe,1279,156112,2025-12-21,0.008192835912678078,0.25,fixed q=0.25,0.03277134365071231
260345,Camaragibe,1279,156112,2025-12-21,0.008192835912678078,0.3,fixed q=0.30,0.027309453042260262
260350,Camocim de São Félix,5,18440,2016-12-31,2.7114967462039046e-4,0.007454145308640366,global-q 2.5%,0.03637568941755015
260350,Camocim de São Félix,5,18440,2016-12-31,2.7114967462039046e-4,0.009820323685458794,global-q median,0.02761107304659303
260350,Camocim de São Félix,5,18440,2016-12-31,2.7114967462039046e-4,0.01510174051658718,global-q 97.5%,0.017954862508898887
260350,Camocim de São Félix,5,18440,2016-12-31,2.7114967462039046e-4,0.05,fixed q=0.05,0.005422993492407809
260350,Camocim de São Félix,5,18440,2016-12-31,2.7114967462039046e-4,0.1,fixed q=0.10,0.0027114967462039045
260350,Camocim de São Félix,5,18440,2016-12-31,2.7114967462039046e-4,0.15,fixed q=0.15,0.0018076644974692698
260350,Camocim de São Félix,5,18440,2016-12-31,2.7114967462039046e-4,0.2,fixed q=0.20,0.0013557483731019523
260350,Camocim de São Félix,5,18440,2016-12-31,2.7114967462039046e-4,0.25,fixed q=0.25,0.0010845986984815619
260350,Camocim de São Félix,5,18440,2016-12-31,2.7114967462039046e-4,0.3,fixed q=0.30,9.038322487346349e-4
260350,Camocim de São Félix,8,18627,2018-12-31,4.2948408224620176e-4,0.007454145308640366,global-q 2.5%,0.057616811111579944
260350,Camocim de São Félix,8,18627,2018-12-31,4.2948408224620176e-4,0.009820323685458794,global-q median,0.04373420836241374
260350,Camocim de São Félix,8,18627,2018-12-31,4.2948408224620176e-4,0.01510174051658718,global-q 97.5%,0.02843937636025945
260350,Camocim de São Félix,8,18627,2018-12-31,4.2948408224620176e-4,0.05,fixed q=0.05,0.008589681644924034
260350,Camocim de São Félix,8,18627,2018-12-31,4.2948408224620176e-4,0.1,fixed q=0.10,0.004294840822462017
260350,Camocim de São Félix,8,18627,2018-12-31,4.2948408224620176e-4,0.15,fixed q=0.15,0.0028632272149746786
260350,Camocim de São Félix,8,18627,2018-12-31,4.2948408224620176e-4,0.2,fixed q=0.20,0.0021474204112310086
260350,Camocim de São Félix,8,18627,2018-12-31,4.2948408224620176e-4,0.25,fixed q=0.25,0.001717936328984807
260350,Camocim de São Félix,8,18627,2018-12-31,4.2948408224620176e-4,0.3,fixed q=0.30,0.0014316136074873393
260350,Camocim de São Félix,8,19032,2021-12-31,4.203446826397646e-4,0.007454145308640366,global-q 2.5%,0.05639072827739594
260350,Camocim de São Félix,8,19032,2021-12-31,4.203446826397646e-4,0.009820323685458794,global-q median,0.04280354661447461
260350,Camocim de São Félix,8,19032,2021-12-31,4.203446826397646e-4,0.01510174051658718,global-q 97.5%,0.027834187865834
260350,Camocim de São Félix,8,19032,2021-12-31,4.203446826397646e-4,0.05,fixed q=0.05,0.008406893652795292
260350,Camocim de São Félix,8,19032,2021-12-31,4.203446826397646e-4,0.1,fixed q=0.10,0.004203446826397646
260350,Camocim de São Félix,8,19032,2021-12-31,4.203446826397646e-4,0.15,fixed q=0.15,0.0028022978842650974
260350,Camocim de São Félix,8,19032,2021-12-31,4.203446826397646e-4,0.2,fixed q=0.20,0.002101723413198823
260350,Camocim de São Félix,8,19032,2021-12-31,4.203446826397646e-4,0.25,fixed q=0.25,0.0016813787305590584
260350,Camocim de São Félix,8,19032,2021-12-31,4.203446826397646e-4,0.3,fixed q=0.30,0.0014011489421325487
260350,Camocim de São Félix,9,17419,2022-12-31,5.166771915724209e-4,0.007454145308640366,global-q 2.5%,0.06931407561555339
260350,Camocim de São Félix,9,17419,2022-12-31,5.166771915724209e-4,0.009820323685458794,global-q median,0.052613051068518046
260350,Camocim de São Félix,9,17419,2022-12-31,5.166771915724209e-4,0.01510174051658718,global-q 97.5%,0.03421308894858326
260350,Camocim de São Félix,9,17419,2022-12-31,5.166771915724209e-4,0.05,fixed q=0.05,0.010333543831448418
260350,Camocim de São Félix,9,17419,2022-12-31,5.166771915724209e-4,0.1,fixed q=0.10,0.005166771915724209
260350,Camocim de São Félix,9,17419,2022-12-31,5.166771915724209e-4,0.15,fixed q=0.15,0.0034445146104828063
260350,Camocim de São Félix,9,17419,2022-12-31,5.166771915724209e-4,0.2,fixed q=0.20,0.0025833859578621044
260350,Camocim de São Félix,9,17419,2022-12-31,5.166771915724209e-4,0.25,fixed q=0.25,0.0020667087662896836
260350,Camocim de São Félix,9,17419,2022-12-31,5.166771915724209e-4,0.3,fixed q=0.30,0.0017222573052414032
260350,Camocim de São Félix,10,18018,2025-12-21,5.55000555000555e-4,0.007454145308640366,global-q 2.5%,0.07445529058270893
260350,Camocim de São Félix,10,18018,2025-12-21,5.55000555000555e-4,0.009820323685458794,global-q median,0.05651550527019375
260350,Camocim de São Félix,10,18018,2025-12-21,5.55000555000555e-4,0.01510174051658718,global-q 97.5%,0.03675076752848212
260350,Camocim de São Félix,10,18018,2025-12-21,5.55000555000555e-4,0.05,fixed q=0.05,0.0111000111000111
260350,Camocim de São Félix,10,18018,2025-12-21,5.55000555000555e-4,0.1,fixed q=0.10,0.00555000555000555
260350,Camocim de São Félix,10,18018,2025-12-21,5.55000555000555e-4,0.15,fixed q=0.15,0.0037000037000037003
260350,Camocim de São Félix,10,18018,2025-12-21,5.55000555000555e-4,0.2,fixed q=0.20,0.002775002775002775
260350,Camocim de São Félix,10,18018,2025-12-21,5.55000555000555e-4,0.25,fixed q=0.25,0.00222000222000222
260350,Camocim de São Félix,10,18018,2025-12-21,5.55000555000555e-4,0.3,fixed q=0.30,0.0018500018500018501
260360,Camutanga,39,8472,2016-12-31,0.004603399433427762,0.007454145308640366,global-q 2.5%,0.6175623418679264
260360,Camutanga,39,8472,2016-12-31,0.004603399433427762,0.009820323685458794,global-q median,0.4687624950941417
260360,Camutanga,39,8472,2016-12-31,0.004603399433427762,0.01510174051658718,global-q 97.5%,0.30482575358592356
260360,Camutanga,39,8472,2016-12-31,0.004603399433427762,0.05,fixed q=0.05,0.09206798866855523
260360,Camutanga,39,8472,2016-12-31,0.004603399433427762,0.1,fixed q=0.10,0.046033994334277614
260360,Camutanga,39,8472,2016-12-31,0.004603399433427762,0.15,fixed q=0.15,0.03068932955618508
260360,Camutanga,39,8472,2016-12-31,0.004603399433427762,0.2,fixed q=0.20,0.023016997167138807
260360,Camutanga,39,8472,2016-12-31,0.004603399433427762,0.25,fixed q=0.25,0.018413597733711047
260360,Camutanga,39,8472,2016-12-31,0.004603399433427762,0.3,fixed q=0.30,0.01534466477809254
260360,Camutanga,39,8530,2018-12-31,0.004572098475967175,0.007454145308640366,global-q 2.5%,0.6133632075386956
260360,Camutanga,39,8530,2018-12-31,0.004572098475967175,0.009820323685458794,global-q median,0.46557512994578765
260360,Camutanga,39,8530,2018-12-31,0.004572098475967175,0.01510174051658718,global-q 97.5%,0.30275308140444834
260360,Camutanga,39,8530,2018-12-31,0.004572098475967175,0.05,fixed q=0.05,0.09144196951934348
260360,Camutanga,39,8530,2018-12-31,0.004572098475967175,0.1,fixed q=0.10,0.04572098475967174
260360,Camutanga,39,8530,2018-12-31,0.004572098475967175,0.15,fixed q=0.15,0.030480656506447833
260360,Camutanga,39,8530,2018-12-31,0.004572098475967175,0.2,fixed q=0.20,0.02286049237983587
260360,Camutanga,39,8530,2018-12-31,0.004572098475967175,0.25,fixed q=0.25,0.0182883939038687
260360,Camutanga,39,8530,2018-12-31,0.004572098475967175,0.3,fixed q=0.30,0.015240328253223917
260360,Camutanga,39,8592,2021-12-31,0.004539106145251397,0.007454145308640366,global-q 2.5%,0.6089371694954694
260360,Camutanga,39,8592,2021-12-31,0.004539106145251397,0.009820323685458794,global-q median,0.46221553287215655
260360,Camutanga,39,8592,2021-12-31,0.004539106145251397,0.01510174051658718,global-q 97.5%,0.3005684106587459
260360,Camutanga,39,8592,2021-12-31,0.004539106145251397,0.05,fixed q=0.05,0.09078212290502793
260360,Camutanga,39,8592,2021-12-31,0.004539106145251397,0.1,fixed q=0.10,0.04539106145251397
260360,Camutanga,39,8592,2021-12-31,0.004539106145251397,0.15,fixed q=0.15,0.030260707635009314
260360,Camutanga,39,8592,2021-12-31,0.004539106145251397,0.2,fixed q=0.20,0.022695530726256984
260360,Camutanga,39,8592,2021-12-31,0.004539106145251397,0.25,fixed q=0.25,0.018156424581005588
260360,Camutanga,39,8592,2021-12-31,0.004539106145251397,0.3,fixed q=0.30,0.015130353817504657
260360,Camutanga,43,7750,2022-12-31,0.005548387096774194,0.007454145308640366,global-q 2.5%,0.7443357845926158
260360,Camutanga,43,7750,2022-12-31,0.005548387096774194,0.009820323685458794,global-q median,0.5649902461962464
260360,Camutanga,43,7750,2022-12-31,0.005548387096774194,0.01510174051658718,global-q 97.5%,0.36740050530467366
260360,Camutanga,43,7750,2022-12-31,0.005548387096774194,0.05,fixed q=0.05,0.11096774193548387
260360,Camutanga,43,7750,2022-12-31,0.005548387096774194,0.1,fixed q=0.10,0.05548387096774193
260360,Camutanga,43,7750,2022-12-31,0.005548387096774194,0.15,fixed q=0.15,0.03698924731182796
260360,Camutanga,43,7750,2022-12-31,0.005548387096774194,0.2,fixed q=0.20,0.027741935483870966
260360,Camutanga,43,7750,2022-12-31,0.005548387096774194,0.25,fixed q=0.25,0.022193548387096775
260360,Camutanga,43,7750,2022-12-31,0.005548387096774194,0.3,fixed q=0.30,0.01849462365591398
260360,Camutanga,47,7962,2025-12-21,0.005903039437327305,0.007454145308640366,global-q 2.5%,0.7919136524592405
260360,Camutanga,47,7962,2025-12-21,0.005903039437327305,0.009820323685458794,global-q median,0.6011043654363539
260360,Camutanga,47,7962,2025-12-21,0.005903039437327305,0.01510174051658718,global-q 97.5%,0.3908847083449507
260360,Camutanga,47,7962,2025-12-21,0.005903039437327305,0.05,fixed q=0.05,0.1180607887465461
260360,Camutanga,47,7962,2025-12-21,0.005903039437327305,0.1,fixed q=0.10,0.05903039437327305
260360,Camutanga,47,7962,2025-12-21,0.005903039437327305,0.15,fixed q=0.15,0.0393535962488487
260360,Camutanga,47,7962,2025-12-21,0.005903039437327305,0.2,fixed q=0.20,0.029515197186636526
260360,Camutanga,47,7962,2025-12-21,0.005903039437327305,0.25,fixed q=0.25,0.02361215774930922
260360,Camutanga,47,7962,2025-12-21,0.005903039437327305,0.3,fixed q=0.30,0.01967679812442435
260370,Canhotinho,26,24799,2016-12-31,0.001048429372152103,0.007454145308640366,global-q 2.5%,0.1406505144106637
260370,Canhotinho,26,24799,2016-12-31,0.001048429372152103,0.009820323685458794,global-q median,0.1067611828013917
260370,Canhotinho,26,24799,2016-12-31,0.001048429372152103,0.01510174051658718,global-q 97.5%,0.06942440647821672
260370,Canhotinho,26,24799,2016-12-31,0.001048429372152103,0.05,fixed q=0.05,0.020968587443042058
260370,Canhotinho,26,24799,2016-12-31,0.001048429372152103,0.1,fixed q=0.10,0.010484293721521029
260370,Canhotinho,26,24799,2016-12-31,0.001048429372152103,0.15,fixed q=0.15,0.006989529147680687
260370,Canhotinho,26,24799,2016-12-31,0.001048429372152103,0.2,fixed q=0.20,0.0052421468607605146
260370,Canhotinho,26,24799,2016-12-31,0.001048429372152103,0.25,fixed q=0.25,0.004193717488608412
260370,Canhotinho,26,24799,2016-12-31,0.001048429372152103,0.3,fixed q=0.30,0.0034947645738403433
260370,Canhotinho,27,24835,2018-12-31,0.0010871753573585665,0.007454145308640366,global-q 2.5%,0.14584842558655017
260370,Canhotinho,27,24835,2018-12-31,0.0010871753573585665,0.009820323685458794,global-q median,0.11070667242551027
260370,Canhotinho,27,24835,2018-12-31,0.0010871753573585665,0.01510174051658718,global-q 97.5%,0.07199007002964024
260370,Canhotinho,27,24835,2018-12-31,0.0010871753573585665,0.05,fixed q=0.05,0.02174350714717133
260370,Canhotinho,27,24835,2018-12-31,0.0010871753573585665,0.1,fixed q=0.10,0.010871753573585665
260370,Canhotinho,27,24835,2018-12-31,0.0010871753573585665,0.15,fixed q=0.15,0.0072478357157237765
260370,Canhotinho,27,24835,2018-12-31,0.0010871753573585665,0.2,fixed q=0.20,0.005435876786792832
260370,Canhotinho,27,24835,2018-12-31,0.0010871753573585665,0.25,fixed q=0.25,0.004348701429434266
260370,Canhotinho,27,24835,2018-12-31,0.0010871753573585665,0.3,fixed q=0.30,0.0036239178578618882
260370,Canhotinho,57,24743,2021-12-31,0.002303681849411955,0.007454145308640366,global-q 2.5%,0.3090470810572575
260370,Canhotinho,57,24743,2021-12-31,0.002303681849411955,0.009820323685458794,global-q median,0.23458308740098616
260370,Canhotinho,57,24743,2021-12-31,0.002303681849411955,0.01510174051658718,global-q 97.5%,0.15254412873017373
260370,Canhotinho,57,24743,2021-12-31,0.002303681849411955,0.05,fixed q=0.05,0.046073636988239096
260370,Canhotinho,57,24743,2021-12-31,0.002303681849411955,0.1,fixed q=0.10,0.023036818494119548
260370,Canhotinho,57,24743,2021-12-31,0.002303681849411955,0.15,fixed q=0.15,0.0153578789960797
260370,Canhotinho,57,24743,2021-12-31,0.002303681849411955,0.2,fixed q=0.20,0.011518409247059774
260370,Canhotinho,57,24743,2021-12-31,0.002303681849411955,0.25,fixed q=0.25,0.00921472739764782
260370,Canhotinho,57,24743,2021-12-31,0.002303681849411955,0.3,fixed q=0.30,0.00767893949803985
260370,Canhotinho,171,24329,2022-12-31,0.0070286489374820176,0.007454145308640366,global-q 2.5%,0.9429181544576088
260370,Canhotinho,171,24329,2022-12-31,0.0070286489374820176,0.009820323685458794,global-q median,0.7157247726864154
260370,Canhotinho,171,24329,2022-12-31,0.0070286489374820176,0.01510174051658718,global-q 97.5%,0.4654197924909394
260370,Canhotinho,171,24329,2022-12-31,0.0070286489374820176,0.05,fixed q=0.05,0.14057297874964034
260370,Canhotinho,171,24329,2022-12-31,0.0070286489374820176,0.1,fixed q=0.10,0.07028648937482017
260370,Canhotinho,171,24329,2022-12-31,0.0070286489374820176,0.15,fixed q=0.15,0.04685765958321345
260370,Canhotinho,171,24329,2022-12-31,0.0070286489374820176,0.2,fixed q=0.20,0.035143244687410084
260370,Canhotinho,171,24329,2022-12-31,0.0070286489374820176,0.25,fixed q=0.25,0.02811459574992807
260370,Canhotinho,171,24329,2022-12-31,0.0070286489374820176,0.3,fixed q=0.30,0.023428829791606726
260370,Canhotinho,172,25103,2025-12-21,0.00685177070469665,0.007454145308640366,global-q 2.5%,0.9191893129255903
260370,Canhotinho,172,25103,2025-12-21,0.00685177070469665,0.009820323685458794,global-q median,0.6977133263786653
260370,Canhotinho,172,25103,2025-12-21,0.00685177070469665,0.01510174051658718,global-q 97.5%,0.4537073522863755
260370,Canhotinho,172,25103,2025-12-21,0.00685177070469665,0.05,fixed q=0.05,0.137035414093933
260370,Canhotinho,172,25103,2025-12-21,0.00685177070469665,0.1,fixed q=0.10,0.0685177070469665
260370,Canhotinho,172,25103,2025-12-21,0.00685177070469665,0.15,fixed q=0.15,0.045678471364644334
260370,Canhotinho,172,25103,2025-12-21,0.00685177070469665,0.2,fixed q=0.20,0.03425885352348325
260370,Canhotinho,172,25103,2025-12-21,0.00685177070469665,0.25,fixed q=0.25,0.0274070828187866
260370,Canhotinho,172,25103,2025-12-21,0.00685177070469665,0.3,fixed q=0.30,0.022839235682322167
260380,Capoeiras,0,19994,2016-12-31,0,0.007454145308640366,global-q 2.5%,0
260380,Capoeiras,0,19994,2016-12-31,0,0.009820323685458794,global-q median,0
260380,Capoeiras,0,19994,2016-12-31,0,0.01510174051658718,global-q 97.5%,0
260380,Capoeiras,0,19994,2016-12-31,0,0.05,fixed q=0.05,0
260380,Capoeiras,0,19994,2016-12-31,0,0.1,fixed q=0.10,0
260380,Capoeiras,0,19994,2016-12-31,0,0.15,fixed q=0.15,0
260380,Capoeiras,0,19994,2016-12-31,0,0.2,fixed q=0.20,0
260380,Capoeiras,0,19994,2016-12-31,0,0.25,fixed q=0.25,0
260380,Capoeiras,0,19994,2016-12-31,0,0.3,fixed q=0.30,0
260380,Capoeiras,0,20048,2018-12-31,0,0.007454145308640366,global-q 2.5%,0
260380,Capoeiras,0,20048,2018-12-31,0,0.009820323685458794,global-q median,0
260380,Capoeiras,0,20048,2018-12-31,0,0.01510174051658718,global-q 97.5%,0
260380,Capoeiras,0,20048,2018-12-31,0,0.05,fixed q=0.05,0
260380,Capoeiras,0,20048,2018-12-31,0,0.1,fixed q=0.10,0
260380,Capoeiras,0,20048,2018-12-31,0,0.15,fixed q=0.15,0
260380,Capoeiras,0,20048,2018-12-31,0,0.2,fixed q=0.20,0
260380,Capoeiras,0,20048,2018-12-31,0,0.25,fixed q=0.25,0
260380,Capoeiras,0,20048,2018-12-31,0,0.3,fixed q=0.30,0
260380,Capoeiras,1,18338,2022-12-31,5.4531573781219325e-5,0.007454145308640366,global-q 2.5%,0.007315603804772873
260380,Capoeiras,1,18338,2022-12-31,5.4531573781219325e-5,0.009820323685458794,global-q median,0.005552930384765792
260380,Capoeiras,1,18338,2022-12-31,5.4531573781219325e-5,0.01510174051658718,global-q 97.5%,0.0036109462827363446
260380,Capoeiras,1,18338,2022-12-31,5.4531573781219325e-5,0.05,fixed q=0.05,0.0010906314756243863
260380,Capoeiras,1,18338,2022-12-31,5.4531573781219325e-5,0.1,fixed q=0.10,5.453157378121932e-4
260380,Capoeiras,1,18338,2022-12-31,5.4531573781219325e-5,0.15,fixed q=0.15,3.6354382520812885e-4
260380,Capoeiras,1,18338,2022-12-31,5.4531573781219325e-5,0.2,fixed q=0.20,2.726578689060966e-4
260380,Capoeiras,1,18338,2022-12-31,5.4531573781219325e-5,0.25,fixed q=0.25,2.181262951248773e-4
260380,Capoeiras,1,18338,2022-12-31,5.4531573781219325e-5,0.3,fixed q=0.30,1.8177191260406443e-4
260380,Capoeiras,1,18854,2025-12-21,5.303914288745094e-5,0.007454145308640366,global-q 2.5%,0.007115388913330059
260380,Capoeiras,1,18854,2025-12-21,5.303914288745094e-5,0.009820323685458794,global-q median,0.005400956688015016
260380,Capoeiras,1,18854,2025-12-21,5.303914288745094e-5,0.01510174051658718,global-q 97.5%,0.00351212119087828
260380,Capoeiras,1,18854,2025-12-21,5.303914288745094e-5,0.05,fixed q=0.05,0.0010607828577490186
260380,Capoeiras,1,18854,2025-12-21,5.303914288745094e-5,0.1,fixed q=0.10,5.303914288745093e-4
260380,Capoeiras,1,18854,2025-12-21,5.303914288745094e-5,0.15,fixed q=0.15,3.5359428591633964e-4
260380,Capoeiras,1,18854,2025-12-21,5.303914288745094e-5,0.2,fixed q=0.20,2.6519571443725466e-4
260380,Capoeiras,1,18854,2025-12-21,5.303914288745094e-5,0.25,fixed q=0.25,2.1215657154980376e-4
260380,Capoeiras,1,18854,2025-12-21,5.303914288745094e-5,0.3,fixed q=0.30,1.7679714295816982e-4
260380,Capoeiras,1,20048,2021-12-31,4.988028731045491e-5,0.007454145308640366,global-q 2.5%,0.006691617247202961
260380,Capoeiras,1,20048,2021-12-31,4.988028731045491e-5,0.009820323685458794,global-q median,0.005079291570023698
260380,Capoeiras,1,20048,2021-12-31,4.988028731045491e-5,0.01510174051658718,global-q 97.5%,0.0033029495676785265
260380,Capoeiras,1,20048,2021-12-31,4.988028731045491e-5,0.05,fixed q=0.05,9.976057462090981e-4
260380,Capoeiras,1,20048,2021-12-31,4.988028731045491e-5,0.1,fixed q=0.10,4.988028731045491e-4
260380,Capoeiras,1,20048,2021-12-31,4.988028731045491e-5,0.15,fixed q=0.15,3.325352487363661e-4
260380,Capoeiras,1,20048,2021-12-31,4.988028731045491e-5,0.2,fixed q=0.20,2.4940143655227453e-4
260380,Capoeiras,1,20048,2021-12-31,4.988028731045491e-5,0.25,fixed q=0.25,1.9952114924181964e-4
260380,Capoeiras,1,20048,2021-12-31,4.988028731045491e-5,0.3,fixed q=0.30,1.6626762436818305e-4
260390,Carnaíba,2,19380,2016-12-31,1.0319917440660474e-4,0.007454145308640366,global-q 2.5%,0.013844534837143957
260390,Carnaíba,2,19380,2016-12-31,1.0319917440660474e-4,0.009820323685458794,global-q median,0.010508734509374106
260390,Carnaíba,2,19380,2016-12-31,1.0319917440660474e-4,0.01510174051658718,global-q 97.5%,0.006833594729909091
260390,Carnaíba,2,19380,2016-12-31,1.0319917440660474e-4,0.05,fixed q=0.05,0.0020639834881320948
260390,Carnaíba,2,19380,2016-12-31,1.0319917440660474e-4,0.1,fixed q=0.10,0.0010319917440660474
260390,Carnaíba,2,19380,2016-12-31,1.0319917440660474e-4,0.15,fixed q=0.15,6.879944960440316e-4
260390,Carnaíba,2,19380,2016-12-31,1.0319917440660474e-4,0.2,fixed q=0.20,5.159958720330237e-4
260390,Carnaíba,2,19380,2016-12-31,1.0319917440660474e-4,0.25,fixed q=0.25,4.12796697626419e-4
260390,Carnaíba,2,19380,2016-12-31,1.0319917440660474e-4,0.3,fixed q=0.30,3.439972480220158e-4
260390,Carnaíba,3,19491,2018-12-31,1.5391719255040788e-4,0.007454145308640366,global-q 2.5%,0.020648536643362313
260390,Carnaíba,3,19491,2018-12-31,1.5391719255040788e-4,0.009820323685458794,global-q median,0.015673331906392966
260390,Carnaíba,3,19491,2018-12-31,1.5391719255040788e-4,0.01510174051658718,global-q 97.5%,0.01019201676663369
260390,Carnaíba,3,19491,2018-12-31,1.5391719255040788e-4,0.05,fixed q=0.05,0.0030783438510081575
260390,Carnaíba,3,19491,2018-12-31,1.5391719255040788e-4,0.1,fixed q=0.10,0.0015391719255040787
260390,Carnaíba,3,19491,2018-12-31,1.5391719255040788e-4,0.15,fixed q=0.15,0.0010261146170027192
260390,Carnaíba,3,19491,2018-12-31,1.5391719255040788e-4,0.2,fixed q=0.20,7.695859627520394e-4
260390,Carnaíba,3,19491,2018-12-31,1.5391719255040788e-4,0.25,fixed q=0.25,6.156687702016315e-4
260390,Carnaíba,3,19491,2018-12-31,1.5391719255040788e-4,0.3,fixed q=0.30,5.130573085013596e-4
260390,Carnaíba,4,19666,2021-12-31,2.0339672531272246e-4,0.007454145308640366,global-q 2.5%,0.027286391248230436
260390,Carnaíba,4,19666,2021-12-31,2.0339672531272246e-4,0.009820323685458794,global-q median,0.020711814786094802
260390,Carnaíba,4,19666,2021-12-31,2.0339672531272246e-4,0.01510174051658718,global-q 97.5%,0.013468429356822758
260390,Carnaíba,4,19666,2021-12-31,2.0339672531272246e-4,0.05,fixed q=0.05,0.0040679345062544486
260390,Carnaíba,4,19666,2021-12-31,2.0339672531272246e-4,0.1,fixed q=0.10,0.0020339672531272243
260390,Carnaíba,4,19666,2021-12-31,2.0339672531272246e-4,0.15,fixed q=0.15,0.0013559781687514831
260390,Carnaíba,4,19666,2021-12-31,2.0339672531272246e-4,0.2,fixed q=0.20,0.0010169836265636121
260390,Carnaíba,4,19666,2021-12-31,2.0339672531272246e-4,0.25,fixed q=0.25,8.135869012508898e-4
260390,Carnaíba,4,19666,2021-12-31,2.0339672531272246e-4,0.3,fixed q=0.30,6.779890843757416e-4
260390,Carnaíba,84,18644,2022-12-31,0.004505470928985196,0.007454145308640366,global-q 2.5%,0.6044248860781858
260390,Carnaíba,84,18644,2022-12-31,0.004505470928985196,0.009820323685458794,global-q median,0.4587904709960388
260390,Carnaíba,84,18644,2022-12-31,0.004505470928985196,0.01510174051658718,global-q 97.5%,0.2983411696179363
260390,Carnaíba,84,18644,2022-12-31,0.004505470928985196,0.05,fixed q=0.05,0.09010941857970392
260390,Carnaíba,84,18644,2022-12-31,0.004505470928985196,0.1,fixed q=0.10,0.04505470928985196
260390,Carnaíba,84,18644,2022-12-31,0.004505470928985196,0.15,fixed q=0.15,0.030036472859901308
260390,Carnaíba,84,18644,2022-12-31,0.004505470928985196,0.2,fixed q=0.20,0.02252735464492598
260390,Carnaíba,84,18644,2022-12-31,0.004505470928985196,0.25,fixed q=0.25,0.018021883715940785
260390,Carnaíba,84,18644,2022-12-31,0.004505470928985196,0.3,fixed q=0.30,0.015018236429950654
260390,Carnaíba,86,19533,2025-12-21,0.004402805508626427,0.007454145308640366,global-q 2.5%,0.590651956237421
260390,Carnaíba,86,19533,2025-12-21,0.004402805508626427,0.009820323685458794,global-q median,0.44833608846781436
260390,Carnaíba,86,19533,2025-12-21,0.004402805508626427,0.01510174051658718,global-q 97.5%,0.29154291876426774
260390,Carnaíba,86,19533,2025-12-21,0.004402805508626427,0.05,fixed q=0.05,0.08805611017252853
260390,Carnaíba,86,19533,2025-12-21,0.004402805508626427,0.1,fixed q=0.10,0.04402805508626426
260390,Carnaíba,86,19533,2025-12-21,0.004402805508626427,0.15,fixed q=0.15,0.02935203672417618
260390,Carnaíba,86,19533,2025-12-21,0.004402805508626427,0.2,fixed q=0.20,0.02201402754313213
260390,Carnaíba,86,19533,2025-12-21,0.004402805508626427,0.25,fixed q=0.25,0.017611222034505707
260390,Carnaíba,86,19533,2025-12-21,0.004402805508626427,0.3,fixed q=0.30,0.01467601836208809
260392,Carnaubeira da Penha,2,12706,2016-12-31,1.5740594994490792e-4,0.007454145308640366,global-q 2.5%,0.02111656580700849
260392,Carnaubeira da Penha,2,12706,2016-12-31,1.5740594994490792e-4,0.009820323685458794,global-q median,0.016028590806836943
260392,Carnaubeira da Penha,2,12706,2016-12-31,1.5740594994490792e-4,0.01510174051658718,global-q 97.5%,0.010423033674298613
260392,Carnaubeira da Penha,2,12706,2016-12-31,1.5740594994490792e-4,0.05,fixed q=0.05,0.0031481189988981583
260392,Carnaubeira da Penha,2,12706,2016-12-31,1.5740594994490792e-4,0.1,fixed q=0.10,0.0015740594994490791
260392,Carnaubeira da Penha,2,12706,2016-12-31,1.5740594994490792e-4,0.15,fixed q=0.15,0.0010493729996327195
260392,Carnaubeira da Penha,2,12706,2016-12-31,1.5740594994490792e-4,0.2,fixed q=0.20,7.870297497245396e-4
260392,Carnaubeira da Penha,2,12706,2016-12-31,1.5740594994490792e-4,0.25,fixed q=0.25,6.296237997796317e-4
260392,Carnaubeira da Penha,2,12706,2016-12-31,1.5740594994490792e-4,0.3,fixed q=0.30,5.246864998163598e-4
260392,Carnaubeira da Penha,2,12836,2018-12-31,1.558117793705204e-4,0.007454145308640366,global-q 2.5%,0.020902702176990487
260392,Carnaubeira da Penha,2,12836,2018-12-31,1.558117793705204e-4,0.009820323685458794,global-q median,0.015866256995299952
260392,Carnaubeira da Penha,2,12836,2018-12-31,1.558117793705204e-4,0.01510174051658718,global-q 97.5%,0.010317471631788578
260392,Carnaubeira da Penha,2,12836,2018-12-31,1.558117793705204e-4,0.05,fixed q=0.05,0.003116235587410408
260392,Carnaubeira da Penha,2,12836,2018-12-31,1.558117793705204e-4,0.1,fixed q=0.10,0.001558117793705204
260392,Carnaubeira da Penha,2,12836,2018-12-31,1.558117793705204e-4,0.15,fixed q=0.15,0.0010387451958034693
260392,Carnaubeira da Penha,2,12836,2018-12-31,1.558117793705204e-4,0.2,fixed q=0.20,7.79058896852602e-4
260392,Carnaubeira da Penha,2,12836,2018-12-31,1.558117793705204e-4,0.25,fixed q=0.25,6.232471174820816e-4
260392,Carnaubeira da Penha,2,12836,2018-12-31,1.558117793705204e-4,0.3,fixed q=0.30,5.193725979017347e-4
260392,Carnaubeira da Penha,4,13117,2021-12-31,3.0494777769307006e-4,0.007454145308640366,global-q 2.5%,0.04090982467696118
260392,Carnaubeira da Penha,4,13117,2021-12-31,3.0494777769307006e-4,0.009820323685458794,global-q median,0.031052721627151055
260392,Carnaubeira da Penha,4,13117,2021-12-31,3.0494777769307006e-4,0.01510174051658718,global-q 97.5%,0.020192889512180862
260392,Carnaubeira da Penha,4,13117,2021-12-31,3.0494777769307006e-4,0.05,fixed q=0.05,0.006098955553861401
260392,Carnaubeira da Penha,4,13117,2021-12-31,3.0494777769307006e-4,0.1,fixed q=0.10,0.0030494777769307004
260392,Carnaubeira da Penha,4,13117,2021-12-31,3.0494777769307006e-4,0.15,fixed q=0.15,0.002032985184620467
260392,Carnaubeira da Penha,4,13117,2021-12-31,3.0494777769307006e-4,0.2,fixed q=0.20,0.0015247388884653502
260392,Carnaubeira da Penha,4,13117,2021-12-31,3.0494777769307006e-4,0.25,fixed q=0.25,0.0012197911107722803
260392,Carnaubeira da Penha,4,13117,2021-12-31,3.0494777769307006e-4,0.3,fixed q=0.30,0.0010164925923102335
260392,Carnaubeira da Penha,68,12239,2022-12-31,0.005556009477898521,0.007454145308640366,global-q 2.5%,0.7453583540232777
260392,Carnaubeira da Penha,68,12239,2022-12-31,0.005556009477898521,0.009820323685458794,global-q median,0.5657664305022294
260392,Carnaubeira da Penha,68,12239,2022-12-31,0.005556009477898521,0.01510174051658718,global-q 97.5%,0.36790524057780033
260392,Carnaubeira da Penha,68,12239,2022-12-31,0.005556009477898521,0.05,fixed q=0.05,0.11112018955797041
260392,Carnaubeira da Penha,68,12239,2022-12-31,0.005556009477898521,0.1,fixed q=0.10,0.05556009477898521
260392,Carnaubeira da Penha,68,12239,2022-12-31,0.005556009477898521,0.15,fixed q=0.15,0.03704006318599014
260392,Carnaubeira da Penha,68,12239,2022-12-31,0.005556009477898521,0.2,fixed q=0.20,0.027780047389492604
260392,Carnaubeira da Penha,68,12239,2022-12-31,0.005556009477898521,0.25,fixed q=0.25,0.022224037911594084
260392,Carnaubeira da Penha,68,12239,2022-12-31,0.005556009477898521,0.3,fixed q=0.30,0.01852003159299507
260392,Carnaubeira da Penha,70,12712,2025-12-21,0.005506607929515419,0.007454145308640366,global-q 2.5%,0.7387309612991462
260392,Carnaubeira da Penha,70,12712,2025-12-21,0.005506607929515419,0.009820323685458794,global-q median,0.5607358887435854
260392,Carnaubeira da Penha,70,12712,2025-12-21,0.005506607929515419,0.01510174051658718,global-q 97.5%,0.36463399192081
260392,Carnaubeira da Penha,70,12712,2025-12-21,0.005506607929515419,0.05,fixed q=0.05,0.11013215859030837
260392,Carnaubeira da Penha,70,12712,2025-12-21,0.005506607929515419,0.1,fixed q=0.10,0.05506607929515418
260392,Carnaubeira da Penha,70,12712,2025-12-21,0.005506607929515419,0.15,fixed q=0.15,0.03671071953010279
260392,Carnaubeira da Penha,70,12712,2025-12-21,0.005506607929515419,0.2,fixed q=0.20,0.02753303964757709
260392,Carnaubeira da Penha,70,12712,2025-12-21,0.005506607929515419,0.25,fixed q=0.25,0.022026431718061675
260392,Carnaubeira da Penha,70,12712,2025-12-21,0.005506607929515419,0.3,fixed q=0.30,0.018355359765051395
260400,Carpina,318,81884,2016-12-31,0.0038835425724195204,0.007454145308640366,global-q 2.5%,0.5209909938189651
260400,Carpina,318,81884,2016-12-31,0.0038835425724195204,0.009820323685458794,global-q median,0.39545973196076845
260400,Carpina,318,81884,2016-12-31,0.0038835425724195204,0.01510174051658718,global-q 97.5%,0.2571586081851946
260400,Carpina,318,81884,2016-12-31,0.0038835425724195204,0.05,fixed q=0.05,0.07767085144839041
260400,Carpina,318,81884,2016-12-31,0.0038835425724195204,0.1,fixed q=0.10,0.038835425724195204
260400,Carpina,318,81884,2016-12-31,0.0038835425724195204,0.15,fixed q=0.15,0.025890283816130136
260400,Carpina,318,81884,2016-12-31,0.0038835425724195204,0.2,fixed q=0.20,0.019417712862097602
260400,Carpina,318,81884,2016-12-31,0.0038835425724195204,0.25,fixed q=0.25,0.015534170289678082
260400,Carpina,318,81884,2016-12-31,0.0038835425724195204,0.3,fixed q=0.30,0.012945141908065068
260400,Carpina,326,82872,2018-12-31,0.00393377739164012,0.007454145308640366,global-q 2.5%,0.5277301727778687
260400,Carpina,326,82872,2018-12-31,0.00393377739164012,0.009820323685458794,global-q median,0.4005751253866474
260400,Carpina,326,82872,2018-12-31,0.00393377739164012,0.01510174051658718,global-q 97.5%,0.26048503398130884
260400,Carpina,326,82872,2018-12-31,0.00393377739164012,0.05,fixed q=0.05,0.0786755478328024
260400,Carpina,326,82872,2018-12-31,0.00393377739164012,0.1,fixed q=0.10,0.0393377739164012
260400,Carpina,326,82872,2018-12-31,0.00393377739164012,0.15,fixed q=0.15,0.026225182610934133
260400,Carpina,326,82872,2018-12-31,0.00393377739164012,0.2,fixed q=0.20,0.0196688869582006
260400,Carpina,326,82872,2018-12-31,0.00393377739164012,0.25,fixed q=0.25,0.01573510956656048
260400,Carpina,326,82872,2018-12-31,0.00393377739164012,0.3,fixed q=0.30,0.013112591305467066
260400,Carpina,491,85131,2021-12-31,0.005767581726985469,0.007454145308640366,global-q 2.5%,0.7737415207482016
260400,Carpina,491,85131,2021-12-31,0.005767581726985469,0.009820323685458794,global-q median,0.5873107559097747
260400,Carpina,491,85131,2021-12-31,0.005767581726985469,0.01510174051658718,global-q 97.5%,0.3819150329493859
260400,Carpina,491,85131,2021-12-31,0.005767581726985469,0.05,fixed q=0.05,0.11535163453970938
260400,Carpina,491,85131,2021-12-31,0.005767581726985469,0.1,fixed q=0.10,0.05767581726985469
260400,Carpina,491,85131,2021-12-31,0.005767581726985469,0.15,fixed q=0.15,0.0384505448465698
260400,Carpina,491,85131,2021-12-31,0.005767581726985469,0.2,fixed q=0.20,0.028837908634927346
260400,Carpina,491,85131,2021-12-31,0.005767581726985469,0.25,fixed q=0.25,0.023070326907941877
260400,Carpina,491,85131,2021-12-31,0.005767581726985469,0.3,fixed q=0.30,0.0192252724232849
260400,Carpina,549,79293,2022-12-31,0.006923688093526541,0.007454145308640366,global-q 2.5%,0.9288372854096426
260400,Carpina,549,79293,2022-12-31,0.006923688093526541,0.009820323685458794,global-q median,0.7050366480056685
260400,Carpina,549,79293,2022-12-31,0.006923688093526541,0.01510174051658718,global-q 97.5%,0.45846954434966114
260400,Carpina,549,79293,2022-12-31,0.006923688093526541,0.05,fixed q=0.05,0.13847376187053081
260400,Carpina,549,79293,2022-12-31,0.006923688093526541,0.1,fixed q=0.10,0.06923688093526541
260400,Carpina,549,79293,2022-12-31,0.006923688093526541,0.15,fixed q=0.15,0.04615792062351027
260400,Carpina,549,79293,2022-12-31,0.006923688093526541,0.2,fixed q=0.20,0.034618440467632704
260400,Carpina,549,79293,2022-12-31,0.006923688093526541,0.25,fixed q=0.25,0.027694752374106162
260400,Carpina,549,79293,2022-12-31,0.006923688093526541,0.3,fixed q=0.30,0.023078960311755135
260400,Carpina,556,83482,2025-12-21,0.0066601183488656235,0.007454145308640366,global-q 2.5%,0.8934784704486028
260400,Carpina,556,83482,2025-12-21,0.0066601183488656235,0.009820323685458794,global-q median,0.6781974364783344
260400,Carpina,556,83482,2025-12-21,0.0066601183488656235,0.01510174051658718,global-q 97.5%,0.44101660610248217
260400,Carpina,556,83482,2025-12-21,0.0066601183488656235,0.05,fixed q=0.05,0.13320236697731247
260400,Carpina,556,83482,2025-12-21,0.0066601183488656235,0.1,fixed q=0.10,0.06660118348865623
260400,Carpina,556,83482,2025-12-21,0.0066601183488656235,0.15,fixed q=0.15,0.04440078899243749
260400,Carpina,556,83482,2025-12-21,0.0066601183488656235,0.2,fixed q=0.20,0.03330059174432812
260400,Carpina,556,83482,2025-12-21,0.0066601183488656235,0.25,fixed q=0.25,0.026640473395462494
260400,Carpina,556,83482,2025-12-21,0.0066601183488656235,0.3,fixed q=0.30,0.022200394496218745
260410,Caruaru,554,351686,2016-12-31,0.0015752688477789847,0.007454145308640366,global-q 2.5%,0.2113278964327452
260410,Caruaru,554,351686,2016-12-31,0.0015752688477789847,0.009820323685458794,global-q median,0.16040905557028898
260410,Caruaru,554,351686,2016-12-31,0.0015752688477789847,0.01510174051658718,global-q 97.5%,0.1043104168058489
260410,Caruaru,554,351686,2016-12-31,0.0015752688477789847,0.05,fixed q=0.05,0.03150537695557969
260410,Caruaru,554,351686,2016-12-31,0.0015752688477789847,0.1,fixed q=0.10,0.015752688477789847
260410,Caruaru,554,351686,2016-12-31,0.0015752688477789847,0.15,fixed q=0.15,0.010501792318526566
260410,Caruaru,554,351686,2016-12-31,0.0015752688477789847,0.2,fixed q=0.20,0.007876344238894923
260410,Caruaru,554,351686,2016-12-31,0.0015752688477789847,0.25,fixed q=0.25,0.006301075391115939
260410,Caruaru,554,351686,2016-12-31,0.0015752688477789847,0.3,fixed q=0.30,0.005250896159263283
260410,Caruaru,741,356872,2018-12-31,0.002076374722589612,0.007454145308640366,global-q 2.5%,0.27855302474219434
260410,Caruaru,741,356872,2018-12-31,0.002076374722589612,0.009820323685458794,global-q median,0.2114364850991779
260410,Caruaru,741,356872,2018-12-31,0.002076374722589612,0.01510174051658718,global-q 97.5%,0.13749241157395073
260410,Caruaru,741,356872,2018-12-31,0.002076374722589612,0.05,fixed q=0.05,0.04152749445179224
260410,Caruaru,741,356872,2018-12-31,0.002076374722589612,0.1,fixed q=0.10,0.02076374722589612
260410,Caruaru,741,356872,2018-12-31,0.002076374722589612,0.15,fixed q=0.15,0.013842498150597415
260410,Caruaru,741,356872,2018-12-31,0.002076374722589612,0.2,fixed q=0.20,0.01038187361294806
260410,Caruaru,741,356872,2018-12-31,0.002076374722589612,0.25,fixed q=0.25,0.008305498890358448
260410,Caruaru,741,356872,2018-12-31,0.002076374722589612,0.3,fixed q=0.30,0.006921249075298707
260410,Caruaru,784,369343,2021-12-31,0.002122688124588797,0.007454145308640366,global-q 2.5%,0.2847661316889427
260410,Caruaru,784,369343,2021-12-31,0.002122688124588797,0.009820323685458794,global-q median,0.21615256203132244
260410,Caruaru,784,369343,2021-12-31,0.002122688124588797,0.01510174051658718,global-q 97.5%,0.14055917079606264
260410,Caruaru,784,369343,2021-12-31,0.002122688124588797,0.05,fixed q=0.05,0.04245376249177594
260410,Caruaru,784,369343,2021-12-31,0.002122688124588797,0.1,fixed q=0.10,0.02122688124588797
260410,Caruaru,784,369343,2021-12-31,0.002122688124588797,0.15,fixed q=0.15,0.014151254163925313
260410,Caruaru,784,369343,2021-12-31,0.002122688124588797,0.2,fixed q=0.20,0.010613440622943985
260410,Caruaru,784,369343,2021-12-31,0.002122688124588797,0.25,fixed q=0.25,0.008490752498355188
260410,Caruaru,784,369343,2021-12-31,0.002122688124588797,0.3,fixed q=0.30,0.007075627081962656
260410,Caruaru,1533,378048,2022-12-31,0.0040550406297613,0.007454145308640366,global-q 2.5%,0.5439980657555679
260410,Caruaru,1533,378048,2022-12-31,0.0040550406297613,0.009820323685458794,global-q median,0.41292331695397194
260410,Caruaru,1533,378048,2022-12-31,0.0040550406297613,0.01510174051658718,global-q 97.5%,0.2685147864451383
260410,Caruaru,1533,378048,2022-12-31,0.0040550406297613,0.05,fixed q=0.05,0.08110081259522599
260410,Caruaru,1533,378048,2022-12-31,0.0040550406297613,0.1,fixed q=0.10,0.040550406297612994
260410,Caruaru,1533,378048,2022-12-31,0.0040550406297613,0.15,fixed q=0.15,0.027033604198408667
260410,Caruaru,1533,378048,2022-12-31,0.0040550406297613,0.2,fixed q=0.20,0.020275203148806497
260410,Caruaru,1533,378048,2022-12-31,0.0040550406297613,0.25,fixed q=0.25,0.0162201625190452
260410,Caruaru,1533,378048,2022-12-31,0.0040550406297613,0.3,fixed q=0.30,0.013516802099204334
260410,Caruaru,1553,405408,2025-12-21,0.0038307088167969057,0.007454145308640366,global-q 2.5%,0.5139031583348119
260410,Caruaru,1553,405408,2025-12-21,0.0038307088167969057,0.009820323685458794,global-q median,0.3900796897834574
260410,Caruaru,1553,405408,2025-12-21,0.0038307088167969057,0.01510174051658718,global-q 97.5%,0.25366008723228956
260410,Caruaru,1553,405408,2025-12-21,0.0038307088167969057,0.05,fixed q=0.05,0.0766141763359381
260410,Caruaru,1553,405408,2025-12-21,0.0038307088167969057,0.1,fixed q=0.10,0.03830708816796905
260410,Caruaru,1553,405408,2025-12-21,0.0038307088167969057,0.15,fixed q=0.15,0.02553805877864604
260410,Caruaru,1553,405408,2025-12-21,0.0038307088167969057,0.2,fixed q=0.20,0.019153544083984526
260410,Caruaru,1553,405408,2025-12-21,0.0038307088167969057,0.25,fixed q=0.25,0.015322835267187623
260410,Caruaru,1553,405408,2025-12-21,0.0038307088167969057,0.3,fixed q=0.30,0.01276902938932302
260415,Casinhas,3,14247,2016-12-31,2.105706464518846e-4,0.007454145308640366,global-q 2.5%,0.028248798183180657
260415,Casinhas,3,14247,2016-12-31,2.105706464518846e-4,0.009820323685458794,global-q median,0.021442332574402
260415,Casinhas,3,14247,2016-12-31,2.105706464518846e-4,0.01510174051658718,global-q 97.5%,0.013943468716112675
260415,Casinhas,3,14247,2016-12-31,2.105706464518846e-4,0.05,fixed q=0.05,0.004211412929037692
260415,Casinhas,3,14247,2016-12-31,2.105706464518846e-4,0.1,fixed q=0.10,0.002105706464518846
260415,Casinhas,3,14247,2016-12-31,2.105706464518846e-4,0.15,fixed q=0.15,0.0014038043096792306
260415,Casinhas,3,14247,2016-12-31,2.105706464518846e-4,0.2,fixed q=0.20,0.001052853232259423
260415,Casinhas,3,14247,2016-12-31,2.105706464518846e-4,0.25,fixed q=0.25,8.422825858075384e-4
260415,Casinhas,3,14247,2016-12-31,2.105706464518846e-4,0.3,fixed q=0.30,7.019021548396153e-4
260415,Casinhas,3,14313,2018-12-31,2.0959966464053657e-4,0.007454145308640366,global-q 2.5%,0.028118537533415415
260415,Casinhas,3,14313,2018-12-31,2.0959966464053657e-4,0.009820323685458794,global-q median,0.02134345784863448
260415,Casinhas,3,14313,2018-12-31,2.0959966464053657e-4,0.01510174051658718,global-q 97.5%,0.013879172696042568
260415,Casinhas,3,14313,2018-12-31,2.0959966464053657e-4,0.05,fixed q=0.05,0.004191993292810731
260415,Casinhas,3,14313,2018-12-31,2.0959966464053657e-4,0.1,fixed q=0.10,0.0020959966464053656
260415,Casinhas,3,14313,2018-12-31,2.0959966464053657e-4,0.15,fixed q=0.15,0.0013973310976035773
260415,Casinhas,3,14313,2018-12-31,2.0959966464053657e-4,0.2,fixed q=0.20,0.0010479983232026828
260415,Casinhas,3,14313,2018-12-31,2.0959966464053657e-4,0.25,fixed q=0.25,8.383986585621463e-4
260415,Casinhas,3,14313,2018-12-31,2.0959966464053657e-4,0.3,fixed q=0.30,6.986655488017886e-4
260415,Casinhas,8,12967,2022-12-31,6.169507210611552e-4,0.007454145308640366,global-q 2.5%,0.08276612482265748
260415,Casinhas,8,12967,2022-12-31,6.169507210611552e-4,0.009820323685458794,global-q median,0.06282386821675644
260415,Casinhas,8,12967,2022-12-31,6.169507210611552e-4,0.01510174051658718,global-q 97.5%,0.04085295468979353
260415,Casinhas,8,12967,2022-12-31,6.169507210611552e-4,0.05,fixed q=0.05,0.012339014421223104
260415,Casinhas,8,12967,2022-12-31,6.169507210611552e-4,0.1,fixed q=0.10,0.006169507210611552
260415,Casinhas,8,12967,2022-12-31,6.169507210611552e-4,0.15,fixed q=0.15,0.004113004807074368
260415,Casinhas,8,12967,2022-12-31,6.169507210611552e-4,0.2,fixed q=0.20,0.003084753605305776
260415,Casinhas,8,12967,2022-12-31,6.169507210611552e-4,0.25,fixed q=0.25,0.002467802884244621
260415,Casinhas,8,12967,2022-12-31,6.169507210611552e-4,0.3,fixed q=0.30,0.002056502403537184
260415,Casinhas,8,14395,2021-12-31,5.557485237929837e-4,0.007454145308640366,global-q 2.5%,0.07455563324594648
260415,Casinhas,8,14395,2021-12-31,5.557485237929837e-4,0.009820323685458794,global-q median,0.05659167066111016
260415,Casinhas,8,14395,2021-12-31,5.557485237929837e-4,0.01510174051658718,global-q 97.5%,0.036800296176627494
260415,Casinhas,8,14395,2021-12-31,5.557485237929837e-4,0.05,fixed q=0.05,0.011114970475859673
260415,Casinhas,8,14395,2021-12-31,5.557485237929837e-4,0.1,fixed q=0.10,0.0055574852379298365
260415,Casinhas,8,14395,2021-12-31,5.557485237929837e-4,0.15,fixed q=0.15,0.0037049901586198915
260415,Casinhas,8,14395,2021-12-31,5.557485237929837e-4,0.2,fixed q=0.20,0.0027787426189649182
260415,Casinhas,8,14395,2021-12-31,5.557485237929837e-4,0.25,fixed q=0.25,0.002222994095171935
260415,Casinhas,8,14395,2021-12-31,5.557485237929837e-4,0.3,fixed q=0.30,0.0018524950793099458
260415,Casinhas,45,13468,2025-12-21,0.0033412533412533413,0.007454145308640366,global-q 2.5%,0.44824097235941657
260415,Casinhas,45,13468,2025-12-21,0.0033412533412533413,0.009820323685458794,global-q median,0.3402386161874502
260415,Casinhas,45,13468,2025-12-21,0.0033412533412533413,0.01510174051658718,global-q 97.5%,0.22124955316133496
260415,Casinhas,45,13468,2025-12-21,0.0033412533412533413,0.05,fixed q=0.05,0.06682506682506682
260415,Casinhas,45,13468,2025-12-21,0.0033412533412533413,0.1,fixed q=0.10,0.03341253341253341
260415,Casinhas,45,13468,2025-12-21,0.0033412533412533413,0.15,fixed q=0.15,0.022275022275022278
260415,Casinhas,45,13468,2025-12-21,0.0033412533412533413,0.2,fixed q=0.20,0.016706266706266706
260415,Casinhas,45,13468,2025-12-21,0.0033412533412533413,0.25,fixed q=0.25,0.013365013365013365
260415,Casinhas,45,13468,2025-12-21,0.0033412533412533413,0.3,fixed q=0.30,0.011137511137511139
260420,Catende,14,41865,2016-12-31,3.34408216887615e-4,0.007454145308640366,global-q 2.5%,0.044862046960634165
260420,Catende,14,41865,2016-12-31,3.34408216887615e-4,0.009820323685458794,global-q median,0.03405266746785361
260420,Catende,14,41865,2016-12-31,3.34408216887615e-4,0.01510174051658718,global-q 97.5%,0.022143687114760953
260420,Catende,14,41865,2016-12-31,3.34408216887615e-4,0.05,fixed q=0.05,0.006688164337752299
260420,Catende,14,41865,2016-12-31,3.34408216887615e-4,0.1,fixed q=0.10,0.0033440821688761496
260420,Catende,14,41865,2016-12-31,3.34408216887615e-4,0.15,fixed q=0.15,0.0022293881125841
260420,Catende,14,41865,2016-12-31,3.34408216887615e-4,0.2,fixed q=0.20,0.0016720410844380748
260420,Catende,14,41865,2016-12-31,3.34408216887615e-4,0.25,fixed q=0.25,0.00133763286755046
260420,Catende,14,41865,2016-12-31,3.34408216887615e-4,0.3,fixed q=0.30,0.00111469405629205
260420,Catende,15,42434,2018-12-31,3.534901258424848e-4,0.007454145308640366,global-q 2.5%,0.04742195264596489
260420,Catende,15,42434,2018-12-31,3.534901258424848e-4,0.009820323685458794,global-q median,0.035995771337548346
260420,Catende,15,42434,2018-12-31,3.534901258424848e-4,0.01510174051658718,global-q 97.5%,0.023407244049401102
260420,Catende,15,42434,2018-12-31,3.534901258424848e-4,0.05,fixed q=0.05,0.007069802516849696
260420,Catende,15,42434,2018-12-31,3.534901258424848e-4,0.1,fixed q=0.10,0.003534901258424848
260420,Catende,15,42434,2018-12-31,3.534901258424848e-4,0.15,fixed q=0.15,0.0023566008389498986
260420,Catende,15,42434,2018-12-31,3.534901258424848e-4,0.2,fixed q=0.20,0.001767450629212424
260420,Catende,15,42434,2018-12-31,3.534901258424848e-4,0.25,fixed q=0.25,0.0014139605033699392
260420,Catende,15,42434,2018-12-31,3.534901258424848e-4,0.3,fixed q=0.30,0.0011783004194749493
260420,Catende,20,43778,2021-12-31,4.5685047284023937e-4,0.007454145308640366,global-q 2.5%,0.061288109357177094
260420,Catende,20,43778,2021-12-31,4.5685047284023937e-4,0.009820323685458794,global-q median,0.04652091799343738
260420,Catende,20,43778,2021-12-31,4.5685047284023937e-4,0.01510174051658718,global-q 97.5%,0.030251511230672525
260420,Catende,20,43778,2021-12-31,4.5685047284023937e-4,0.05,fixed q=0.05,0.009137009456804786
260420,Catende,20,43778,2021-12-31,4.5685047284023937e-4,0.1,fixed q=0.10,0.004568504728402393
260420,Catende,20,43778,2021-12-31,4.5685047284023937e-4,0.15,fixed q=0.15,0.0030456698189349294
260420,Catende,20,43778,2021-12-31,4.5685047284023937e-4,0.2,fixed q=0.20,0.0022842523642011966
260420,Catende,20,43778,2021-12-31,4.5685047284023937e-4,0.25,fixed q=0.25,0.0018274018913609575
260420,Catende,20,43778,2021-12-31,4.5685047284023937e-4,0.3,fixed q=0.30,0.0015228349094674647
260420,Catende,23,32156,2022-12-31,7.152630924244309e-4,0.007454145308640366,global-q 2.5%,0.09595507771968757
260420,Catende,23,32156,2022-12-31,7.152630924244309e-4,0.009820323685458794,global-q median,0.07283498134420348
260420,Catende,23,32156,2022-12-31,7.152630924244309e-4,0.01510174051658718,global-q 97.5%,0.04736295737824478
260420,Catende,23,32156,2022-12-31,7.152630924244309e-4,0.05,fixed q=0.05,0.014305261848488618
260420,Catende,23,32156,2022-12-31,7.152630924244309e-4,0.1,fixed q=0.10,0.007152630924244309
260420,Catende,23,32156,2022-12-31,7.152630924244309e-4,0.15,fixed q=0.15,0.004768420616162873
260420,Catende,23,32156,2022-12-31,7.152630924244309e-4,0.2,fixed q=0.20,0.0035763154621221544
260420,Catende,23,32156,2022-12-31,7.152630924244309e-4,0.25,fixed q=0.25,0.0028610523696977236
260420,Catende,23,32156,2022-12-31,7.152630924244309e-4,0.3,fixed q=0.30,0.0023842103080814366
260420,Catende,31,33086,2025-12-21,9.3695218521429e-4,0.007454145308640366,global-q 2.5%,0.12569545486700337
260420,Catende,31,33086,2025-12-21,9.3695218521429e-4,0.009820323685458794,global-q median,0.09540950127760647
260420,Catende,31,33086,2025-12-21,9.3695218521429e-4,0.01510174051658718,global-q 97.5%,0.06204266218090406
260420,Catende,31,33086,2025-12-21,9.3695218521429e-4,0.05,fixed q=0.05,0.0187390437042858
260420,Catende,31,33086,2025-12-21,9.3695218521429e-4,0.1,fixed q=0.10,0.0093695218521429
260420,Catende,31,33086,2025-12-21,9.3695218521429e-4,0.15,fixed q=0.15,0.0062463479014286
260420,Catende,31,33086,2025-12-21,9.3695218521429e-4,0.2,fixed q=0.20,0.00468476092607145
260420,Catende,31,33086,2025-12-21,9.3695218521429e-4,0.25,fixed q=0.25,0.00374780874085716
260420,Catende,31,33086,2025-12-21,9.3695218521429e-4,0.3,fixed q=0.30,0.0031231739507143
260430,Cedro,4,11607,2016-12-31,3.446196260877057e-4,0.007454145308640366,global-q 2.5%,0.04623194367947789
260430,Cedro,4,11607,2016-12-31,3.446196260877057e-4,0.009820323685458794,global-q median,0.035092491563999344
260430,Cedro,4,11607,2016-12-31,3.446196260877057e-4,0.01510174051658718,global-q 97.5%,0.022819861439758456
260430,Cedro,4,11607,2016-12-31,3.446196260877057e-4,0.05,fixed q=0.05,0.006892392521754114
260430,Cedro,4,11607,2016-12-31,3.446196260877057e-4,0.1,fixed q=0.10,0.003446196260877057
260430,Cedro,4,11607,2016-12-31,3.446196260877057e-4,0.15,fixed q=0.15,0.0022974641739180383
260430,Cedro,4,11607,2016-12-31,3.446196260877057e-4,0.2,fixed q=0.20,0.0017230981304385284
260430,Cedro,4,11607,2016-12-31,3.446196260877057e-4,0.25,fixed q=0.25,0.0013784785043508229
260430,Cedro,4,11607,2016-12-31,3.446196260877057e-4,0.3,fixed q=0.30,0.0011487320869590192
260430,Cedro,6,11722,2018-12-31,5.118580447022692e-4,0.007454145308640366,global-q 2.5%,0.06866756999074813
260430,Cedro,6,11722,2018-12-31,5.118580447022692e-4,0.009820323685458794,global-q median,0.05212231909017323
260430,Cedro,6,11722,2018-12-31,5.118580447022692e-4,0.01510174051658718,global-q 97.5%,0.0338939769320009
260430,Cedro,6,11722,2018-12-31,5.118580447022692e-4,0.05,fixed q=0.05,0.010237160894045385
260430,Cedro,6,11722,2018-12-31,5.118580447022692e-4,0.1,fixed q=0.10,0.0051185804470226925
260430,Cedro,6,11722,2018-12-31,5.118580447022692e-4,0.15,fixed q=0.15,0.0034123869646817953
260430,Cedro,6,11722,2018-12-31,5.118580447022692e-4,0.2,fixed q=0.20,0.0025592902235113462
260430,Cedro,6,11722,2018-12-31,5.118580447022692e-4,0.25,fixed q=0.25,0.002047432178809077
260430,Cedro,6,11722,2018-12-31,5.118580447022692e-4,0.3,fixed q=0.30,0.0017061934823408976
260430,Cedro,6,11972,2021-12-31,5.011693952555964e-4,0.007454145308640366,global-q 2.5%,0.06723364980216752
260430,Cedro,6,11972,2021-12-31,5.011693952555964e-4,0.009820323685458794,global-q median,0.05103389779276733
260430,Cedro,6,11972,2021-12-31,5.011693952555964e-4,0.01510174051658718,global-q 97.5%,0.03318620093525848
260430,Cedro,6,11972,2021-12-31,5.011693952555964e-4,0.05,fixed q=0.05,0.010023387905111926
260430,Cedro,6,11972,2021-12-31,5.011693952555964e-4,0.1,fixed q=0.10,0.005011693952555963
260430,Cedro,6,11972,2021-12-31,5.011693952555964e-4,0.15,fixed q=0.15,0.003341129301703976
260430,Cedro,6,11972,2021-12-31,5.011693952555964e-4,0.2,fixed q=0.20,0.0025058469762779816
260430,Cedro,6,11972,2021-12-31,5.011693952555964e-4,0.25,fixed q=0.25,0.0020046775810223854
260430,Cedro,6,11972,2021-12-31,5.011693952555964e-4,0.3,fixed q=0.30,0.001670564650851988
260430,Cedro,891,10518,2022-12-31,0.08471192241871078,0.007454145308640366,global-q 2.5%,11.36440449054812
260430,Cedro,891,10518,2022-12-31,0.08471192241871078,0.009820323685458794,global-q median,8.626184343001434
260430,Cedro,891,10518,2022-12-31,0.08471192241871078,0.01510174051658718,global-q 97.5%,5.609414512563397
260430,Cedro,891,10518,2022-12-31,0.08471192241871078,0.05,fixed q=0.05,1.6942384483742157
260430,Cedro,891,10518,2022-12-31,0.08471192241871078,0.1,fixed q=0.10,0.8471192241871078
260430,Cedro,891,10518,2022-12-31,0.08471192241871078,0.15,fixed q=0.15,0.5647461494580719
260430,Cedro,891,10518,2022-12-31,0.08471192241871078,0.2,fixed q=0.20,0.4235596120935539
260430,Cedro,891,10518,2022-12-31,0.08471192241871078,0.25,fixed q=0.25,0.33884768967484313
260430,Cedro,891,10518,2022-12-31,0.08471192241871078,0.3,fixed q=0.30,0.28237307472903594
260430,Cedro,911,10843,2025-12-21,0.08401733837498847,0.007454145308640366,global-q 2.5%,11.271223580468838
260430,Cedro,911,10843,2025-12-21,0.08401733837498847,0.009820323685458794,global-q median,8.555455101688256
260430,Cedro,911,10843,2025-12-21,0.08401733837498847,0.01510174051658718,global-q 97.5%,5.563420870773604
260430,Cedro,911,10843,2025-12-21,0.08401733837498847,0.05,fixed q=0.05,1.6803467674997692
260430,Cedro,911,10843,2025-12-21,0.08401733837498847,0.1,fixed q=0.10,0.8401733837498846
260430,Cedro,911,10843,2025-12-21,0.08401733837498847,0.15,fixed q=0.15,0.5601155891665898
260430,Cedro,911,10843,2025-12-21,0.08401733837498847,0.2,fixed q=0.20,0.4200866918749423
260430,Cedro,911,10843,2025-12-21,0.08401733837498847,0.25,fixed q=0.25,0.33606935349995387
260430,Cedro,911,10843,2025-12-21,0.08401733837498847,0.3,fixed q=0.30,0.2800577945832949
260440,Chã de Alegria,1,13302,2016-12-31,7.517666516313337e-5,0.007454145308640366,global-q 2.5%,0.010085215950377759
260440,Chã de Alegria,1,13302,2016-12-31,7.517666516313337e-5,0.009820323685458794,global-q median,0.007655212554189979
260440,Chã de Alegria,1,13302,2016-12-31,7.517666516313337e-5,0.01510174051658718,global-q 97.5%,0.004978013301219298
260440,Chã de Alegria,1,13302,2016-12-31,7.517666516313337e-5,0.05,fixed q=0.05,0.0015035333032626672
260440,Chã de Alegria,1,13302,2016-12-31,7.517666516313337e-5,0.1,fixed q=0.10,7.517666516313336e-4
260440,Chã de Alegria,1,13302,2016-12-31,7.517666516313337e-5,0.15,fixed q=0.15,5.011777677542225e-4
260440,Chã de Alegria,1,13302,2016-12-31,7.517666516313337e-5,0.2,fixed q=0.20,3.758833258156668e-4
260440,Chã de Alegria,1,13302,2016-12-31,7.517666516313337e-5,0.25,fixed q=0.25,3.0070666065253347e-4
260440,Chã de Alegria,1,13302,2016-12-31,7.517666516313337e-5,0.3,fixed q=0.30,2.5058888387711125e-4
260440,Chã de Alegria,1,13428,2018-12-31,7.447125409591897e-5,0.007454145308640366,global-q 2.5%,0.009990582556741507
260440,Chã de Alegria,1,13428,2018-12-31,7.447125409591897e-5,0.009820323685458794,global-q median,0.007583380801000529
260440,Chã de Alegria,1,13428,2018-12-31,7.447125409591897e-5,0.01510174051658718,global-q 97.5%,0.004931302720644853
260440,Chã de Alegria,1,13428,2018-12-31,7.447125409591897e-5,0.05,fixed q=0.05,0.0014894250819183794
260440,Chã de Alegria,1,13428,2018-12-31,7.447125409591897e-5,0.1,fixed q=0.10,7.447125409591897e-4
260440,Chã de Alegria,1,13428,2018-12-31,7.447125409591897e-5,0.15,fixed q=0.15,4.964750273061266e-4
260440,Chã de Alegria,1,13428,2018-12-31,7.447125409591897e-5,0.2,fixed q=0.20,3.7235627047959484e-4
260440,Chã de Alegria,1,13428,2018-12-31,7.447125409591897e-5,0.25,fixed q=0.25,2.978850163836759e-4
260440,Chã de Alegria,1,13428,2018-12-31,7.447125409591897e-5,0.3,fixed q=0.30,2.482375136530633e-4
260440,Chã de Alegria,4,12984,2022-12-31,3.0807147258163895e-4,0.007454145308640366,global-q 2.5%,0.04132887941217651
260440,Chã de Alegria,4,12984,2022-12-31,3.0807147258163895e-4,0.009820323685458794,global-q median,0.03137080634498925
260440,Chã de Alegria,4,12984,2022-12-31,3.0807147258163895e-4,0.01510174051658718,global-q 97.5%,0.02039973288133675
260440,Chã de Alegria,4,12984,2022-12-31,3.0807147258163895e-4,0.05,fixed q=0.05,0.0061614294516327784
260440,Chã de Alegria,4,12984,2022-12-31,3.0807147258163895e-4,0.1,fixed q=0.10,0.0030807147258163892
260440,Chã de Alegria,4,12984,2022-12-31,3.0807147258163895e-4,0.15,fixed q=0.15,0.0020538098172109263
260440,Chã de Alegria,4,12984,2022-12-31,3.0807147258163895e-4,0.2,fixed q=0.20,0.0015403573629081946
260440,Chã de Alegria,4,12984,2022-12-31,3.0807147258163895e-4,0.25,fixed q=0.25,0.0012322858903265558
260440,Chã de Alegria,4,12984,2022-12-31,3.0807147258163895e-4,0.3,fixed q=0.30,0.0010269049086054631
260440,Chã de Alegria,4,13641,2021-12-31,2.9323363389780805e-4,0.007454145308640366,global-q 2.5%,0.03933833078862985
260440,Chã de Alegria,4,13641,2021-12-31,2.9323363389780805e-4,0.009820323685458794,global-q median,0.029859874612076853
260440,Chã de Alegria,4,13641,2021-12-31,2.9323363389780805e-4,0.01510174051658718,global-q 97.5%,0.01941720780963832
260440,Chã de Alegria,4,13641,2021-12-31,2.9323363389780805e-4,0.05,fixed q=0.05,0.00586467267795616
260440,Chã de Alegria,4,13641,2021-12-31,2.9323363389780805e-4,0.1,fixed q=0.10,0.00293233633897808
260440,Chã de Alegria,4,13641,2021-12-31,2.9323363389780805e-4,0.15,fixed q=0.15,0.0019548908926520538
260440,Chã de Alegria,4,13641,2021-12-31,2.9323363389780805e-4,0.2,fixed q=0.20,0.00146616816948904
260440,Chã de Alegria,4,13641,2021-12-31,2.9323363389780805e-4,0.25,fixed q=0.25,0.0011729345355912322
260440,Chã de Alegria,4,13641,2021-12-31,2.9323363389780805e-4,0.3,fixed q=0.30,9.774454463260269e-4
260440,Chã de Alegria,7,13496,2025-12-21,5.186721991701245e-4,0.007454145308640366,global-q 2.5%,0.06958171295224323
260440,Chã de Alegria,7,13496,2025-12-21,5.186721991701245e-4,0.009820323685458794,global-q median,0.052816201968794135
260440,Chã de Alegria,7,13496,2025-12-21,5.186721991701245e-4,0.01510174051658718,global-q 97.5%,0.03434519342988542
260440,Chã de Alegria,7,13496,2025-12-21,5.186721991701245e-4,0.05,fixed q=0.05,0.01037344398340249
260440,Chã de Alegria,7,13496,2025-12-21,5.186721991701245e-4,0.1,fixed q=0.10,0.005186721991701245
260440,Chã de Alegria,7,13496,2025-12-21,5.186721991701245e-4,0.15,fixed q=0.15,0.0034578146611341635
260440,Chã de Alegria,7,13496,2025-12-21,5.186721991701245e-4,0.2,fixed q=0.20,0.0025933609958506223
260440,Chã de Alegria,7,13496,2025-12-21,5.186721991701245e-4,0.25,fixed q=0.25,0.002074688796680498
260440,Chã de Alegria,7,13496,2025-12-21,5.186721991701245e-4,0.3,fixed q=0.30,0.0017289073305670818
260450,Chã Grande,0,21402,2016-12-31,0,0.007454145308640366,global-q 2.5%,0
260450,Chã Grande,0,21402,2016-12-31,0,0.009820323685458794,global-q median,0
260450,Chã Grande,0,21402,2016-12-31,0,0.01510174051658718,global-q 97.5%,0
260450,Chã Grande,0,21402,2016-12-31,0,0.05,fixed q=0.05,0
260450,Chã Grande,0,21402,2016-12-31,0,0.1,fixed q=0.10,0
260450,Chã Grande,0,21402,2016-12-31,0,0.15,fixed q=0.15,0
260450,Chã Grande,0,21402,2016-12-31,0,0.2,fixed q=0.20,0
260450,Chã Grande,0,21402,2016-12-31,0,0.25,fixed q=0.25,0
260450,Chã Grande,0,21402,2016-12-31,0,0.3,fixed q=0.30,0
260450,Chã Grande,1,21579,2018-12-31,4.634135038695028e-5,0.007454145308640366,global-q 2.5%,0.006216856321976225
260450,Chã Grande,1,21579,2018-12-31,4.634135038695028e-5,0.009820323685458794,global-q median,0.004718922906336489
260450,Chã Grande,1,21579,2018-12-31,4.634135038695028e-5,0.01510174051658718,global-q 97.5%,0.0030686098953991887
260450,Chã Grande,1,21579,2018-12-31,4.634135038695028e-5,0.05,fixed q=0.05,9.268270077390055e-4
260450,Chã Grande,1,21579,2018-12-31,4.634135038695028e-5,0.1,fixed q=0.10,4.6341350386950274e-4
260450,Chã Grande,1,21579,2018-12-31,4.634135038695028e-5,0.15,fixed q=0.15,3.089423359130019e-4
260450,Chã Grande,1,21579,2018-12-31,4.634135038695028e-5,0.2,fixed q=0.20,2.3170675193475137e-4
260450,Chã Grande,1,21579,2018-12-31,4.634135038695028e-5,0.25,fixed q=0.25,1.853654015478011e-4
260450,Chã Grande,1,21579,2018-12-31,4.634135038695028e-5,0.3,fixed q=0.30,1.5447116795650094e-4
260450,Chã Grande,1,21929,2021-12-31,4.560171462446988e-5,0.007454145308640366,global-q 2.5%,0.006117631564226593
260450,Chã Grande,1,21929,2021-12-31,4.560171462446988e-5,0.009820323685458794,global-q median,0.004643606064838119
260450,Chã Grande,1,21929,2021-12-31,4.560171462446988e-5,0.01510174051658718,global-q 97.5%,0.0030196330399388524
260450,Chã Grande,1,21929,2021-12-31,4.560171462446988e-5,0.05,fixed q=0.05,9.120342924893977e-4
260450,Chã Grande,1,21929,2021-12-31,4.560171462446988e-5,0.1,fixed q=0.10,4.5601714624469883e-4
260450,Chã Grande,1,21929,2021-12-31,4.560171462446988e-5,0.15,fixed q=0.15,3.040114308297992e-4
260450,Chã Grande,1,21929,2021-12-31,4.560171462446988e-5,0.2,fixed q=0.20,2.2800857312234941e-4
260450,Chã Grande,1,21929,2021-12-31,4.560171462446988e-5,0.25,fixed q=0.25,1.8240685849787953e-4
260450,Chã Grande,1,21929,2021-12-31,4.560171462446988e-5,0.3,fixed q=0.30,1.520057154148996e-4
260450,Chã Grande,31,20546,2022-12-31,0.0015088095006327265,0.007454145308640366,global-q 2.5%,0.2024121395760573
260450,Chã Grande,31,20546,2022-12-31,0.0015088095006327265,0.009820323685458794,global-q median,0.15364152434882156
260450,Chã Grande,31,20546,2022-12-31,0.0015088095006327265,0.01510174051658718,global-q 97.5%,0.0999096427974979
260450,Chã Grande,31,20546,2022-12-31,0.0015088095006327265,0.05,fixed q=0.05,0.03017619001265453
260450,Chã Grande,31,20546,2022-12-31,0.0015088095006327265,0.1,fixed q=0.10,0.015088095006327264
260450,Chã Grande,31,20546,2022-12-31,0.0015088095006327265,0.15,fixed q=0.15,0.010058730004218178
260450,Chã Grande,31,20546,2022-12-31,0.0015088095006327265,0.2,fixed q=0.20,0.007544047503163632
260450,Chã Grande,31,20546,2022-12-31,0.0015088095006327265,0.25,fixed q=0.25,0.006035238002530906
260450,Chã Grande,31,20546,2022-12-31,0.0015088095006327265,0.3,fixed q=0.30,0.005029365002109089
260450,Chã Grande,41,21258,2025-12-21,0.0019286856712766958,0.007454145308640366,global-q 2.5%,0.2587400153094798
260450,Chã Grande,41,21258,2025-12-21,0.0019286856712766958,0.009820323685458794,global-q median,0.19639736255664875
260450,Chã Grande,41,21258,2025-12-21,0.0019286856712766958,0.01510174051658718,global-q 97.5%,0.1277128069548209
260450,Chã Grande,41,21258,2025-12-21,0.0019286856712766958,0.05,fixed q=0.05,0.038573713425533916
260450,Chã Grande,41,21258,2025-12-21,0.0019286856712766958,0.1,fixed q=0.10,0.019286856712766958
260450,Chã Grande,41,21258,2025-12-21,0.0019286856712766958,0.15,fixed q=0.15,0.012857904475177971
260450,Chã Grande,41,21258,2025-12-21,0.0019286856712766958,0.2,fixed q=0.20,0.009643428356383479
260450,Chã Grande,41,21258,2025-12-21,0.0019286856712766958,0.25,fixed q=0.25,0.007714742685106783
260450,Chã Grande,41,21258,2025-12-21,0.0019286856712766958,0.3,fixed q=0.30,0.006428952237588986
260460,Condado,11,26008,2016-12-31,4.229467856044294e-4,0.007454145308640366,global-q 2.5%,0.05673980960824263
260460,Condado,11,26008,2016-12-31,4.229467856044294e-4,0.009820323685458794,global-q median,0.043068517815833054
260460,Condado,11,26008,2016-12-31,4.229467856044294e-4,0.01510174051658718,global-q 97.5%,0.02800649270459128
260460,Condado,11,26008,2016-12-31,4.229467856044294e-4,0.05,fixed q=0.05,0.008458935712088587
260460,Condado,11,26008,2016-12-31,4.229467856044294e-4,0.1,fixed q=0.10,0.004229467856044293
260460,Condado,11,26008,2016-12-31,4.229467856044294e-4,0.15,fixed q=0.15,0.002819645237362863
260460,Condado,11,26008,2016-12-31,4.229467856044294e-4,0.2,fixed q=0.20,0.0021147339280221467
260460,Condado,11,26008,2016-12-31,4.229467856044294e-4,0.25,fixed q=0.25,0.0016917871424177175
260460,Condado,11,26008,2016-12-31,4.229467856044294e-4,0.3,fixed q=0.30,0.0014098226186814314
260460,Condado,11,26249,2018-12-31,4.1906358337460476e-4,0.007454145308640366,global-q 2.5%,0.05621886427258846
260460,Condado,11,26249,2018-12-31,4.1906358337460476e-4,0.009820323685458794,global-q median,0.04267309274083531
260460,Condado,11,26249,2018-12-31,4.1906358337460476e-4,0.01510174051658718,global-q 97.5%,0.02774935663305307
260460,Condado,11,26249,2018-12-31,4.1906358337460476e-4,0.05,fixed q=0.05,0.008381271667492095
260460,Condado,11,26249,2018-12-31,4.1906358337460476e-4,0.1,fixed q=0.10,0.004190635833746048
260460,Condado,11,26249,2018-12-31,4.1906358337460476e-4,0.15,fixed q=0.15,0.002793757222497365
260460,Condado,11,26249,2018-12-31,4.1906358337460476e-4,0.2,fixed q=0.20,0.002095317916873024
260460,Condado,11,26249,2018-12-31,4.1906358337460476e-4,0.25,fixed q=0.25,0.001676254333498419
260460,Condado,11,26249,2018-12-31,4.1906358337460476e-4,0.3,fixed q=0.30,0.0013968786112486826
260460,Condado,11,26755,2021-12-31,4.111381050270977e-4,0.007454145308640366,global-q 2.5%,0.055155633275693304
260460,Condado,11,26755,2021-12-31,4.111381050270977e-4,0.009820323685458794,global-q median,0.041866044154520124
260460,Condado,11,26755,2021-12-31,4.111381050270977e-4,0.01510174051658718,global-q 97.5%,0.02722455100956868
260460,Condado,11,26755,2021-12-31,4.111381050270977e-4,0.05,fixed q=0.05,0.008222762100541953
260460,Condado,11,26755,2021-12-31,4.111381050270977e-4,0.1,fixed q=0.10,0.0041113810502709765
260460,Condado,11,26755,2021-12-31,4.111381050270977e-4,0.15,fixed q=0.15,0.0027409207001806517
260460,Condado,11,26755,2021-12-31,4.111381050270977e-4,0.2,fixed q=0.20,0.0020556905251354883
260460,Condado,11,26755,2021-12-31,4.111381050270977e-4,0.25,fixed q=0.25,0.0016445524201083909
260460,Condado,11,26755,2021-12-31,4.111381050270977e-4,0.3,fixed q=0.30,0.0013704603500903259
260460,Condado,16,24587,2022-12-31,6.507503965510229e-4,0.007454145308640366,global-q 2.5%,0.0873004710274047
260460,Condado,16,24587,2022-12-31,6.507503965510229e-4,0.009820323685458794,global-q median,0.06626567691598656
260460,Condado,16,24587,2022-12-31,6.507503965510229e-4,0.01510174051658718,global-q 97.5%,0.04309108581466244
260460,Condado,16,24587,2022-12-31,6.507503965510229e-4,0.05,fixed q=0.05,0.013015007931020457
260460,Condado,16,24587,2022-12-31,6.507503965510229e-4,0.1,fixed q=0.10,0.006507503965510229
260460,Condado,16,24587,2022-12-31,6.507503965510229e-4,0.15,fixed q=0.15,0.00433833597700682
260460,Condado,16,24587,2022-12-31,6.507503965510229e-4,0.2,fixed q=0.20,0.0032537519827551143
260460,Condado,16,24587,2022-12-31,6.507503965510229e-4,0.25,fixed q=0.25,0.0026030015862040915
260460,Condado,16,24587,2022-12-31,6.507503965510229e-4,0.3,fixed q=0.30,0.00216916798850341
260460,Condado,21,25416,2025-12-21,8.262511803588291e-4,0.007454145308640366,global-q 2.5%,0.11084452289937141
260460,Condado,21,25416,2025-12-21,8.262511803588291e-4,0.009820323685458794,global-q median,0.08413685809382031
260460,Condado,21,25416,2025-12-21,8.262511803588291e-4,0.01510174051658718,global-q 97.5%,0.05471231474619141
260460,Condado,21,25416,2025-12-21,8.262511803588291e-4,0.05,fixed q=0.05,0.01652502360717658
260460,Condado,21,25416,2025-12-21,8.262511803588291e-4,0.1,fixed q=0.10,0.00826251180358829
260460,Condado,21,25416,2025-12-21,8.262511803588291e-4,0.15,fixed q=0.15,0.005508341202392194
260460,Condado,21,25416,2025-12-21,8.262511803588291e-4,0.2,fixed q=0.20,0.004131255901794145
260460,Condado,21,25416,2025-12-21,8.262511803588291e-4,0.25,fixed q=0.25,0.0033050047214353163
260460,Condado,21,25416,2025-12-21,8.262511803588291e-4,0.3,fixed q=0.30,0.002754170601196097
260470,Correntes,0,17131,2022-12-31,0,0.007454145308640366,global-q 2.5%,0
260470,Correntes,0,17131,2022-12-31,0,0.009820323685458794,global-q median,0
260470,Correntes,0,17131,2022-12-31,0,0.01510174051658718,global-q 97.5%,0
260470,Correntes,0,17131,2022-12-31,0,0.05,fixed q=0.05,0
260470,Correntes,0,17131,2022-12-31,0,0.1,fixed q=0.10,0
260470,Correntes,0,17131,2022-12-31,0,0.15,fixed q=0.15,0
260470,Correntes,0,17131,2022-12-31,0,0.2,fixed q=0.20,0
260470,Correntes,0,17131,2022-12-31,0,0.25,fixed q=0.25,0
260470,Correntes,0,17131,2022-12-31,0,0.3,fixed q=0.30,0
260470,Correntes,0,17670,2025-12-21,0,0.007454145308640366,global-q 2.5%,0
260470,Correntes,0,17670,2025-12-21,0,0.009820323685458794,global-q median,0
260470,Correntes,0,17670,2025-12-21,0,0.01510174051658718,global-q 97.5%,0
260470,Correntes,0,17670,2025-12-21,0,0.05,fixed q=0.05,0
260470,Correntes,0,17670,2025-12-21,0,0.1,fixed q=0.10,0
260470,Correntes,0,17670,2025-12-21,0,0.15,fixed q=0.15,0
260470,Correntes,0,17670,2025-12-21,0,0.2,fixed q=0.20,0
260470,Correntes,0,17670,2025-12-21,0,0.25,fixed q=0.25,0
260470,Correntes,0,17670,2025-12-21,0,0.3,fixed q=0.30,0
260470,Correntes,0,18033,2016-12-31,0,0.007454145308640366,global-q 2.5%,0
260470,Correntes,0,18033,2016-12-31,0,0.009820323685458794,global-q median,0
260470,Correntes,0,18033,2016-12-31,0,0.01510174051658718,global-q 97.5%,0
260470,Correntes,0,18033,2016-12-31,0,0.05,fixed q=0.05,0
260470,Correntes,0,18033,2016-12-31,0,0.1,fixed q=0.10,0
260470,Correntes,0,18033,2016-12-31,0,0.15,fixed q=0.15,0
260470,Correntes,0,18033,2016-12-31,0,0.2,fixed q=0.20,0
260470,Correntes,0,18033,2016-12-31,0,0.25,fixed q=0.25,0
260470,Correntes,0,18033,2016-12-31,0,0.3,fixed q=0.30,0
260470,Correntes,0,18144,2018-12-31,0,0.007454145308640366,global-q 2.5%,0
260470,Correntes,0,18144,2018-12-31,0,0.009820323685458794,global-q median,0
260470,Correntes,0,18144,2018-12-31,0,0.01510174051658718,global-q 97.5%,0
260470,Correntes,0,18144,2018-12-31,0,0.05,fixed q=0.05,0
260470,Correntes,0,18144,2018-12-31,0,0.1,fixed q=0.10,0
260470,Correntes,0,18144,2018-12-31,0,0.15,fixed q=0.15,0
260470,Correntes,0,18144,2018-12-31,0,0.2,fixed q=0.20,0
260470,Correntes,0,18144,2018-12-31,0,0.25,fixed q=0.25,0
260470,Correntes,0,18144,2018-12-31,0,0.3,fixed q=0.30,0
260470,Correntes,0,18327,2021-12-31,0,0.007454145308640366,global-q 2.5%,0
260470,Correntes,0,18327,2021-12-31,0,0.009820323685458794,global-q median,0
260470,Correntes,0,18327,2021-12-31,0,0.01510174051658718,global-q 97.5%,0
260470,Correntes,0,18327,2021-12-31,0,0.05,fixed q=0.05,0
260470,Correntes,0,18327,2021-12-31,0,0.1,fixed q=0.10,0
260470,Correntes,0,18327,2021-12-31,0,0.15,fixed q=0.15,0
260470,Correntes,0,18327,2021-12-31,0,0.2,fixed q=0.20,0
260470,Correntes,0,18327,2021-12-31,0,0.25,fixed q=0.25,0
260470,Correntes,0,18327,2021-12-31,0,0.3,fixed q=0.30,0
260480,Cortês,0,12543,2021-12-31,0,0.007454145308640366,global-q 2.5%,0
260480,Cortês,0,12543,2021-12-31,0,0.009820323685458794,global-q median,0
260480,Cortês,0,12543,2021-12-31,0,0.01510174051658718,global-q 97.5%,0
260480,Cortês,0,12543,2021-12-31,0,0.05,fixed q=0.05,0
260480,Cortês,0,12543,2021-12-31,0,0.1,fixed q=0.10,0
260480,Cortês,0,12543,2021-12-31,0,0.15,fixed q=0.15,0
260480,Cortês,0,12543,2021-12-31,0,0.2,fixed q=0.20,0
260480,Cortês,0,12543,2021-12-31,0,0.25,fixed q=0.25,0
260480,Cortês,0,12543,2021-12-31,0,0.3,fixed q=0.30,0
260480,Cortês,0,12581,2016-12-31,0,0.007454145308640366,global-q 2.5%,0
260480,Cortês,0,12581,2016-12-31,0,0.009820323685458794,global-q median,0
260480,Cortês,0,12581,2016-12-31,0,0.01510174051658718,global-q 97.5%,0
260480,Cortês,0,12581,2016-12-31,0,0.05,fixed q=0.05,0
260480,Cortês,0,12581,2016-12-31,0,0.1,fixed q=0.10,0
260480,Cortês,0,12581,2016-12-31,0,0.15,fixed q=0.15,0
260480,Cortês,0,12581,2016-12-31,0,0.2,fixed q=0.20,0
260480,Cortês,0,12581,2016-12-31,0,0.25,fixed q=0.25,0
260480,Cortês,0,12581,2016-12-31,0,0.3,fixed q=0.30,0
260480,Cortês,0,12596,2018-12-31,0,0.007454145308640366,global-q 2.5%,0
260480,Cortês,0,12596,2018-12-31,0,0.009820323685458794,global-q median,0
260480,Cortês,0,12596,2018-12-31,0,0.01510174051658718,global-q 97.5%,0
260480,Cortês,0,12596,2018-12-31,0,0.05,fixed q=0.05,0
260480,Cortês,0,12596,2018-12-31,0,0.1,fixed q=0.10,0
260480,Cortês,0,12596,2018-12-31,0,0.15,fixed q=0.15,0
260480,Cortês,0,12596,2018-12-31,0,0.2,fixed q=0.20,0
260480,Cortês,0,12596,2018-12-31,0,0.25,fixed q=0.25,0
260480,Cortês,0,12596,2018-12-31,0,0.3,fixed q=0.30,0
260480,Cortês,8,10198,2022-12-31,7.844675426554226e-4,0.007454145308640366,global-q 2.5%,0.10523909987991759
260480,Cortês,8,10198,2022-12-31,7.844675426554226e-4,0.009820323685458794,global-q median,0.07988204541740349
260480,Cortês,8,10198,2022-12-31,7.844675426554226e-4,0.01510174051658718,global-q 97.5%,0.051945505340513114
260480,Cortês,8,10198,2022-12-31,7.844675426554226e-4,0.05,fixed q=0.05,0.01568935085310845
260480,Cortês,8,10198,2022-12-31,7.844675426554226e-4,0.1,fixed q=0.10,0.007844675426554225
260480,Cortês,8,10198,2022-12-31,7.844675426554226e-4,0.15,fixed q=0.15,0.005229783617702818
260480,Cortês,8,10198,2022-12-31,7.844675426554226e-4,0.2,fixed q=0.20,0.003922337713277112
260480,Cortês,8,10198,2022-12-31,7.844675426554226e-4,0.25,fixed q=0.25,0.0031378701706216905
260480,Cortês,8,10198,2022-12-31,7.844675426554226e-4,0.3,fixed q=0.30,0.002614891808851409
260480,Cortês,9,10426,2025-12-21,8.632265490120852e-4,0.007454145308640366,global-q 2.5%,0.11580489959210863
260480,Cortês,9,10426,2025-12-21,8.632265490120852e-4,0.009820323685458794,global-q median,0.0879020464763587
260480,Cortês,9,10426,2025-12-21,8.632265490120852e-4,0.01510174051658718,global-q 97.5%,0.05716073243769153
260480,Cortês,9,10426,2025-12-21,8.632265490120852e-4,0.05,fixed q=0.05,0.017264530980241704
260480,Cortês,9,10426,2025-12-21,8.632265490120852e-4,0.1,fixed q=0.10,0.008632265490120852
260480,Cortês,9,10426,2025-12-21,8.632265490120852e-4,0.15,fixed q=0.15,0.005754843660080568
260480,Cortês,9,10426,2025-12-21,8.632265490120852e-4,0.2,fixed q=0.20,0.004316132745060426
260480,Cortês,9,10426,2025-12-21,8.632265490120852e-4,0.25,fixed q=0.25,0.0034529061960483407
260480,Cortês,9,10426,2025-12-21,8.632265490120852e-4,0.3,fixed q=0.30,0.002877421830040284
260490,Cumaru,3,11635,2018-12-31,2.578427159432746e-4,0.007454145308640366,global-q 2.5%,0.03459051377015684
260490,Cumaru,3,11635,2018-12-31,2.578427159432746e-4,0.009820323685458794,global-q median,0.02625603026966096
260490,Cumaru,3,11635,2018-12-31,2.578427159432746e-4,0.01510174051658718,global-q 97.5%,0.017073708534461305
260490,Cumaru,3,11635,2018-12-31,2.578427159432746e-4,0.05,fixed q=0.05,0.005156854318865492
260490,Cumaru,3,11635,2018-12-31,2.578427159432746e-4,0.1,fixed q=0.10,0.002578427159432746
260490,Cumaru,3,11635,2018-12-31,2.578427159432746e-4,0.15,fixed q=0.15,0.0017189514396218307
260490,Cumaru,3,11635,2018-12-31,2.578427159432746e-4,0.2,fixed q=0.20,0.001289213579716373
260490,Cumaru,3,11635,2018-12-31,2.578427159432746e-4,0.25,fixed q=0.25,0.0010313708637730984
260490,Cumaru,3,11635,2018-12-31,2.578427159432746e-4,0.3,fixed q=0.30,8.594757198109154e-4
260490,Cumaru,3,12332,2016-12-31,2.4326954265325982e-4,0.007454145308640366,global-q 2.5%,0.0326354709467868
260490,Cumaru,3,12332,2016-12-31,2.4326954265325982e-4,0.009820323685458794,global-q median,0.024772049317832088
260490,Cumaru,3,12332,2016-12-31,2.4326954265325982e-4,0.01510174051658718,global-q 97.5%,0.01610870895219407
260490,Cumaru,3,12332,2016-12-31,2.4326954265325982e-4,0.05,fixed q=0.05,0.004865390853065196
260490,Cumaru,3,12332,2016-12-31,2.4326954265325982e-4,0.1,fixed q=0.10,0.002432695426532598
260490,Cumaru,3,12332,2016-12-31,2.4326954265325982e-4,0.15,fixed q=0.15,0.001621796951021732
260490,Cumaru,3,12332,2016-12-31,2.4326954265325982e-4,0.2,fixed q=0.20,0.001216347713266299
260490,Cumaru,3,12332,2016-12-31,2.4326954265325982e-4,0.25,fixed q=0.25,9.730781706130393e-4
260490,Cumaru,3,12332,2016-12-31,2.4326954265325982e-4,0.3,fixed q=0.30,8.10898475510866e-4
260490,Cumaru,5,9494,2021-12-31,5.266484095218032e-4,0.007454145308640366,global-q 2.5%,0.07065174982721979
260490,Cumaru,5,9494,2021-12-31,5.266484095218032e-4,0.009820323685458794,global-q median,0.053628416576698486
260490,Cumaru,5,9494,2021-12-31,5.266484095218032e-4,0.01510174051658718,global-q 97.5%,0.0348733584015268
260490,Cumaru,5,9494,2021-12-31,5.266484095218032e-4,0.05,fixed q=0.05,0.010532968190436063
260490,Cumaru,5,9494,2021-12-31,5.266484095218032e-4,0.1,fixed q=0.10,0.0052664840952180315
260490,Cumaru,5,9494,2021-12-31,5.266484095218032e-4,0.15,fixed q=0.15,0.0035109893968120216
260490,Cumaru,5,9494,2021-12-31,5.266484095218032e-4,0.2,fixed q=0.20,0.0026332420476090157
260490,Cumaru,5,9494,2021-12-31,5.266484095218032e-4,0.25,fixed q=0.25,0.0021065936380872128
260490,Cumaru,5,9494,2021-12-31,5.266484095218032e-4,0.3,fixed q=0.30,0.0017554946984060108
260490,Cumaru,8,15920,2022-12-31,5.025125628140704e-4,0.007454145308640366,global-q 2.5%,0.0674138404884045
260490,Cumaru,8,15920,2022-12-31,5.025125628140704e-4,0.009820323685458794,global-q median,0.0511706720582086
260490,Cumaru,8,15920,2022-12-31,5.025125628140704e-4,0.01510174051658718,global-q 97.5%,0.03327514217729603
260490,Cumaru,8,15920,2022-12-31,5.025125628140704e-4,0.05,fixed q=0.05,0.010050251256281407
260490,Cumaru,8,15920,2022-12-31,5.025125628140704e-4,0.1,fixed q=0.10,0.005025125628140704
260490,Cumaru,8,15920,2022-12-31,5.025125628140704e-4,0.15,fixed q=0.15,0.003350083752093803
260490,Cumaru,8,15920,2022-12-31,5.025125628140704e-4,0.2,fixed q=0.20,0.002512562814070352
260490,Cumaru,8,15920,2022-12-31,5.025125628140704e-4,0.25,fixed q=0.25,0.0020100502512562816
260490,Cumaru,8,15920,2022-12-31,5.025125628140704e-4,0.3,fixed q=0.30,0.0016750418760469014
260490,Cumaru,10,16215,2025-12-21,6.167129201356768e-4,0.007454145308640366,global-q 2.5%,0.08273422298607766
260490,Cumaru,10,16215,2025-12-21,6.167129201356768e-4,0.009820323685458794,global-q median,0.06279965303474258
260490,Cumaru,10,16215,2025-12-21,6.167129201356768e-4,0.01510174051658718,global-q 97.5%,0.040837208099179206
260490,Cumaru,10,16215,2025-12-21,6.167129201356768e-4,0.05,fixed q=0.05,0.012334258402713535
260490,Cumaru,10,16215,2025-12-21,6.167129201356768e-4,0.1,fixed q=0.10,0.0061671292013567676
260490,Cumaru,10,16215,2025-12-21,6.167129201356768e-4,0.15,fixed q=0.15,0.004111419467571179
260490,Cumaru,10,16215,2025-12-21,6.167129201356768e-4,0.2,fixed q=0.20,0.0030835646006783838
260490,Cumaru,10,16215,2025-12-21,6.167129201356768e-4,0.25,fixed q=0.25,0.002466851680542707
260490,Cumaru,10,16215,2025-12-21,6.167129201356768e-4,0.3,fixed q=0.30,0.0020557097337855893
260500,Cupira,4,23909,2016-12-31,1.6730101635367434e-4,0.007454145308640366,global-q 2.5%,0.02244402401972896
260500,Cupira,4,23909,2016-12-31,1.6730101635367434e-4,0.009820323685458794,global-q median,0.017036201831249338
260500,Cupira,4,23909,2016-12-31,1.6730101635367434e-4,0.01510174051658718,global-q 97.5%,0.011078260560093537
260500,Cupira,4,23909,2016-12-31,1.6730101635367434e-4,0.05,fixed q=0.05,0.0033460203270734867
260500,Cupira,4,23909,2016-12-31,1.6730101635367434e-4,0.1,fixed q=0.10,0.0016730101635367433
260500,Cupira,4,23909,2016-12-31,1.6730101635367434e-4,0.15,fixed q=0.15,0.0011153401090244956
260500,Cupira,4,23909,2016-12-31,1.6730101635367434e-4,0.2,fixed q=0.20,8.365050817683717e-4
260500,Cupira,4,23909,2016-12-31,1.6730101635367434e-4,0.25,fixed q=0.25,6.692040654146974e-4
260500,Cupira,4,23909,2016-12-31,1.6730101635367434e-4,0.3,fixed q=0.30,5.576700545122478e-4
260500,Cupira,4,24041,2018-12-31,1.6638243001539037e-4,0.007454145308640366,global-q 2.5%,0.022320792408289995
260500,Cupira,4,24041,2018-12-31,1.6638243001539037e-4,0.009820323685458794,global-q median,0.016942662517505112
260500,Cupira,4,24041,2018-12-31,1.6638243001539037e-4,0.01510174051658718,global-q 97.5%,0.01101743403898658
260500,Cupira,4,24041,2018-12-31,1.6638243001539037e-4,0.05,fixed q=0.05,0.0033276486003078073
260500,Cupira,4,24041,2018-12-31,1.6638243001539037e-4,0.1,fixed q=0.10,0.0016638243001539036
260500,Cupira,4,24041,2018-12-31,1.6638243001539037e-4,0.15,fixed q=0.15,0.0011092162001026026
260500,Cupira,4,24041,2018-12-31,1.6638243001539037e-4,0.2,fixed q=0.20,8.319121500769518e-4
260500,Cupira,4,24041,2018-12-31,1.6638243001539037e-4,0.25,fixed q=0.25,6.655297200615615e-4
260500,Cupira,4,24041,2018-12-31,1.6638243001539037e-4,0.3,fixed q=0.30,5.546081000513013e-4
260500,Cupira,22,24237,2021-12-31,9.077030985683046e-4,0.007454145308640366,global-q 2.5%,0.12177158627645124
260500,Cupira,22,24237,2021-12-31,9.077030985683046e-4,0.009820323685458794,global-q median,0.09243107739028643
260500,Cupira,22,24237,2021-12-31,9.077030985683046e-4,0.01510174051658718,global-q 97.5%,0.060105859822668646
260500,Cupira,22,24237,2021-12-31,9.077030985683046e-4,0.05,fixed q=0.05,0.01815406197136609
260500,Cupira,22,24237,2021-12-31,9.077030985683046e-4,0.1,fixed q=0.10,0.009077030985683045
260500,Cupira,22,24237,2021-12-31,9.077030985683046e-4,0.15,fixed q=0.15,0.006051353990455364
260500,Cupira,22,24237,2021-12-31,9.077030985683046e-4,0.2,fixed q=0.20,0.004538515492841523
260500,Cupira,22,24237,2021-12-31,9.077030985683046e-4,0.25,fixed q=0.25,0.0036308123942732184
260500,Cupira,22,24237,2021-12-31,9.077030985683046e-4,0.3,fixed q=0.30,0.003025676995227682
260500,Cupira,39,23518,2022-12-31,0.0016583042775746236,0.007454145308640366,global-q 2.5%,0.2224673934988125
260500,Cupira,39,23518,2022-12-31,0.0016583042775746236,0.009820323685458794,global-q median,0.1688645232773862
260500,Cupira,39,23518,2022-12-31,0.0016583042775746236,0.01510174051658718,global-q 97.5%,0.10980881811293242
260500,Cupira,39,23518,2022-12-31,0.0016583042775746236,0.05,fixed q=0.05,0.03316608555149247
260500,Cupira,39,23518,2022-12-31,0.0016583042775746236,0.1,fixed q=0.10,0.016583042775746234
260500,Cupira,39,23518,2022-12-31,0.0016583042775746236,0.15,fixed q=0.15,0.011055361850497492
260500,Cupira,39,23518,2022-12-31,0.0016583042775746236,0.2,fixed q=0.20,0.008291521387873117
260500,Cupira,39,23518,2022-12-31,0.0016583042775746236,0.25,fixed q=0.25,0.006633217110298495
260500,Cupira,39,23518,2022-12-31,0.0016583042775746236,0.3,fixed q=0.30,0.005527680925248746
260500,Cupira,52,24343,2025-12-21,0.002136137698722425,0.007454145308640366,global-q 2.5%,0.28657043970505264
260500,Cupira,52,24343,2025-12-21,0.002136137698722425,0.009820323685458794,global-q median,0.2175221272884782
260500,Cupira,52,24343,2025-12-21,0.002136137698722425,0.01510174051658718,global-q 97.5%,0.14144976841418858
260500,Cupira,52,24343,2025-12-21,0.002136137698722425,0.05,fixed q=0.05,0.0427227539744485
260500,Cupira,52,24343,2025-12-21,0.002136137698722425,0.1,fixed q=0.10,0.02136137698722425
260500,Cupira,52,24343,2025-12-21,0.002136137698722425,0.15,fixed q=0.15,0.014240917991482836
260500,Cupira,52,24343,2025-12-21,0.002136137698722425,0.2,fixed q=0.20,0.010680688493612126
260500,Cupira,52,24343,2025-12-21,0.002136137698722425,0.25,fixed q=0.25,0.0085445507948897
260500,Cupira,52,24343,2025-12-21,0.002136137698722425,0.3,fixed q=0.30,0.007120458995741418
260510,Custódia,1,36474,2016-12-31,2.7416790042221856e-5,0.007454145308640366,global-q 2.5%,0.003678059510114738
260510,Custódia,1,36474,2016-12-31,2.7416790042221856e-5,0.009820323685458794,global-q median,0.002791841788557194
260510,Custódia,1,36474,2016-12-31,2.7416790042221856e-5,0.01510174051658718,global-q 97.5%,0.0018154721975330123
260510,Custódia,1,36474,2016-12-31,2.7416790042221856e-5,0.05,fixed q=0.05,5.48335800844437e-4
260510,Custódia,1,36474,2016-12-31,2.7416790042221856e-5,0.1,fixed q=0.10,2.741679004222185e-4
260510,Custódia,1,36474,2016-12-31,2.7416790042221856e-5,0.15,fixed q=0.15,1.8277860028147904e-4
260510,Custódia,1,36474,2016-12-31,2.7416790042221856e-5,0.2,fixed q=0.20,1.3708395021110926e-4
260510,Custódia,1,36474,2016-12-31,2.7416790042221856e-5,0.25,fixed q=0.25,1.0966716016888742e-4
260510,Custódia,1,36474,2016-12-31,2.7416790042221856e-5,0.3,fixed q=0.30,9.138930014073952e-5
260510,Custódia,5,36841,2018-12-31,1.3571835726500366e-4,0.007454145308640366,global-q 2.5%,0.01820709841914239
260510,Custódia,5,36841,2018-12-31,1.3571835726500366e-4,0.009820323685458794,global-q median,0.013820151108253725
260510,Custódia,5,36841,2018-12-31,1.3571835726500366e-4,0.01510174051658718,global-q 97.5%,0.008986934791783488
260510,Custódia,5,36841,2018-12-31,1.3571835726500366e-4,0.05,fixed q=0.05,0.0027143671453000733
260510,Custódia,5,36841,2018-12-31,1.3571835726500366e-4,0.1,fixed q=0.10,0.0013571835726500366
260510,Custódia,5,36841,2018-12-31,1.3571835726500366e-4,0.15,fixed q=0.15,9.047890484333578e-4
260510,Custódia,5,36841,2018-12-31,1.3571835726500366e-4,0.2,fixed q=0.20,6.785917863250183e-4
260510,Custódia,5,36841,2018-12-31,1.3571835726500366e-4,0.25,fixed q=0.25,5.428734290600147e-4
260510,Custódia,5,36841,2018-12-31,1.3571835726500366e-4,0.3,fixed q=0.30,4.523945242166789e-4
260510,Custódia,89,37633,2021-12-31,0.00236494565939468,0.007454145308640366,global-q 2.5%,0.31726583819789334
260510,Custódia,89,37633,2021-12-31,0.00236494565939468,0.009820323685458794,global-q median,0.2408215589570144
260510,Custódia,89,37633,2021-12-31,0.00236494565939468,0.01510174051658718,global-q 97.5%,0.1566008670852948
260510,Custódia,89,37633,2021-12-31,0.00236494565939468,0.05,fixed q=0.05,0.0472989131878936
260510,Custódia,89,37633,2021-12-31,0.00236494565939468,0.1,fixed q=0.10,0.0236494565939468
260510,Custódia,89,37633,2021-12-31,0.00236494565939468,0.15,fixed q=0.15,0.015766304395964534
260510,Custódia,89,37633,2021-12-31,0.00236494565939468,0.2,fixed q=0.20,0.0118247282969734
260510,Custódia,89,37633,2021-12-31,0.00236494565939468,0.25,fixed q=0.25,0.00945978263757872
260510,Custódia,89,37633,2021-12-31,0.00236494565939468,0.3,fixed q=0.30,0.007883152197982267
260510,Custódia,118,37699,2022-12-31,0.0031300565001724182,0.007454145308640366,global-q 2.5%,0.4199081679484109
260510,Custódia,118,37699,2022-12-31,0.0031300565001724182,0.009820323685458794,global-q median,0.318732518441034
260510,Custódia,118,37699,2022-12-31,0.0031300565001724182,0.01510174051658718,global-q 97.5%,0.20726461938175159
260510,Custódia,118,37699,2022-12-31,0.0031300565001724182,0.05,fixed q=0.05,0.06260113000344836
260510,Custódia,118,37699,2022-12-31,0.0031300565001724182,0.1,fixed q=0.10,0.03130056500172418
260510,Custódia,118,37699,2022-12-31,0.0031300565001724182,0.15,fixed q=0.15,0.02086704333448279
260510,Custódia,118,37699,2022-12-31,0.0031300565001724182,0.2,fixed q=0.20,0.01565028250086209
260510,Custódia,118,37699,2022-12-31,0.0031300565001724182,0.25,fixed q=0.25,0.012520226000689673
260510,Custódia,118,37699,2022-12-31,0.0031300565001724182,0.3,fixed q=0.30,0.010433521667241395
260510,Custódia,139,39609,2025-12-21,0.003509303441137115,0.007454145308640366,global-q 2.5%,0.4707854885883907
260510,Custódia,139,39609,2025-12-21,0.003509303441137115,0.009820323685458794,global-q median,0.35735109692294875
260510,Custódia,139,39609,2025-12-21,0.003509303441137115,0.01510174051658718,global-q 97.5%,0.2323774161847523
260510,Custódia,139,39609,2025-12-21,0.003509303441137115,0.05,fixed q=0.05,0.0701860688227423
260510,Custódia,139,39609,2025-12-21,0.003509303441137115,0.1,fixed q=0.10,0.03509303441137115
260510,Custódia,139,39609,2025-12-21,0.003509303441137115,0.15,fixed q=0.15,0.023395356274247436
260510,Custódia,139,39609,2025-12-21,0.003509303441137115,0.2,fixed q=0.20,0.017546517205685574
260510,Custódia,139,39609,2025-12-21,0.003509303441137115,0.25,fixed q=0.25,0.01403721376454846
260510,Custódia,139,39609,2025-12-21,0.003509303441137115,0.3,fixed q=0.30,0.011697678137123718
260515,Dormentes,0,18510,2016-12-31,0,0.007454145308640366,global-q 2.5%,0
260515,Dormentes,0,18510,2016-12-31,0,0.009820323685458794,global-q median,0
260515,Dormentes,0,18510,2016-12-31,0,0.01510174051658718,global-q 97.5%,0
260515,Dormentes,0,18510,2016-12-31,0,0.05,fixed q=0.05,0
260515,Dormentes,0,18510,2016-12-31,0,0.1,fixed q=0.10,0
260515,Dormentes,0,18510,2016-12-31,0,0.15,fixed q=0.15,0
260515,Dormentes,0,18510,2016-12-31,0,0.2,fixed q=0.20,0
260515,Dormentes,0,18510,2016-12-31,0,0.25,fixed q=0.25,0
260515,Dormentes,0,18510,2016-12-31,0,0.3,fixed q=0.30,0
260515,Dormentes,1,18734,2018-12-31,5.337888331376107e-5,0.007454145308640366,global-q 2.5%,0.00716096629507446
260515,Dormentes,1,18734,2018-12-31,5.337888331376107e-5,0.009820323685458794,global-q median,0.005435552332434882
260515,Dormentes,1,18734,2018-12-31,5.337888331376107e-5,0.01510174051658718,global-q 97.5%,0.0035346179637460815
260515,Dormentes,1,18734,2018-12-31,5.337888331376107e-5,0.05,fixed q=0.05,0.0010675776662752213
260515,Dormentes,1,18734,2018-12-31,5.337888331376107e-5,0.1,fixed q=0.10,5.337888331376107e-4
260515,Dormentes,1,18734,2018-12-31,5.337888331376107e-5,0.15,fixed q=0.15,3.558592220917405e-4
260515,Dormentes,1,18734,2018-12-31,5.337888331376107e-5,0.2,fixed q=0.20,2.668944165688053e-4
260515,Dormentes,1,18734,2018-12-31,5.337888331376107e-5,0.25,fixed q=0.25,2.135155332550443e-4
260515,Dormentes,1,18734,2018-12-31,5.337888331376107e-5,0.3,fixed q=0.30,1.7792961104587024e-4
260515,Dormentes,1,19246,2021-12-31,5.19588485919152e-5,0.007454145308640366,global-q 2.5%,0.006970463606563698
260515,Dormentes,1,19246,2021-12-31,5.19588485919152e-5,0.009820323685458794,global-q median,0.005290950711619822
260515,Dormentes,1,19246,2021-12-31,5.19588485919152e-5,0.01510174051658718,global-q 97.5%,0.0034405867677865056
260515,Dormentes,1,19246,2021-12-31,5.19588485919152e-5,0.05,fixed q=0.05,0.001039176971838304
260515,Dormentes,1,19246,2021-12-31,5.19588485919152e-5,0.1,fixed q=0.10,5.19588485919152e-4
260515,Dormentes,1,19246,2021-12-31,5.19588485919152e-5,0.15,fixed q=0.15,3.4639232394610133e-4
260515,Dormentes,1,19246,2021-12-31,5.19588485919152e-5,0.2,fixed q=0.20,2.59794242959576e-4
260515,Dormentes,1,19246,2021-12-31,5.19588485919152e-5,0.25,fixed q=0.25,2.078353943676608e-4
260515,Dormentes,1,19246,2021-12-31,5.19588485919152e-5,0.3,fixed q=0.30,1.7319616197305067e-4
260515,Dormentes,529,17188,2022-12-31,0.030777286478938796,0.007454145308640366,global-q 2.5%,4.128882011900646
260515,Dormentes,529,17188,2022-12-31,0.030777286478938796,0.009820323685458794,global-q median,3.1340399221780757
260515,Dormentes,529,17188,2022-12-31,0.030777286478938796,0.01510174051658718,global-q 97.5%,2.0379959810019375
260515,Dormentes,529,17188,2022-12-31,0.030777286478938796,0.05,fixed q=0.05,0.6155457295787758
260515,Dormentes,529,17188,2022-12-31,0.030777286478938796,0.1,fixed q=0.10,0.3077728647893879
260515,Dormentes,529,17188,2022-12-31,0.030777286478938796,0.15,fixed q=0.15,0.20518190985959198
260515,Dormentes,529,17188,2022-12-31,0.030777286478938796,0.2,fixed q=0.20,0.15388643239469396
260515,Dormentes,529,17188,2022-12-31,0.030777286478938796,0.25,fixed q=0.25,0.12310914591575518
260515,Dormentes,529,17188,2022-12-31,0.030777286478938796,0.3,fixed q=0.30,0.10259095492979599
260515,Dormentes,541,17850,2025-12-21,0.03030812324929972,0.007454145308640366,global-q 2.5%,4.065942102600078
260515,Dormentes,541,17850,2025-12-21,0.03030812324929972,0.009820323685458794,global-q median,3.08626520062447
260515,Dormentes,541,17850,2025-12-21,0.03030812324929972,0.01510174051658718,global-q 97.5%,2.006929149392444
260515,Dormentes,541,17850,2025-12-21,0.03030812324929972,0.05,fixed q=0.05,0.6061624649859944
260515,Dormentes,541,17850,2025-12-21,0.03030812324929972,0.1,fixed q=0.10,0.3030812324929972
260515,Dormentes,541,17850,2025-12-21,0.03030812324929972,0.15,fixed q=0.15,0.20205415499533147
260515,Dormentes,541,17850,2025-12-21,0.03030812324929972,0.2,fixed q=0.20,0.1515406162464986
260515,Dormentes,541,17850,2025-12-21,0.03030812324929972,0.25,fixed q=0.25,0.12123249299719888
260515,Dormentes,541,17850,2025-12-21,0.03030812324929972,0.3,fixed q=0.30,0.10102707749766573
260520,Escada,4,67839,2016-12-31,5.896313330090361e-5,0.007454145308640366,global-q 2.5%,0.007910113213456858
260520,Escada,4,67839,2016-12-31,5.896313330090361e-5,0.009820323685458794,global-q median,0.006004194483753304
260520,Escada,4,67839,2016-12-31,5.896313330090361e-5,0.01510174051658718,global-q 97.5%,0.003904393221174787
260520,Escada,4,67839,2016-12-31,5.896313330090361e-5,0.05,fixed q=0.05,0.0011792626660180722
260520,Escada,4,67839,2016-12-31,5.896313330090361e-5,0.1,fixed q=0.10,5.896313330090361e-4
260520,Escada,4,67839,2016-12-31,5.896313330090361e-5,0.15,fixed q=0.15,3.930875553393574e-4
260520,Escada,4,67839,2016-12-31,5.896313330090361e-5,0.2,fixed q=0.20,2.9481566650451806e-4
260520,Escada,4,67839,2016-12-31,5.896313330090361e-5,0.25,fixed q=0.25,2.3585253320361444e-4
260520,Escada,4,67839,2016-12-31,5.896313330090361e-5,0.3,fixed q=0.30,1.965437776696787e-4
260520,Escada,12,68448,2018-12-31,1.753155680224404e-4,0.007454145308640366,global-q 2.5%,0.02351920451821966
260520,Escada,12,68448,2018-12-31,1.753155680224404e-4,0.009820323685458794,global-q median,0.01785232072156997
260520,Escada,12,68448,2018-12-31,1.753155680224404e-4,0.01510174051658718,global-q 97.5%,0.011608964399161831
260520,Escada,12,68448,2018-12-31,1.753155680224404e-4,0.05,fixed q=0.05,0.0035063113604488078
260520,Escada,12,68448,2018-12-31,1.753155680224404e-4,0.1,fixed q=0.10,0.0017531556802244039
260520,Escada,12,68448,2018-12-31,1.753155680224404e-4,0.15,fixed q=0.15,0.001168770453482936
260520,Escada,12,68448,2018-12-31,1.753155680224404e-4,0.2,fixed q=0.20,8.765778401122019e-4
260520,Escada,12,68448,2018-12-31,1.753155680224404e-4,0.25,fixed q=0.25,7.012622720897616e-4
260520,Escada,12,68448,2018-12-31,1.753155680224404e-4,0.3,fixed q=0.30,5.84385226741468e-4
260520,Escada,309,69701,2021-12-31,0.004433221904994189,0.007454145308640366,global-q 2.5%,0.5947324235624282
260520,Escada,309,69701,2021-12-31,0.004433221904994189,0.009820323685458794,global-q median,0.4514333790808316
260520,Escada,309,69701,2021-12-31,0.004433221904994189,0.01510174051658718,global-q 97.5%,0.2935570174924477
260520,Escada,309,69701,2021-12-31,0.004433221904994189,0.05,fixed q=0.05,0.08866443809988378
260520,Escada,309,69701,2021-12-31,0.004433221904994189,0.1,fixed q=0.10,0.04433221904994189
260520,Escada,309,69701,2021-12-31,0.004433221904994189,0.15,fixed q=0.15,0.029554812699961262
260520,Escada,309,69701,2021-12-31,0.004433221904994189,0.2,fixed q=0.20,0.022166109524970945
260520,Escada,309,69701,2021-12-31,0.004433221904994189,0.25,fixed q=0.25,0.017732887619976757
260520,Escada,309,69701,2021-12-31,0.004433221904994189,0.3,fixed q=0.30,0.014777406349980631
260520,Escada,320,59891,2022-12-31,0.005343039855737924,0.007454145308640366,global-q 2.5%,0.7167877247502293
260520,Escada,320,59891,2022-12-31,0.005343039855737924,0.009820323685458794,global-q median,0.5440798111012879
260520,Escada,320,59891,2022-12-31,0.005343039855737924,0.01510174051658718,global-q 97.5%,0.353802917608691
260520,Escada,320,59891,2022-12-31,0.005343039855737924,0.05,fixed q=0.05,0.10686079711475847
260520,Escada,320,59891,2022-12-31,0.005343039855737924,0.1,fixed q=0.10,0.05343039855737924
260520,Escada,320,59891,2022-12-31,0.005343039855737924,0.15,fixed q=0.15,0.035620265704919496
260520,Escada,320,59891,2022-12-31,0.005343039855737924,0.2,fixed q=0.20,0.02671519927868962
260520,Escada,320,59891,2022-12-31,0.005343039855737924,0.25,fixed q=0.25,0.021372159422951696
260520,Escada,320,59891,2022-12-31,0.005343039855737924,0.3,fixed q=0.30,0.017810132852459748
260520,Escada,322,62174,2025-12-21,0.005179013735645125,0.007454145308640366,global-q 2.5%,0.6947830396654523
260520,Escada,322,62174,2025-12-21,0.005179013735645125,0.009820323685458794,global-q median,0.5273770907687925
260520,Escada,322,62174,2025-12-21,0.005179013735645125,0.01510174051658718,global-q 97.5%,0.34294151259960354
260520,Escada,322,62174,2025-12-21,0.005179013735645125,0.05,fixed q=0.05,0.1035802747129025
260520,Escada,322,62174,2025-12-21,0.005179013735645125,0.1,fixed q=0.10,0.05179013735645125
260520,Escada,322,62174,2025-12-21,0.005179013735645125,0.15,fixed q=0.15,0.03452675823763417
260520,Escada,322,62174,2025-12-21,0.005179013735645125,0.2,fixed q=0.20,0.025895068678225625
260520,Escada,322,62174,2025-12-21,0.005179013735645125,0.25,fixed q=0.25,0.0207160549425805
260520,Escada,322,62174,2025-12-21,0.005179013735645125,0.3,fixed q=0.30,0.017263379118817083
260530,Exu,39,31858,2016-12-31,0.0012241823089961705,0.007454145308640366,global-q 2.5%,0.16422839350571514
260530,Exu,39,31858,2016-12-31,0.0012241823089961705,0.009820323685458794,global-q median,0.1246580406314762
260530,Exu,39,31858,2016-12-31,0.0012241823089961705,0.01510174051658718,global-q 97.5%,0.08106233236172844
260530,Exu,39,31858,2016-12-31,0.0012241823089961705,0.05,fixed q=0.05,0.02448364617992341
260530,Exu,39,31858,2016-12-31,0.0012241823089961705,0.1,fixed q=0.10,0.012241823089961705
260530,Exu,39,31858,2016-12-31,0.0012241823089961705,0.15,fixed q=0.15,0.008161215393307804
260530,Exu,39,31858,2016-12-31,0.0012241823089961705,0.2,fixed q=0.20,0.006120911544980853
260530,Exu,39,31858,2016-12-31,0.0012241823089961705,0.25,fixed q=0.25,0.004896729235984682
260530,Exu,39,31858,2016-12-31,0.0012241823089961705,0.3,fixed q=0.30,0.004080607696653902
260530,Exu,41,31885,2018-12-31,0.0012858710992629764,0.007454145308640366,global-q 2.5%,0.17250416325698362
260530,Exu,41,31885,2018-12-31,0.0012858710992629764,0.009820323685458794,global-q median,0.13093978777573276
260530,Exu,41,31885,2018-12-31,0.0012858710992629764,0.01510174051658718,global-q 97.5%,0.08514721186280642
260530,Exu,41,31885,2018-12-31,0.0012858710992629764,0.05,fixed q=0.05,0.025717421985259527
260530,Exu,41,31885,2018-12-31,0.0012858710992629764,0.1,fixed q=0.10,0.012858710992629764
260530,Exu,41,31885,2018-12-31,0.0012858710992629764,0.15,fixed q=0.15,0.00857247399508651
260530,Exu,41,31885,2018-12-31,0.0012858710992629764,0.2,fixed q=0.20,0.006429355496314882
260530,Exu,41,31885,2018-12-31,0.0012858710992629764,0.25,fixed q=0.25,0.0051434843970519055
260530,Exu,41,31885,2018-12-31,0.0012858710992629764,0.3,fixed q=0.30,0.004286236997543255
260530,Exu,119,31709,2021-12-31,0.0037528777318742313,0.007454145308640366,global-q 2.5%,0.5034618425702189
260530,Exu,119,31709,2021-12-31,0.0037528777318742313,0.009820323685458794,global-q median,0.38215417862765705
260530,Exu,119,31709,2021-12-31,0.0037528777318742313,0.01510174051658718,global-q 97.5%,0.24850630480322533
260530,Exu,119,31709,2021-12-31,0.0037528777318742313,0.05,fixed q=0.05,0.07505755463748462
260530,Exu,119,31709,2021-12-31,0.0037528777318742313,0.1,fixed q=0.10,0.03752877731874231
260530,Exu,119,31709,2021-12-31,0.0037528777318742313,0.15,fixed q=0.15,0.025019184879161542
260530,Exu,119,31709,2021-12-31,0.0037528777318742313,0.2,fixed q=0.20,0.018764388659371155
260530,Exu,119,31709,2021-12-31,0.0037528777318742313,0.25,fixed q=0.25,0.015011510927496925
260530,Exu,119,31709,2021-12-31,0.0037528777318742313,0.3,fixed q=0.30,0.012509592439580771
260530,Exu,165,31843,2022-12-31,0.005181672581101027,0.007454145308640366,global-q 2.5%,0.6951397332025128
260530,Exu,165,31843,2022-12-31,0.005181672581101027,0.009820323685458794,global-q median,0.5276478400374585
260530,Exu,165,31843,2022-12-31,0.005181672581101027,0.01510174051658718,global-q 97.5%,0.34311757478614296
260530,Exu,165,31843,2022-12-31,0.005181672581101027,0.05,fixed q=0.05,0.10363345162202053
260530,Exu,165,31843,2022-12-31,0.005181672581101027,0.1,fixed q=0.10,0.05181672581101027
260530,Exu,165,31843,2022-12-31,0.005181672581101027,0.15,fixed q=0.15,0.03454448387400685
260530,Exu,165,31843,2022-12-31,0.005181672581101027,0.2,fixed q=0.20,0.025908362905505133
260530,Exu,165,31843,2022-12-31,0.005181672581101027,0.25,fixed q=0.25,0.020726690324404107
260530,Exu,165,31843,2022-12-31,0.005181672581101027,0.3,fixed q=0.30,0.017272241937003423
260530,Exu,201,33486,2025-12-21,0.006002508511019531,0.007454145308640366,global-q 2.5%,0.8052577810714004
260530,Exu,201,33486,2025-12-21,0.006002508511019531,0.009820323685458794,global-q median,0.6112332651425328
260530,Exu,201,33486,2025-12-21,0.006002508511019531,0.01510174051658718,global-q 97.5%,0.3974713050079627
260530,Exu,201,33486,2025-12-21,0.006002508511019531,0.05,fixed q=0.05,0.1200501702203906
260530,Exu,201,33486,2025-12-21,0.006002508511019531,0.1,fixed q=0.10,0.0600250851101953
260530,Exu,201,33486,2025-12-21,0.006002508511019531,0.15,fixed q=0.15,0.04001672340679687
260530,Exu,201,33486,2025-12-21,0.006002508511019531,0.2,fixed q=0.20,0.03001254255509765
260530,Exu,201,33486,2025-12-21,0.006002508511019531,0.25,fixed q=0.25,0.024010034044078123
260530,Exu,201,33486,2025-12-21,0.006002508511019531,0.3,fixed q=0.30,0.020008361703398436
260540,Feira Nova,1,21836,2016-12-31,4.579593332112108e-5,0.007454145308640366,global-q 2.5%,0.006143686690416053
260540,Feira Nova,1,21836,2016-12-31,4.579593332112108e-5,0.009820323685458794,global-q median,0.004663383284293602
260540,Feira Nova,1,21836,2016-12-31,4.579593332112108e-5,0.01510174051658718,global-q 97.5%,0.0030324937228805226
260540,Feira Nova,1,21836,2016-12-31,4.579593332112108e-5,0.05,fixed q=0.05,9.159186664224216e-4
260540,Feira Nova,1,21836,2016-12-31,4.579593332112108e-5,0.1,fixed q=0.10,4.579593332112108e-4
260540,Feira Nova,1,21836,2016-12-31,4.579593332112108e-5,0.15,fixed q=0.15,3.0530622214080725e-4
260540,Feira Nova,1,21836,2016-12-31,4.579593332112108e-5,0.2,fixed q=0.20,2.289796666056054e-4
260540,Feira Nova,1,21836,2016-12-31,4.579593332112108e-5,0.25,fixed q=0.25,1.8318373328448433e-4
260540,Feira Nova,1,21836,2016-12-31,4.579593332112108e-5,0.3,fixed q=0.30,1.5265311107040362e-4
260540,Feira Nova,1,22013,2018-12-31,4.54277018125653e-5,0.007454145308640366,global-q 2.5%,0.006094287129056691
260540,Feira Nova,1,22013,2018-12-31,4.54277018125653e-5,0.009820323685458794,global-q median,0.0046258864032996455
260540,Feira Nova,1,22013,2018-12-31,4.54277018125653e-5,0.01510174051658718,global-q 97.5%,0.0030081103408358283
260540,Feira Nova,1,22013,2018-12-31,4.54277018125653e-5,0.05,fixed q=0.05,9.08554036251306e-4
260540,Feira Nova,1,22013,2018-12-31,4.54277018125653e-5,0.1,fixed q=0.10,4.54277018125653e-4
260540,Feira Nova,1,22013,2018-12-31,4.54277018125653e-5,0.15,fixed q=0.15,3.02851345417102e-4
260540,Feira Nova,1,22013,2018-12-31,4.54277018125653e-5,0.2,fixed q=0.20,2.271385090628265e-4
260540,Feira Nova,1,22013,2018-12-31,4.54277018125653e-5,0.25,fixed q=0.25,1.817108072502612e-4
260540,Feira Nova,1,22013,2018-12-31,4.54277018125653e-5,0.3,fixed q=0.30,1.51425672708551e-4
260540,Feira Nova,17,22360,2021-12-31,7.602862254025045e-4,0.007454145308640366,global-q 2.5%,0.10199509050638302
260540,Feira Nova,17,22360,2021-12-31,7.602862254025045e-4,0.009820323685458794,global-q median,0.07741967064978518
260540,Feira Nova,17,22360,2021-12-31,7.602862254025045e-4,0.01510174051658718,global-q 97.5%,0.05034427816895906
260540,Feira Nova,17,22360,2021-12-31,7.602862254025045e-4,0.05,fixed q=0.05,0.015205724508050088
260540,Feira Nova,17,22360,2021-12-31,7.602862254025045e-4,0.1,fixed q=0.10,0.007602862254025044
260540,Feira Nova,17,22360,2021-12-31,7.602862254025045e-4,0.15,fixed q=0.15,0.005068574836016697
260540,Feira Nova,17,22360,2021-12-31,7.602862254025045e-4,0.2,fixed q=0.20,0.003801431127012522
260540,Feira Nova,17,22360,2021-12-31,7.602862254025045e-4,0.25,fixed q=0.25,0.003041144901610018
260540,Feira Nova,17,22360,2021-12-31,7.602862254025045e-4,0.3,fixed q=0.30,0.0025342874180083485
260540,Feira Nova,31,21427,2022-12-31,0.001446772763335978,0.007454145308640366,global-q 2.5%,0.19408969149809463
260540,Feira Nova,31,21427,2022-12-31,0.001446772763335978,0.009820323685458794,global-q median,0.147324345884673
260540,Feira Nova,31,21427,2022-12-31,0.001446772763335978,0.01510174051658718,global-q 97.5%,0.0958017231025058
260540,Feira Nova,31,21427,2022-12-31,0.001446772763335978,0.05,fixed q=0.05,0.02893545526671956
260540,Feira Nova,31,21427,2022-12-31,0.001446772763335978,0.1,fixed q=0.10,0.01446772763335978
260540,Feira Nova,31,21427,2022-12-31,0.001446772763335978,0.15,fixed q=0.15,0.009645151755573187
260540,Feira Nova,31,21427,2022-12-31,0.001446772763335978,0.2,fixed q=0.20,0.00723386381667989
260540,Feira Nova,31,21427,2022-12-31,0.001446772763335978,0.25,fixed q=0.25,0.005787091053343912
260540,Feira Nova,31,21427,2022-12-31,0.001446772763335978,0.3,fixed q=0.30,0.004822575877786593
260540,Feira Nova,32,22222,2025-12-21,0.0014400144001440014,0.007454145308640366,global-q 2.5%,0.19318303313390325
260540,Feira Nova,32,22222,2025-12-21,0.0014400144001440014,0.009820323685458794,global-q median,0.14663614421144464
260540,Feira Nova,32,22222,2025-12-21,0.0014400144001440014,0.01510174051658718,global-q 97.5%,0.09535420096526914
260540,Feira Nova,32,22222,2025-12-21,0.0014400144001440014,0.05,fixed q=0.05,0.028800288002880026
260540,Feira Nova,32,22222,2025-12-21,0.0014400144001440014,0.1,fixed q=0.10,0.014400144001440013
260540,Feira Nova,32,22222,2025-12-21,0.0014400144001440014,0.15,fixed q=0.15,0.009600096000960009
260540,Feira Nova,32,22222,2025-12-21,0.0014400144001440014,0.2,fixed q=0.20,0.007200072000720007
260540,Feira Nova,32,22222,2025-12-21,0.0014400144001440014,0.25,fixed q=0.25,0.0057600576005760054
260540,Feira Nova,32,22222,2025-12-21,0.0014400144001440014,0.3,fixed q=0.30,0.004800048000480004
260550,Ferreiros,5,12008,2016-12-31,4.1638907395069954e-4,0.007454145308640366,global-q 2.5%,0.05586006935872957
260550,Ferreiros,5,12008,2016-12-31,4.1638907395069954e-4,0.009820323685458794,global-q median,0.0424007484159873
260550,Ferreiros,5,12008,2016-12-31,4.1638907395069954e-4,0.01510174051658718,global-q 97.5%,0.027572257217196493
260550,Ferreiros,5,12008,2016-12-31,4.1638907395069954e-4,0.05,fixed q=0.05,0.008327781479013991
260550,Ferreiros,5,12008,2016-12-31,4.1638907395069954e-4,0.1,fixed q=0.10,0.0041638907395069955
260550,Ferreiros,5,12008,2016-12-31,4.1638907395069954e-4,0.15,fixed q=0.15,0.0027759271596713305
260550,Ferreiros,5,12008,2016-12-31,4.1638907395069954e-4,0.2,fixed q=0.20,0.0020819453697534978
260550,Ferreiros,5,12008,2016-12-31,4.1638907395069954e-4,0.25,fixed q=0.25,0.0016655562958027982
260550,Ferreiros,5,12008,2016-12-31,4.1638907395069954e-4,0.3,fixed q=0.30,0.0013879635798356652
260550,Ferreiros,6,12216,2021-12-31,4.911591355599214e-4,0.007454145308640366,global-q 2.5%,0.06589073800192777
260550,Ferreiros,6,12216,2021-12-31,4.911591355599214e-4,0.009820323685458794,global-q median,0.05001455667771861
260550,Ferreiros,6,12216,2021-12-31,4.911591355599214e-4,0.01510174051658718,global-q 97.5%,0.03252334623419405
260550,Ferreiros,6,12216,2021-12-31,4.911591355599214e-4,0.05,fixed q=0.05,0.009823182711198426
260550,Ferreiros,6,12216,2021-12-31,4.911591355599214e-4,0.1,fixed q=0.10,0.004911591355599213
260550,Ferreiros,6,12216,2021-12-31,4.911591355599214e-4,0.15,fixed q=0.15,0.0032743942370661427
260550,Ferreiros,6,12216,2021-12-31,4.911591355599214e-4,0.2,fixed q=0.20,0.0024557956777996066
260550,Ferreiros,6,12216,2021-12-31,4.911591355599214e-4,0.25,fixed q=0.25,0.0019646365422396855
260550,Ferreiros,6,12216,2021-12-31,4.911591355599214e-4,0.3,fixed q=0.30,0.0016371971185330713
260550,Ferreiros,6,14365,2018-12-31,4.1768186564566657e-4,0.007454145308640366,global-q 2.5%,0.05603350194441697
260550,Ferreiros,6,14365,2018-12-31,4.1768186564566657e-4,0.009820323685458794,global-q median,0.04253239292551414
260550,Ferreiros,6,14365,2018-12-31,4.1768186564566657e-4,0.01510174051658718,global-q 97.5%,0.027657862693833246
260550,Ferreiros,6,14365,2018-12-31,4.1768186564566657e-4,0.05,fixed q=0.05,0.008353637312913331
260550,Ferreiros,6,14365,2018-12-31,4.1768186564566657e-4,0.1,fixed q=0.10,0.004176818656456666
260550,Ferreiros,6,14365,2018-12-31,4.1768186564566657e-4,0.15,fixed q=0.15,0.0027845457709711106
260550,Ferreiros,6,14365,2018-12-31,4.1768186564566657e-4,0.2,fixed q=0.20,0.002088409328228333
260550,Ferreiros,6,14365,2018-12-31,4.1768186564566657e-4,0.25,fixed q=0.25,0.0016707274625826663
260550,Ferreiros,6,14365,2018-12-31,4.1768186564566657e-4,0.3,fixed q=0.30,0.0013922728854855553
260550,Ferreiros,14,15026,2022-12-31,9.317183548515906e-4,0.007454145308640366,global-q 2.5%,0.12499331798262674
260550,Ferreiros,14,15026,2022-12-31,9.317183548515906e-4,0.009820323685458794,global-q median,0.09487654222958149
260550,Ferreiros,14,15026,2022-12-31,9.317183548515906e-4,0.01510174051658718,global-q 97.5%,0.06169609084649723
260550,Ferreiros,14,15026,2022-12-31,9.317183548515906e-4,0.05,fixed q=0.05,0.018634367097031812
260550,Ferreiros,14,15026,2022-12-31,9.317183548515906e-4,0.1,fixed q=0.10,0.009317183548515906
260550,Ferreiros,14,15026,2022-12-31,9.317183548515906e-4,0.15,fixed q=0.15,0.006211455699010604
260550,Ferreiros,14,15026,2022-12-31,9.317183548515906e-4,0.2,fixed q=0.20,0.004658591774257953
260550,Ferreiros,14,15026,2022-12-31,9.317183548515906e-4,0.25,fixed q=0.25,0.0037268734194063624
260550,Ferreiros,14,15026,2022-12-31,9.317183548515906e-4,0.3,fixed q=0.30,0.003105727849505302
260550,Ferreiros,21,15955,2025-12-21,0.0013162018176120338,0.007454145308640366,global-q 2.5%,0.17657313657226095
260550,Ferreiros,21,15955,2025-12-21,0.0013162018176120338,0.009820323685458794,global-q median,0.13402835382717249
260550,Ferreiros,21,15955,2025-12-21,0.0013162018176120338,0.01510174051658718,global-q 97.5%,0.08715563720396119
260550,Ferreiros,21,15955,2025-12-21,0.0013162018176120338,0.05,fixed q=0.05,0.026324036352240673
260550,Ferreiros,21,15955,2025-12-21,0.0013162018176120338,0.1,fixed q=0.10,0.013162018176120336
260550,Ferreiros,21,15955,2025-12-21,0.0013162018176120338,0.15,fixed q=0.15,0.008774678784080225
260550,Ferreiros,21,15955,2025-12-21,0.0013162018176120338,0.2,fixed q=0.20,0.006581009088060168
260550,Ferreiros,21,15955,2025-12-21,0.0013162018176120338,0.25,fixed q=0.25,0.005264807270448135
260550,Ferreiros,21,15955,2025-12-21,0.0013162018176120338,0.3,fixed q=0.30,0.004387339392040113
260560,Flores,1,22577,2016-12-31,4.429286441954201e-5,0.007454145308640366,global-q 2.5%,0.005942044672539529
260560,Flores,1,22577,2016-12-31,4.429286441954201e-5,0.009820323685458794,global-q median,0.004510326323064849
260560,Flores,1,22577,2016-12-31,4.429286441954201e-5,0.01510174051658718,global-q 97.5%,0.002932964208389914
260560,Flores,1,22577,2016-12-31,4.429286441954201e-5,0.05,fixed q=0.05,8.858572883908402e-4
260560,Flores,1,22577,2016-12-31,4.429286441954201e-5,0.1,fixed q=0.10,4.429286441954201e-4
260560,Flores,1,22577,2016-12-31,4.429286441954201e-5,0.15,fixed q=0.15,2.9528576279694676e-4
260560,Flores,1,22577,2016-12-31,4.429286441954201e-5,0.2,fixed q=0.20,2.2146432209771004e-4
260560,Flores,1,22577,2016-12-31,4.429286441954201e-5,0.25,fixed q=0.25,1.7717145767816804e-4
260560,Flores,1,22577,2016-12-31,4.429286441954201e-5,0.3,fixed q=0.30,1.4764288139847338e-4
260560,Flores,1,22612,2021-12-31,4.422430567840085e-5,0.007454145308640366,global-q 2.5%,0.00593284727454117
260560,Flores,1,22612,2021-12-31,4.422430567840085e-5,0.009820323685458794,global-q median,0.004503345011314129
260560,Flores,1,22612,2021-12-31,4.422430567840085e-5,0.01510174051658718,global-q 97.5%,0.0029284244176905664
260560,Flores,1,22612,2021-12-31,4.422430567840085e-5,0.05,fixed q=0.05,8.844861135680169e-4
260560,Flores,1,22612,2021-12-31,4.422430567840085e-5,0.1,fixed q=0.10,4.4224305678400847e-4
260560,Flores,1,22612,2021-12-31,4.422430567840085e-5,0.15,fixed q=0.15,2.948287045226723e-4
260560,Flores,1,22612,2021-12-31,4.422430567840085e-5,0.2,fixed q=0.20,2.2112152839200424e-4
260560,Flores,1,22612,2021-12-31,4.422430567840085e-5,0.25,fixed q=0.25,1.768972227136034e-4
260560,Flores,1,22612,2021-12-31,4.422430567840085e-5,0.3,fixed q=0.30,1.4741435226133616e-4
260560,Flores,1,22631,2018-12-31,4.4187176881269054e-5,0.007454145308640366,global-q 2.5%,0.005927866314874505
260560,Flores,1,22631,2018-12-31,4.4187176881269054e-5,0.009820323685458794,global-q median,0.004499564199365255
260560,Flores,1,22631,2018-12-31,4.4187176881269054e-5,0.01510174051658718,global-q 97.5%,0.002925965840343736
260560,Flores,1,22631,2018-12-31,4.4187176881269054e-5,0.05,fixed q=0.05,8.83743537625381e-4
260560,Flores,1,22631,2018-12-31,4.4187176881269054e-5,0.1,fixed q=0.10,4.418717688126905e-4
260560,Flores,1,22631,2018-12-31,4.4187176881269054e-5,0.15,fixed q=0.15,2.945811792084604e-4
260560,Flores,1,22631,2018-12-31,4.4187176881269054e-5,0.2,fixed q=0.20,2.2093588440634526e-4
260560,Flores,1,22631,2018-12-31,4.4187176881269054e-5,0.25,fixed q=0.25,1.7674870752507622e-4
260560,Flores,1,22631,2018-12-31,4.4187176881269054e-5,0.3,fixed q=0.30,1.472905896042302e-4
260560,Flores,4,20347,2022-12-31,1.96589177765764e-4,0.007454145308640366,global-q 2.5%,0.02637313462857914
260560,Flores,4,20347,2022-12-31,1.96589177765764e-4,0.009820323685458794,global-q median,0.020018604687833116
260560,Flores,4,20347,2022-12-31,1.96589177765764e-4,0.01510174051658718,global-q 97.5%,0.013017650352940304
260560,Flores,4,20347,2022-12-31,1.96589177765764e-4,0.05,fixed q=0.05,0.003931783555315279
260560,Flores,4,20347,2022-12-31,1.96589177765764e-4,0.1,fixed q=0.10,0.0019658917776576397
260560,Flores,4,20347,2022-12-31,1.96589177765764e-4,0.15,fixed q=0.15,0.0013105945184384267
260560,Flores,4,20347,2022-12-31,1.96589177765764e-4,0.2,fixed q=0.20,9.829458888288198e-4
260560,Flores,4,20347,2022-12-31,1.96589177765764e-4,0.25,fixed q=0.25,7.86356711063056e-4
260560,Flores,4,20347,2022-12-31,1.96589177765764e-4,0.3,fixed q=0.30,6.552972592192134e-4
260560,Flores,4,20776,2025-12-21,1.9252984212552945e-4,0.007454145308640366,global-q 2.5%,0.025828560371953205
260560,Flores,4,20776,2025-12-21,1.9252984212552945e-4,0.009820323685458794,global-q median,0.019605244011520043
260560,Flores,4,20776,2025-12-21,1.9252984212552945e-4,0.01510174051658718,global-q 97.5%,0.012748851161497708
260560,Flores,4,20776,2025-12-21,1.9252984212552945e-4,0.05,fixed q=0.05,0.003850596842510589
260560,Flores,4,20776,2025-12-21,1.9252984212552945e-4,0.1,fixed q=0.10,0.0019252984212552945
260560,Flores,4,20776,2025-12-21,1.9252984212552945e-4,0.15,fixed q=0.15,0.001283532280836863
260560,Flores,4,20776,2025-12-21,1.9252984212552945e-4,0.2,fixed q=0.20,9.626492106276473e-4
260560,Flores,4,20776,2025-12-21,1.9252984212552945e-4,0.25,fixed q=0.25,7.701193685021178e-4
260560,Flores,4,20776,2025-12-21,1.9252984212552945e-4,0.3,fixed q=0.30,6.417661404184315e-4
260570,Floresta,7,32152,2016-12-31,2.1771584971385917e-4,0.007454145308640366,global-q 2.5%,0.02920735251317102
260570,Floresta,7,32152,2016-12-31,2.1771584971385917e-4,0.009820323685458794,global-q median,0.02216992603168841
260570,Floresta,7,32152,2016-12-31,2.1771584971385917e-4,0.01510174051658718,global-q 97.5%,0.014416606448424161
260570,Floresta,7,32152,2016-12-31,2.1771584971385917e-4,0.05,fixed q=0.05,0.004354316994277183
260570,Floresta,7,32152,2016-12-31,2.1771584971385917e-4,0.1,fixed q=0.10,0.0021771584971385914
260570,Floresta,7,32152,2016-12-31,2.1771584971385917e-4,0.15,fixed q=0.15,0.0014514389980923945
260570,Floresta,7,32152,2016-12-31,2.1771584971385917e-4,0.2,fixed q=0.20,0.0010885792485692957
260570,Floresta,7,32152,2016-12-31,2.1771584971385917e-4,0.25,fixed q=0.25,8.708633988554367e-4
260570,Floresta,7,32152,2016-12-31,2.1771584971385917e-4,0.3,fixed q=0.30,7.257194990461973e-4
260570,Floresta,9,32556,2018-12-31,2.7644673792849247e-4,0.007454145308640366,global-q 2.5%,0.03708630922555979
260570,Floresta,9,32556,2018-12-31,2.7644673792849247e-4,0.009820323685458794,global-q median,0.02815047108251984
260570,Floresta,9,32556,2018-12-31,2.7644673792849247e-4,0.01510174051658718,global-q 97.5%,0.018305620972950357
260570,Floresta,9,32556,2018-12-31,2.7644673792849247e-4,0.05,fixed q=0.05,0.005528934758569849
260570,Floresta,9,32556,2018-12-31,2.7644673792849247e-4,0.1,fixed q=0.10,0.0027644673792849247
260570,Floresta,9,32556,2018-12-31,2.7644673792849247e-4,0.15,fixed q=0.15,0.0018429782528566166
260570,Floresta,9,32556,2018-12-31,2.7644673792849247e-4,0.2,fixed q=0.20,0.0013822336896424624
260570,Floresta,9,32556,2018-12-31,2.7644673792849247e-4,0.25,fixed q=0.25,0.0011057869517139699
260570,Floresta,9,32556,2018-12-31,2.7644673792849247e-4,0.3,fixed q=0.30,9.214891264283083e-4
260570,Floresta,10,33488,2021-12-31,2.986144290492117e-4,0.007454145308640366,global-q 2.5%,0.04006018352004448
260570,Floresta,10,33488,2021-12-31,2.986144290492117e-4,0.009820323685458794,global-q median,0.030407799031245554
260570,Floresta,10,33488,2021-12-31,2.986144290492117e-4,0.01510174051658718,global-q 97.5%,0.019773510789781144
260570,Floresta,10,33488,2021-12-31,2.986144290492117e-4,0.05,fixed q=0.05,0.005972288580984233
260570,Floresta,10,33488,2021-12-31,2.986144290492117e-4,0.1,fixed q=0.10,0.0029861442904921165
260570,Floresta,10,33488,2021-12-31,2.986144290492117e-4,0.15,fixed q=0.15,0.001990762860328078
260570,Floresta,10,33488,2021-12-31,2.986144290492117e-4,0.2,fixed q=0.20,0.0014930721452460583
260570,Floresta,10,33488,2021-12-31,2.986144290492117e-4,0.25,fixed q=0.25,0.0011944577161968467
260570,Floresta,10,33488,2021-12-31,2.986144290492117e-4,0.3,fixed q=0.30,9.95381430164039e-4
260570,Floresta,60,30137,2022-12-31,0.0019909081859508246,0.007454145308640366,global-q 2.5%,0.26708738608074784
260570,Floresta,60,30137,2022-12-31,0.0019909081859508246,0.009820323685458794,global-q median,0.2027334586637723
260570,Floresta,60,30137,2022-12-31,0.0019909081859508246,0.01510174051658718,global-q 97.5%,0.13183302836941785
260570,Floresta,60,30137,2022-12-31,0.0019909081859508246,0.05,fixed q=0.05,0.03981816371901649
260570,Floresta,60,30137,2022-12-31,0.0019909081859508246,0.1,fixed q=0.10,0.019909081859508244
260570,Floresta,60,30137,2022-12-31,0.0019909081859508246,0.15,fixed q=0.15,0.013272721239672165
260570,Floresta,60,30137,2022-12-31,0.0019909081859508246,0.2,fixed q=0.20,0.009954540929754122
260570,Floresta,60,30137,2022-12-31,0.0019909081859508246,0.25,fixed q=0.25,0.007963632743803298
260570,Floresta,60,30137,2022-12-31,0.0019909081859508246,0.3,fixed q=0.30,0.006636360619836083
260570,Floresta,61,31702,2025-12-21,0.0019241688221563308,0.007454145308640366,global-q 2.5%,0.25813406399872
260570,Floresta,61,31702,2025-12-21,0.0019241688221563308,0.009820323685458794,global-q median,0.19593741344855028
260570,Floresta,61,31702,2025-12-21,0.0019241688221563308,0.01510174051658718,global-q 97.5%,0.12741371234944057
260570,Floresta,61,31702,2025-12-21,0.0019241688221563308,0.05,fixed q=0.05,0.03848337644312661
260570,Floresta,61,31702,2025-12-21,0.0019241688221563308,0.1,fixed q=0.10,0.019241688221563306
260570,Floresta,61,31702,2025-12-21,0.0019241688221563308,0.15,fixed q=0.15,0.012827792147708872
260570,Floresta,61,31702,2025-12-21,0.0019241688221563308,0.2,fixed q=0.20,0.009620844110781653
260570,Floresta,61,31702,2025-12-21,0.0019241688221563308,0.25,fixed q=0.25,0.007696675288625323
260570,Floresta,61,31702,2025-12-21,0.0019241688221563308,0.3,fixed q=0.30,0.006413896073854436
260580,Frei Miguelinho,2,13636,2022-12-31,1.4667057788207686e-4,0.007454145308640366,global-q 2.5%,0.01967637761395203
260580,Frei Miguelinho,2,13636,2022-12-31,1.4667057788207686e-4,0.009820323685458794,global-q median,0.014935411762369477
260580,Frei Miguelinho,2,13636,2022-12-31,1.4667057788207686e-4,0.01510174051658718,global-q 97.5%,0.009712163821182031
260580,Frei Miguelinho,2,13636,2022-12-31,1.4667057788207686e-4,0.05,fixed q=0.05,0.002933411557641537
260580,Frei Miguelinho,2,13636,2022-12-31,1.4667057788207686e-4,0.1,fixed q=0.10,0.0014667057788207685
260580,Frei Miguelinho,2,13636,2022-12-31,1.4667057788207686e-4,0.15,fixed q=0.15,9.77803852547179e-4
260580,Frei Miguelinho,2,13636,2022-12-31,1.4667057788207686e-4,0.2,fixed q=0.20,7.333528894103843e-4
260580,Frei Miguelinho,2,13636,2022-12-31,1.4667057788207686e-4,0.25,fixed q=0.25,5.866823115283074e-4
260580,Frei Miguelinho,2,13636,2022-12-31,1.4667057788207686e-4,0.3,fixed q=0.30,4.889019262735895e-4
260580,Frei Miguelinho,2,14055,2025-12-21,1.4229811454998222e-4,0.007454145308640366,global-q 2.5%,0.019089796168185694
260580,Frei Miguelinho,2,14055,2025-12-21,1.4229811454998222e-4,0.009820323685458794,global-q median,0.014490165406735697
260580,Frei Miguelinho,2,14055,2025-12-21,1.4229811454998222e-4,0.01510174051658718,global-q 97.5%,0.009422630086491511
260580,Frei Miguelinho,2,14055,2025-12-21,1.4229811454998222e-4,0.05,fixed q=0.05,0.002845962290999644
260580,Frei Miguelinho,2,14055,2025-12-21,1.4229811454998222e-4,0.1,fixed q=0.10,0.001422981145499822
260580,Frei Miguelinho,2,14055,2025-12-21,1.4229811454998222e-4,0.15,fixed q=0.15,9.486540969998815e-4
260580,Frei Miguelinho,2,14055,2025-12-21,1.4229811454998222e-4,0.2,fixed q=0.20,7.11490572749911e-4
260580,Frei Miguelinho,2,14055,2025-12-21,1.4229811454998222e-4,0.25,fixed q=0.25,5.691924581999289e-4
260580,Frei Miguelinho,2,14055,2025-12-21,1.4229811454998222e-4,0.3,fixed q=0.30,4.7432704849994074e-4
260580,Frei Miguelinho,2,15234,2016-12-31,1.312852829197847e-4,0.007454145308640366,global-q 2.5%,0.017612385791246545
260580,Frei Miguelinho,2,15234,2016-12-31,1.312852829197847e-4,0.009820323685458794,global-q median,0.013368732755131297
260580,Frei Miguelinho,2,15234,2016-12-31,1.312852829197847e-4,0.01510174051658718,global-q 97.5%,0.008693387545335314
260580,Frei Miguelinho,2,15234,2016-12-31,1.312852829197847e-4,0.05,fixed q=0.05,0.0026257056583956937
260580,Frei Miguelinho,2,15234,2016-12-31,1.312852829197847e-4,0.1,fixed q=0.10,0.0013128528291978469
260580,Frei Miguelinho,2,15234,2016-12-31,1.312852829197847e-4,0.15,fixed q=0.15,8.752352194652313e-4
260580,Frei Miguelinho,2,15234,2016-12-31,1.312852829197847e-4,0.2,fixed q=0.20,6.564264145989234e-4
260580,Frei Miguelinho,2,15234,2016-12-31,1.312852829197847e-4,0.25,fixed q=0.25,5.251411316791387e-4
260580,Frei Miguelinho,2,15234,2016-12-31,1.312852829197847e-4,0.3,fixed q=0.30,4.3761760973261564e-4
260580,Frei Miguelinho,2,15366,2018-12-31,1.3015749056358194e-4,0.007454145308640366,global-q 2.5%,0.017461088451376408
260580,Frei Miguelinho,2,15366,2018-12-31,1.3015749056358194e-4,0.009820323685458794,global-q median,0.013253890068441377
260580,Frei Miguelinho,2,15366,2018-12-31,1.3015749056358194e-4,0.01510174051658718,global-q 97.5%,0.008618707917847078
260580,Frei Miguelinho,2,15366,2018-12-31,1.3015749056358194e-4,0.05,fixed q=0.05,0.0026031498112716388
260580,Frei Miguelinho,2,15366,2018-12-31,1.3015749056358194e-4,0.1,fixed q=0.10,0.0013015749056358194
260580,Frei Miguelinho,2,15366,2018-12-31,1.3015749056358194e-4,0.15,fixed q=0.15,8.67716603757213e-4
260580,Frei Miguelinho,2,15366,2018-12-31,1.3015749056358194e-4,0.2,fixed q=0.20,6.507874528179097e-4
260580,Frei Miguelinho,2,15366,2018-12-31,1.3015749056358194e-4,0.25,fixed q=0.25,5.206299622543278e-4
260580,Frei Miguelinho,2,15366,2018-12-31,1.3015749056358194e-4,0.3,fixed q=0.30,4.338583018786065e-4
260580,Frei Miguelinho,2,15633,2021-12-31,1.2793449753726091e-4,0.007454145308640366,global-q 2.5%,0.01716286606178276
260580,Frei Miguelinho,2,15633,2021-12-31,1.2793449753726091e-4,0.009820323685458794,global-q median,0.013027523494637637
260580,Frei Miguelinho,2,15633,2021-12-31,1.2793449753726091e-4,0.01510174051658718,global-q 97.5%,0.008471506803917239
260580,Frei Miguelinho,2,15633,2021-12-31,1.2793449753726091e-4,0.05,fixed q=0.05,0.002558689950745218
260580,Frei Miguelinho,2,15633,2021-12-31,1.2793449753726091e-4,0.1,fixed q=0.10,0.001279344975372609
260580,Frei Miguelinho,2,15633,2021-12-31,1.2793449753726091e-4,0.15,fixed q=0.15,8.528966502484061e-4
260580,Frei Miguelinho,2,15633,2021-12-31,1.2793449753726091e-4,0.2,fixed q=0.20,6.396724876863045e-4
260580,Frei Miguelinho,2,15633,2021-12-31,1.2793449753726091e-4,0.25,fixed q=0.25,5.117379901490437e-4
260580,Frei Miguelinho,2,15633,2021-12-31,1.2793449753726091e-4,0.3,fixed q=0.30,4.2644832512420307e-4
260590,Gameleira,1,30426,2016-12-31,3.2866627226713995e-5,0.007454145308640366,global-q 2.5%,0.004409174474854564
260590,Gameleira,1,30426,2016-12-31,3.2866627226713995e-5,0.009820323685458794,global-q median,0.003346796732920367
260590,Gameleira,1,30426,2016-12-31,3.2866627226713995e-5,0.01510174051658718,global-q 97.5%,0.0021763469707756227
260590,Gameleira,1,30426,2016-12-31,3.2866627226713995e-5,0.05,fixed q=0.05,6.573325445342798e-4
260590,Gameleira,1,30426,2016-12-31,3.2866627226713995e-5,0.1,fixed q=0.10,3.286662722671399e-4
260590,Gameleira,1,30426,2016-12-31,3.2866627226713995e-5,0.15,fixed q=0.15,2.191108481780933e-4
260590,Gameleira,1,30426,2016-12-31,3.2866627226713995e-5,0.2,fixed q=0.20,1.6433313613356995e-4
260590,Gameleira,1,30426,2016-12-31,3.2866627226713995e-5,0.25,fixed q=0.25,1.3146650890685598e-4
260590,Gameleira,1,30426,2016-12-31,3.2866627226713995e-5,0.3,fixed q=0.30,1.0955542408904665e-4
260590,Gameleira,1,30780,2018-12-31,3.248862897985705e-5,0.007454145308640366,global-q 2.5%,0.004358464670952727
260590,Gameleira,1,30780,2018-12-31,3.248862897985705e-5,0.009820323685458794,global-q median,0.003308305308506663
260590,Gameleira,1,30780,2018-12-31,3.248862897985705e-5,0.01510174051658718,global-q 97.5%,0.002151316859415825
260590,Gameleira,1,30780,2018-12-31,3.248862897985705e-5,0.05,fixed q=0.05,6.497725795971409e-4
260590,Gameleira,1,30780,2018-12-31,3.248862897985705e-5,0.1,fixed q=0.10,3.2488628979857043e-4
260590,Gameleira,1,30780,2018-12-31,3.248862897985705e-5,0.15,fixed q=0.15,2.1659085986571366e-4
260590,Gameleira,1,30780,2018-12-31,3.248862897985705e-5,0.2,fixed q=0.20,1.6244314489928521e-4
260590,Gameleira,1,30780,2018-12-31,3.248862897985705e-5,0.25,fixed q=0.25,1.299545159194282e-4
260590,Gameleira,1,30780,2018-12-31,3.248862897985705e-5,0.3,fixed q=0.30,1.0829542993285683e-4
260590,Gameleira,34,31578,2021-12-31,0.0010766989676356958,0.007454145308640366,global-q 2.5%,0.14444298079186296
260590,Gameleira,34,31578,2021-12-31,0.0010766989676356958,0.009820323685458794,global-q median,0.1096398654588129
260590,Gameleira,34,31578,2021-12-31,0.0010766989676356958,0.01510174051658718,global-q 97.5%,0.071296349348149
260590,Gameleira,34,31578,2021-12-31,0.0010766989676356958,0.05,fixed q=0.05,0.021533979352713915
260590,Gameleira,34,31578,2021-12-31,0.0010766989676356958,0.1,fixed q=0.10,0.010766989676356958
260590,Gameleira,34,31578,2021-12-31,0.0010766989676356958,0.15,fixed q=0.15,0.007177993117571306
260590,Gameleira,34,31578,2021-12-31,0.0010766989676356958,0.2,fixed q=0.20,0.005383494838178479
260590,Gameleira,34,31578,2021-12-31,0.0010766989676356958,0.25,fixed q=0.25,0.004306795870542783
260590,Gameleira,34,31578,2021-12-31,0.0010766989676356958,0.3,fixed q=0.30,0.003588996558785653
260590,Gameleira,36,18214,2022-12-31,0.001976501592181838,0.007454145308640366,global-q 2.5%,0.26515469049024365
260590,Gameleira,36,18214,2022-12-31,0.001976501592181838,0.009820323685458794,global-q median,0.2012664404441673
260590,Gameleira,36,18214,2022-12-31,0.001976501592181838,0.01510174051658718,global-q 97.5%,0.13087905927207025
260590,Gameleira,36,18214,2022-12-31,0.001976501592181838,0.05,fixed q=0.05,0.03953003184363676
260590,Gameleira,36,18214,2022-12-31,0.001976501592181838,0.1,fixed q=0.10,0.01976501592181838
260590,Gameleira,36,18214,2022-12-31,0.001976501592181838,0.15,fixed q=0.15,0.013176677281212254
260590,Gameleira,36,18214,2022-12-31,0.001976501592181838,0.2,fixed q=0.20,0.00988250796090919
260590,Gameleira,36,18214,2022-12-31,0.001976501592181838,0.25,fixed q=0.25,0.007906006368727353
260590,Gameleira,36,18214,2022-12-31,0.001976501592181838,0.3,fixed q=0.30,0.006588338640606127
260590,Gameleira,38,17583,2025-12-21,0.0021611784109651366,0.007454145308640366,global-q 2.5%,0.28992973996093657
260590,Gameleira,38,17583,2025-12-21,0.0021611784109651366,0.009820323685458794,global-q median,0.22007201393628695
260590,Gameleira,38,17583,2025-12-21,0.0021611784109651366,0.01510174051658718,global-q 97.5%,0.14310790260178158
260590,Gameleira,38,17583,2025-12-21,0.0021611784109651366,0.05,fixed q=0.05,0.04322356821930273
260590,Gameleira,38,17583,2025-12-21,0.0021611784109651366,0.1,fixed q=0.10,0.021611784109651366
260590,Gameleira,38,17583,2025-12-21,0.0021611784109651366,0.15,fixed q=0.15,0.014407856073100911
260590,Gameleira,38,17583,2025-12-21,0.0021611784109651366,0.2,fixed q=0.20,0.010805892054825683
260590,Gameleira,38,17583,2025-12-21,0.0021611784109651366,0.25,fixed q=0.25,0.008644713643860547
260590,Gameleira,38,17583,2025-12-21,0.0021611784109651366,0.3,fixed q=0.30,0.0072039280365504554
260600,Garanhuns,137,137810,2016-12-31,9.941223423554169e-4,0.007454145308640366,global-q 2.5%,0.13336503397687915
260600,Garanhuns,137,137810,2016-12-31,9.941223423554169e-4,0.009820323685458794,global-q median,0.10123111764915034
260600,Garanhuns,137,137810,2016-12-31,9.941223423554169e-4,0.01510174051658718,global-q 97.5%,0.06582832894417107
260600,Garanhuns,137,137810,2016-12-31,9.941223423554169e-4,0.05,fixed q=0.05,0.019882446847108336
260600,Garanhuns,137,137810,2016-12-31,9.941223423554169e-4,0.1,fixed q=0.10,0.009941223423554168
260600,Garanhuns,137,137810,2016-12-31,9.941223423554169e-4,0.15,fixed q=0.15,0.006627482282369446
260600,Garanhuns,137,137810,2016-12-31,9.941223423554169e-4,0.2,fixed q=0.20,0.004970611711777084
260600,Garanhuns,137,137810,2016-12-31,9.941223423554169e-4,0.25,fixed q=0.25,0.0039764893694216675
260600,Garanhuns,137,137810,2016-12-31,9.941223423554169e-4,0.3,fixed q=0.30,0.003313741141184723
260600,Garanhuns,147,138983,2018-12-31,0.0010576833137865781,0.007454145308640366,global-q 2.5%,0.14189196346368235
260600,Garanhuns,147,138983,2018-12-31,0.0010576833137865781,0.009820323685458794,global-q median,0.10770350832251252
260600,Garanhuns,147,138983,2018-12-31,0.0010576833137865781,0.01510174051658718,global-q 97.5%,0.07003717966315597
260600,Garanhuns,147,138983,2018-12-31,0.0010576833137865781,0.05,fixed q=0.05,0.02115366627573156
260600,Garanhuns,147,138983,2018-12-31,0.0010576833137865781,0.1,fixed q=0.10,0.01057683313786578
260600,Garanhuns,147,138983,2018-12-31,0.0010576833137865781,0.15,fixed q=0.15,0.007051222091910521
260600,Garanhuns,147,138983,2018-12-31,0.0010576833137865781,0.2,fixed q=0.20,0.00528841656893289
260600,Garanhuns,147,138983,2018-12-31,0.0010576833137865781,0.25,fixed q=0.25,0.0042307332551463125
260600,Garanhuns,147,138983,2018-12-31,0.0010576833137865781,0.3,fixed q=0.30,0.0035256110459552605
260600,Garanhuns,160,141347,2021-12-31,0.001131966012720468,0.007454145308640366,global-q 2.5%,0.15185725067746744
260600,Garanhuns,160,141347,2021-12-31,0.001131966012720468,0.009820323685458794,global-q median,0.11526768861973452
260600,Garanhuns,160,141347,2021-12-31,0.001131966012720468,0.01510174051658718,global-q 97.5%,0.0749559967261495
260600,Garanhuns,160,141347,2021-12-31,0.001131966012720468,0.05,fixed q=0.05,0.02263932025440936
260600,Garanhuns,160,141347,2021-12-31,0.001131966012720468,0.1,fixed q=0.10,0.01131966012720468
260600,Garanhuns,160,141347,2021-12-31,0.001131966012720468,0.15,fixed q=0.15,0.00754644008480312
260600,Garanhuns,160,141347,2021-12-31,0.001131966012720468,0.2,fixed q=0.20,0.00565983006360234
260600,Garanhuns,160,141347,2021-12-31,0.001131966012720468,0.25,fixed q=0.25,0.004527864050881872
260600,Garanhuns,160,141347,2021-12-31,0.001131966012720468,0.3,fixed q=0.30,0.00377322004240156
260600,Garanhuns,169,142506,2022-12-31,0.0011859149790184272,0.007454145308640366,global-q 2.5%,0.15909469562443207
260600,Garanhuns,169,142506,2022-12-31,0.0011859149790184272,0.009820323685458794,global-q median,0.12076129229573583
260600,Garanhuns,169,142506,2022-12-31,0.0011859149790184272,0.01510174051658718,global-q 97.5%,0.07852836417867617
260600,Garanhuns,169,142506,2022-12-31,0.0011859149790184272,0.05,fixed q=0.05,0.023718299580368543
260600,Garanhuns,169,142506,2022-12-31,0.0011859149790184272,0.1,fixed q=0.10,0.011859149790184272
260600,Garanhuns,169,142506,2022-12-31,0.0011859149790184272,0.15,fixed q=0.15,0.00790609986012285
260600,Garanhuns,169,142506,2022-12-31,0.0011859149790184272,0.2,fixed q=0.20,0.005929574895092136
260600,Garanhuns,169,142506,2022-12-31,0.0011859149790184272,0.25,fixed q=0.25,0.004743659916073709
260600,Garanhuns,169,142506,2022-12-31,0.0011859149790184272,0.3,fixed q=0.30,0.003953049930061425
260600,Garanhuns,179,151803,2025-12-21,0.0011791598321508798,0.007454145308640366,global-q 2.5%,0.15818846874155693
260600,Garanhuns,179,151803,2025-12-21,0.0011791598321508798,0.009820323685458794,global-q median,0.12007341813965787
260600,Garanhuns,179,151803,2025-12-21,0.0011791598321508798,0.01510174051658718,global-q 97.5%,0.07808105501850832
260600,Garanhuns,179,151803,2025-12-21,0.0011791598321508798,0.05,fixed q=0.05,0.023583196643017595
260600,Garanhuns,179,151803,2025-12-21,0.0011791598321508798,0.1,fixed q=0.10,0.011791598321508797
260600,Garanhuns,179,151803,2025-12-21,0.0011791598321508798,0.15,fixed q=0.15,0.007861065547672533
260600,Garanhuns,179,151803,2025-12-21,0.0011791598321508798,0.2,fixed q=0.20,0.005895799160754399
260600,Garanhuns,179,151803,2025-12-21,0.0011791598321508798,0.25,fixed q=0.25,0.004716639328603519
260600,Garanhuns,179,151803,2025-12-21,0.0011791598321508798,0.3,fixed q=0.30,0.003930532773836266
260610,Glória do Goitá,4,30324,2016-12-31,1.3190871916633689e-4,0.007454145308640366,global-q 2.5%,0.017696021972289266
260610,Glória do Goitá,4,30324,2016-12-31,1.3190871916633689e-4,0.009820323685458794,global-q median,0.013432217042057128
260610,Glória do Goitá,4,30324,2016-12-31,1.3190871916633689e-4,0.01510174051658718,global-q 97.5%,0.008734669955522897
260610,Glória do Goitá,4,30324,2016-12-31,1.3190871916633689e-4,0.05,fixed q=0.05,0.0026381743833267376
260610,Glória do Goitá,4,30324,2016-12-31,1.3190871916633689e-4,0.1,fixed q=0.10,0.0013190871916633688
260610,Glória do Goitá,4,30324,2016-12-31,1.3190871916633689e-4,0.15,fixed q=0.15,8.793914611089126e-4
260610,Glória do Goitá,4,30324,2016-12-31,1.3190871916633689e-4,0.2,fixed q=0.20,6.595435958316844e-4
260610,Glória do Goitá,4,30324,2016-12-31,1.3190871916633689e-4,0.25,fixed q=0.25,5.276348766653475e-4
260610,Glória do Goitá,4,30324,2016-12-31,1.3190871916633689e-4,0.3,fixed q=0.30,4.396957305544563e-4
260610,Glória do Goitá,5,30504,2018-12-31,1.6391292945187516e-4,0.007454145308640366,global-q 2.5%,0.021989500159311066
260610,Glória do Goitá,5,30504,2018-12-31,1.6391292945187516e-4,0.009820323685458794,global-q median,0.016691194170573548
260610,Glória do Goitá,5,30504,2018-12-31,1.6391292945187516e-4,0.01510174051658718,global-q 97.5%,0.010853909804094395
260610,Glória do Goitá,5,30504,2018-12-31,1.6391292945187516e-4,0.05,fixed q=0.05,0.0032782585890375033
260610,Glória do Goitá,5,30504,2018-12-31,1.6391292945187516e-4,0.1,fixed q=0.10,0.0016391292945187516
260610,Glória do Goitá,5,30504,2018-12-31,1.6391292945187516e-4,0.15,fixed q=0.15,0.001092752863012501
260610,Glória do Goitá,5,30504,2018-12-31,1.6391292945187516e-4,0.2,fixed q=0.20,8.195646472593758e-4
260610,Glória do Goitá,5,30504,2018-12-31,1.6391292945187516e-4,0.25,fixed q=0.25,6.556517178075007e-4
260610,Glória do Goitá,5,30504,2018-12-31,1.6391292945187516e-4,0.3,fixed q=0.30,5.463764315062505e-4
260610,Glória do Goitá,17,30847,2021-12-31,5.511070768632281e-4,0.007454145308640366,global-q 2.5%,0.07393296669766018
260610,Glória do Goitá,17,30847,2021-12-31,5.511070768632281e-4,0.009820323685458794,global-q median,0.056119033803261144
260610,Glória do Goitá,17,30847,2021-12-31,5.511070768632281e-4,0.01510174051658718,global-q 97.5%,0.03649295101170047
260610,Glória do Goitá,17,30847,2021-12-31,5.511070768632281e-4,0.05,fixed q=0.05,0.011022141537264562
260610,Glória do Goitá,17,30847,2021-12-31,5.511070768632281e-4,0.1,fixed q=0.10,0.005511070768632281
260610,Glória do Goitá,17,30847,2021-12-31,5.511070768632281e-4,0.15,fixed q=0.15,0.0036740471790881876
260610,Glória do Goitá,17,30847,2021-12-31,5.511070768632281e-4,0.2,fixed q=0.20,0.0027555353843161405
260610,Glória do Goitá,17,30847,2021-12-31,5.511070768632281e-4,0.25,fixed q=0.25,0.0022044283074529126
260610,Glória do Goitá,17,30847,2021-12-31,5.511070768632281e-4,0.3,fixed q=0.30,0.0018370235895440938
260610,Glória do Goitá,20,29347,2022-12-31,6.815006644631478e-4,0.007454145308640366,global-q 2.5%,0.09142572840285204
260610,Glória do Goitá,20,29347,2022-12-31,6.815006644631478e-4,0.009820323685458794,global-q median,0.06939696554730303
260610,Glória do Goitá,20,29347,2022-12-31,6.815006644631478e-4,0.01510174051658718,global-q 97.5%,0.04512729269282659
260610,Glória do Goitá,20,29347,2022-12-31,6.815006644631478e-4,0.05,fixed q=0.05,0.013630013289262955
260610,Glória do Goitá,20,29347,2022-12-31,6.815006644631478e-4,0.1,fixed q=0.10,0.006815006644631478
260610,Glória do Goitá,20,29347,2022-12-31,6.815006644631478e-4,0.15,fixed q=0.15,0.004543337763087653
260610,Glória do Goitá,20,29347,2022-12-31,6.815006644631478e-4,0.2,fixed q=0.20,0.003407503322315739
260610,Glória do Goitá,20,29347,2022-12-31,6.815006644631478e-4,0.25,fixed q=0.25,0.0027260026578525914
260610,Glória do Goitá,20,29347,2022-12-31,6.815006644631478e-4,0.3,fixed q=0.30,0.0022716688815438263
260610,Glória do Goitá,21,30420,2025-12-21,6.903353057199211e-4,0.007454145308640366,global-q 2.5%,0.09261092682480025
260610,Glória do Goitá,21,30420,2025-12-21,6.903353057199211e-4,0.009820323685458794,global-q median,0.07029659386300253
260610,Glória do Goitá,21,30420,2025-12-21,6.903353057199211e-4,0.01510174051658718,global-q 97.5%,0.04571230084119661
260610,Glória do Goitá,21,30420,2025-12-21,6.903353057199211e-4,0.05,fixed q=0.05,0.013806706114398421
260610,Glória do Goitá,21,30420,2025-12-21,6.903353057199211e-4,0.1,fixed q=0.10,0.006903353057199211
260610,Glória do Goitá,21,30420,2025-12-21,6.903353057199211e-4,0.15,fixed q=0.15,0.0046022353714661405
260610,Glória do Goitá,21,30420,2025-12-21,6.903353057199211e-4,0.2,fixed q=0.20,0.0034516765285996054
260610,Glória do Goitá,21,30420,2025-12-21,6.903353057199211e-4,0.25,fixed q=0.25,0.0027613412228796844
260610,Glória do Goitá,21,30420,2025-12-21,6.903353057199211e-4,0.3,fixed q=0.30,0.0023011176857330702
260620,Goiana,687,78940,2016-12-31,0.008702812262477832,0.007454145308640366,global-q 2.5%,1.1675130953497903
260620,Goiana,687,78940,2016-12-31,0.008702812262477832,0.009820323685458794,global-q median,0.8862042170121449
260620,Goiana,687,78940,2016-12-31,0.008702812262477832,0.01510174051658718,global-q 97.5%,0.5762787575987677
260620,Goiana,687,78940,2016-12-31,0.008702812262477832,0.05,fixed q=0.05,0.17405624524955662
260620,Goiana,687,78940,2016-12-31,0.008702812262477832,0.1,fixed q=0.10,0.08702812262477831
260620,Goiana,687,78940,2016-12-31,0.008702812262477832,0.15,fixed q=0.15,0.058018748416518884
260620,Goiana,687,78940,2016-12-31,0.008702812262477832,0.2,fixed q=0.20,0.043514061312389156
260620,Goiana,687,78940,2016-12-31,0.008702812262477832,0.25,fixed q=0.25,0.03481124904991133
260620,Goiana,687,78940,2016-12-31,0.008702812262477832,0.3,fixed q=0.30,0.029009374208259442
260620,Goiana,754,79455,2018-12-31,0.009489648228557045,0.007454145308640366,global-q 2.5%,1.2730699276223196
260620,Goiana,754,79455,2018-12-31,0.009489648228557045,0.009820323685458794,global-q median,0.9663274381279927
260620,Goiana,754,79455,2018-12-31,0.009489648228557045,0.01510174051658718,global-q 97.5%,0.6283810940953445
260620,Goiana,754,79455,2018-12-31,0.009489648228557045,0.05,fixed q=0.05,0.1897929645711409
260620,Goiana,754,79455,2018-12-31,0.009489648228557045,0.1,fixed q=0.10,0.09489648228557045
260620,Goiana,754,79455,2018-12-31,0.009489648228557045,0.15,fixed q=0.15,0.06326432152371364
260620,Goiana,754,79455,2018-12-31,0.009489648228557045,0.2,fixed q=0.20,0.04744824114278522
260620,Goiana,754,79455,2018-12-31,0.009489648228557045,0.25,fixed q=0.25,0.03795859291422818
260620,Goiana,754,79455,2018-12-31,0.009489648228557045,0.3,fixed q=0.30,0.03163216076185682
260620,Goiana,785,80345,2021-12-31,0.00977036529964528,0.007454145308640366,global-q 2.5%,1.3107291171692212
260620,Goiana,785,80345,2021-12-31,0.00977036529964528,0.009820323685458794,global-q median,0.9949127556877286
260620,Goiana,785,80345,2021-12-31,0.00977036529964528,0.01510174051658718,global-q 97.5%,0.6469694859949342
260620,Goiana,785,80345,2021-12-31,0.00977036529964528,0.05,fixed q=0.05,0.1954073059929056
260620,Goiana,785,80345,2021-12-31,0.00977036529964528,0.1,fixed q=0.10,0.0977036529964528
260620,Goiana,785,80345,2021-12-31,0.00977036529964528,0.15,fixed q=0.15,0.06513576866430187
260620,Goiana,785,80345,2021-12-31,0.00977036529964528,0.2,fixed q=0.20,0.0488518264982264
260620,Goiana,785,80345,2021-12-31,0.00977036529964528,0.25,fixed q=0.25,0.03908146119858112
260620,Goiana,785,80345,2021-12-31,0.00977036529964528,0.3,fixed q=0.30,0.03256788433215094
260620,Goiana,791,81055,2022-12-31,0.009758805749182654,0.007454145308640366,global-q 2.5%,1.3091783625241211
260620,Goiana,791,81055,2022-12-31,0.009758805749182654,0.009820323685458794,global-q median,0.9937356508556605
260620,Goiana,791,81055,2022-12-31,0.009758805749182654,0.01510174051658718,global-q 97.5%,0.6462040410814867
260620,Goiana,791,81055,2022-12-31,0.009758805749182654,0.05,fixed q=0.05,0.19517611498365306
260620,Goiana,791,81055,2022-12-31,0.009758805749182654,0.1,fixed q=0.10,0.09758805749182653
260620,Goiana,791,81055,2022-12-31,0.009758805749182654,0.15,fixed q=0.15,0.06505870499455103
260620,Goiana,791,81055,2022-12-31,0.009758805749182654,0.2,fixed q=0.20,0.048794028745913265
260620,Goiana,791,81055,2022-12-31,0.009758805749182654,0.25,fixed q=0.25,0.039035222996730616
260620,Goiana,791,81055,2022-12-31,0.009758805749182654,0.3,fixed q=0.30,0.03252935249727552
260620,Goiana,811,85497,2025-12-21,0.009485712948992362,0.007454145308640366,global-q 2.5%,1.2725419959277067
260620,Goiana,811,85497,2025-12-21,0.009485712948992362,0.009820323685458794,global-q median,0.9659267100368699
260620,Goiana,811,85497,2025-12-21,0.009485712948992362,0.01510174051658718,global-q 97.5%,0.6281205095911703
260620,Goiana,811,85497,2025-12-21,0.009485712948992362,0.05,fixed q=0.05,0.18971425897984723
260620,Goiana,811,85497,2025-12-21,0.009485712948992362,0.1,fixed q=0.10,0.09485712948992361
260620,Goiana,811,85497,2025-12-21,0.009485712948992362,0.15,fixed q=0.15,0.06323808632661575
260620,Goiana,811,85497,2025-12-21,0.009485712948992362,0.2,fixed q=0.20,0.04742856474496181
260620,Goiana,811,85497,2025-12-21,0.009485712948992362,0.25,fixed q=0.25,0.03794285179596945
260620,Goiana,811,85497,2025-12-21,0.009485712948992362,0.3,fixed q=0.30,0.031619043163307874
260630,Granito,11,7363,2016-12-31,0.0014939562678256146,0.007454145308640366,global-q 2.5%,0.2004195257763377
260630,Granito,11,7363,2016-12-31,0.0014939562678256146,0.009820323685458794,global-q median,0.15212902503791745
260630,Granito,11,7363,2016-12-31,0.0014939562678256146,0.01510174051658718,global-q 97.5%,0.09892609836493414
260630,Granito,11,7363,2016-12-31,0.0014939562678256146,0.05,fixed q=0.05,0.02987912535651229
260630,Granito,11,7363,2016-12-31,0.0014939562678256146,0.1,fixed q=0.10,0.014939562678256146
260630,Granito,11,7363,2016-12-31,0.0014939562678256146,0.15,fixed q=0.15,0.009959708452170764
260630,Granito,11,7363,2016-12-31,0.0014939562678256146,0.2,fixed q=0.20,0.007469781339128073
260630,Granito,11,7363,2016-12-31,0.0014939562678256146,0.25,fixed q=0.25,0.0059758250713024584
260630,Granito,11,7363,2016-12-31,0.0014939562678256146,0.3,fixed q=0.30,0.004979854226085382
260630,Granito,11,7435,2018-12-31,0.0014794889038332213,0.007454145308640366,global-q 2.5%,0.19847867764508062
260630,Granito,11,7435,2018-12-31,0.0014794889038332213,0.009820323685458794,global-q median,0.15065581860849847
260630,Granito,11,7435,2018-12-31,0.0014794889038332213,0.01510174051658718,global-q 97.5%,0.09796810521331675
260630,Granito,11,7435,2018-12-31,0.0014794889038332213,0.05,fixed q=0.05,0.029589778076664425
260630,Granito,11,7435,2018-12-31,0.0014794889038332213,0.1,fixed q=0.10,0.014794889038332213
260630,Granito,11,7435,2018-12-31,0.0014794889038332213,0.15,fixed q=0.15,0.009863259358888142
260630,Granito,11,7435,2018-12-31,0.0014794889038332213,0.2,fixed q=0.20,0.007397444519166106
260630,Granito,11,7435,2018-12-31,0.0014794889038332213,0.25,fixed q=0.25,0.005917955615332885
260630,Granito,11,7435,2018-12-31,0.0014794889038332213,0.3,fixed q=0.30,0.004931629679444071
260630,Granito,11,7586,2021-12-31,0.0014500395465330872,0.007454145308640366,global-q 2.5%,0.19452794203680127
260630,Granito,11,7586,2021-12-31,0.0014500395465330872,0.009820323685458794,global-q median,0.14765700123308542
260630,Granito,11,7586,2021-12-31,0.0014500395465330872,0.01510174051658718,global-q 97.5%,0.09601804142644477
260630,Granito,11,7586,2021-12-31,0.0014500395465330872,0.05,fixed q=0.05,0.029000790930661744
260630,Granito,11,7586,2021-12-31,0.0014500395465330872,0.1,fixed q=0.10,0.014500395465330872
260630,Granito,11,7586,2021-12-31,0.0014500395465330872,0.15,fixed q=0.15,0.009666930310220583
260630,Granito,11,7586,2021-12-31,0.0014500395465330872,0.2,fixed q=0.20,0.007250197732665436
260630,Granito,11,7586,2021-12-31,0.0014500395465330872,0.25,fixed q=0.25,0.005800158186132349
260630,Granito,11,7586,2021-12-31,0.0014500395465330872,0.3,fixed q=0.30,0.004833465155110291
260630,Granito,94,6967,2022-12-31,0.013492177407779532,0.007454145308640366,global-q 2.5%,1.8100233962625154
260630,Granito,94,6967,2022-12-31,0.013492177407779532,0.009820323685458794,global-q median,1.373903533114468
260630,Granito,94,6967,2022-12-31,0.013492177407779532,0.01510174051658718,global-q 97.5%,0.8934187018350789
260630,Granito,94,6967,2022-12-31,0.013492177407779532,0.05,fixed q=0.05,0.26984354815559064
260630,Granito,94,6967,2022-12-31,0.013492177407779532,0.1,fixed q=0.10,0.13492177407779532
260630,Granito,94,6967,2022-12-31,0.013492177407779532,0.15,fixed q=0.15,0.08994784938519688
260630,Granito,94,6967,2022-12-31,0.013492177407779532,0.2,fixed q=0.20,0.06746088703889766
260630,Granito,94,6967,2022-12-31,0.013492177407779532,0.25,fixed q=0.25,0.05396870963111813
260630,Granito,94,6967,2022-12-31,0.013492177407779532,0.3,fixed q=0.30,0.04497392469259844
260630,Granito,101,7217,2025-12-21,0.013994734654288486,0.007454145308640366,global-q 2.5%,1.8774432312268838
260630,Granito,101,7217,2025-12-21,0.013994734654288486,0.009820323685458794,global-q median,1.4250787552971242
260630,Granito,101,7217,2025-12-21,0.013994734654288486,0.01510174051658718,global-q 97.5%,0.9266968028564124
260630,Granito,101,7217,2025-12-21,0.013994734654288486,0.05,fixed q=0.05,0.2798946930857697
260630,Granito,101,7217,2025-12-21,0.013994734654288486,0.1,fixed q=0.10,0.13994734654288485
260630,Granito,101,7217,2025-12-21,0.013994734654288486,0.15,fixed q=0.15,0.09329823102858992
260630,Granito,101,7217,2025-12-21,0.013994734654288486,0.2,fixed q=0.20,0.06997367327144242
260630,Granito,101,7217,2025-12-21,0.013994734654288486,0.25,fixed q=0.25,0.055978938617153945
260630,Granito,101,7217,2025-12-21,0.013994734654288486,0.3,fixed q=0.30,0.04664911551429496
260640,Gravatá,637,82579,2016-12-31,0.007713825548868357,0.007454145308640366,global-q 2.5%,1.0348370241625133
260640,Gravatá,637,82579,2016-12-31,0.007713825548868357,0.009820323685458794,global-q median,0.7854960585759934
260640,Gravatá,637,82579,2016-12-31,0.007713825548868357,0.01510174051658718,global-q 97.5%,0.5107904973202118
260640,Gravatá,637,82579,2016-12-31,0.007713825548868357,0.05,fixed q=0.05,0.15427651097736714
260640,Gravatá,637,82579,2016-12-31,0.007713825548868357,0.1,fixed q=0.10,0.07713825548868357
260640,Gravatá,637,82579,2016-12-31,0.007713825548868357,0.15,fixed q=0.15,0.05142550365912238
260640,Gravatá,637,82579,2016-12-31,0.007713825548868357,0.2,fixed q=0.20,0.038569127744341784
260640,Gravatá,637,82579,2016-12-31,0.007713825548868357,0.25,fixed q=0.25,0.030855302195473427
260640,Gravatá,637,82579,2016-12-31,0.007713825548868357,0.3,fixed q=0.30,0.02571275182956119
260640,Gravatá,640,83437,2018-12-31,0.007670457950309815,0.007454145308640366,global-q 2.5%,1.029019107183048
260640,Gravatá,640,83437,2018-12-31,0.007670457950309815,0.009820323685458794,global-q median,0.781079951740049
260640,Gravatá,640,83437,2018-12-31,0.007670457950309815,0.01510174051658718,global-q 97.5%,0.5079188019344442
260640,Gravatá,640,83437,2018-12-31,0.007670457950309815,0.05,fixed q=0.05,0.15340915900619628
260640,Gravatá,640,83437,2018-12-31,0.007670457950309815,0.1,fixed q=0.10,0.07670457950309814
260640,Gravatá,640,83437,2018-12-31,0.007670457950309815,0.15,fixed q=0.15,0.05113638633539876
260640,Gravatá,640,83437,2018-12-31,0.007670457950309815,0.2,fixed q=0.20,0.03835228975154907
260640,Gravatá,640,83437,2018-12-31,0.007670457950309815,0.25,fixed q=0.25,0.03068183180123926
260640,Gravatá,640,83437,2018-12-31,0.007670457950309815,0.3,fixed q=0.30,0.02556819316769938
260640,Gravatá,950,85309,2021-12-31,0.011135987996577149,0.007454145308640366,global-q 2.5%,1.4939322397792578
260640,Gravatá,950,85309,2021-12-31,0.011135987996577149,0.009820323685458794,global-q median,1.1339736197358232
260640,Gravatá,950,85309,2021-12-31,0.011135987996577149,0.01510174051658718,global-q 97.5%,0.7373976519028255
260640,Gravatá,950,85309,2021-12-31,0.011135987996577149,0.05,fixed q=0.05,0.22271975993154297
260640,Gravatá,950,85309,2021-12-31,0.011135987996577149,0.1,fixed q=0.10,0.11135987996577149
260640,Gravatá,950,85309,2021-12-31,0.011135987996577149,0.15,fixed q=0.15,0.07423991997718099
260640,Gravatá,950,85309,2021-12-31,0.011135987996577149,0.2,fixed q=0.20,0.05567993998288574
260640,Gravatá,950,85309,2021-12-31,0.011135987996577149,0.25,fixed q=0.25,0.044543951986308596
260640,Gravatá,950,85309,2021-12-31,0.011135987996577149,0.3,fixed q=0.30,0.037119959988590495
260640,Gravatá,1214,86516,2022-12-31,0.014032086550464654,0.007454145308640366,global-q 2.5%,1.8824541204206955
260640,Gravatá,1214,86516,2022-12-31,0.014032086550464654,0.009820323685458794,global-q median,1.4288822853407903
260640,Gravatá,1214,86516,2022-12-31,0.014032086550464654,0.01510174051658718,global-q 97.5%,0.929170153271561
260640,Gravatá,1214,86516,2022-12-31,0.014032086550464654,0.05,fixed q=0.05,0.28064173100929307
260640,Gravatá,1214,86516,2022-12-31,0.014032086550464654,0.1,fixed q=0.10,0.14032086550464654
260640,Gravatá,1214,86516,2022-12-31,0.014032086550464654,0.15,fixed q=0.15,0.09354724366976436
260640,Gravatá,1214,86516,2022-12-31,0.014032086550464654,0.2,fixed q=0.20,0.07016043275232327
260640,Gravatá,1214,86516,2022-12-31,0.014032086550464654,0.25,fixed q=0.25,0.056128346201858616
260640,Gravatá,1214,86516,2022-12-31,0.014032086550464654,0.3,fixed q=0.30,0.04677362183488218
260640,Gravatá,1235,92429,2025-12-21,0.013361607287756008,0.007454145308640366,global-q 2.5%,1.7925069521073183
260640,Gravatá,1235,92429,2025-12-21,0.013361607287756008,0.009820323685458794,global-q median,1.360607625137742
260640,Gravatá,1235,92429,2025-12-21,0.013361607287756008,0.01510174051658718,global-q 97.5%,0.8847726706123791
260640,Gravatá,1235,92429,2025-12-21,0.013361607287756008,0.05,fixed q=0.05,0.2672321457551201
260640,Gravatá,1235,92429,2025-12-21,0.013361607287756008,0.1,fixed q=0.10,0.13361607287756005
260640,Gravatá,1235,92429,2025-12-21,0.013361607287756008,0.15,fixed q=0.15,0.08907738191837339
260640,Gravatá,1235,92429,2025-12-21,0.013361607287756008,0.2,fixed q=0.20,0.06680803643878003
260640,Gravatá,1235,92429,2025-12-21,0.013361607287756008,0.25,fixed q=0.25,0.05344642915102403
260640,Gravatá,1235,92429,2025-12-21,0.013361607287756008,0.3,fixed q=0.30,0.044538690959186694
260650,Iati,3,19056,2016-12-31,1.5743073047858942e-4,0.007454145308640366,global-q 2.5%,0.021119890203388687
260650,Iati,3,19056,2016-12-31,1.5743073047858942e-4,0.009820323685458794,global-q median,0.016031114199596207
260650,Iati,3,19056,2016-12-31,1.5743073047858942e-4,0.01510174051658718,global-q 97.5%,0.01042467458010376
260650,Iati,3,19056,2016-12-31,1.5743073047858942e-4,0.05,fixed q=0.05,0.003148614609571788
260650,Iati,3,19056,2016-12-31,1.5743073047858942e-4,0.1,fixed q=0.10,0.001574307304785894
260650,Iati,3,19056,2016-12-31,1.5743073047858942e-4,0.15,fixed q=0.15,0.0010495382031905961
260650,Iati,3,19056,2016-12-31,1.5743073047858942e-4,0.2,fixed q=0.20,7.87153652392947e-4
260650,Iati,3,19056,2016-12-31,1.5743073047858942e-4,0.25,fixed q=0.25,6.297229219143577e-4
260650,Iati,3,19056,2016-12-31,1.5743073047858942e-4,0.3,fixed q=0.30,5.247691015952981e-4
260650,Iati,4,19152,2018-12-31,2.0885547201336674e-4,0.007454145308640366,global-q 2.5%,0.028018701456124673
260650,Iati,4,19152,2018-12-31,2.0885547201336674e-4,0.009820323685458794,global-q median,0.02126767698325712
260650,Iati,4,19152,2018-12-31,2.0885547201336674e-4,0.01510174051658718,global-q 97.5%,0.013829894096244588
260650,Iati,4,19152,2018-12-31,2.0885547201336674e-4,0.05,fixed q=0.05,0.004177109440267335
260650,Iati,4,19152,2018-12-31,2.0885547201336674e-4,0.1,fixed q=0.10,0.0020885547201336674
260650,Iati,4,19152,2018-12-31,2.0885547201336674e-4,0.15,fixed q=0.15,0.001392369813422445
260650,Iati,4,19152,2018-12-31,2.0885547201336674e-4,0.2,fixed q=0.20,0.0010442773600668337
260650,Iati,4,19152,2018-12-31,2.0885547201336674e-4,0.25,fixed q=0.25,8.35421888053467e-4
260650,Iati,4,19152,2018-12-31,2.0885547201336674e-4,0.3,fixed q=0.30,6.961849067112225e-4
260650,Iati,7,17165,2022-12-31,4.078065831634139e-4,0.007454145308640366,global-q 2.5%,0.0547086978155243
260650,Iati,7,17165,2022-12-31,4.078065831634139e-4,0.009820323685458794,global-q median,0.04152679649116491
260650,Iati,7,17165,2022-12-31,4.078065831634139e-4,0.01510174051658718,global-q 97.5%,0.02700394585084379
260650,Iati,7,17165,2022-12-31,4.078065831634139e-4,0.05,fixed q=0.05,0.008156131663268278
260650,Iati,7,17165,2022-12-31,4.078065831634139e-4,0.1,fixed q=0.10,0.004078065831634139
260650,Iati,7,17165,2022-12-31,4.078065831634139e-4,0.15,fixed q=0.15,0.0027187105544227595
260650,Iati,7,17165,2022-12-31,4.078065831634139e-4,0.2,fixed q=0.20,0.0020390329158170694
260650,Iati,7,17165,2022-12-31,4.078065831634139e-4,0.25,fixed q=0.25,0.0016312263326536556
260650,Iati,7,17165,2022-12-31,4.078065831634139e-4,0.3,fixed q=0.30,0.0013593552772113797
260650,Iati,7,19284,2021-12-31,3.62995229205559e-4,0.007454145308640366,global-q 2.5%,0.048697095934633616
260650,Iati,7,19284,2021-12-31,3.62995229205559e-4,0.009820323685458794,global-q median,0.03696367256642012
260650,Iati,7,19284,2021-12-31,3.62995229205559e-4,0.01510174051658718,global-q 97.5%,0.02403664854437532
260650,Iati,7,19284,2021-12-31,3.62995229205559e-4,0.05,fixed q=0.05,0.00725990458411118
260650,Iati,7,19284,2021-12-31,3.62995229205559e-4,0.1,fixed q=0.10,0.00362995229205559
260650,Iati,7,19284,2021-12-31,3.62995229205559e-4,0.15,fixed q=0.15,0.002419968194703727
260650,Iati,7,19284,2021-12-31,3.62995229205559e-4,0.2,fixed q=0.20,0.001814976146027795
260650,Iati,7,19284,2021-12-31,3.62995229205559e-4,0.25,fixed q=0.25,0.001451980916822236
260650,Iati,7,19284,2021-12-31,3.62995229205559e-4,0.3,fixed q=0.30,0.0012099840973518634
260650,Iati,8,17570,2025-12-21,4.553215708594195e-4,0.007454145308640366,global-q 2.5%,0.061083001740204874
260650,Iati,8,17570,2025-12-21,4.553215708594195e-4,0.009820323685458794,global-q median,0.046365230459116724
260650,Iati,8,17570,2025-12-21,4.553215708594195e-4,0.01510174051658718,global-q 97.5%,0.03015027111340653
260650,Iati,8,17570,2025-12-21,4.553215708594195e-4,0.05,fixed q=0.05,0.00910643141718839
260650,Iati,8,17570,2025-12-21,4.553215708594195e-4,0.1,fixed q=0.10,0.004553215708594195
260650,Iati,8,17570,2025-12-21,4.553215708594195e-4,0.15,fixed q=0.15,0.003035477139062797
260650,Iati,8,17570,2025-12-21,4.553215708594195e-4,0.2,fixed q=0.20,0.0022766078542970974
260650,Iati,8,17570,2025-12-21,4.553215708594195e-4,0.25,fixed q=0.25,0.001821286283437678
260650,Iati,8,17570,2025-12-21,4.553215708594195e-4,0.3,fixed q=0.30,0.0015177385695313984
260660,Ibimirim,16,28798,2016-12-31,5.55594138481839e-4,0.007454145308640366,global-q 2.5%,0.07453492190953535
260660,Ibimirim,16,28798,2016-12-31,5.55594138481839e-4,0.009820323685458794,global-q median,0.05657594966085706
260660,Ibimirim,16,28798,2016-12-31,5.55594138481839e-4,0.01510174051658718,global-q 97.5%,0.036790073162202425
260660,Ibimirim,16,28798,2016-12-31,5.55594138481839e-4,0.05,fixed q=0.05,0.01111188276963678
260660,Ibimirim,16,28798,2016-12-31,5.55594138481839e-4,0.1,fixed q=0.10,0.00555594138481839
260660,Ibimirim,16,28798,2016-12-31,5.55594138481839e-4,0.15,fixed q=0.15,0.00370396092321226
260660,Ibimirim,16,28798,2016-12-31,5.55594138481839e-4,0.2,fixed q=0.20,0.002777970692409195
260660,Ibimirim,16,28798,2016-12-31,5.55594138481839e-4,0.25,fixed q=0.25,0.002222376553927356
260660,Ibimirim,16,28798,2016-12-31,5.55594138481839e-4,0.3,fixed q=0.30,0.00185198046160613
260660,Ibimirim,20,29055,2018-12-31,6.883496816382723e-4,0.007454145308640366,global-q 2.5%,0.09234454832003094
260660,Ibimirim,20,29055,2018-12-31,6.883496816382723e-4,0.009820323685458794,global-q median,0.07009439848276379
260660,Ibimirim,20,29055,2018-12-31,6.883496816382723e-4,0.01510174051658718,global-q 97.5%,0.04558081771317783
260660,Ibimirim,20,29055,2018-12-31,6.883496816382723e-4,0.05,fixed q=0.05,0.013766993632765446
260660,Ibimirim,20,29055,2018-12-31,6.883496816382723e-4,0.1,fixed q=0.10,0.006883496816382723
260660,Ibimirim,20,29055,2018-12-31,6.883496816382723e-4,0.15,fixed q=0.15,0.004588997877588482
260660,Ibimirim,20,29055,2018-12-31,6.883496816382723e-4,0.2,fixed q=0.20,0.0034417484081913615
260660,Ibimirim,20,29055,2018-12-31,6.883496816382723e-4,0.25,fixed q=0.25,0.002753398726553089
260660,Ibimirim,20,29055,2018-12-31,6.883496816382723e-4,0.3,fixed q=0.30,0.002294498938794241
260660,Ibimirim,38,29585,2021-12-31,0.0012844346797363528,0.007454145308640366,global-q 2.5%,0.17231146248886758
260660,Ibimirim,38,29585,2021-12-31,0.0012844346797363528,0.009820323685458794,global-q median,0.13079351769618838
260660,Ibimirim,38,29585,2021-12-31,0.0012844346797363528,0.01510174051658718,global-q 97.5%,0.08505209570549689
260660,Ibimirim,38,29585,2021-12-31,0.0012844346797363528,0.05,fixed q=0.05,0.025688693594727054
260660,Ibimirim,38,29585,2021-12-31,0.0012844346797363528,0.1,fixed q=0.10,0.012844346797363527
260660,Ibimirim,38,29585,2021-12-31,0.0012844346797363528,0.15,fixed q=0.15,0.00856289786490902
260660,Ibimirim,38,29585,2021-12-31,0.0012844346797363528,0.2,fixed q=0.20,0.006422173398681764
260660,Ibimirim,38,29585,2021-12-31,0.0012844346797363528,0.25,fixed q=0.25,0.005137738718945411
260660,Ibimirim,38,29585,2021-12-31,0.0012844346797363528,0.3,fixed q=0.30,0.00428144893245451
260660,Ibimirim,40,26593,2022-12-31,0.0015041552288196142,0.007454145308640366,global-q 2.5%,0.20178775252423561
260660,Ibimirim,40,26593,2022-12-31,0.0015041552288196142,0.009820323685458794,global-q median,0.15316758153775067
260660,Ibimirim,40,26593,2022-12-31,0.0015041552288196142,0.01510174051658718,global-q 97.5%,0.09960144840043483
260660,Ibimirim,40,26593,2022-12-31,0.0015041552288196142,0.05,fixed q=0.05,0.03008310457639228
260660,Ibimirim,40,26593,2022-12-31,0.0015041552288196142,0.1,fixed q=0.10,0.01504155228819614
260660,Ibimirim,40,26593,2022-12-31,0.0015041552288196142,0.15,fixed q=0.15,0.010027701525464094
260660,Ibimirim,40,26593,2022-12-31,0.0015041552288196142,0.2,fixed q=0.20,0.00752077614409807
260660,Ibimirim,40,26593,2022-12-31,0.0015041552288196142,0.25,fixed q=0.25,0.006016620915278457
260660,Ibimirim,40,26593,2022-12-31,0.0015041552288196142,0.3,fixed q=0.30,0.005013850762732047
260660,Ibimirim,40,28825,2025-12-21,0.0013876843018213356,0.007454145308640366,global-q 2.5%,0.1861627650607805
260660,Ibimirim,40,28825,2025-12-21,0.0013876843018213356,0.009820323685458794,global-q median,0.1413073892743592
260660,Ibimirim,40,28825,2025-12-21,0.0013876843018213356,0.01510174051658718,global-q 97.5%,0.09188903095621036
260660,Ibimirim,40,28825,2025-12-21,0.0013876843018213356,0.05,fixed q=0.05,0.027753686036426712
260660,Ibimirim,40,28825,2025-12-21,0.0013876843018213356,0.1,fixed q=0.10,0.013876843018213356
260660,Ibimirim,40,28825,2025-12-21,0.0013876843018213356,0.15,fixed q=0.15,0.009251228678808905
260660,Ibimirim,40,28825,2025-12-21,0.0013876843018213356,0.2,fixed q=0.20,0.006938421509106678
260660,Ibimirim,40,28825,2025-12-21,0.0013876843018213356,0.25,fixed q=0.25,0.005550737207285343
260660,Ibimirim,40,28825,2025-12-21,0.0013876843018213356,0.3,fixed q=0.30,0.004625614339404453
260670,Ibirajuba,1,7140,2022-12-31,1.4005602240896358e-4,0.007454145308640366,global-q 2.5%,0.018789011564695368
260670,Ibirajuba,1,7140,2022-12-31,1.4005602240896358e-4,0.009820323685458794,global-q median,0.014261853977007716
260670,Ibirajuba,1,7140,2022-12-31,1.4005602240896358e-4,0.01510174051658718,global-q 97.5%,0.009274164276305194
260670,Ibirajuba,1,7140,2022-12-31,1.4005602240896358e-4,0.05,fixed q=0.05,0.0028011204481792713
260670,Ibirajuba,1,7140,2022-12-31,1.4005602240896358e-4,0.1,fixed q=0.10,0.0014005602240896356
260670,Ibirajuba,1,7140,2022-12-31,1.4005602240896358e-4,0.15,fixed q=0.15,9.337068160597572e-4
260670,Ibirajuba,1,7140,2022-12-31,1.4005602240896358e-4,0.2,fixed q=0.20,7.002801120448178e-4
260670,Ibirajuba,1,7140,2022-12-31,1.4005602240896358e-4,0.25,fixed q=0.25,5.602240896358543e-4
260670,Ibirajuba,1,7140,2022-12-31,1.4005602240896358e-4,0.3,fixed q=0.30,4.668534080298786e-4
260670,Ibirajuba,1,7334,2025-12-21,1.3635124079629124e-4,0.007454145308640366,global-q 2.5%,0.018292001986900047
260670,Ibirajuba,1,7334,2025-12-21,1.3635124079629124e-4,0.009820323685458794,global-q median,0.013884597408758534
260670,Ibirajuba,1,7334,2025-12-21,1.3635124079629124e-4,0.01510174051658718,global-q 97.5%,0.009028842777859161
260670,Ibirajuba,1,7334,2025-12-21,1.3635124079629124e-4,0.05,fixed q=0.05,0.0027270248159258245
260670,Ibirajuba,1,7334,2025-12-21,1.3635124079629124e-4,0.1,fixed q=0.10,0.0013635124079629123
260670,Ibirajuba,1,7334,2025-12-21,1.3635124079629124e-4,0.15,fixed q=0.15,9.09008271975275e-4
260670,Ibirajuba,1,7334,2025-12-21,1.3635124079629124e-4,0.2,fixed q=0.20,6.817562039814561e-4
260670,Ibirajuba,1,7334,2025-12-21,1.3635124079629124e-4,0.25,fixed q=0.25,5.45404963185165e-4
260670,Ibirajuba,1,7334,2025-12-21,1.3635124079629124e-4,0.3,fixed q=0.30,4.545041359876375e-4
260670,Ibirajuba,1,7730,2016-12-31,1.29366106080207e-4,0.007454145308640366,global-q 2.5%,0.01735492141939521
260670,Ibirajuba,1,7730,2016-12-31,1.29366106080207e-4,0.009820323685458794,global-q median,0.013173303673458616
260670,Ibirajuba,1,7730,2016-12-31,1.29366106080207e-4,0.01510174051658718,global-q 97.5%,0.008566304389756675
260670,Ibirajuba,1,7730,2016-12-31,1.29366106080207e-4,0.05,fixed q=0.05,0.0025873221216041395
260670,Ibirajuba,1,7730,2016-12-31,1.29366106080207e-4,0.1,fixed q=0.10,0.0012936610608020697
260670,Ibirajuba,1,7730,2016-12-31,1.29366106080207e-4,0.15,fixed q=0.15,8.624407072013799e-4
260670,Ibirajuba,1,7730,2016-12-31,1.29366106080207e-4,0.2,fixed q=0.20,6.468305304010349e-4
260670,Ibirajuba,1,7730,2016-12-31,1.29366106080207e-4,0.25,fixed q=0.25,5.17464424320828e-4
260670,Ibirajuba,1,7730,2016-12-31,1.29366106080207e-4,0.3,fixed q=0.30,4.3122035360068997e-4
260670,Ibirajuba,1,7756,2018-12-31,1.2893243940175349e-4,0.007454145308640366,global-q 2.5%,0.01729674349818527
260670,Ibirajuba,1,7756,2018-12-31,1.2893243940175349e-4,0.009820323685458794,global-q median,0.01312914355284104
260670,Ibirajuba,1,7756,2018-12-31,1.2893243940175349e-4,0.01510174051658718,global-q 97.5%,0.008537588052194314
260670,Ibirajuba,1,7756,2018-12-31,1.2893243940175349e-4,0.05,fixed q=0.05,0.0025786487880350697
260670,Ibirajuba,1,7756,2018-12-31,1.2893243940175349e-4,0.1,fixed q=0.10,0.0012893243940175349
260670,Ibirajuba,1,7756,2018-12-31,1.2893243940175349e-4,0.15,fixed q=0.15,8.595495960116899e-4
260670,Ibirajuba,1,7756,2018-12-31,1.2893243940175349e-4,0.2,fixed q=0.20,6.446621970087674e-4
260670,Ibirajuba,1,7756,2018-12-31,1.2893243940175349e-4,0.25,fixed q=0.25,5.157297576070139e-4
260670,Ibirajuba,1,7756,2018-12-31,1.2893243940175349e-4,0.3,fixed q=0.30,4.2977479800584495e-4
260670,Ibirajuba,1,7773,2021-12-31,1.2865045670912132e-4,0.007454145308640366,global-q 2.5%,0.017258914521024696
260670,Ibirajuba,1,7773,2021-12-31,1.2865045670912132e-4,0.009820323685458794,global-q median,0.013100429357498404
260670,Ibirajuba,1,7773,2021-12-31,1.2865045670912132e-4,0.01510174051658718,global-q 97.5%,0.008518915853958458
260670,Ibirajuba,1,7773,2021-12-31,1.2865045670912132e-4,0.05,fixed q=0.05,0.0025730091341824263
260670,Ibirajuba,1,7773,2021-12-31,1.2865045670912132e-4,0.1,fixed q=0.10,0.0012865045670912131
260670,Ibirajuba,1,7773,2021-12-31,1.2865045670912132e-4,0.15,fixed q=0.15,8.576697113941422e-4
260670,Ibirajuba,1,7773,2021-12-31,1.2865045670912132e-4,0.2,fixed q=0.20,6.432522835456066e-4
260670,Ibirajuba,1,7773,2021-12-31,1.2865045670912132e-4,0.25,fixed q=0.25,5.146018268364853e-4
260670,Ibirajuba,1,7773,2021-12-31,1.2865045670912132e-4,0.3,fixed q=0.30,4.288348556970711e-4
260680,Igarassu,87,113956,2016-12-31,7.63452560637439e-4,0.007454145308640366,global-q 2.5%,0.10241986559511979
260680,Igarassu,87,113956,2016-12-31,7.63452560637439e-4,0.009820323685458794,global-q median,0.07774209741863222
260680,Igarassu,87,113956,2016-12-31,7.63452560637439e-4,0.01510174051658718,global-q 97.5%,0.050553945076654686
260680,Igarassu,87,113956,2016-12-31,7.63452560637439e-4,0.05,fixed q=0.05,0.01526905121274878
260680,Igarassu,87,113956,2016-12-31,7.63452560637439e-4,0.1,fixed q=0.10,0.00763452560637439
260680,Igarassu,87,113956,2016-12-31,7.63452560637439e-4,0.15,fixed q=0.15,0.005089683737582927
260680,Igarassu,87,113956,2016-12-31,7.63452560637439e-4,0.2,fixed q=0.20,0.003817262803187195
260680,Igarassu,87,113956,2016-12-31,7.63452560637439e-4,0.25,fixed q=0.25,0.003053810242549756
260680,Igarassu,87,113956,2016-12-31,7.63452560637439e-4,0.3,fixed q=0.30,0.0025448418687914636
260680,Igarassu,99,115640,2018-12-31,8.561051539259771e-4,0.007454145308640366,global-q 2.5%,0.11484953921325293
260680,Igarassu,99,115640,2018-12-31,8.561051539259771e-4,0.009820323685458794,global-q median,0.08717687739698785
260680,Igarassu,99,115640,2018-12-31,8.561051539259771e-4,0.01510174051658718,global-q 97.5%,0.056689171224049546
260680,Igarassu,99,115640,2018-12-31,8.561051539259771e-4,0.05,fixed q=0.05,0.01712210307851954
260680,Igarassu,99,115640,2018-12-31,8.561051539259771e-4,0.1,fixed q=0.10,0.00856105153925977
260680,Igarassu,99,115640,2018-12-31,8.561051539259771e-4,0.15,fixed q=0.15,0.005707367692839848
260680,Igarassu,99,115640,2018-12-31,8.561051539259771e-4,0.2,fixed q=0.20,0.004280525769629885
260680,Igarassu,99,115640,2018-12-31,8.561051539259771e-4,0.25,fixed q=0.25,0.0034244206157039085
260680,Igarassu,99,115640,2018-12-31,8.561051539259771e-4,0.3,fixed q=0.30,0.002853683846419924
260680,Igarassu,224,119690,2021-12-31,0.0018715013785612833,0.007454145308640366,global-q 2.5%,0.2510685398622373
260680,Igarassu,224,119690,2021-12-31,0.0018715013785612833,0.009820323685458794,global-q median,0.190574306764701
260680,Igarassu,224,119690,2021-12-31,0.0018715013785612833,0.01510174051658718,global-q 97.5%,0.12392620416869811
260680,Igarassu,224,119690,2021-12-31,0.0018715013785612833,0.05,fixed q=0.05,0.03743002757122566
260680,Igarassu,224,119690,2021-12-31,0.0018715013785612833,0.1,fixed q=0.10,0.01871501378561283
260680,Igarassu,224,119690,2021-12-31,0.0018715013785612833,0.15,fixed q=0.15,0.012476675857075223
260680,Igarassu,224,119690,2021-12-31,0.0018715013785612833,0.2,fixed q=0.20,0.009357506892806415
260680,Igarassu,224,119690,2021-12-31,0.0018715013785612833,0.25,fixed q=0.25,0.007486005514245133
260680,Igarassu,224,119690,2021-12-31,0.0018715013785612833,0.3,fixed q=0.30,0.0062383379285376114
260680,Igarassu,227,115196,2022-12-31,0.0019705545331435118,0.007454145308640366,global-q 2.5%,0.2643568714523678
260680,Igarassu,227,115196,2022-12-31,0.0019705545331435118,0.009820323685458794,global-q median,0.20066085357872293
260680,Igarassu,227,115196,2022-12-31,0.0019705545331435118,0.01510174051658718,global-q 97.5%,0.13048525969434643
260680,Igarassu,227,115196,2022-12-31,0.0019705545331435118,0.05,fixed q=0.05,0.039411090662870234
260680,Igarassu,227,115196,2022-12-31,0.0019705545331435118,0.1,fixed q=0.10,0.019705545331435117
260680,Igarassu,227,115196,2022-12-31,0.0019705545331435118,0.15,fixed q=0.15,0.013137030220956745
260680,Igarassu,227,115196,2022-12-31,0.0019705545331435118,0.2,fixed q=0.20,0.009852772665717558
260680,Igarassu,227,115196,2022-12-31,0.0019705545331435118,0.25,fixed q=0.25,0.007882218132574047
260680,Igarassu,227,115196,2022-12-31,0.0019705545331435118,0.3,fixed q=0.30,0.006568515110478373
260680,Igarassu,239,123017,2025-12-21,0.0019428209109310095,0.007454145308640366,global-q 2.5%,0.2606363077842092
260680,Igarassu,239,123017,2025-12-21,0.0019428209109310095,0.009820323685458794,global-q median,0.19783674888515074
260680,Igarassu,239,123017,2025-12-21,0.0019428209109310095,0.01510174051658718,global-q 97.5%,0.1286488076521437
260680,Igarassu,239,123017,2025-12-21,0.0019428209109310095,0.05,fixed q=0.05,0.03885641821862019
260680,Igarassu,239,123017,2025-12-21,0.0019428209109310095,0.1,fixed q=0.10,0.019428209109310094
260680,Igarassu,239,123017,2025-12-21,0.0019428209109310095,0.15,fixed q=0.15,0.012952139406206731
260680,Igarassu,239,123017,2025-12-21,0.0019428209109310095,0.2,fixed q=0.20,0.009714104554655047
260680,Igarassu,239,123017,2025-12-21,0.0019428209109310095,0.25,fixed q=0.25,0.007771283643724038
260680,Igarassu,239,123017,2025-12-21,0.0019428209109310095,0.3,fixed q=0.30,0.0064760697031033656
260690,Iguaracy,21,12156,2016-12-31,0.0017275419545903258,0.007454145308640366,global-q 2.5%,0.2317558731499197
260690,Iguaracy,21,12156,2016-12-31,0.0017275419545903258,0.009820323685458794,global-q median,0.1759149708220251
260690,Iguaracy,21,12156,2016-12-31,0.0017275419545903258,0.01510174051658718,global-q 97.5%,0.11439356627091156
260690,Iguaracy,21,12156,2016-12-31,0.0017275419545903258,0.05,fixed q=0.05,0.034550839091806514
260690,Iguaracy,21,12156,2016-12-31,0.0017275419545903258,0.1,fixed q=0.10,0.017275419545903257
260690,Iguaracy,21,12156,2016-12-31,0.0017275419545903258,0.15,fixed q=0.15,0.011516946363935505
260690,Iguaracy,21,12156,2016-12-31,0.0017275419545903258,0.2,fixed q=0.20,0.008637709772951628
260690,Iguaracy,21,12156,2016-12-31,0.0017275419545903258,0.25,fixed q=0.25,0.006910167818361303
260690,Iguaracy,21,12156,2016-12-31,0.0017275419545903258,0.3,fixed q=0.30,0.0057584731819677526
260690,Iguaracy,21,12209,2018-12-31,0.001720042591530838,0.007454145308640366,global-q 2.5%,0.23074980702845638
260690,Iguaracy,21,12209,2018-12-31,0.001720042591530838,0.009820323685458794,global-q median,0.17515131340097773
260690,Iguaracy,21,12209,2018-12-31,0.001720042591530838,0.01510174051658718,global-q 97.5%,0.11389697695054476
260690,Iguaracy,21,12209,2018-12-31,0.001720042591530838,0.05,fixed q=0.05,0.03440085183061676
260690,Iguaracy,21,12209,2018-12-31,0.001720042591530838,0.1,fixed q=0.10,0.01720042591530838
260690,Iguaracy,21,12209,2018-12-31,0.001720042591530838,0.15,fixed q=0.15,0.011466950610205588
260690,Iguaracy,21,12209,2018-12-31,0.001720042591530838,0.2,fixed q=0.20,0.00860021295765419
260690,Iguaracy,21,12209,2018-12-31,0.001720042591530838,0.25,fixed q=0.25,0.006880170366123352
260690,Iguaracy,21,12209,2018-12-31,0.001720042591530838,0.3,fixed q=0.30,0.005733475305102794
260690,Iguaracy,23,12265,2021-12-31,0.0018752547900529964,0.007454145308640366,global-q 2.5%,0.25157207331058085
260690,Iguaracy,23,12265,2021-12-31,0.0018752547900529964,0.009820323685458794,global-q median,0.1909565152958995
260690,Iguaracy,23,12265,2021-12-31,0.0018752547900529964,0.01510174051658718,global-q 97.5%,0.12417474581776104
260690,Iguaracy,23,12265,2021-12-31,0.0018752547900529964,0.05,fixed q=0.05,0.03750509580105992
260690,Iguaracy,23,12265,2021-12-31,0.0018752547900529964,0.1,fixed q=0.10,0.01875254790052996
260690,Iguaracy,23,12265,2021-12-31,0.0018752547900529964,0.15,fixed q=0.15,0.012501698600353309
260690,Iguaracy,23,12265,2021-12-31,0.0018752547900529964,0.2,fixed q=0.20,0.00937627395026498
260690,Iguaracy,23,12265,2021-12-31,0.0018752547900529964,0.25,fixed q=0.25,0.0075010191602119854
260690,Iguaracy,23,12265,2021-12-31,0.0018752547900529964,0.3,fixed q=0.30,0.0062508493001766545
260690,Iguaracy,37,11081,2022-12-31,0.003339048822308456,0.007454145308640366,global-q 2.5%,0.4479452283332933
260690,Iguaracy,37,11081,2022-12-31,0.003339048822308456,0.009820323685458794,global-q median,0.3400141308226603
260690,Iguaracy,37,11081,2022-12-31,0.003339048822308456,0.01510174051658718,global-q 97.5%,0.221103575355501
260690,Iguaracy,37,11081,2022-12-31,0.003339048822308456,0.05,fixed q=0.05,0.06678097644616912
260690,Iguaracy,37,11081,2022-12-31,0.003339048822308456,0.1,fixed q=0.10,0.03339048822308456
260690,Iguaracy,37,11081,2022-12-31,0.003339048822308456,0.15,fixed q=0.15,0.022260325482056375
260690,Iguaracy,37,11081,2022-12-31,0.003339048822308456,0.2,fixed q=0.20,0.01669524411154228
260690,Iguaracy,37,11081,2022-12-31,0.003339048822308456,0.25,fixed q=0.25,0.013356195289233824
260690,Iguaracy,37,11081,2022-12-31,0.003339048822308456,0.3,fixed q=0.30,0.011130162741028187
260690,Iguaracy,44,11347,2025-12-21,0.00387767691900943,0.007454145308640366,global-q 2.5%,0.5202040956345023
260690,Iguaracy,44,11347,2025-12-21,0.00387767691900943,0.009820323685458794,global-q median,0.39486243460092924
260690,Iguaracy,44,11347,2025-12-21,0.00387767691900943,0.01510174051658718,global-q 97.5%,0.2567701990873394
260690,Iguaracy,44,11347,2025-12-21,0.00387767691900943,0.05,fixed q=0.05,0.0775535383801886
260690,Iguaracy,44,11347,2025-12-21,0.00387767691900943,0.1,fixed q=0.10,0.0387767691900943
260690,Iguaracy,44,11347,2025-12-21,0.00387767691900943,0.15,fixed q=0.15,0.025851179460062865
260690,Iguaracy,44,11347,2025-12-21,0.00387767691900943,0.2,fixed q=0.20,0.01938838459504715
260690,Iguaracy,44,11347,2025-12-21,0.00387767691900943,0.25,fixed q=0.25,0.01551070767603772
260690,Iguaracy,44,11347,2025-12-21,0.00387767691900943,0.3,fixed q=0.30,0.012925589730031432
260700,Inajá,1,22374,2016-12-31,4.4694734960221686e-5,0.007454145308640366,global-q 2.5%,0.0059959570292270024
260700,Inajá,1,22374,2016-12-31,4.4694734960221686e-5,0.009820323685458794,global-q median,0.004551248654502328
260700,Inajá,1,22374,2016-12-31,4.4694734960221686e-5,0.01510174051658718,global-q 97.5%,0.0029595750841521005
260700,Inajá,1,22374,2016-12-31,4.4694734960221686e-5,0.05,fixed q=0.05,8.938946992044337e-4
260700,Inajá,1,22374,2016-12-31,4.4694734960221686e-5,0.1,fixed q=0.10,4.4694734960221686e-4
260700,Inajá,1,22374,2016-12-31,4.4694734960221686e-5,0.15,fixed q=0.15,2.9796489973481124e-4
260700,Inajá,1,22374,2016-12-31,4.4694734960221686e-5,0.2,fixed q=0.20,2.2347367480110843e-4
260700,Inajá,1,22374,2016-12-31,4.4694734960221686e-5,0.25,fixed q=0.25,1.7877893984088674e-4
260700,Inajá,1,22374,2016-12-31,4.4694734960221686e-5,0.3,fixed q=0.30,1.4898244986740562e-4
260700,Inajá,1,22840,2018-12-31,4.3782837127845886e-5,0.007454145308640366,global-q 2.5%,0.005873622704550129
260700,Inajá,1,22840,2018-12-31,4.3782837127845886e-5,0.009820323685458794,global-q median,0.004458390428889453
260700,Inajá,1,22840,2018-12-31,4.3782837127845886e-5,0.01510174051658718,global-q 97.5%,0.0028991914594053893
260700,Inajá,1,22840,2018-12-31,4.3782837127845886e-5,0.05,fixed q=0.05,8.756567425569177e-4
260700,Inajá,1,22840,2018-12-31,4.3782837127845886e-5,0.1,fixed q=0.10,4.3782837127845885e-4
260700,Inajá,1,22840,2018-12-31,4.3782837127845886e-5,0.15,fixed q=0.15,2.918855808523059e-4
260700,Inajá,1,22840,2018-12-31,4.3782837127845886e-5,0.2,fixed q=0.20,2.1891418563922942e-4
260700,Inajá,1,22840,2018-12-31,4.3782837127845886e-5,0.25,fixed q=0.25,1.7513134851138354e-4
260700,Inajá,1,22840,2018-12-31,4.3782837127845886e-5,0.3,fixed q=0.30,1.4594279042615295e-4
260700,Inajá,3,24034,2021-12-31,1.2482316717982858e-4,0.007454145308640366,global-q 2.5%,0.016745470072221637
260700,Inajá,3,24034,2021-12-31,1.2482316717982858e-4,0.009820323685458794,global-q median,0.012710697852521649
260700,Inajá,3,24034,2021-12-31,1.2482316717982858e-4,0.01510174051658718,global-q 97.5%,0.008265482183509082
260700,Inajá,3,24034,2021-12-31,1.2482316717982858e-4,0.05,fixed q=0.05,0.0024964633435965713
260700,Inajá,3,24034,2021-12-31,1.2482316717982858e-4,0.1,fixed q=0.10,0.0012482316717982857
260700,Inajá,3,24034,2021-12-31,1.2482316717982858e-4,0.15,fixed q=0.15,8.32154447865524e-4
260700,Inajá,3,24034,2021-12-31,1.2482316717982858e-4,0.2,fixed q=0.20,6.241158358991428e-4
260700,Inajá,3,24034,2021-12-31,1.2482316717982858e-4,0.25,fixed q=0.25,4.992926687193143e-4
260700,Inajá,3,24034,2021-12-31,1.2482316717982858e-4,0.3,fixed q=0.30,4.16077223932762e-4
260700,Inajá,27,25603,2022-12-31,0.0010545639182908252,0.007454145308640366,global-q 2.5%,0.1414734855072442
260700,Inajá,27,25603,2022-12-31,0.0010545639182908252,0.009820323685458794,global-q median,0.1073858614102858
260700,Inajá,27,25603,2022-12-31,0.0010545639182908252,0.01510174051658718,global-q 97.5%,0.06983062098918547
260700,Inajá,27,25603,2022-12-31,0.0010545639182908252,0.05,fixed q=0.05,0.021091278365816504
260700,Inajá,27,25603,2022-12-31,0.0010545639182908252,0.1,fixed q=0.10,0.010545639182908252
260700,Inajá,27,25603,2022-12-31,0.0010545639182908252,0.15,fixed q=0.15,0.007030426121938835
260700,Inajá,27,25603,2022-12-31,0.0010545639182908252,0.2,fixed q=0.20,0.005272819591454126
260700,Inajá,27,25603,2022-12-31,0.0010545639182908252,0.25,fixed q=0.25,0.004218255673163301
260700,Inajá,27,25603,2022-12-31,0.0010545639182908252,0.3,fixed q=0.30,0.0035152130609694176
260700,Inajá,31,27758,2025-12-21,0.0011167951581526046,0.007454145308640366,global-q 2.5%,0.14982202679334508
260700,Inajá,31,27758,2025-12-21,0.0011167951581526046,0.009820323685458794,global-q median,0.11372284600010403
260700,Inajá,31,27758,2025-12-21,0.0011167951581526046,0.01510174051658718,global-q 97.5%,0.073951420164183
260700,Inajá,31,27758,2025-12-21,0.0011167951581526046,0.05,fixed q=0.05,0.02233590316305209
260700,Inajá,31,27758,2025-12-21,0.0011167951581526046,0.1,fixed q=0.10,0.011167951581526045
260700,Inajá,31,27758,2025-12-21,0.0011167951581526046,0.15,fixed q=0.15,0.007445301054350697
260700,Inajá,31,27758,2025-12-21,0.0011167951581526046,0.2,fixed q=0.20,0.0055839757907630225
260700,Inajá,31,27758,2025-12-21,0.0011167951581526046,0.25,fixed q=0.25,0.004467180632610418
260700,Inajá,31,27758,2025-12-21,0.0011167951581526046,0.3,fixed q=0.30,0.0037226505271753486
260710,Ingazeira,7,4537,2021-12-31,0.0015428697377121445,0.007454145308640366,global-q 2.5%,0.20698144104110086
260710,Ingazeira,7,4537,2021-12-31,0.0015428697377121445,0.009820323685458794,global-q median,0.15710986594023488
260710,Ingazeira,7,4537,2021-12-31,0.0015428697377121445,0.01510174051658718,global-q 97.5%,0.10216502766800388
260710,Ingazeira,7,4537,2021-12-31,0.0015428697377121445,0.05,fixed q=0.05,0.03085739475424289
260710,Ingazeira,7,4537,2021-12-31,0.0015428697377121445,0.1,fixed q=0.10,0.015428697377121445
260710,Ingazeira,7,4537,2021-12-31,0.0015428697377121445,0.15,fixed q=0.15,0.010285798251414298
260710,Ingazeira,7,4537,2021-12-31,0.0015428697377121445,0.2,fixed q=0.20,0.0077143486885607225
260710,Ingazeira,7,4537,2021-12-31,0.0015428697377121445,0.25,fixed q=0.25,0.006171478950848578
260710,Ingazeira,7,4537,2021-12-31,0.0015428697377121445,0.3,fixed q=0.30,0.005142899125707149
260710,Ingazeira,7,4549,2016-12-31,0.0015387997362057595,0.007454145308640366,global-q 2.5%,0.20643543592074623
260710,Ingazeira,7,4549,2016-12-31,0.0015387997362057595,0.009820323685458794,global-q median,0.15669541916263918
260710,Ingazeira,7,4549,2016-12-31,0.0015387997362057595,0.01510174051658718,global-q 97.5%,0.10189552220921821
260710,Ingazeira,7,4549,2016-12-31,0.0015387997362057595,0.05,fixed q=0.05,0.03077599472411519
260710,Ingazeira,7,4549,2016-12-31,0.0015387997362057595,0.1,fixed q=0.10,0.015387997362057594
260710,Ingazeira,7,4549,2016-12-31,0.0015387997362057595,0.15,fixed q=0.15,0.010258664908038397
260710,Ingazeira,7,4549,2016-12-31,0.0015387997362057595,0.2,fixed q=0.20,0.007693998681028797
260710,Ingazeira,7,4549,2016-12-31,0.0015387997362057595,0.25,fixed q=0.25,0.006155198944823038
260710,Ingazeira,7,4549,2016-12-31,0.0015387997362057595,0.3,fixed q=0.30,0.0051293324540191984
260710,Ingazeira,7,4554,2018-12-31,0.0015371102327624067,0.007454145308640366,global-q 2.5%,0.206208783048633
260710,Ingazeira,7,4554,2018-12-31,0.0015371102327624067,0.009820323685458794,global-q median,0.15652337763962357
260710,Ingazeira,7,4554,2018-12-31,0.0015371102327624067,0.01510174051658718,global-q 97.5%,0.1017836474593179
260710,Ingazeira,7,4554,2018-12-31,0.0015371102327624067,0.05,fixed q=0.05,0.030742204655248132
260710,Ingazeira,7,4554,2018-12-31,0.0015371102327624067,0.1,fixed q=0.10,0.015371102327624066
260710,Ingazeira,7,4554,2018-12-31,0.0015371102327624067,0.15,fixed q=0.15,0.010247401551749379
260710,Ingazeira,7,4554,2018-12-31,0.0015371102327624067,0.2,fixed q=0.20,0.007685551163812033
260710,Ingazeira,7,4554,2018-12-31,0.0015371102327624067,0.25,fixed q=0.25,0.006148440931049627
260710,Ingazeira,7,4554,2018-12-31,0.0015371102327624067,0.3,fixed q=0.30,0.005123700775874689
260710,Ingazeira,42,4765,2022-12-31,0.00881427072402938,0.007454145308640366,global-q 2.5%,1.1824656428165472
260710,Ingazeira,42,4765,2022-12-31,0.00881427072402938,0.009820323685458794,global-q median,0.8975539917366367
260710,Ingazeira,42,4765,2022-12-31,0.00881427072402938,0.01510174051658718,global-q 97.5%,0.5836592619471987
260710,Ingazeira,42,4765,2022-12-31,0.00881427072402938,0.05,fixed q=0.05,0.1762854144805876
260710,Ingazeira,42,4765,2022-12-31,0.00881427072402938,0.1,fixed q=0.10,0.0881427072402938
260710,Ingazeira,42,4765,2022-12-31,0.00881427072402938,0.15,fixed q=0.15,0.05876180482686254
260710,Ingazeira,42,4765,2022-12-31,0.00881427072402938,0.2,fixed q=0.20,0.0440713536201469
260710,Ingazeira,42,4765,2022-12-31,0.00881427072402938,0.25,fixed q=0.25,0.03525708289611752
260710,Ingazeira,42,4765,2022-12-31,0.00881427072402938,0.3,fixed q=0.30,0.02938090241343127
260710,Ingazeira,43,4975,2025-12-21,0.00864321608040201,0.007454145308640366,global-q 2.5%,1.1595180564005574
260710,Ingazeira,43,4975,2025-12-21,0.00864321608040201,0.009820323685458794,global-q median,0.8801355594011878
260710,Ingazeira,43,4975,2025-12-21,0.00864321608040201,0.01510174051658718,global-q 97.5%,0.5723324454494917
260710,Ingazeira,43,4975,2025-12-21,0.00864321608040201,0.05,fixed q=0.05,0.1728643216080402
260710,Ingazeira,43,4975,2025-12-21,0.00864321608040201,0.1,fixed q=0.10,0.0864321608040201
260710,Ingazeira,43,4975,2025-12-21,0.00864321608040201,0.15,fixed q=0.15,0.0576214405360134
260710,Ingazeira,43,4975,2025-12-21,0.00864321608040201,0.2,fixed q=0.20,0.04321608040201005
260710,Ingazeira,43,4975,2025-12-21,0.00864321608040201,0.25,fixed q=0.25,0.03457286432160804
260710,Ingazeira,43,4975,2025-12-21,0.00864321608040201,0.3,fixed q=0.30,0.0288107202680067
260720,Ipojuca,110,92965,2016-12-31,0.0011832410046791802,0.007454145308640366,global-q 2.5%,0.15873597249407564
260720,Ipojuca,110,92965,2016-12-31,0.0011832410046791802,0.009820323685458794,global-q median,0.12048900245836454
260720,Ipojuca,110,92965,2016-12-31,0.0011832410046791802,0.01510174051658718,global-q 97.5%,0.07835130019480557
260720,Ipojuca,110,92965,2016-12-31,0.0011832410046791802,0.05,fixed q=0.05,0.023664820093583602
260720,Ipojuca,110,92965,2016-12-31,0.0011832410046791802,0.1,fixed q=0.10,0.011832410046791801
260720,Ipojuca,110,92965,2016-12-31,0.0011832410046791802,0.15,fixed q=0.15,0.00788827336452787
260720,Ipojuca,110,92965,2016-12-31,0.0011832410046791802,0.2,fixed q=0.20,0.005916205023395901
260720,Ipojuca,110,92965,2016-12-31,0.0011832410046791802,0.25,fixed q=0.25,0.004732964018716721
260720,Ipojuca,110,92965,2016-12-31,0.0011832410046791802,0.3,fixed q=0.30,0.003944136682263935
260720,Ipojuca,126,94709,2018-12-31,0.0013303909871289952,0.007454145308640366,global-q 2.5%,0.1784766639291149
260720,Ipojuca,126,94709,2018-12-31,0.0013303909871289952,0.009820323685458794,global-q median,0.1354732318140327
260720,Ipojuca,126,94709,2018-12-31,0.0013303909871289952,0.01510174051658718,global-q 97.5%,0.08809520900373993
260720,Ipojuca,126,94709,2018-12-31,0.0013303909871289952,0.05,fixed q=0.05,0.0266078197425799
260720,Ipojuca,126,94709,2018-12-31,0.0013303909871289952,0.1,fixed q=0.10,0.01330390987128995
260720,Ipojuca,126,94709,2018-12-31,0.0013303909871289952,0.15,fixed q=0.15,0.008869273247526635
260720,Ipojuca,126,94709,2018-12-31,0.0013303909871289952,0.2,fixed q=0.20,0.006651954935644975
260720,Ipojuca,126,94709,2018-12-31,0.0013303909871289952,0.25,fixed q=0.25,0.005321563948515981
260720,Ipojuca,126,94709,2018-12-31,0.0013303909871289952,0.3,fixed q=0.30,0.0044346366237633175
260720,Ipojuca,326,99101,2021-12-31,0.0032895732636401246,0.007454145308640366,global-q 2.5%,0.44130790686721155
260720,Ipojuca,326,99101,2021-12-31,0.0032895732636401246,0.009820323685458794,global-q median,0.3349760526235077
260720,Ipojuca,326,99101,2021-12-31,0.0032895732636401246,0.01510174051658718,global-q 97.5%,0.21782742592001114
260720,Ipojuca,326,99101,2021-12-31,0.0032895732636401246,0.05,fixed q=0.05,0.06579146527280248
260720,Ipojuca,326,99101,2021-12-31,0.0032895732636401246,0.1,fixed q=0.10,0.03289573263640124
260720,Ipojuca,326,99101,2021-12-31,0.0032895732636401246,0.15,fixed q=0.15,0.021930488424267498
260720,Ipojuca,326,99101,2021-12-31,0.0032895732636401246,0.2,fixed q=0.20,0.01644786631820062
260720,Ipojuca,326,99101,2021-12-31,0.0032895732636401246,0.25,fixed q=0.25,0.013158293054560498
260720,Ipojuca,326,99101,2021-12-31,0.0032895732636401246,0.3,fixed q=0.30,0.010965244212133749
260720,Ipojuca,386,98932,2022-12-31,0.0039016698338252536,0.007454145308640366,global-q 2.5%,0.5234228301536715
260720,Ipojuca,386,98932,2022-12-31,0.0039016698338252536,0.009820323685458794,global-q median,0.39730562441669376
260720,Ipojuca,386,98932,2022-12-31,0.0039016698338252536,0.01510174051658718,global-q 97.5%,0.25835895071431053
260720,Ipojuca,386,98932,2022-12-31,0.0039016698338252536,0.05,fixed q=0.05,0.07803339667650507
260720,Ipojuca,386,98932,2022-12-31,0.0039016698338252536,0.1,fixed q=0.10,0.03901669833825253
260720,Ipojuca,386,98932,2022-12-31,0.0039016698338252536,0.15,fixed q=0.15,0.026011132225501693
260720,Ipojuca,386,98932,2022-12-31,0.0039016698338252536,0.2,fixed q=0.20,0.019508349169126266
260720,Ipojuca,386,98932,2022-12-31,0.0039016698338252536,0.25,fixed q=0.25,0.015606679335301014
260720,Ipojuca,386,98932,2022-12-31,0.0039016698338252536,0.3,fixed q=0.30,0.013005566112750847
260720,Ipojuca,507,106539,2025-12-21,0.00475882071354152,0.007454145308640366,global-q 2.5%,0.6384126571862505
260720,Ipojuca,507,106539,2025-12-21,0.00475882071354152,0.009820323685458794,global-q median,0.4845889876917222
260720,Ipojuca,507,106539,2025-12-21,0.00475882071354152,0.01510174051658718,global-q 97.5%,0.31511736732031725
260720,Ipojuca,507,106539,2025-12-21,0.00475882071354152,0.05,fixed q=0.05,0.09517641427083039
260720,Ipojuca,507,106539,2025-12-21,0.00475882071354152,0.1,fixed q=0.10,0.04758820713541519
260720,Ipojuca,507,106539,2025-12-21,0.00475882071354152,0.15,fixed q=0.15,0.03172547142361013
260720,Ipojuca,507,106539,2025-12-21,0.00475882071354152,0.2,fixed q=0.20,0.023794103567707597
260720,Ipojuca,507,106539,2025-12-21,0.00475882071354152,0.25,fixed q=0.25,0.01903528285416608
260720,Ipojuca,507,106539,2025-12-21,0.00475882071354152,0.3,fixed q=0.30,0.015862735711805066
260730,Ipubi,0,30091,2016-12-31,0,0.007454145308640366,global-q 2.5%,0
260730,Ipubi,0,30091,2016-12-31,0,0.009820323685458794,global-q median,0
260730,Ipubi,0,30091,2016-12-31,0,0.01510174051658718,global-q 97.5%,0
260730,Ipubi,0,30091,2016-12-31,0,0.05,fixed q=0.05,0
260730,Ipubi,0,30091,2016-12-31,0,0.1,fixed q=0.10,0
260730,Ipubi,0,30091,2016-12-31,0,0.15,fixed q=0.15,0
260730,Ipubi,0,30091,2016-12-31,0,0.2,fixed q=0.20,0
260730,Ipubi,0,30091,2016-12-31,0,0.25,fixed q=0.25,0
260730,Ipubi,0,30091,2016-12-31,0,0.3,fixed q=0.30,0
260730,Ipubi,0,30512,2018-12-31,0,0.007454145308640366,global-q 2.5%,0
260730,Ipubi,0,30512,2018-12-31,0,0.009820323685458794,global-q median,0
260730,Ipubi,0,30512,2018-12-31,0,0.01510174051658718,global-q 97.5%,0
260730,Ipubi,0,30512,2018-12-31,0,0.05,fixed q=0.05,0
260730,Ipubi,0,30512,2018-12-31,0,0.1,fixed q=0.10,0
260730,Ipubi,0,30512,2018-12-31,0,0.15,fixed q=0.15,0
260730,Ipubi,0,30512,2018-12-31,0,0.2,fixed q=0.20,0
260730,Ipubi,0,30512,2018-12-31,0,0.25,fixed q=0.25,0
260730,Ipubi,0,30512,2018-12-31,0,0.3,fixed q=0.30,0
260730,Ipubi,2,31515,2021-12-31,6.34618435665556e-5,0.007454145308640366,global-q 2.5%,0.008513631132598759
260730,Ipubi,2,31515,2021-12-31,6.34618435665556e-5,0.009820323685458794,global-q median,0.006462296518853568
260730,Ipubi,2,31515,2021-12-31,6.34618435665556e-5,0.01510174051658718,global-q 97.5%,0.0042022867163458094
260730,Ipubi,2,31515,2021-12-31,6.34618435665556e-5,0.05,fixed q=0.05,0.001269236871331112
260730,Ipubi,2,31515,2021-12-31,6.34618435665556e-5,0.1,fixed q=0.10,6.34618435665556e-4
260730,Ipubi,2,31515,2021-12-31,6.34618435665556e-5,0.15,fixed q=0.15,4.2307895711037074e-4
260730,Ipubi,2,31515,2021-12-31,6.34618435665556e-5,0.2,fixed q=0.20,3.17309217832778e-4
260730,Ipubi,2,31515,2021-12-31,6.34618435665556e-5,0.25,fixed q=0.25,2.538473742662224e-4
260730,Ipubi,2,31515,2021-12-31,6.34618435665556e-5,0.3,fixed q=0.30,2.1153947855518537e-4
260730,Ipubi,27,29009,2022-12-31,9.30745630666345e-4,0.007454145308640366,global-q 2.5%,0.12486282358723064
260730,Ipubi,27,29009,2022-12-31,9.30745630666345e-4,0.009820323685458794,global-q median,0.09477749007851176
260730,Ipubi,27,29009,2022-12-31,9.30745630666345e-4,0.01510174051658718,global-q 97.5%,0.06163167945072617
260730,Ipubi,27,29009,2022-12-31,9.30745630666345e-4,0.05,fixed q=0.05,0.018614912613326897
260730,Ipubi,27,29009,2022-12-31,9.30745630666345e-4,0.1,fixed q=0.10,0.009307456306663449
260730,Ipubi,27,29009,2022-12-31,9.30745630666345e-4,0.15,fixed q=0.15,0.006204970871108967
260730,Ipubi,27,29009,2022-12-31,9.30745630666345e-4,0.2,fixed q=0.20,0.004653728153331724
260730,Ipubi,27,29009,2022-12-31,9.30745630666345e-4,0.25,fixed q=0.25,0.00372298252266538
260730,Ipubi,27,29009,2022-12-31,9.30745630666345e-4,0.3,fixed q=0.30,0.0031024854355544834
260730,Ipubi,35,30720,2025-12-21,0.0011393229166666667,0.007454145308640366,global-q 2.5%,0.15284420540421137
260730,Ipubi,35,30720,2025-12-21,0.0011393229166666667,0.009820323685458794,global-q median,0.11601683948093192
260730,Ipubi,35,30720,2025-12-21,0.0011393229166666667,0.01510174051658718,global-q 97.5%,0.0754431527554905
260730,Ipubi,35,30720,2025-12-21,0.0011393229166666667,0.05,fixed q=0.05,0.022786458333333332
260730,Ipubi,35,30720,2025-12-21,0.0011393229166666667,0.1,fixed q=0.10,0.011393229166666666
260730,Ipubi,35,30720,2025-12-21,0.0011393229166666667,0.15,fixed q=0.15,0.007595486111111112
260730,Ipubi,35,30720,2025-12-21,0.0011393229166666667,0.2,fixed q=0.20,0.005696614583333333
260730,Ipubi,35,30720,2025-12-21,0.0011393229166666667,0.25,fixed q=0.25,0.004557291666666667
260730,Ipubi,35,30720,2025-12-21,0.0011393229166666667,0.3,fixed q=0.30,0.003797743055555556
260740,Itacuruba,2,4807,2016-12-31,4.1605991262741833e-4,0.007454145308640366,global-q 2.5%,0.05581591120113374
260740,Itacuruba,2,4807,2016-12-31,4.1605991262741833e-4,0.009820323685458794,global-q median,0.042367230037792844
260740,Itacuruba,2,4807,2016-12-31,4.1605991262741833e-4,0.01510174051658718,global-q 97.5%,0.02755046096643191
260740,Itacuruba,2,4807,2016-12-31,4.1605991262741833e-4,0.05,fixed q=0.05,0.008321198252548366
260740,Itacuruba,2,4807,2016-12-31,4.1605991262741833e-4,0.1,fixed q=0.10,0.004160599126274183
260740,Itacuruba,2,4807,2016-12-31,4.1605991262741833e-4,0.15,fixed q=0.15,0.0027737327508494556
260740,Itacuruba,2,4807,2016-12-31,4.1605991262741833e-4,0.2,fixed q=0.20,0.0020802995631370915
260740,Itacuruba,2,4807,2016-12-31,4.1605991262741833e-4,0.25,fixed q=0.25,0.0016642396505096733
260740,Itacuruba,2,4807,2016-12-31,4.1605991262741833e-4,0.3,fixed q=0.30,0.0013868663754247278
260740,Itacuruba,2,4869,2018-12-31,4.1076196344218524e-4,0.007454145308640366,global-q 2.5%,0.055105172549568676
260740,Itacuruba,2,4869,2018-12-31,4.1076196344218524e-4,0.009820323685458794,global-q median,0.041827741793318995
260740,Itacuruba,2,4869,2018-12-31,4.1076196344218524e-4,0.01510174051658718,global-q 97.5%,0.027199643841782334
260740,Itacuruba,2,4869,2018-12-31,4.1076196344218524e-4,0.05,fixed q=0.05,0.008215239268843703
260740,Itacuruba,2,4869,2018-12-31,4.1076196344218524e-4,0.1,fixed q=0.10,0.004107619634421852
260740,Itacuruba,2,4869,2018-12-31,4.1076196344218524e-4,0.15,fixed q=0.15,0.0027384130896145682
260740,Itacuruba,2,4869,2018-12-31,4.1076196344218524e-4,0.2,fixed q=0.20,0.002053809817210926
260740,Itacuruba,2,4869,2018-12-31,4.1076196344218524e-4,0.25,fixed q=0.25,0.001643047853768741
260740,Itacuruba,2,4869,2018-12-31,4.1076196344218524e-4,0.3,fixed q=0.30,0.0013692065448072841
260740,Itacuruba,15,5013,2021-12-31,0.002992220227408737,0.007454145308640366,global-q 2.5%,0.40141694366225295
260740,Itacuruba,15,5013,2021-12-31,0.002992220227408737,0.009820323685458794,global-q median,0.3046967007655149
260740,Itacuruba,15,5013,2021-12-31,0.002992220227408737,0.01510174051658718,global-q 97.5%,0.1981374414506855
260740,Itacuruba,15,5013,2021-12-31,0.002992220227408737,0.05,fixed q=0.05,0.05984440454817474
260740,Itacuruba,15,5013,2021-12-31,0.002992220227408737,0.1,fixed q=0.10,0.02992220227408737
260740,Itacuruba,15,5013,2021-12-31,0.002992220227408737,0.15,fixed q=0.15,0.01994813484939158
260740,Itacuruba,15,5013,2021-12-31,0.002992220227408737,0.2,fixed q=0.20,0.014961101137043685
260740,Itacuruba,15,5013,2021-12-31,0.002992220227408737,0.25,fixed q=0.25,0.011968880909634948
260740,Itacuruba,15,5013,2021-12-31,0.002992220227408737,0.3,fixed q=0.30,0.00997406742469579
260740,Itacuruba,34,4284,2022-12-31,0.007936507936507936,0.007454145308640366,global-q 2.5%,1.0647106553327377
260740,Itacuruba,34,4284,2022-12-31,0.007936507936507936,0.009820323685458794,global-q median,0.8081717253637706
260740,Itacuruba,34,4284,2022-12-31,0.007936507936507936,0.01510174051658718,global-q 97.5%,0.5255359756572944
260740,Itacuruba,34,4284,2022-12-31,0.007936507936507936,0.05,fixed q=0.05,0.15873015873015872
260740,Itacuruba,34,4284,2022-12-31,0.007936507936507936,0.1,fixed q=0.10,0.07936507936507936
260740,Itacuruba,34,4284,2022-12-31,0.007936507936507936,0.15,fixed q=0.15,0.05291005291005291
260740,Itacuruba,34,4284,2022-12-31,0.007936507936507936,0.2,fixed q=0.20,0.03968253968253968
260740,Itacuruba,34,4284,2022-12-31,0.007936507936507936,0.25,fixed q=0.25,0.031746031746031744
260740,Itacuruba,34,4284,2022-12-31,0.007936507936507936,0.3,fixed q=0.30,0.026455026455026454
260740,Itacuruba,35,4491,2025-12-21,0.00779336450679136,0.007454145308640366,global-q 2.5%,1.0455074571403635
260740,Itacuruba,35,4491,2025-12-21,0.00779336450679136,0.009820323685458794,global-q median,0.7935954818201354
260740,Itacuruba,35,4491,2025-12-21,0.00779336450679136,0.01510174051658718,global-q 97.5%,0.5160573708859203
260740,Itacuruba,35,4491,2025-12-21,0.00779336450679136,0.05,fixed q=0.05,0.1558672901358272
260740,Itacuruba,35,4491,2025-12-21,0.00779336450679136,0.1,fixed q=0.10,0.0779336450679136
260740,Itacuruba,35,4491,2025-12-21,0.00779336450679136,0.15,fixed q=0.15,0.05195576337860907
260740,Itacuruba,35,4491,2025-12-21,0.00779336450679136,0.2,fixed q=0.20,0.0389668225339568
260740,Itacuruba,35,4491,2025-12-21,0.00779336450679136,0.25,fixed q=0.25,0.03117345802716544
260740,Itacuruba,35,4491,2025-12-21,0.00779336450679136,0.3,fixed q=0.30,0.025977881689304535
260750,Itaíba,0,26362,2016-12-31,0,0.007454145308640366,global-q 2.5%,0
260750,Itaíba,0,26362,2016-12-31,0,0.009820323685458794,global-q median,0
260750,Itaíba,0,26362,2016-12-31,0,0.01510174051658718,global-q 97.5%,0
260750,Itaíba,0,26362,2016-12-31,0,0.05,fixed q=0.05,0
260750,Itaíba,0,26362,2016-12-31,0,0.1,fixed q=0.10,0
260750,Itaíba,0,26362,2016-12-31,0,0.15,fixed q=0.15,0
260750,Itaíba,0,26362,2016-12-31,0,0.2,fixed q=0.20,0
260750,Itaíba,0,26362,2016-12-31,0,0.25,fixed q=0.25,0
260750,Itaíba,0,26362,2016-12-31,0,0.3,fixed q=0.30,0
260750,Itaíba,1,26268,2021-12-31,3.806913354652048e-5,0.007454145308640366,global-q 2.5%,0.005107109127909431
260750,Itaíba,1,26268,2021-12-31,3.806913354652048e-5,0.009820323685458794,global-q median,0.0038765660650158023
260750,Itaíba,1,26268,2021-12-31,3.806913354652048e-5,0.01510174051658718,global-q 97.5%,0.0025208441043406077
260750,Itaíba,1,26268,2021-12-31,3.806913354652048e-5,0.05,fixed q=0.05,7.613826709304095e-4
260750,Itaíba,1,26268,2021-12-31,3.806913354652048e-5,0.1,fixed q=0.10,3.806913354652048e-4
260750,Itaíba,1,26268,2021-12-31,3.806913354652048e-5,0.15,fixed q=0.15,2.5379422364346985e-4
260750,Itaíba,1,26268,2021-12-31,3.806913354652048e-5,0.2,fixed q=0.20,1.903456677326024e-4
260750,Itaíba,1,26268,2021-12-31,3.806913354652048e-5,0.25,fixed q=0.25,1.5227653418608191e-4
260750,Itaíba,1,26268,2021-12-31,3.806913354652048e-5,0.3,fixed q=0.30,1.2689711182173492e-4
260750,Itaíba,1,26390,2018-12-31,3.7893141341417206e-5,0.007454145308640366,global-q 2.5%,0.005083499150129782
260750,Itaíba,1,26390,2018-12-31,3.7893141341417206e-5,0.009820323685458794,global-q median,0.0038586448425856424
260750,Itaíba,1,26390,2018-12-31,3.7893141341417206e-5,0.01510174051658718,global-q 97.5%,0.0025091903347032626
260750,Itaíba,1,26390,2018-12-31,3.7893141341417206e-5,0.05,fixed q=0.05,7.578628268283441e-4
260750,Itaíba,1,26390,2018-12-31,3.7893141341417206e-5,0.1,fixed q=0.10,3.7893141341417203e-4
260750,Itaíba,1,26390,2018-12-31,3.7893141341417206e-5,0.15,fixed q=0.15,2.526209422761147e-4
260750,Itaíba,1,26390,2018-12-31,3.7893141341417206e-5,0.2,fixed q=0.20,1.8946570670708602e-4
260750,Itaíba,1,26390,2018-12-31,3.7893141341417206e-5,0.25,fixed q=0.25,1.5157256536566882e-4
260750,Itaíba,1,26390,2018-12-31,3.7893141341417206e-5,0.3,fixed q=0.30,1.2631047113805736e-4
260750,Itaíba,1,32650,2022-12-31,3.0627871362940275e-5,0.007454145308640366,global-q 2.5%,0.004108837444775649
260750,Itaíba,1,32650,2022-12-31,3.0627871362940275e-5,0.009820323685458794,global-q median,0.00311882503509449
260750,Itaíba,1,32650,2022-12-31,3.0627871362940275e-5,0.01510174051658718,global-q 97.5%,0.0020281020806376445
260750,Itaíba,1,32650,2022-12-31,3.0627871362940275e-5,0.05,fixed q=0.05,6.125574272588055e-4
260750,Itaíba,1,32650,2022-12-31,3.0627871362940275e-5,0.1,fixed q=0.10,3.0627871362940275e-4
260750,Itaíba,1,32650,2022-12-31,3.0627871362940275e-5,0.15,fixed q=0.15,2.041858090862685e-4
260750,Itaíba,1,32650,2022-12-31,3.0627871362940275e-5,0.2,fixed q=0.20,1.5313935681470137e-4
260750,Itaíba,1,32650,2022-12-31,3.0627871362940275e-5,0.25,fixed q=0.25,1.225114854517611e-4
260750,Itaíba,1,32650,2022-12-31,3.0627871362940275e-5,0.3,fixed q=0.30,1.0209290454313425e-4
260750,Itaíba,4,33995,2025-12-21,1.1766436240623621e-4,0.007454145308640366,global-q 2.5%,0.015785091051263415
260750,Itaíba,4,33995,2025-12-21,1.1766436240623621e-4,0.009820323685458794,global-q median,0.011981719358239164
260750,Itaíba,4,33995,2025-12-21,1.1766436240623621e-4,0.01510174051658718,global-q 97.5%,0.007791443792654107
260750,Itaíba,4,33995,2025-12-21,1.1766436240623621e-4,0.05,fixed q=0.05,0.0023532872481247242
260750,Itaíba,4,33995,2025-12-21,1.1766436240623621e-4,0.1,fixed q=0.10,0.0011766436240623621
260750,Itaíba,4,33995,2025-12-21,1.1766436240623621e-4,0.15,fixed q=0.15,7.844290827082414e-4
260750,Itaíba,4,33995,2025-12-21,1.1766436240623621e-4,0.2,fixed q=0.20,5.883218120311811e-4
260750,Itaíba,4,33995,2025-12-21,1.1766436240623621e-4,0.25,fixed q=0.25,4.7065744962494484e-4
260750,Itaíba,4,33995,2025-12-21,1.1766436240623621e-4,0.3,fixed q=0.30,3.922145413541207e-4
260760,Ilha de Itamaracá,25,25346,2016-12-31,9.86348930797759e-4,0.007454145308640366,global-q 2.5%,0.1323222032785498
260760,Ilha de Itamaracá,25,25346,2016-12-31,9.86348930797759e-4,0.009820323685458794,global-q median,0.10043955396890544
260760,Ilha de Itamaracá,25,25346,2016-12-31,9.86348930797759e-4,0.01510174051658718,global-q 97.5%,0.0653135928083515
260760,Ilha de Itamaracá,25,25346,2016-12-31,9.86348930797759e-4,0.05,fixed q=0.05,0.01972697861595518
260760,Ilha de Itamaracá,25,25346,2016-12-31,9.86348930797759e-4,0.1,fixed q=0.10,0.00986348930797759
260760,Ilha de Itamaracá,25,25346,2016-12-31,9.86348930797759e-4,0.15,fixed q=0.15,0.006575659538651727
260760,Ilha de Itamaracá,25,25346,2016-12-31,9.86348930797759e-4,0.2,fixed q=0.20,0.004931744653988795
260760,Ilha de Itamaracá,25,25346,2016-12-31,9.86348930797759e-4,0.25,fixed q=0.25,0.003945395723191036
260760,Ilha de Itamaracá,25,25346,2016-12-31,9.86348930797759e-4,0.3,fixed q=0.30,0.0032878297693258634
260760,Ilha de Itamaracá,27,25836,2018-12-31,0.0010450534138411519,0.007454145308640366,global-q 2.5%,0.14019761764367447
260760,Ilha de Itamaracá,27,25836,2018-12-31,0.0010450534138411519,0.009820323685458794,global-q median,0.1064174101907241
260760,Ilha de Itamaracá,27,25836,2018-12-31,0.0010450534138411519,0.01510174051658718,global-q 97.5%,0.0692008588475815
260760,Ilha de Itamaracá,27,25836,2018-12-31,0.0010450534138411519,0.05,fixed q=0.05,0.020901068276823035
260760,Ilha de Itamaracá,27,25836,2018-12-31,0.0010450534138411519,0.1,fixed q=0.10,0.010450534138411518
260760,Ilha de Itamaracá,27,25836,2018-12-31,0.0010450534138411519,0.15,fixed q=0.15,0.006967022758941013
260760,Ilha de Itamaracá,27,25836,2018-12-31,0.0010450534138411519,0.2,fixed q=0.20,0.005225267069205759
260760,Ilha de Itamaracá,27,25836,2018-12-31,0.0010450534138411519,0.25,fixed q=0.25,0.0041802136553646075
260760,Ilha de Itamaracá,27,25836,2018-12-31,0.0010450534138411519,0.3,fixed q=0.30,0.0034835113794705066
260760,Ilha de Itamaracá,265,27076,2021-12-31,0.009787265474959374,0.007454145308640366,global-q 2.5%,1.3129963355576935
260760,Ilha de Itamaracá,265,27076,2021-12-31,0.009787265474959374,0.009820323685458794,global-q median,0.9966336944118888
260760,Ilha de Itamaracá,265,27076,2021-12-31,0.009787265474959374,0.01510174051658718,global-q 97.5%,0.6480885739103657
260760,Ilha de Itamaracá,265,27076,2021-12-31,0.009787265474959374,0.05,fixed q=0.05,0.19574530949918748
260760,Ilha de Itamaracá,265,27076,2021-12-31,0.009787265474959374,0.1,fixed q=0.10,0.09787265474959374
260760,Ilha de Itamaracá,265,27076,2021-12-31,0.009787265474959374,0.15,fixed q=0.15,0.06524843649972917
260760,Ilha de Itamaracá,265,27076,2021-12-31,0.009787265474959374,0.2,fixed q=0.20,0.04893632737479687
260760,Ilha de Itamaracá,265,27076,2021-12-31,0.009787265474959374,0.25,fixed q=0.25,0.039149061899837495
260760,Ilha de Itamaracá,265,27076,2021-12-31,0.009787265474959374,0.3,fixed q=0.30,0.032624218249864584
260760,Ilha de Itamaracá,282,24540,2022-12-31,0.011491442542787287,0.007454145308640366,global-q 2.5%,1.5416177263766437
260760,Ilha de Itamaracá,282,24540,2022-12-31,0.011491442542787287,0.009820323685458794,global-q median,1.1701694272871026
260760,Ilha de Itamaracá,282,24540,2022-12-31,0.011491442542787287,0.01510174051658718,global-q 97.5%,0.7609349750226155
260760,Ilha de Itamaracá,282,24540,2022-12-31,0.011491442542787287,0.05,fixed q=0.05,0.22982885085574573
260760,Ilha de Itamaracá,282,24540,2022-12-31,0.011491442542787287,0.1,fixed q=0.10,0.11491442542787286
260760,Ilha de Itamaracá,282,24540,2022-12-31,0.011491442542787287,0.15,fixed q=0.15,0.07660961695191525
260760,Ilha de Itamaracá,282,24540,2022-12-31,0.011491442542787287,0.2,fixed q=0.20,0.05745721271393643
260760,Ilha de Itamaracá,282,24540,2022-12-31,0.011491442542787287,0.25,fixed q=0.25,0.045965770171149146
260760,Ilha de Itamaracá,282,24540,2022-12-31,0.011491442542787287,0.3,fixed q=0.30,0.03830480847595762
260760,Ilha de Itamaracá,308,25658,2025-12-21,0.012004053316704342,0.007454145308640366,global-q 2.5%,1.6103862776581528
260760,Ilha de Itamaracá,308,25658,2025-12-21,0.012004053316704342,0.009820323685458794,global-q median,1.2223683965202747
260760,Ilha de Itamaracá,308,25658,2025-12-21,0.012004053316704342,0.01510174051658718,global-q 97.5%,0.794878795826186
260760,Ilha de Itamaracá,308,25658,2025-12-21,0.012004053316704342,0.05,fixed q=0.05,0.24008106633408682
260760,Ilha de Itamaracá,308,25658,2025-12-21,0.012004053316704342,0.1,fixed q=0.10,0.12004053316704341
260760,Ilha de Itamaracá,308,25658,2025-12-21,0.012004053316704342,0.15,fixed q=0.15,0.08002702211136228
260760,Ilha de Itamaracá,308,25658,2025-12-21,0.012004053316704342,0.2,fixed q=0.20,0.060020266583521706
260760,Ilha de Itamaracá,308,25658,2025-12-21,0.012004053316704342,0.25,fixed q=0.25,0.04801621326681737
260760,Ilha de Itamaracá,308,25658,2025-12-21,0.012004053316704342,0.3,fixed q=0.30,0.04001351105568114
260765,Itambé,109,36299,2016-12-31,0.003002837543733987,0.007454145308640366,global-q 2.5%,0.40284129425989196
260765,Itambé,109,36299,2016-12-31,0.003002837543733987,0.009820323685458794,global-q median,0.305777858237032
260765,Itambé,109,36299,2016-12-31,0.003002837543733987,0.01510174051658718,global-q 97.5%,0.19884049394411088
260765,Itambé,109,36299,2016-12-31,0.003002837543733987,0.05,fixed q=0.05,0.06005675087467974
260765,Itambé,109,36299,2016-12-31,0.003002837543733987,0.1,fixed q=0.10,0.03002837543733987
260765,Itambé,109,36299,2016-12-31,0.003002837543733987,0.15,fixed q=0.15,0.020018916958226583
260765,Itambé,109,36299,2016-12-31,0.003002837543733987,0.2,fixed q=0.20,0.015014187718669934
260765,Itambé,109,36299,2016-12-31,0.003002837543733987,0.25,fixed q=0.25,0.012011350174935948
260765,Itambé,109,36299,2016-12-31,0.003002837543733987,0.3,fixed q=0.30,0.010009458479113291
260765,Itambé,109,36422,2018-12-31,0.002992696721761573,0.007454145308640366,global-q 2.5%,0.40148086706770136
260765,Itambé,109,36422,2018-12-31,0.002992696721761573,0.009820323685458794,global-q median,0.30474522201268534
260765,Itambé,109,36422,2018-12-31,0.002992696721761573,0.01510174051658718,global-q 97.5%,0.19816899373118668
260765,Itambé,109,36422,2018-12-31,0.002992696721761573,0.05,fixed q=0.05,0.05985393443523145
260765,Itambé,109,36422,2018-12-31,0.002992696721761573,0.1,fixed q=0.10,0.029926967217615726
260765,Itambé,109,36422,2018-12-31,0.002992696721761573,0.15,fixed q=0.15,0.019951311478410488
260765,Itambé,109,36422,2018-12-31,0.002992696721761573,0.2,fixed q=0.20,0.014963483608807863
260765,Itambé,109,36422,2018-12-31,0.002992696721761573,0.25,fixed q=0.25,0.011970786887046291
260765,Itambé,109,36422,2018-12-31,0.002992696721761573,0.3,fixed q=0.30,0.009975655739205244
260765,Itambé,111,34935,2022-12-31,0.00317732932589094,0.007454145308640366,global-q 2.5%,0.4262499849859358
260765,Itambé,111,34935,2022-12-31,0.00317732932589094,0.009820323685458794,global-q median,0.3235462931426276
260765,Itambé,111,34935,2022-12-31,0.00317732932589094,0.01510174051658718,global-q 97.5%,0.2103949092755952
260765,Itambé,111,34935,2022-12-31,0.00317732932589094,0.05,fixed q=0.05,0.0635465865178188
260765,Itambé,111,34935,2022-12-31,0.00317732932589094,0.1,fixed q=0.10,0.0317732932589094
260765,Itambé,111,34935,2022-12-31,0.00317732932589094,0.15,fixed q=0.15,0.0211821955059396
260765,Itambé,111,34935,2022-12-31,0.00317732932589094,0.2,fixed q=0.20,0.0158866466294547
260765,Itambé,111,34935,2022-12-31,0.00317732932589094,0.25,fixed q=0.25,0.01270931730356376
260765,Itambé,111,34935,2022-12-31,0.00317732932589094,0.3,fixed q=0.30,0.0105910977529698
260765,Itambé,111,36495,2021-12-31,0.0030415125359638307,0.007454145308640366,global-q 2.5%,0.4080296814764672
260765,Itambé,111,36495,2021-12-31,0.0030415125359638307,0.009820323685458794,global-q median,0.30971611867208376
260765,Itambé,111,36495,2021-12-31,0.0030415125359638307,0.01510174051658718,global-q 97.5%,0.20140145651576707
260765,Itambé,111,36495,2021-12-31,0.0030415125359638307,0.05,fixed q=0.05,0.06083025071927661
260765,Itambé,111,36495,2021-12-31,0.0030415125359638307,0.1,fixed q=0.10,0.030415125359638306
260765,Itambé,111,36495,2021-12-31,0.0030415125359638307,0.15,fixed q=0.15,0.020276750239758872
260765,Itambé,111,36495,2021-12-31,0.0030415125359638307,0.2,fixed q=0.20,0.015207562679819153
260765,Itambé,111,36495,2021-12-31,0.0030415125359638307,0.25,fixed q=0.25,0.012166050143855323
260765,Itambé,111,36495,2021-12-31,0.0030415125359638307,0.3,fixed q=0.30,0.010138375119879436
260765,Itambé,113,36652,2025-12-21,0.0030830514023791333,0.007454145308640366,global-q 2.5%,0.41360226756050195
260765,Itambé,113,36652,2025-12-21,0.0030830514023791333,0.009820323685458794,global-q median,0.31394600637698805
260765,Itambé,113,36652,2025-12-21,0.0030830514023791333,0.01510174051658718,global-q 97.5%,0.20415205777061435
260765,Itambé,113,36652,2025-12-21,0.0030830514023791333,0.05,fixed q=0.05,0.06166102804758267
260765,Itambé,113,36652,2025-12-21,0.0030830514023791333,0.1,fixed q=0.10,0.030830514023791333
260765,Itambé,113,36652,2025-12-21,0.0030830514023791333,0.15,fixed q=0.15,0.02055367601586089
260765,Itambé,113,36652,2025-12-21,0.0030830514023791333,0.2,fixed q=0.20,0.015415257011895667
260765,Itambé,113,36652,2025-12-21,0.0030830514023791333,0.25,fixed q=0.25,0.012332205609516533
260765,Itambé,113,36652,2025-12-21,0.0030830514023791333,0.3,fixed q=0.30,0.010276838007930444
260770,Itapetim,13,13708,2016-12-31,9.483513276918587e-4,0.007454145308640366,global-q 2.5%,0.12722469021265131
260770,Itapetim,13,13708,2016-12-31,9.483513276918587e-4,0.009820323685458794,global-q median,0.09657027182272077
260770,Itapetim,13,13708,2016-12-31,9.483513276918587e-4,0.01510174051658718,global-q 97.5%,0.06279748527331837
260770,Itapetim,13,13708,2016-12-31,9.483513276918587e-4,0.05,fixed q=0.05,0.018967026553837172
260770,Itapetim,13,13708,2016-12-31,9.483513276918587e-4,0.1,fixed q=0.10,0.009483513276918586
260770,Itapetim,13,13708,2016-12-31,9.483513276918587e-4,0.15,fixed q=0.15,0.006322342184612392
260770,Itapetim,13,13708,2016-12-31,9.483513276918587e-4,0.2,fixed q=0.20,0.004741756638459293
260770,Itapetim,13,13708,2016-12-31,9.483513276918587e-4,0.25,fixed q=0.25,0.003793405310767435
260770,Itapetim,13,13708,2016-12-31,9.483513276918587e-4,0.3,fixed q=0.30,0.003161171092306196
260770,Itapetim,14,13492,2021-12-31,0.0010376519418914913,0.007454145308640366,global-q 2.5%,0.13920468396138078
260770,Itapetim,14,13492,2021-12-31,0.0010376519418914913,0.009820323685458794,global-q median,0.10566372098589472
260770,Itapetim,14,13492,2021-12-31,0.0010376519418914913,0.01510174051658718,global-q 97.5%,0.06871075163500351
260770,Itapetim,14,13492,2021-12-31,0.0010376519418914913,0.05,fixed q=0.05,0.020753038837829824
260770,Itapetim,14,13492,2021-12-31,0.0010376519418914913,0.1,fixed q=0.10,0.010376519418914912
260770,Itapetim,14,13492,2021-12-31,0.0010376519418914913,0.15,fixed q=0.15,0.006917679612609942
260770,Itapetim,14,13492,2021-12-31,0.0010376519418914913,0.2,fixed q=0.20,0.005188259709457456
260770,Itapetim,14,13492,2021-12-31,0.0010376519418914913,0.25,fixed q=0.25,0.004150607767565965
260770,Itapetim,14,13492,2021-12-31,0.0010376519418914913,0.3,fixed q=0.30,0.003458839806304971
260770,Itapetim,14,13680,2018-12-31,0.0010233918128654971,0.007454145308640366,global-q 2.5%,0.1372916371350109
260770,Itapetim,14,13680,2018-12-31,0.0010233918128654971,0.009820323685458794,global-q median,0.1042116172179599
260770,Itapetim,14,13680,2018-12-31,0.0010233918128654971,0.01510174051658718,global-q 97.5%,0.0677664810715985
260770,Itapetim,14,13680,2018-12-31,0.0010233918128654971,0.05,fixed q=0.05,0.02046783625730994
260770,Itapetim,14,13680,2018-12-31,0.0010233918128654971,0.1,fixed q=0.10,0.01023391812865497
260770,Itapetim,14,13680,2018-12-31,0.0010233918128654971,0.15,fixed q=0.15,0.006822612085769981
260770,Itapetim,14,13680,2018-12-31,0.0010233918128654971,0.2,fixed q=0.20,0.005116959064327485
260770,Itapetim,14,13680,2018-12-31,0.0010233918128654971,0.25,fixed q=0.25,0.004093567251461989
260770,Itapetim,14,13680,2018-12-31,0.0010233918128654971,0.3,fixed q=0.30,0.0034113060428849905
260770,Itapetim,21,13791,2022-12-31,0.0015227322166630412,0.007454145308640366,global-q 2.5%,0.20427992125374694
260770,Itapetim,21,13791,2022-12-31,0.0015227322166630412,0.009820323685458794,global-q median,0.1550592694737537
260770,Itapetim,21,13791,2022-12-31,0.0015227322166630412,0.01510174051658718,global-q 97.5%,0.10083157070474955
260770,Itapetim,21,13791,2022-12-31,0.0015227322166630412,0.05,fixed q=0.05,0.03045464433326082
260770,Itapetim,21,13791,2022-12-31,0.0015227322166630412,0.1,fixed q=0.10,0.01522732216663041
260770,Itapetim,21,13791,2022-12-31,0.0015227322166630412,0.15,fixed q=0.15,0.010151548111086942
260770,Itapetim,21,13791,2022-12-31,0.0015227322166630412,0.2,fixed q=0.20,0.007613661083315205
260770,Itapetim,21,13791,2022-12-31,0.0015227322166630412,0.25,fixed q=0.25,0.006090928866652165
260770,Itapetim,21,13791,2022-12-31,0.0015227322166630412,0.3,fixed q=0.30,0.005075774055543471
260770,Itapetim,22,14236,2025-12-21,0.0015453779151447036,0.007454145308640366,global-q 2.5%,0.2073179219290776
260770,Itapetim,22,14236,2025-12-21,0.0015453779151447036,0.009820323685458794,global-q median,0.15736527273871678
260770,Itapetim,22,14236,2025-12-21,0.0015453779151447036,0.01510174051658718,global-q 97.5%,0.10233111298974572
260770,Itapetim,22,14236,2025-12-21,0.0015453779151447036,0.05,fixed q=0.05,0.030907558302894073
260770,Itapetim,22,14236,2025-12-21,0.0015453779151447036,0.1,fixed q=0.10,0.015453779151447036
260770,Itapetim,22,14236,2025-12-21,0.0015453779151447036,0.15,fixed q=0.15,0.010302519434298024
260770,Itapetim,22,14236,2025-12-21,0.0015453779151447036,0.2,fixed q=0.20,0.007726889575723518
260770,Itapetim,22,14236,2025-12-21,0.0015453779151447036,0.25,fixed q=0.25,0.0061815116605788145
260770,Itapetim,22,14236,2025-12-21,0.0015453779151447036,0.3,fixed q=0.30,0.005151259717149012
260775,Itapissuma,6,26073,2016-12-31,2.3012311586698885e-4,0.007454145308640366,global-q 2.5%,0.030871831221246104
260775,Itapissuma,6,26073,2016-12-31,2.3012311586698885e-4,0.009820323685458794,global-q median,0.02343335344513522
260775,Itapissuma,6,26073,2016-12-31,2.3012311586698885e-4,0.01510174051658718,global-q 97.5%,0.015238185003525279
260775,Itapissuma,6,26073,2016-12-31,2.3012311586698885e-4,0.05,fixed q=0.05,0.004602462317339777
260775,Itapissuma,6,26073,2016-12-31,2.3012311586698885e-4,0.1,fixed q=0.10,0.0023012311586698884
260775,Itapissuma,6,26073,2016-12-31,2.3012311586698885e-4,0.15,fixed q=0.15,0.0015341541057799256
260775,Itapissuma,6,26073,2016-12-31,2.3012311586698885e-4,0.2,fixed q=0.20,0.0011506155793349442
260775,Itapissuma,6,26073,2016-12-31,2.3012311586698885e-4,0.25,fixed q=0.25,9.204924634679554e-4
260775,Itapissuma,6,26073,2016-12-31,2.3012311586698885e-4,0.3,fixed q=0.30,7.670770528899628e-4
260775,Itapissuma,8,26397,2018-12-31,3.0306474220555366e-4,0.007454145308640366,global-q 2.5%,0.040657208795522204
260775,Itapissuma,8,26397,2018-12-31,3.0306474220555366e-4,0.009820323685458794,global-q median,0.03086097280625377
260775,Itapissuma,8,26397,2018-12-31,3.0306474220555366e-4,0.01510174051658718,global-q 97.5%,0.02006819954777258
260775,Itapissuma,8,26397,2018-12-31,3.0306474220555366e-4,0.05,fixed q=0.05,0.006061294844111073
260775,Itapissuma,8,26397,2018-12-31,3.0306474220555366e-4,0.1,fixed q=0.10,0.0030306474220555364
260775,Itapissuma,8,26397,2018-12-31,3.0306474220555366e-4,0.15,fixed q=0.15,0.002020431614703691
260775,Itapissuma,8,26397,2018-12-31,3.0306474220555366e-4,0.2,fixed q=0.20,0.0015153237110277682
260775,Itapissuma,8,26397,2018-12-31,3.0306474220555366e-4,0.25,fixed q=0.25,0.0012122589688222146
260775,Itapissuma,8,26397,2018-12-31,3.0306474220555366e-4,0.3,fixed q=0.30,0.0010102158073518456
260775,Itapissuma,13,27144,2021-12-31,4.789272030651341e-4,0.007454145308640366,global-q 2.5%,0.06424978092525141
260775,Itapissuma,13,27144,2021-12-31,4.789272030651341e-4,0.009820323685458794,global-q median,0.04876898342712409
260775,Itapissuma,13,27144,2021-12-31,4.789272030651341e-4,0.01510174051658718,global-q 97.5%,0.03171337784138845
260775,Itapissuma,13,27144,2021-12-31,4.789272030651341e-4,0.05,fixed q=0.05,0.009578544061302681
260775,Itapissuma,13,27144,2021-12-31,4.789272030651341e-4,0.1,fixed q=0.10,0.004789272030651341
260775,Itapissuma,13,27144,2021-12-31,4.789272030651341e-4,0.15,fixed q=0.15,0.003192848020434227
260775,Itapissuma,13,27144,2021-12-31,4.789272030651341e-4,0.2,fixed q=0.20,0.0023946360153256703
260775,Itapissuma,13,27144,2021-12-31,4.789272030651341e-4,0.25,fixed q=0.25,0.0019157088122605363
260775,Itapissuma,13,27144,2021-12-31,4.789272030651341e-4,0.3,fixed q=0.30,0.0015964240102171135
260775,Itapissuma,13,27749,2022-12-31,4.684853508234531e-4,0.007454145308640366,global-q 2.5%,0.06284896945601731
260775,Itapissuma,13,27749,2022-12-31,4.684853508234531e-4,0.009820323685458794,global-q median,0.04770569339961283
260775,Itapissuma,13,27749,2022-12-31,4.684853508234531e-4,0.01510174051658718,global-q 97.5%,0.03102194414669531
260775,Itapissuma,13,27749,2022-12-31,4.684853508234531e-4,0.05,fixed q=0.05,0.009369707016469062
260775,Itapissuma,13,27749,2022-12-31,4.684853508234531e-4,0.1,fixed q=0.10,0.004684853508234531
260775,Itapissuma,13,27749,2022-12-31,4.684853508234531e-4,0.15,fixed q=0.15,0.0031232356721563543
260775,Itapissuma,13,27749,2022-12-31,4.684853508234531e-4,0.2,fixed q=0.20,0.0023424267541172655
260775,Itapissuma,13,27749,2022-12-31,4.684853508234531e-4,0.25,fixed q=0.25,0.0018739414032938125
260775,Itapissuma,13,27749,2022-12-31,4.684853508234531e-4,0.3,fixed q=0.30,0.0015616178360781771
260775,Itapissuma,17,29669,2025-12-21,5.729886413428157e-4,0.007454145308640366,global-q 2.5%,0.07686845608961286
260775,Itapissuma,17,29669,2025-12-21,5.729886413428157e-4,0.009820323685458794,global-q median,0.05834722557987113
260775,Itapissuma,17,29669,2025-12-21,5.729886413428157e-4,0.01510174051658718,global-q 97.5%,0.037941894228249166
260775,Itapissuma,17,29669,2025-12-21,5.729886413428157e-4,0.05,fixed q=0.05,0.011459772826856314
260775,Itapissuma,17,29669,2025-12-21,5.729886413428157e-4,0.1,fixed q=0.10,0.005729886413428157
260775,Itapissuma,17,29669,2025-12-21,5.729886413428157e-4,0.15,fixed q=0.15,0.003819924275618772
260775,Itapissuma,17,29669,2025-12-21,5.729886413428157e-4,0.2,fixed q=0.20,0.0028649432067140786
260775,Itapissuma,17,29669,2025-12-21,5.729886413428157e-4,0.25,fixed q=0.25,0.002291954565371263
260775,Itapissuma,17,29669,2025-12-21,5.729886413428157e-4,0.3,fixed q=0.30,0.001909962137809386
260780,Itaquitinga,56,16806,2016-12-31,0.003332143282161133,0.007454145308640366,global-q 2.5%,0.4470188256591573
260780,Itaquitinga,56,16806,2016-12-31,0.003332143282161133,0.009820323685458794,global-q median,0.339310942173436
260780,Itaquitinga,56,16806,2016-12-31,0.003332143282161133,0.01510174051658718,global-q 97.5%,0.22064630752337674
260780,Itaquitinga,56,16806,2016-12-31,0.003332143282161133,0.05,fixed q=0.05,0.06664286564322265
260780,Itaquitinga,56,16806,2016-12-31,0.003332143282161133,0.1,fixed q=0.10,0.033321432821611326
260780,Itaquitinga,56,16806,2016-12-31,0.003332143282161133,0.15,fixed q=0.15,0.02221428854774089
260780,Itaquitinga,56,16806,2016-12-31,0.003332143282161133,0.2,fixed q=0.20,0.016660716410805663
260780,Itaquitinga,56,16806,2016-12-31,0.003332143282161133,0.25,fixed q=0.25,0.013328573128644532
260780,Itaquitinga,56,16806,2016-12-31,0.003332143282161133,0.3,fixed q=0.30,0.011107144273870445
260780,Itaquitinga,56,16903,2018-12-31,0.0033130213571555345,0.007454145308640366,global-q 2.5%,0.4444535516788616
260780,Itaquitinga,56,16903,2018-12-31,0.0033130213571555345,0.009820323685458794,global-q median,0.33736376348380553
260780,Itaquitinga,56,16903,2018-12-31,0.0033130213571555345,0.01510174051658718,global-q 97.5%,0.21938010082457962
260780,Itaquitinga,56,16903,2018-12-31,0.0033130213571555345,0.05,fixed q=0.05,0.06626042714311069
260780,Itaquitinga,56,16903,2018-12-31,0.0033130213571555345,0.1,fixed q=0.10,0.03313021357155534
260780,Itaquitinga,56,16903,2018-12-31,0.0033130213571555345,0.15,fixed q=0.15,0.022086809047703566
260780,Itaquitinga,56,16903,2018-12-31,0.0033130213571555345,0.2,fixed q=0.20,0.01656510678577767
260780,Itaquitinga,56,16903,2018-12-31,0.0033130213571555345,0.25,fixed q=0.25,0.013252085428622138
260780,Itaquitinga,56,16903,2018-12-31,0.0033130213571555345,0.3,fixed q=0.30,0.011043404523851783
260780,Itaquitinga,57,16554,2022-12-31,0.003443276549474447,0.007454145308640366,global-q 2.5%,0.46192774716683105
260780,Itaquitinga,57,16554,2022-12-31,0.003443276549474447,0.009820323685458794,global-q median,0.3506276024865652
260780,Itaquitinga,57,16554,2022-12-31,0.003443276549474447,0.01510174051658718,global-q 97.5%,0.2280052783116279
260780,Itaquitinga,57,16554,2022-12-31,0.003443276549474447,0.05,fixed q=0.05,0.06886553098948894
260780,Itaquitinga,57,16554,2022-12-31,0.003443276549474447,0.1,fixed q=0.10,0.03443276549474447
260780,Itaquitinga,57,16554,2022-12-31,0.003443276549474447,0.15,fixed q=0.15,0.022955176996496317
260780,Itaquitinga,57,16554,2022-12-31,0.003443276549474447,0.2,fixed q=0.20,0.017216382747372236
260780,Itaquitinga,57,16554,2022-12-31,0.003443276549474447,0.25,fixed q=0.25,0.013773106197897789
260780,Itaquitinga,57,16554,2022-12-31,0.003443276549474447,0.3,fixed q=0.30,0.011477588498248158
260780,Itaquitinga,57,17056,2021-12-31,0.0033419324577861165,0.007454145308640366,global-q 2.5%,0.44833207824810756
260780,Itaquitinga,57,17056,2021-12-31,0.0033419324577861165,0.009820323685458794,global-q median,0.34030777037773224
260780,Itaquitinga,57,17056,2021-12-31,0.0033419324577861165,0.01510174051658718,global-q 97.5%,0.2212945225827092
260780,Itaquitinga,57,17056,2021-12-31,0.0033419324577861165,0.05,fixed q=0.05,0.06683864915572232
260780,Itaquitinga,57,17056,2021-12-31,0.0033419324577861165,0.1,fixed q=0.10,0.03341932457786116
260780,Itaquitinga,57,17056,2021-12-31,0.0033419324577861165,0.15,fixed q=0.15,0.02227954971857411
260780,Itaquitinga,57,17056,2021-12-31,0.0033419324577861165,0.2,fixed q=0.20,0.01670966228893058
260780,Itaquitinga,57,17056,2021-12-31,0.0033419324577861165,0.25,fixed q=0.25,0.013367729831144466
260780,Itaquitinga,57,17056,2021-12-31,0.0033419324577861165,0.3,fixed q=0.30,0.011139774859287055
260780,Itaquitinga,74,17142,2025-12-21,0.0043168825107922065,0.007454145308640366,global-q 2.5%,0.5791250816895606
260780,Itaquitinga,74,17142,2025-12-21,0.0043168825107922065,0.009820323685458794,global-q median,0.43958658075439255
260780,Itaquitinga,74,17142,2025-12-21,0.0043168825107922065,0.01510174051658718,global-q 97.5%,0.28585330982549373
260780,Itaquitinga,74,17142,2025-12-21,0.0043168825107922065,0.05,fixed q=0.05,0.08633765021584412
260780,Itaquitinga,74,17142,2025-12-21,0.0043168825107922065,0.1,fixed q=0.10,0.04316882510792206
260780,Itaquitinga,74,17142,2025-12-21,0.0043168825107922065,0.15,fixed q=0.15,0.02877921673861471
260780,Itaquitinga,74,17142,2025-12-21,0.0043168825107922065,0.2,fixed q=0.20,0.02158441255396103
260780,Itaquitinga,74,17142,2025-12-21,0.0043168825107922065,0.25,fixed q=0.25,0.017267530043168826
260780,Itaquitinga,74,17142,2025-12-21,0.0043168825107922065,0.3,fixed q=0.30,0.014389608369307355
260790,Jaboatão dos Guararapes,448,691125,2016-12-31,6.482184843552179e-4,0.007454145308640366,global-q 2.5%,0.0869608060368564
260790,Jaboatão dos Guararapes,448,691125,2016-12-31,6.482184843552179e-4,0.009820323685458794,global-q median,0.06600785321516965
260790,Jaboatão dos Guararapes,448,691125,2016-12-31,6.482184843552179e-4,0.01510174051658718,global-q 97.5%,0.04292342883545372
260790,Jaboatão dos Guararapes,448,691125,2016-12-31,6.482184843552179e-4,0.05,fixed q=0.05,0.012964369687104358
260790,Jaboatão dos Guararapes,448,691125,2016-12-31,6.482184843552179e-4,0.1,fixed q=0.10,0.006482184843552179
260790,Jaboatão dos Guararapes,448,691125,2016-12-31,6.482184843552179e-4,0.15,fixed q=0.15,0.0043214565623681195
260790,Jaboatão dos Guararapes,448,691125,2016-12-31,6.482184843552179e-4,0.2,fixed q=0.20,0.0032410924217760894
260790,Jaboatão dos Guararapes,448,691125,2016-12-31,6.482184843552179e-4,0.25,fixed q=0.25,0.0025928739374208717
260790,Jaboatão dos Guararapes,448,691125,2016-12-31,6.482184843552179e-4,0.3,fixed q=0.30,0.0021607282811840598
260790,Jaboatão dos Guararapes,505,697636,2018-12-31,7.238731946172503e-4,0.007454145308640366,global-q 2.5%,0.0971101534307606
260790,Jaboatão dos Guararapes,505,697636,2018-12-31,7.238731946172503e-4,0.009820323685458794,global-q median,0.07371174492843936
260790,Jaboatão dos Guararapes,505,697636,2018-12-31,7.238731946172503e-4,0.01510174051658718,global-q 97.5%,0.04793309710375273
260790,Jaboatão dos Guararapes,505,697636,2018-12-31,7.238731946172503e-4,0.05,fixed q=0.05,0.014477463892345005
260790,Jaboatão dos Guararapes,505,697636,2018-12-31,7.238731946172503e-4,0.1,fixed q=0.10,0.007238731946172502
260790,Jaboatão dos Guararapes,505,697636,2018-12-31,7.238731946172503e-4,0.15,fixed q=0.15,0.004825821297448335
260790,Jaboatão dos Guararapes,505,697636,2018-12-31,7.238731946172503e-4,0.2,fixed q=0.20,0.003619365973086251
260790,Jaboatão dos Guararapes,505,697636,2018-12-31,7.238731946172503e-4,0.25,fixed q=0.25,0.002895492778469001
260790,Jaboatão dos Guararapes,505,697636,2018-12-31,7.238731946172503e-4,0.3,fixed q=0.30,0.0024129106487241676
260790,Jaboatão dos Guararapes,603,711330,2021-12-31,8.477078149382143e-4,0.007454145308640366,global-q 2.5%,0.1137230064398672
260790,Jaboatão dos Guararapes,603,711330,2021-12-31,8.477078149382143e-4,0.009820323685458794,global-q median,0.08632177941277404
260790,Jaboatão dos Guararapes,603,711330,2021-12-31,8.477078149382143e-4,0.01510174051658718,global-q 97.5%,0.056133120153079315
260790,Jaboatão dos Guararapes,603,711330,2021-12-31,8.477078149382143e-4,0.05,fixed q=0.05,0.016954156298764286
260790,Jaboatão dos Guararapes,603,711330,2021-12-31,8.477078149382143e-4,0.1,fixed q=0.10,0.008477078149382143
260790,Jaboatão dos Guararapes,603,711330,2021-12-31,8.477078149382143e-4,0.15,fixed q=0.15,0.005651385432921429
260790,Jaboatão dos Guararapes,603,711330,2021-12-31,8.477078149382143e-4,0.2,fixed q=0.20,0.004238539074691071
260790,Jaboatão dos Guararapes,603,711330,2021-12-31,8.477078149382143e-4,0.25,fixed q=0.25,0.003390831259752857
260790,Jaboatão dos Guararapes,603,711330,2021-12-31,8.477078149382143e-4,0.3,fixed q=0.30,0.0028256927164607144
260790,Jaboatão dos Guararapes,689,644037,2022-12-31,0.001069814311910651,0.007454145308640366,global-q 2.5%,0.14351937983696011
260790,Jaboatão dos Guararapes,689,644037,2022-12-31,0.001069814311910651,0.009820323685458794,global-q median,0.10893880346273642
260790,Jaboatão dos Guararapes,689,644037,2022-12-31,0.001069814311910651,0.01510174051658718,global-q 97.5%,0.07084046443094473
260790,Jaboatão dos Guararapes,689,644037,2022-12-31,0.001069814311910651,0.05,fixed q=0.05,0.02139628623821302
260790,Jaboatão dos Guararapes,689,644037,2022-12-31,0.001069814311910651,0.1,fixed q=0.10,0.01069814311910651
260790,Jaboatão dos Guararapes,689,644037,2022-12-31,0.001069814311910651,0.15,fixed q=0.15,0.007132095412737674
260790,Jaboatão dos Guararapes,689,644037,2022-12-31,0.001069814311910651,0.2,fixed q=0.20,0.005349071559553255
260790,Jaboatão dos Guararapes,689,644037,2022-12-31,0.001069814311910651,0.25,fixed q=0.25,0.004279257247642604
260790,Jaboatão dos Guararapes,689,644037,2022-12-31,0.001069814311910651,0.3,fixed q=0.30,0.003566047706368837
260790,Jaboatão dos Guararapes,884,684293,2025-12-21,0.0012918442830775706,0.007454145308640366,global-q 2.5%,0.17330548702614473
260790,Jaboatão dos Guararapes,884,684293,2025-12-21,0.0012918442830775706,0.009820323685458794,global-q median,0.13154803491767156
260790,Jaboatão dos Guararapes,884,684293,2025-12-21,0.0012918442830775706,0.01510174051658718,global-q 97.5%,0.08554274135876311
260790,Jaboatão dos Guararapes,884,684293,2025-12-21,0.0012918442830775706,0.05,fixed q=0.05,0.02583688566155141
260790,Jaboatão dos Guararapes,884,684293,2025-12-21,0.0012918442830775706,0.1,fixed q=0.10,0.012918442830775706
260790,Jaboatão dos Guararapes,884,684293,2025-12-21,0.0012918442830775706,0.15,fixed q=0.15,0.008612295220517138
260790,Jaboatão dos Guararapes,884,684293,2025-12-21,0.0012918442830775706,0.2,fixed q=0.20,0.006459221415387853
260790,Jaboatão dos Guararapes,884,684293,2025-12-21,0.0012918442830775706,0.25,fixed q=0.25,0.005167377132310282
260790,Jaboatão dos Guararapes,884,684293,2025-12-21,0.0012918442830775706,0.3,fixed q=0.30,0.004306147610258569
260795,Jaqueira,2,11649,2016-12-31,1.7168855695767876e-4,0.007454145308640366,global-q 2.5%,0.023032628134934317
260795,Jaqueira,2,11649,2016-12-31,1.7168855695767876e-4,0.009820323685458794,global-q median,0.01748298350001461
260795,Jaqueira,2,11649,2016-12-31,1.7168855695767876e-4,0.01510174051658718,global-q 97.5%,0.01136879267453328
260795,Jaqueira,2,11649,2016-12-31,1.7168855695767876e-4,0.05,fixed q=0.05,0.003433771139153575
260795,Jaqueira,2,11649,2016-12-31,1.7168855695767876e-4,0.1,fixed q=0.10,0.0017168855695767875
260795,Jaqueira,2,11649,2016-12-31,1.7168855695767876e-4,0.15,fixed q=0.15,0.0011445903797178585
260795,Jaqueira,2,11649,2016-12-31,1.7168855695767876e-4,0.2,fixed q=0.20,8.584427847883937e-4
260795,Jaqueira,2,11649,2016-12-31,1.7168855695767876e-4,0.25,fixed q=0.25,6.86754227830715e-4
260795,Jaqueira,2,11649,2016-12-31,1.7168855695767876e-4,0.3,fixed q=0.30,5.722951898589293e-4
260795,Jaqueira,2,11668,2018-12-31,1.7140898183064793e-4,0.007454145308640366,global-q 2.5%,0.022995122141228137
260795,Jaqueira,2,11668,2018-12-31,1.7140898183064793e-4,0.009820323685458794,global-q median,0.017454514466204166
260795,Jaqueira,2,11668,2018-12-31,1.7140898183064793e-4,0.01510174051658718,global-q 97.5%,0.011350279899351919
260795,Jaqueira,2,11668,2018-12-31,1.7140898183064793e-4,0.05,fixed q=0.05,0.0034281796366129585
260795,Jaqueira,2,11668,2018-12-31,1.7140898183064793e-4,0.1,fixed q=0.10,0.0017140898183064792
260795,Jaqueira,2,11668,2018-12-31,1.7140898183064793e-4,0.15,fixed q=0.15,0.001142726545537653
260795,Jaqueira,2,11668,2018-12-31,1.7140898183064793e-4,0.2,fixed q=0.20,8.570449091532396e-4
260795,Jaqueira,2,11668,2018-12-31,1.7140898183064793e-4,0.25,fixed q=0.25,6.856359273225917e-4
260795,Jaqueira,2,11668,2018-12-31,1.7140898183064793e-4,0.3,fixed q=0.30,5.713632727688265e-4
260795,Jaqueira,3,11632,2021-12-31,2.5790921595598347e-4,0.007454145308640366,global-q 2.5%,0.03459943498244281
260795,Jaqueira,3,11632,2021-12-31,2.5790921595598347e-4,0.009820323685458794,global-q median,0.026262801941841923
260795,Jaqueira,3,11632,2021-12-31,2.5790921595598347e-4,0.01510174051658718,global-q 97.5%,0.017078112001242887
260795,Jaqueira,3,11632,2021-12-31,2.5790921595598347e-4,0.05,fixed q=0.05,0.005158184319119669
260795,Jaqueira,3,11632,2021-12-31,2.5790921595598347e-4,0.1,fixed q=0.10,0.0025790921595598344
260795,Jaqueira,3,11632,2021-12-31,2.5790921595598347e-4,0.15,fixed q=0.15,0.0017193947730398899
260795,Jaqueira,3,11632,2021-12-31,2.5790921595598347e-4,0.2,fixed q=0.20,0.0012895460797799172
260795,Jaqueira,3,11632,2021-12-31,2.5790921595598347e-4,0.25,fixed q=0.25,0.0010316368638239339
260795,Jaqueira,3,11632,2021-12-31,2.5790921595598347e-4,0.3,fixed q=0.30,8.596973865199449e-4
260795,Jaqueira,26,10247,2022-12-31,0.0025373279984385673,0.007454145308640366,global-q 2.5%,0.34039153965746544
260795,Jaqueira,26,10247,2022-12-31,0.0025373279984385673,0.009820323685458794,global-q median,0.25837519003529935
260795,Jaqueira,26,10247,2022-12-31,0.0025373279984385673,0.01510174051658718,global-q 97.5%,0.16801560029796977
260795,Jaqueira,26,10247,2022-12-31,0.0025373279984385673,0.05,fixed q=0.05,0.050746559968771345
260795,Jaqueira,26,10247,2022-12-31,0.0025373279984385673,0.1,fixed q=0.10,0.025373279984385672
260795,Jaqueira,26,10247,2022-12-31,0.0025373279984385673,0.15,fixed q=0.15,0.016915519989590448
260795,Jaqueira,26,10247,2022-12-31,0.0025373279984385673,0.2,fixed q=0.20,0.012686639992192836
260795,Jaqueira,26,10247,2022-12-31,0.0025373279984385673,0.25,fixed q=0.25,0.01014931199375427
260795,Jaqueira,26,10247,2022-12-31,0.0025373279984385673,0.3,fixed q=0.30,0.008457759994795224
260795,Jaqueira,26,10440,2025-12-21,0.0024904214559386974,0.007454145308640366,global-q 2.5%,0.33409886081130735
260795,Jaqueira,26,10440,2025-12-21,0.0024904214559386974,0.009820323685458794,global-q median,0.25359871382104526
260795,Jaqueira,26,10440,2025-12-21,0.0024904214559386974,0.01510174051658718,global-q 97.5%,0.16490956477521998
260795,Jaqueira,26,10440,2025-12-21,0.0024904214559386974,0.05,fixed q=0.05,0.04980842911877394
260795,Jaqueira,26,10440,2025-12-21,0.0024904214559386974,0.1,fixed q=0.10,0.02490421455938697
260795,Jaqueira,26,10440,2025-12-21,0.0024904214559386974,0.15,fixed q=0.15,0.016602809706257982
260795,Jaqueira,26,10440,2025-12-21,0.0024904214559386974,0.2,fixed q=0.20,0.012452107279693486
260795,Jaqueira,26,10440,2025-12-21,0.0024904214559386974,0.25,fixed q=0.25,0.00996168582375479
260795,Jaqueira,26,10440,2025-12-21,0.0024904214559386974,0.3,fixed q=0.30,0.008301404853128991
260800,Jataúba,2,16943,2016-12-31,1.1804284955438824e-4,0.007454145308640366,global-q 2.5%,0.015835866443005955
260800,Jataúba,2,16943,2016-12-31,1.1804284955438824e-4,0.009820323685458794,global-q median,0.01202026056729447
260800,Jataúba,2,16943,2016-12-31,1.1804284955438824e-4,0.01510174051658718,global-q 97.5%,0.007816506277851513
260800,Jataúba,2,16943,2016-12-31,1.1804284955438824e-4,0.05,fixed q=0.05,0.0023608569910877645
260800,Jataúba,2,16943,2016-12-31,1.1804284955438824e-4,0.1,fixed q=0.10,0.0011804284955438823
260800,Jataúba,2,16943,2016-12-31,1.1804284955438824e-4,0.15,fixed q=0.15,7.869523303625884e-4
260800,Jataúba,2,16943,2016-12-31,1.1804284955438824e-4,0.2,fixed q=0.20,5.902142477719411e-4
260800,Jataúba,2,16943,2016-12-31,1.1804284955438824e-4,0.25,fixed q=0.25,4.7217139821755297e-4
260800,Jataúba,2,16943,2016-12-31,1.1804284955438824e-4,0.3,fixed q=0.30,3.934761651812942e-4
260800,Jataúba,4,17070,2018-12-31,2.3432923257176333e-4,0.007454145308640366,global-q 2.5%,0.031436096677662555
260800,Jataúba,4,17070,2018-12-31,2.3432923257176333e-4,0.009820323685458794,global-q median,0.02386166078402697
260800,Jataúba,4,17070,2018-12-31,2.3432923257176333e-4,0.01510174051658718,global-q 97.5%,0.015516703674942962
260800,Jataúba,4,17070,2018-12-31,2.3432923257176333e-4,0.05,fixed q=0.05,0.0046865846514352666
260800,Jataúba,4,17070,2018-12-31,2.3432923257176333e-4,0.1,fixed q=0.10,0.0023432923257176333
260800,Jataúba,4,17070,2018-12-31,2.3432923257176333e-4,0.15,fixed q=0.15,0.0015621948838117556
260800,Jataúba,4,17070,2018-12-31,2.3432923257176333e-4,0.2,fixed q=0.20,0.0011716461628588166
260800,Jataúba,4,17070,2018-12-31,2.3432923257176333e-4,0.25,fixed q=0.25,9.373169302870533e-4
260800,Jataúba,4,17070,2018-12-31,2.3432923257176333e-4,0.3,fixed q=0.30,7.810974419058778e-4
260800,Jataúba,6,17305,2021-12-31,3.4672060098237504e-4,0.007454145308640366,global-q 2.5%,0.046513796904452454
260800,Jataúba,6,17305,2021-12-31,3.4672060098237504e-4,0.009820323685458794,global-q median,0.03530643307570128
260800,Jataúba,6,17305,2021-12-31,3.4672060098237504e-4,0.01510174051658718,global-q 97.5%,0.022958982814037247
260800,Jataúba,6,17305,2021-12-31,3.4672060098237504e-4,0.05,fixed q=0.05,0.006934412019647501
260800,Jataúba,6,17305,2021-12-31,3.4672060098237504e-4,0.1,fixed q=0.10,0.0034672060098237503
260800,Jataúba,6,17305,2021-12-31,3.4672060098237504e-4,0.15,fixed q=0.15,0.0023114706732158337
260800,Jataúba,6,17305,2021-12-31,3.4672060098237504e-4,0.2,fixed q=0.20,0.0017336030049118752
260800,Jataúba,6,17305,2021-12-31,3.4672060098237504e-4,0.25,fixed q=0.25,0.0013868824039295002
260800,Jataúba,6,17305,2021-12-31,3.4672060098237504e-4,0.3,fixed q=0.30,0.0011557353366079169
260800,Jataúba,37,15843,2022-12-31,0.0023354162721706748,0.007454145308640366,global-q 2.5%,0.31330436629181485
260800,Jataúba,37,15843,2022-12-31,0.0023354162721706748,0.009820323685458794,global-q median,0.23781459216347273
260800,Jataúba,37,15843,2022-12-31,0.0023354162721706748,0.01510174051658718,global-q 97.5%,0.15464550391430326
260800,Jataúba,37,15843,2022-12-31,0.0023354162721706748,0.05,fixed q=0.05,0.046708325443413495
260800,Jataúba,37,15843,2022-12-31,0.0023354162721706748,0.1,fixed q=0.10,0.023354162721706748
260800,Jataúba,37,15843,2022-12-31,0.0023354162721706748,0.15,fixed q=0.15,0.015569441814471166
260800,Jataúba,37,15843,2022-12-31,0.0023354162721706748,0.2,fixed q=0.20,0.011677081360853374
260800,Jataúba,37,15843,2022-12-31,0.0023354162721706748,0.25,fixed q=0.25,0.009341665088682699
260800,Jataúba,37,15843,2022-12-31,0.0023354162721706748,0.3,fixed q=0.30,0.007784720907235583
260800,Jataúba,109,16328,2025-12-21,0.006675649191572758,0.007454145308640366,global-q 2.5%,0.8955619880168924
260800,Jataúba,109,16328,2025-12-21,0.006675649191572758,0.009820323685458794,global-q median,0.6797789365596537
260800,Jataúba,109,16328,2025-12-21,0.006675649191572758,0.01510174051658718,global-q 97.5%,0.44204502019091624
260800,Jataúba,109,16328,2025-12-21,0.006675649191572758,0.05,fixed q=0.05,0.13351298383145516
260800,Jataúba,109,16328,2025-12-21,0.006675649191572758,0.1,fixed q=0.10,0.06675649191572758
260800,Jataúba,109,16328,2025-12-21,0.006675649191572758,0.15,fixed q=0.15,0.04450432794381839
260800,Jataúba,109,16328,2025-12-21,0.006675649191572758,0.2,fixed q=0.20,0.03337824595786379
260800,Jataúba,109,16328,2025-12-21,0.006675649191572758,0.25,fixed q=0.25,0.026702596766291033
260800,Jataúba,109,16328,2025-12-21,0.006675649191572758,0.3,fixed q=0.30,0.022252163971909194
260805,Jatobá,1,14646,2016-12-31,6.827802813054759e-5,0.007454145308640366,global-q 2.5%,0.009159739353538504
260805,Jatobá,1,14646,2016-12-31,6.827802813054759e-5,0.009820323685458794,global-q median,0.006952726846636289
260805,Jatobá,1,14646,2016-12-31,6.827802813054759e-5,0.01510174051658718,global-q 97.5%,0.004521202576322483
260805,Jatobá,1,14646,2016-12-31,6.827802813054759e-5,0.05,fixed q=0.05,0.0013655605626109516
260805,Jatobá,1,14646,2016-12-31,6.827802813054759e-5,0.1,fixed q=0.10,6.827802813054758e-4
260805,Jatobá,1,14646,2016-12-31,6.827802813054759e-5,0.15,fixed q=0.15,4.551868542036506e-4
260805,Jatobá,1,14646,2016-12-31,6.827802813054759e-5,0.2,fixed q=0.20,3.413901406527379e-4
260805,Jatobá,1,14646,2016-12-31,6.827802813054759e-5,0.25,fixed q=0.25,2.7311211252219035e-4
260805,Jatobá,1,14646,2016-12-31,6.827802813054759e-5,0.3,fixed q=0.30,2.275934271018253e-4
260805,Jatobá,1,14740,2018-12-31,6.7842605156038e-5,0.007454145308640366,global-q 2.5%,0.009101325818990839
260805,Jatobá,1,14740,2018-12-31,6.7842605156038e-5,0.009820323685458794,global-q median,0.006908387883028162
260805,Jatobá,1,14740,2018-12-31,6.7842605156038e-5,0.01510174051658718,global-q 97.5%,0.004492369941168188
260805,Jatobá,1,14740,2018-12-31,6.7842605156038e-5,0.05,fixed q=0.05,0.00135685210312076
260805,Jatobá,1,14740,2018-12-31,6.7842605156038e-5,0.1,fixed q=0.10,6.7842605156038e-4
260805,Jatobá,1,14740,2018-12-31,6.7842605156038e-5,0.15,fixed q=0.15,4.5228403437358667e-4
260805,Jatobá,1,14740,2018-12-31,6.7842605156038e-5,0.2,fixed q=0.20,3.3921302578019e-4
260805,Jatobá,1,14740,2018-12-31,6.7842605156038e-5,0.25,fixed q=0.25,2.71370420624152e-4
260805,Jatobá,1,14740,2018-12-31,6.7842605156038e-5,0.3,fixed q=0.30,2.2614201718679333e-4
260805,Jatobá,3,14904,2021-12-31,2.0128824476650564e-4,0.007454145308640366,global-q 2.5%,0.02700353111351146
260805,Jatobá,3,14904,2021-12-31,2.0128824476650564e-4,0.009820323685458794,global-q median,0.02049710897661737
260805,Jatobá,3,14904,2021-12-31,2.0128824476650564e-4,0.01510174051658718,global-q 97.5%,0.013328810976815438
260805,Jatobá,3,14904,2021-12-31,2.0128824476650564e-4,0.05,fixed q=0.05,0.004025764895330112
260805,Jatobá,3,14904,2021-12-31,2.0128824476650564e-4,0.1,fixed q=0.10,0.002012882447665056
260805,Jatobá,3,14904,2021-12-31,2.0128824476650564e-4,0.15,fixed q=0.15,0.0013419216317767043
260805,Jatobá,3,14904,2021-12-31,2.0128824476650564e-4,0.2,fixed q=0.20,0.001006441223832528
260805,Jatobá,3,14904,2021-12-31,2.0128824476650564e-4,0.25,fixed q=0.25,8.051529790660225e-4
260805,Jatobá,3,14904,2021-12-31,2.0128824476650564e-4,0.3,fixed q=0.30,6.709608158883522e-4
260805,Jatobá,6,14020,2022-12-31,4.2796005706134097e-4,0.007454145308640366,global-q 2.5%,0.05741235773406203
260805,Jatobá,6,14020,2022-12-31,4.2796005706134097e-4,0.009820323685458794,global-q median,0.04357901743045725
260805,Jatobá,6,14020,2022-12-31,4.2796005706134097e-4,0.01510174051658718,global-q 97.5%,0.028338459172390484
260805,Jatobá,6,14020,2022-12-31,4.2796005706134097e-4,0.05,fixed q=0.05,0.008559201141226819
260805,Jatobá,6,14020,2022-12-31,4.2796005706134097e-4,0.1,fixed q=0.10,0.0042796005706134095
260805,Jatobá,6,14020,2022-12-31,4.2796005706134097e-4,0.15,fixed q=0.15,0.0028530670470756064
260805,Jatobá,6,14020,2022-12-31,4.2796005706134097e-4,0.2,fixed q=0.20,0.0021398002853067048
260805,Jatobá,6,14020,2022-12-31,4.2796005706134097e-4,0.25,fixed q=0.25,0.0017118402282453639
260805,Jatobá,6,14020,2022-12-31,4.2796005706134097e-4,0.3,fixed q=0.30,0.0014265335235378032
260805,Jatobá,6,14477,2025-12-21,4.1445050770187194e-4,0.007454145308640366,global-q 2.5%,0.05560000382893898
260805,Jatobá,6,14477,2025-12-21,4.1445050770187194e-4,0.009820323685458794,global-q median,0.04220334491780138
260805,Jatobá,6,14477,2025-12-21,4.1445050770187194e-4,0.01510174051658718,global-q 97.5%,0.0274438901427723
260805,Jatobá,6,14477,2025-12-21,4.1445050770187194e-4,0.05,fixed q=0.05,0.008289010154037438
260805,Jatobá,6,14477,2025-12-21,4.1445050770187194e-4,0.1,fixed q=0.10,0.004144505077018719
260805,Jatobá,6,14477,2025-12-21,4.1445050770187194e-4,0.15,fixed q=0.15,0.002763003384679146
260805,Jatobá,6,14477,2025-12-21,4.1445050770187194e-4,0.2,fixed q=0.20,0.0020722525385093596
260805,Jatobá,6,14477,2025-12-21,4.1445050770187194e-4,0.25,fixed q=0.25,0.0016578020308074877
260805,Jatobá,6,14477,2025-12-21,4.1445050770187194e-4,0.3,fixed q=0.30,0.001381501692339573
260810,João Alfredo,13,33217,2016-12-31,3.913658668753951e-4,0.007454145308640366,global-q 2.5%,0.05250311748306663
260810,João Alfredo,13,33217,2016-12-31,3.913658668753951e-4,0.009820323685458794,global-q median,0.03985264431302815
260810,João Alfredo,13,33217,2016-12-31,3.913658668753951e-4,0.01510174051658718,global-q 97.5%,0.02591528217860277
260810,João Alfredo,13,33217,2016-12-31,3.913658668753951e-4,0.05,fixed q=0.05,0.007827317337507902
260810,João Alfredo,13,33217,2016-12-31,3.913658668753951e-4,0.1,fixed q=0.10,0.003913658668753951
260810,João Alfredo,13,33217,2016-12-31,3.913658668753951e-4,0.15,fixed q=0.15,0.0026091057791693007
260810,João Alfredo,13,33217,2016-12-31,3.913658668753951e-4,0.2,fixed q=0.20,0.0019568293343769755
260810,João Alfredo,13,33217,2016-12-31,3.913658668753951e-4,0.25,fixed q=0.25,0.0015654634675015804
260810,João Alfredo,13,33217,2016-12-31,3.913658668753951e-4,0.3,fixed q=0.30,0.0013045528895846504
260810,João Alfredo,13,33563,2018-12-31,3.8733128742961e-4,0.007454145308640366,global-q 2.5%,0.05196186435762668
260810,João Alfredo,13,33563,2018-12-31,3.8733128742961e-4,0.009820323685458794,global-q median,0.039441804551019165
260810,João Alfredo,13,33563,2018-12-31,3.8733128742961e-4,0.01510174051658718,global-q 97.5%,0.025648122281281417
260810,João Alfredo,13,33563,2018-12-31,3.8733128742961e-4,0.05,fixed q=0.05,0.0077466257485921996
260810,João Alfredo,13,33563,2018-12-31,3.8733128742961e-4,0.1,fixed q=0.10,0.0038733128742960998
260810,João Alfredo,13,33563,2018-12-31,3.8733128742961e-4,0.15,fixed q=0.15,0.002582208582864067
260810,João Alfredo,13,33563,2018-12-31,3.8733128742961e-4,0.2,fixed q=0.20,0.0019366564371480499
260810,João Alfredo,13,33563,2018-12-31,3.8733128742961e-4,0.25,fixed q=0.25,0.00154932514971844
260810,João Alfredo,13,33563,2018-12-31,3.8733128742961e-4,0.3,fixed q=0.30,0.0012911042914320334
260810,João Alfredo,110,33570,2021-12-31,0.0032767351802204347,0.007454145308640366,global-q 2.5%,0.43958563249662624
260810,João Alfredo,110,33570,2021-12-31,0.0032767351802204347,0.009820323685458794,global-q median,0.33366875524402323
260810,João Alfredo,110,33570,2021-12-31,0.0032767351802204347,0.01510174051658718,global-q 97.5%,0.21697731970837353
260810,João Alfredo,110,33570,2021-12-31,0.0032767351802204347,0.05,fixed q=0.05,0.06553470360440869
260810,João Alfredo,110,33570,2021-12-31,0.0032767351802204347,0.1,fixed q=0.10,0.032767351802204345
260810,João Alfredo,110,33570,2021-12-31,0.0032767351802204347,0.15,fixed q=0.15,0.021844901201469567
260810,João Alfredo,110,33570,2021-12-31,0.0032767351802204347,0.2,fixed q=0.20,0.016383675901102172
260810,João Alfredo,110,33570,2021-12-31,0.0032767351802204347,0.25,fixed q=0.25,0.013106940720881739
260810,João Alfredo,110,33570,2021-12-31,0.0032767351802204347,0.3,fixed q=0.30,0.010922450600734783
260810,João Alfredo,118,27725,2022-12-31,0.0042560865644724975,0.007454145308640366,global-q 2.5%,0.570969090116759
260810,João Alfredo,118,27725,2022-12-31,0.0042560865644724975,0.009820323685458794,global-q median,0.43339575158551996
260810,João Alfredo,118,27725,2022-12-31,0.0042560865644724975,0.01510174051658718,global-q 97.5%,0.28182755224788647
260810,João Alfredo,118,27725,2022-12-31,0.0042560865644724975,0.05,fixed q=0.05,0.08512173128944994
260810,João Alfredo,118,27725,2022-12-31,0.0042560865644724975,0.1,fixed q=0.10,0.04256086564472497
260810,João Alfredo,118,27725,2022-12-31,0.0042560865644724975,0.15,fixed q=0.15,0.02837391042981665
260810,João Alfredo,118,27725,2022-12-31,0.0042560865644724975,0.2,fixed q=0.20,0.021280432822362486
260810,João Alfredo,118,27725,2022-12-31,0.0042560865644724975,0.25,fixed q=0.25,0.01702434625788999
260810,João Alfredo,118,27725,2022-12-31,0.0042560865644724975,0.3,fixed q=0.30,0.014186955214908325
260810,João Alfredo,122,28842,2025-12-21,0.00422994244504542,0.007454145308640366,global-q 2.5%,0.567461763878193
260810,João Alfredo,122,28842,2025-12-21,0.00422994244504542,0.009820323685458794,global-q median,0.4307335053842273
260810,João Alfredo,122,28842,2025-12-21,0.00422994244504542,0.01510174051658718,global-q 97.5%,0.28009635315872444
260810,João Alfredo,122,28842,2025-12-21,0.00422994244504542,0.05,fixed q=0.05,0.0845988489009084
260810,João Alfredo,122,28842,2025-12-21,0.00422994244504542,0.1,fixed q=0.10,0.0422994244504542
260810,João Alfredo,122,28842,2025-12-21,0.00422994244504542,0.15,fixed q=0.15,0.028199616300302804
260810,João Alfredo,122,28842,2025-12-21,0.00422994244504542,0.2,fixed q=0.20,0.0211497122252271
260810,João Alfredo,122,28842,2025-12-21,0.00422994244504542,0.25,fixed q=0.25,0.01691976978018168
260810,João Alfredo,122,28842,2025-12-21,0.00422994244504542,0.3,fixed q=0.30,0.014099808150151402
260820,Joaquim Nabuco,1,16004,2016-12-31,6.248437890527369e-5,0.007454145308640366,global-q 2.5%,0.008382500785548922
260820,Joaquim Nabuco,1,16004,2016-12-31,6.248437890527369e-5,0.009820323685458794,global-q median,0.006362761646827987
260820,Joaquim Nabuco,1,16004,2016-12-31,6.248437890527369e-5,0.01510174051658718,global-q 97.5%,0.004137561417946707
260820,Joaquim Nabuco,1,16004,2016-12-31,6.248437890527369e-5,0.05,fixed q=0.05,0.0012496875781054736
260820,Joaquim Nabuco,1,16004,2016-12-31,6.248437890527369e-5,0.1,fixed q=0.10,6.248437890527368e-4
260820,Joaquim Nabuco,1,16004,2016-12-31,6.248437890527369e-5,0.15,fixed q=0.15,4.165625260351579e-4
260820,Joaquim Nabuco,1,16004,2016-12-31,6.248437890527369e-5,0.2,fixed q=0.20,3.124218945263684e-4
260820,Joaquim Nabuco,1,16004,2016-12-31,6.248437890527369e-5,0.25,fixed q=0.25,2.4993751562109475e-4
260820,Joaquim Nabuco,1,16004,2016-12-31,6.248437890527369e-5,0.3,fixed q=0.30,2.0828126301757896e-4
260820,Joaquim Nabuco,1,16036,2018-12-31,6.235969069593415e-5,0.007454145308640366,global-q 2.5%,0.008365773420549075
260820,Joaquim Nabuco,1,16036,2018-12-31,6.235969069593415e-5,0.009820323685458794,global-q median,0.006350064691683407
260820,Joaquim Nabuco,1,16036,2018-12-31,6.235969069593415e-5,0.01510174051658718,global-q 97.5%,0.004129304872338432
260820,Joaquim Nabuco,1,16036,2018-12-31,6.235969069593415e-5,0.05,fixed q=0.05,0.001247193813918683
260820,Joaquim Nabuco,1,16036,2018-12-31,6.235969069593415e-5,0.1,fixed q=0.10,6.235969069593415e-4
260820,Joaquim Nabuco,1,16036,2018-12-31,6.235969069593415e-5,0.15,fixed q=0.15,4.157312713062277e-4
260820,Joaquim Nabuco,1,16036,2018-12-31,6.235969069593415e-5,0.2,fixed q=0.20,3.1179845347967076e-4
260820,Joaquim Nabuco,1,16036,2018-12-31,6.235969069593415e-5,0.25,fixed q=0.25,2.494387627837366e-4
260820,Joaquim Nabuco,1,16036,2018-12-31,6.235969069593415e-5,0.3,fixed q=0.30,2.0786563565311386e-4
260820,Joaquim Nabuco,3,13269,2022-12-31,2.2609088853719196e-4,0.007454145308640366,global-q 2.5%,0.03033089364049852
260820,Joaquim Nabuco,3,13269,2022-12-31,2.2609088853719196e-4,0.009820323685458794,global-q median,0.023022753198244428
260820,Joaquim Nabuco,3,13269,2022-12-31,2.2609088853719196e-4,0.01510174051658718,global-q 97.5%,0.014971180857521839
260820,Joaquim Nabuco,3,13269,2022-12-31,2.2609088853719196e-4,0.05,fixed q=0.05,0.004521817770743839
260820,Joaquim Nabuco,3,13269,2022-12-31,2.2609088853719196e-4,0.1,fixed q=0.10,0.0022609088853719193
260820,Joaquim Nabuco,3,13269,2022-12-31,2.2609088853719196e-4,0.15,fixed q=0.15,0.0015072725902479465
260820,Joaquim Nabuco,3,13269,2022-12-31,2.2609088853719196e-4,0.2,fixed q=0.20,0.0011304544426859596
260820,Joaquim Nabuco,3,13269,2022-12-31,2.2609088853719196e-4,0.25,fixed q=0.25,9.043635541487678e-4
260820,Joaquim Nabuco,3,13269,2022-12-31,2.2609088853719196e-4,0.3,fixed q=0.30,7.536362951239732e-4
260820,Joaquim Nabuco,3,15999,2021-12-31,1.8751171948246765e-4,0.007454145308640366,global-q 2.5%,0.025155361442326073
260820,Joaquim Nabuco,3,15999,2021-12-31,1.8751171948246765e-4,0.009820323685458794,global-q median,0.01909425040236923
260820,Joaquim Nabuco,3,15999,2021-12-31,1.8751171948246765e-4,0.01510174051658718,global-q 97.5%,0.012416563460119837
260820,Joaquim Nabuco,3,15999,2021-12-31,1.8751171948246765e-4,0.05,fixed q=0.05,0.003750234389649353
260820,Joaquim Nabuco,3,15999,2021-12-31,1.8751171948246765e-4,0.1,fixed q=0.10,0.0018751171948246765
260820,Joaquim Nabuco,3,15999,2021-12-31,1.8751171948246765e-4,0.15,fixed q=0.15,0.0012500781298831177
260820,Joaquim Nabuco,3,15999,2021-12-31,1.8751171948246765e-4,0.2,fixed q=0.20,9.375585974123383e-4
260820,Joaquim Nabuco,3,15999,2021-12-31,1.8751171948246765e-4,0.25,fixed q=0.25,7.500468779298706e-4
260820,Joaquim Nabuco,3,15999,2021-12-31,1.8751171948246765e-4,0.3,fixed q=0.30,6.250390649415588e-4
260820,Joaquim Nabuco,18,13416,2025-12-21,0.0013416815742397137,0.007454145308640366,global-q 2.5%,0.17999133618773472
260820,Joaquim Nabuco,18,13416,2025-12-21,0.0013416815742397137,0.009820323685458794,global-q median,0.13662294820550325
260820,Joaquim Nabuco,18,13416,2025-12-21,0.0013416815742397137,0.01510174051658718,global-q 97.5%,0.0888428438275748
260820,Joaquim Nabuco,18,13416,2025-12-21,0.0013416815742397137,0.05,fixed q=0.05,0.02683363148479427
260820,Joaquim Nabuco,18,13416,2025-12-21,0.0013416815742397137,0.1,fixed q=0.10,0.013416815742397135
260820,Joaquim Nabuco,18,13416,2025-12-21,0.0013416815742397137,0.15,fixed q=0.15,0.008944543828264758
260820,Joaquim Nabuco,18,13416,2025-12-21,0.0013416815742397137,0.2,fixed q=0.20,0.006708407871198568
260820,Joaquim Nabuco,18,13416,2025-12-21,0.0013416815742397137,0.25,fixed q=0.25,0.005366726296958855
260820,Joaquim Nabuco,18,13416,2025-12-21,0.0013416815742397137,0.3,fixed q=0.30,0.004472271914132379
260825,Jucati,0,11269,2016-12-31,0,0.007454145308640366,global-q 2.5%,0
260825,Jucati,0,11269,2016-12-31,0,0.009820323685458794,global-q median,0
260825,Jucati,0,11269,2016-12-31,0,0.01510174051658718,global-q 97.5%,0
260825,Jucati,0,11269,2016-12-31,0,0.05,fixed q=0.05,0
260825,Jucati,0,11269,2016-12-31,0,0.1,fixed q=0.10,0
260825,Jucati,0,11269,2016-12-31,0,0.15,fixed q=0.15,0
260825,Jucati,0,11269,2016-12-31,0,0.2,fixed q=0.20,0
260825,Jucati,0,11269,2016-12-31,0,0.25,fixed q=0.25,0
260825,Jucati,0,11269,2016-12-31,0,0.3,fixed q=0.30,0
260825,Jucati,0,11361,2018-12-31,0,0.007454145308640366,global-q 2.5%,0
260825,Jucati,0,11361,2018-12-31,0,0.009820323685458794,global-q median,0
260825,Jucati,0,11361,2018-12-31,0,0.01510174051658718,global-q 97.5%,0
260825,Jucati,0,11361,2018-12-31,0,0.05,fixed q=0.05,0
260825,Jucati,0,11361,2018-12-31,0,0.1,fixed q=0.10,0
260825,Jucati,0,11361,2018-12-31,0,0.15,fixed q=0.15,0
260825,Jucati,0,11361,2018-12-31,0,0.2,fixed q=0.20,0
260825,Jucati,0,11361,2018-12-31,0,0.25,fixed q=0.25,0
260825,Jucati,0,11361,2018-12-31,0,0.3,fixed q=0.30,0
260825,Jucati,1,11545,2021-12-31,8.661758336942399e-5,0.007454145308640366,global-q 2.5%,0.01162005565802728
260825,Jucati,1,11545,2021-12-31,8.661758336942399e-5,0.009820323685458794,global-q median,0.00882023710661196
260825,Jucati,1,11545,2021-12-31,8.661758336942399e-5,0.01510174051658718,global-q 97.5%,0.005735602679326037
260825,Jucati,1,11545,2021-12-31,8.661758336942399e-5,0.05,fixed q=0.05,0.0017323516673884798
260825,Jucati,1,11545,2021-12-31,8.661758336942399e-5,0.1,fixed q=0.10,8.661758336942399e-4
260825,Jucati,1,11545,2021-12-31,8.661758336942399e-5,0.15,fixed q=0.15,5.774505557961599e-4
260825,Jucati,1,11545,2021-12-31,8.661758336942399e-5,0.2,fixed q=0.20,4.3308791684711995e-4
260825,Jucati,1,11545,2021-12-31,8.661758336942399e-5,0.25,fixed q=0.25,3.4647033347769596e-4
260825,Jucati,1,11545,2021-12-31,8.661758336942399e-5,0.3,fixed q=0.30,2.8872527789807997e-4
260825,Jucati,10,11517,2022-12-31,8.682816705739342e-4,0.007454145308640366,global-q 2.5%,0.11648306205776239
260825,Jucati,10,11517,2022-12-31,8.682816705739342e-4,0.009820323685458794,global-q median,0.08841680767199366
260825,Jucati,10,11517,2022-12-31,8.682816705739342e-4,0.01510174051658718,global-q 97.5%,0.057495470116192667
260825,Jucati,10,11517,2022-12-31,8.682816705739342e-4,0.05,fixed q=0.05,0.017365633411478683
260825,Jucati,10,11517,2022-12-31,8.682816705739342e-4,0.1,fixed q=0.10,0.008682816705739341
260825,Jucati,10,11517,2022-12-31,8.682816705739342e-4,0.15,fixed q=0.15,0.005788544470492895
260825,Jucati,10,11517,2022-12-31,8.682816705739342e-4,0.2,fixed q=0.20,0.004341408352869671
260825,Jucati,10,11517,2022-12-31,8.682816705739342e-4,0.25,fixed q=0.25,0.003473126682295737
260825,Jucati,10,11517,2022-12-31,8.682816705739342e-4,0.3,fixed q=0.30,0.0028942722352464476
260825,Jucati,14,12023,2025-12-21,0.001164434833236297,0.007454145308640366,global-q 2.5%,0.1562130579727979
260825,Jucati,14,12023,2025-12-21,0.001164434833236297,0.009820323685458794,global-q median,0.11857397683953183
260825,Jucati,14,12023,2025-12-21,0.001164434833236297,0.01510174051658718,global-q 97.5%,0.0771060019179462
260825,Jucati,14,12023,2025-12-21,0.001164434833236297,0.05,fixed q=0.05,0.02328869666472594
260825,Jucati,14,12023,2025-12-21,0.001164434833236297,0.1,fixed q=0.10,0.01164434833236297
260825,Jucati,14,12023,2025-12-21,0.001164434833236297,0.15,fixed q=0.15,0.007762898888241981
260825,Jucati,14,12023,2025-12-21,0.001164434833236297,0.2,fixed q=0.20,0.005822174166181485
260825,Jucati,14,12023,2025-12-21,0.001164434833236297,0.25,fixed q=0.25,0.004657739332945188
260825,Jucati,14,12023,2025-12-21,0.001164434833236297,0.3,fixed q=0.30,0.0038814494441209903
260830,Jupi,1,14620,2016-12-31,6.839945280437756e-5,0.007454145308640366,global-q 2.5%,0.009176028903688436
260830,Jupi,1,14620,2016-12-31,6.839945280437756e-5,0.009820323685458794,global-q median,0.006965091477143304
260830,Jupi,1,14620,2016-12-31,6.839945280437756e-5,0.01510174051658718,global-q 97.5%,0.004529243018660677
260830,Jupi,1,14620,2016-12-31,6.839945280437756e-5,0.05,fixed q=0.05,0.0013679890560875513
260830,Jupi,1,14620,2016-12-31,6.839945280437756e-5,0.1,fixed q=0.10,6.839945280437756e-4
260830,Jupi,1,14620,2016-12-31,6.839945280437756e-5,0.15,fixed q=0.15,4.5599635202918376e-4
260830,Jupi,1,14620,2016-12-31,6.839945280437756e-5,0.2,fixed q=0.20,3.419972640218878e-4
260830,Jupi,1,14620,2016-12-31,6.839945280437756e-5,0.25,fixed q=0.25,2.7359781121751026e-4
260830,Jupi,1,14620,2016-12-31,6.839945280437756e-5,0.3,fixed q=0.30,2.2799817601459188e-4
260830,Jupi,1,14747,2018-12-31,6.781040211568454e-5,0.007454145308640366,global-q 2.5%,0.009097005667045835
260830,Jupi,1,14747,2018-12-31,6.781040211568454e-5,0.009820323685458794,global-q median,0.006905108659105926
260830,Jupi,1,14747,2018-12-31,6.781040211568454e-5,0.01510174051658718,global-q 97.5%,0.004490237535283046
260830,Jupi,1,14747,2018-12-31,6.781040211568454e-5,0.05,fixed q=0.05,0.0013562080423136908
260830,Jupi,1,14747,2018-12-31,6.781040211568454e-5,0.1,fixed q=0.10,6.781040211568454e-4
260830,Jupi,1,14747,2018-12-31,6.781040211568454e-5,0.15,fixed q=0.15,4.5206934743789696e-4
260830,Jupi,1,14747,2018-12-31,6.781040211568454e-5,0.2,fixed q=0.20,3.390520105784227e-4
260830,Jupi,1,14747,2018-12-31,6.781040211568454e-5,0.25,fixed q=0.25,2.712416084627382e-4
260830,Jupi,1,14747,2018-12-31,6.781040211568454e-5,0.3,fixed q=0.30,2.2603467371894848e-4
260830,Jupi,1,15007,2021-12-31,6.663557006730193e-5,0.007454145308640366,global-q 2.5%,0.008939397785828277
260830,Jupi,1,15007,2021-12-31,6.663557006730193e-5,0.009820323685458794,global-q median,0.006785475937618119
260830,Jupi,1,15007,2021-12-31,6.663557006730193e-5,0.01510174051658718,global-q 97.5%,0.00441244305542874
260830,Jupi,1,15007,2021-12-31,6.663557006730193e-5,0.05,fixed q=0.05,0.0013327114013460385
260830,Jupi,1,15007,2021-12-31,6.663557006730193e-5,0.1,fixed q=0.10,6.663557006730193e-4
260830,Jupi,1,15007,2021-12-31,6.663557006730193e-5,0.15,fixed q=0.15,4.442371337820129e-4
260830,Jupi,1,15007,2021-12-31,6.663557006730193e-5,0.2,fixed q=0.20,3.3317785033650963e-4
260830,Jupi,1,15007,2021-12-31,6.663557006730193e-5,0.25,fixed q=0.25,2.6654228026920773e-4
260830,Jupi,1,15007,2021-12-31,6.663557006730193e-5,0.3,fixed q=0.30,2.2211856689100646e-4
260830,Jupi,1,15329,2022-12-31,6.523582751647205e-5,0.007454145308640366,global-q 2.5%,0.008751617363945786
260830,Jupi,1,15329,2022-12-31,6.523582751647205e-5,0.009820323685458794,global-q median,0.00664294066121959
260830,Jupi,1,15329,2022-12-31,6.523582751647205e-5,0.01510174051658718,global-q 97.5%,0.004319755556971693
260830,Jupi,1,15329,2022-12-31,6.523582751647205e-5,0.05,fixed q=0.05,0.001304716550329441
260830,Jupi,1,15329,2022-12-31,6.523582751647205e-5,0.1,fixed q=0.10,6.523582751647205e-4
260830,Jupi,1,15329,2022-12-31,6.523582751647205e-5,0.15,fixed q=0.15,4.3490551677648036e-4
260830,Jupi,1,15329,2022-12-31,6.523582751647205e-5,0.2,fixed q=0.20,3.261791375823602e-4
260830,Jupi,1,15329,2022-12-31,6.523582751647205e-5,0.25,fixed q=0.25,2.609433100658882e-4
260830,Jupi,1,15329,2022-12-31,6.523582751647205e-5,0.3,fixed q=0.30,2.1745275838824018e-4
260830,Jupi,1,16022,2025-12-21,6.241418050181001e-5,0.007454145308640366,global-q 2.5%,0.008373083421041377
260830,Jupi,1,16022,2025-12-21,6.241418050181001e-5,0.009820323685458794,global-q median,0.006355613368857514
260830,Jupi,1,16022,2025-12-21,6.241418050181001e-5,0.01510174051658718,global-q 97.5%,0.0041329130528535195
260830,Jupi,1,16022,2025-12-21,6.241418050181001e-5,0.05,fixed q=0.05,0.0012482836100362001
260830,Jupi,1,16022,2025-12-21,6.241418050181001e-5,0.1,fixed q=0.10,6.241418050181001e-4
260830,Jupi,1,16022,2025-12-21,6.241418050181001e-5,0.15,fixed q=0.15,4.160945366787334e-4
260830,Jupi,1,16022,2025-12-21,6.241418050181001e-5,0.2,fixed q=0.20,3.1207090250905004e-4
260830,Jupi,1,16022,2025-12-21,6.241418050181001e-5,0.25,fixed q=0.25,2.4965672200724003e-4
260830,Jupi,1,16022,2025-12-21,6.241418050181001e-5,0.3,fixed q=0.30,2.080472683393667e-4
260840,Jurema,6,15229,2016-12-31,3.939851598923107e-4,0.007454145308640366,global-q 2.5%,0.05285450492031976
260840,Jurema,6,15229,2016-12-31,3.939851598923107e-4,0.009820323685458794,global-q median,0.04011936597117412
260840,Jurema,6,15229,2016-12-31,3.939851598923107e-4,0.01510174051658718,global-q 97.5%,0.026088725300211082
260840,Jurema,6,15229,2016-12-31,3.939851598923107e-4,0.05,fixed q=0.05,0.007879703197846213
260840,Jurema,6,15229,2016-12-31,3.939851598923107e-4,0.1,fixed q=0.10,0.003939851598923107
260840,Jurema,6,15229,2016-12-31,3.939851598923107e-4,0.15,fixed q=0.15,0.0026265677326154048
260840,Jurema,6,15229,2016-12-31,3.939851598923107e-4,0.2,fixed q=0.20,0.0019699257994615534
260840,Jurema,6,15229,2016-12-31,3.939851598923107e-4,0.25,fixed q=0.25,0.001575940639569243
260840,Jurema,6,15229,2016-12-31,3.939851598923107e-4,0.3,fixed q=0.30,0.0013132838663077024
260840,Jurema,7,15323,2018-12-31,4.5682960255824577e-4,0.007454145308640366,global-q 2.5%,0.06128530953491318
260840,Jurema,7,15323,2018-12-31,4.5682960255824577e-4,0.009820323685458794,global-q median,0.04651879278018963
260840,Jurema,7,15323,2018-12-31,4.5682960255824577e-4,0.01510174051658718,global-q 97.5%,0.030250129252087296
260840,Jurema,7,15323,2018-12-31,4.5682960255824577e-4,0.05,fixed q=0.05,0.009136592051164915
260840,Jurema,7,15323,2018-12-31,4.5682960255824577e-4,0.1,fixed q=0.10,0.0045682960255824575
260840,Jurema,7,15323,2018-12-31,4.5682960255824577e-4,0.15,fixed q=0.15,0.0030455306837216386
260840,Jurema,7,15323,2018-12-31,4.5682960255824577e-4,0.2,fixed q=0.20,0.0022841480127912287
260840,Jurema,7,15323,2018-12-31,4.5682960255824577e-4,0.25,fixed q=0.25,0.001827318410232983
260840,Jurema,7,15323,2018-12-31,4.5682960255824577e-4,0.3,fixed q=0.30,0.0015227653418608193
260840,Jurema,10,15483,2021-12-31,6.458696635019053e-4,0.007454145308640366,global-q 2.5%,0.0866457033985177
260840,Jurema,10,15483,2021-12-31,6.458696635019053e-4,0.009820323685458794,global-q median,0.06576867363936904
260840,Jurema,10,15483,2021-12-31,6.458696635019053e-4,0.01510174051658718,global-q 97.5%,0.0427678957132462
260840,Jurema,10,15483,2021-12-31,6.458696635019053e-4,0.05,fixed q=0.05,0.012917393270038106
260840,Jurema,10,15483,2021-12-31,6.458696635019053e-4,0.1,fixed q=0.10,0.006458696635019053
260840,Jurema,10,15483,2021-12-31,6.458696635019053e-4,0.15,fixed q=0.15,0.0043057977566793686
260840,Jurema,10,15483,2021-12-31,6.458696635019053e-4,0.2,fixed q=0.20,0.0032293483175095264
260840,Jurema,10,15483,2021-12-31,6.458696635019053e-4,0.25,fixed q=0.25,0.0025834786540076212
260840,Jurema,10,15483,2021-12-31,6.458696635019053e-4,0.3,fixed q=0.30,0.0021528988783396843
260840,Jurema,25,13648,2022-12-31,0.001831770222743259,0.007454145308640366,global-q 2.5%,0.24573846455877224
260840,Jurema,25,13648,2022-12-31,0.001831770222743259,0.009820323685458794,global-q median,0.18652849757443415
260840,Jurema,25,13648,2022-12-31,0.001831770222743259,0.01510174051658718,global-q 97.5%,0.12129530504985912
260840,Jurema,25,13648,2022-12-31,0.001831770222743259,0.05,fixed q=0.05,0.03663540445486518
260840,Jurema,25,13648,2022-12-31,0.001831770222743259,0.1,fixed q=0.10,0.01831770222743259
260840,Jurema,25,13648,2022-12-31,0.001831770222743259,0.15,fixed q=0.15,0.012211801484955062
260840,Jurema,25,13648,2022-12-31,0.001831770222743259,0.2,fixed q=0.20,0.009158851113716294
260840,Jurema,25,13648,2022-12-31,0.001831770222743259,0.25,fixed q=0.25,0.007327080890973036
260840,Jurema,25,13648,2022-12-31,0.001831770222743259,0.3,fixed q=0.30,0.006105900742477531
260840,Jurema,29,14002,2025-12-21,0.0020711326953292385,0.007454145308640366,global-q 2.5%,0.27784978821495665
260840,Jurema,29,14002,2025-12-21,0.0020711326953292385,0.009820323685458794,global-q median,0.21090269136403497
260840,Jurema,29,14002,2025-12-21,0.0020711326953292385,0.01510174051658718,global-q 97.5%,0.13714529746120221
260840,Jurema,29,14002,2025-12-21,0.0020711326953292385,0.05,fixed q=0.05,0.04142265390658477
260840,Jurema,29,14002,2025-12-21,0.0020711326953292385,0.1,fixed q=0.10,0.020711326953292385
260840,Jurema,29,14002,2025-12-21,0.0020711326953292385,0.15,fixed q=0.15,0.013807551302194923
260840,Jurema,29,14002,2025-12-21,0.0020711326953292385,0.2,fixed q=0.20,0.010355663476646192
260840,Jurema,29,14002,2025-12-21,0.0020711326953292385,0.25,fixed q=0.25,0.008284530781316954
260840,Jurema,29,14002,2025-12-21,0.0020711326953292385,0.3,fixed q=0.30,0.0069037756510974616
260845,Lagoa do Carro,5,17654,2016-12-31,2.832219327064688e-4,0.007454145308640366,global-q 2.5%,0.03799522560664013
260845,Lagoa do Carro,5,17654,2016-12-31,2.832219327064688e-4,0.009820323685458794,global-q median,0.02884038671004733
260845,Lagoa do Carro,5,17654,2016-12-31,2.832219327064688e-4,0.01510174051658718,global-q 97.5%,0.01875425765628727
260845,Lagoa do Carro,5,17654,2016-12-31,2.832219327064688e-4,0.05,fixed q=0.05,0.005664438654129376
260845,Lagoa do Carro,5,17654,2016-12-31,2.832219327064688e-4,0.1,fixed q=0.10,0.002832219327064688
260845,Lagoa do Carro,5,17654,2016-12-31,2.832219327064688e-4,0.15,fixed q=0.15,0.0018881462180431255
260845,Lagoa do Carro,5,17654,2016-12-31,2.832219327064688e-4,0.2,fixed q=0.20,0.001416109663532344
260845,Lagoa do Carro,5,17654,2016-12-31,2.832219327064688e-4,0.25,fixed q=0.25,0.0011328877308258753
260845,Lagoa do Carro,5,17654,2016-12-31,2.832219327064688e-4,0.3,fixed q=0.30,9.440731090215627e-4
260845,Lagoa do Carro,5,17886,2018-12-31,2.7954825002795484e-4,0.007454145308640366,global-q 2.5%,0.03750238806103236
260845,Lagoa do Carro,5,17886,2018-12-31,2.7954825002795484e-4,0.009820323685458794,global-q median,0.02846629693498689
260845,Lagoa do Carro,5,17886,2018-12-31,2.7954825002795484e-4,0.01510174051658718,global-q 97.5%,0.018510995452538044
260845,Lagoa do Carro,5,17886,2018-12-31,2.7954825002795484e-4,0.05,fixed q=0.05,0.005590965000559097
260845,Lagoa do Carro,5,17886,2018-12-31,2.7954825002795484e-4,0.1,fixed q=0.10,0.0027954825002795484
260845,Lagoa do Carro,5,17886,2018-12-31,2.7954825002795484e-4,0.15,fixed q=0.15,0.0018636550001863658
260845,Lagoa do Carro,5,17886,2018-12-31,2.7954825002795484e-4,0.2,fixed q=0.20,0.0013977412501397742
260845,Lagoa do Carro,5,17886,2018-12-31,2.7954825002795484e-4,0.25,fixed q=0.25,0.0011181930001118194
260845,Lagoa do Carro,5,17886,2018-12-31,2.7954825002795484e-4,0.3,fixed q=0.30,9.318275000931829e-4
260845,Lagoa do Carro,24,18429,2021-12-31,0.001302295295458245,0.007454145308640366,global-q 2.5%,0.17470752736047526
260845,Lagoa do Carro,24,18429,2021-12-31,0.001302295295458245,0.009820323685458794,global-q median,0.13261225771881502
260845,Lagoa do Carro,24,18429,2021-12-31,0.001302295295458245,0.01510174051658718,global-q 97.5%,0.08623478161526171
260845,Lagoa do Carro,24,18429,2021-12-31,0.001302295295458245,0.05,fixed q=0.05,0.0260459059091649
260845,Lagoa do Carro,24,18429,2021-12-31,0.001302295295458245,0.1,fixed q=0.10,0.01302295295458245
260845,Lagoa do Carro,24,18429,2021-12-31,0.001302295295458245,0.15,fixed q=0.15,0.008681968636388301
260845,Lagoa do Carro,24,18429,2021-12-31,0.001302295295458245,0.2,fixed q=0.20,0.006511476477291225
260845,Lagoa do Carro,24,18429,2021-12-31,0.001302295295458245,0.25,fixed q=0.25,0.00520918118183298
260845,Lagoa do Carro,24,18429,2021-12-31,0.001302295295458245,0.3,fixed q=0.30,0.004340984318194151
260845,Lagoa do Carro,27,17981,2022-12-31,0.0015015850063956398,0.007454145308640366,global-q 2.5%,0.20144294808086166
260845,Lagoa do Carro,27,17981,2022-12-31,0.0015015850063956398,0.009820323685458794,global-q median,0.15290585672029072
260845,Lagoa do Carro,27,17981,2022-12-31,0.0015015850063956398,0.01510174051658718,global-q 97.5%,0.09943125461243064
260845,Lagoa do Carro,27,17981,2022-12-31,0.0015015850063956398,0.05,fixed q=0.05,0.030031700127912796
260845,Lagoa do Carro,27,17981,2022-12-31,0.0015015850063956398,0.1,fixed q=0.10,0.015015850063956398
260845,Lagoa do Carro,27,17981,2022-12-31,0.0015015850063956398,0.15,fixed q=0.15,0.010010566709304267
260845,Lagoa do Carro,27,17981,2022-12-31,0.0015015850063956398,0.2,fixed q=0.20,0.007507925031978199
260845,Lagoa do Carro,27,17981,2022-12-31,0.0015015850063956398,0.25,fixed q=0.25,0.006006340025582559
260845,Lagoa do Carro,27,17981,2022-12-31,0.0015015850063956398,0.3,fixed q=0.30,0.005005283354652133
260845,Lagoa do Carro,29,18804,2025-12-21,0.001542225058498192,0.007454145308640366,global-q 2.5%,0.20689495504072664
260845,Lagoa do Carro,29,18804,2025-12-21,0.001542225058498192,0.009820323685458794,global-q median,0.15704421848964145
260845,Lagoa do Carro,29,18804,2025-12-21,0.001542225058498192,0.01510174051658718,global-q 97.5%,0.10212233860092287
260845,Lagoa do Carro,29,18804,2025-12-21,0.001542225058498192,0.05,fixed q=0.05,0.030844501169963838
260845,Lagoa do Carro,29,18804,2025-12-21,0.001542225058498192,0.1,fixed q=0.10,0.015422250584981919
260845,Lagoa do Carro,29,18804,2025-12-21,0.001542225058498192,0.15,fixed q=0.15,0.010281500389987947
260845,Lagoa do Carro,29,18804,2025-12-21,0.001542225058498192,0.2,fixed q=0.20,0.0077111252924909595
260845,Lagoa do Carro,29,18804,2025-12-21,0.001542225058498192,0.25,fixed q=0.25,0.006168900233992768
260845,Lagoa do Carro,29,18804,2025-12-21,0.001542225058498192,0.3,fixed q=0.30,0.005140750194993974
260850,Lagoa de Itaenga,4,21308,2016-12-31,1.8772292096865028e-4,0.007454145308640366,global-q 2.5%,0.025183694869893927
260850,Lagoa de Itaenga,4,21308,2016-12-31,1.8772292096865028e-4,0.009820323685458794,global-q median,0.019115756973124665
260850,Lagoa de Itaenga,4,21308,2016-12-31,1.8772292096865028e-4,0.01510174051658718,global-q 97.5%,0.012430548701486596
260850,Lagoa de Itaenga,4,21308,2016-12-31,1.8772292096865028e-4,0.05,fixed q=0.05,0.0037544584193730055
260850,Lagoa de Itaenga,4,21308,2016-12-31,1.8772292096865028e-4,0.1,fixed q=0.10,0.0018772292096865028
260850,Lagoa de Itaenga,4,21308,2016-12-31,1.8772292096865028e-4,0.15,fixed q=0.15,0.001251486139791002
260850,Lagoa de Itaenga,4,21308,2016-12-31,1.8772292096865028e-4,0.2,fixed q=0.20,9.386146048432514e-4
260850,Lagoa de Itaenga,4,21308,2016-12-31,1.8772292096865028e-4,0.25,fixed q=0.25,7.508916838746011e-4
260850,Lagoa de Itaenga,4,21308,2016-12-31,1.8772292096865028e-4,0.3,fixed q=0.30,6.25743069895501e-4
260850,Lagoa de Itaenga,5,21397,2018-12-31,2.336776183577137e-4,0.007454145308640366,global-q 2.5%,0.03134868032245757
260850,Lagoa de Itaenga,5,21397,2018-12-31,2.336776183577137e-4,0.009820323685458794,global-q median,0.023795307144888325
260850,Lagoa de Itaenga,5,21397,2018-12-31,2.336776183577137e-4,0.01510174051658718,global-q 97.5%,0.015473555389264638
260850,Lagoa de Itaenga,5,21397,2018-12-31,2.336776183577137e-4,0.05,fixed q=0.05,0.004673552367154274
260850,Lagoa de Itaenga,5,21397,2018-12-31,2.336776183577137e-4,0.1,fixed q=0.10,0.002336776183577137
260850,Lagoa de Itaenga,5,21397,2018-12-31,2.336776183577137e-4,0.15,fixed q=0.15,0.0015578507890514246
260850,Lagoa de Itaenga,5,21397,2018-12-31,2.336776183577137e-4,0.2,fixed q=0.20,0.0011683880917885685
260850,Lagoa de Itaenga,5,21397,2018-12-31,2.336776183577137e-4,0.25,fixed q=0.25,9.347104734308548e-4
260850,Lagoa de Itaenga,5,21397,2018-12-31,2.336776183577137e-4,0.3,fixed q=0.30,7.789253945257123e-4
260850,Lagoa de Itaenga,13,21490,2021-12-31,6.04932526756631e-4,0.007454145308640366,global-q 2.5%,0.08115384148138782
260850,Lagoa de Itaenga,13,21490,2021-12-31,6.04932526756631e-4,0.009820323685458794,global-q median,0.06160005984857405
260850,Lagoa de Itaenga,13,21490,2021-12-31,6.04932526756631e-4,0.01510174051658718,global-q 97.5%,0.04005713951264068
260850,Lagoa de Itaenga,13,21490,2021-12-31,6.04932526756631e-4,0.05,fixed q=0.05,0.01209865053513262
260850,Lagoa de Itaenga,13,21490,2021-12-31,6.04932526756631e-4,0.1,fixed q=0.10,0.00604932526756631
260850,Lagoa de Itaenga,13,21490,2021-12-31,6.04932526756631e-4,0.15,fixed q=0.15,0.0040328835117108735
260850,Lagoa de Itaenga,13,21490,2021-12-31,6.04932526756631e-4,0.2,fixed q=0.20,0.003024662633783155
260850,Lagoa de Itaenga,13,21490,2021-12-31,6.04932526756631e-4,0.25,fixed q=0.25,0.002419730107026524
260850,Lagoa de Itaenga,13,21490,2021-12-31,6.04932526756631e-4,0.3,fixed q=0.30,0.0020164417558554367
260850,Lagoa de Itaenga,14,19003,2022-12-31,7.367257801399779e-4,0.007454145308640366,global-q 2.5%,0.09883437330984314
260850,Lagoa de Itaenga,14,19003,2022-12-31,7.367257801399779e-4,0.009820323685458794,global-q median,0.07502051905181768
260850,Lagoa de Itaenga,14,19003,2022-12-31,7.367257801399779e-4,0.01510174051658718,global-q 97.5%,0.04878416360887583
260850,Lagoa de Itaenga,14,19003,2022-12-31,7.367257801399779e-4,0.05,fixed q=0.05,0.014734515602799559
260850,Lagoa de Itaenga,14,19003,2022-12-31,7.367257801399779e-4,0.1,fixed q=0.10,0.007367257801399779
260850,Lagoa de Itaenga,14,19003,2022-12-31,7.367257801399779e-4,0.15,fixed q=0.15,0.004911505200933187
260850,Lagoa de Itaenga,14,19003,2022-12-31,7.367257801399779e-4,0.2,fixed q=0.20,0.0036836289006998897
260850,Lagoa de Itaenga,14,19003,2022-12-31,7.367257801399779e-4,0.25,fixed q=0.25,0.0029469031205599117
260850,Lagoa de Itaenga,14,19003,2022-12-31,7.367257801399779e-4,0.3,fixed q=0.30,0.0024557526004665934
260850,Lagoa de Itaenga,14,19863,2025-12-21,7.048280722952222e-4,0.007454145308640366,global-q 2.5%,0.0945551828025449
260850,Lagoa de Itaenga,14,19863,2025-12-21,7.048280722952222e-4,0.009820323685458794,global-q median,0.07177238702822793
260850,Lagoa de Itaenga,14,19863,2025-12-21,7.048280722952222e-4,0.01510174051658718,global-q 97.5%,0.046671976089184275
260850,Lagoa de Itaenga,14,19863,2025-12-21,7.048280722952222e-4,0.05,fixed q=0.05,0.014096561445904444
260850,Lagoa de Itaenga,14,19863,2025-12-21,7.048280722952222e-4,0.1,fixed q=0.10,0.007048280722952222
260850,Lagoa de Itaenga,14,19863,2025-12-21,7.048280722952222e-4,0.15,fixed q=0.15,0.004698853815301482
260850,Lagoa de Itaenga,14,19863,2025-12-21,7.048280722952222e-4,0.2,fixed q=0.20,0.003524140361476111
260850,Lagoa de Itaenga,14,19863,2025-12-21,7.048280722952222e-4,0.25,fixed q=0.25,0.002819312289180889
260850,Lagoa de Itaenga,14,19863,2025-12-21,7.048280722952222e-4,0.3,fixed q=0.30,0.002349426907650741
260860,Lagoa do Ouro,6,12951,2016-12-31,4.63284688441047e-4,0.007454145308640366,global-q 2.5%,0.06215128217369698
260860,Lagoa do Ouro,6,12951,2016-12-31,4.63284688441047e-4,0.009820323685458794,global-q median,0.047176111834994254
260860,Lagoa do Ouro,6,12951,2016-12-31,4.63284688441047e-4,0.01510174051658718,global-q 97.5%,0.030677569114115864
260860,Lagoa do Ouro,6,12951,2016-12-31,4.63284688441047e-4,0.05,fixed q=0.05,0.00926569376882094
260860,Lagoa do Ouro,6,12951,2016-12-31,4.63284688441047e-4,0.1,fixed q=0.10,0.00463284688441047
260860,Lagoa do Ouro,6,12951,2016-12-31,4.63284688441047e-4,0.15,fixed q=0.15,0.0030885645896069802
260860,Lagoa do Ouro,6,12951,2016-12-31,4.63284688441047e-4,0.2,fixed q=0.20,0.002316423442205235
260860,Lagoa do Ouro,6,12951,2016-12-31,4.63284688441047e-4,0.25,fixed q=0.25,0.001853138753764188
260860,Lagoa do Ouro,6,12951,2016-12-31,4.63284688441047e-4,0.3,fixed q=0.30,0.0015442822948034901
260860,Lagoa do Ouro,7,13065,2018-12-31,5.357826253348641e-4,0.007454145308640366,global-q 2.5%,0.07187713723715841
260860,Lagoa do Ouro,7,13065,2018-12-31,5.357826253348641e-4,0.009820323685458794,global-q median,0.05455855046083779
260860,Lagoa do Ouro,7,13065,2018-12-31,5.357826253348641e-4,0.01510174051658718,global-q 97.5%,0.035478203637943635
260860,Lagoa do Ouro,7,13065,2018-12-31,5.357826253348641e-4,0.05,fixed q=0.05,0.010715652506697282
260860,Lagoa do Ouro,7,13065,2018-12-31,5.357826253348641e-4,0.1,fixed q=0.10,0.005357826253348641
260860,Lagoa do Ouro,7,13065,2018-12-31,5.357826253348641e-4,0.15,fixed q=0.15,0.0035718841688990944
260860,Lagoa do Ouro,7,13065,2018-12-31,5.357826253348641e-4,0.2,fixed q=0.20,0.0026789131266743206
260860,Lagoa do Ouro,7,13065,2018-12-31,5.357826253348641e-4,0.25,fixed q=0.25,0.0021431305013394565
260860,Lagoa do Ouro,7,13065,2018-12-31,5.357826253348641e-4,0.3,fixed q=0.30,0.0017859420844495472
260860,Lagoa do Ouro,7,13300,2021-12-31,5.263157894736842e-4,0.007454145308640366,global-q 2.5%,0.07060712766943418
260860,Lagoa do Ouro,7,13300,2021-12-31,5.263157894736842e-4,0.009820323685458794,global-q median,0.05359454599780795
260860,Lagoa do Ouro,7,13300,2021-12-31,5.263157894736842e-4,0.01510174051658718,global-q 97.5%,0.03485133312253636
260860,Lagoa do Ouro,7,13300,2021-12-31,5.263157894736842e-4,0.05,fixed q=0.05,0.010526315789473684
260860,Lagoa do Ouro,7,13300,2021-12-31,5.263157894736842e-4,0.1,fixed q=0.10,0.005263157894736842
260860,Lagoa do Ouro,7,13300,2021-12-31,5.263157894736842e-4,0.15,fixed q=0.15,0.0035087719298245615
260860,Lagoa do Ouro,7,13300,2021-12-31,5.263157894736842e-4,0.2,fixed q=0.20,0.002631578947368421
260860,Lagoa do Ouro,7,13300,2021-12-31,5.263157894736842e-4,0.25,fixed q=0.25,0.002105263157894737
260860,Lagoa do Ouro,7,13300,2021-12-31,5.263157894736842e-4,0.3,fixed q=0.30,0.0017543859649122807
260860,Lagoa do Ouro,8,11933,2022-12-31,6.704097879829046e-4,0.007454145308640366,global-q 2.5%,0.08993784803279976
260860,Lagoa do Ouro,8,11933,2022-12-31,6.704097879829046e-4,0.009820323685458794,global-q median,0.06826758561691786
260860,Lagoa do Ouro,8,11933,2022-12-31,6.704097879829046e-4,0.01510174051658718,global-q 97.5%,0.04439288221424225
260860,Lagoa do Ouro,8,11933,2022-12-31,6.704097879829046e-4,0.05,fixed q=0.05,0.013408195759658091
260860,Lagoa do Ouro,8,11933,2022-12-31,6.704097879829046e-4,0.1,fixed q=0.10,0.0067040978798290456
260860,Lagoa do Ouro,8,11933,2022-12-31,6.704097879829046e-4,0.15,fixed q=0.15,0.004469398586552697
260860,Lagoa do Ouro,8,11933,2022-12-31,6.704097879829046e-4,0.2,fixed q=0.20,0.0033520489399145228
260860,Lagoa do Ouro,8,11933,2022-12-31,6.704097879829046e-4,0.25,fixed q=0.25,0.0026816391519316183
260860,Lagoa do Ouro,8,11933,2022-12-31,6.704097879829046e-4,0.3,fixed q=0.30,0.0022346992932763487
260860,Lagoa do Ouro,9,12367,2025-12-21,7.277431875151613e-4,0.007454145308640366,global-q 2.5%,0.09762932668774355
260860,Lagoa do Ouro,9,12367,2025-12-21,7.277431875151613e-4,0.009820323685458794,global-q median,0.07410582490195809
260860,Lagoa do Ouro,9,12367,2025-12-21,7.277431875151613e-4,0.01510174051658718,global-q 97.5%,0.04818935848591993
260860,Lagoa do Ouro,9,12367,2025-12-21,7.277431875151613e-4,0.05,fixed q=0.05,0.014554863750303225
260860,Lagoa do Ouro,9,12367,2025-12-21,7.277431875151613e-4,0.1,fixed q=0.10,0.007277431875151613
260860,Lagoa do Ouro,9,12367,2025-12-21,7.277431875151613e-4,0.15,fixed q=0.15,0.004851621250101076
260860,Lagoa do Ouro,9,12367,2025-12-21,7.277431875151613e-4,0.2,fixed q=0.20,0.0036387159375758063
260860,Lagoa do Ouro,9,12367,2025-12-21,7.277431875151613e-4,0.25,fixed q=0.25,0.002910972750060645
260860,Lagoa do Ouro,9,12367,2025-12-21,7.277431875151613e-4,0.3,fixed q=0.30,0.002425810625050538
260870,Lagoa dos Gatos,0,16190,2016-12-31,0,0.007454145308640366,global-q 2.5%,0
260870,Lagoa dos Gatos,0,16190,2016-12-31,0,0.009820323685458794,global-q median,0
260870,Lagoa dos Gatos,0,16190,2016-12-31,0,0.01510174051658718,global-q 97.5%,0
260870,Lagoa dos Gatos,0,16190,2016-12-31,0,0.05,fixed q=0.05,0
260870,Lagoa dos Gatos,0,16190,2016-12-31,0,0.1,fixed q=0.10,0
260870,Lagoa dos Gatos,0,16190,2016-12-31,0,0.15,fixed q=0.15,0
260870,Lagoa dos Gatos,0,16190,2016-12-31,0,0.2,fixed q=0.20,0
260870,Lagoa dos Gatos,0,16190,2016-12-31,0,0.25,fixed q=0.25,0
260870,Lagoa dos Gatos,0,16190,2016-12-31,0,0.3,fixed q=0.30,0
260870,Lagoa dos Gatos,1,16262,2018-12-31,6.149305128520478e-5,0.007454145308640366,global-q 2.5%,0.008249510673467284
260870,Lagoa dos Gatos,1,16262,2018-12-31,6.149305128520478e-5,0.009820323685458794,global-q median,0.006261815114735894
260870,Lagoa dos Gatos,1,16262,2018-12-31,6.149305128520478e-5,0.01510174051658718,global-q 97.5%,0.004071918148617581
260870,Lagoa dos Gatos,1,16262,2018-12-31,6.149305128520478e-5,0.05,fixed q=0.05,0.0012298610257040954
260870,Lagoa dos Gatos,1,16262,2018-12-31,6.149305128520478e-5,0.1,fixed q=0.10,6.149305128520477e-4
260870,Lagoa dos Gatos,1,16262,2018-12-31,6.149305128520478e-5,0.15,fixed q=0.15,4.099536752346985e-4
260870,Lagoa dos Gatos,1,16262,2018-12-31,6.149305128520478e-5,0.2,fixed q=0.20,3.0746525642602385e-4
260870,Lagoa dos Gatos,1,16262,2018-12-31,6.149305128520478e-5,0.25,fixed q=0.25,2.459722051408191e-4
260870,Lagoa dos Gatos,1,16262,2018-12-31,6.149305128520478e-5,0.3,fixed q=0.30,2.0497683761734926e-4
260870,Lagoa dos Gatos,4,14076,2022-12-31,2.841716396703609e-4,0.007454145308640366,global-q 2.5%,0.038122632160251475
260870,Lagoa dos Gatos,4,14076,2022-12-31,2.841716396703609e-4,0.009820323685458794,global-q median,0.028937095025812758
260870,Lagoa dos Gatos,4,14076,2022-12-31,2.841716396703609e-4,0.01510174051658718,global-q 97.5%,0.018817144908445323
260870,Lagoa dos Gatos,4,14076,2022-12-31,2.841716396703609e-4,0.05,fixed q=0.05,0.005683432793407218
260870,Lagoa dos Gatos,4,14076,2022-12-31,2.841716396703609e-4,0.1,fixed q=0.10,0.002841716396703609
260870,Lagoa dos Gatos,4,14076,2022-12-31,2.841716396703609e-4,0.15,fixed q=0.15,0.001894477597802406
260870,Lagoa dos Gatos,4,14076,2022-12-31,2.841716396703609e-4,0.2,fixed q=0.20,0.0014208581983518045
260870,Lagoa dos Gatos,4,14076,2022-12-31,2.841716396703609e-4,0.25,fixed q=0.25,0.0011366865586814436
260870,Lagoa dos Gatos,4,14076,2022-12-31,2.841716396703609e-4,0.3,fixed q=0.30,9.47238798901203e-4
260870,Lagoa dos Gatos,4,16345,2021-12-31,2.447231569287244e-4,0.007454145308640366,global-q 2.5%,0.0328304784513735
260870,Lagoa dos Gatos,4,16345,2021-12-31,2.447231569287244e-4,0.009820323685458794,global-q median,0.024920070332416052
260870,Lagoa dos Gatos,4,16345,2021-12-31,2.447231569287244e-4,0.01510174051658718,global-q 97.5%,0.016204963703351262
260870,Lagoa dos Gatos,4,16345,2021-12-31,2.447231569287244e-4,0.05,fixed q=0.05,0.004894463138574487
260870,Lagoa dos Gatos,4,16345,2021-12-31,2.447231569287244e-4,0.1,fixed q=0.10,0.0024472315692872434
260870,Lagoa dos Gatos,4,16345,2021-12-31,2.447231569287244e-4,0.15,fixed q=0.15,0.0016314877128581625
260870,Lagoa dos Gatos,4,16345,2021-12-31,2.447231569287244e-4,0.2,fixed q=0.20,0.0012236157846436217
260870,Lagoa dos Gatos,4,16345,2021-12-31,2.447231569287244e-4,0.25,fixed q=0.25,9.788926277148975e-4
260870,Lagoa dos Gatos,4,16345,2021-12-31,2.447231569287244e-4,0.3,fixed q=0.30,8.157438564290813e-4
260870,Lagoa dos Gatos,7,14333,2025-12-21,4.883834507779251e-4,0.007454145308640366,global-q 2.5%,0.06551837005535999
260870,Lagoa dos Gatos,7,14333,2025-12-21,4.883834507779251e-4,0.009820323685458794,global-q median,0.04973190970284279
260870,Lagoa dos Gatos,7,14333,2025-12-21,4.883834507779251e-4,0.01510174051658718,global-q 97.5%,0.032339547235731084
260870,Lagoa dos Gatos,7,14333,2025-12-21,4.883834507779251e-4,0.05,fixed q=0.05,0.0097676690155585
260870,Lagoa dos Gatos,7,14333,2025-12-21,4.883834507779251e-4,0.1,fixed q=0.10,0.00488383450777925
260870,Lagoa dos Gatos,7,14333,2025-12-21,4.883834507779251e-4,0.15,fixed q=0.15,0.003255889671852834
260870,Lagoa dos Gatos,7,14333,2025-12-21,4.883834507779251e-4,0.2,fixed q=0.20,0.002441917253889625
260870,Lagoa dos Gatos,7,14333,2025-12-21,4.883834507779251e-4,0.25,fixed q=0.25,0.0019535338031117003
260870,Lagoa dos Gatos,7,14333,2025-12-21,4.883834507779251e-4,0.3,fixed q=0.30,0.001627944835926417
260875,Lagoa Grande,5,25030,2016-12-31,1.9976028765481422e-4,0.007454145308640366,global-q 2.5%,0.02679855025408009
260875,Lagoa Grande,5,25030,2016-12-31,1.9976028765481422e-4,0.009820323685458794,global-q median,0.020341517657977447
260875,Lagoa Grande,5,25030,2016-12-31,1.9976028765481422e-4,0.01510174051658718,global-q 97.5%,0.013227633426452076
260875,Lagoa Grande,5,25030,2016-12-31,1.9976028765481422e-4,0.05,fixed q=0.05,0.003995205753096284
260875,Lagoa Grande,5,25030,2016-12-31,1.9976028765481422e-4,0.1,fixed q=0.10,0.001997602876548142
260875,Lagoa Grande,5,25030,2016-12-31,1.9976028765481422e-4,0.15,fixed q=0.15,0.0013317352510320948
260875,Lagoa Grande,5,25030,2016-12-31,1.9976028765481422e-4,0.2,fixed q=0.20,9.98801438274071e-4
260875,Lagoa Grande,5,25030,2016-12-31,1.9976028765481422e-4,0.25,fixed q=0.25,7.990411506192569e-4
260875,Lagoa Grande,5,25030,2016-12-31,1.9976028765481422e-4,0.3,fixed q=0.30,6.658676255160474e-4
260875,Lagoa Grande,6,25349,2018-12-31,2.3669572764211606e-4,0.007454145308640366,global-q 2.5%,0.03175357037482937
260875,Lagoa Grande,6,25349,2018-12-31,2.3669572764211606e-4,0.009820323685458794,global-q median,0.02410264011894002
260875,Lagoa Grande,6,25349,2018-12-31,2.3669572764211606e-4,0.01510174051658718,global-q 97.5%,0.015673407140199398
260875,Lagoa Grande,6,25349,2018-12-31,2.3669572764211606e-4,0.05,fixed q=0.05,0.004733914552842321
260875,Lagoa Grande,6,25349,2018-12-31,2.3669572764211606e-4,0.1,fixed q=0.10,0.0023669572764211605
260875,Lagoa Grande,6,25349,2018-12-31,2.3669572764211606e-4,0.15,fixed q=0.15,0.001577971517614107
260875,Lagoa Grande,6,25349,2018-12-31,2.3669572764211606e-4,0.2,fixed q=0.20,0.0011834786382105803
260875,Lagoa Grande,6,25349,2018-12-31,2.3669572764211606e-4,0.25,fixed q=0.25,9.467829105684642e-4
260875,Lagoa Grande,6,25349,2018-12-31,2.3669572764211606e-4,0.3,fixed q=0.30,7.889857588070535e-4
260875,Lagoa Grande,6,26090,2021-12-31,2.2997316979685704e-4,0.007454145308640366,global-q 2.5%,0.030851715424743183
260875,Lagoa Grande,6,26090,2021-12-31,2.2997316979685704e-4,0.009820323685458794,global-q median,0.02341808449118477
260875,Lagoa Grande,6,26090,2021-12-31,2.2997316979685704e-4,0.01510174051658718,global-q 97.5%,0.015228255944688178
260875,Lagoa Grande,6,26090,2021-12-31,2.2997316979685704e-4,0.05,fixed q=0.05,0.0045994633959371405
260875,Lagoa Grande,6,26090,2021-12-31,2.2997316979685704e-4,0.1,fixed q=0.10,0.0022997316979685703
260875,Lagoa Grande,6,26090,2021-12-31,2.2997316979685704e-4,0.15,fixed q=0.15,0.0015331544653123803
260875,Lagoa Grande,6,26090,2021-12-31,2.2997316979685704e-4,0.2,fixed q=0.20,0.0011498658489842851
260875,Lagoa Grande,6,26090,2021-12-31,2.2997316979685704e-4,0.25,fixed q=0.25,9.198926791874281e-4
260875,Lagoa Grande,6,26090,2021-12-31,2.2997316979685704e-4,0.3,fixed q=0.30,7.665772326561902e-4
260875,Lagoa Grande,41,24088,2022-12-31,0.0017020923281301894,0.007454145308640366,global-q 2.5%,0.2283417156031602
260875,Lagoa Grande,41,24088,2022-12-31,0.0017020923281301894,0.009820323685458794,global-q median,0.17332344458772994
260875,Lagoa Grande,41,24088,2022-12-31,0.0017020923281301894,0.01510174051658718,global-q 97.5%,0.11270835479265953
260875,Lagoa Grande,41,24088,2022-12-31,0.0017020923281301894,0.05,fixed q=0.05,0.034041846562603784
260875,Lagoa Grande,41,24088,2022-12-31,0.0017020923281301894,0.1,fixed q=0.10,0.017020923281301892
260875,Lagoa Grande,41,24088,2022-12-31,0.0017020923281301894,0.15,fixed q=0.15,0.011347282187534596
260875,Lagoa Grande,41,24088,2022-12-31,0.0017020923281301894,0.2,fixed q=0.20,0.008510461640650946
260875,Lagoa Grande,41,24088,2022-12-31,0.0017020923281301894,0.25,fixed q=0.25,0.006808369312520757
260875,Lagoa Grande,41,24088,2022-12-31,0.0017020923281301894,0.3,fixed q=0.30,0.005673641093767298
260875,Lagoa Grande,44,24951,2025-12-21,0.0017634563744940083,0.007454145308640366,global-q 2.5%,0.23657391980941436
260875,Lagoa Grande,44,24951,2025-12-21,0.0017634563744940083,0.009820323685458794,global-q median,0.17957212317809884
260875,Lagoa Grande,44,24951,2025-12-21,0.0017634563744940083,0.01510174051658718,global-q 97.5%,0.11677173055364676
260875,Lagoa Grande,44,24951,2025-12-21,0.0017634563744940083,0.05,fixed q=0.05,0.03526912748988016
260875,Lagoa Grande,44,24951,2025-12-21,0.0017634563744940083,0.1,fixed q=0.10,0.01763456374494008
260875,Lagoa Grande,44,24951,2025-12-21,0.0017634563744940083,0.15,fixed q=0.15,0.011756375829960057
260875,Lagoa Grande,44,24951,2025-12-21,0.0017634563744940083,0.2,fixed q=0.20,0.00881728187247004
260875,Lagoa Grande,44,24951,2025-12-21,0.0017634563744940083,0.25,fixed q=0.25,0.007053825497976033
260875,Lagoa Grande,44,24951,2025-12-21,0.0017634563744940083,0.3,fixed q=0.30,0.005878187914980028
260880,Lajedo,6,39570,2016-12-31,1.5163002274450342e-4,0.007454145308640366,global-q 2.5%,0.020341704711436686
260880,Lajedo,6,39570,2016-12-31,1.5163002274450342e-4,0.009820323685458794,global-q median,0.015440430234395012
260880,Lajedo,6,39570,2016-12-31,1.5163002274450342e-4,0.01510174051658718,global-q 97.5%,0.010040566024688263
260880,Lajedo,6,39570,2016-12-31,1.5163002274450342e-4,0.05,fixed q=0.05,0.003032600454890068
260880,Lajedo,6,39570,2016-12-31,1.5163002274450342e-4,0.1,fixed q=0.10,0.001516300227445034
260880,Lajedo,6,39570,2016-12-31,1.5163002274450342e-4,0.15,fixed q=0.15,0.0010108668182966895
260880,Lajedo,6,39570,2016-12-31,1.5163002274450342e-4,0.2,fixed q=0.20,7.58150113722517e-4
260880,Lajedo,6,39570,2016-12-31,1.5163002274450342e-4,0.25,fixed q=0.25,6.065200909780137e-4
260880,Lajedo,6,39570,2016-12-31,1.5163002274450342e-4,0.3,fixed q=0.30,5.054334091483448e-4
260880,Lajedo,8,39982,2018-12-31,2.000900405182332e-4,0.007454145308640366,global-q 2.5%,0.026842787768880987
260880,Lajedo,8,39982,2018-12-31,2.000900405182332e-4,0.009820323685458794,global-q median,0.02037509627248964
260880,Lajedo,8,39982,2018-12-31,2.000900405182332e-4,0.01510174051658718,global-q 97.5%,0.013249468847545215
260880,Lajedo,8,39982,2018-12-31,2.000900405182332e-4,0.05,fixed q=0.05,0.004001800810364664
260880,Lajedo,8,39982,2018-12-31,2.000900405182332e-4,0.1,fixed q=0.10,0.002000900405182332
260880,Lajedo,8,39982,2018-12-31,2.000900405182332e-4,0.15,fixed q=0.15,0.001333933603454888
260880,Lajedo,8,39982,2018-12-31,2.000900405182332e-4,0.2,fixed q=0.20,0.001000450202591166
260880,Lajedo,8,39982,2018-12-31,2.000900405182332e-4,0.25,fixed q=0.25,8.003601620729328e-4
260880,Lajedo,8,39982,2018-12-31,2.000900405182332e-4,0.3,fixed q=0.30,6.66966801727444e-4
260880,Lajedo,13,40883,2021-12-31,3.1798057872465326e-4,0.007454145308640366,global-q 2.5%,0.0426582211049831
260880,Lajedo,13,40883,2021-12-31,3.1798057872465326e-4,0.009820323685458794,global-q median,0.03237984703044924
260880,Lajedo,13,40883,2021-12-31,3.1798057872465326e-4,0.01510174051658718,global-q 97.5%,0.0210558894436966
260880,Lajedo,13,40883,2021-12-31,3.1798057872465326e-4,0.05,fixed q=0.05,0.0063596115744930645
260880,Lajedo,13,40883,2021-12-31,3.1798057872465326e-4,0.1,fixed q=0.10,0.0031798057872465322
260880,Lajedo,13,40883,2021-12-31,3.1798057872465326e-4,0.15,fixed q=0.15,0.002119870524831022
260880,Lajedo,13,40883,2021-12-31,3.1798057872465326e-4,0.2,fixed q=0.20,0.0015899028936232661
260880,Lajedo,13,40883,2021-12-31,3.1798057872465326e-4,0.25,fixed q=0.25,0.001271922314898613
260880,Lajedo,13,40883,2021-12-31,3.1798057872465326e-4,0.3,fixed q=0.30,0.001059935262415511
260880,Lajedo,133,39582,2022-12-31,0.0033601131827598403,0.007454145308640366,global-q 2.5%,0.45077108690985845
260880,Lajedo,133,39582,2022-12-31,0.0033601131827598403,0.009820323685458794,global-q median,0.34215910700939994
260880,Lajedo,133,39582,2022-12-31,0.0033601131827598403,0.01510174051658718,global-q 97.5%,0.2224984053373993
260880,Lajedo,133,39582,2022-12-31,0.0033601131827598403,0.05,fixed q=0.05,0.0672022636551968
260880,Lajedo,133,39582,2022-12-31,0.0033601131827598403,0.1,fixed q=0.10,0.0336011318275984
260880,Lajedo,133,39582,2022-12-31,0.0033601131827598403,0.15,fixed q=0.15,0.02240075455173227
260880,Lajedo,133,39582,2022-12-31,0.0033601131827598403,0.2,fixed q=0.20,0.0168005659137992
260880,Lajedo,133,39582,2022-12-31,0.0033601131827598403,0.25,fixed q=0.25,0.013440452731039361
260880,Lajedo,133,39582,2022-12-31,0.0033601131827598403,0.3,fixed q=0.30,0.011200377275866135
260880,Lajedo,134,41960,2025-12-21,0.0031935176358436606,0.007454145308640366,global-q 2.5%,0.4284217041143456
260880,Lajedo,134,41960,2025-12-21,0.0031935176358436606,0.009820323685458794,global-q median,0.32519474287516453
260880,Lajedo,134,41960,2025-12-21,0.0031935176358436606,0.01510174051658718,global-q 97.5%,0.21146685922301617
260880,Lajedo,134,41960,2025-12-21,0.0031935176358436606,0.05,fixed q=0.05,0.0638703527168732
260880,Lajedo,134,41960,2025-12-21,0.0031935176358436606,0.1,fixed q=0.10,0.0319351763584366
260880,Lajedo,134,41960,2025-12-21,0.0031935176358436606,0.15,fixed q=0.15,0.021290117572291073
260880,Lajedo,134,41960,2025-12-21,0.0031935176358436606,0.2,fixed q=0.20,0.0159675881792183
260880,Lajedo,134,41960,2025-12-21,0.0031935176358436606,0.25,fixed q=0.25,0.012774070543374642
260880,Lajedo,134,41960,2025-12-21,0.0031935176358436606,0.3,fixed q=0.30,0.010645058786145536
260890,Limoeiro,48,56203,2016-12-31,8.540469369962458e-4,0.007454145308640366,global-q 2.5%,0.11457342212074796
260890,Limoeiro,48,56203,2016-12-31,8.540469369962458e-4,0.009820323685458794,global-q median,0.08696728991335133
260890,Limoeiro,48,56203,2016-12-31,8.540469369962458e-4,0.01510174051658718,global-q 97.5%,0.05655288117672218
260890,Limoeiro,48,56203,2016-12-31,8.540469369962458e-4,0.05,fixed q=0.05,0.017080938739924913
260890,Limoeiro,48,56203,2016-12-31,8.540469369962458e-4,0.1,fixed q=0.10,0.008540469369962457
260890,Limoeiro,48,56203,2016-12-31,8.540469369962458e-4,0.15,fixed q=0.15,0.005693646246641639
260890,Limoeiro,48,56203,2016-12-31,8.540469369962458e-4,0.2,fixed q=0.20,0.004270234684981228
260890,Limoeiro,48,56203,2016-12-31,8.540469369962458e-4,0.25,fixed q=0.25,0.003416187747984983
260890,Limoeiro,48,56203,2016-12-31,8.540469369962458e-4,0.3,fixed q=0.30,0.0028468231233208193
260890,Limoeiro,51,56302,2018-12-31,9.058292778231679e-4,0.007454145308640366,global-q 2.5%,0.12152020658534639
260890,Limoeiro,51,56302,2018-12-31,9.058292778231679e-4,0.009820323685458794,global-q median,0.09224026690326437
260890,Limoeiro,51,56302,2018-12-31,9.058292778231679e-4,0.01510174051658718,global-q 97.5%,0.05998178003576736
260890,Limoeiro,51,56302,2018-12-31,9.058292778231679e-4,0.05,fixed q=0.05,0.01811658555646336
260890,Limoeiro,51,56302,2018-12-31,9.058292778231679e-4,0.1,fixed q=0.10,0.00905829277823168
260890,Limoeiro,51,56302,2018-12-31,9.058292778231679e-4,0.15,fixed q=0.15,0.006038861852154453
260890,Limoeiro,51,56302,2018-12-31,9.058292778231679e-4,0.2,fixed q=0.20,0.00452914638911584
260890,Limoeiro,51,56302,2018-12-31,9.058292778231679e-4,0.25,fixed q=0.25,0.0036233171112926717
260890,Limoeiro,51,56302,2018-12-31,9.058292778231679e-4,0.3,fixed q=0.30,0.0030194309260772267
260890,Limoeiro,101,56149,2021-12-31,0.0017987853746282213,0.007454145308640366,global-q 2.5%,0.24131343033294303
260890,Limoeiro,101,56149,2021-12-31,0.0017987853746282213,0.009820323685458794,global-q median,0.18316966245132316
260890,Limoeiro,101,56149,2021-12-31,0.0017987853746282213,0.01510174051658718,global-q 97.5%,0.11911112978351757
260890,Limoeiro,101,56149,2021-12-31,0.0017987853746282213,0.05,fixed q=0.05,0.03597570749256442
260890,Limoeiro,101,56149,2021-12-31,0.0017987853746282213,0.1,fixed q=0.10,0.01798785374628221
260890,Limoeiro,101,56149,2021-12-31,0.0017987853746282213,0.15,fixed q=0.15,0.011991902497521476
260890,Limoeiro,101,56149,2021-12-31,0.0017987853746282213,0.2,fixed q=0.20,0.008993926873141106
260890,Limoeiro,101,56149,2021-12-31,0.0017987853746282213,0.25,fixed q=0.25,0.007195141498512885
260890,Limoeiro,101,56149,2021-12-31,0.0017987853746282213,0.3,fixed q=0.30,0.005995951248760738
260890,Limoeiro,114,56510,2022-12-31,0.002017342063351619,0.007454145308640366,global-q 2.5%,0.27063358437797636
260890,Limoeiro,114,56510,2022-12-31,0.002017342063351619,0.009820323685458794,global-q median,0.2054252108144612
260890,Limoeiro,114,56510,2022-12-31,0.002017342063351619,0.01510174051658718,global-q 97.5%,0.13358341451674707
260890,Limoeiro,114,56510,2022-12-31,0.002017342063351619,0.05,fixed q=0.05,0.040346841267032384
260890,Limoeiro,114,56510,2022-12-31,0.002017342063351619,0.1,fixed q=0.10,0.020173420633516192
260890,Limoeiro,114,56510,2022-12-31,0.002017342063351619,0.15,fixed q=0.15,0.013448947089010795
260890,Limoeiro,114,56510,2022-12-31,0.002017342063351619,0.2,fixed q=0.20,0.010086710316758096
260890,Limoeiro,114,56510,2022-12-31,0.002017342063351619,0.25,fixed q=0.25,0.008069368253406477
260890,Limoeiro,114,56510,2022-12-31,0.002017342063351619,0.3,fixed q=0.30,0.006724473544505397
260890,Limoeiro,121,59236,2025-12-21,0.00204267675062462,0.007454145308640366,global-q 2.5%,0.27403232242560127
260890,Limoeiro,121,59236,2025-12-21,0.00204267675062462,0.009820323685458794,global-q median,0.20800503283300772
260890,Limoeiro,121,59236,2025-12-21,0.00204267675062462,0.01510174051658718,global-q 97.5%,0.13526101500558965
260890,Limoeiro,121,59236,2025-12-21,0.00204267675062462,0.05,fixed q=0.05,0.0408535350124924
260890,Limoeiro,121,59236,2025-12-21,0.00204267675062462,0.1,fixed q=0.10,0.0204267675062462
260890,Limoeiro,121,59236,2025-12-21,0.00204267675062462,0.15,fixed q=0.15,0.013617845004164134
260890,Limoeiro,121,59236,2025-12-21,0.00204267675062462,0.2,fixed q=0.20,0.0102133837531231
260890,Limoeiro,121,59236,2025-12-21,0.00204267675062462,0.25,fixed q=0.25,0.00817070700249848
260890,Limoeiro,121,59236,2025-12-21,0.00204267675062462,0.3,fixed q=0.30,0.006808922502082067
260900,Macaparana,65,25114,2016-12-31,0.0025881978179501473,0.007454145308640366,global-q 2.5%,0.3472159061549383
260900,Macaparana,65,25114,2016-12-31,0.0025881978179501473,0.009820323685458794,global-q median,0.26355524531055513
260900,Macaparana,65,25114,2016-12-31,0.0025881978179501473,0.01510174051658718,global-q 97.5%,0.17138407424676438
260900,Macaparana,65,25114,2016-12-31,0.0025881978179501473,0.05,fixed q=0.05,0.051763956359002945
260900,Macaparana,65,25114,2016-12-31,0.0025881978179501473,0.1,fixed q=0.10,0.025881978179501473
260900,Macaparana,65,25114,2016-12-31,0.0025881978179501473,0.15,fixed q=0.15,0.01725465211966765
260900,Macaparana,65,25114,2016-12-31,0.0025881978179501473,0.2,fixed q=0.20,0.012940989089750736
260900,Macaparana,65,25114,2016-12-31,0.0025881978179501473,0.25,fixed q=0.25,0.010352791271800589
260900,Macaparana,65,25114,2016-12-31,0.0025881978179501473,0.3,fixed q=0.30,0.008627326059833825
260900,Macaparana,67,25278,2018-12-31,0.002650526149220666,0.007454145308640366,global-q 2.5%,0.3555774725974749
260900,Macaparana,67,25278,2018-12-31,0.002650526149220666,0.009820323685458794,global-q median,0.26990211668331954
260900,Macaparana,67,25278,2018-12-31,0.002650526149220666,0.01510174051658718,global-q 97.5%,0.17551130257531763
260900,Macaparana,67,25278,2018-12-31,0.002650526149220666,0.05,fixed q=0.05,0.05301052298441332
260900,Macaparana,67,25278,2018-12-31,0.002650526149220666,0.1,fixed q=0.10,0.02650526149220666
260900,Macaparana,67,25278,2018-12-31,0.002650526149220666,0.15,fixed q=0.15,0.017670174328137774
260900,Macaparana,67,25278,2018-12-31,0.002650526149220666,0.2,fixed q=0.20,0.01325263074610333
260900,Macaparana,67,25278,2018-12-31,0.002650526149220666,0.25,fixed q=0.25,0.010602104596882664
260900,Macaparana,67,25278,2018-12-31,0.002650526149220666,0.3,fixed q=0.30,0.008835087164068887
260900,Macaparana,70,25565,2021-12-31,0.0027381185214159984,0.007454145308640366,global-q 2.5%,0.3673282996297573
260900,Macaparana,70,25565,2021-12-31,0.0027381185214159984,0.009820323685458794,global-q median,0.27882161618261125
260900,Macaparana,70,25565,2021-12-31,0.0027381185214159984,0.01510174051658718,global-q 97.5%,0.1813114533658258
260900,Macaparana,70,25565,2021-12-31,0.0027381185214159984,0.05,fixed q=0.05,0.05476237042831997
260900,Macaparana,70,25565,2021-12-31,0.0027381185214159984,0.1,fixed q=0.10,0.027381185214159984
260900,Macaparana,70,25565,2021-12-31,0.0027381185214159984,0.15,fixed q=0.15,0.018254123476106658
260900,Macaparana,70,25565,2021-12-31,0.0027381185214159984,0.2,fixed q=0.20,0.013690592607079992
260900,Macaparana,70,25565,2021-12-31,0.0027381185214159984,0.25,fixed q=0.25,0.010952474085663993
260900,Macaparana,70,25565,2021-12-31,0.0027381185214159984,0.3,fixed q=0.30,0.009127061738053329
260900,Macaparana,75,23879,2022-12-31,0.0031408350433435235,0.007454145308640366,global-q 2.5%,0.4213541476985791
260900,Macaparana,75,23879,2022-12-31,0.0031408350433435235,0.009820323685458794,global-q median,0.319830093583803
260900,Macaparana,75,23879,2022-12-31,0.0031408350433435235,0.01510174051658718,global-q 97.5%,0.20797834791915204
260900,Macaparana,75,23879,2022-12-31,0.0031408350433435235,0.05,fixed q=0.05,0.06281670086687047
260900,Macaparana,75,23879,2022-12-31,0.0031408350433435235,0.1,fixed q=0.10,0.031408350433435234
260900,Macaparana,75,23879,2022-12-31,0.0031408350433435235,0.15,fixed q=0.15,0.020938900288956824
260900,Macaparana,75,23879,2022-12-31,0.0031408350433435235,0.2,fixed q=0.20,0.015704175216717617
260900,Macaparana,75,23879,2022-12-31,0.0031408350433435235,0.25,fixed q=0.25,0.012563340173374094
260900,Macaparana,75,23879,2022-12-31,0.0031408350433435235,0.3,fixed q=0.30,0.010469450144478412
260900,Macaparana,79,24642,2025-12-21,0.0032059086113140167,0.007454145308640366,global-q 2.5%,0.4300839973696157
260900,Macaparana,79,24642,2025-12-21,0.0032059086113140167,0.009820323685458794,global-q median,0.32645651141429155
260900,Macaparana,79,24642,2025-12-21,0.0032059086113140167,0.01510174051658718,global-q 97.5%,0.21228735904929422
260900,Macaparana,79,24642,2025-12-21,0.0032059086113140167,0.05,fixed q=0.05,0.06411817222628033
260900,Macaparana,79,24642,2025-12-21,0.0032059086113140167,0.1,fixed q=0.10,0.032059086113140164
260900,Macaparana,79,24642,2025-12-21,0.0032059086113140167,0.15,fixed q=0.15,0.02137272407542678
260900,Macaparana,79,24642,2025-12-21,0.0032059086113140167,0.2,fixed q=0.20,0.016029543056570082
260900,Macaparana,79,24642,2025-12-21,0.0032059086113140167,0.25,fixed q=0.25,0.012823634445256067
260900,Macaparana,79,24642,2025-12-21,0.0032059086113140167,0.3,fixed q=0.30,0.01068636203771339
260910,Machados,0,15571,2016-12-31,0,0.007454145308640366,global-q 2.5%,0
260910,Machados,0,15571,2016-12-31,0,0.009820323685458794,global-q median,0
260910,Machados,0,15571,2016-12-31,0,0.01510174051658718,global-q 97.5%,0
260910,Machados,0,15571,2016-12-31,0,0.05,fixed q=0.05,0
260910,Machados,0,15571,2016-12-31,0,0.1,fixed q=0.10,0
260910,Machados,0,15571,2016-12-31,0,0.15,fixed q=0.15,0
260910,Machados,0,15571,2016-12-31,0,0.2,fixed q=0.20,0
260910,Machados,0,15571,2016-12-31,0,0.25,fixed q=0.25,0
260910,Machados,0,15571,2016-12-31,0,0.3,fixed q=0.30,0
260910,Machados,2,15851,2018-12-31,1.2617500473156268e-4,0.007454145308640366,global-q 2.5%,0.016926823868768526
260910,Machados,2,15851,2018-12-31,1.2617500473156268e-4,0.009820323685458794,global-q median,0.012848354980232806
260910,Machados,2,15851,2018-12-31,1.2617500473156268e-4,0.01510174051658718,global-q 97.5%,0.008354997531110856
260910,Machados,2,15851,2018-12-31,1.2617500473156268e-4,0.05,fixed q=0.05,0.0025235000946312535
260910,Machados,2,15851,2018-12-31,1.2617500473156268e-4,0.1,fixed q=0.10,0.0012617500473156267
260910,Machados,2,15851,2018-12-31,1.2617500473156268e-4,0.15,fixed q=0.15,8.411666982104179e-4
260910,Machados,2,15851,2018-12-31,1.2617500473156268e-4,0.2,fixed q=0.20,6.308750236578134e-4
260910,Machados,2,15851,2018-12-31,1.2617500473156268e-4,0.25,fixed q=0.25,5.047000189262507e-4
260910,Machados,2,15851,2018-12-31,1.2617500473156268e-4,0.3,fixed q=0.30,4.2058334910520897e-4
260910,Machados,4,16549,2021-12-31,2.417064475194876e-4,0.007454145308640366,global-q 2.5%,0.03242577619721432
260910,Machados,4,16549,2021-12-31,2.417064475194876e-4,0.009820323685458794,global-q median,0.024612879907144867
260910,Machados,4,16549,2021-12-31,2.417064475194876e-4,0.01510174051658718,global-q 97.5%,0.01600520464869638
260910,Machados,4,16549,2021-12-31,2.417064475194876e-4,0.05,fixed q=0.05,0.004834128950389751
260910,Machados,4,16549,2021-12-31,2.417064475194876e-4,0.1,fixed q=0.10,0.0024170644751948757
260910,Machados,4,16549,2021-12-31,2.417064475194876e-4,0.15,fixed q=0.15,0.001611376316796584
260910,Machados,4,16549,2021-12-31,2.417064475194876e-4,0.2,fixed q=0.20,0.0012085322375974378
260910,Machados,4,16549,2021-12-31,2.417064475194876e-4,0.25,fixed q=0.25,9.668257900779504e-4
260910,Machados,4,16549,2021-12-31,2.417064475194876e-4,0.3,fixed q=0.30,8.05688158398292e-4
260910,Machados,124,11333,2022-12-31,0.010941498279361158,0.007454145308640366,global-q 2.5%,1.4678407552209207
260910,Machados,124,11333,2022-12-31,0.010941498279361158,0.009820323685458794,global-q median,1.1141688023545004
260910,Machados,124,11333,2022-12-31,0.010941498279361158,0.01510174051658718,global-q 97.5%,0.724519022647981
260910,Machados,124,11333,2022-12-31,0.010941498279361158,0.05,fixed q=0.05,0.21882996558722315
260910,Machados,124,11333,2022-12-31,0.010941498279361158,0.1,fixed q=0.10,0.10941498279361157
260910,Machados,124,11333,2022-12-31,0.010941498279361158,0.15,fixed q=0.15,0.07294332186240772
260910,Machados,124,11333,2022-12-31,0.010941498279361158,0.2,fixed q=0.20,0.05470749139680579
260910,Machados,124,11333,2022-12-31,0.010941498279361158,0.25,fixed q=0.25,0.04376599311744463
260910,Machados,124,11333,2022-12-31,0.010941498279361158,0.3,fixed q=0.30,0.03647166093120386
260910,Machados,151,11387,2025-12-21,0.013260735926934223,0.007454145308640366,global-q 2.5%,1.778974701709025
260910,Machados,151,11387,2025-12-21,0.013260735926934223,0.009820323685458794,global-q median,1.3503359310416352
260910,Machados,151,11387,2025-12-21,0.013260735926934223,0.01510174051658718,global-q 97.5%,0.8780932179551842
260910,Machados,151,11387,2025-12-21,0.013260735926934223,0.05,fixed q=0.05,0.26521471853868445
260910,Machados,151,11387,2025-12-21,0.013260735926934223,0.1,fixed q=0.10,0.13260735926934222
260910,Machados,151,11387,2025-12-21,0.013260735926934223,0.15,fixed q=0.15,0.0884049061795615
260910,Machados,151,11387,2025-12-21,0.013260735926934223,0.2,fixed q=0.20,0.06630367963467111
260910,Machados,151,11387,2025-12-21,0.013260735926934223,0.25,fixed q=0.25,0.05304294370773689
260910,Machados,151,11387,2025-12-21,0.013260735926934223,0.3,fixed q=0.30,0.04420245308978075
260915,Manari,1,20681,2016-12-31,4.835356123978531e-5,0.007454145308640366,global-q 2.5%,0.0064868015362857185
260915,Manari,1,20681,2016-12-31,4.835356123978531e-5,0.009820323685458794,global-q median,0.004923825607844644
260915,Manari,1,20681,2016-12-31,4.835356123978531e-5,0.01510174051658718,global-q 97.5%,0.0032018535338145682
260915,Manari,1,20681,2016-12-31,4.835356123978531e-5,0.05,fixed q=0.05,9.670712247957061e-4
260915,Manari,1,20681,2016-12-31,4.835356123978531e-5,0.1,fixed q=0.10,4.835356123978531e-4
260915,Manari,1,20681,2016-12-31,4.835356123978531e-5,0.15,fixed q=0.15,3.2235707493190205e-4
260915,Manari,1,20681,2016-12-31,4.835356123978531e-5,0.2,fixed q=0.20,2.4176780619892654e-4
260915,Manari,1,20681,2016-12-31,4.835356123978531e-5,0.25,fixed q=0.25,1.9341424495914123e-4
260915,Manari,1,20681,2016-12-31,4.835356123978531e-5,0.3,fixed q=0.30,1.6117853746595102e-4
260915,Manari,1,21085,2018-12-31,4.742708086317287e-5,0.007454145308640366,global-q 2.5%,0.006362510911639789
260915,Manari,1,21085,2018-12-31,4.742708086317287e-5,0.009820323685458794,global-q median,0.004829482447039843
260915,Manari,1,21085,2018-12-31,4.742708086317287e-5,0.01510174051658718,global-q 97.5%,0.003140504288964624
260915,Manari,1,21085,2018-12-31,4.742708086317287e-5,0.05,fixed q=0.05,9.485416172634574e-4
260915,Manari,1,21085,2018-12-31,4.742708086317287e-5,0.1,fixed q=0.10,4.742708086317287e-4
260915,Manari,1,21085,2018-12-31,4.742708086317287e-5,0.15,fixed q=0.15,3.1618053908781914e-4
260915,Manari,1,21085,2018-12-31,4.742708086317287e-5,0.2,fixed q=0.20,2.3713540431586434e-4
260915,Manari,1,21085,2018-12-31,4.742708086317287e-5,0.25,fixed q=0.25,1.897083234526915e-4
260915,Manari,1,21085,2018-12-31,4.742708086317287e-5,0.3,fixed q=0.30,1.5809026954390957e-4
260915,Manari,9,22110,2021-12-31,4.0705563093622793e-4,0.007454145308640366,global-q 2.5%,0.054607954913945024
260915,Manari,9,22110,2021-12-31,4.0705563093622793e-4,0.009820323685458794,global-q median,0.041450327298168964
260915,Manari,9,22110,2021-12-31,4.0705563093622793e-4,0.01510174051658718,global-q 97.5%,0.02695421964700913
260915,Manari,9,22110,2021-12-31,4.0705563093622793e-4,0.05,fixed q=0.05,0.008141112618724558
260915,Manari,9,22110,2021-12-31,4.0705563093622793e-4,0.1,fixed q=0.10,0.004070556309362279
260915,Manari,9,22110,2021-12-31,4.0705563093622793e-4,0.15,fixed q=0.15,0.0027137042062415195
260915,Manari,9,22110,2021-12-31,4.0705563093622793e-4,0.2,fixed q=0.20,0.0020352781546811396
260915,Manari,9,22110,2021-12-31,4.0705563093622793e-4,0.25,fixed q=0.25,0.0016282225237449117
260915,Manari,9,22110,2021-12-31,4.0705563093622793e-4,0.3,fixed q=0.30,0.0013568521031207597
260915,Manari,9,23763,2022-12-31,3.787400580734756e-4,0.007454145308640366,global-q 2.5%,0.05080932050445333
260915,Manari,9,23763,2022-12-31,3.787400580734756e-4,0.009820323685458794,global-q median,0.03856696278089954
260915,Manari,9,23763,2022-12-31,3.787400580734756e-4,0.01510174051658718,global-q 97.5%,0.025079232268458186
260915,Manari,9,23763,2022-12-31,3.787400580734756e-4,0.05,fixed q=0.05,0.007574801161469511
260915,Manari,9,23763,2022-12-31,3.787400580734756e-4,0.1,fixed q=0.10,0.0037874005807347557
260915,Manari,9,23763,2022-12-31,3.787400580734756e-4,0.15,fixed q=0.15,0.002524933720489837
260915,Manari,9,23763,2022-12-31,3.787400580734756e-4,0.2,fixed q=0.20,0.0018937002903673778
260915,Manari,9,23763,2022-12-31,3.787400580734756e-4,0.25,fixed q=0.25,0.0015149602322939023
260915,Manari,9,23763,2022-12-31,3.787400580734756e-4,0.3,fixed q=0.30,0.0012624668602449186
260915,Manari,11,27046,2025-12-21,4.0671448643052576e-4,0.007454145308640366,global-q 2.5%,0.05456218916997613
260915,Manari,11,27046,2025-12-21,4.0671448643052576e-4,0.009820323685458794,global-q median,0.041415588676853736
260915,Manari,11,27046,2025-12-21,4.0671448643052576e-4,0.01510174051658718,global-q 97.5%,0.026931629899467943
260915,Manari,11,27046,2025-12-21,4.0671448643052576e-4,0.05,fixed q=0.05,0.008134289728610515
260915,Manari,11,27046,2025-12-21,4.0671448643052576e-4,0.1,fixed q=0.10,0.0040671448643052575
260915,Manari,11,27046,2025-12-21,4.0671448643052576e-4,0.15,fixed q=0.15,0.0027114299095368386
260915,Manari,11,27046,2025-12-21,4.0671448643052576e-4,0.2,fixed q=0.20,0.0020335724321526288
260915,Manari,11,27046,2025-12-21,4.0671448643052576e-4,0.25,fixed q=0.25,0.001626857945722103
260915,Manari,11,27046,2025-12-21,4.0671448643052576e-4,0.3,fixed q=0.30,0.0013557149547684193
260920,Maraial,1,11473,2018-12-31,8.716116098666435e-5,0.007454145308640366,global-q 2.5%,0.011692978521042879
260920,Maraial,1,11473,2018-12-31,8.716116098666435e-5,0.009820323685458794,global-q median,0.008875589418272038
260920,Maraial,1,11473,2018-12-31,8.716116098666435e-5,0.01510174051658718,global-q 97.5%,0.005771597048097194
260920,Maraial,1,11473,2018-12-31,8.716116098666435e-5,0.05,fixed q=0.05,0.0017432232197332868
260920,Maraial,1,11473,2018-12-31,8.716116098666435e-5,0.1,fixed q=0.10,8.716116098666434e-4
260920,Maraial,1,11473,2018-12-31,8.716116098666435e-5,0.15,fixed q=0.15,5.810744065777623e-4
260920,Maraial,1,11473,2018-12-31,8.716116098666435e-5,0.2,fixed q=0.20,4.358058049333217e-4
260920,Maraial,1,11473,2018-12-31,8.716116098666435e-5,0.25,fixed q=0.25,3.486446439466574e-4
260920,Maraial,1,11473,2018-12-31,8.716116098666435e-5,0.3,fixed q=0.30,2.9053720328888117e-4
260920,Maraial,1,11570,2016-12-31,8.643042350907519e-5,0.007454145308640366,global-q 2.5%,0.01159494749973422
260920,Maraial,1,11570,2016-12-31,8.643042350907519e-5,0.009820323685458794,global-q median,0.008801178685897589
260920,Maraial,1,11570,2016-12-31,8.643042350907519e-5,0.01510174051658718,global-q 97.5%,0.005723209415109688
260920,Maraial,1,11570,2016-12-31,8.643042350907519e-5,0.05,fixed q=0.05,0.0017286084701815037
260920,Maraial,1,11570,2016-12-31,8.643042350907519e-5,0.1,fixed q=0.10,8.643042350907519e-4
260920,Maraial,1,11570,2016-12-31,8.643042350907519e-5,0.15,fixed q=0.15,5.762028233938346e-4
260920,Maraial,1,11570,2016-12-31,8.643042350907519e-5,0.2,fixed q=0.20,4.3215211754537593e-4
260920,Maraial,1,11570,2016-12-31,8.643042350907519e-5,0.25,fixed q=0.25,3.4572169403630077e-4
260920,Maraial,1,11570,2016-12-31,8.643042350907519e-5,0.3,fixed q=0.30,2.881014116969173e-4
260920,Maraial,2,11098,2021-12-31,1.8021265092809516e-4,0.007454145308640366,global-q 2.5%,0.024176165538281662
260920,Maraial,2,11098,2021-12-31,1.8021265092809516e-4,0.009820323685458794,global-q median,0.018350988898150136
260920,Maraial,2,11098,2021-12-31,1.8021265092809516e-4,0.01510174051658718,global-q 97.5%,0.011933237147741773
260920,Maraial,2,11098,2021-12-31,1.8021265092809516e-4,0.05,fixed q=0.05,0.003604253018561903
260920,Maraial,2,11098,2021-12-31,1.8021265092809516e-4,0.1,fixed q=0.10,0.0018021265092809514
260920,Maraial,2,11098,2021-12-31,1.8021265092809516e-4,0.15,fixed q=0.15,0.0012014176728539678
260920,Maraial,2,11098,2021-12-31,1.8021265092809516e-4,0.2,fixed q=0.20,9.010632546404757e-4
260920,Maraial,2,11098,2021-12-31,1.8021265092809516e-4,0.25,fixed q=0.25,7.208506037123806e-4
260920,Maraial,2,11098,2021-12-31,1.8021265092809516e-4,0.3,fixed q=0.30,6.007088364269839e-4
260920,Maraial,8,9359,2022-12-31,8.547921786515654e-4,0.007454145308640366,global-q 2.5%,0.11467339892888125
260920,Maraial,8,9359,2022-12-31,8.547921786515654e-4,0.009820323685458794,global-q median,0.0870431776008848
260920,Maraial,8,9359,2022-12-31,8.547921786515654e-4,0.01510174051658718,global-q 97.5%,0.05660222924057621
260920,Maraial,8,9359,2022-12-31,8.547921786515654e-4,0.05,fixed q=0.05,0.017095843573031306
260920,Maraial,8,9359,2022-12-31,8.547921786515654e-4,0.1,fixed q=0.10,0.008547921786515653
260920,Maraial,8,9359,2022-12-31,8.547921786515654e-4,0.15,fixed q=0.15,0.005698614524343769
260920,Maraial,8,9359,2022-12-31,8.547921786515654e-4,0.2,fixed q=0.20,0.0042739608932578265
260920,Maraial,8,9359,2022-12-31,8.547921786515654e-4,0.25,fixed q=0.25,0.0034191687146062615
260920,Maraial,8,9359,2022-12-31,8.547921786515654e-4,0.3,fixed q=0.30,0.0028493072621718846
260920,Maraial,13,9322,2025-12-21,0.0013945505256382751,0.007454145308640366,global-q 2.5%,0.18708389330991465
260920,Maraial,13,9322,2025-12-21,0.0013945505256382751,0.009820323685458794,global-q median,0.1420065743559168
260920,Maraial,13,9322,2025-12-21,0.0013945505256382751,0.01510174051658718,global-q 97.5%,0.09234369535793266
260920,Maraial,13,9322,2025-12-21,0.0013945505256382751,0.05,fixed q=0.05,0.0278910105127655
260920,Maraial,13,9322,2025-12-21,0.0013945505256382751,0.1,fixed q=0.10,0.01394550525638275
260920,Maraial,13,9322,2025-12-21,0.0013945505256382751,0.15,fixed q=0.15,0.009297003504255169
260920,Maraial,13,9322,2025-12-21,0.0013945505256382751,0.2,fixed q=0.20,0.006972752628191375
260920,Maraial,13,9322,2025-12-21,0.0013945505256382751,0.25,fixed q=0.25,0.0055782021025531005
260920,Maraial,13,9322,2025-12-21,0.0013945505256382751,0.3,fixed q=0.30,0.004648501752127584
260930,Mirandiba,8,15185,2016-12-31,5.268356931182088e-4,0.007454145308640366,global-q 2.5%,0.07067687458514321
260930,Mirandiba,8,15185,2016-12-31,5.268356931182088e-4,0.009820323685458794,global-q median,0.053647487597410656
260930,Mirandiba,8,15185,2016-12-31,5.268356931182088e-4,0.01510174051658718,global-q 97.5%,0.034885759859239564
260930,Mirandiba,8,15185,2016-12-31,5.268356931182088e-4,0.05,fixed q=0.05,0.010536713862364174
260930,Mirandiba,8,15185,2016-12-31,5.268356931182088e-4,0.1,fixed q=0.10,0.005268356931182087
260930,Mirandiba,8,15185,2016-12-31,5.268356931182088e-4,0.15,fixed q=0.15,0.0035122379541213922
260930,Mirandiba,8,15185,2016-12-31,5.268356931182088e-4,0.2,fixed q=0.20,0.0026341784655910436
260930,Mirandiba,8,15185,2016-12-31,5.268356931182088e-4,0.25,fixed q=0.25,0.002107342772472835
260930,Mirandiba,8,15185,2016-12-31,5.268356931182088e-4,0.3,fixed q=0.30,0.0017561189770606961
260930,Mirandiba,9,15308,2018-12-31,5.879278808466162e-4,0.007454145308640366,global-q 2.5%,0.07887260799237814
260930,Mirandiba,9,15308,2018-12-31,5.879278808466162e-4,0.009820323685458794,global-q median,0.059868482921512665
260930,Mirandiba,9,15308,2018-12-31,5.879278808466162e-4,0.01510174051658718,global-q 97.5%,0.038931133812083345
260930,Mirandiba,9,15308,2018-12-31,5.879278808466162e-4,0.05,fixed q=0.05,0.011758557616932322
260930,Mirandiba,9,15308,2018-12-31,5.879278808466162e-4,0.1,fixed q=0.10,0.005879278808466161
260930,Mirandiba,9,15308,2018-12-31,5.879278808466162e-4,0.15,fixed q=0.15,0.003919519205644108
260930,Mirandiba,9,15308,2018-12-31,5.879278808466162e-4,0.2,fixed q=0.20,0.0029396394042330806
260930,Mirandiba,9,15308,2018-12-31,5.879278808466162e-4,0.25,fixed q=0.25,0.0023517115233864646
260930,Mirandiba,9,15308,2018-12-31,5.879278808466162e-4,0.3,fixed q=0.30,0.001959759602822054
260930,Mirandiba,42,15548,2021-12-31,0.002701312065860561,0.007454145308640366,global-q 2.5%,0.3623905832274793
260930,Mirandiba,42,15548,2021-12-31,0.002701312065860561,0.009820323685458794,global-q median,0.27507362815957515
260930,Mirandiba,42,15548,2021-12-31,0.002701312065860561,0.01510174051658718,global-q 97.5%,0.17887422068294326
260930,Mirandiba,42,15548,2021-12-31,0.002701312065860561,0.05,fixed q=0.05,0.05402624131721122
260930,Mirandiba,42,15548,2021-12-31,0.002701312065860561,0.1,fixed q=0.10,0.02701312065860561
260930,Mirandiba,42,15548,2021-12-31,0.002701312065860561,0.15,fixed q=0.15,0.018008747105737074
260930,Mirandiba,42,15548,2021-12-31,0.002701312065860561,0.2,fixed q=0.20,0.013506560329302805
260930,Mirandiba,42,15548,2021-12-31,0.002701312065860561,0.25,fixed q=0.25,0.010805248263442244
260930,Mirandiba,42,15548,2021-12-31,0.002701312065860561,0.3,fixed q=0.30,0.009004373552868537
260930,Mirandiba,558,14166,2022-12-31,0.03939008894536213,0.007454145308640366,global-q 2.5%,5.284319974243549
260930,Mirandiba,558,14166,2022-12-31,0.03939008894536213,0.009820323685458794,global-q median,4.0110784742959185
260930,Mirandiba,558,14166,2022-12-31,0.03939008894536213,0.01510174051658718,global-q 97.5%,2.6083145119661904
260930,Mirandiba,558,14166,2022-12-31,0.03939008894536213,0.05,fixed q=0.05,0.7878017789072426
260930,Mirandiba,558,14166,2022-12-31,0.03939008894536213,0.1,fixed q=0.10,0.3939008894536213
260930,Mirandiba,558,14166,2022-12-31,0.03939008894536213,0.15,fixed q=0.15,0.2626005929690809
260930,Mirandiba,558,14166,2022-12-31,0.03939008894536213,0.2,fixed q=0.20,0.19695044472681064
260930,Mirandiba,558,14166,2022-12-31,0.03939008894536213,0.25,fixed q=0.25,0.15756035578144853
260930,Mirandiba,558,14166,2022-12-31,0.03939008894536213,0.3,fixed q=0.30,0.13130029648454045
260930,Mirandiba,568,14605,2025-12-21,0.03889079082505991,0.007454145308640366,global-q 2.5%,5.217337362605503
260930,Mirandiba,568,14605,2025-12-21,0.03889079082505991,0.009820323685458794,global-q median,3.9602351277531214
260930,Mirandiba,568,14605,2025-12-21,0.03889079082505991,0.01510174051658718,global-q 97.5%,2.575252222241783
260930,Mirandiba,568,14605,2025-12-21,0.03889079082505991,0.05,fixed q=0.05,0.7778158165011981
260930,Mirandiba,568,14605,2025-12-21,0.03889079082505991,0.1,fixed q=0.10,0.38890790825059907
260930,Mirandiba,568,14605,2025-12-21,0.03889079082505991,0.15,fixed q=0.15,0.25927193883373273
260930,Mirandiba,568,14605,2025-12-21,0.03889079082505991,0.2,fixed q=0.20,0.19445395412529953
260930,Mirandiba,568,14605,2025-12-21,0.03889079082505991,0.25,fixed q=0.25,0.15556316330023964
260930,Mirandiba,568,14605,2025-12-21,0.03889079082505991,0.3,fixed q=0.30,0.12963596941686636
260940,Moreno,10,61577,2016-12-31,1.6239829806583627e-4,0.007454145308640366,global-q 2.5%,0.021786306993183322
260940,Moreno,10,61577,2016-12-31,1.6239829806583627e-4,0.009820323685458794,global-q median,0.016536959805744857
260940,Moreno,10,61577,2016-12-31,1.6239829806583627e-4,0.01510174051658718,global-q 97.5%,0.010753614650408284
260940,Moreno,10,61577,2016-12-31,1.6239829806583627e-4,0.05,fixed q=0.05,0.0032479659613167252
260940,Moreno,10,61577,2016-12-31,1.6239829806583627e-4,0.1,fixed q=0.10,0.0016239829806583626
260940,Moreno,10,61577,2016-12-31,1.6239829806583627e-4,0.15,fixed q=0.15,0.0010826553204389086
260940,Moreno,10,61577,2016-12-31,1.6239829806583627e-4,0.2,fixed q=0.20,8.119914903291813e-4
260940,Moreno,10,61577,2016-12-31,1.6239829806583627e-4,0.25,fixed q=0.25,6.495931922633451e-4
260940,Moreno,10,61577,2016-12-31,1.6239829806583627e-4,0.3,fixed q=0.30,5.413276602194543e-4
260940,Moreno,13,62263,2018-12-31,2.0879173827152562e-4,0.007454145308640366,global-q 2.5%,0.02801015134887532
260940,Moreno,13,62263,2018-12-31,2.0879173827152562e-4,0.009820323685458794,global-q median,0.02126118699943556
260940,Moreno,13,62263,2018-12-31,2.0879173827152562e-4,0.01510174051658718,global-q 97.5%,0.013825673805095293
260940,Moreno,13,62263,2018-12-31,2.0879173827152562e-4,0.05,fixed q=0.05,0.004175834765430512
260940,Moreno,13,62263,2018-12-31,2.0879173827152562e-4,0.1,fixed q=0.10,0.002087917382715256
260940,Moreno,13,62263,2018-12-31,2.0879173827152562e-4,0.15,fixed q=0.15,0.001391944921810171
260940,Moreno,13,62263,2018-12-31,2.0879173827152562e-4,0.2,fixed q=0.20,0.001043958691357628
260940,Moreno,13,62263,2018-12-31,2.0879173827152562e-4,0.25,fixed q=0.25,8.351669530861025e-4
260940,Moreno,13,62263,2018-12-31,2.0879173827152562e-4,0.3,fixed q=0.30,6.959724609050855e-4
260940,Moreno,142,63792,2021-12-31,0.0022259844494607476,0.007454145308640366,global-q 2.5%,0.2986236996051753
260940,Moreno,142,63792,2021-12-31,0.0022259844494607476,0.009820323685458794,global-q median,0.22667118933735553
260940,Moreno,142,63792,2021-12-31,0.0022259844494607476,0.01510174051658718,global-q 97.5%,0.14739919859011022
260940,Moreno,142,63792,2021-12-31,0.0022259844494607476,0.05,fixed q=0.05,0.04451968898921495
260940,Moreno,142,63792,2021-12-31,0.0022259844494607476,0.1,fixed q=0.10,0.022259844494607474
260940,Moreno,142,63792,2021-12-31,0.0022259844494607476,0.15,fixed q=0.15,0.014839896329738318
260940,Moreno,142,63792,2021-12-31,0.0022259844494607476,0.2,fixed q=0.20,0.011129922247303737
260940,Moreno,142,63792,2021-12-31,0.0022259844494607476,0.25,fixed q=0.25,0.00890393779784299
260940,Moreno,142,63792,2021-12-31,0.0022259844494607476,0.3,fixed q=0.30,0.007419948164869159
260940,Moreno,213,55292,2022-12-31,0.0038522751935180497,0.007454145308640366,global-q 2.5%,0.516796364172394
260940,Moreno,213,55292,2022-12-31,0.0038522751935180497,0.009820323685458794,global-q median,0.3922757861049135
260940,Moreno,213,55292,2022-12-31,0.0038522751935180497,0.01510174051658718,global-q 97.5%,0.2550881594930635
260940,Moreno,213,55292,2022-12-31,0.0038522751935180497,0.05,fixed q=0.05,0.07704550387036099
260940,Moreno,213,55292,2022-12-31,0.0038522751935180497,0.1,fixed q=0.10,0.038522751935180496
260940,Moreno,213,55292,2022-12-31,0.0038522751935180497,0.15,fixed q=0.15,0.025681834623453664
260940,Moreno,213,55292,2022-12-31,0.0038522751935180497,0.2,fixed q=0.20,0.019261375967590248
260940,Moreno,213,55292,2022-12-31,0.0038522751935180497,0.25,fixed q=0.25,0.015409100774072199
260940,Moreno,213,55292,2022-12-31,0.0038522751935180497,0.3,fixed q=0.30,0.012840917311726832
260940,Moreno,239,57654,2025-12-21,0.004145419225032088,0.007454145308640366,global-q 2.5%,0.5561226744838182
260940,Moreno,239,57654,2025-12-21,0.004145419225032088,0.009820323685458794,global-q median,0.4221265365387412
260940,Moreno,239,57654,2025-12-21,0.004145419225032088,0.01510174051658718,global-q 97.5%,0.27449943405390365
260940,Moreno,239,57654,2025-12-21,0.004145419225032088,0.05,fixed q=0.05,0.08290838450064175
260940,Moreno,239,57654,2025-12-21,0.004145419225032088,0.1,fixed q=0.10,0.041454192250320876
260940,Moreno,239,57654,2025-12-21,0.004145419225032088,0.15,fixed q=0.15,0.027636128166880585
260940,Moreno,239,57654,2025-12-21,0.004145419225032088,0.2,fixed q=0.20,0.020727096125160438
260940,Moreno,239,57654,2025-12-21,0.004145419225032088,0.25,fixed q=0.25,0.01658167690012835
260940,Moreno,239,57654,2025-12-21,0.004145419225032088,0.3,fixed q=0.30,0.013818064083440293
260950,Nazaré da Mata,4,32174,2016-12-31,1.243239883135451e-4,0.007454145308640366,global-q 2.5%,0.01667850345893267
260950,Nazaré da Mata,4,32174,2016-12-31,1.243239883135451e-4,0.009820323685458794,global-q median,0.012659866649572337
260950,Nazaré da Mata,4,32174,2016-12-31,1.243239883135451e-4,0.01510174051658718,global-q 97.5%,0.008232427790491588
260950,Nazaré da Mata,4,32174,2016-12-31,1.243239883135451e-4,0.05,fixed q=0.05,0.0024864797662709015
260950,Nazaré da Mata,4,32174,2016-12-31,1.243239883135451e-4,0.1,fixed q=0.10,0.0012432398831354508
260950,Nazaré da Mata,4,32174,2016-12-31,1.243239883135451e-4,0.15,fixed q=0.15,8.288265887569673e-4
260950,Nazaré da Mata,4,32174,2016-12-31,1.243239883135451e-4,0.2,fixed q=0.20,6.216199415677254e-4
260950,Nazaré da Mata,4,32174,2016-12-31,1.243239883135451e-4,0.25,fixed q=0.25,4.972959532541804e-4
260950,Nazaré da Mata,4,32174,2016-12-31,1.243239883135451e-4,0.3,fixed q=0.30,4.1441329437848364e-4
260950,Nazaré da Mata,4,32366,2018-12-31,1.2358647963912748e-4,0.007454145308640366,global-q 2.5%,0.016579564057582024
260950,Nazaré da Mata,4,32366,2018-12-31,1.2358647963912748e-4,0.009820323685458794,global-q median,0.012584766408680108
260950,Nazaré da Mata,4,32366,2018-12-31,1.2358647963912748e-4,0.01510174051658718,global-q 97.5%,0.0081835917855551
260950,Nazaré da Mata,4,32366,2018-12-31,1.2358647963912748e-4,0.05,fixed q=0.05,0.0024717295927825494
260950,Nazaré da Mata,4,32366,2018-12-31,1.2358647963912748e-4,0.1,fixed q=0.10,0.0012358647963912747
260950,Nazaré da Mata,4,32366,2018-12-31,1.2358647963912748e-4,0.15,fixed q=0.15,8.239098642608499e-4
260950,Nazaré da Mata,4,32366,2018-12-31,1.2358647963912748e-4,0.2,fixed q=0.20,6.179323981956373e-4
260950,Nazaré da Mata,4,32366,2018-12-31,1.2358647963912748e-4,0.25,fixed q=0.25,4.943459185565099e-4
260950,Nazaré da Mata,4,32366,2018-12-31,1.2358647963912748e-4,0.3,fixed q=0.30,4.1195493213042495e-4
260950,Nazaré da Mata,14,32673,2021-12-31,4.2848835429865637e-4,0.007454145308640366,global-q 2.5%,0.057483230679978854
260950,Nazaré da Mata,14,32673,2021-12-31,4.2848835429865637e-4,0.009820323685458794,global-q median,0.0436328137465703
260950,Nazaré da Mata,14,32673,2021-12-31,4.2848835429865637e-4,0.01510174051658718,global-q 97.5%,0.028373441712100732
260950,Nazaré da Mata,14,32673,2021-12-31,4.2848835429865637e-4,0.05,fixed q=0.05,0.008569767085973127
260950,Nazaré da Mata,14,32673,2021-12-31,4.2848835429865637e-4,0.1,fixed q=0.10,0.0042848835429865634
260950,Nazaré da Mata,14,32673,2021-12-31,4.2848835429865637e-4,0.15,fixed q=0.15,0.002856589028657709
260950,Nazaré da Mata,14,32673,2021-12-31,4.2848835429865637e-4,0.2,fixed q=0.20,0.0021424417714932817
260950,Nazaré da Mata,14,32673,2021-12-31,4.2848835429865637e-4,0.25,fixed q=0.25,0.0017139534171946255
260950,Nazaré da Mata,14,32673,2021-12-31,4.2848835429865637e-4,0.3,fixed q=0.30,0.0014282945143288546
260950,Nazaré da Mata,69,30648,2022-12-31,0.0022513703993735316,0.007454145308640366,global-q 2.5%,0.30202931471752875
260950,Nazaré da Mata,69,30648,2022-12-31,0.0022513703993735316,0.009820323685458794,global-q median,0.22925623141192317
260950,Nazaré da Mata,69,30648,2022-12-31,0.0022513703993735316,0.01510174051658718,global-q 97.5%,0.1490801935644909
260950,Nazaré da Mata,69,30648,2022-12-31,0.0022513703993735316,0.05,fixed q=0.05,0.04502740798747063
260950,Nazaré da Mata,69,30648,2022-12-31,0.0022513703993735316,0.1,fixed q=0.10,0.022513703993735316
260950,Nazaré da Mata,69,30648,2022-12-31,0.0022513703993735316,0.15,fixed q=0.15,0.015009135995823545
260950,Nazaré da Mata,69,30648,2022-12-31,0.0022513703993735316,0.2,fixed q=0.20,0.011256851996867658
260950,Nazaré da Mata,69,30648,2022-12-31,0.0022513703993735316,0.25,fixed q=0.25,0.009005481597494126
260950,Nazaré da Mata,69,30648,2022-12-31,0.0022513703993735316,0.3,fixed q=0.30,0.0075045679979117725
260950,Nazaré da Mata,70,32187,2025-12-21,0.0021747910647155685,0.007454145308640366,global-q 2.5%,0.291755925685362
260950,Nazaré da Mata,70,32187,2025-12-21,0.0021747910647155685,0.009820323685458794,global-q median,0.22145818553168847
260950,Nazaré da Mata,70,32187,2025-12-21,0.0021747910647155685,0.01510174051658718,global-q 97.5%,0.14400929894980385
260950,Nazaré da Mata,70,32187,2025-12-21,0.0021747910647155685,0.05,fixed q=0.05,0.04349582129431137
260950,Nazaré da Mata,70,32187,2025-12-21,0.0021747910647155685,0.1,fixed q=0.10,0.021747910647155685
260950,Nazaré da Mata,70,32187,2025-12-21,0.0021747910647155685,0.15,fixed q=0.15,0.014498607098103791
260950,Nazaré da Mata,70,32187,2025-12-21,0.0021747910647155685,0.2,fixed q=0.20,0.010873955323577843
260950,Nazaré da Mata,70,32187,2025-12-21,0.0021747910647155685,0.25,fixed q=0.25,0.008699164258862274
260950,Nazaré da Mata,70,32187,2025-12-21,0.0021747910647155685,0.3,fixed q=0.30,0.0072493035490518954
260960,Olinda,1000,390144,2016-12-31,0.0025631561679790027,0.007454145308640366,global-q 2.5%,0.3438564800994631
260960,Olinda,1000,390144,2016-12-31,0.0025631561679790027,0.009820323685458794,global-q median,0.26100526317420003
260960,Olinda,1000,390144,2016-12-31,0.0025631561679790027,0.01510174051658718,global-q 97.5%,0.169725877965108
260960,Olinda,1000,390144,2016-12-31,0.0025631561679790027,0.05,fixed q=0.05,0.051263123359580054
260960,Olinda,1000,390144,2016-12-31,0.0025631561679790027,0.1,fixed q=0.10,0.025631561679790027
260960,Olinda,1000,390144,2016-12-31,0.0025631561679790027,0.15,fixed q=0.15,0.017087707786526685
260960,Olinda,1000,390144,2016-12-31,0.0025631561679790027,0.2,fixed q=0.20,0.012815780839895013
260960,Olinda,1000,390144,2016-12-31,0.0025631561679790027,0.25,fixed q=0.25,0.01025262467191601
260960,Olinda,1000,390144,2016-12-31,0.0025631561679790027,0.3,fixed q=0.30,0.008543853893263342
260960,Olinda,1099,391835,2018-12-31,0.0028047520002041676,0.007454145308640366,global-q 2.5%,0.37626741686308146
260960,Olinda,1099,391835,2018-12-31,0.0028047520002041676,0.009820323685458794,global-q median,0.2856068791660336
260960,Olinda,1099,391835,2018-12-31,0.0028047520002041676,0.01510174051658718,global-q 97.5%,0.18572375794190968
260960,Olinda,1099,391835,2018-12-31,0.0028047520002041676,0.05,fixed q=0.05,0.05609504000408335
260960,Olinda,1099,391835,2018-12-31,0.0028047520002041676,0.1,fixed q=0.10,0.028047520002041675
260960,Olinda,1099,391835,2018-12-31,0.0028047520002041676,0.15,fixed q=0.15,0.018698346668027784
260960,Olinda,1099,391835,2018-12-31,0.0028047520002041676,0.2,fixed q=0.20,0.014023760001020838
260960,Olinda,1099,391835,2018-12-31,0.0028047520002041676,0.25,fixed q=0.25,0.01121900800081667
260960,Olinda,1099,391835,2018-12-31,0.0028047520002041676,0.3,fixed q=0.30,0.009349173334013892
260960,Olinda,1694,393734,2021-12-31,0.0043023970497848806,0.007454145308640366,global-q 2.5%,0.5771818057796403
260960,Olinda,1694,393734,2021-12-31,0.0043023970497848806,0.009820323685458794,global-q median,0.4381115315125051
260960,Olinda,1694,393734,2021-12-31,0.0043023970497848806,0.01510174051658718,global-q 97.5%,0.28489411833419404
260960,Olinda,1694,393734,2021-12-31,0.0043023970497848806,0.05,fixed q=0.05,0.08604794099569761
260960,Olinda,1694,393734,2021-12-31,0.0043023970497848806,0.1,fixed q=0.10,0.043023970497848806
260960,Olinda,1694,393734,2021-12-31,0.0043023970497848806,0.15,fixed q=0.15,0.02868264699856587
260960,Olinda,1694,393734,2021-12-31,0.0043023970497848806,0.2,fixed q=0.20,0.021511985248924403
260960,Olinda,1694,393734,2021-12-31,0.0043023970497848806,0.25,fixed q=0.25,0.017209588199139522
260960,Olinda,1694,393734,2021-12-31,0.0043023970497848806,0.3,fixed q=0.30,0.014341323499282936
260960,Olinda,1752,349976,2022-12-31,0.005006057558232565,0.007454145308640366,global-q 2.5%,0.6715803557558591
260960,Olinda,1752,349976,2022-12-31,0.005006057558232565,0.009820323685458794,global-q median,0.5097650259375017
260960,Olinda,1752,349976,2022-12-31,0.005006057558232565,0.01510174051658718,global-q 97.5%,0.3314887812258528
260960,Olinda,1752,349976,2022-12-31,0.005006057558232565,0.05,fixed q=0.05,0.10012115116465128
260960,Olinda,1752,349976,2022-12-31,0.005006057558232565,0.1,fixed q=0.10,0.05006057558232564
260960,Olinda,1752,349976,2022-12-31,0.005006057558232565,0.15,fixed q=0.15,0.03337371705488377
260960,Olinda,1752,349976,2022-12-31,0.005006057558232565,0.2,fixed q=0.20,0.02503028779116282
260960,Olinda,1752,349976,2022-12-31,0.005006057558232565,0.25,fixed q=0.25,0.02002423023293026
260960,Olinda,1752,349976,2022-12-31,0.005006057558232565,0.3,fixed q=0.30,0.016686858527441884
260960,Olinda,1929,364717,2025-12-21,0.005289032318208364,0.007454145308640366,global-q 2.5%,0.7095424222650526
260960,Olinda,1929,364717,2025-12-21,0.005289032318208364,0.009820323685458794,global-q median,0.5385802431380108
260960,Olinda,1929,364717,2025-12-21,0.005289032318208364,0.01510174051658718,global-q 97.5%,0.35022667171370686
260960,Olinda,1929,364717,2025-12-21,0.005289032318208364,0.05,fixed q=0.05,0.10578064636416727
260960,Olinda,1929,364717,2025-12-21,0.005289032318208364,0.1,fixed q=0.10,0.052890323182083636
260960,Olinda,1929,364717,2025-12-21,0.005289032318208364,0.15,fixed q=0.15,0.03526021545472243
260960,Olinda,1929,364717,2025-12-21,0.005289032318208364,0.2,fixed q=0.20,0.026445161591041818
260960,Olinda,1929,364717,2025-12-21,0.005289032318208364,0.25,fixed q=0.25,0.021156129272833456
260960,Olinda,1929,364717,2025-12-21,0.005289032318208364,0.3,fixed q=0.30,0.017630107727361215
260970,Orobó,3,23717,2016-12-31,1.2649154614833243e-4,0.007454145308640366,global-q 2.5%,0.016969289021198923
260970,Orobó,3,23717,2016-12-31,1.2649154614833243e-4,0.009820323685458794,global-q median,0.012880588277923233
260970,Orobó,3,23717,2016-12-31,1.2649154614833243e-4,0.01510174051658718,global-q 97.5%,0.008375958122800408
260970,Orobó,3,23717,2016-12-31,1.2649154614833243e-4,0.05,fixed q=0.05,0.0025298309229666483
260970,Orobó,3,23717,2016-12-31,1.2649154614833243e-4,0.1,fixed q=0.10,0.0012649154614833241
260970,Orobó,3,23717,2016-12-31,1.2649154614833243e-4,0.15,fixed q=0.15,8.432769743222162e-4
260970,Orobó,3,23717,2016-12-31,1.2649154614833243e-4,0.2,fixed q=0.20,6.324577307416621e-4
260970,Orobó,3,23717,2016-12-31,1.2649154614833243e-4,0.25,fixed q=0.25,5.059661845933297e-4
260970,Orobó,3,23717,2016-12-31,1.2649154614833243e-4,0.3,fixed q=0.30,4.216384871611081e-4
260970,Orobó,7,23833,2018-12-31,2.9371040154407753e-4,0.007454145308640366,global-q 2.5%,0.03940229085736058
260970,Orobó,7,23833,2018-12-31,2.9371040154407753e-4,0.009820323685458794,global-q median,0.02990842368861854
260970,Orobó,7,23833,2018-12-31,2.9371040154407753e-4,0.01510174051658718,global-q 97.5%,0.019448778186956475
260970,Orobó,7,23833,2018-12-31,2.9371040154407753e-4,0.05,fixed q=0.05,0.0058742080308815505
260970,Orobó,7,23833,2018-12-31,2.9371040154407753e-4,0.1,fixed q=0.10,0.0029371040154407752
260970,Orobó,7,23833,2018-12-31,2.9371040154407753e-4,0.15,fixed q=0.15,0.0019580693436271838
260970,Orobó,7,23833,2018-12-31,2.9371040154407753e-4,0.2,fixed q=0.20,0.0014685520077203876
260970,Orobó,7,23833,2018-12-31,2.9371040154407753e-4,0.25,fixed q=0.25,0.0011748416061763101
260970,Orobó,7,23833,2018-12-31,2.9371040154407753e-4,0.3,fixed q=0.30,9.790346718135919e-4
260970,Orobó,52,23985,2021-12-31,0.002168021680216802,0.007454145308640366,global-q 2.5%,0.290847788773821
260970,Orobó,52,23985,2021-12-31,0.002168021680216802,0.009820323685458794,global-q median,0.2207688615627861
260970,Orobó,52,23985,2021-12-31,0.002168021680216802,0.01510174051658718,global-q 97.5%,0.14356104700882188
260970,Orobó,52,23985,2021-12-31,0.002168021680216802,0.05,fixed q=0.05,0.04336043360433604
260970,Orobó,52,23985,2021-12-31,0.002168021680216802,0.1,fixed q=0.10,0.02168021680216802
260970,Orobó,52,23985,2021-12-31,0.002168021680216802,0.15,fixed q=0.15,0.014453477868112016
260970,Orobó,52,23985,2021-12-31,0.002168021680216802,0.2,fixed q=0.20,0.01084010840108401
260970,Orobó,52,23985,2021-12-31,0.002168021680216802,0.25,fixed q=0.25,0.008672086720867209
260970,Orobó,52,23985,2021-12-31,0.002168021680216802,0.3,fixed q=0.30,0.007226738934056008
260970,Orobó,76,21808,2022-12-31,0.003484959647835657,0.007454145308640366,global-q 2.5%,0.46751968247736136
260970,Orobó,76,21808,2022-12-31,0.003484959647835657,0.009820323685458794,global-q median,0.3548721772782221
260970,Orobó,76,21808,2022-12-31,0.003484959647835657,0.01510174051658718,global-q 97.5%,0.23076543025010324
260970,Orobó,76,21808,2022-12-31,0.003484959647835657,0.05,fixed q=0.05,0.06969919295671313
260970,Orobó,76,21808,2022-12-31,0.003484959647835657,0.1,fixed q=0.10,0.034849596478356566
260970,Orobó,76,21808,2022-12-31,0.003484959647835657,0.15,fixed q=0.15,0.02323306431890438
260970,Orobó,76,21808,2022-12-31,0.003484959647835657,0.2,fixed q=0.20,0.017424798239178283
260970,Orobó,76,21808,2022-12-31,0.003484959647835657,0.25,fixed q=0.25,0.013939838591342627
260970,Orobó,76,21808,2022-12-31,0.003484959647835657,0.3,fixed q=0.30,0.01161653215945219
260970,Orobó,76,22412,2025-12-21,0.0033910405140103518,0.007454145308640366,global-q 2.5%,0.45492009795940996
260970,Orobó,76,22412,2025-12-21,0.0033910405140103518,0.009820323685458794,global-q median,0.3453084259362604
260970,Orobó,76,22412,2025-12-21,0.0033910405140103518,0.01510174051658718,global-q 97.5%,0.22454633691300424
260970,Orobó,76,22412,2025-12-21,0.0033910405140103518,0.05,fixed q=0.05,0.06782081028020703
260970,Orobó,76,22412,2025-12-21,0.0033910405140103518,0.1,fixed q=0.10,0.03391040514010352
260970,Orobó,76,22412,2025-12-21,0.0033910405140103518,0.15,fixed q=0.15,0.022606936760069012
260970,Orobó,76,22412,2025-12-21,0.0033910405140103518,0.2,fixed q=0.20,0.01695520257005176
260970,Orobó,76,22412,2025-12-21,0.0033910405140103518,0.25,fixed q=0.25,0.013564162056041407
260970,Orobó,76,22412,2025-12-21,0.0033910405140103518,0.3,fixed q=0.30,0.011303468380034506
260980,Orocó,1,14623,2016-12-31,6.83854202284073e-5,0.007454145308640366,global-q 2.5%,0.009174146383910616
260980,Orocó,1,14623,2016-12-31,6.83854202284073e-5,0.009820323685458794,global-q median,0.0069636625450205224
260980,Orocó,1,14623,2016-12-31,6.83854202284073e-5,0.01510174051658718,global-q 97.5%,0.004528313816099233
260980,Orocó,1,14623,2016-12-31,6.83854202284073e-5,0.05,fixed q=0.05,0.001367708404568146
260980,Orocó,1,14623,2016-12-31,6.83854202284073e-5,0.1,fixed q=0.10,6.83854202284073e-4
260980,Orocó,1,14623,2016-12-31,6.83854202284073e-5,0.15,fixed q=0.15,4.559028015227154e-4
260980,Orocó,1,14623,2016-12-31,6.83854202284073e-5,0.2,fixed q=0.20,3.419271011420365e-4
260980,Orocó,1,14623,2016-12-31,6.83854202284073e-5,0.25,fixed q=0.25,2.735416809136292e-4
260980,Orocó,1,14623,2016-12-31,6.83854202284073e-5,0.3,fixed q=0.30,2.279514007613577e-4
260980,Orocó,2,14827,2018-12-31,1.3488905375328792e-4,0.007454145308640366,global-q 2.5%,0.01809584441517838
260980,Orocó,2,14827,2018-12-31,1.3488905375328792e-4,0.009820323685458794,global-q median,0.013735703432364618
260980,Orocó,2,14827,2018-12-31,1.3488905375328792e-4,0.01510174051658718,global-q 97.5%,0.008932020359185147
260980,Orocó,2,14827,2018-12-31,1.3488905375328792e-4,0.05,fixed q=0.05,0.002697781075065758
260980,Orocó,2,14827,2018-12-31,1.3488905375328792e-4,0.1,fixed q=0.10,0.001348890537532879
260980,Orocó,2,14827,2018-12-31,1.3488905375328792e-4,0.15,fixed q=0.15,8.992603583552528e-4
260980,Orocó,2,14827,2018-12-31,1.3488905375328792e-4,0.2,fixed q=0.20,6.744452687664395e-4
260980,Orocó,2,14827,2018-12-31,1.3488905375328792e-4,0.25,fixed q=0.25,5.395562150131517e-4
260980,Orocó,2,14827,2018-12-31,1.3488905375328792e-4,0.3,fixed q=0.30,4.496301791776264e-4
260980,Orocó,2,15309,2021-12-31,1.3064210595074792e-4,0.007454145308640366,global-q 2.5%,0.01752610132234959
260980,Orocó,2,15309,2021-12-31,1.3064210595074792e-4,0.009820323685458794,global-q median,0.013303238277592931
260980,Orocó,2,15309,2021-12-31,1.3064210595074792e-4,0.01510174051658718,global-q 97.5%,0.008650797953206491
260980,Orocó,2,15309,2021-12-31,1.3064210595074792e-4,0.05,fixed q=0.05,0.0026128421190149582
260980,Orocó,2,15309,2021-12-31,1.3064210595074792e-4,0.1,fixed q=0.10,0.0013064210595074791
260980,Orocó,2,15309,2021-12-31,1.3064210595074792e-4,0.15,fixed q=0.15,8.709473730049861e-4
260980,Orocó,2,15309,2021-12-31,1.3064210595074792e-4,0.2,fixed q=0.20,6.532105297537396e-4
260980,Orocó,2,15309,2021-12-31,1.3064210595074792e-4,0.25,fixed q=0.25,5.225684238029917e-4
260980,Orocó,2,15309,2021-12-31,1.3064210595074792e-4,0.3,fixed q=0.30,4.3547368650249306e-4
260980,Orocó,9,13613,2022-12-31,6.611327407625064e-4,0.007454145308640366,global-q 2.5%,0.08869329928357632
260980,Orocó,9,13613,2022-12-31,6.611327407625064e-4,0.009820323685458794,global-q median,0.06732290726236068
260980,Orocó,9,13613,2022-12-31,6.611327407625064e-4,0.01510174051658718,global-q 97.5%,0.04377857903440621
260980,Orocó,9,13613,2022-12-31,6.611327407625064e-4,0.05,fixed q=0.05,0.013222654815250126
260980,Orocó,9,13613,2022-12-31,6.611327407625064e-4,0.1,fixed q=0.10,0.006611327407625063
260980,Orocó,9,13613,2022-12-31,6.611327407625064e-4,0.15,fixed q=0.15,0.004407551605083376
260980,Orocó,9,13613,2022-12-31,6.611327407625064e-4,0.2,fixed q=0.20,0.0033056637038125316
260980,Orocó,9,13613,2022-12-31,6.611327407625064e-4,0.25,fixed q=0.25,0.0026445309630500255
260980,Orocó,9,13613,2022-12-31,6.611327407625064e-4,0.3,fixed q=0.30,0.002203775802541688
260980,Orocó,9,14129,2025-12-21,6.369877556798075e-4,0.007454145308640366,global-q 2.5%,0.08545416399938598
260980,Orocó,9,14129,2025-12-21,6.369877556798075e-4,0.009820323685458794,global-q median,0.06486423218646159
260980,Orocó,9,14129,2025-12-21,6.369877556798075e-4,0.01510174051658718,global-q 97.5%,0.042179757689530174
260980,Orocó,9,14129,2025-12-21,6.369877556798075e-4,0.05,fixed q=0.05,0.012739755113596148
260980,Orocó,9,14129,2025-12-21,6.369877556798075e-4,0.1,fixed q=0.10,0.006369877556798074
260980,Orocó,9,14129,2025-12-21,6.369877556798075e-4,0.15,fixed q=0.15,0.004246585037865383
260980,Orocó,9,14129,2025-12-21,6.369877556798075e-4,0.2,fixed q=0.20,0.003184938778399037
260980,Orocó,9,14129,2025-12-21,6.369877556798075e-4,0.25,fixed q=0.25,0.00254795102271923
260980,Orocó,9,14129,2025-12-21,6.369877556798075e-4,0.3,fixed q=0.30,0.0021232925189326917
260990,Ouricuri,14,68236,2016-12-31,2.051702913418137e-4,0.007454145308640366,global-q 2.5%,0.027524321414018248
260990,Ouricuri,14,68236,2016-12-31,2.051702913418137e-4,0.009820323685458794,global-q median,0.020892416371734734
260990,Ouricuri,14,68236,2016-12-31,2.051702913418137e-4,0.01510174051658718,global-q 97.5%,0.013585870523762637
260990,Ouricuri,14,68236,2016-12-31,2.051702913418137e-4,0.05,fixed q=0.05,0.004103405826836274
260990,Ouricuri,14,68236,2016-12-31,2.051702913418137e-4,0.1,fixed q=0.10,0.002051702913418137
260990,Ouricuri,14,68236,2016-12-31,2.051702913418137e-4,0.15,fixed q=0.15,0.0013678019422787581
260990,Ouricuri,14,68236,2016-12-31,2.051702913418137e-4,0.2,fixed q=0.20,0.0010258514567090685
260990,Ouricuri,14,68236,2016-12-31,2.051702913418137e-4,0.25,fixed q=0.25,8.206811653672548e-4
260990,Ouricuri,14,68236,2016-12-31,2.051702913418137e-4,0.3,fixed q=0.30,6.839009711393791e-4
260990,Ouricuri,14,68939,2018-12-31,2.0307808352311465e-4,0.007454145308640366,global-q 2.5%,0.02724364432334309
260990,Ouricuri,14,68939,2018-12-31,2.0307808352311465e-4,0.009820323685458794,global-q median,0.02067936760819988
260990,Ouricuri,14,68939,2018-12-31,2.0307808352311465e-4,0.01510174051658718,global-q 97.5%,0.013447329683625631
260990,Ouricuri,14,68939,2018-12-31,2.0307808352311465e-4,0.05,fixed q=0.05,0.0040615616704622924
260990,Ouricuri,14,68939,2018-12-31,2.0307808352311465e-4,0.1,fixed q=0.10,0.0020307808352311462
260990,Ouricuri,14,68939,2018-12-31,2.0307808352311465e-4,0.15,fixed q=0.15,0.0013538538901540977
260990,Ouricuri,14,68939,2018-12-31,2.0307808352311465e-4,0.2,fixed q=0.20,0.0010153904176155731
260990,Ouricuri,14,68939,2018-12-31,2.0307808352311465e-4,0.25,fixed q=0.25,8.123123340924586e-4
260990,Ouricuri,14,68939,2018-12-31,2.0307808352311465e-4,0.3,fixed q=0.30,6.769269450770488e-4
260990,Ouricuri,16,70466,2021-12-31,2.27059858655238e-4,0.007454145308640366,global-q 2.5%,0.03046088441448073
260990,Ouricuri,16,70466,2021-12-31,2.27059858655238e-4,0.009820323685458794,global-q median,0.023121423074012454
260990,Ouricuri,16,70466,2021-12-31,2.27059858655238e-4,0.01510174051658718,global-q 97.5%,0.01503534366822447
260990,Ouricuri,16,70466,2021-12-31,2.27059858655238e-4,0.05,fixed q=0.05,0.00454119717310476
260990,Ouricuri,16,70466,2021-12-31,2.27059858655238e-4,0.1,fixed q=0.10,0.00227059858655238
260990,Ouricuri,16,70466,2021-12-31,2.27059858655238e-4,0.15,fixed q=0.15,0.00151373239103492
260990,Ouricuri,16,70466,2021-12-31,2.27059858655238e-4,0.2,fixed q=0.20,0.00113529929327619
260990,Ouricuri,16,70466,2021-12-31,2.27059858655238e-4,0.25,fixed q=0.25,9.08239434620952e-4
260990,Ouricuri,16,70466,2021-12-31,2.27059858655238e-4,0.3,fixed q=0.30,7.5686619551746e-4
260990,Ouricuri,100,65245,2022-12-31,0.001532684496896314,0.007454145308640366,global-q 2.5%,0.20561505490370902
260990,Ouricuri,100,65245,2022-12-31,0.001532684496896314,0.009820323685458794,global-q median,0.1560727065611696
260990,Ouricuri,100,65245,2022-12-31,0.001532684496896314,0.01510174051658718,global-q 97.5%,0.10149058614885292
260990,Ouricuri,100,65245,2022-12-31,0.001532684496896314,0.05,fixed q=0.05,0.030653689937926276
260990,Ouricuri,100,65245,2022-12-31,0.001532684496896314,0.1,fixed q=0.10,0.015326844968963138
260990,Ouricuri,100,65245,2022-12-31,0.001532684496896314,0.15,fixed q=0.15,0.010217896645975427
260990,Ouricuri,100,65245,2022-12-31,0.001532684496896314,0.2,fixed q=0.20,0.007663422484481569
260990,Ouricuri,100,65245,2022-12-31,0.001532684496896314,0.25,fixed q=0.25,0.006130737987585256
260990,Ouricuri,100,65245,2022-12-31,0.001532684496896314,0.3,fixed q=0.30,0.005108948322987713
260990,Ouricuri,104,68489,2025-12-21,0.0015184920206164493,0.007454145308640366,global-q 2.5%,0.20371108393289716
260990,Ouricuri,104,68489,2025-12-21,0.0015184920206164493,0.009820323685458794,global-q median,0.15462749184784197
260990,Ouricuri,104,68489,2025-12-21,0.0015184920206164493,0.01510174051658718,global-q 97.5%,0.10055079538339273
260990,Ouricuri,104,68489,2025-12-21,0.0015184920206164493,0.05,fixed q=0.05,0.030369840412328986
260990,Ouricuri,104,68489,2025-12-21,0.0015184920206164493,0.1,fixed q=0.10,0.015184920206164493
260990,Ouricuri,104,68489,2025-12-21,0.0015184920206164493,0.15,fixed q=0.15,0.010123280137442996
260990,Ouricuri,104,68489,2025-12-21,0.0015184920206164493,0.2,fixed q=0.20,0.007592460103082246
260990,Ouricuri,104,68489,2025-12-21,0.0015184920206164493,0.25,fixed q=0.25,0.006073968082465797
260990,Ouricuri,104,68489,2025-12-21,0.0015184920206164493,0.3,fixed q=0.30,0.005061640068721498
261000,Palmares,9,62571,2016-12-31,1.4383660162055906e-4,0.007454145308640366,global-q 2.5%,0.01929618965890468
261000,Palmares,9,62571,2016-12-31,1.4383660162055906e-4,0.009820323685458794,global-q median,0.014646828987270715
261000,Palmares,9,62571,2016-12-31,1.4383660162055906e-4,0.01510174051658718,global-q 97.5%,0.00952450490475415
261000,Palmares,9,62571,2016-12-31,1.4383660162055906e-4,0.05,fixed q=0.05,0.002876732032411181
261000,Palmares,9,62571,2016-12-31,1.4383660162055906e-4,0.1,fixed q=0.10,0.0014383660162055904
261000,Palmares,9,62571,2016-12-31,1.4383660162055906e-4,0.15,fixed q=0.15,9.589106774703938e-4
261000,Palmares,9,62571,2016-12-31,1.4383660162055906e-4,0.2,fixed q=0.20,7.191830081027952e-4
261000,Palmares,9,62571,2016-12-31,1.4383660162055906e-4,0.25,fixed q=0.25,5.753464064822362e-4
261000,Palmares,9,62571,2016-12-31,1.4383660162055906e-4,0.3,fixed q=0.30,4.794553387351969e-4
261000,Palmares,36,62994,2018-12-31,5.714829983807982e-4,0.007454145308640366,global-q 2.5%,0.07666646875240972
261000,Palmares,36,62994,2018-12-31,5.714829983807982e-4,0.009820323685458794,global-q median,0.0581939065030013
261000,Palmares,36,62994,2018-12-31,5.714829983807982e-4,0.01510174051658718,global-q 97.5%,0.037842194265826704
261000,Palmares,36,62994,2018-12-31,5.714829983807982e-4,0.05,fixed q=0.05,0.011429659967615963
261000,Palmares,36,62994,2018-12-31,5.714829983807982e-4,0.1,fixed q=0.10,0.0057148299838079815
261000,Palmares,36,62994,2018-12-31,5.714829983807982e-4,0.15,fixed q=0.15,0.003809886655871988
261000,Palmares,36,62994,2018-12-31,5.714829983807982e-4,0.2,fixed q=0.20,0.0028574149919039908
261000,Palmares,36,62994,2018-12-31,5.714829983807982e-4,0.25,fixed q=0.25,0.0022859319935231927
261000,Palmares,36,62994,2018-12-31,5.714829983807982e-4,0.3,fixed q=0.30,0.001904943327935994
261000,Palmares,107,63745,2021-12-31,0.0016785630245509451,0.007454145308640366,global-q 2.5%,0.2251851761737543
261000,Palmares,107,63745,2021-12-31,0.0016785630245509451,0.009820323685458794,global-q median,0.17092746413607898
261000,Palmares,107,63745,2021-12-31,0.0016785630245509451,0.01510174051658718,global-q 97.5%,0.11115030235801464
261000,Palmares,107,63745,2021-12-31,0.0016785630245509451,0.05,fixed q=0.05,0.0335712604910189
261000,Palmares,107,63745,2021-12-31,0.0016785630245509451,0.1,fixed q=0.10,0.01678563024550945
261000,Palmares,107,63745,2021-12-31,0.0016785630245509451,0.15,fixed q=0.15,0.011190420163672969
261000,Palmares,107,63745,2021-12-31,0.0016785630245509451,0.2,fixed q=0.20,0.008392815122754724
261000,Palmares,107,63745,2021-12-31,0.0016785630245509451,0.25,fixed q=0.25,0.006714252098203781
261000,Palmares,107,63745,2021-12-31,0.0016785630245509451,0.3,fixed q=0.30,0.005595210081836484
261000,Palmares,112,54584,2022-12-31,0.0020518833357760515,0.007454145308640366,global-q 2.5%,0.2752674184386559
261000,Palmares,112,54584,2022-12-31,0.0020518833357760515,0.009820323685458794,global-q median,0.20894253606063187
261000,Palmares,112,54584,2022-12-31,0.0020518833357760515,0.01510174051658718,global-q 97.5%,0.1358706523610534
261000,Palmares,112,54584,2022-12-31,0.0020518833357760515,0.05,fixed q=0.05,0.041037666715521025
261000,Palmares,112,54584,2022-12-31,0.0020518833357760515,0.1,fixed q=0.10,0.020518833357760512
261000,Palmares,112,54584,2022-12-31,0.0020518833357760515,0.15,fixed q=0.15,0.01367922223850701
261000,Palmares,112,54584,2022-12-31,0.0020518833357760515,0.2,fixed q=0.20,0.010259416678880256
261000,Palmares,112,54584,2022-12-31,0.0020518833357760515,0.25,fixed q=0.25,0.008207533343104206
261000,Palmares,112,54584,2022-12-31,0.0020518833357760515,0.3,fixed q=0.30,0.006839611119253505
261000,Palmares,130,56475,2025-12-21,0.0023019034971226205,0.007454145308640366,global-q 2.5%,0.3088085087977024
261000,Palmares,130,56475,2025-12-21,0.0023019034971226205,0.009820323685458794,global-q median,0.2344019984322012
261000,Palmares,130,56475,2025-12-21,0.0023019034971226205,0.01510174051658718,global-q 97.5%,0.15242637062888856
261000,Palmares,130,56475,2025-12-21,0.0023019034971226205,0.05,fixed q=0.05,0.04603806994245241
261000,Palmares,130,56475,2025-12-21,0.0023019034971226205,0.1,fixed q=0.10,0.023019034971226204
261000,Palmares,130,56475,2025-12-21,0.0023019034971226205,0.15,fixed q=0.15,0.015346023314150805
261000,Palmares,130,56475,2025-12-21,0.0023019034971226205,0.2,fixed q=0.20,0.011509517485613102
261000,Palmares,130,56475,2025-12-21,0.0023019034971226205,0.25,fixed q=0.25,0.009207613988490482
261000,Palmares,130,56475,2025-12-21,0.0023019034971226205,0.3,fixed q=0.30,0.007673011657075402
261010,Palmeirina,0,7031,2022-12-31,0,0.007454145308640366,global-q 2.5%,0
261010,Palmeirina,0,7031,2022-12-31,0,0.009820323685458794,global-q median,0
261010,Palmeirina,0,7031,2022-12-31,0,0.01510174051658718,global-q 97.5%,0
261010,Palmeirina,0,7031,2022-12-31,0,0.05,fixed q=0.05,0
261010,Palmeirina,0,7031,2022-12-31,0,0.1,fixed q=0.10,0
261010,Palmeirina,0,7031,2022-12-31,0,0.15,fixed q=0.15,0
261010,Palmeirina,0,7031,2022-12-31,0,0.2,fixed q=0.20,0
261010,Palmeirina,0,7031,2022-12-31,0,0.25,fixed q=0.25,0
261010,Palmeirina,0,7031,2022-12-31,0,0.3,fixed q=0.30,0
261010,Palmeirina,0,7104,2025-12-21,0,0.007454145308640366,global-q 2.5%,0
261010,Palmeirina,0,7104,2025-12-21,0,0.009820323685458794,global-q median,0
261010,Palmeirina,0,7104,2025-12-21,0,0.01510174051658718,global-q 97.5%,0
261010,Palmeirina,0,7104,2025-12-21,0,0.05,fixed q=0.05,0
261010,Palmeirina,0,7104,2025-12-21,0,0.1,fixed q=0.10,0
261010,Palmeirina,0,7104,2025-12-21,0,0.15,fixed q=0.15,0
261010,Palmeirina,0,7104,2025-12-21,0,0.2,fixed q=0.20,0
261010,Palmeirina,0,7104,2025-12-21,0,0.25,fixed q=0.25,0
261010,Palmeirina,0,7104,2025-12-21,0,0.3,fixed q=0.30,0
261010,Palmeirina,0,7509,2021-12-31,0,0.007454145308640366,global-q 2.5%,0
261010,Palmeirina,0,7509,2021-12-31,0,0.009820323685458794,global-q median,0
261010,Palmeirina,0,7509,2021-12-31,0,0.01510174051658718,global-q 97.5%,0
261010,Palmeirina,0,7509,2021-12-31,0,0.05,fixed q=0.05,0
261010,Palmeirina,0,7509,2021-12-31,0,0.1,fixed q=0.10,0
261010,Palmeirina,0,7509,2021-12-31,0,0.15,fixed q=0.15,0
261010,Palmeirina,0,7509,2021-12-31,0,0.2,fixed q=0.20,0
261010,Palmeirina,0,7509,2021-12-31,0,0.25,fixed q=0.25,0
261010,Palmeirina,0,7509,2021-12-31,0,0.3,fixed q=0.30,0
261010,Palmeirina,0,7789,2018-12-31,0,0.007454145308640366,global-q 2.5%,0
261010,Palmeirina,0,7789,2018-12-31,0,0.009820323685458794,global-q median,0
261010,Palmeirina,0,7789,2018-12-31,0,0.01510174051658718,global-q 97.5%,0
261010,Palmeirina,0,7789,2018-12-31,0,0.05,fixed q=0.05,0
261010,Palmeirina,0,7789,2018-12-31,0,0.1,fixed q=0.10,0
261010,Palmeirina,0,7789,2018-12-31,0,0.15,fixed q=0.15,0
261010,Palmeirina,0,7789,2018-12-31,0,0.2,fixed q=0.20,0
261010,Palmeirina,0,7789,2018-12-31,0,0.25,fixed q=0.25,0
261010,Palmeirina,0,7789,2018-12-31,0,0.3,fixed q=0.30,0
261010,Palmeirina,0,7864,2016-12-31,0,0.007454145308640366,global-q 2.5%,0
261010,Palmeirina,0,7864,2016-12-31,0,0.009820323685458794,global-q median,0
261010,Palmeirina,0,7864,2016-12-31,0,0.01510174051658718,global-q 97.5%,0
261010,Palmeirina,0,7864,2016-12-31,0,0.05,fixed q=0.05,0
261010,Palmeirina,0,7864,2016-12-31,0,0.1,fixed q=0.10,0
261010,Palmeirina,0,7864,2016-12-31,0,0.15,fixed q=0.15,0
261010,Palmeirina,0,7864,2016-12-31,0,0.2,fixed q=0.20,0
261010,Palmeirina,0,7864,2016-12-31,0,0.25,fixed q=0.25,0
261010,Palmeirina,0,7864,2016-12-31,0,0.3,fixed q=0.30,0
261020,Panelas,0,26440,2016-12-31,0,0.007454145308640366,global-q 2.5%,0
261020,Panelas,0,26440,2016-12-31,0,0.009820323685458794,global-q median,0
261020,Panelas,0,26440,2016-12-31,0,0.01510174051658718,global-q 97.5%,0
261020,Panelas,0,26440,2016-12-31,0,0.05,fixed q=0.05,0
261020,Panelas,0,26440,2016-12-31,0,0.1,fixed q=0.10,0
261020,Panelas,0,26440,2016-12-31,0,0.15,fixed q=0.15,0
261020,Panelas,0,26440,2016-12-31,0,0.2,fixed q=0.20,0
261020,Panelas,0,26440,2016-12-31,0,0.25,fixed q=0.25,0
261020,Panelas,0,26440,2016-12-31,0,0.3,fixed q=0.30,0
261020,Panelas,0,26492,2018-12-31,0,0.007454145308640366,global-q 2.5%,0
261020,Panelas,0,26492,2018-12-31,0,0.009820323685458794,global-q median,0
261020,Panelas,0,26492,2018-12-31,0,0.01510174051658718,global-q 97.5%,0
261020,Panelas,0,26492,2018-12-31,0,0.05,fixed q=0.05,0
261020,Panelas,0,26492,2018-12-31,0,0.1,fixed q=0.10,0
261020,Panelas,0,26492,2018-12-31,0,0.15,fixed q=0.15,0
261020,Panelas,0,26492,2018-12-31,0,0.2,fixed q=0.20,0
261020,Panelas,0,26492,2018-12-31,0,0.25,fixed q=0.25,0
261020,Panelas,0,26492,2018-12-31,0,0.3,fixed q=0.30,0
261020,Panelas,15,26438,2021-12-31,5.673651562145397e-4,0.007454145308640366,global-q 2.5%,0.0761140456380541
261020,Panelas,15,26438,2021-12-31,5.673651562145397e-4,0.009820323685458794,global-q median,0.05777458812835791
261020,Panelas,15,26438,2021-12-31,5.673651562145397e-4,0.01510174051658718,global-q 97.5%,0.03756952091657033
261020,Panelas,15,26438,2021-12-31,5.673651562145397e-4,0.05,fixed q=0.05,0.011347303124290792
261020,Panelas,15,26438,2021-12-31,5.673651562145397e-4,0.1,fixed q=0.10,0.005673651562145396
261020,Panelas,15,26438,2021-12-31,5.673651562145397e-4,0.15,fixed q=0.15,0.003782434374763598
261020,Panelas,15,26438,2021-12-31,5.673651562145397e-4,0.2,fixed q=0.20,0.002836825781072698
261020,Panelas,15,26438,2021-12-31,5.673651562145397e-4,0.25,fixed q=0.25,0.0022694606248581588
261020,Panelas,15,26438,2021-12-31,5.673651562145397e-4,0.3,fixed q=0.30,0.001891217187381799
261020,Panelas,17,22991,2022-12-31,7.394197729546344e-4,0.007454145308640366,global-q 2.5%,0.09919578198959263
261020,Panelas,17,22991,2022-12-31,7.394197729546344e-4,0.009820323685458794,global-q median,0.07529484736328114
261020,Panelas,17,22991,2022-12-31,7.394197729546344e-4,0.01510174051658718,global-q 97.5%,0.04896255316680112
261020,Panelas,17,22991,2022-12-31,7.394197729546344e-4,0.05,fixed q=0.05,0.014788395459092687
261020,Panelas,17,22991,2022-12-31,7.394197729546344e-4,0.1,fixed q=0.10,0.007394197729546343
261020,Panelas,17,22991,2022-12-31,7.394197729546344e-4,0.15,fixed q=0.15,0.004929465153030896
261020,Panelas,17,22991,2022-12-31,7.394197729546344e-4,0.2,fixed q=0.20,0.0036970988647731717
261020,Panelas,17,22991,2022-12-31,7.394197729546344e-4,0.25,fixed q=0.25,0.0029576790918185375
261020,Panelas,17,22991,2022-12-31,7.394197729546344e-4,0.3,fixed q=0.30,0.002464732576515448
261020,Panelas,24,23337,2025-12-21,0.0010284098213137935,0.007454145308640366,global-q 2.5%,0.13796482074500574
261020,Panelas,24,23337,2025-12-21,0.0010284098213137935,0.009820323685458794,global-q median,0.10472259919869917
261020,Panelas,24,23337,2025-12-21,0.0010284098213137935,0.01510174051658718,global-q 97.5%,0.06809876121128072
261020,Panelas,24,23337,2025-12-21,0.0010284098213137935,0.05,fixed q=0.05,0.02056819642627587
261020,Panelas,24,23337,2025-12-21,0.0010284098213137935,0.1,fixed q=0.10,0.010284098213137935
261020,Panelas,24,23337,2025-12-21,0.0010284098213137935,0.15,fixed q=0.15,0.006856065475425291
261020,Panelas,24,23337,2025-12-21,0.0010284098213137935,0.2,fixed q=0.20,0.005142049106568967
261020,Panelas,24,23337,2025-12-21,0.0010284098213137935,0.25,fixed q=0.25,0.004113639285255174
261020,Panelas,24,23337,2025-12-21,0.0010284098213137935,0.3,fixed q=0.30,0.0034280327377126454
261030,Paranatama,12,11403,2016-12-31,0.0010523546435148646,0.007454145308640366,global-q 2.5%,0.14117710346953427
261030,Paranatama,12,11403,2016-12-31,0.0010523546435148646,0.009820323685458794,global-q median,0.10716089176094197
261030,Paranatama,12,11403,2016-12-31,0.0010523546435148646,0.01510174051658718,global-q 97.5%,0.06968432826395064
261030,Paranatama,12,11403,2016-12-31,0.0010523546435148646,0.05,fixed q=0.05,0.02104709287029729
261030,Paranatama,12,11403,2016-12-31,0.0010523546435148646,0.1,fixed q=0.10,0.010523546435148644
261030,Paranatama,12,11403,2016-12-31,0.0010523546435148646,0.15,fixed q=0.15,0.007015697623432431
261030,Paranatama,12,11403,2016-12-31,0.0010523546435148646,0.2,fixed q=0.20,0.005261773217574322
261030,Paranatama,12,11403,2016-12-31,0.0010523546435148646,0.25,fixed q=0.25,0.004209418574059458
261030,Paranatama,12,11403,2016-12-31,0.0010523546435148646,0.3,fixed q=0.30,0.0035078488117162156
261030,Paranatama,12,11478,2018-12-31,0.0010454783063251437,0.007454145308640366,global-q 2.5%,0.14025461847561416
261030,Paranatama,12,11478,2018-12-31,0.0010454783063251437,0.009820323685458794,global-q median,0.1064606768383012
261030,Paranatama,12,11478,2018-12-31,0.0010454783063251437,0.01510174051658718,global-q 97.5%,0.06922899417963313
261030,Paranatama,12,11478,2018-12-31,0.0010454783063251437,0.05,fixed q=0.05,0.02090956612650287
261030,Paranatama,12,11478,2018-12-31,0.0010454783063251437,0.1,fixed q=0.10,0.010454783063251436
261030,Paranatama,12,11478,2018-12-31,0.0010454783063251437,0.15,fixed q=0.15,0.006969855375500958
261030,Paranatama,12,11478,2018-12-31,0.0010454783063251437,0.2,fixed q=0.20,0.005227391531625718
261030,Paranatama,12,11478,2018-12-31,0.0010454783063251437,0.25,fixed q=0.25,0.004181913225300575
261030,Paranatama,12,11478,2018-12-31,0.0010454783063251437,0.3,fixed q=0.30,0.003484927687750479
261030,Paranatama,13,11608,2021-12-31,0.0011199172984148863,0.007454145308640366,global-q 2.5%,0.15024087296993663
261030,Paranatama,13,11608,2021-12-31,0.0011199172984148863,0.009820323685458794,global-q median,0.11404077241091112
261030,Paranatama,13,11608,2021-12-31,0.0011199172984148863,0.01510174051658718,global-q 97.5%,0.07415816058982153
261030,Paranatama,13,11608,2021-12-31,0.0011199172984148863,0.05,fixed q=0.05,0.022398345968297727
261030,Paranatama,13,11608,2021-12-31,0.0011199172984148863,0.1,fixed q=0.10,0.011199172984148863
261030,Paranatama,13,11608,2021-12-31,0.0011199172984148863,0.15,fixed q=0.15,0.007466115322765909
261030,Paranatama,13,11608,2021-12-31,0.0011199172984148863,0.2,fixed q=0.20,0.005599586492074432
261030,Paranatama,13,11608,2021-12-31,0.0011199172984148863,0.25,fixed q=0.25,0.004479669193659545
261030,Paranatama,13,11608,2021-12-31,0.0011199172984148863,0.3,fixed q=0.30,0.0037330576613829546
261030,Paranatama,13,12199,2022-12-31,0.001065661119763915,0.007454145308640366,global-q 2.5%,0.14296221439749357
261030,Paranatama,13,12199,2022-12-31,0.001065661119763915,0.009820323685458794,global-q median,0.10851588541239907
261030,Paranatama,13,12199,2022-12-31,0.001065661119763915,0.01510174051658718,global-q 97.5%,0.07056545029319192
261030,Paranatama,13,12199,2022-12-31,0.001065661119763915,0.05,fixed q=0.05,0.0213132223952783
261030,Paranatama,13,12199,2022-12-31,0.001065661119763915,0.1,fixed q=0.10,0.01065661119763915
261030,Paranatama,13,12199,2022-12-31,0.001065661119763915,0.15,fixed q=0.15,0.007104407465092767
261030,Paranatama,13,12199,2022-12-31,0.001065661119763915,0.2,fixed q=0.20,0.005328305598819575
261030,Paranatama,13,12199,2022-12-31,0.001065661119763915,0.25,fixed q=0.25,0.00426264447905566
261030,Paranatama,13,12199,2022-12-31,0.001065661119763915,0.3,fixed q=0.30,0.0035522037325463837
261030,Paranatama,14,12778,2025-12-21,0.0010956331194240101,0.007454145308640366,global-q 2.5%,0.14698306432985986
261030,Paranatama,14,12778,2025-12-21,0.0010956331194240101,0.009820323685458794,global-q median,0.11156792326981464
261030,Paranatama,14,12778,2025-12-21,0.0010956331194240101,0.01510174051658718,global-q 97.5%,0.0725501221677467
261030,Paranatama,14,12778,2025-12-21,0.0010956331194240101,0.05,fixed q=0.05,0.021912662388480202
261030,Paranatama,14,12778,2025-12-21,0.0010956331194240101,0.1,fixed q=0.10,0.010956331194240101
261030,Paranatama,14,12778,2025-12-21,0.0010956331194240101,0.15,fixed q=0.15,0.007304220796160068
261030,Paranatama,14,12778,2025-12-21,0.0010956331194240101,0.2,fixed q=0.20,0.005478165597120051
261030,Paranatama,14,12778,2025-12-21,0.0010956331194240101,0.25,fixed q=0.25,0.0043825324776960405
261030,Paranatama,14,12778,2025-12-21,0.0010956331194240101,0.3,fixed q=0.30,0.003652110398080034
261040,Parnamirim,13,21290,2016-12-31,6.106153123532175e-4,0.007454145308640366,global-q 2.5%,0.08191620730084662
261040,Parnamirim,13,21290,2016-12-31,6.106153123532175e-4,0.009820323685458794,global-q median,0.062178735845272726
261040,Parnamirim,13,21290,2016-12-31,6.106153123532175e-4,0.01510174051658718,global-q 97.5%,0.0404334395550328
261040,Parnamirim,13,21290,2016-12-31,6.106153123532175e-4,0.05,fixed q=0.05,0.012212306247064349
261040,Parnamirim,13,21290,2016-12-31,6.106153123532175e-4,0.1,fixed q=0.10,0.0061061531235321745
261040,Parnamirim,13,21290,2016-12-31,6.106153123532175e-4,0.15,fixed q=0.15,0.0040707687490214505
261040,Parnamirim,13,21290,2016-12-31,6.106153123532175e-4,0.2,fixed q=0.20,0.0030530765617660873
261040,Parnamirim,13,21290,2016-12-31,6.106153123532175e-4,0.25,fixed q=0.25,0.00244246124941287
261040,Parnamirim,13,21290,2016-12-31,6.106153123532175e-4,0.3,fixed q=0.30,0.0020353843745107253
261040,Parnamirim,13,21914,2018-12-31,5.932280733777494e-4,0.007454145308640366,global-q 2.5%,0.07958364759674293
261040,Parnamirim,13,21914,2018-12-31,5.932280733777494e-4,0.009820323685458794,global-q median,0.06040819960508608
261040,Parnamirim,13,21914,2018-12-31,5.932280733777494e-4,0.01510174051658718,global-q 97.5%,0.039282099485563944
261040,Parnamirim,13,21914,2018-12-31,5.932280733777494e-4,0.05,fixed q=0.05,0.011864561467554987
261040,Parnamirim,13,21914,2018-12-31,5.932280733777494e-4,0.1,fixed q=0.10,0.0059322807337774935
261040,Parnamirim,13,21914,2018-12-31,5.932280733777494e-4,0.15,fixed q=0.15,0.00395485382251833
261040,Parnamirim,13,21914,2018-12-31,5.932280733777494e-4,0.2,fixed q=0.20,0.0029661403668887467
261040,Parnamirim,13,21914,2018-12-31,5.932280733777494e-4,0.25,fixed q=0.25,0.0023729122935109976
261040,Parnamirim,13,21914,2018-12-31,5.932280733777494e-4,0.3,fixed q=0.30,0.001977426911259165
261040,Parnamirim,14,22198,2021-12-31,6.306874493197585e-4,0.007454145308640366,global-q 2.5%,0.08460895558189697
261040,Parnamirim,14,22198,2021-12-31,6.306874493197585e-4,0.009820323685458794,global-q median,0.06422267427433513
261040,Parnamirim,14,22198,2021-12-31,6.306874493197585e-4,0.01510174051658718,global-q 97.5%,0.04176256694564678
261040,Parnamirim,14,22198,2021-12-31,6.306874493197585e-4,0.05,fixed q=0.05,0.01261374898639517
261040,Parnamirim,14,22198,2021-12-31,6.306874493197585e-4,0.1,fixed q=0.10,0.006306874493197585
261040,Parnamirim,14,22198,2021-12-31,6.306874493197585e-4,0.15,fixed q=0.15,0.004204582995465057
261040,Parnamirim,14,22198,2021-12-31,6.306874493197585e-4,0.2,fixed q=0.20,0.0031534372465987924
261040,Parnamirim,14,22198,2021-12-31,6.306874493197585e-4,0.25,fixed q=0.25,0.002522749797279034
261040,Parnamirim,14,22198,2021-12-31,6.306874493197585e-4,0.3,fixed q=0.30,0.0021022914977325284
261040,Parnamirim,26,18612,2022-12-31,0.0013969482054588438,0.007454145308640366,global-q 2.5%,0.18740555055179717
261040,Parnamirim,26,18612,2022-12-31,0.0013969482054588438,0.009820323685458794,global-q median,0.14225072922263662
261040,Parnamirim,26,18612,2022-12-31,0.0013969482054588438,0.01510174051658718,global-q 97.5%,0.09250246380041352
261040,Parnamirim,26,18612,2022-12-31,0.0013969482054588438,0.05,fixed q=0.05,0.027938964109176876
261040,Parnamirim,26,18612,2022-12-31,0.0013969482054588438,0.1,fixed q=0.10,0.013969482054588438
261040,Parnamirim,26,18612,2022-12-31,0.0013969482054588438,0.15,fixed q=0.15,0.009312988036392293
261040,Parnamirim,26,18612,2022-12-31,0.0013969482054588438,0.2,fixed q=0.20,0.006984741027294219
261040,Parnamirim,26,18612,2022-12-31,0.0013969482054588438,0.25,fixed q=0.25,0.005587792821835375
261040,Parnamirim,26,18612,2022-12-31,0.0013969482054588438,0.3,fixed q=0.30,0.004656494018196147
261040,Parnamirim,27,18960,2025-12-21,0.0014240506329113924,0.007454145308640366,global-q 2.5%,0.19104143720685515
261040,Parnamirim,27,18960,2025-12-21,0.0014240506329113924,0.009820323685458794,global-q median,0.14501055958267656
261040,Parnamirim,27,18960,2025-12-21,0.0014240506329113924,0.01510174051658718,global-q 97.5%,0.094297119682812
261040,Parnamirim,27,18960,2025-12-21,0.0014240506329113924,0.05,fixed q=0.05,0.028481012658227847
261040,Parnamirim,27,18960,2025-12-21,0.0014240506329113924,0.1,fixed q=0.10,0.014240506329113924
261040,Parnamirim,27,18960,2025-12-21,0.0014240506329113924,0.15,fixed q=0.15,0.00949367088607595
261040,Parnamirim,27,18960,2025-12-21,0.0014240506329113924,0.2,fixed q=0.20,0.007120253164556962
261040,Parnamirim,27,18960,2025-12-21,0.0014240506329113924,0.25,fixed q=0.25,0.00569620253164557
261040,Parnamirim,27,18960,2025-12-21,0.0014240506329113924,0.3,fixed q=0.30,0.004746835443037975
261050,Passira,19,28935,2016-12-31,6.566442025228962e-4,0.007454145308640366,global-q 2.5%,0.08809114597776306
261050,Passira,19,28935,2016-12-31,6.566442025228962e-4,0.009820323685458794,global-q median,0.06686584104098382
261050,Passira,19,28935,2016-12-31,6.566442025228962e-4,0.01510174051658718,global-q 97.5%,0.04348135910570461
261050,Passira,19,28935,2016-12-31,6.566442025228962e-4,0.05,fixed q=0.05,0.013132884050457923
261050,Passira,19,28935,2016-12-31,6.566442025228962e-4,0.1,fixed q=0.10,0.006566442025228962
261050,Passira,19,28935,2016-12-31,6.566442025228962e-4,0.15,fixed q=0.15,0.004377628016819308
261050,Passira,19,28935,2016-12-31,6.566442025228962e-4,0.2,fixed q=0.20,0.003283221012614481
261050,Passira,19,28935,2016-12-31,6.566442025228962e-4,0.25,fixed q=0.25,0.0026265768100915848
261050,Passira,19,28935,2016-12-31,6.566442025228962e-4,0.3,fixed q=0.30,0.002188814008409654
261050,Passira,25,28972,2018-12-31,8.629021123843712e-4,0.007454145308640366,global-q 2.5%,0.1157613752691607
261050,Passira,25,28972,2018-12-31,8.629021123843712e-4,0.009820323685458794,global-q median,0.08786900921220066
261050,Passira,25,28972,2018-12-31,8.629021123843712e-4,0.01510174051658718,global-q 97.5%,0.057139249044611255
261050,Passira,25,28972,2018-12-31,8.629021123843712e-4,0.05,fixed q=0.05,0.01725804224768742
261050,Passira,25,28972,2018-12-31,8.629021123843712e-4,0.1,fixed q=0.10,0.00862902112384371
261050,Passira,25,28972,2018-12-31,8.629021123843712e-4,0.15,fixed q=0.15,0.005752680749229141
261050,Passira,25,28972,2018-12-31,8.629021123843712e-4,0.2,fixed q=0.20,0.004314510561921855
261050,Passira,25,28972,2018-12-31,8.629021123843712e-4,0.25,fixed q=0.25,0.0034516084495374846
261050,Passira,25,28972,2018-12-31,8.629021123843712e-4,0.3,fixed q=0.30,0.0028763403746145705
261050,Passira,118,28856,2021-12-31,0.004089270862212365,0.007454145308640366,global-q 2.5%,0.5485901727019387
261050,Passira,118,28856,2021-12-31,0.004089270862212365,0.009820323685458794,global-q median,0.4164089691124391
261050,Passira,118,28856,2021-12-31,0.004089270862212365,0.01510174051658718,global-q 97.5%,0.2707814279897648
261050,Passira,118,28856,2021-12-31,0.004089270862212365,0.05,fixed q=0.05,0.08178541724424729
261050,Passira,118,28856,2021-12-31,0.004089270862212365,0.1,fixed q=0.10,0.040892708622123644
261050,Passira,118,28856,2021-12-31,0.004089270862212365,0.15,fixed q=0.15,0.027261805748082433
261050,Passira,118,28856,2021-12-31,0.004089270862212365,0.2,fixed q=0.20,0.020446354311061822
261050,Passira,118,28856,2021-12-31,0.004089270862212365,0.25,fixed q=0.25,0.01635708344884946
261050,Passira,118,28856,2021-12-31,0.004089270862212365,0.3,fixed q=0.30,0.013630902874041216
261050,Passira,121,28340,2022-12-31,0.004269583627381793,0.007454145308640366,global-q 2.5%,0.5727797689203571
261050,Passira,121,28340,2022-12-31,0.004269583627381793,0.009820323685458794,global-q median,0.43477015260748225
261050,Passira,121,28340,2022-12-31,0.004269583627381793,0.01510174051658718,global-q 97.5%,0.2827212944555791
261050,Passira,121,28340,2022-12-31,0.004269583627381793,0.05,fixed q=0.05,0.08539167254763586
261050,Passira,121,28340,2022-12-31,0.004269583627381793,0.1,fixed q=0.10,0.04269583627381793
261050,Passira,121,28340,2022-12-31,0.004269583627381793,0.15,fixed q=0.15,0.028463890849211953
261050,Passira,121,28340,2022-12-31,0.004269583627381793,0.2,fixed q=0.20,0.021347918136908964
261050,Passira,121,28340,2022-12-31,0.004269583627381793,0.25,fixed q=0.25,0.01707833450952717
261050,Passira,121,28340,2022-12-31,0.004269583627381793,0.3,fixed q=0.30,0.014231945424605976
261050,Passira,131,29744,2025-12-21,0.004404249596557289,0.007454145308640366,global-q 2.5%,0.5908456857491314
261050,Passira,131,29744,2025-12-21,0.004404249596557289,0.009820323685458794,global-q median,0.44848313941818174
261050,Passira,131,29744,2025-12-21,0.004404249596557289,0.01510174051658718,global-q 97.5%,0.29163854270438744
261050,Passira,131,29744,2025-12-21,0.004404249596557289,0.05,fixed q=0.05,0.08808499193114577
261050,Passira,131,29744,2025-12-21,0.004404249596557289,0.1,fixed q=0.10,0.044042495965572886
261050,Passira,131,29744,2025-12-21,0.004404249596557289,0.15,fixed q=0.15,0.02936166397704859
261050,Passira,131,29744,2025-12-21,0.004404249596557289,0.2,fixed q=0.20,0.022021247982786443
261050,Passira,131,29744,2025-12-21,0.004404249596557289,0.25,fixed q=0.25,0.017616998386229155
261050,Passira,131,29744,2025-12-21,0.004404249596557289,0.3,fixed q=0.30,0.014680831988524295
261060,Paudalho,18,55493,2016-12-31,3.24365235254897e-4,0.007454145308640366,global-q 2.5%,0.04351474539662028
261060,Paudalho,18,55493,2016-12-31,3.24365235254897e-4,0.009820323685458794,global-q median,0.03302999428982091
261060,Paudalho,18,55493,2016-12-31,3.24365235254897e-4,0.01510174051658718,global-q 97.5%,0.021478665647752755
261060,Paudalho,18,55493,2016-12-31,3.24365235254897e-4,0.05,fixed q=0.05,0.00648730470509794
261060,Paudalho,18,55493,2016-12-31,3.24365235254897e-4,0.1,fixed q=0.10,0.00324365235254897
261060,Paudalho,18,55493,2016-12-31,3.24365235254897e-4,0.15,fixed q=0.15,0.0021624349016993137
261060,Paudalho,18,55493,2016-12-31,3.24365235254897e-4,0.2,fixed q=0.20,0.001621826176274485
261060,Paudalho,18,55493,2016-12-31,3.24365235254897e-4,0.25,fixed q=0.25,0.001297460941019588
261060,Paudalho,18,55493,2016-12-31,3.24365235254897e-4,0.3,fixed q=0.30,0.0010812174508496569
261060,Paudalho,23,56074,2018-12-31,4.1017227235438887e-4,0.007454145308640366,global-q 2.5%,0.0550260634011177
261060,Paudalho,23,56074,2018-12-31,4.1017227235438887e-4,0.009820323685458794,global-q median,0.04176769376367313
261060,Paudalho,23,56074,2018-12-31,4.1017227235438887e-4,0.01510174051658718,global-q 97.5%,0.027160595952755988
261060,Paudalho,23,56074,2018-12-31,4.1017227235438887e-4,0.05,fixed q=0.05,0.008203445447087777
261060,Paudalho,23,56074,2018-12-31,4.1017227235438887e-4,0.1,fixed q=0.10,0.004101722723543888
261060,Paudalho,23,56074,2018-12-31,4.1017227235438887e-4,0.15,fixed q=0.15,0.0027344818156959257
261060,Paudalho,23,56074,2018-12-31,4.1017227235438887e-4,0.2,fixed q=0.20,0.002050861361771944
261060,Paudalho,23,56074,2018-12-31,4.1017227235438887e-4,0.25,fixed q=0.25,0.0016406890894175555
261060,Paudalho,23,56074,2018-12-31,4.1017227235438887e-4,0.3,fixed q=0.30,0.0013672409078479629
261060,Paudalho,592,57346,2021-12-31,0.010323300666131902,0.007454145308640366,global-q 2.5%,1.3849073553967073
261060,Paudalho,592,57346,2021-12-31,0.010323300666131902,0.009820323685458794,global-q median,1.0512179635603944
261060,Paudalho,592,57346,2021-12-31,0.010323300666131902,0.01510174051658718,global-q 97.5%,0.6835835018349825
261060,Paudalho,592,57346,2021-12-31,0.010323300666131902,0.05,fixed q=0.05,0.20646601332263803
261060,Paudalho,592,57346,2021-12-31,0.010323300666131902,0.1,fixed q=0.10,0.10323300666131902
261060,Paudalho,592,57346,2021-12-31,0.010323300666131902,0.15,fixed q=0.15,0.06882200444087935
261060,Paudalho,592,57346,2021-12-31,0.010323300666131902,0.2,fixed q=0.20,0.05161650333065951
261060,Paudalho,592,57346,2021-12-31,0.010323300666131902,0.25,fixed q=0.25,0.04129320266452761
261060,Paudalho,592,57346,2021-12-31,0.010323300666131902,0.3,fixed q=0.30,0.034411002220439676
261060,Paudalho,639,56665,2022-12-31,0.011276802258889967,0.007454145308640366,global-q 2.5%,1.5128229719131747
261060,Paudalho,639,56665,2022-12-31,0.011276802258889967,0.009820323685458794,global-q median,1.1483126850072995
261060,Paudalho,639,56665,2022-12-31,0.011276802258889967,0.01510174051658718,global-q 97.5%,0.7467220249549351
261060,Paudalho,639,56665,2022-12-31,0.011276802258889967,0.05,fixed q=0.05,0.22553604517779935
261060,Paudalho,639,56665,2022-12-31,0.011276802258889967,0.1,fixed q=0.10,0.11276802258889967
261060,Paudalho,639,56665,2022-12-31,0.011276802258889967,0.15,fixed q=0.15,0.07517868172593312
261060,Paudalho,639,56665,2022-12-31,0.011276802258889967,0.2,fixed q=0.20,0.05638401129444984
261060,Paudalho,639,56665,2022-12-31,0.011276802258889967,0.25,fixed q=0.25,0.04510720903555987
261060,Paudalho,639,56665,2022-12-31,0.011276802258889967,0.3,fixed q=0.30,0.03758934086296656
261060,Paudalho,652,59924,2025-12-21,0.010880448568186369,0.007454145308640366,global-q 2.5%,1.4596507201938298
261060,Paudalho,652,59924,2025-12-21,0.010880448568186369,0.009820323685458794,global-q median,1.107952132402451
261060,Paudalho,652,59924,2025-12-21,0.010880448568186369,0.01510174051658718,global-q 97.5%,0.7204764613877253
261060,Paudalho,652,59924,2025-12-21,0.010880448568186369,0.05,fixed q=0.05,0.21760897136372737
261060,Paudalho,652,59924,2025-12-21,0.010880448568186369,0.1,fixed q=0.10,0.10880448568186368
261060,Paudalho,652,59924,2025-12-21,0.010880448568186369,0.15,fixed q=0.15,0.07253632378790913
261060,Paudalho,652,59924,2025-12-21,0.010880448568186369,0.2,fixed q=0.20,0.05440224284093184
261060,Paudalho,652,59924,2025-12-21,0.010880448568186369,0.25,fixed q=0.25,0.043521794272745475
261060,Paudalho,652,59924,2025-12-21,0.010880448568186369,0.3,fixed q=0.30,0.03626816189395456
261070,Paulista,56,325590,2016-12-31,1.7199545440584784e-4,0.007454145308640366,global-q 2.5%,0.023073799514812483
261070,Paulista,56,325590,2016-12-31,1.7199545440584784e-4,0.009820323685458794,global-q median,0.017514234755879373
261070,Paulista,56,325590,2016-12-31,1.7199545440584784e-4,0.01510174051658718,global-q 97.5%,0.011389114666414414
261070,Paulista,56,325590,2016-12-31,1.7199545440584784e-4,0.05,fixed q=0.05,0.0034399090881169565
261070,Paulista,56,325590,2016-12-31,1.7199545440584784e-4,0.1,fixed q=0.10,0.0017199545440584783
261070,Paulista,56,325590,2016-12-31,1.7199545440584784e-4,0.15,fixed q=0.15,0.0011466363627056523
261070,Paulista,56,325590,2016-12-31,1.7199545440584784e-4,0.2,fixed q=0.20,8.599772720292391e-4
261070,Paulista,56,325590,2016-12-31,1.7199545440584784e-4,0.25,fixed q=0.25,6.879818176233914e-4
261070,Paulista,56,325590,2016-12-31,1.7199545440584784e-4,0.3,fixed q=0.30,5.733181813528262e-4
261070,Paulista,69,329117,2018-12-31,2.096518867150588e-4,0.007454145308640366,global-q 2.5%,0.028125543309713025
261070,Paulista,69,329117,2018-12-31,2.096518867150588e-4,0.009820323685458794,global-q median,0.021348775603547133
261070,Paulista,69,329117,2018-12-31,2.096518867150588e-4,0.01510174051658718,global-q 97.5%,0.013882630712982062
261070,Paulista,69,329117,2018-12-31,2.096518867150588e-4,0.05,fixed q=0.05,0.004193037734301176
261070,Paulista,69,329117,2018-12-31,2.096518867150588e-4,0.1,fixed q=0.10,0.002096518867150588
261070,Paulista,69,329117,2018-12-31,2.096518867150588e-4,0.15,fixed q=0.15,0.0013976792447670586
261070,Paulista,69,329117,2018-12-31,2.096518867150588e-4,0.2,fixed q=0.20,0.001048259433575294
261070,Paulista,69,329117,2018-12-31,2.096518867150588e-4,0.25,fixed q=0.25,8.386075468602352e-4
261070,Paulista,69,329117,2018-12-31,2.096518867150588e-4,0.3,fixed q=0.30,6.988396223835293e-4
261070,Paulista,734,336919,2021-12-31,0.002178565174418777,0.007454145308640366,global-q 2.5%,0.2922622358721025
261070,Paulista,734,336919,2021-12-31,0.002178565174418777,0.009820323685458794,global-q median,0.22184250175425832
261070,Paulista,734,336919,2021-12-31,0.002178565174418777,0.01510174051658718,global-q 97.5%,0.14425921118336815
261070,Paulista,734,336919,2021-12-31,0.002178565174418777,0.05,fixed q=0.05,0.04357130348837554
261070,Paulista,734,336919,2021-12-31,0.002178565174418777,0.1,fixed q=0.10,0.02178565174418777
261070,Paulista,734,336919,2021-12-31,0.002178565174418777,0.15,fixed q=0.15,0.014523767829458514
261070,Paulista,734,336919,2021-12-31,0.002178565174418777,0.2,fixed q=0.20,0.010892825872093885
261070,Paulista,734,336919,2021-12-31,0.002178565174418777,0.25,fixed q=0.25,0.008714260697675108
261070,Paulista,734,336919,2021-12-31,0.002178565174418777,0.3,fixed q=0.30,0.007261883914729257
261070,Paulista,890,342167,2022-12-31,0.002601069068612695,0.007454145308640366,global-q 2.5%,0.34894263002865034
261070,Paulista,890,342167,2022-12-31,0.002601069068612695,0.009820323685458794,global-q median,0.26486592009835325
261070,Paulista,890,342167,2022-12-31,0.002601069068612695,0.01510174051658718,global-q 97.5%,0.17223637671139821
261070,Paulista,890,342167,2022-12-31,0.002601069068612695,0.05,fixed q=0.05,0.0520213813722539
261070,Paulista,890,342167,2022-12-31,0.002601069068612695,0.1,fixed q=0.10,0.02601069068612695
261070,Paulista,890,342167,2022-12-31,0.002601069068612695,0.15,fixed q=0.15,0.017340460457417967
261070,Paulista,890,342167,2022-12-31,0.002601069068612695,0.2,fixed q=0.20,0.013005345343063475
261070,Paulista,890,342167,2022-12-31,0.002601069068612695,0.25,fixed q=0.25,0.01040427627445078
261070,Paulista,890,342167,2022-12-31,0.002601069068612695,0.3,fixed q=0.30,0.008670230228708983
261070,Paulista,1232,365144,2025-12-21,0.003374011348947265,0.007454145308640366,global-q 2.5%,0.4526355751391548
261070,Paulista,1232,365144,2025-12-21,0.003374011348947265,0.009820323685458794,global-q median,0.3435743522327324
261070,Paulista,1232,365144,2025-12-21,0.003374011348947265,0.01510174051658718,global-q 97.5%,0.22341870761462088
261070,Paulista,1232,365144,2025-12-21,0.003374011348947265,0.05,fixed q=0.05,0.06748022697894529
261070,Paulista,1232,365144,2025-12-21,0.003374011348947265,0.1,fixed q=0.10,0.033740113489472645
261070,Paulista,1232,365144,2025-12-21,0.003374011348947265,0.15,fixed q=0.15,0.022493408992981766
261070,Paulista,1232,365144,2025-12-21,0.003374011348947265,0.2,fixed q=0.20,0.016870056744736323
261070,Paulista,1232,365144,2025-12-21,0.003374011348947265,0.25,fixed q=0.25,0.01349604539578906
261070,Paulista,1232,365144,2025-12-21,0.003374011348947265,0.3,fixed q=0.30,0.011246704496490883
261080,Pedra,0,22455,2016-12-31,0,0.007454145308640366,global-q 2.5%,0
261080,Pedra,0,22455,2016-12-31,0,0.009820323685458794,global-q median,0
261080,Pedra,0,22455,2016-12-31,0,0.01510174051658718,global-q 97.5%,0
261080,Pedra,0,22455,2016-12-31,0,0.05,fixed q=0.05,0
261080,Pedra,0,22455,2016-12-31,0,0.1,fixed q=0.10,0
261080,Pedra,0,22455,2016-12-31,0,0.15,fixed q=0.15,0
261080,Pedra,0,22455,2016-12-31,0,0.2,fixed q=0.20,0
261080,Pedra,0,22455,2016-12-31,0,0.25,fixed q=0.25,0
261080,Pedra,0,22455,2016-12-31,0,0.3,fixed q=0.30,0
261080,Pedra,10,22566,2018-12-31,4.4314455375343435e-4,0.007454145308640366,global-q 2.5%,0.05944941175747804
261080,Pedra,10,22566,2018-12-31,4.4314455375343435e-4,0.009820323685458794,global-q median,0.045125249222651376
261080,Pedra,10,22566,2018-12-31,4.4314455375343435e-4,0.01510174051658718,global-q 97.5%,0.02934393908216746
261080,Pedra,10,22566,2018-12-31,4.4314455375343435e-4,0.05,fixed q=0.05,0.008862891075068687
261080,Pedra,10,22566,2018-12-31,4.4314455375343435e-4,0.1,fixed q=0.10,0.004431445537534343
261080,Pedra,10,22566,2018-12-31,4.4314455375343435e-4,0.15,fixed q=0.15,0.002954297025022896
261080,Pedra,10,22566,2018-12-31,4.4314455375343435e-4,0.2,fixed q=0.20,0.0022157227687671717
261080,Pedra,10,22566,2018-12-31,4.4314455375343435e-4,0.25,fixed q=0.25,0.0017725782150137374
261080,Pedra,10,22566,2018-12-31,4.4314455375343435e-4,0.3,fixed q=0.30,0.001477148512511448
261080,Pedra,24,22716,2021-12-31,0.0010565240359218173,0.007454145308640366,global-q 2.5%,0.14173644223129947
261080,Pedra,24,22716,2021-12-31,0.0010565240359218173,0.009820323685458794,global-q median,0.1075854594779029
261080,Pedra,24,22716,2021-12-31,0.0010565240359218173,0.01510174051658718,global-q 97.5%,0.06996041514296787
261080,Pedra,24,22716,2021-12-31,0.0010565240359218173,0.05,fixed q=0.05,0.021130480718436345
261080,Pedra,24,22716,2021-12-31,0.0010565240359218173,0.1,fixed q=0.10,0.010565240359218173
261080,Pedra,24,22716,2021-12-31,0.0010565240359218173,0.15,fixed q=0.15,0.007043493572812115
261080,Pedra,24,22716,2021-12-31,0.0010565240359218173,0.2,fixed q=0.20,0.005282620179609086
261080,Pedra,24,22716,2021-12-31,0.0010565240359218173,0.25,fixed q=0.25,0.004226096143687269
261080,Pedra,24,22716,2021-12-31,0.0010565240359218173,0.3,fixed q=0.30,0.0035217467864060575
261080,Pedra,25,22795,2022-12-31,0.0010967317394165387,0.007454145308640366,global-q 2.5%,0.1471304480937979
261080,Pedra,25,22795,2022-12-31,0.0010967317394165387,0.009820323685458794,global-q median,0.11167979534528964
261080,Pedra,25,22795,2022-12-31,0.0010967317394165387,0.01510174051658718,global-q 97.5%,0.07262287007328262
261080,Pedra,25,22795,2022-12-31,0.0010967317394165387,0.05,fixed q=0.05,0.021934634788330774
261080,Pedra,25,22795,2022-12-31,0.0010967317394165387,0.1,fixed q=0.10,0.010967317394165387
261080,Pedra,25,22795,2022-12-31,0.0010967317394165387,0.15,fixed q=0.15,0.007311544929443592
261080,Pedra,25,22795,2022-12-31,0.0010967317394165387,0.2,fixed q=0.20,0.005483658697082693
261080,Pedra,25,22795,2022-12-31,0.0010967317394165387,0.25,fixed q=0.25,0.004386926957666155
261080,Pedra,25,22795,2022-12-31,0.0010967317394165387,0.3,fixed q=0.30,0.003655772464721796
261080,Pedra,29,23671,2025-12-21,0.0012251277935025982,0.007454145308640366,global-q 2.5%,0.16435523360169926
261080,Pedra,29,23671,2025-12-21,0.0012251277935025982,0.009820323685458794,global-q median,0.1247543189759291
261080,Pedra,29,23671,2025-12-21,0.0012251277935025982,0.01510174051658718,global-q 97.5%,0.08112494001317028
261080,Pedra,29,23671,2025-12-21,0.0012251277935025982,0.05,fixed q=0.05,0.024502555870051963
261080,Pedra,29,23671,2025-12-21,0.0012251277935025982,0.1,fixed q=0.10,0.012251277935025982
261080,Pedra,29,23671,2025-12-21,0.0012251277935025982,0.15,fixed q=0.15,0.008167518623350654
261080,Pedra,29,23671,2025-12-21,0.0012251277935025982,0.2,fixed q=0.20,0.006125638967512991
261080,Pedra,29,23671,2025-12-21,0.0012251277935025982,0.25,fixed q=0.25,0.004900511174010393
261080,Pedra,29,23671,2025-12-21,0.0012251277935025982,0.3,fixed q=0.30,0.004083759311675327
261090,Pesqueira,5,66524,2016-12-31,7.516084420660213e-5,0.007454145308640366,global-q 2.5%,0.010083093513012217
261090,Pesqueira,5,66524,2016-12-31,7.516084420660213e-5,0.009820323685458794,global-q median,0.007653601511923148
261090,Pesqueira,5,66524,2016-12-31,7.516084420660213e-5,0.01510174051658718,global-q 97.5%,0.004976965676509162
261090,Pesqueira,5,66524,2016-12-31,7.516084420660213e-5,0.05,fixed q=0.05,0.0015032168841320425
261090,Pesqueira,5,66524,2016-12-31,7.516084420660213e-5,0.1,fixed q=0.10,7.516084420660212e-4
261090,Pesqueira,5,66524,2016-12-31,7.516084420660213e-5,0.15,fixed q=0.15,5.010722947106809e-4
261090,Pesqueira,5,66524,2016-12-31,7.516084420660213e-5,0.2,fixed q=0.20,3.758042210330106e-4
261090,Pesqueira,5,66524,2016-12-31,7.516084420660213e-5,0.25,fixed q=0.25,3.006433768264085e-4
261090,Pesqueira,5,66524,2016-12-31,7.516084420660213e-5,0.3,fixed q=0.30,2.5053614735534043e-4
261090,Pesqueira,9,67047,2018-12-31,1.3423419392366549e-4,0.007454145308640366,global-q 2.5%,0.018007992649146487
261090,Pesqueira,9,67047,2018-12-31,1.3423419392366549e-4,0.009820323685458794,global-q median,0.013669019293369068
261090,Pesqueira,9,67047,2018-12-31,1.3423419392366549e-4,0.01510174051658718,global-q 97.5%,0.008888657156850744
261090,Pesqueira,9,67047,2018-12-31,1.3423419392366549e-4,0.05,fixed q=0.05,0.0026846838784733095
261090,Pesqueira,9,67047,2018-12-31,1.3423419392366549e-4,0.1,fixed q=0.10,0.0013423419392366547
261090,Pesqueira,9,67047,2018-12-31,1.3423419392366549e-4,0.15,fixed q=0.15,8.9489462615777e-4
261090,Pesqueira,9,67047,2018-12-31,1.3423419392366549e-4,0.2,fixed q=0.20,6.711709696183274e-4
261090,Pesqueira,9,67047,2018-12-31,1.3423419392366549e-4,0.25,fixed q=0.25,5.369367756946619e-4
261090,Pesqueira,9,67047,2018-12-31,1.3423419392366549e-4,0.3,fixed q=0.30,4.47447313078885e-4
261090,Pesqueira,10,68067,2021-12-31,1.4691406996048011e-4,0.007454145308640366,global-q 2.5%,0.01970904293885803
261090,Pesqueira,10,68067,2021-12-31,1.4691406996048011e-4,0.009820323685458794,global-q median,0.01496020647242204
261090,Pesqueira,10,68067,2021-12-31,1.4691406996048011e-4,0.01510174051658718,global-q 97.5%,0.00972828726590258
261090,Pesqueira,10,68067,2021-12-31,1.4691406996048011e-4,0.05,fixed q=0.05,0.002938281399209602
261090,Pesqueira,10,68067,2021-12-31,1.4691406996048011e-4,0.1,fixed q=0.10,0.001469140699604801
261090,Pesqueira,10,68067,2021-12-31,1.4691406996048011e-4,0.15,fixed q=0.15,9.794271330698676e-4
261090,Pesqueira,10,68067,2021-12-31,1.4691406996048011e-4,0.2,fixed q=0.20,7.345703498024005e-4
261090,Pesqueira,10,68067,2021-12-31,1.4691406996048011e-4,0.25,fixed q=0.25,5.876562798419205e-4
261090,Pesqueira,10,68067,2021-12-31,1.4691406996048011e-4,0.3,fixed q=0.30,4.897135665349338e-4
261090,Pesqueira,12,62722,2022-12-31,1.9132042983323235e-4,0.007454145308640366,global-q 2.5%,0.025666313428511514
261090,Pesqueira,12,62722,2022-12-31,1.9132042983323235e-4,0.009820323685458794,global-q median,0.01948208999633336
261090,Pesqueira,12,62722,2022-12-31,1.9132042983323235e-4,0.01510174051658718,global-q 97.5%,0.012668766863203168
261090,Pesqueira,12,62722,2022-12-31,1.9132042983323235e-4,0.05,fixed q=0.05,0.003826408596664647
261090,Pesqueira,12,62722,2022-12-31,1.9132042983323235e-4,0.1,fixed q=0.10,0.0019132042983323234
261090,Pesqueira,12,62722,2022-12-31,1.9132042983323235e-4,0.15,fixed q=0.15,0.0012754695322215492
261090,Pesqueira,12,62722,2022-12-31,1.9132042983323235e-4,0.2,fixed q=0.20,9.566021491661617e-4
261090,Pesqueira,12,62722,2022-12-31,1.9132042983323235e-4,0.25,fixed q=0.25,7.652817193329294e-4
261090,Pesqueira,12,62722,2022-12-31,1.9132042983323235e-4,0.3,fixed q=0.30,6.377347661107746e-4
261090,Pesqueira,19,65481,2025-12-21,2.9016050457384584e-4,0.007454145308640366,global-q 2.5%,0.03892605960303865
261090,Pesqueira,19,65481,2025-12-21,2.9016050457384584e-4,0.009820323685458794,global-q median,0.029546938967347273
261090,Pesqueira,19,65481,2025-12-21,2.9016050457384584e-4,0.01510174051658718,global-q 97.5%,0.019213712767422043
261090,Pesqueira,19,65481,2025-12-21,2.9016050457384584e-4,0.05,fixed q=0.05,0.005803210091476917
261090,Pesqueira,19,65481,2025-12-21,2.9016050457384584e-4,0.1,fixed q=0.10,0.0029016050457384584
261090,Pesqueira,19,65481,2025-12-21,2.9016050457384584e-4,0.15,fixed q=0.15,0.001934403363825639
261090,Pesqueira,19,65481,2025-12-21,2.9016050457384584e-4,0.2,fixed q=0.20,0.0014508025228692292
261090,Pesqueira,19,65481,2025-12-21,2.9016050457384584e-4,0.25,fixed q=0.25,0.0011606420182953834
261090,Pesqueira,19,65481,2025-12-21,2.9016050457384584e-4,0.3,fixed q=0.30,9.672016819128195e-4
261100,Petrolândia,1,35731,2016-12-31,2.7986902129803252e-5,0.007454145308640366,global-q 2.5%,0.0037545420663268577
261100,Petrolândia,1,35731,2016-12-31,2.7986902129803252e-5,0.009820323685458794,global-q median,0.0028498960957105903
261100,Petrolândia,1,35731,2016-12-31,2.7986902129803252e-5,0.01510174051658718,global-q 97.5%,0.0018532236134678316
261100,Petrolândia,1,35731,2016-12-31,2.7986902129803252e-5,0.05,fixed q=0.05,5.59738042596065e-4
261100,Petrolândia,1,35731,2016-12-31,2.7986902129803252e-5,0.1,fixed q=0.10,2.798690212980325e-4
261100,Petrolândia,1,35731,2016-12-31,2.7986902129803252e-5,0.15,fixed q=0.15,1.865793475320217e-4
261100,Petrolândia,1,35731,2016-12-31,2.7986902129803252e-5,0.2,fixed q=0.20,1.3993451064901624e-4
261100,Petrolândia,1,35731,2016-12-31,2.7986902129803252e-5,0.25,fixed q=0.25,1.1194760851921301e-4
261100,Petrolândia,1,35731,2016-12-31,2.7986902129803252e-5,0.3,fixed q=0.30,9.328967376601085e-5
261100,Petrolândia,2,36187,2018-12-31,5.5268466576394836e-5,0.007454145308640366,global-q 2.5%,0.007414460583741396
261100,Petrolândia,2,36187,2018-12-31,5.5268466576394836e-5,0.009820323685458794,global-q median,0.0056279679108981176
261100,Petrolândia,2,36187,2018-12-31,5.5268466576394836e-5,0.01510174051658718,global-q 97.5%,0.0036597415056688364
261100,Petrolândia,2,36187,2018-12-31,5.5268466576394836e-5,0.05,fixed q=0.05,0.0011053693315278966
261100,Petrolândia,2,36187,2018-12-31,5.5268466576394836e-5,0.1,fixed q=0.10,5.526846657639483e-4
261100,Petrolândia,2,36187,2018-12-31,5.5268466576394836e-5,0.15,fixed q=0.15,3.6845644384263227e-4
261100,Petrolândia,2,36187,2018-12-31,5.5268466576394836e-5,0.2,fixed q=0.20,2.7634233288197416e-4
261100,Petrolândia,2,36187,2018-12-31,5.5268466576394836e-5,0.25,fixed q=0.25,2.2107386630557934e-4
261100,Petrolândia,2,36187,2018-12-31,5.5268466576394836e-5,0.3,fixed q=0.30,1.8422822192131613e-4
261100,Petrolândia,9,37246,2021-12-31,2.416366858186114e-4,0.007454145308640366,global-q 2.5%,0.032416417417905935
261100,Petrolândia,9,37246,2021-12-31,2.416366858186114e-4,0.009820323685458794,global-q median,0.024605776098440526
261100,Petrolândia,9,37246,2021-12-31,2.416366858186114e-4,0.01510174051658718,global-q 97.5%,0.01600058520097116
261100,Petrolândia,9,37246,2021-12-31,2.416366858186114e-4,0.05,fixed q=0.05,0.004832733716372228
261100,Petrolândia,9,37246,2021-12-31,2.416366858186114e-4,0.1,fixed q=0.10,0.002416366858186114
261100,Petrolândia,9,37246,2021-12-31,2.416366858186114e-4,0.15,fixed q=0.15,0.0016109112387907426
261100,Petrolândia,9,37246,2021-12-31,2.416366858186114e-4,0.2,fixed q=0.20,0.001208183429093057
261100,Petrolândia,9,37246,2021-12-31,2.416366858186114e-4,0.25,fixed q=0.25,9.665467432744456e-4
261100,Petrolândia,9,37246,2021-12-31,2.416366858186114e-4,0.3,fixed q=0.30,8.054556193953713e-4
261100,Petrolândia,10,34161,2022-12-31,2.927314774157665e-4,0.007454145308640366,global-q 2.5%,0.03927096471763852
261100,Petrolândia,10,34161,2022-12-31,2.927314774157665e-4,0.009820323685458794,global-q median,0.02980874019959459
261100,Petrolândia,10,34161,2022-12-31,2.927314774157665e-4,0.01510174051658718,global-q 97.5%,0.019383956246251305
261100,Petrolândia,10,34161,2022-12-31,2.927314774157665e-4,0.05,fixed q=0.05,0.00585462954831533
261100,Petrolândia,10,34161,2022-12-31,2.927314774157665e-4,0.1,fixed q=0.10,0.002927314774157665
261100,Petrolândia,10,34161,2022-12-31,2.927314774157665e-4,0.15,fixed q=0.15,0.0019515431827717767
261100,Petrolândia,10,34161,2022-12-31,2.927314774157665e-4,0.2,fixed q=0.20,0.0014636573870788325
261100,Petrolândia,10,34161,2022-12-31,2.927314774157665e-4,0.25,fixed q=0.25,0.001170925909663066
261100,Petrolândia,10,34161,2022-12-31,2.927314774157665e-4,0.3,fixed q=0.30,9.757715913858883e-4
261100,Petrolândia,13,36104,2025-12-21,3.600709062707733e-4,0.007454145308640366,global-q 2.5%,0.048304787653307785
261100,Petrolândia,13,36104,2025-12-21,3.600709062707733e-4,0.009820323685458794,global-q median,0.03666588982234257
261100,Petrolândia,13,36104,2025-12-21,3.600709062707733e-4,0.01510174051658718,global-q 97.5%,0.02384300709413495
261100,Petrolândia,13,36104,2025-12-21,3.600709062707733e-4,0.05,fixed q=0.05,0.007201418125415466
261100,Petrolândia,13,36104,2025-12-21,3.600709062707733e-4,0.1,fixed q=0.10,0.003600709062707733
261100,Petrolândia,13,36104,2025-12-21,3.600709062707733e-4,0.15,fixed q=0.15,0.0024004727084718223
261100,Petrolândia,13,36104,2025-12-21,3.600709062707733e-4,0.2,fixed q=0.20,0.0018003545313538664
261100,Petrolândia,13,36104,2025-12-21,3.600709062707733e-4,0.25,fixed q=0.25,0.0014402836250830932
261100,Petrolândia,13,36104,2025-12-21,3.600709062707733e-4,0.3,fixed q=0.30,0.0012002363542359111
261110,Petrolina,143,337683,2016-12-31,4.234740866433904e-4,0.007454145308640366,global-q 2.5%,0.05681054891062111
261110,Petrolina,143,337683,2016-12-31,4.234740866433904e-4,0.009820323685458794,global-q median,0.043122212689428896
261110,Petrolina,143,337683,2016-12-31,4.234740866433904e-4,0.01510174051658718,global-q 97.5%,0.028041409278504188
261110,Petrolina,143,337683,2016-12-31,4.234740866433904e-4,0.05,fixed q=0.05,0.008469481732867807
261110,Petrolina,143,337683,2016-12-31,4.234740866433904e-4,0.1,fixed q=0.10,0.004234740866433904
261110,Petrolina,143,337683,2016-12-31,4.234740866433904e-4,0.15,fixed q=0.15,0.002823160577622603
261110,Petrolina,143,337683,2016-12-31,4.234740866433904e-4,0.2,fixed q=0.20,0.002117370433216952
261110,Petrolina,143,337683,2016-12-31,4.234740866433904e-4,0.25,fixed q=0.25,0.0016938963465735616
261110,Petrolina,143,337683,2016-12-31,4.234740866433904e-4,0.3,fixed q=0.30,0.0014115802888113014
261110,Petrolina,158,343865,2018-12-31,4.594826458057668e-4,0.007454145308640366,global-q 2.5%,0.06164122468516465
261110,Petrolina,158,343865,2018-12-31,4.594826458057668e-4,0.009820323685458794,global-q median,0.04678895121208017
261110,Petrolina,158,343865,2018-12-31,4.594826458057668e-4,0.01510174051658718,global-q 97.5%,0.030425807230702213
261110,Petrolina,158,343865,2018-12-31,4.594826458057668e-4,0.05,fixed q=0.05,0.009189652916115336
261110,Petrolina,158,343865,2018-12-31,4.594826458057668e-4,0.1,fixed q=0.10,0.004594826458057668
261110,Petrolina,158,343865,2018-12-31,4.594826458057668e-4,0.15,fixed q=0.15,0.0030632176387051123
261110,Petrolina,158,343865,2018-12-31,4.594826458057668e-4,0.2,fixed q=0.20,0.002297413229028834
261110,Petrolina,158,343865,2018-12-31,4.594826458057668e-4,0.25,fixed q=0.25,0.0018379305832230673
261110,Petrolina,158,343865,2018-12-31,4.594826458057668e-4,0.3,fixed q=0.30,0.0015316088193525561
261110,Petrolina,200,359372,2021-12-31,5.565263849159088e-4,0.007454145308640366,global-q 2.5%,0.07465998607121586
261110,Petrolina,200,359372,2021-12-31,5.565263849159088e-4,0.009820323685458794,global-q median,0.056670879977201945
261110,Petrolina,200,359372,2021-12-31,5.565263849159088e-4,0.01510174051658718,global-q 97.5%,0.036851804221151946
261110,Petrolina,200,359372,2021-12-31,5.565263849159088e-4,0.05,fixed q=0.05,0.011130527698318175
261110,Petrolina,200,359372,2021-12-31,5.565263849159088e-4,0.1,fixed q=0.10,0.005565263849159088
261110,Petrolina,200,359372,2021-12-31,5.565263849159088e-4,0.15,fixed q=0.15,0.0037101758994393923
261110,Petrolina,200,359372,2021-12-31,5.565263849159088e-4,0.2,fixed q=0.20,0.002782631924579544
261110,Petrolina,200,359372,2021-12-31,5.565263849159088e-4,0.25,fixed q=0.25,0.0022261055396636353
261110,Petrolina,200,359372,2021-12-31,5.565263849159088e-4,0.3,fixed q=0.30,0.0018550879497196962
261110,Petrolina,1030,386791,2022-12-31,0.0026629368315188306,0.007454145308640366,global-q 2.5%,0.3572424095935084
261110,Petrolina,1030,386791,2022-12-31,0.0026629368315188306,0.009820323685458794,global-q median,0.27116589196157653
261110,Petrolina,1030,386791,2022-12-31,0.0026629368315188306,0.01510174051658718,global-q 97.5%,0.17633310733911509
261110,Petrolina,1030,386791,2022-12-31,0.0026629368315188306,0.05,fixed q=0.05,0.05325873663037661
261110,Petrolina,1030,386791,2022-12-31,0.0026629368315188306,0.1,fixed q=0.10,0.026629368315188306
261110,Petrolina,1030,386791,2022-12-31,0.0026629368315188306,0.15,fixed q=0.15,0.017752912210125538
261110,Petrolina,1030,386791,2022-12-31,0.0026629368315188306,0.2,fixed q=0.20,0.013314684157594153
261110,Petrolina,1030,386791,2022-12-31,0.0026629368315188306,0.25,fixed q=0.25,0.010651747326075323
261110,Petrolina,1030,386791,2022-12-31,0.0026629368315188306,0.3,fixed q=0.30,0.008876456105062769
261110,Petrolina,1053,418444,2025-12-21,0.002516465763638623,0.007454145308640366,global-q 2.5%,0.33759279695308564
261110,Petrolina,1053,418444,2025-12-21,0.002516465763638623,0.009820323685458794,global-q median,0.25625079623035424
261110,Petrolina,1053,418444,2025-12-21,0.002516465763638623,0.01510174051658718,global-q 97.5%,0.16663415457805228
261110,Petrolina,1053,418444,2025-12-21,0.002516465763638623,0.05,fixed q=0.05,0.05032931527277246
261110,Petrolina,1053,418444,2025-12-21,0.002516465763638623,0.1,fixed q=0.10,0.02516465763638623
261110,Petrolina,1053,418444,2025-12-21,0.002516465763638623,0.15,fixed q=0.15,0.016776438424257488
261110,Petrolina,1053,418444,2025-12-21,0.002516465763638623,0.2,fixed q=0.20,0.012582328818193114
261110,Petrolina,1053,418444,2025-12-21,0.002516465763638623,0.25,fixed q=0.25,0.010065863054554492
261110,Petrolina,1053,418444,2025-12-21,0.002516465763638623,0.3,fixed q=0.30,0.008388219212128744
261120,Poção,2,11266,2016-12-31,1.7752529735487306e-4,0.007454145308640366,global-q 2.5%,0.023815647536290598
261120,Poção,2,11266,2016-12-31,1.7752529735487306e-4,0.009820323685458794,global-q median,0.018077336658234525
261120,Poção,2,11266,2016-12-31,1.7752529735487306e-4,0.01510174051658718,global-q 97.5%,0.01175528722400481
261120,Poção,2,11266,2016-12-31,1.7752529735487306e-4,0.05,fixed q=0.05,0.003550505947097461
261120,Poção,2,11266,2016-12-31,1.7752529735487306e-4,0.1,fixed q=0.10,0.0017752529735487305
261120,Poção,2,11266,2016-12-31,1.7752529735487306e-4,0.15,fixed q=0.15,0.0011835019823658204
261120,Poção,2,11266,2016-12-31,1.7752529735487306e-4,0.2,fixed q=0.20,8.876264867743653e-4
261120,Poção,2,11266,2016-12-31,1.7752529735487306e-4,0.25,fixed q=0.25,7.101011894194922e-4
261120,Poção,2,11266,2016-12-31,1.7752529735487306e-4,0.3,fixed q=0.30,5.917509911829102e-4
261120,Poção,3,10500,2022-12-31,2.8571428571428574e-4,0.007454145308640366,global-q 2.5%,0.03832958359197856
261120,Poção,3,10500,2022-12-31,2.8571428571428574e-4,0.009820323685458794,global-q median,0.029094182113095744
261120,Poção,3,10500,2022-12-31,2.8571428571428574e-4,0.01510174051658718,global-q 97.5%,0.0189192951236626
261120,Poção,3,10500,2022-12-31,2.8571428571428574e-4,0.05,fixed q=0.05,0.005714285714285714
261120,Poção,3,10500,2022-12-31,2.8571428571428574e-4,0.1,fixed q=0.10,0.002857142857142857
261120,Poção,3,10500,2022-12-31,2.8571428571428574e-4,0.15,fixed q=0.15,0.001904761904761905
261120,Poção,3,10500,2022-12-31,2.8571428571428574e-4,0.2,fixed q=0.20,0.0014285714285714286
261120,Poção,3,10500,2022-12-31,2.8571428571428574e-4,0.25,fixed q=0.25,0.001142857142857143
261120,Poção,3,10500,2022-12-31,2.8571428571428574e-4,0.3,fixed q=0.30,9.523809523809525e-4
261120,Poção,3,10792,2025-12-21,2.7798369162342475e-4,0.007454145308640366,global-q 2.5%,0.03729249700850397
261120,Poção,3,10792,2025-12-21,2.7798369162342475e-4,0.009820323685458794,global-q median,0.028306978519968985
261120,Poção,3,10792,2025-12-21,2.7798369162342475e-4,0.01510174051658718,global-q 97.5%,0.018407394254860755
261120,Poção,3,10792,2025-12-21,2.7798369162342475e-4,0.05,fixed q=0.05,0.0055596738324684945
261120,Poção,3,10792,2025-12-21,2.7798369162342475e-4,0.1,fixed q=0.10,0.0027798369162342473
261120,Poção,3,10792,2025-12-21,2.7798369162342475e-4,0.15,fixed q=0.15,0.0018532246108228317
261120,Poção,3,10792,2025-12-21,2.7798369162342475e-4,0.2,fixed q=0.20,0.0013899184581171236
261120,Poção,3,10792,2025-12-21,2.7798369162342475e-4,0.25,fixed q=0.25,0.001111934766493699
261120,Poção,3,10792,2025-12-21,2.7798369162342475e-4,0.3,fixed q=0.30,9.266123054114158e-4
261120,Poção,3,11299,2018-12-31,2.655102221435525e-4,0.007454145308640366,global-q 2.5%,0.03561913688961632
261120,Poção,3,11299,2018-12-31,2.655102221435525e-4,0.009820323685458794,global-q median,0.02703680964576558
261120,Poção,3,11299,2018-12-31,2.655102221435525e-4,0.01510174051658718,global-q 97.5%,0.017581431878790802
261120,Poção,3,11299,2018-12-31,2.655102221435525e-4,0.05,fixed q=0.05,0.00531020444287105
261120,Poção,3,11299,2018-12-31,2.655102221435525e-4,0.1,fixed q=0.10,0.002655102221435525
261120,Poção,3,11299,2018-12-31,2.655102221435525e-4,0.15,fixed q=0.15,0.0017700681476236835
261120,Poção,3,11299,2018-12-31,2.655102221435525e-4,0.2,fixed q=0.20,0.0013275511107177626
261120,Poção,3,11299,2018-12-31,2.655102221435525e-4,0.25,fixed q=0.25,0.00106204088857421
261120,Poção,3,11299,2018-12-31,2.655102221435525e-4,0.3,fixed q=0.30,8.850340738118418e-4
261120,Poção,3,11308,2021-12-31,2.652989034311992e-4,0.007454145308640366,global-q 2.5%,0.03559078773574238
261120,Poção,3,11308,2021-12-31,2.652989034311992e-4,0.009820323685458794,global-q median,0.027015291137911682
261120,Poção,3,11308,2021-12-31,2.652989034311992e-4,0.01510174051658718,global-q 97.5%,0.017567438874996223
261120,Poção,3,11308,2021-12-31,2.652989034311992e-4,0.05,fixed q=0.05,0.0053059780686239835
261120,Poção,3,11308,2021-12-31,2.652989034311992e-4,0.1,fixed q=0.10,0.0026529890343119917
261120,Poção,3,11308,2021-12-31,2.652989034311992e-4,0.15,fixed q=0.15,0.0017686593562079946
261120,Poção,3,11308,2021-12-31,2.652989034311992e-4,0.2,fixed q=0.20,0.0013264945171559959
261120,Poção,3,11308,2021-12-31,2.652989034311992e-4,0.25,fixed q=0.25,0.0010611956137247967
261120,Poção,3,11308,2021-12-31,2.652989034311992e-4,0.3,fixed q=0.30,8.843296781039973e-4
261130,Pombos,15,26902,2016-12-31,5.575793621292098e-4,0.007454145308640366,global-q 2.5%,0.07480124669462769
261130,Pombos,15,26902,2016-12-31,5.575793621292098e-4,0.009820323685458794,global-q median,0.056778104265018454
261130,Pombos,15,26902,2016-12-31,5.575793621292098e-4,0.01510174051658718,global-q 97.5%,0.036921529774451206
261130,Pombos,15,26902,2016-12-31,5.575793621292098e-4,0.05,fixed q=0.05,0.011151587242584195
261130,Pombos,15,26902,2016-12-31,5.575793621292098e-4,0.1,fixed q=0.10,0.0055757936212920975
261130,Pombos,15,26902,2016-12-31,5.575793621292098e-4,0.15,fixed q=0.15,0.003717195747528065
261130,Pombos,15,26902,2016-12-31,5.575793621292098e-4,0.2,fixed q=0.20,0.0027878968106460488
261130,Pombos,15,26902,2016-12-31,5.575793621292098e-4,0.25,fixed q=0.25,0.002230317448516839
261130,Pombos,15,26902,2016-12-31,5.575793621292098e-4,0.3,fixed q=0.30,0.0018585978737640325
261130,Pombos,15,27033,2018-12-31,5.548773721007657e-4,0.007454145308640366,global-q 2.5%,0.07443876516031792
261130,Pombos,15,27033,2018-12-31,5.548773721007657e-4,0.009820323685458794,global-q median,0.05650296160017484
261130,Pombos,15,27033,2018-12-31,5.548773721007657e-4,0.01510174051658718,global-q 97.5%,0.03674261066075857
261130,Pombos,15,27033,2018-12-31,5.548773721007657e-4,0.05,fixed q=0.05,0.011097547442015314
261130,Pombos,15,27033,2018-12-31,5.548773721007657e-4,0.1,fixed q=0.10,0.005548773721007657
261130,Pombos,15,27033,2018-12-31,5.548773721007657e-4,0.15,fixed q=0.15,0.0036991824806717716
261130,Pombos,15,27033,2018-12-31,5.548773721007657e-4,0.2,fixed q=0.20,0.0027743868605038286
261130,Pombos,15,27033,2018-12-31,5.548773721007657e-4,0.25,fixed q=0.25,0.002219509488403063
261130,Pombos,15,27033,2018-12-31,5.548773721007657e-4,0.3,fixed q=0.30,0.0018495912403358858
261130,Pombos,18,27204,2021-12-31,6.616674018526688e-4,0.007454145308640366,global-q 2.5%,0.08876502596289697
261130,Pombos,18,27204,2021-12-31,6.616674018526688e-4,0.009820323685458794,global-q median,0.06737735160730157
261130,Pombos,18,27204,2021-12-31,6.616674018526688e-4,0.01510174051658718,global-q 97.5%,0.043813982972751936
261130,Pombos,18,27204,2021-12-31,6.616674018526688e-4,0.05,fixed q=0.05,0.013233348037053375
261130,Pombos,18,27204,2021-12-31,6.616674018526688e-4,0.1,fixed q=0.10,0.0066166740185266875
261130,Pombos,18,27204,2021-12-31,6.616674018526688e-4,0.15,fixed q=0.15,0.004411116012351125
261130,Pombos,18,27204,2021-12-31,6.616674018526688e-4,0.2,fixed q=0.20,0.0033083370092633437
261130,Pombos,18,27204,2021-12-31,6.616674018526688e-4,0.25,fixed q=0.25,0.002646669607410675
261130,Pombos,18,27204,2021-12-31,6.616674018526688e-4,0.3,fixed q=0.30,0.0022055580061755625
261130,Pombos,20,27552,2022-12-31,7.259001161440186e-4,0.007454145308640366,global-q 2.5%,0.09738207213409186
261130,Pombos,20,27552,2022-12-31,7.259001161440186e-4,0.009820323685458794,global-q median,0.07391814561254
261130,Pombos,20,27552,2022-12-31,7.259001161440186e-4,0.01510174051658718,global-q 97.5%,0.048067314846703756
261130,Pombos,20,27552,2022-12-31,7.259001161440186e-4,0.05,fixed q=0.05,0.01451800232288037
261130,Pombos,20,27552,2022-12-31,7.259001161440186e-4,0.1,fixed q=0.10,0.007259001161440185
261130,Pombos,20,27552,2022-12-31,7.259001161440186e-4,0.15,fixed q=0.15,0.004839334107626791
261130,Pombos,20,27552,2022-12-31,7.259001161440186e-4,0.2,fixed q=0.20,0.0036295005807200926
261130,Pombos,20,27552,2022-12-31,7.259001161440186e-4,0.25,fixed q=0.25,0.0029036004645760743
261130,Pombos,20,27552,2022-12-31,7.259001161440186e-4,0.3,fixed q=0.30,0.0024196670538133955
261130,Pombos,23,26942,2025-12-21,8.536856951970901e-4,0.007454145308640366,global-q 2.5%,0.11452496025366617
261130,Pombos,23,26942,2025-12-21,8.536856951970901e-4,0.009820323685458794,global-q median,0.08693050479193108
261130,Pombos,23,26942,2025-12-21,8.536856951970901e-4,0.01510174051658718,global-q 97.5%,0.056528960635989875
261130,Pombos,23,26942,2025-12-21,8.536856951970901e-4,0.05,fixed q=0.05,0.0170737139039418
261130,Pombos,23,26942,2025-12-21,8.536856951970901e-4,0.1,fixed q=0.10,0.0085368569519709
261130,Pombos,23,26942,2025-12-21,8.536856951970901e-4,0.15,fixed q=0.15,0.005691237967980601
261130,Pombos,23,26942,2025-12-21,8.536856951970901e-4,0.2,fixed q=0.20,0.00426842847598545
261130,Pombos,23,26942,2025-12-21,8.536856951970901e-4,0.25,fixed q=0.25,0.0034147427807883603
261130,Pombos,23,26942,2025-12-21,8.536856951970901e-4,0.3,fixed q=0.30,0.0028456189839903005
261140,Primavera,0,14657,2016-12-31,0,0.007454145308640366,global-q 2.5%,0
261140,Primavera,0,14657,2016-12-31,0,0.009820323685458794,global-q median,0
261140,Primavera,0,14657,2016-12-31,0,0.01510174051658718,global-q 97.5%,0
261140,Primavera,0,14657,2016-12-31,0,0.05,fixed q=0.05,0
261140,Primavera,0,14657,2016-12-31,0,0.1,fixed q=0.10,0
261140,Primavera,0,14657,2016-12-31,0,0.15,fixed q=0.15,0
261140,Primavera,0,14657,2016-12-31,0,0.2,fixed q=0.20,0
261140,Primavera,0,14657,2016-12-31,0,0.25,fixed q=0.25,0
261140,Primavera,0,14657,2016-12-31,0,0.3,fixed q=0.30,0
261140,Primavera,1,14831,2018-12-31,6.742633672712562e-5,0.007454145308640366,global-q 2.5%,0.009045481934591393
261140,Primavera,1,14831,2018-12-31,6.742633672712562e-5,0.009820323685458794,global-q median,0.006865999419852681
261140,Primavera,1,14831,2018-12-31,6.742633672712562e-5,0.01510174051658718,global-q 97.5%,0.004464805672767791
261140,Primavera,1,14831,2018-12-31,6.742633672712562e-5,0.05,fixed q=0.05,0.0013485267345425124
261140,Primavera,1,14831,2018-12-31,6.742633672712562e-5,0.1,fixed q=0.10,6.742633672712562e-4
261140,Primavera,1,14831,2018-12-31,6.742633672712562e-5,0.15,fixed q=0.15,4.4950891151417083e-4
261140,Primavera,1,14831,2018-12-31,6.742633672712562e-5,0.2,fixed q=0.20,3.371316836356281e-4
261140,Primavera,1,14831,2018-12-31,6.742633672712562e-5,0.25,fixed q=0.25,2.697053469085025e-4
261140,Primavera,1,14831,2018-12-31,6.742633672712562e-5,0.3,fixed q=0.30,2.2475445575708542e-4
261140,Primavera,6,13838,2022-12-31,4.335886688827865e-4,0.007454145308640366,global-q 2.5%,0.05816745594967117
261140,Primavera,6,13838,2022-12-31,4.335886688827865e-4,0.009820323685458794,global-q median,0.04415217693127696
261140,Primavera,6,13838,2022-12-31,4.335886688827865e-4,0.01510174051658718,global-q 97.5%,0.028711171961043107
261140,Primavera,6,13838,2022-12-31,4.335886688827865e-4,0.05,fixed q=0.05,0.00867177337765573
261140,Primavera,6,13838,2022-12-31,4.335886688827865e-4,0.1,fixed q=0.10,0.004335886688827865
261140,Primavera,6,13838,2022-12-31,4.335886688827865e-4,0.15,fixed q=0.15,0.0028905911258852433
261140,Primavera,6,13838,2022-12-31,4.335886688827865e-4,0.2,fixed q=0.20,0.0021679433444139326
261140,Primavera,6,13838,2022-12-31,4.335886688827865e-4,0.25,fixed q=0.25,0.001734354675531146
261140,Primavera,6,13838,2022-12-31,4.335886688827865e-4,0.3,fixed q=0.30,0.0014452955629426216
261140,Primavera,6,14380,2025-12-21,4.172461752433936e-4,0.007454145308640366,global-q 2.5%,0.05597505253348746
261140,Primavera,6,14380,2025-12-21,4.172461752433936e-4,0.009820323685458794,global-q median,0.04248802672983384
261140,Primavera,6,14380,2025-12-21,4.172461752433936e-4,0.01510174051658718,global-q 97.5%,0.027629012350272222
261140,Primavera,6,14380,2025-12-21,4.172461752433936e-4,0.05,fixed q=0.05,0.008344923504867872
261140,Primavera,6,14380,2025-12-21,4.172461752433936e-4,0.1,fixed q=0.10,0.004172461752433936
261140,Primavera,6,14380,2025-12-21,4.172461752433936e-4,0.15,fixed q=0.15,0.002781641168289291
261140,Primavera,6,14380,2025-12-21,4.172461752433936e-4,0.2,fixed q=0.20,0.002086230876216968
261140,Primavera,6,14380,2025-12-21,4.172461752433936e-4,0.25,fixed q=0.25,0.0016689847009735744
261140,Primavera,6,14380,2025-12-21,4.172461752433936e-4,0.3,fixed q=0.30,0.0013908205841446455
261140,Primavera,6,15231,2021-12-31,3.9393342525113255e-4,0.007454145308640366,global-q 2.5%,0.05284756453493202
261140,Primavera,6,15231,2021-12-31,3.9393342525113255e-4,0.009820323685458794,global-q median,0.040114097851422136
261140,Primavera,6,15231,2021-12-31,3.9393342525113255e-4,0.01510174051658718,global-q 97.5%,0.026085299559905097
261140,Primavera,6,15231,2021-12-31,3.9393342525113255e-4,0.05,fixed q=0.05,0.00787866850502265
261140,Primavera,6,15231,2021-12-31,3.9393342525113255e-4,0.1,fixed q=0.10,0.003939334252511325
261140,Primavera,6,15231,2021-12-31,3.9393342525113255e-4,0.15,fixed q=0.15,0.0026262228350075506
261140,Primavera,6,15231,2021-12-31,3.9393342525113255e-4,0.2,fixed q=0.20,0.0019696671262556626
261140,Primavera,6,15231,2021-12-31,3.9393342525113255e-4,0.25,fixed q=0.25,0.0015757337010045302
261140,Primavera,6,15231,2021-12-31,3.9393342525113255e-4,0.3,fixed q=0.30,0.0013131114175037753
261150,Quipapá,70,25686,2016-12-31,0.0027252199641828235,0.007454145308640366,global-q 2.5%,0.36559791248286017
261150,Quipapá,70,25686,2016-12-31,0.0027252199641828235,0.009820323685458794,global-q median,0.27750816077662765
261150,Quipapá,70,25686,2016-12-31,0.0027252199641828235,0.01510174051658718,global-q 97.5%,0.18045734272745217
261150,Quipapá,70,25686,2016-12-31,0.0027252199641828235,0.05,fixed q=0.05,0.05450439928365647
261150,Quipapá,70,25686,2016-12-31,0.0027252199641828235,0.1,fixed q=0.10,0.027252199641828234
261150,Quipapá,70,25686,2016-12-31,0.0027252199641828235,0.15,fixed q=0.15,0.018168133094552157
261150,Quipapá,70,25686,2016-12-31,0.0027252199641828235,0.2,fixed q=0.20,0.013626099820914117
261150,Quipapá,70,25686,2016-12-31,0.0027252199641828235,0.25,fixed q=0.25,0.010900879856731294
261150,Quipapá,70,25686,2016-12-31,0.0027252199641828235,0.3,fixed q=0.30,0.009084066547276079
261150,Quipapá,75,25896,2018-12-31,0.0028962001853568117,0.007454145308640366,global-q 2.5%,0.38853551486308197
261150,Quipapá,75,25896,2018-12-31,0.0028962001853568117,0.009820323685458794,global-q median,0.29491901470063453
261150,Quipapá,75,25896,2018-12-31,0.0028962001853568117,0.01510174051658718,global-q 97.5%,0.19177923115390144
261150,Quipapá,75,25896,2018-12-31,0.0028962001853568117,0.05,fixed q=0.05,0.05792400370713623
261150,Quipapá,75,25896,2018-12-31,0.0028962001853568117,0.1,fixed q=0.10,0.028962001853568117
261150,Quipapá,75,25896,2018-12-31,0.0028962001853568117,0.15,fixed q=0.15,0.01930800123571208
261150,Quipapá,75,25896,2018-12-31,0.0028962001853568117,0.2,fixed q=0.20,0.014481000926784058
261150,Quipapá,75,25896,2018-12-31,0.0028962001853568117,0.25,fixed q=0.25,0.011584800741427247
261150,Quipapá,75,25896,2018-12-31,0.0028962001853568117,0.3,fixed q=0.30,0.00965400061785604
261150,Quipapá,80,26309,2021-12-31,0.003040784522406781,0.007454145308640366,global-q 2.5%,0.40793201587874856
261150,Quipapá,80,26309,2021-12-31,0.003040784522406781,0.009820323685458794,global-q median,0.3096419853155501
261150,Quipapá,80,26309,2021-12-31,0.003040784522406781,0.01510174051658718,global-q 97.5%,0.2013532492540776
261150,Quipapá,80,26309,2021-12-31,0.003040784522406781,0.05,fixed q=0.05,0.06081569044813562
261150,Quipapá,80,26309,2021-12-31,0.003040784522406781,0.1,fixed q=0.10,0.03040784522406781
261150,Quipapá,80,26309,2021-12-31,0.003040784522406781,0.15,fixed q=0.15,0.020271896816045208
261150,Quipapá,80,26309,2021-12-31,0.003040784522406781,0.2,fixed q=0.20,0.015203922612033904
261150,Quipapá,80,26309,2021-12-31,0.003040784522406781,0.25,fixed q=0.25,0.012163138089627124
261150,Quipapá,80,26309,2021-12-31,0.003040784522406781,0.3,fixed q=0.30,0.010135948408022604
261150,Quipapá,255,17928,2022-12-31,0.014223560910307898,0.007454145308640366,global-q 2.5%,1.908141084105358
261150,Quipapá,255,17928,2022-12-31,0.014223560910307898,0.009820323685458794,global-q median,1.4483800499742274
261150,Quipapá,255,17928,2022-12-31,0.014223560910307898,0.01510174051658718,global-q 97.5%,0.9418491130002715
261150,Quipapá,255,17928,2022-12-31,0.014223560910307898,0.05,fixed q=0.05,0.28447121820615795
261150,Quipapá,255,17928,2022-12-31,0.014223560910307898,0.1,fixed q=0.10,0.14223560910307897
261150,Quipapá,255,17928,2022-12-31,0.014223560910307898,0.15,fixed q=0.15,0.09482373940205266
261150,Quipapá,255,17928,2022-12-31,0.014223560910307898,0.2,fixed q=0.20,0.07111780455153949
261150,Quipapá,255,17928,2022-12-31,0.014223560910307898,0.25,fixed q=0.25,0.05689424364123159
261150,Quipapá,255,17928,2022-12-31,0.014223560910307898,0.3,fixed q=0.30,0.04741186970102633
261150,Quipapá,263,17731,2025-12-21,0.014832778749083526,0.007454145308640366,global-q 2.5%,1.9898698153751204
261150,Quipapá,263,17731,2025-12-21,0.014832778749083526,0.009820323685458794,global-q median,1.510416481591824
261150,Quipapá,263,17731,2025-12-21,0.014832778749083526,0.01510174051658718,global-q 97.5%,0.9821900153026576
261150,Quipapá,263,17731,2025-12-21,0.014832778749083526,0.05,fixed q=0.05,0.2966555749816705
261150,Quipapá,263,17731,2025-12-21,0.014832778749083526,0.1,fixed q=0.10,0.14832778749083525
261150,Quipapá,263,17731,2025-12-21,0.014832778749083526,0.15,fixed q=0.15,0.09888519166055684
261150,Quipapá,263,17731,2025-12-21,0.014832778749083526,0.2,fixed q=0.20,0.07416389374541763
261150,Quipapá,263,17731,2025-12-21,0.014832778749083526,0.25,fixed q=0.25,0.0593311149963341
261150,Quipapá,263,17731,2025-12-21,0.014832778749083526,0.3,fixed q=0.30,0.04944259583027842
261153,Quixaba,1,6796,2021-12-31,1.4714537963507945e-4,0.007454145308640366,global-q 2.5%,0.019740073951136687
261153,Quixaba,1,6796,2021-12-31,1.4714537963507945e-4,0.009820323685458794,global-q median,0.014983760652712638
261153,Quixaba,1,6796,2021-12-31,1.4714537963507945e-4,0.01510174051658718,global-q 97.5%,0.009743604021898042
261153,Quixaba,1,6796,2021-12-31,1.4714537963507945e-4,0.05,fixed q=0.05,0.002942907592701589
261153,Quixaba,1,6796,2021-12-31,1.4714537963507945e-4,0.1,fixed q=0.10,0.0014714537963507945
261153,Quixaba,1,6796,2021-12-31,1.4714537963507945e-4,0.15,fixed q=0.15,9.809691975671965e-4
261153,Quixaba,1,6796,2021-12-31,1.4714537963507945e-4,0.2,fixed q=0.20,7.357268981753973e-4
261153,Quixaba,1,6796,2021-12-31,1.4714537963507945e-4,0.25,fixed q=0.25,5.885815185403178e-4
261153,Quixaba,1,6796,2021-12-31,1.4714537963507945e-4,0.3,fixed q=0.30,4.904845987835982e-4
261153,Quixaba,1,6812,2016-12-31,1.467997651203758e-4,0.007454145308640366,global-q 2.5%,0.01969370853962492
261153,Quixaba,1,6812,2016-12-31,1.467997651203758e-4,0.009820323685458794,global-q median,0.014948566852001629
261153,Quixaba,1,6812,2016-12-31,1.467997651203758e-4,0.01510174051658718,global-q 97.5%,0.009720718281388593
261153,Quixaba,1,6812,2016-12-31,1.467997651203758e-4,0.05,fixed q=0.05,0.002935995302407516
261153,Quixaba,1,6812,2016-12-31,1.467997651203758e-4,0.1,fixed q=0.10,0.001467997651203758
261153,Quixaba,1,6812,2016-12-31,1.467997651203758e-4,0.15,fixed q=0.15,9.786651008025053e-4
261153,Quixaba,1,6812,2016-12-31,1.467997651203758e-4,0.2,fixed q=0.20,7.33998825601879e-4
261153,Quixaba,1,6812,2016-12-31,1.467997651203758e-4,0.25,fixed q=0.25,5.871990604815032e-4
261153,Quixaba,1,6812,2016-12-31,1.467997651203758e-4,0.3,fixed q=0.30,4.893325504012527e-4
261153,Quixaba,1,6822,2018-12-31,1.465845793022574e-4,0.007454145308640366,global-q 2.5%,0.019664840599813098
261153,Quixaba,1,6822,2018-12-31,1.465845793022574e-4,0.009820323685458794,global-q median,0.014926654558169905
261153,Quixaba,1,6822,2018-12-31,1.465845793022574e-4,0.01510174051658718,global-q 97.5%,0.00970646920739066
261153,Quixaba,1,6822,2018-12-31,1.465845793022574e-4,0.05,fixed q=0.05,0.002931691586045148
261153,Quixaba,1,6822,2018-12-31,1.465845793022574e-4,0.1,fixed q=0.10,0.001465845793022574
261153,Quixaba,1,6822,2018-12-31,1.465845793022574e-4,0.15,fixed q=0.15,9.77230528681716e-4
261153,Quixaba,1,6822,2018-12-31,1.465845793022574e-4,0.2,fixed q=0.20,7.32922896511287e-4
261153,Quixaba,1,6822,2018-12-31,1.465845793022574e-4,0.25,fixed q=0.25,5.863383172090296e-4
261153,Quixaba,1,6822,2018-12-31,1.465845793022574e-4,0.3,fixed q=0.30,4.88615264340858e-4
261153,Quixaba,38,6554,2022-12-31,0.005797985962770827,0.007454145308640366,global-q 2.5%,0.7778203566879993
261153,Quixaba,38,6554,2022-12-31,0.005797985962770827,0.009820323685458794,global-q median,0.5904068082150952
261153,Quixaba,38,6554,2022-12-31,0.005797985962770827,0.01510174051658718,global-q 97.5%,0.38392832643380004
261153,Quixaba,38,6554,2022-12-31,0.005797985962770827,0.05,fixed q=0.05,0.11595971925541654
261153,Quixaba,38,6554,2022-12-31,0.005797985962770827,0.1,fixed q=0.10,0.05797985962770827
261153,Quixaba,38,6554,2022-12-31,0.005797985962770827,0.15,fixed q=0.15,0.03865323975180551
261153,Quixaba,38,6554,2022-12-31,0.005797985962770827,0.2,fixed q=0.20,0.028989929813854134
261153,Quixaba,38,6554,2022-12-31,0.005797985962770827,0.25,fixed q=0.25,0.023191943851083308
261153,Quixaba,38,6554,2022-12-31,0.005797985962770827,0.3,fixed q=0.30,0.019326619875902756
261153,Quixaba,38,6753,2025-12-21,0.005627128683548053,0.007454145308640366,global-q 2.5%,0.7548992474060636
261153,Quixaba,38,6753,2025-12-21,0.005627128683548053,0.009820323685458794,global-q median,0.5730084734254011
261153,Quixaba,38,6753,2025-12-21,0.005627128683548053,0.01510174051658718,global-q 97.5%,0.3726145789200541
261153,Quixaba,38,6753,2025-12-21,0.005627128683548053,0.05,fixed q=0.05,0.11254257367096104
261153,Quixaba,38,6753,2025-12-21,0.005627128683548053,0.1,fixed q=0.10,0.05627128683548052
261153,Quixaba,38,6753,2025-12-21,0.005627128683548053,0.15,fixed q=0.15,0.03751419122365369
261153,Quixaba,38,6753,2025-12-21,0.005627128683548053,0.2,fixed q=0.20,0.02813564341774026
261153,Quixaba,38,6753,2025-12-21,0.005627128683548053,0.25,fixed q=0.25,0.02250851473419221
261153,Quixaba,38,6753,2025-12-21,0.005627128683548053,0.3,fixed q=0.30,0.018757095611826844
261160,Recife,5455,1625583,2016-12-31,0.003355719148145619,0.007454145308640366,global-q 2.5%,0.450181611600177
261160,Recife,5455,1625583,2016-12-31,0.003355719148145619,0.009820323685458794,global-q median,0.341711664057929
261160,Recife,5455,1625583,2016-12-31,0.003355719148145619,0.01510174051658718,global-q 97.5%,0.22220744320562416
261160,Recife,5455,1625583,2016-12-31,0.003355719148145619,0.05,fixed q=0.05,0.06711438296291238
261160,Recife,5455,1625583,2016-12-31,0.003355719148145619,0.1,fixed q=0.10,0.03355719148145619
261160,Recife,5455,1625583,2016-12-31,0.003355719148145619,0.15,fixed q=0.15,0.02237146098763746
261160,Recife,5455,1625583,2016-12-31,0.003355719148145619,0.2,fixed q=0.20,0.016778595740728094
261160,Recife,5455,1625583,2016-12-31,0.003355719148145619,0.25,fixed q=0.25,0.013422876592582476
261160,Recife,5455,1625583,2016-12-31,0.003355719148145619,0.3,fixed q=0.30,0.01118573049381873
261160,Recife,6271,1637834,2018-12-31,0.0038288373547013923,0.007454145308640366,global-q 2.5%,0.5136520950649097
261160,Recife,6271,1637834,2018-12-31,0.0038288373547013923,0.009820323685458794,global-q median,0.3898891194768712
261160,Recife,6271,1637834,2018-12-31,0.0038288373547013923,0.01510174051658718,global-q 97.5%,0.2535361636293474
261160,Recife,6271,1637834,2018-12-31,0.0038288373547013923,0.05,fixed q=0.05,0.07657674709402784
261160,Recife,6271,1637834,2018-12-31,0.0038288373547013923,0.1,fixed q=0.10,0.03828837354701392
261160,Recife,6271,1637834,2018-12-31,0.0038288373547013923,0.15,fixed q=0.15,0.02552558236467595
261160,Recife,6271,1637834,2018-12-31,0.0038288373547013923,0.2,fixed q=0.20,0.01914418677350696
261160,Recife,6271,1637834,2018-12-31,0.0038288373547013923,0.25,fixed q=0.25,0.015315349418805569
261160,Recife,6271,1637834,2018-12-31,0.0038288373547013923,0.3,fixed q=0.30,0.012762791182337975
261160,Recife,21731,1661017,2021-12-31,0.013082948579093411,0.007454145308640366,global-q 2.5%,1.7551238991717129
261160,Recife,21731,1661017,2021-12-31,0.013082948579093411,0.009820323685458794,global-q median,1.332231909877438
261160,Recife,21731,1661017,2021-12-31,0.013082948579093411,0.01510174051658718,global-q 97.5%,0.8663205783944967
261160,Recife,21731,1661017,2021-12-31,0.013082948579093411,0.05,fixed q=0.05,0.2616589715818682
261160,Recife,21731,1661017,2021-12-31,0.013082948579093411,0.1,fixed q=0.10,0.1308294857909341
261160,Recife,21731,1661017,2021-12-31,0.013082948579093411,0.15,fixed q=0.15,0.08721965719395608
261160,Recife,21731,1661017,2021-12-31,0.013082948579093411,0.2,fixed q=0.20,0.06541474289546705
261160,Recife,21731,1661017,2021-12-31,0.013082948579093411,0.25,fixed q=0.25,0.052331794316373643
261160,Recife,21731,1661017,2021-12-31,0.013082948579093411,0.3,fixed q=0.30,0.04360982859697804
261160,Recife,22779,1488920,2022-12-31,0.015299008677430621,0.007454145308640366,global-q 2.5%,2.052416211915938
261160,Recife,22779,1488920,2022-12-31,0.015299008677430621,0.009820323685458794,global-q median,1.557892506138495
261160,Recife,22779,1488920,2022-12-31,0.015299008677430621,0.01510174051658718,global-q 97.5%,1.0130626109372471
261160,Recife,22779,1488920,2022-12-31,0.015299008677430621,0.05,fixed q=0.05,0.3059801735486124
261160,Recife,22779,1488920,2022-12-31,0.015299008677430621,0.1,fixed q=0.10,0.1529900867743062
261160,Recife,22779,1488920,2022-12-31,0.015299008677430621,0.15,fixed q=0.15,0.10199339118287082
261160,Recife,22779,1488920,2022-12-31,0.015299008677430621,0.2,fixed q=0.20,0.0764950433871531
261160,Recife,22779,1488920,2022-12-31,0.015299008677430621,0.25,fixed q=0.25,0.061196034709722485
261160,Recife,22779,1488920,2022-12-31,0.015299008677430621,0.3,fixed q=0.30,0.05099669559143541
261160,Recife,24710,1588376,2025-12-21,0.015556769933567367,0.007454145308640366,global-q 2.5%,2.0869957975644717
261160,Recife,24710,1588376,2025-12-21,0.015556769933567367,0.009820323685458794,global-q median,1.5841402413855947
261160,Recife,24710,1588376,2025-12-21,0.015556769933567367,0.01510174051658718,global-q 97.5%,1.030130925404287
261160,Recife,24710,1588376,2025-12-21,0.015556769933567367,0.05,fixed q=0.05,0.3111353986713473
261160,Recife,24710,1588376,2025-12-21,0.015556769933567367,0.1,fixed q=0.10,0.15556769933567366
261160,Recife,24710,1588376,2025-12-21,0.015556769933567367,0.15,fixed q=0.15,0.10371179955711579
261160,Recife,24710,1588376,2025-12-21,0.015556769933567367,0.2,fixed q=0.20,0.07778384966783683
261160,Recife,24710,1588376,2025-12-21,0.015556769933567367,0.25,fixed q=0.25,0.06222707973426947
261160,Recife,24710,1588376,2025-12-21,0.015556769933567367,0.3,fixed q=0.30,0.051855899778557896
261170,Riacho das Almas,0,20286,2016-12-31,0,0.007454145308640366,global-q 2.5%,0
261170,Riacho das Almas,0,20286,2016-12-31,0,0.009820323685458794,global-q median,0
261170,Riacho das Almas,0,20286,2016-12-31,0,0.01510174051658718,global-q 97.5%,0
261170,Riacho das Almas,0,20286,2016-12-31,0,0.05,fixed q=0.05,0
261170,Riacho das Almas,0,20286,2016-12-31,0,0.1,fixed q=0.10,0
261170,Riacho das Almas,0,20286,2016-12-31,0,0.15,fixed q=0.15,0
261170,Riacho das Almas,0,20286,2016-12-31,0,0.2,fixed q=0.20,0
261170,Riacho das Almas,0,20286,2016-12-31,0,0.25,fixed q=0.25,0
261170,Riacho das Almas,0,20286,2016-12-31,0,0.3,fixed q=0.30,0
261170,Riacho das Almas,0,20443,2018-12-31,0,0.007454145308640366,global-q 2.5%,0
261170,Riacho das Almas,0,20443,2018-12-31,0,0.009820323685458794,global-q median,0
261170,Riacho das Almas,0,20443,2018-12-31,0,0.01510174051658718,global-q 97.5%,0
261170,Riacho das Almas,0,20443,2018-12-31,0,0.05,fixed q=0.05,0
261170,Riacho das Almas,0,20443,2018-12-31,0,0.1,fixed q=0.10,0
261170,Riacho das Almas,0,20443,2018-12-31,0,0.15,fixed q=0.15,0
261170,Riacho das Almas,0,20443,2018-12-31,0,0.2,fixed q=0.20,0
261170,Riacho das Almas,0,20443,2018-12-31,0,0.25,fixed q=0.25,0
261170,Riacho das Almas,0,20443,2018-12-31,0,0.3,fixed q=0.30,0
261170,Riacho das Almas,0,20744,2021-12-31,0,0.007454145308640366,global-q 2.5%,0
261170,Riacho das Almas,0,20744,2021-12-31,0,0.009820323685458794,global-q median,0
261170,Riacho das Almas,0,20744,2021-12-31,0,0.01510174051658718,global-q 97.5%,0
261170,Riacho das Almas,0,20744,2021-12-31,0,0.05,fixed q=0.05,0
261170,Riacho das Almas,0,20744,2021-12-31,0,0.1,fixed q=0.10,0
261170,Riacho das Almas,0,20744,2021-12-31,0,0.15,fixed q=0.15,0
261170,Riacho das Almas,0,20744,2021-12-31,0,0.2,fixed q=0.20,0
261170,Riacho das Almas,0,20744,2021-12-31,0,0.25,fixed q=0.25,0
261170,Riacho das Almas,0,20744,2021-12-31,0,0.3,fixed q=0.30,0
261170,Riacho das Almas,3,20639,2022-12-31,1.4535587964533165e-4,0.007454145308640366,global-q 2.5%,0.019500006188079597
261170,Riacho das Almas,3,20639,2022-12-31,1.4535587964533165e-4,0.009820323685458794,global-q median,0.014801536517636769
261170,Riacho das Almas,3,20639,2022-12-31,1.4535587964533165e-4,0.01510174051658718,global-q 97.5%,0.009625107747393637
261170,Riacho das Almas,3,20639,2022-12-31,1.4535587964533165e-4,0.05,fixed q=0.05,0.002907117592906633
261170,Riacho das Almas,3,20639,2022-12-31,1.4535587964533165e-4,0.1,fixed q=0.10,0.0014535587964533165
261170,Riacho das Almas,3,20639,2022-12-31,1.4535587964533165e-4,0.15,fixed q=0.15,9.690391976355444e-4
261170,Riacho das Almas,3,20639,2022-12-31,1.4535587964533165e-4,0.2,fixed q=0.20,7.267793982266582e-4
261170,Riacho das Almas,3,20639,2022-12-31,1.4535587964533165e-4,0.25,fixed q=0.25,5.814235185813266e-4
261170,Riacho das Almas,3,20639,2022-12-31,1.4535587964533165e-4,0.3,fixed q=0.30,4.845195988177722e-4
261170,Riacho das Almas,3,21490,2025-12-21,1.3959981386691485e-4,0.007454145308640366,global-q 2.5%,0.01872780957262796
261170,Riacho das Almas,3,21490,2025-12-21,1.3959981386691485e-4,0.009820323685458794,global-q median,0.01421539842659401
261170,Riacho das Almas,3,21490,2025-12-21,1.3959981386691485e-4,0.01510174051658718,global-q 97.5%,0.00924395527214785
261170,Riacho das Almas,3,21490,2025-12-21,1.3959981386691485e-4,0.05,fixed q=0.05,0.002791996277338297
261170,Riacho das Almas,3,21490,2025-12-21,1.3959981386691485e-4,0.1,fixed q=0.10,0.0013959981386691485
261170,Riacho das Almas,3,21490,2025-12-21,1.3959981386691485e-4,0.15,fixed q=0.15,9.306654257794323e-4
261170,Riacho das Almas,3,21490,2025-12-21,1.3959981386691485e-4,0.2,fixed q=0.20,6.979990693345743e-4
261170,Riacho das Almas,3,21490,2025-12-21,1.3959981386691485e-4,0.25,fixed q=0.25,5.583992554676594e-4
261170,Riacho das Almas,3,21490,2025-12-21,1.3959981386691485e-4,0.3,fixed q=0.30,4.6533271288971617e-4
261180,Ribeirão,4,46877,2016-12-31,8.532969259978241e-5,0.007454145308640366,global-q 2.5%,0.011447280548834178
261180,Ribeirão,4,46877,2016-12-31,8.532969259978241e-5,0.009820323685458794,global-q median,0.008689091656533917
261180,Ribeirão,4,46877,2016-12-31,8.532969259978241e-5,0.01510174051658718,global-q 97.5%,0.005650321729873421
261180,Ribeirão,4,46877,2016-12-31,8.532969259978241e-5,0.05,fixed q=0.05,0.0017065938519956482
261180,Ribeirão,4,46877,2016-12-31,8.532969259978241e-5,0.1,fixed q=0.10,8.532969259978241e-4
261180,Ribeirão,4,46877,2016-12-31,8.532969259978241e-5,0.15,fixed q=0.15,0.00056886461733188275
261180,Ribeirão,4,46877,2016-12-31,8.532969259978241e-5,0.2,fixed q=0.20,4.2664846299891206e-4
261180,Ribeirão,4,46877,2016-12-31,8.532969259978241e-5,0.25,fixed q=0.25,3.4131877039912965e-4
261180,Ribeirão,4,46877,2016-12-31,8.532969259978241e-5,0.3,fixed q=0.30,2.844323086659414e-4
261180,Ribeirão,6,47209,2018-12-31,1.2709440996420173e-4,0.007454145308640366,global-q 2.5%,0.017050165337786218
261180,Ribeirão,6,47209,2018-12-31,1.2709440996420173e-4,0.009820323685458794,global-q median,0.012941977681692274
261180,Ribeirão,6,47209,2018-12-31,1.2709440996420173e-4,0.01510174051658718,global-q 97.5%,0.008415878277381739
261180,Ribeirão,6,47209,2018-12-31,1.2709440996420173e-4,0.05,fixed q=0.05,0.0025418881992840345
261180,Ribeirão,6,47209,2018-12-31,1.2709440996420173e-4,0.1,fixed q=0.10,0.0012709440996420173
261180,Ribeirão,6,47209,2018-12-31,1.2709440996420173e-4,0.15,fixed q=0.15,8.472960664280116e-4
261180,Ribeirão,6,47209,2018-12-31,1.2709440996420173e-4,0.2,fixed q=0.20,6.354720498210086e-4
261180,Ribeirão,6,47209,2018-12-31,1.2709440996420173e-4,0.25,fixed q=0.25,5.083776398568069e-4
261180,Ribeirão,6,47209,2018-12-31,1.2709440996420173e-4,0.3,fixed q=0.30,4.236480332140058e-4
261180,Ribeirão,17,33507,2022-12-31,5.073566717402334e-4,0.007454145308640366,global-q 2.5%,0.06806369486145354
261180,Ribeirão,17,33507,2022-12-31,5.073566717402334e-4,0.009820323685458794,global-q median,0.0516639459136657
261180,Ribeirão,17,33507,2022-12-31,5.073566717402334e-4,0.01510174051658718,global-q 97.5%,0.033595907119644386
261180,Ribeirão,17,33507,2022-12-31,5.073566717402334e-4,0.05,fixed q=0.05,0.010147133434804667
261180,Ribeirão,17,33507,2022-12-31,5.073566717402334e-4,0.1,fixed q=0.10,0.0050735667174023336
261180,Ribeirão,17,33507,2022-12-31,5.073566717402334e-4,0.15,fixed q=0.15,0.0033823778116015557
261180,Ribeirão,17,33507,2022-12-31,5.073566717402334e-4,0.2,fixed q=0.20,0.0025367833587011668
261180,Ribeirão,17,33507,2022-12-31,5.073566717402334e-4,0.25,fixed q=0.25,0.0020294266869609334
261180,Ribeirão,17,33507,2022-12-31,5.073566717402334e-4,0.3,fixed q=0.30,0.0016911889058007779
261180,Ribeirão,17,33843,2025-12-21,5.023195343202435e-4,0.007454145308640366,global-q 2.5%,0.06738794503214031
261180,Ribeirão,17,33843,2025-12-21,5.023195343202435e-4,0.009820323685458794,global-q median,0.05115101603667514
261180,Ribeirão,17,33843,2025-12-21,5.023195343202435e-4,0.01510174051658718,global-q 97.5%,0.03326236030664908
261180,Ribeirão,17,33843,2025-12-21,5.023195343202435e-4,0.05,fixed q=0.05,0.01004639068640487
261180,Ribeirão,17,33843,2025-12-21,5.023195343202435e-4,0.1,fixed q=0.10,0.005023195343202435
261180,Ribeirão,17,33843,2025-12-21,5.023195343202435e-4,0.15,fixed q=0.15,0.0033487968954682905
261180,Ribeirão,17,33843,2025-12-21,5.023195343202435e-4,0.2,fixed q=0.20,0.0025115976716012173
261180,Ribeirão,17,33843,2025-12-21,5.023195343202435e-4,0.25,fixed q=0.25,0.002009278137280974
261180,Ribeirão,17,33843,2025-12-21,5.023195343202435e-4,0.3,fixed q=0.30,0.0016743984477341452
261180,Ribeirão,17,47813,2021-12-31,3.5555183736640664e-4,0.007454145308640366,global-q 2.5%,0.04769853855066037
261180,Ribeirão,17,47813,2021-12-31,3.5555183736640664e-4,0.009820323685458794,global-q median,0.03620571467444412
261180,Ribeirão,17,47813,2021-12-31,3.5555183736640664e-4,0.01510174051658718,global-q 97.5%,0.02354376550013437
261180,Ribeirão,17,47813,2021-12-31,3.5555183736640664e-4,0.05,fixed q=0.05,0.007111036747328133
261180,Ribeirão,17,47813,2021-12-31,3.5555183736640664e-4,0.1,fixed q=0.10,0.0035555183736640664
261180,Ribeirão,17,47813,2021-12-31,3.5555183736640664e-4,0.15,fixed q=0.15,0.002370345582442711
261180,Ribeirão,17,47813,2021-12-31,3.5555183736640664e-4,0.2,fixed q=0.20,0.0017777591868320332
261180,Ribeirão,17,47813,2021-12-31,3.5555183736640664e-4,0.25,fixed q=0.25,0.0014222073494656266
261180,Ribeirão,17,47813,2021-12-31,3.5555183736640664e-4,0.3,fixed q=0.30,0.0011851727912213555
261190,Rio Formoso,2,23282,2016-12-31,8.590327291469805e-5,0.007454145308640366,global-q 2.5%,0.011524228380029632
261190,Rio Formoso,2,23282,2016-12-31,8.590327291469805e-5,0.009820323685458794,global-q median,0.008747499132019165
261190,Rio Formoso,2,23282,2016-12-31,8.590327291469805e-5,0.01510174051658718,global-q 97.5%,0.005688302803265964
261190,Rio Formoso,2,23282,2016-12-31,8.590327291469805e-5,0.05,fixed q=0.05,0.001718065458293961
261190,Rio Formoso,2,23282,2016-12-31,8.590327291469805e-5,0.1,fixed q=0.10,8.590327291469804e-4
261190,Rio Formoso,2,23282,2016-12-31,8.590327291469805e-5,0.15,fixed q=0.15,5.726884860979871e-4
261190,Rio Formoso,2,23282,2016-12-31,8.590327291469805e-5,0.2,fixed q=0.20,4.295163645734902e-4
261190,Rio Formoso,2,23282,2016-12-31,8.590327291469805e-5,0.25,fixed q=0.25,3.436130916587922e-4
261190,Rio Formoso,2,23282,2016-12-31,8.590327291469805e-5,0.3,fixed q=0.30,2.8634424304899354e-4
261190,Rio Formoso,4,23440,2018-12-31,1.7064846416382253e-4,0.007454145308640366,global-q 2.5%,0.022893096002034975
261190,Rio Formoso,4,23440,2018-12-31,1.7064846416382253e-4,0.009820323685458794,global-q median,0.01737707122795821
261190,Rio Formoso,4,23440,2018-12-31,1.7064846416382253e-4,0.01510174051658718,global-q 97.5%,0.011299920295702917
261190,Rio Formoso,4,23440,2018-12-31,1.7064846416382253e-4,0.05,fixed q=0.05,0.0034129692832764505
261190,Rio Formoso,4,23440,2018-12-31,1.7064846416382253e-4,0.1,fixed q=0.10,0.0017064846416382253
261190,Rio Formoso,4,23440,2018-12-31,1.7064846416382253e-4,0.15,fixed q=0.15,0.001137656427758817
261190,Rio Formoso,4,23440,2018-12-31,1.7064846416382253e-4,0.2,fixed q=0.20,8.532423208191126e-4
261190,Rio Formoso,4,23440,2018-12-31,1.7064846416382253e-4,0.25,fixed q=0.25,6.825938566552901e-4
261190,Rio Formoso,4,23440,2018-12-31,1.7064846416382253e-4,0.3,fixed q=0.30,5.688282138794085e-4
261190,Rio Formoso,51,23719,2021-12-31,0.002150174965217758,0.007454145308640366,global-q 2.5%,0.28845358873342775
261190,Rio Formoso,51,23719,2021-12-31,0.002150174965217758,0.009820323685458794,global-q median,0.21895153704572665
261190,Rio Formoso,51,23719,2021-12-31,0.002150174965217758,0.01510174051658718,global-q 97.5%,0.14237928157063004
261190,Rio Formoso,51,23719,2021-12-31,0.002150174965217758,0.05,fixed q=0.05,0.04300349930435516
261190,Rio Formoso,51,23719,2021-12-31,0.002150174965217758,0.1,fixed q=0.10,0.02150174965217758
261190,Rio Formoso,51,23719,2021-12-31,0.002150174965217758,0.15,fixed q=0.15,0.014334499768118387
261190,Rio Formoso,51,23719,2021-12-31,0.002150174965217758,0.2,fixed q=0.20,0.01075087482608879
261190,Rio Formoso,51,23719,2021-12-31,0.002150174965217758,0.25,fixed q=0.25,0.008600699860871032
261190,Rio Formoso,51,23719,2021-12-31,0.002150174965217758,0.3,fixed q=0.30,0.007167249884059194
261190,Rio Formoso,58,20009,2022-12-31,0.0028986955869858564,0.007454145308640366,global-q 2.5%,0.38887028183175804
261190,Rio Formoso,58,20009,2022-12-31,0.0028986955869858564,0.009820323685458794,global-q median,0.2951731205436771
261190,Rio Formoso,58,20009,2022-12-31,0.0028986955869858564,0.01510174051658718,global-q 97.5%,0.1919444704934533
261190,Rio Formoso,58,20009,2022-12-31,0.0028986955869858564,0.05,fixed q=0.05,0.057973911739717124
261190,Rio Formoso,58,20009,2022-12-31,0.0028986955869858564,0.1,fixed q=0.10,0.028986955869858562
261190,Rio Formoso,58,20009,2022-12-31,0.0028986955869858564,0.15,fixed q=0.15,0.019324637246572376
261190,Rio Formoso,58,20009,2022-12-31,0.0028986955869858564,0.2,fixed q=0.20,0.014493477934929281
261190,Rio Formoso,58,20009,2022-12-31,0.0028986955869858564,0.25,fixed q=0.25,0.011594782347943425
261190,Rio Formoso,58,20009,2022-12-31,0.0028986955869858564,0.3,fixed q=0.30,0.009662318623286188
261190,Rio Formoso,167,20388,2025-12-21,0.00819109279968609,0.007454145308640366,global-q 2.5%,1.0988641166132758
261190,Rio Formoso,167,20388,2025-12-21,0.00819109279968609,0.009820323685458794,global-q median,0.8340960096676703
261190,Rio Formoso,167,20388,2025-12-21,0.00819109279968609,0.01510174051658718,global-q 97.5%,0.5423939572189911
261190,Rio Formoso,167,20388,2025-12-21,0.00819109279968609,0.05,fixed q=0.05,0.1638218559937218
261190,Rio Formoso,167,20388,2025-12-21,0.00819109279968609,0.1,fixed q=0.10,0.0819109279968609
261190,Rio Formoso,167,20388,2025-12-21,0.00819109279968609,0.15,fixed q=0.15,0.0546072853312406
261190,Rio Formoso,167,20388,2025-12-21,0.00819109279968609,0.2,fixed q=0.20,0.04095546399843045
261190,Rio Formoso,167,20388,2025-12-21,0.00819109279968609,0.25,fixed q=0.25,0.03276437119874436
261190,Rio Formoso,167,20388,2025-12-21,0.00819109279968609,0.3,fixed q=0.30,0.0273036426656203
261200,Sairé,0,9600,2021-12-31,0,0.007454145308640366,global-q 2.5%,0
261200,Sairé,0,9600,2021-12-31,0,0.009820323685458794,global-q median,0
261200,Sairé,0,9600,2021-12-31,0,0.01510174051658718,global-q 97.5%,0
261200,Sairé,0,9600,2021-12-31,0,0.05,fixed q=0.05,0
261200,Sairé,0,9600,2021-12-31,0,0.1,fixed q=0.10,0
261200,Sairé,0,9600,2021-12-31,0,0.15,fixed q=0.15,0
261200,Sairé,0,9600,2021-12-31,0,0.2,fixed q=0.20,0
261200,Sairé,0,9600,2021-12-31,0,0.25,fixed q=0.25,0
261200,Sairé,0,9600,2021-12-31,0,0.3,fixed q=0.30,0
261200,Sairé,0,10103,2018-12-31,0,0.007454145308640366,global-q 2.5%,0
261200,Sairé,0,10103,2018-12-31,0,0.009820323685458794,global-q median,0
261200,Sairé,0,10103,2018-12-31,0,0.01510174051658718,global-q 97.5%,0
261200,Sairé,0,10103,2018-12-31,0,0.05,fixed q=0.05,0
261200,Sairé,0,10103,2018-12-31,0,0.1,fixed q=0.10,0
261200,Sairé,0,10103,2018-12-31,0,0.15,fixed q=0.15,0
261200,Sairé,0,10103,2018-12-31,0,0.2,fixed q=0.20,0
261200,Sairé,0,10103,2018-12-31,0,0.25,fixed q=0.25,0
261200,Sairé,0,10103,2018-12-31,0,0.3,fixed q=0.30,0
261200,Sairé,0,10247,2016-12-31,0,0.007454145308640366,global-q 2.5%,0
261200,Sairé,0,10247,2016-12-31,0,0.009820323685458794,global-q median,0
261200,Sairé,0,10247,2016-12-31,0,0.01510174051658718,global-q 97.5%,0
261200,Sairé,0,10247,2016-12-31,0,0.05,fixed q=0.05,0
261200,Sairé,0,10247,2016-12-31,0,0.1,fixed q=0.10,0
261200,Sairé,0,10247,2016-12-31,0,0.15,fixed q=0.15,0
261200,Sairé,0,10247,2016-12-31,0,0.2,fixed q=0.20,0
261200,Sairé,0,10247,2016-12-31,0,0.25,fixed q=0.25,0
261200,Sairé,0,10247,2016-12-31,0,0.3,fixed q=0.30,0
261200,Sairé,1,10887,2022-12-31,9.18526683200147e-5,0.007454145308640366,global-q 2.5%,0.012322360849813994
261200,Sairé,1,10887,2022-12-31,9.18526683200147e-5,0.009820323685458794,global-q median,0.009353323908867006
261200,Sairé,1,10887,2022-12-31,9.18526683200147e-5,0.01510174051658718,global-q 97.5%,0.006082257089447882
261200,Sairé,1,10887,2022-12-31,9.18526683200147e-5,0.05,fixed q=0.05,0.001837053366400294
261200,Sairé,1,10887,2022-12-31,9.18526683200147e-5,0.1,fixed q=0.10,9.18526683200147e-4
261200,Sairé,1,10887,2022-12-31,9.18526683200147e-5,0.15,fixed q=0.15,6.123511221334313e-4
261200,Sairé,1,10887,2022-12-31,9.18526683200147e-5,0.2,fixed q=0.20,4.592633416000735e-4
261200,Sairé,1,10887,2022-12-31,9.18526683200147e-5,0.25,fixed q=0.25,3.674106732800588e-4
261200,Sairé,1,10887,2022-12-31,9.18526683200147e-5,0.3,fixed q=0.30,3.0617556106671566e-4
261200,Sairé,1,11213,2025-12-21,8.918219923303308e-5,0.007454145308640366,global-q 2.5%,0.011964107961466595
261200,Sairé,1,11213,2025-12-21,8.918219923303308e-5,0.009820323685458794,global-q median,0.009081391010062882
261200,Sairé,1,11213,2025-12-21,8.918219923303308e-5,0.01510174051658718,global-q 97.5%,0.005905425214734601
261200,Sairé,1,11213,2025-12-21,8.918219923303308e-5,0.05,fixed q=0.05,0.0017836439846606615
261200,Sairé,1,11213,2025-12-21,8.918219923303308e-5,0.1,fixed q=0.10,8.918219923303308e-4
261200,Sairé,1,11213,2025-12-21,8.918219923303308e-5,0.15,fixed q=0.15,5.945479948868872e-4
261200,Sairé,1,11213,2025-12-21,8.918219923303308e-5,0.2,fixed q=0.20,4.459109961651654e-4
261200,Sairé,1,11213,2025-12-21,8.918219923303308e-5,0.25,fixed q=0.25,3.567287969321323e-4
261200,Sairé,1,11213,2025-12-21,8.918219923303308e-5,0.3,fixed q=0.30,2.972739974434436e-4
261210,Salgadinho,0,10588,2016-12-31,0,0.007454145308640366,global-q 2.5%,0
261210,Salgadinho,0,10588,2016-12-31,0,0.009820323685458794,global-q median,0
261210,Salgadinho,0,10588,2016-12-31,0,0.01510174051658718,global-q 97.5%,0
261210,Salgadinho,0,10588,2016-12-31,0,0.05,fixed q=0.05,0
261210,Salgadinho,0,10588,2016-12-31,0,0.1,fixed q=0.10,0
261210,Salgadinho,0,10588,2016-12-31,0,0.15,fixed q=0.15,0
261210,Salgadinho,0,10588,2016-12-31,0,0.2,fixed q=0.20,0
261210,Salgadinho,0,10588,2016-12-31,0,0.25,fixed q=0.25,0
261210,Salgadinho,0,10588,2016-12-31,0,0.3,fixed q=0.30,0
261210,Salgadinho,0,10768,2018-12-31,0,0.007454145308640366,global-q 2.5%,0
261210,Salgadinho,0,10768,2018-12-31,0,0.009820323685458794,global-q median,0
261210,Salgadinho,0,10768,2018-12-31,0,0.01510174051658718,global-q 97.5%,0
261210,Salgadinho,0,10768,2018-12-31,0,0.05,fixed q=0.05,0
261210,Salgadinho,0,10768,2018-12-31,0,0.1,fixed q=0.10,0
261210,Salgadinho,0,10768,2018-12-31,0,0.15,fixed q=0.15,0
261210,Salgadinho,0,10768,2018-12-31,0,0.2,fixed q=0.20,0
261210,Salgadinho,0,10768,2018-12-31,0,0.25,fixed q=0.25,0
261210,Salgadinho,0,10768,2018-12-31,0,0.3,fixed q=0.30,0
261210,Salgadinho,5,5478,2025-12-21,9.127418765972983e-4,0.007454145308640366,global-q 2.5%,0.12244755619927433
261210,Salgadinho,5,5478,2025-12-21,9.127418765972983e-4,0.009820323685458794,global-q median,0.09294417432989695
261210,Salgadinho,5,5478,2025-12-21,9.127418765972983e-4,0.01510174051658718,global-q 97.5%,0.0604395152727447
261210,Salgadinho,5,5478,2025-12-21,9.127418765972983e-4,0.05,fixed q=0.05,0.018254837531945966
261210,Salgadinho,5,5478,2025-12-21,9.127418765972983e-4,0.1,fixed q=0.10,0.009127418765972983
261210,Salgadinho,5,5478,2025-12-21,9.127418765972983e-4,0.15,fixed q=0.15,0.006084945843981989
261210,Salgadinho,5,5478,2025-12-21,9.127418765972983e-4,0.2,fixed q=0.20,0.0045637093829864915
261210,Salgadinho,5,5478,2025-12-21,9.127418765972983e-4,0.25,fixed q=0.25,0.0036509675063891934
261210,Salgadinho,5,5478,2025-12-21,9.127418765972983e-4,0.3,fixed q=0.30,0.0030424729219909945
261210,Salgadinho,5,5727,2022-12-31,8.730574471800245e-4,0.007454145308640366,global-q 2.5%,0.11712374940800152
261210,Salgadinho,5,5727,2022-12-31,8.730574471800245e-4,0.009820323685458794,global-q median,0.08890312327207535
261210,Salgadinho,5,5727,2022-12-31,8.730574471800245e-4,0.01510174051658718,global-q 97.5%,0.05781171026088623
261210,Salgadinho,5,5727,2022-12-31,8.730574471800245e-4,0.05,fixed q=0.05,0.01746114894360049
261210,Salgadinho,5,5727,2022-12-31,8.730574471800245e-4,0.1,fixed q=0.10,0.008730574471800244
261210,Salgadinho,5,5727,2022-12-31,8.730574471800245e-4,0.15,fixed q=0.15,0.0058203829812001635
261210,Salgadinho,5,5727,2022-12-31,8.730574471800245e-4,0.2,fixed q=0.20,0.004365287235900122
261210,Salgadinho,5,5727,2022-12-31,8.730574471800245e-4,0.25,fixed q=0.25,0.003492229788720098
261210,Salgadinho,5,5727,2022-12-31,8.730574471800245e-4,0.3,fixed q=0.30,0.0029101914906000817
261210,Salgadinho,5,11214,2021-12-31,4.4587123238808634e-4,0.007454145308640366,global-q 2.5%,0.05981520535577178
261210,Salgadinho,5,11214,2021-12-31,4.4587123238808634e-4,0.009820323685458794,global-q median,0.04540290591931296
261210,Salgadinho,5,11214,2021-12-31,4.4587123238808634e-4,0.01510174051658718,global-q 97.5%,0.029524493014454742
261210,Salgadinho,5,11214,2021-12-31,4.4587123238808634e-4,0.05,fixed q=0.05,0.008917424647761726
261210,Salgadinho,5,11214,2021-12-31,4.4587123238808634e-4,0.1,fixed q=0.10,0.004458712323880863
261210,Salgadinho,5,11214,2021-12-31,4.4587123238808634e-4,0.15,fixed q=0.15,0.0029724748825872426
261210,Salgadinho,5,11214,2021-12-31,4.4587123238808634e-4,0.2,fixed q=0.20,0.0022293561619404316
261210,Salgadinho,5,11214,2021-12-31,4.4587123238808634e-4,0.25,fixed q=0.25,0.0017834849295523454
261210,Salgadinho,5,11214,2021-12-31,4.4587123238808634e-4,0.3,fixed q=0.30,0.0014862374412936213
261220,Salgueiro,2,60117,2016-12-31,3.3268459836651863e-5,0.007454145308640366,global-q 2.5%,0.004463081742998651
261220,Salgueiro,2,60117,2016-12-31,3.3268459836651863e-5,0.009820323685458794,global-q median,0.0033877152018841625
261220,Salgueiro,2,60117,2016-12-31,3.3268459836651863e-5,0.01510174051658718,global-q 97.5%,0.002202955334857664
261220,Salgueiro,2,60117,2016-12-31,3.3268459836651863e-5,0.05,fixed q=0.05,6.653691967330373e-4
261220,Salgueiro,2,60117,2016-12-31,3.3268459836651863e-5,0.1,fixed q=0.10,3.3268459836651863e-4
261220,Salgueiro,2,60117,2016-12-31,3.3268459836651863e-5,0.15,fixed q=0.15,2.2178973224434577e-4
261220,Salgueiro,2,60117,2016-12-31,3.3268459836651863e-5,0.2,fixed q=0.20,1.6634229918325932e-4
261220,Salgueiro,2,60117,2016-12-31,3.3268459836651863e-5,0.25,fixed q=0.25,1.3307383934660745e-4
261220,Salgueiro,2,60117,2016-12-31,3.3268459836651863e-5,0.3,fixed q=0.30,1.1089486612217288e-4
261220,Salgueiro,24,60604,2018-12-31,3.960134644577916e-4,0.007454145308640366,global-q 2.5%,0.05312660916319383
261220,Salgueiro,24,60604,2018-12-31,3.960134644577916e-4,0.009820323685458794,global-q median,0.040325907489605343
261220,Salgueiro,24,60604,2018-12-31,3.960134644577916e-4,0.01510174051658718,global-q 97.5%,0.026223034624573597
261220,Salgueiro,24,60604,2018-12-31,3.960134644577916e-4,0.05,fixed q=0.05,0.007920269289155832
261220,Salgueiro,24,60604,2018-12-31,3.960134644577916e-4,0.1,fixed q=0.10,0.003960134644577916
261220,Salgueiro,24,60604,2018-12-31,3.960134644577916e-4,0.15,fixed q=0.15,0.002640089763051944
261220,Salgueiro,24,60604,2018-12-31,3.960134644577916e-4,0.2,fixed q=0.20,0.001980067322288958
261220,Salgueiro,24,60604,2018-12-31,3.960134644577916e-4,0.25,fixed q=0.25,0.0015840538578311663
261220,Salgueiro,24,60604,2018-12-31,3.960134644577916e-4,0.3,fixed q=0.30,0.001320044881525972
261220,Salgueiro,29,61561,2021-12-31,4.710774678773899e-4,0.007454145308640366,global-q 2.5%,0.06319671114156403
261220,Salgueiro,29,61561,2021-12-31,4.710774678773899e-4,0.009820323685458794,global-q median,0.04796964773930277
261220,Salgueiro,29,61561,2021-12-31,4.710774678773899e-4,0.01510174051658718,global-q 97.5%,0.031193587743080096
261220,Salgueiro,29,61561,2021-12-31,4.710774678773899e-4,0.05,fixed q=0.05,0.009421549357547798
261220,Salgueiro,29,61561,2021-12-31,4.710774678773899e-4,0.1,fixed q=0.10,0.004710774678773899
261220,Salgueiro,29,61561,2021-12-31,4.710774678773899e-4,0.15,fixed q=0.15,0.003140516452515933
261220,Salgueiro,29,61561,2021-12-31,4.710774678773899e-4,0.2,fixed q=0.20,0.0023553873393869496
261220,Salgueiro,29,61561,2021-12-31,4.710774678773899e-4,0.25,fixed q=0.25,0.0018843098715095596
261220,Salgueiro,29,61561,2021-12-31,4.710774678773899e-4,0.3,fixed q=0.30,0.0015702582262579665
261220,Salgueiro,2772,62372,2022-12-31,0.044443019303533636,0.007454145308640366,global-q 2.5%,5.962188482161482
261220,Salgueiro,2772,62372,2022-12-31,0.044443019303533636,0.009820323685458794,global-q median,4.52561654045493
261220,Salgueiro,2772,62372,2022-12-31,0.044443019303533636,0.01510174051658718,global-q 97.5%,2.942907094365653
261220,Salgueiro,2772,62372,2022-12-31,0.044443019303533636,0.05,fixed q=0.05,0.8888603860706726
261220,Salgueiro,2772,62372,2022-12-31,0.044443019303533636,0.1,fixed q=0.10,0.4444301930353363
261220,Salgueiro,2772,62372,2022-12-31,0.044443019303533636,0.15,fixed q=0.15,0.2962867953568909
261220,Salgueiro,2772,62372,2022-12-31,0.044443019303533636,0.2,fixed q=0.20,0.22221509651766816
261220,Salgueiro,2772,62372,2022-12-31,0.044443019303533636,0.25,fixed q=0.25,0.17777207721413454
261220,Salgueiro,2772,62372,2022-12-31,0.044443019303533636,0.3,fixed q=0.30,0.14814339767844545
261220,Salgueiro,2799,65946,2025-12-21,0.04244381766900191,0.007454145308640366,global-q 2.5%,5.693988500573468
261220,Salgueiro,2799,65946,2025-12-21,0.04244381766900191,0.009820323685458794,global-q median,4.322038562929404
261220,Salgueiro,2799,65946,2025-12-21,0.04244381766900191,0.01510174051658718,global-q 97.5%,2.810524894291703
261220,Salgueiro,2799,65946,2025-12-21,0.04244381766900191,0.05,fixed q=0.05,0.8488763533800382
261220,Salgueiro,2799,65946,2025-12-21,0.04244381766900191,0.1,fixed q=0.10,0.4244381766900191
261220,Salgueiro,2799,65946,2025-12-21,0.04244381766900191,0.15,fixed q=0.15,0.28295878446001277
261220,Salgueiro,2799,65946,2025-12-21,0.04244381766900191,0.2,fixed q=0.20,0.21221908834500955
261220,Salgueiro,2799,65946,2025-12-21,0.04244381766900191,0.25,fixed q=0.25,0.16977527067600764
261220,Salgueiro,2799,65946,2025-12-21,0.04244381766900191,0.3,fixed q=0.30,0.14147939223000638
261230,Saloá,1,13836,2022-12-31,7.227522405319457e-5,0.007454145308640366,global-q 2.5%,0.009695977346915652
261230,Saloá,1,13836,2022-12-31,7.227522405319457e-5,0.009820323685458794,global-q median,0.007359759858039543
261230,Saloá,1,13836,2022-12-31,7.227522405319457e-5,0.01510174051658718,global-q 97.5%,0.0047858870289692905
261230,Saloá,1,13836,2022-12-31,7.227522405319457e-5,0.05,fixed q=0.05,0.0014455044810638914
261230,Saloá,1,13836,2022-12-31,7.227522405319457e-5,0.1,fixed q=0.10,7.227522405319457e-4
261230,Saloá,1,13836,2022-12-31,7.227522405319457e-5,0.15,fixed q=0.15,4.8183482702129714e-4
261230,Saloá,1,13836,2022-12-31,7.227522405319457e-5,0.2,fixed q=0.20,3.6137612026597286e-4
261230,Saloá,1,13836,2022-12-31,7.227522405319457e-5,0.25,fixed q=0.25,2.891008962127783e-4
261230,Saloá,1,13836,2022-12-31,7.227522405319457e-5,0.3,fixed q=0.30,2.4091741351064857e-4
261230,Saloá,1,14125,2025-12-21,7.079646017699115e-5,0.007454145308640366,global-q 2.5%,0.00949759593429557
261230,Saloá,1,14125,2025-12-21,7.079646017699115e-5,0.009820323685458794,global-q median,0.007209177868731688
261230,Saloá,1,14125,2025-12-21,7.079646017699115e-5,0.01510174051658718,global-q 97.5%,0.004687966933296927
261230,Saloá,1,14125,2025-12-21,7.079646017699115e-5,0.05,fixed q=0.05,0.0014159292035398228
261230,Saloá,1,14125,2025-12-21,7.079646017699115e-5,0.1,fixed q=0.10,7.079646017699114e-4
261230,Saloá,1,14125,2025-12-21,7.079646017699115e-5,0.15,fixed q=0.15,4.7197640117994103e-4
261230,Saloá,1,14125,2025-12-21,7.079646017699115e-5,0.2,fixed q=0.20,3.539823008849557e-4
261230,Saloá,1,14125,2025-12-21,7.079646017699115e-5,0.25,fixed q=0.25,2.831858407079646e-4
261230,Saloá,1,14125,2025-12-21,7.079646017699115e-5,0.3,fixed q=0.30,2.3598820058997051e-4
261230,Saloá,1,15761,2016-12-31,6.344775077723494e-5,0.007454145308640366,global-q 2.5%,0.008511740534986672
261230,Saloá,1,15761,2016-12-31,6.344775077723494e-5,0.009820323685458794,global-q median,0.0064608614552271485
261230,Saloá,1,15761,2016-12-31,6.344775077723494e-5,0.01510174051658718,global-q 97.5%,0.004201353526604853
261230,Saloá,1,15761,2016-12-31,6.344775077723494e-5,0.05,fixed q=0.05,0.0012689550155446988
261230,Saloá,1,15761,2016-12-31,6.344775077723494e-5,0.1,fixed q=0.10,6.344775077723494e-4
261230,Saloá,1,15761,2016-12-31,6.344775077723494e-5,0.15,fixed q=0.15,4.229850051815663e-4
261230,Saloá,1,15761,2016-12-31,6.344775077723494e-5,0.2,fixed q=0.20,3.172387538861747e-4
261230,Saloá,1,15761,2016-12-31,6.344775077723494e-5,0.25,fixed q=0.25,0.00025379100310893977
261230,Saloá,1,15761,2016-12-31,6.344775077723494e-5,0.3,fixed q=0.30,2.1149250259078315e-4
261230,Saloá,1,15823,2018-12-31,6.319914049168932e-5,0.007454145308640366,global-q 2.5%,0.008478388584460908
261230,Saloá,1,15823,2018-12-31,6.319914049168932e-5,0.009820323685458794,global-q median,0.006435545559997162
261230,Saloá,1,15823,2018-12-31,6.319914049168932e-5,0.01510174051658718,global-q 97.5%,0.004184891166834298
261230,Saloá,1,15823,2018-12-31,6.319914049168932e-5,0.05,fixed q=0.05,0.0012639828098337863
261230,Saloá,1,15823,2018-12-31,6.319914049168932e-5,0.1,fixed q=0.10,6.319914049168931e-4
261230,Saloá,1,15823,2018-12-31,6.319914049168932e-5,0.15,fixed q=0.15,4.213276032779288e-4
261230,Saloá,1,15823,2018-12-31,6.319914049168932e-5,0.2,fixed q=0.20,3.1599570245844657e-4
261230,Saloá,1,15823,2018-12-31,6.319914049168932e-5,0.25,fixed q=0.25,2.5279656196675726e-4
261230,Saloá,1,15823,2018-12-31,6.319914049168932e-5,0.3,fixed q=0.30,2.106638016389644e-4
261230,Saloá,1,15880,2021-12-31,6.297229219143577e-5,0.007454145308640366,global-q 2.5%,0.008447956081355476
261230,Saloá,1,15880,2021-12-31,6.297229219143577e-5,0.009820323685458794,global-q median,0.006412445679838482
261230,Saloá,1,15880,2021-12-31,6.297229219143577e-5,0.01510174051658718,global-q 97.5%,0.004169869832041505
261230,Saloá,1,15880,2021-12-31,6.297229219143577e-5,0.05,fixed q=0.05,0.0012594458438287153
261230,Saloá,1,15880,2021-12-31,6.297229219143577e-5,0.1,fixed q=0.10,6.297229219143577e-4
261230,Saloá,1,15880,2021-12-31,6.297229219143577e-5,0.15,fixed q=0.15,4.1981528127623844e-4
261230,Saloá,1,15880,2021-12-31,6.297229219143577e-5,0.2,fixed q=0.20,3.1486146095717883e-4
261230,Saloá,1,15880,2021-12-31,6.297229219143577e-5,0.25,fixed q=0.25,2.5188916876574307e-4
261230,Saloá,1,15880,2021-12-31,6.297229219143577e-5,0.3,fixed q=0.30,2.0990764063811922e-4
261240,Sanharó,15,25521,2016-12-31,5.877512636652169e-4,0.007454145308640366,global-q 2.5%,0.07884891417181436
261240,Sanharó,15,25521,2016-12-31,5.877512636652169e-4,0.009820323685458794,global-q median,0.059850498057972906
261240,Sanharó,15,25521,2016-12-31,5.877512636652169e-4,0.01510174051658718,global-q 97.5%,0.03891943865805754
261240,Sanharó,15,25521,2016-12-31,5.877512636652169e-4,0.05,fixed q=0.05,0.011755025273304338
261240,Sanharó,15,25521,2016-12-31,5.877512636652169e-4,0.1,fixed q=0.10,0.005877512636652169
261240,Sanharó,15,25521,2016-12-31,5.877512636652169e-4,0.15,fixed q=0.15,0.003918341757768113
261240,Sanharó,15,25521,2016-12-31,5.877512636652169e-4,0.2,fixed q=0.20,0.0029387563183260845
261240,Sanharó,15,25521,2016-12-31,5.877512636652169e-4,0.25,fixed q=0.25,0.0023510050546608676
261240,Sanharó,15,25521,2016-12-31,5.877512636652169e-4,0.3,fixed q=0.30,0.0019591708788840563
261240,Sanharó,15,26026,2018-12-31,5.763467301928841e-4,0.007454145308640366,global-q 2.5%,0.07731895560512081
261240,Sanharó,15,26026,2018-12-31,5.763467301928841e-4,0.009820323685458794,global-q median,0.05868917854981659
261240,Sanharó,15,26026,2018-12-31,5.763467301928841e-4,0.01510174051658718,global-q 97.5%,0.0381642585872699
261240,Sanharó,15,26026,2018-12-31,5.763467301928841e-4,0.05,fixed q=0.05,0.01152693460385768
261240,Sanharó,15,26026,2018-12-31,5.763467301928841e-4,0.1,fixed q=0.10,0.00576346730192884
261240,Sanharó,15,26026,2018-12-31,5.763467301928841e-4,0.15,fixed q=0.15,0.003842311534619227
261240,Sanharó,15,26026,2018-12-31,5.763467301928841e-4,0.2,fixed q=0.20,0.00288173365096442
261240,Sanharó,15,26026,2018-12-31,5.763467301928841e-4,0.25,fixed q=0.25,0.0023053869207715363
261240,Sanharó,15,26026,2018-12-31,5.763467301928841e-4,0.3,fixed q=0.30,0.0019211557673096135
261240,Sanharó,17,27308,2021-12-31,6.225281968653874e-4,0.007454145308640366,global-q 2.5%,0.08351436296040442
261240,Sanharó,17,27308,2021-12-31,6.225281968653874e-4,0.009820323685458794,global-q median,0.06339182055548545
261240,Sanharó,17,27308,2021-12-31,6.225281968653874e-4,0.01510174051658718,global-q 97.5%,0.041222281377542275
261240,Sanharó,17,27308,2021-12-31,6.225281968653874e-4,0.05,fixed q=0.05,0.012450563937307747
261240,Sanharó,17,27308,2021-12-31,6.225281968653874e-4,0.1,fixed q=0.10,0.006225281968653873
261240,Sanharó,17,27308,2021-12-31,6.225281968653874e-4,0.15,fixed q=0.15,0.0041501879791025825
261240,Sanharó,17,27308,2021-12-31,6.225281968653874e-4,0.2,fixed q=0.20,0.0031126409843269367
261240,Sanharó,17,27308,2021-12-31,6.225281968653874e-4,0.25,fixed q=0.25,0.0024901127874615496
261240,Sanharó,17,27308,2021-12-31,6.225281968653874e-4,0.3,fixed q=0.30,0.0020750939895512912
261240,Sanharó,21,18624,2022-12-31,0.0011275773195876288,0.007454145308640366,global-q 2.5%,0.15126849194643596
261240,Sanharó,21,18624,2022-12-31,0.0011275773195876288,0.009820323685458794,global-q median,0.1148207895893759
261240,Sanharó,21,18624,2022-12-31,0.0011275773195876288,0.01510174051658718,global-q 97.5%,0.07466538829409369
261240,Sanharó,21,18624,2022-12-31,0.0011275773195876288,0.05,fixed q=0.05,0.022551546391752574
261240,Sanharó,21,18624,2022-12-31,0.0011275773195876288,0.1,fixed q=0.10,0.011275773195876287
261240,Sanharó,21,18624,2022-12-31,0.0011275773195876288,0.15,fixed q=0.15,0.007517182130584192
261240,Sanharó,21,18624,2022-12-31,0.0011275773195876288,0.2,fixed q=0.20,0.005637886597938143
261240,Sanharó,21,18624,2022-12-31,0.0011275773195876288,0.25,fixed q=0.25,0.004510309278350515
261240,Sanharó,21,18624,2022-12-31,0.0011275773195876288,0.3,fixed q=0.30,0.003758591065292096
261240,Sanharó,23,18812,2025-12-21,0.0012226238571124814,0.007454145308640366,global-q 2.5%,0.16401932166459035
261240,Sanharó,23,18812,2025-12-21,0.0012226238571124814,0.009820323685458794,global-q median,0.12449934404126128
261240,Sanharó,23,18812,2025-12-21,0.0012226238571124814,0.01510174051658718,global-q 97.5%,0.08095913552279604
261240,Sanharó,23,18812,2025-12-21,0.0012226238571124814,0.05,fixed q=0.05,0.024452477142249626
261240,Sanharó,23,18812,2025-12-21,0.0012226238571124814,0.1,fixed q=0.10,0.012226238571124813
261240,Sanharó,23,18812,2025-12-21,0.0012226238571124814,0.15,fixed q=0.15,0.00815082571408321
261240,Sanharó,23,18812,2025-12-21,0.0012226238571124814,0.2,fixed q=0.20,0.006113119285562406
261240,Sanharó,23,18812,2025-12-21,0.0012226238571124814,0.25,fixed q=0.25,0.004890495428449926
261240,Sanharó,23,18812,2025-12-21,0.0012226238571124814,0.3,fixed q=0.30,0.004075412857041605
261245,Santa Cruz,5,15032,2016-12-31,3.3262373602980307e-4,0.007454145308640366,global-q 2.5%,0.04462265253190691
261245,Santa Cruz,5,15032,2016-12-31,3.3262373602980307e-4,0.009820323685458794,global-q median,0.03387095442916282
261245,Santa Cruz,5,15032,2016-12-31,3.3262373602980307e-4,0.01510174051658718,global-q 97.5%,0.02202552319479081
261245,Santa Cruz,5,15032,2016-12-31,3.3262373602980307e-4,0.05,fixed q=0.05,0.006652474720596061
261245,Santa Cruz,5,15032,2016-12-31,3.3262373602980307e-4,0.1,fixed q=0.10,0.0033262373602980307
261245,Santa Cruz,5,15032,2016-12-31,3.3262373602980307e-4,0.15,fixed q=0.15,0.0022174915735320207
261245,Santa Cruz,5,15032,2016-12-31,3.3262373602980307e-4,0.2,fixed q=0.20,0.0016631186801490153
261245,Santa Cruz,5,15032,2016-12-31,3.3262373602980307e-4,0.25,fixed q=0.25,0.0013304949441192123
261245,Santa Cruz,5,15032,2016-12-31,3.3262373602980307e-4,0.3,fixed q=0.30,0.0011087457867660104
261245,Santa Cruz,5,15236,2018-12-31,3.281701233919664e-4,0.007454145308640366,global-q 2.5%,0.044025184619298025
261245,Santa Cruz,5,15236,2018-12-31,3.281701233919664e-4,0.009820323685458794,global-q median,0.0334174446691504
261245,Santa Cruz,5,15236,2018-12-31,3.281701233919664e-4,0.01510174051658718,global-q 97.5%,0.02173061595327484
261245,Santa Cruz,5,15236,2018-12-31,3.281701233919664e-4,0.05,fixed q=0.05,0.0065634024678393275
261245,Santa Cruz,5,15236,2018-12-31,3.281701233919664e-4,0.1,fixed q=0.10,0.0032817012339196637
261245,Santa Cruz,5,15236,2018-12-31,3.281701233919664e-4,0.15,fixed q=0.15,0.0021878008226131093
261245,Santa Cruz,5,15236,2018-12-31,3.281701233919664e-4,0.2,fixed q=0.20,0.0016408506169598319
261245,Santa Cruz,5,15236,2018-12-31,3.281701233919664e-4,0.25,fixed q=0.25,0.0013126804935678655
261245,Santa Cruz,5,15236,2018-12-31,3.281701233919664e-4,0.3,fixed q=0.30,0.0010939004113065547
261245,Santa Cruz,6,15713,2021-12-31,3.818494240437854e-4,0.007454145308640366,global-q 2.5%,0.05122645296452299
261245,Santa Cruz,6,15713,2021-12-31,3.818494240437854e-4,0.009820323685458794,global-q median,0.03888358839018714
261245,Santa Cruz,6,15713,2021-12-31,3.818494240437854e-4,0.01510174051658718,global-q 97.5%,0.025285126811997363
261245,Santa Cruz,6,15713,2021-12-31,3.818494240437854e-4,0.05,fixed q=0.05,0.007636988480875708
261245,Santa Cruz,6,15713,2021-12-31,3.818494240437854e-4,0.1,fixed q=0.10,0.003818494240437854
261245,Santa Cruz,6,15713,2021-12-31,3.818494240437854e-4,0.15,fixed q=0.15,0.0025456628269585695
261245,Santa Cruz,6,15713,2021-12-31,3.818494240437854e-4,0.2,fixed q=0.20,0.001909247120218927
261245,Santa Cruz,6,15713,2021-12-31,3.818494240437854e-4,0.25,fixed q=0.25,0.0015273976961751416
261245,Santa Cruz,6,15713,2021-12-31,3.818494240437854e-4,0.3,fixed q=0.30,0.0012728314134792848
261245,Santa Cruz,78,13841,2022-12-31,0.005635430965970667,0.007454145308640366,global-q 2.5%,0.7560130280044899
261245,Santa Cruz,78,13841,2022-12-31,0.005635430965970667,0.009820323685458794,global-q median,0.5738538918340537
261245,Santa Cruz,78,13841,2022-12-31,0.005635430965970667,0.01510174051658718,global-q 97.5%,0.3731643355797911
261245,Santa Cruz,78,13841,2022-12-31,0.005635430965970667,0.05,fixed q=0.05,0.11270861931941333
261245,Santa Cruz,78,13841,2022-12-31,0.005635430965970667,0.1,fixed q=0.10,0.05635430965970666
261245,Santa Cruz,78,13841,2022-12-31,0.005635430965970667,0.15,fixed q=0.15,0.03756953977313778
261245,Santa Cruz,78,13841,2022-12-31,0.005635430965970667,0.2,fixed q=0.20,0.02817715482985333
261245,Santa Cruz,78,13841,2022-12-31,0.005635430965970667,0.25,fixed q=0.25,0.022541723863882666
261245,Santa Cruz,78,13841,2022-12-31,0.005635430965970667,0.3,fixed q=0.30,0.01878476988656889
261245,Santa Cruz,79,14342,2025-12-21,0.0055082973086041,0.007454145308640366,global-q 2.5%,0.7389575974886398
261245,Santa Cruz,79,14342,2025-12-21,0.0055082973086041,0.009820323685458794,global-q median,0.5609079176036099
261245,Santa Cruz,79,14342,2025-12-21,0.0055082973086041,0.01510174051658718,global-q 97.5%,0.3647458584362508
261245,Santa Cruz,79,14342,2025-12-21,0.0055082973086041,0.05,fixed q=0.05,0.110165946172082
261245,Santa Cruz,79,14342,2025-12-21,0.0055082973086041,0.1,fixed q=0.10,0.055082973086041
261245,Santa Cruz,79,14342,2025-12-21,0.0055082973086041,0.15,fixed q=0.15,0.03672198205736067
261245,Santa Cruz,79,14342,2025-12-21,0.0055082973086041,0.2,fixed q=0.20,0.0275414865430205
261245,Santa Cruz,79,14342,2025-12-21,0.0055082973086041,0.25,fixed q=0.25,0.0220331892344164
261245,Santa Cruz,79,14342,2025-12-21,0.0055082973086041,0.3,fixed q=0.30,0.018360991028680336
261247,Santa Cruz da Baixa Verde,32,12439,2016-12-31,0.0025725540638314977,0.007454145308640366,global-q 2.5%,0.34511724112079734
261247,Santa Cruz da Baixa Verde,32,12439,2016-12-31,0.0025725540638314977,0.009820323685458794,global-q median,0.26196224750114344
261247,Santa Cruz da Baixa Verde,32,12439,2016-12-31,0.0025725540638314977,0.01510174051658718,global-q 97.5%,0.17034818344321978
261247,Santa Cruz da Baixa Verde,32,12439,2016-12-31,0.0025725540638314977,0.05,fixed q=0.05,0.05145108127662995
261247,Santa Cruz da Baixa Verde,32,12439,2016-12-31,0.0025725540638314977,0.1,fixed q=0.10,0.025725540638314975
261247,Santa Cruz da Baixa Verde,32,12439,2016-12-31,0.0025725540638314977,0.15,fixed q=0.15,0.01715036042554332
261247,Santa Cruz da Baixa Verde,32,12439,2016-12-31,0.0025725540638314977,0.2,fixed q=0.20,0.012862770319157488
261247,Santa Cruz da Baixa Verde,32,12439,2016-12-31,0.0025725540638314977,0.25,fixed q=0.25,0.01029021625532599
261247,Santa Cruz da Baixa Verde,32,12439,2016-12-31,0.0025725540638314977,0.3,fixed q=0.30,0.00857518021277166
261247,Santa Cruz da Baixa Verde,32,12531,2018-12-31,0.002553666906072939,0.007454145308640366,global-q 2.5%,0.34258346199837186
261247,Santa Cruz da Baixa Verde,32,12531,2018-12-31,0.002553666906072939,0.009820323685458794,global-q median,0.26003897507515145
261247,Santa Cruz da Baixa Verde,32,12531,2018-12-31,0.002553666906072939,0.01510174051658718,global-q 97.5%,0.16909752245233506
261247,Santa Cruz da Baixa Verde,32,12531,2018-12-31,0.002553666906072939,0.05,fixed q=0.05,0.051073338121458776
261247,Santa Cruz da Baixa Verde,32,12531,2018-12-31,0.002553666906072939,0.1,fixed q=0.10,0.025536669060729388
261247,Santa Cruz da Baixa Verde,32,12531,2018-12-31,0.002553666906072939,0.15,fixed q=0.15,0.01702444604048626
261247,Santa Cruz da Baixa Verde,32,12531,2018-12-31,0.002553666906072939,0.2,fixed q=0.20,0.012768334530364694
261247,Santa Cruz da Baixa Verde,32,12531,2018-12-31,0.002553666906072939,0.25,fixed q=0.25,0.010214667624291756
261247,Santa Cruz da Baixa Verde,32,12531,2018-12-31,0.002553666906072939,0.3,fixed q=0.30,0.00851222302024313
261247,Santa Cruz da Baixa Verde,32,12708,2021-12-31,0.0025180988353792886,0.007454145308640366,global-q 2.5%,0.33781187931237
261247,Santa Cruz da Baixa Verde,32,12708,2021-12-31,0.0025180988353792886,0.009820323685458794,global-q median,0.2564170913335476
261247,Santa Cruz da Baixa Verde,32,12708,2021-12-31,0.0025180988353792886,0.01510174051658718,global-q 97.5%,0.16674229255982145
261247,Santa Cruz da Baixa Verde,32,12708,2021-12-31,0.0025180988353792886,0.05,fixed q=0.05,0.05036197670758577
261247,Santa Cruz da Baixa Verde,32,12708,2021-12-31,0.0025180988353792886,0.1,fixed q=0.10,0.025180988353792885
261247,Santa Cruz da Baixa Verde,32,12708,2021-12-31,0.0025180988353792886,0.15,fixed q=0.15,0.01678732556919526
261247,Santa Cruz da Baixa Verde,32,12708,2021-12-31,0.0025180988353792886,0.2,fixed q=0.20,0.012590494176896443
261247,Santa Cruz da Baixa Verde,32,12708,2021-12-31,0.0025180988353792886,0.25,fixed q=0.25,0.010072395341517154
261247,Santa Cruz da Baixa Verde,32,12708,2021-12-31,0.0025180988353792886,0.3,fixed q=0.30,0.00839366278459763
261247,Santa Cruz da Baixa Verde,34,11567,2022-12-31,0.002939396559176969,0.007454145308640366,global-q 2.5%,0.3943304614373172
261247,Santa Cruz da Baixa Verde,34,11567,2022-12-31,0.002939396559176969,0.009820323685458794,global-q median,0.2993176857835561
261247,Santa Cruz da Baixa Verde,34,11567,2022-12-31,0.002939396559176969,0.01510174051658718,global-q 97.5%,0.19463958845991608
261247,Santa Cruz da Baixa Verde,34,11567,2022-12-31,0.002939396559176969,0.05,fixed q=0.05,0.05878793118353938
261247,Santa Cruz da Baixa Verde,34,11567,2022-12-31,0.002939396559176969,0.1,fixed q=0.10,0.02939396559176969
261247,Santa Cruz da Baixa Verde,34,11567,2022-12-31,0.002939396559176969,0.15,fixed q=0.15,0.019595977061179794
261247,Santa Cruz da Baixa Verde,34,11567,2022-12-31,0.002939396559176969,0.2,fixed q=0.20,0.014696982795884845
261247,Santa Cruz da Baixa Verde,34,11567,2022-12-31,0.002939396559176969,0.25,fixed q=0.25,0.011757586236707876
261247,Santa Cruz da Baixa Verde,34,11567,2022-12-31,0.002939396559176969,0.3,fixed q=0.30,0.009797988530589897
261247,Santa Cruz da Baixa Verde,34,11934,2025-12-21,0.002849002849002849,0.007454145308640366,global-q 2.5%,0.38220382499123917
261247,Santa Cruz da Baixa Verde,34,11934,2025-12-21,0.002849002849002849,0.009820323685458794,global-q median,0.29011292705366126
261247,Santa Cruz da Baixa Verde,34,11934,2025-12-21,0.002849002849002849,0.01510174051658718,global-q 97.5%,0.18865393997954158
261247,Santa Cruz da Baixa Verde,34,11934,2025-12-21,0.002849002849002849,0.05,fixed q=0.05,0.05698005698005698
261247,Santa Cruz da Baixa Verde,34,11934,2025-12-21,0.002849002849002849,0.1,fixed q=0.10,0.02849002849002849
261247,Santa Cruz da Baixa Verde,34,11934,2025-12-21,0.002849002849002849,0.15,fixed q=0.15,0.018993352326685663
261247,Santa Cruz da Baixa Verde,34,11934,2025-12-21,0.002849002849002849,0.2,fixed q=0.20,0.014245014245014245
261247,Santa Cruz da Baixa Verde,34,11934,2025-12-21,0.002849002849002849,0.25,fixed q=0.25,0.011396011396011397
261247,Santa Cruz da Baixa Verde,34,11934,2025-12-21,0.002849002849002849,0.3,fixed q=0.30,0.009496676163342831
261250,Santa Cruz do Capibaribe,8,103660,2016-12-31,7.717538105344394e-5,0.007454145308640366,global-q 2.5%,0.010353350767657721
261250,Santa Cruz do Capibaribe,8,103660,2016-12-31,7.717538105344394e-5,0.009820323685458794,global-q median,0.0078587410685576
261250,Santa Cruz do Capibaribe,8,103660,2016-12-31,7.717538105344394e-5,0.01510174051658718,global-q 97.5%,0.005110363336509287
261250,Santa Cruz do Capibaribe,8,103660,2016-12-31,7.717538105344394e-5,0.05,fixed q=0.05,0.0015435076210688788
261250,Santa Cruz do Capibaribe,8,103660,2016-12-31,7.717538105344394e-5,0.1,fixed q=0.10,7.717538105344394e-4
261250,Santa Cruz do Capibaribe,8,103660,2016-12-31,7.717538105344394e-5,0.15,fixed q=0.15,5.14502540356293e-4
261250,Santa Cruz do Capibaribe,8,103660,2016-12-31,7.717538105344394e-5,0.2,fixed q=0.20,3.858769052672197e-4
261250,Santa Cruz do Capibaribe,8,103660,2016-12-31,7.717538105344394e-5,0.25,fixed q=0.25,3.087015242137758e-4
261250,Santa Cruz do Capibaribe,8,103660,2016-12-31,7.717538105344394e-5,0.3,fixed q=0.30,2.572512701781465e-4
261250,Santa Cruz do Capibaribe,24,105936,2018-12-31,2.2655188038060717e-4,0.007454145308640366,global-q 2.5%,0.030392737329389432
261250,Santa Cruz do Capibaribe,24,105936,2018-12-31,2.2655188038060717e-4,0.009820323685458794,global-q median,0.023069695830501835
261250,Santa Cruz do Capibaribe,24,105936,2018-12-31,2.2655188038060717e-4,0.01510174051658718,global-q 97.5%,0.015001706600094946
261250,Santa Cruz do Capibaribe,24,105936,2018-12-31,2.2655188038060717e-4,0.05,fixed q=0.05,0.004531037607612143
261250,Santa Cruz do Capibaribe,24,105936,2018-12-31,2.2655188038060717e-4,0.1,fixed q=0.10,0.0022655188038060714
261250,Santa Cruz do Capibaribe,24,105936,2018-12-31,2.2655188038060717e-4,0.15,fixed q=0.15,0.0015103458692040479
261250,Santa Cruz do Capibaribe,24,105936,2018-12-31,2.2655188038060717e-4,0.2,fixed q=0.20,0.0011327594019030357
261250,Santa Cruz do Capibaribe,24,105936,2018-12-31,2.2655188038060717e-4,0.25,fixed q=0.25,9.062075215224287e-4
261250,Santa Cruz do Capibaribe,24,105936,2018-12-31,2.2655188038060717e-4,0.3,fixed q=0.30,7.551729346020239e-4
261250,Santa Cruz do Capibaribe,193,111812,2021-12-31,0.0017261116874754052,0.007454145308640366,global-q 2.5%,0.23156399774962896
261250,Santa Cruz do Capibaribe,193,111812,2021-12-31,0.0017261116874754052,0.009820323685458794,global-q median,0.17576932724033353
261250,Santa Cruz do Capibaribe,193,111812,2021-12-31,0.0017261116874754052,0.01510174051658718,global-q 97.5%,0.11429885751112658
261250,Santa Cruz do Capibaribe,193,111812,2021-12-31,0.0017261116874754052,0.05,fixed q=0.05,0.0345222337495081
261250,Santa Cruz do Capibaribe,193,111812,2021-12-31,0.0017261116874754052,0.1,fixed q=0.10,0.01726111687475405
261250,Santa Cruz do Capibaribe,193,111812,2021-12-31,0.0017261116874754052,0.15,fixed q=0.15,0.011507411249836034
261250,Santa Cruz do Capibaribe,193,111812,2021-12-31,0.0017261116874754052,0.2,fixed q=0.20,0.008630558437377025
261250,Santa Cruz do Capibaribe,193,111812,2021-12-31,0.0017261116874754052,0.25,fixed q=0.25,0.006904446749901621
261250,Santa Cruz do Capibaribe,193,111812,2021-12-31,0.0017261116874754052,0.3,fixed q=0.30,0.005753705624918017
261250,Santa Cruz do Capibaribe,217,98254,2022-12-31,0.002208561483501944,0.007454145308640366,global-q 2.5%,0.29628634699969175
261250,Santa Cruz do Capibaribe,217,98254,2022-12-31,0.002208561483501944,0.009820323685458794,global-q median,0.2248970150314106
261250,Santa Cruz do Capibaribe,217,98254,2022-12-31,0.002208561483501944,0.01510174051658718,global-q 97.5%,0.14624549276794577
261250,Santa Cruz do Capibaribe,217,98254,2022-12-31,0.002208561483501944,0.05,fixed q=0.05,0.04417122967003888
261250,Santa Cruz do Capibaribe,217,98254,2022-12-31,0.002208561483501944,0.1,fixed q=0.10,0.02208561483501944
261250,Santa Cruz do Capibaribe,217,98254,2022-12-31,0.002208561483501944,0.15,fixed q=0.15,0.014723743223346296
261250,Santa Cruz do Capibaribe,217,98254,2022-12-31,0.002208561483501944,0.2,fixed q=0.20,0.01104280741750972
261250,Santa Cruz do Capibaribe,217,98254,2022-12-31,0.002208561483501944,0.25,fixed q=0.25,0.008834245934007777
261250,Santa Cruz do Capibaribe,217,98254,2022-12-31,0.002208561483501944,0.3,fixed q=0.30,0.007361871611673148
261250,Santa Cruz do Capibaribe,225,104854,2025-12-21,0.0021458408835142197,0.007454145308640366,global-q 2.5%,0.2878721563191019
261250,Santa Cruz do Capibaribe,225,104854,2025-12-21,0.0021458408835142197,0.009820323685458794,global-q median,0.2185101990774114
261250,Santa Cruz do Capibaribe,225,104854,2025-12-21,0.0021458408835142197,0.01510174051658718,global-q 97.5%,0.14209228937269247
261250,Santa Cruz do Capibaribe,225,104854,2025-12-21,0.0021458408835142197,0.05,fixed q=0.05,0.04291681767028439
261250,Santa Cruz do Capibaribe,225,104854,2025-12-21,0.0021458408835142197,0.1,fixed q=0.10,0.021458408835142197
261250,Santa Cruz do Capibaribe,225,104854,2025-12-21,0.0021458408835142197,0.15,fixed q=0.15,0.014305605890094799
261250,Santa Cruz do Capibaribe,225,104854,2025-12-21,0.0021458408835142197,0.2,fixed q=0.20,0.010729204417571098
261250,Santa Cruz do Capibaribe,225,104854,2025-12-21,0.0021458408835142197,0.25,fixed q=0.25,0.008583363534056879
261250,Santa Cruz do Capibaribe,225,104854,2025-12-21,0.0021458408835142197,0.3,fixed q=0.30,0.0071528029450473995
261255,Santa Filomena,0,14265,2016-12-31,0,0.007454145308640366,global-q 2.5%,0
261255,Santa Filomena,0,14265,2016-12-31,0,0.009820323685458794,global-q median,0
261255,Santa Filomena,0,14265,2016-12-31,0,0.01510174051658718,global-q 97.5%,0
261255,Santa Filomena,0,14265,2016-12-31,0,0.05,fixed q=0.05,0
261255,Santa Filomena,0,14265,2016-12-31,0,0.1,fixed q=0.10,0
261255,Santa Filomena,0,14265,2016-12-31,0,0.15,fixed q=0.15,0
261255,Santa Filomena,0,14265,2016-12-31,0,0.2,fixed q=0.20,0
261255,Santa Filomena,0,14265,2016-12-31,0,0.25,fixed q=0.25,0
261255,Santa Filomena,0,14265,2016-12-31,0,0.3,fixed q=0.30,0
261255,Santa Filomena,0,14390,2018-12-31,0,0.007454145308640366,global-q 2.5%,0
261255,Santa Filomena,0,14390,2018-12-31,0,0.009820323685458794,global-q median,0
261255,Santa Filomena,0,14390,2018-12-31,0,0.01510174051658718,global-q 97.5%,0
261255,Santa Filomena,0,14390,2018-12-31,0,0.05,fixed q=0.05,0
261255,Santa Filomena,0,14390,2018-12-31,0,0.1,fixed q=0.10,0
261255,Santa Filomena,0,14390,2018-12-31,0,0.15,fixed q=0.15,0
261255,Santa Filomena,0,14390,2018-12-31,0,0.2,fixed q=0.20,0
261255,Santa Filomena,0,14390,2018-12-31,0,0.25,fixed q=0.25,0
261255,Santa Filomena,0,14390,2018-12-31,0,0.3,fixed q=0.30,0
261255,Santa Filomena,0,14645,2021-12-31,0,0.007454145308640366,global-q 2.5%,0
261255,Santa Filomena,0,14645,2021-12-31,0,0.009820323685458794,global-q median,0
261255,Santa Filomena,0,14645,2021-12-31,0,0.01510174051658718,global-q 97.5%,0
261255,Santa Filomena,0,14645,2021-12-31,0,0.05,fixed q=0.05,0
261255,Santa Filomena,0,14645,2021-12-31,0,0.1,fixed q=0.10,0
261255,Santa Filomena,0,14645,2021-12-31,0,0.15,fixed q=0.15,0
261255,Santa Filomena,0,14645,2021-12-31,0,0.2,fixed q=0.20,0
261255,Santa Filomena,0,14645,2021-12-31,0,0.25,fixed q=0.25,0
261255,Santa Filomena,0,14645,2021-12-31,0,0.3,fixed q=0.30,0
261255,Santa Filomena,102,12106,2022-12-31,0.00842557409548984,0.007454145308640366,global-q 2.5%,1.1303206131122043
261255,Santa Filomena,102,12106,2022-12-31,0.00842557409548984,0.009820323685458794,global-q median,0.8579731549954717
261255,Santa Filomena,102,12106,2022-12-31,0.00842557409548984,0.01510174051658718,global-q 97.5%,0.557920730146006
261255,Santa Filomena,102,12106,2022-12-31,0.00842557409548984,0.05,fixed q=0.05,0.16851148190979678
261255,Santa Filomena,102,12106,2022-12-31,0.00842557409548984,0.1,fixed q=0.10,0.08425574095489839
261255,Santa Filomena,102,12106,2022-12-31,0.00842557409548984,0.15,fixed q=0.15,0.05617049396993227
261255,Santa Filomena,102,12106,2022-12-31,0.00842557409548984,0.2,fixed q=0.20,0.042127870477449196
261255,Santa Filomena,102,12106,2022-12-31,0.00842557409548984,0.25,fixed q=0.25,0.03370229638195936
261255,Santa Filomena,102,12106,2022-12-31,0.00842557409548984,0.3,fixed q=0.30,0.028085246984966134
261255,Santa Filomena,104,12360,2025-12-21,0.008414239482200648,0.007454145308640366,global-q 2.5%,1.1288000345857763
261255,Santa Filomena,104,12360,2025-12-21,0.008414239482200648,0.009820323685458794,global-q median,0.8568189554342113
261255,Santa Filomena,104,12360,2025-12-21,0.008414239482200648,0.01510174051658718,global-q 97.5%,0.557170180017248
261255,Santa Filomena,104,12360,2025-12-21,0.008414239482200648,0.05,fixed q=0.05,0.16828478964401294
261255,Santa Filomena,104,12360,2025-12-21,0.008414239482200648,0.1,fixed q=0.10,0.08414239482200647
261255,Santa Filomena,104,12360,2025-12-21,0.008414239482200648,0.15,fixed q=0.15,0.05609492988133766
261255,Santa Filomena,104,12360,2025-12-21,0.008414239482200648,0.2,fixed q=0.20,0.042071197411003236
261255,Santa Filomena,104,12360,2025-12-21,0.008414239482200648,0.25,fixed q=0.25,0.03365695792880259
261255,Santa Filomena,104,12360,2025-12-21,0.008414239482200648,0.3,fixed q=0.30,0.02804746494066883
261260,Santa Maria da Boa Vista,1,41475,2016-12-31,2.4110910186859555e-5,0.007454145308640366,global-q 2.5%,0.0032345640162007223
261260,Santa Maria da Boa Vista,1,41475,2016-12-31,2.4110910186859555e-5,0.009820323685458794,global-q median,0.002455205241611455
261260,Santa Maria da Boa Vista,1,41475,2016-12-31,2.4110910186859555e-5,0.01510174051658718,global-q 97.5%,0.001596564989338616
261260,Santa Maria da Boa Vista,1,41475,2016-12-31,2.4110910186859555e-5,0.05,fixed q=0.05,4.822182037371911e-4
261260,Santa Maria da Boa Vista,1,41475,2016-12-31,2.4110910186859555e-5,0.1,fixed q=0.10,2.4110910186859555e-4
261260,Santa Maria da Boa Vista,1,41475,2016-12-31,2.4110910186859555e-5,0.15,fixed q=0.15,1.6073940124573037e-4
261260,Santa Maria da Boa Vista,1,41475,2016-12-31,2.4110910186859555e-5,0.2,fixed q=0.20,1.2055455093429777e-4
261260,Santa Maria da Boa Vista,1,41475,2016-12-31,2.4110910186859555e-5,0.25,fixed q=0.25,9.644364074743822e-5
261260,Santa Maria da Boa Vista,1,41475,2016-12-31,2.4110910186859555e-5,0.3,fixed q=0.30,8.036970062286519e-5
261260,Santa Maria da Boa Vista,1,41759,2018-12-31,2.394693359515314e-5,0.007454145308640366,global-q 2.5%,0.0032125659755244365
261260,Santa Maria da Boa Vista,1,41759,2018-12-31,2.394693359515314e-5,0.009820323685458794,global-q median,0.002438507564736586
261260,Santa Maria da Boa Vista,1,41759,2018-12-31,2.394693359515314e-5,0.01510174051658718,global-q 97.5%,0.001585706863977085
261260,Santa Maria da Boa Vista,1,41759,2018-12-31,2.394693359515314e-5,0.05,fixed q=0.05,4.789386719030628e-4
261260,Santa Maria da Boa Vista,1,41759,2018-12-31,2.394693359515314e-5,0.1,fixed q=0.10,2.394693359515314e-4
261260,Santa Maria da Boa Vista,1,41759,2018-12-31,2.394693359515314e-5,0.15,fixed q=0.15,1.5964622396768763e-4
261260,Santa Maria da Boa Vista,1,41759,2018-12-31,2.394693359515314e-5,0.2,fixed q=0.20,1.197346679757657e-4
261260,Santa Maria da Boa Vista,1,41759,2018-12-31,2.394693359515314e-5,0.25,fixed q=0.25,9.578773438061256e-5
261260,Santa Maria da Boa Vista,1,41759,2018-12-31,2.394693359515314e-5,0.3,fixed q=0.30,7.982311198384381e-5
261260,Santa Maria da Boa Vista,1,42266,2021-12-31,2.365967917475039e-5,0.007454145308640366,global-q 2.5%,0.0031740297774079627
261260,Santa Maria da Boa Vista,1,42266,2021-12-31,2.365967917475039e-5,0.009820323685458794,global-q median,0.0024092565512666233
261260,Santa Maria da Boa Vista,1,42266,2021-12-31,2.365967917475039e-5,0.01510174051658718,global-q 97.5%,0.001566685584933968
261260,Santa Maria da Boa Vista,1,42266,2021-12-31,2.365967917475039e-5,0.05,fixed q=0.05,4.731935834950078e-4
261260,Santa Maria da Boa Vista,1,42266,2021-12-31,2.365967917475039e-5,0.1,fixed q=0.10,2.365967917475039e-4
261260,Santa Maria da Boa Vista,1,42266,2021-12-31,2.365967917475039e-5,0.15,fixed q=0.15,1.5773119449833593e-4
261260,Santa Maria da Boa Vista,1,42266,2021-12-31,2.365967917475039e-5,0.2,fixed q=0.20,1.1829839587375195e-4
261260,Santa Maria da Boa Vista,1,42266,2021-12-31,2.365967917475039e-5,0.25,fixed q=0.25,9.463871669900156e-5
261260,Santa Maria da Boa Vista,1,42266,2021-12-31,2.365967917475039e-5,0.3,fixed q=0.30,7.886559724916797e-5
261260,Santa Maria da Boa Vista,58,40578,2022-12-31,0.0014293459510079354,0.007454145308640366,global-q 2.5%,0.1917518228885516
261260,Santa Maria da Boa Vista,58,40578,2022-12-31,0.0014293459510079354,0.009820323685458794,global-q median,0.14554977990434315
261260,Santa Maria da Boa Vista,58,40578,2022-12-31,0.0014293459510079354,0.01510174051658718,global-q 97.5%,0.09464776258325959
261260,Santa Maria da Boa Vista,58,40578,2022-12-31,0.0014293459510079354,0.05,fixed q=0.05,0.028586919020158707
261260,Santa Maria da Boa Vista,58,40578,2022-12-31,0.0014293459510079354,0.1,fixed q=0.10,0.014293459510079353
261260,Santa Maria da Boa Vista,58,40578,2022-12-31,0.0014293459510079354,0.15,fixed q=0.15,0.00952897300671957
261260,Santa Maria da Boa Vista,58,40578,2022-12-31,0.0014293459510079354,0.2,fixed q=0.20,0.007146729755039677
261260,Santa Maria da Boa Vista,58,40578,2022-12-31,0.0014293459510079354,0.25,fixed q=0.25,0.005717383804031742
261260,Santa Maria da Boa Vista,58,40578,2022-12-31,0.0014293459510079354,0.3,fixed q=0.30,0.004764486503359785
261260,Santa Maria da Boa Vista,59,42782,2025-12-21,0.001379084661773643,0.007454145308640366,global-q 2.5%,0.18500909288353914
261260,Santa Maria da Boa Vista,59,42782,2025-12-21,0.001379084661773643,0.009820323685458794,global-q median,0.14043169104656797
261260,Santa Maria da Boa Vista,59,42782,2025-12-21,0.001379084661773643,0.01510174051658718,global-q 97.5%,0.09131958400814189
261260,Santa Maria da Boa Vista,59,42782,2025-12-21,0.001379084661773643,0.05,fixed q=0.05,0.02758169323547286
261260,Santa Maria da Boa Vista,59,42782,2025-12-21,0.001379084661773643,0.1,fixed q=0.10,0.01379084661773643
261260,Santa Maria da Boa Vista,59,42782,2025-12-21,0.001379084661773643,0.15,fixed q=0.15,0.00919389774515762
261260,Santa Maria da Boa Vista,59,42782,2025-12-21,0.001379084661773643,0.2,fixed q=0.20,0.006895423308868215
261260,Santa Maria da Boa Vista,59,42782,2025-12-21,0.001379084661773643,0.25,fixed q=0.25,0.005516338647094572
261260,Santa Maria da Boa Vista,59,42782,2025-12-21,0.001379084661773643,0.3,fixed q=0.30,0.00459694887257881
261270,Santa Maria do Cambucá,1,13921,2016-12-31,7.183391997701315e-5,0.007454145308640366,global-q 2.5%,0.009636774841744484
261270,Santa Maria do Cambucá,1,13921,2016-12-31,7.183391997701315e-5,0.009820323685458794,global-q median,0.007314822023980684
261270,Santa Maria do Cambucá,1,13921,2016-12-31,7.183391997701315e-5,0.01510174051658718,global-q 97.5%,0.0047566649617713595
261270,Santa Maria do Cambucá,1,13921,2016-12-31,7.183391997701315e-5,0.05,fixed q=0.05,0.001436678399540263
261270,Santa Maria do Cambucá,1,13921,2016-12-31,7.183391997701315e-5,0.1,fixed q=0.10,7.183391997701314e-4
261270,Santa Maria do Cambucá,1,13921,2016-12-31,7.183391997701315e-5,0.15,fixed q=0.15,4.7889279984675434e-4
261270,Santa Maria do Cambucá,1,13921,2016-12-31,7.183391997701315e-5,0.2,fixed q=0.20,3.591695998850657e-4
261270,Santa Maria do Cambucá,1,13921,2016-12-31,7.183391997701315e-5,0.25,fixed q=0.25,2.873356799080526e-4
261270,Santa Maria do Cambucá,1,13921,2016-12-31,7.183391997701315e-5,0.3,fixed q=0.30,2.3944639992337717e-4
261270,Santa Maria do Cambucá,6,14048,2018-12-31,4.2710706150341686e-4,0.007454145308640366,global-q 2.5%,0.0572979253581684
261270,Santa Maria do Cambucá,6,14048,2018-12-31,4.2710706150341686e-4,0.009820323685458794,global-q median,0.04349215720209358
261270,Santa Maria do Cambucá,6,14048,2018-12-31,4.2710706150341686e-4,0.01510174051658718,global-q 97.5%,0.028281975910942097
261270,Santa Maria do Cambucá,6,14048,2018-12-31,4.2710706150341686e-4,0.05,fixed q=0.05,0.008542141230068337
261270,Santa Maria do Cambucá,6,14048,2018-12-31,4.2710706150341686e-4,0.1,fixed q=0.10,0.004271070615034169
261270,Santa Maria do Cambucá,6,14048,2018-12-31,4.2710706150341686e-4,0.15,fixed q=0.15,0.0028473804100227792
261270,Santa Maria do Cambucá,6,14048,2018-12-31,4.2710706150341686e-4,0.2,fixed q=0.20,0.0021355353075170843
261270,Santa Maria do Cambucá,6,14048,2018-12-31,4.2710706150341686e-4,0.25,fixed q=0.25,0.0017084282460136675
261270,Santa Maria do Cambucá,6,14048,2018-12-31,4.2710706150341686e-4,0.3,fixed q=0.30,0.0014236902050113896
261270,Santa Maria do Cambucá,13,14308,2021-12-31,9.085826111266425e-4,0.007454145308640366,global-q 2.5%,0.12188957600188875
261270,Santa Maria do Cambucá,13,14308,2021-12-31,9.085826111266425e-4,0.009820323685458794,global-q median,0.09252063783518705
261270,Santa Maria do Cambucá,13,14308,2021-12-31,9.085826111266425e-4,0.01510174051658718,global-q 97.5%,0.06016409897446521
261270,Santa Maria do Cambucá,13,14308,2021-12-31,9.085826111266425e-4,0.05,fixed q=0.05,0.01817165222253285
261270,Santa Maria do Cambucá,13,14308,2021-12-31,9.085826111266425e-4,0.1,fixed q=0.10,0.009085826111266425
261270,Santa Maria do Cambucá,13,14308,2021-12-31,9.085826111266425e-4,0.15,fixed q=0.15,0.00605721740751095
261270,Santa Maria do Cambucá,13,14308,2021-12-31,9.085826111266425e-4,0.2,fixed q=0.20,0.0045429130556332124
261270,Santa Maria do Cambucá,13,14308,2021-12-31,9.085826111266425e-4,0.25,fixed q=0.25,0.00363433044450657
261270,Santa Maria do Cambucá,13,14308,2021-12-31,9.085826111266425e-4,0.3,fixed q=0.30,0.003028608703755475
261270,Santa Maria do Cambucá,14,14013,2022-12-31,9.990722900164134e-4,0.007454145308640366,global-q 2.5%,0.13402908699114746
261270,Santa Maria do Cambucá,14,14013,2022-12-31,9.990722900164134e-4,0.009820323685458794,global-q median,0.10173516902459798
261270,Santa Maria do Cambucá,14,14013,2022-12-31,9.990722900164134e-4,0.01510174051658718,global-q 97.5%,0.06615610226642885
261270,Santa Maria do Cambucá,14,14013,2022-12-31,9.990722900164134e-4,0.05,fixed q=0.05,0.019981445800328266
261270,Santa Maria do Cambucá,14,14013,2022-12-31,9.990722900164134e-4,0.1,fixed q=0.10,0.009990722900164133
261270,Santa Maria do Cambucá,14,14013,2022-12-31,9.990722900164134e-4,0.15,fixed q=0.15,0.0066604819334427565
261270,Santa Maria do Cambucá,14,14013,2022-12-31,9.990722900164134e-4,0.2,fixed q=0.20,0.0049953614500820665
261270,Santa Maria do Cambucá,14,14013,2022-12-31,9.990722900164134e-4,0.25,fixed q=0.25,0.0039962891600656535
261270,Santa Maria do Cambucá,14,14013,2022-12-31,9.990722900164134e-4,0.3,fixed q=0.30,0.0033302409667213782
261270,Santa Maria do Cambucá,14,14586,2025-12-21,9.598244892362539e-4,0.007454145308640366,global-q 2.5%,0.1287638554783319
261270,Santa Maria do Cambucá,14,14586,2025-12-21,9.598244892362539e-4,0.009820323685458794,global-q median,0.09773857970257036
261270,Santa Maria do Cambucá,14,14586,2025-12-21,9.598244892362539e-4,0.01510174051658718,global-q 97.5%,0.06355720972572791
261270,Santa Maria do Cambucá,14,14586,2025-12-21,9.598244892362539e-4,0.05,fixed q=0.05,0.019196489784725077
261270,Santa Maria do Cambucá,14,14586,2025-12-21,9.598244892362539e-4,0.1,fixed q=0.10,0.009598244892362539
261270,Santa Maria do Cambucá,14,14586,2025-12-21,9.598244892362539e-4,0.15,fixed q=0.15,0.006398829928241693
261270,Santa Maria do Cambucá,14,14586,2025-12-21,9.598244892362539e-4,0.2,fixed q=0.20,0.004799122446181269
261270,Santa Maria do Cambucá,14,14586,2025-12-21,9.598244892362539e-4,0.25,fixed q=0.25,0.0038392979569450156
261270,Santa Maria do Cambucá,14,14586,2025-12-21,9.598244892362539e-4,0.3,fixed q=0.30,0.0031994149641208463
261280,Santa Terezinha,23,10244,2022-12-31,0.0022452167122217885,0.007454145308640366,global-q 2.5%,0.3012037757862431
261280,Santa Terezinha,23,10244,2022-12-31,0.0022452167122217885,0.009820323685458794,global-q median,0.22862960368061375
261280,Santa Terezinha,23,10244,2022-12-31,0.0022452167122217885,0.01510174051658718,global-q 97.5%,0.14867271158286208
261280,Santa Terezinha,23,10244,2022-12-31,0.0022452167122217885,0.05,fixed q=0.05,0.04490433424443577
261280,Santa Terezinha,23,10244,2022-12-31,0.0022452167122217885,0.1,fixed q=0.10,0.022452167122217884
261280,Santa Terezinha,23,10244,2022-12-31,0.0022452167122217885,0.15,fixed q=0.15,0.014968111414811924
261280,Santa Terezinha,23,10244,2022-12-31,0.0022452167122217885,0.2,fixed q=0.20,0.011226083561108942
261280,Santa Terezinha,23,10244,2022-12-31,0.0022452167122217885,0.25,fixed q=0.25,0.008980866848887154
261280,Santa Terezinha,23,10244,2022-12-31,0.0022452167122217885,0.3,fixed q=0.30,0.007484055707405962
261280,Santa Terezinha,23,10487,2025-12-21,0.002193191570515877,0.007454145308640366,global-q 2.5%,0.2942244187235886
261280,Santa Terezinha,23,10487,2025-12-21,0.002193191570515877,0.009820323685458794,global-q median,0.22333190236523384
261280,Santa Terezinha,23,10487,2025-12-21,0.002193191570515877,0.01510174051658718,global-q 97.5%,0.1452277350486163
261280,Santa Terezinha,23,10487,2025-12-21,0.002193191570515877,0.05,fixed q=0.05,0.043863831410317536
261280,Santa Terezinha,23,10487,2025-12-21,0.002193191570515877,0.1,fixed q=0.10,0.021931915705158768
261280,Santa Terezinha,23,10487,2025-12-21,0.002193191570515877,0.15,fixed q=0.15,0.014621277136772514
261280,Santa Terezinha,23,10487,2025-12-21,0.002193191570515877,0.2,fixed q=0.20,0.010965957852579384
261280,Santa Terezinha,23,10487,2025-12-21,0.002193191570515877,0.25,fixed q=0.25,0.008772766282063508
261280,Santa Terezinha,23,10487,2025-12-21,0.002193191570515877,0.3,fixed q=0.30,0.007310638568386257
261280,Santa Terezinha,23,11682,2016-12-31,0.0019688409518917992,0.007454145308640366,global-q 2.5%,0.2641269884569657
261280,Santa Terezinha,23,11682,2016-12-31,0.0019688409518917992,0.009820323685458794,global-q median,0.20048636022121272
261280,Santa Terezinha,23,11682,2016-12-31,0.0019688409518917992,0.01510174051658718,global-q 97.5%,0.1303717905713781
261280,Santa Terezinha,23,11682,2016-12-31,0.0019688409518917992,0.05,fixed q=0.05,0.039376819037835985
261280,Santa Terezinha,23,11682,2016-12-31,0.0019688409518917992,0.1,fixed q=0.10,0.019688409518917992
261280,Santa Terezinha,23,11682,2016-12-31,0.0019688409518917992,0.15,fixed q=0.15,0.01312560634594533
261280,Santa Terezinha,23,11682,2016-12-31,0.0019688409518917992,0.2,fixed q=0.20,0.009844204759458996
261280,Santa Terezinha,23,11682,2016-12-31,0.0019688409518917992,0.25,fixed q=0.25,0.007875363807567197
261280,Santa Terezinha,23,11682,2016-12-31,0.0019688409518917992,0.3,fixed q=0.30,0.006562803172972665
261280,Santa Terezinha,23,11764,2018-12-31,0.001955117307038422,0.007454145308640366,global-q 2.5%,0.2622859128828862
261280,Santa Terezinha,23,11764,2018-12-31,0.001955117307038422,0.009820323685458794,global-q median,0.19908888644204412
261280,Santa Terezinha,23,11764,2018-12-31,0.001955117307038422,0.01510174051658718,global-q 97.5%,0.1294630446663413
261280,Santa Terezinha,23,11764,2018-12-31,0.001955117307038422,0.05,fixed q=0.05,0.03910234614076844
261280,Santa Terezinha,23,11764,2018-12-31,0.001955117307038422,0.1,fixed q=0.10,0.01955117307038422
261280,Santa Terezinha,23,11764,2018-12-31,0.001955117307038422,0.15,fixed q=0.15,0.013034115380256148
261280,Santa Terezinha,23,11764,2018-12-31,0.001955117307038422,0.2,fixed q=0.20,0.00977558653519211
261280,Santa Terezinha,23,11764,2018-12-31,0.001955117307038422,0.25,fixed q=0.25,0.007820469228153689
261280,Santa Terezinha,23,11764,2018-12-31,0.001955117307038422,0.3,fixed q=0.30,0.006517057690128074
261280,Santa Terezinha,23,11914,2021-12-31,0.0019305019305019305,0.007454145308640366,global-q 2.5%,0.25898367291877405
261280,Santa Terezinha,23,11914,2021-12-31,0.0019305019305019305,0.009820323685458794,global-q median,0.19658231157497125
261280,Santa Terezinha,23,11914,2021-12-31,0.0019305019305019305,0.01510174051658718,global-q 97.5%,0.12783307515988243
261280,Santa Terezinha,23,11914,2021-12-31,0.0019305019305019305,0.05,fixed q=0.05,0.03861003861003861
261280,Santa Terezinha,23,11914,2021-12-31,0.0019305019305019305,0.1,fixed q=0.10,0.019305019305019305
261280,Santa Terezinha,23,11914,2021-12-31,0.0019305019305019305,0.15,fixed q=0.15,0.012870012870012871
261280,Santa Terezinha,23,11914,2021-12-31,0.0019305019305019305,0.2,fixed q=0.20,0.009652509652509652
261280,Santa Terezinha,23,11914,2021-12-31,0.0019305019305019305,0.25,fixed q=0.25,0.007722007722007722
261280,Santa Terezinha,23,11914,2021-12-31,0.0019305019305019305,0.3,fixed q=0.30,0.0064350064350064354
261290,São Benedito do Sul,3,15497,2016-12-31,1.9358585532683746e-4,0.007454145308640366,global-q 2.5%,0.025970228283911392
261290,São Benedito do Sul,3,15497,2016-12-31,1.9358585532683746e-4,0.009820323685458794,global-q median,0.019712777452894452
261290,São Benedito do Sul,3,15497,2016-12-31,1.9358585532683746e-4,0.01510174051658718,global-q 97.5%,0.012818777750432811
261290,São Benedito do Sul,3,15497,2016-12-31,1.9358585532683746e-4,0.05,fixed q=0.05,0.003871717106536749
261290,São Benedito do Sul,3,15497,2016-12-31,1.9358585532683746e-4,0.1,fixed q=0.10,0.0019358585532683744
261290,São Benedito do Sul,3,15497,2016-12-31,1.9358585532683746e-4,0.15,fixed q=0.15,0.001290572368845583
261290,São Benedito do Sul,3,15497,2016-12-31,1.9358585532683746e-4,0.2,fixed q=0.20,9.679292766341872e-4
261290,São Benedito do Sul,3,15497,2016-12-31,1.9358585532683746e-4,0.25,fixed q=0.25,7.743434213073498e-4
261290,São Benedito do Sul,3,15497,2016-12-31,1.9358585532683746e-4,0.3,fixed q=0.30,6.452861844227915e-4
261290,São Benedito do Sul,3,15717,2018-12-31,1.908761213972132e-4,0.007454145308640366,global-q 2.5%,0.025606707877824954
261290,São Benedito do Sul,3,15717,2018-12-31,1.908761213972132e-4,0.009820323685458794,global-q median,0.01943684622940162
261290,São Benedito do Sul,3,15717,2018-12-31,1.908761213972132e-4,0.01510174051658718,global-q 97.5%,0.01263934585470874
261290,São Benedito do Sul,3,15717,2018-12-31,1.908761213972132e-4,0.05,fixed q=0.05,0.0038175224279442636
261290,São Benedito do Sul,3,15717,2018-12-31,1.908761213972132e-4,0.1,fixed q=0.10,0.0019087612139721318
261290,São Benedito do Sul,3,15717,2018-12-31,1.908761213972132e-4,0.15,fixed q=0.15,0.0012725074759814214
261290,São Benedito do Sul,3,15717,2018-12-31,1.908761213972132e-4,0.2,fixed q=0.20,9.543806069860659e-4
261290,São Benedito do Sul,3,15717,2018-12-31,1.908761213972132e-4,0.25,fixed q=0.25,7.635044855888528e-4
261290,São Benedito do Sul,3,15717,2018-12-31,1.908761213972132e-4,0.3,fixed q=0.30,6.362537379907107e-4
261290,São Benedito do Sul,5,16239,2021-12-31,3.0790073280374407e-4,0.007454145308640366,global-q 2.5%,0.041305974066113964
261290,São Benedito do Sul,5,16239,2021-12-31,3.0790073280374407e-4,0.009820323685458794,global-q median,0.03135341997531717
261290,São Benedito do Sul,5,16239,2021-12-31,3.0790073280374407e-4,0.01510174051658718,global-q 97.5%,0.020388426914471056
261290,São Benedito do Sul,5,16239,2021-12-31,3.0790073280374407e-4,0.05,fixed q=0.05,0.006158014656074881
261290,São Benedito do Sul,5,16239,2021-12-31,3.0790073280374407e-4,0.1,fixed q=0.10,0.0030790073280374405
261290,São Benedito do Sul,5,16239,2021-12-31,3.0790073280374407e-4,0.15,fixed q=0.15,0.0020526715520249607
261290,São Benedito do Sul,5,16239,2021-12-31,3.0790073280374407e-4,0.2,fixed q=0.20,0.0015395036640187202
261290,São Benedito do Sul,5,16239,2021-12-31,3.0790073280374407e-4,0.25,fixed q=0.25,0.0012316029312149763
261290,São Benedito do Sul,5,16239,2021-12-31,3.0790073280374407e-4,0.3,fixed q=0.30,0.0010263357760124804
261290,São Benedito do Sul,20,13113,2022-12-31,0.0015252039960344697,0.007454145308640366,global-q 2.5%,0.20461151921288026
261290,São Benedito do Sul,20,13113,2022-12-31,0.0015252039960344697,0.009820323685458794,global-q median,0.15531096987086876
261290,São Benedito do Sul,20,13113,2022-12-31,0.0015252039960344697,0.01510174051658718,global-q 97.5%,0.10099524583667978
261290,São Benedito do Sul,20,13113,2022-12-31,0.0015252039960344697,0.05,fixed q=0.05,0.030504079920689393
261290,São Benedito do Sul,20,13113,2022-12-31,0.0015252039960344697,0.1,fixed q=0.10,0.015252039960344696
261290,São Benedito do Sul,20,13113,2022-12-31,0.0015252039960344697,0.15,fixed q=0.15,0.010168026640229798
261290,São Benedito do Sul,20,13113,2022-12-31,0.0015252039960344697,0.2,fixed q=0.20,0.007626019980172348
261290,São Benedito do Sul,20,13113,2022-12-31,0.0015252039960344697,0.25,fixed q=0.25,0.006100815984137879
261290,São Benedito do Sul,20,13113,2022-12-31,0.0015252039960344697,0.3,fixed q=0.30,0.005084013320114899
261290,São Benedito do Sul,30,13456,2025-12-21,0.0022294887039239,0.007454145308640366,global-q 2.5%,0.29909380775548067
261290,São Benedito do Sul,30,13456,2025-12-21,0.0022294887039239,0.009820323685458794,global-q median,0.2270280262986811
261290,São Benedito do Sul,30,13456,2025-12-21,0.0022294887039239,0.01510174051658718,global-q 97.5%,0.14763124167542901
261290,São Benedito do Sul,30,13456,2025-12-21,0.0022294887039239,0.05,fixed q=0.05,0.044589774078478
261290,São Benedito do Sul,30,13456,2025-12-21,0.0022294887039239,0.1,fixed q=0.10,0.022294887039239
261290,São Benedito do Sul,30,13456,2025-12-21,0.0022294887039239,0.15,fixed q=0.15,0.014863258026159334
261290,São Benedito do Sul,30,13456,2025-12-21,0.0022294887039239,0.2,fixed q=0.20,0.0111474435196195
261290,São Benedito do Sul,30,13456,2025-12-21,0.0022294887039239,0.25,fixed q=0.25,0.0089179548156956
261290,São Benedito do Sul,30,13456,2025-12-21,0.0022294887039239,0.3,fixed q=0.30,0.007431629013079667
261300,São Bento do Una,838,58251,2016-12-31,0.014386019124135207,0.007454145308640366,global-q 2.5%,1.9299354290101989
261300,São Bento do Una,838,58251,2016-12-31,0.014386019124135207,0.009820323685458794,global-q median,1.4649231109802374
261300,São Bento do Una,838,58251,2016-12-31,0.014386019124135207,0.01510174051658718,global-q 97.5%,0.9526066951245884
261300,São Bento do Una,838,58251,2016-12-31,0.014386019124135207,0.05,fixed q=0.05,0.28772038248270415
261300,São Bento do Una,838,58251,2016-12-31,0.014386019124135207,0.1,fixed q=0.10,0.14386019124135208
261300,São Bento do Una,838,58251,2016-12-31,0.014386019124135207,0.15,fixed q=0.15,0.09590679416090138
261300,São Bento do Una,838,58251,2016-12-31,0.014386019124135207,0.2,fixed q=0.20,0.07193009562067604
261300,São Bento do Una,838,58251,2016-12-31,0.014386019124135207,0.25,fixed q=0.25,0.05754407649654083
261300,São Bento do Una,838,58251,2016-12-31,0.014386019124135207,0.3,fixed q=0.30,0.04795339708045069
261300,São Bento do Una,850,58956,2018-12-31,0.01441753171856978,0.007454145308640366,global-q 2.5%,1.9341629551892292
261300,São Bento do Una,850,58956,2018-12-31,0.01441753171856978,0.009820323685458794,global-q median,1.468132027044912
261300,São Bento do Una,850,58956,2018-12-31,0.01441753171856978,0.01510174051658718,global-q 97.5%,0.9546933813843583
261300,São Bento do Una,850,58956,2018-12-31,0.01441753171856978,0.05,fixed q=0.05,0.2883506343713956
261300,São Bento do Una,850,58956,2018-12-31,0.01441753171856978,0.1,fixed q=0.10,0.1441753171856978
261300,São Bento do Una,850,58956,2018-12-31,0.01441753171856978,0.15,fixed q=0.15,0.09611687812379854
261300,São Bento do Una,850,58956,2018-12-31,0.01441753171856978,0.2,fixed q=0.20,0.0720876585928489
261300,São Bento do Una,850,58956,2018-12-31,0.01441753171856978,0.25,fixed q=0.25,0.05767012687427912
261300,São Bento do Una,850,58956,2018-12-31,0.01441753171856978,0.3,fixed q=0.30,0.04805843906189927
261300,São Bento do Una,852,60567,2021-12-31,0.014067066224181485,0.007454145308640366,global-q 2.5%,1.8871467675678184
261300,São Bento do Una,852,60567,2021-12-31,0.014067066224181485,0.009820323685458794,global-q median,1.4324442528315997
261300,São Bento do Una,852,60567,2021-12-31,0.014067066224181485,0.01510174051658718,global-q 97.5%,0.9314864209678846
261300,São Bento do Una,852,60567,2021-12-31,0.014067066224181485,0.05,fixed q=0.05,0.2813413244836297
261300,São Bento do Una,852,60567,2021-12-31,0.014067066224181485,0.1,fixed q=0.10,0.14067066224181485
261300,São Bento do Una,852,60567,2021-12-31,0.014067066224181485,0.15,fixed q=0.15,0.09378044149454325
261300,São Bento do Una,852,60567,2021-12-31,0.014067066224181485,0.2,fixed q=0.20,0.07033533112090742
261300,São Bento do Una,852,60567,2021-12-31,0.014067066224181485,0.25,fixed q=0.25,0.05626826489672594
261300,São Bento do Una,852,60567,2021-12-31,0.014067066224181485,0.3,fixed q=0.30,0.04689022074727162
261300,São Bento do Una,854,49449,2022-12-31,0.017270318914437095,0.007454145308640366,global-q 2.5%,2.3168744637186576
261300,São Bento do Una,854,49449,2022-12-31,0.017270318914437095,0.009820323685458794,global-q median,1.7586303127675618
261300,São Bento do Una,854,49449,2022-12-31,0.017270318914437095,0.01510174051658718,global-q 97.5%,1.143597911477027
261300,São Bento do Una,854,49449,2022-12-31,0.017270318914437095,0.05,fixed q=0.05,0.3454063782887419
261300,São Bento do Una,854,49449,2022-12-31,0.017270318914437095,0.1,fixed q=0.10,0.17270318914437094
261300,São Bento do Una,854,49449,2022-12-31,0.017270318914437095,0.15,fixed q=0.15,0.11513545942958064
261300,São Bento do Una,854,49449,2022-12-31,0.017270318914437095,0.2,fixed q=0.20,0.08635159457218547
261300,São Bento do Una,854,49449,2022-12-31,0.017270318914437095,0.25,fixed q=0.25,0.06908127565774838
261300,São Bento do Una,854,49449,2022-12-31,0.017270318914437095,0.3,fixed q=0.30,0.05756772971479032
261300,São Bento do Una,870,51165,2025-12-21,0.017003811199061858,0.007454145308640366,global-q 2.5%,2.2811215095783193
261300,São Bento do Una,870,51165,2025-12-21,0.017003811199061858,0.009820323685458794,global-q median,1.731491928747709
261300,São Bento do Una,870,51165,2025-12-21,0.017003811199061858,0.01510174051658718,global-q 97.5%,1.1259504280573167
261300,São Bento do Una,870,51165,2025-12-21,0.017003811199061858,0.05,fixed q=0.05,0.34007622398123716
261300,São Bento do Una,870,51165,2025-12-21,0.017003811199061858,0.1,fixed q=0.10,0.17003811199061858
261300,São Bento do Una,870,51165,2025-12-21,0.017003811199061858,0.15,fixed q=0.15,0.11335874132707906
261300,São Bento do Una,870,51165,2025-12-21,0.017003811199061858,0.2,fixed q=0.20,0.08501905599530929
261300,São Bento do Una,870,51165,2025-12-21,0.017003811199061858,0.25,fixed q=0.25,0.06801524479624743
261300,São Bento do Una,870,51165,2025-12-21,0.017003811199061858,0.3,fixed q=0.30,0.05667937066353953
261310,São Caitano,5,36895,2016-12-31,1.355197181189863e-4,0.007454145308640366,global-q 2.5%,0.018180450274010697
261310,São Caitano,5,36895,2016-12-31,1.355197181189863e-4,0.009820323685458794,global-q median,0.013799923756042158
261310,São Caitano,5,36895,2016-12-31,1.355197181189863e-4,0.01510174051658718,global-q 97.5%,0.008973781397590336
261310,São Caitano,5,36895,2016-12-31,1.355197181189863e-4,0.05,fixed q=0.05,0.0027103943623797257
261310,São Caitano,5,36895,2016-12-31,1.355197181189863e-4,0.1,fixed q=0.10,0.0013551971811898629
261310,São Caitano,5,36895,2016-12-31,1.355197181189863e-4,0.15,fixed q=0.15,9.034647874599087e-4
261310,São Caitano,5,36895,2016-12-31,1.355197181189863e-4,0.2,fixed q=0.20,6.775985905949314e-4
261310,São Caitano,5,36895,2016-12-31,1.355197181189863e-4,0.25,fixed q=0.25,5.420788724759452e-4
261310,São Caitano,5,36895,2016-12-31,1.355197181189863e-4,0.3,fixed q=0.30,4.5173239372995434e-4
261310,São Caitano,5,37119,2018-12-31,1.3470190468493226e-4,0.007454145308640366,global-q 2.5%,0.018070737704669437
261310,São Caitano,5,37119,2018-12-31,1.3470190468493226e-4,0.009820323685458794,global-q median,0.013716646110594992
261310,São Caitano,5,37119,2018-12-31,1.3470190468493226e-4,0.01510174051658718,global-q 97.5%,0.00891962780958796
261310,São Caitano,5,37119,2018-12-31,1.3470190468493226e-4,0.05,fixed q=0.05,0.002694038093698645
261310,São Caitano,5,37119,2018-12-31,1.3470190468493226e-4,0.1,fixed q=0.10,0.0013470190468493225
261310,São Caitano,5,37119,2018-12-31,1.3470190468493226e-4,0.15,fixed q=0.15,8.980126978995484e-4
261310,São Caitano,5,37119,2018-12-31,1.3470190468493226e-4,0.2,fixed q=0.20,6.735095234246612e-4
261310,São Caitano,5,37119,2018-12-31,1.3470190468493226e-4,0.25,fixed q=0.25,5.38807618739729e-4
261310,São Caitano,5,37119,2018-12-31,1.3470190468493226e-4,0.3,fixed q=0.30,4.490063489497742e-4
261310,São Caitano,5,37488,2021-12-31,1.333760136577038e-4,0.007454145308640366,global-q 2.5%,0.017892864726302412
261310,São Caitano,5,37488,2021-12-31,1.333760136577038e-4,0.009820323685458794,global-q median,0.013581631108065928
261310,São Caitano,5,37488,2021-12-31,1.333760136577038e-4,0.01510174051658718,global-q 97.5%,0.008831830576827132
261310,São Caitano,5,37488,2021-12-31,1.333760136577038e-4,0.05,fixed q=0.05,0.0026675202731540762
261310,São Caitano,5,37488,2021-12-31,1.333760136577038e-4,0.1,fixed q=0.10,0.0013337601365770381
261310,São Caitano,5,37488,2021-12-31,1.333760136577038e-4,0.15,fixed q=0.15,8.891734243846921e-4
261310,São Caitano,5,37488,2021-12-31,1.333760136577038e-4,0.2,fixed q=0.20,6.668800682885191e-4
261310,São Caitano,5,37488,2021-12-31,1.333760136577038e-4,0.25,fixed q=0.25,5.335040546308152e-4
261310,São Caitano,5,37488,2021-12-31,1.333760136577038e-4,0.3,fixed q=0.30,4.445867121923461e-4
261310,São Caitano,9,37126,2022-12-31,2.424177126542046e-4,0.007454145308640366,global-q 2.5%,0.0325211949347445
261310,São Caitano,9,37126,2022-12-31,2.424177126542046e-4,0.009820323685458794,global-q median,0.0246853077779054
261310,São Caitano,9,37126,2022-12-31,2.424177126542046e-4,0.01510174051658718,global-q 97.5%,0.016052302871178467
261310,São Caitano,9,37126,2022-12-31,2.424177126542046e-4,0.05,fixed q=0.05,0.004848354253084092
261310,São Caitano,9,37126,2022-12-31,2.424177126542046e-4,0.1,fixed q=0.10,0.002424177126542046
261310,São Caitano,9,37126,2022-12-31,2.424177126542046e-4,0.15,fixed q=0.15,0.001616118084361364
261310,São Caitano,9,37126,2022-12-31,2.424177126542046e-4,0.2,fixed q=0.20,0.001212088563271023
261310,São Caitano,9,37126,2022-12-31,2.424177126542046e-4,0.25,fixed q=0.25,9.696708506168184e-4
261310,São Caitano,9,37126,2022-12-31,2.424177126542046e-4,0.3,fixed q=0.30,8.08059042180682e-4
261310,São Caitano,12,39243,2025-12-21,3.0578701934102896e-4,0.007454145308640366,global-q 2.5%,0.041022411917108766
261310,São Caitano,12,39243,2025-12-21,3.0578701934102896e-4,0.009820323685458794,global-q median,0.031138181299850194
261310,São Caitano,12,39243,2025-12-21,3.0578701934102896e-4,0.01510174051658718,global-q 97.5%,0.020248462023643173
261310,São Caitano,12,39243,2025-12-21,3.0578701934102896e-4,0.05,fixed q=0.05,0.006115740386820579
261310,São Caitano,12,39243,2025-12-21,3.0578701934102896e-4,0.1,fixed q=0.10,0.0030578701934102894
261310,São Caitano,12,39243,2025-12-21,3.0578701934102896e-4,0.15,fixed q=0.15,0.002038580128940193
261310,São Caitano,12,39243,2025-12-21,3.0578701934102896e-4,0.2,fixed q=0.20,0.0015289350967051447
261310,São Caitano,12,39243,2025-12-21,3.0578701934102896e-4,0.25,fixed q=0.25,0.0012231480773641158
261310,São Caitano,12,39243,2025-12-21,3.0578701934102896e-4,0.3,fixed q=0.30,0.0010192900644700965
261320,São João,109,22518,2016-12-31,0.004840571986854961,0.007454145308640366,global-q 2.5%,0.6493798801110143
261320,São João,109,22518,2016-12-31,0.004840571986854961,0.009820323685458794,global-q median,0.4929136902098777
261320,São João,109,22518,2016-12-31,0.004840571986854961,0.01510174051658718,global-q 97.5%,0.3205307349532499
261320,São João,109,22518,2016-12-31,0.004840571986854961,0.05,fixed q=0.05,0.09681143973709921
261320,São João,109,22518,2016-12-31,0.004840571986854961,0.1,fixed q=0.10,0.04840571986854961
261320,São João,109,22518,2016-12-31,0.004840571986854961,0.15,fixed q=0.15,0.03227047991236641
261320,São João,109,22518,2016-12-31,0.004840571986854961,0.2,fixed q=0.20,0.024202859934274804
261320,São João,109,22518,2016-12-31,0.004840571986854961,0.25,fixed q=0.25,0.019362287947419843
261320,São João,109,22518,2016-12-31,0.004840571986854961,0.3,fixed q=0.30,0.016135239956183205
261320,São João,132,22686,2018-12-31,0.0058185665167944985,0.007454145308640366,global-q 2.5%,0.7805813109183678
261320,São João,132,22686,2018-12-31,0.0058185665167944985,0.009820323685458794,global-q median,0.592502518568731
261320,São João,132,22686,2018-12-31,0.0058185665167944985,0.01510174051658718,global-q 97.5%,0.3852911199476382
261320,São João,132,22686,2018-12-31,0.0058185665167944985,0.05,fixed q=0.05,0.11637133033588996
261320,São João,132,22686,2018-12-31,0.0058185665167944985,0.1,fixed q=0.10,0.05818566516794498
261320,São João,132,22686,2018-12-31,0.0058185665167944985,0.15,fixed q=0.15,0.03879044344529666
261320,São João,132,22686,2018-12-31,0.0058185665167944985,0.2,fixed q=0.20,0.02909283258397249
261320,São João,132,22686,2018-12-31,0.0058185665167944985,0.25,fixed q=0.25,0.023274266067177994
261320,São João,132,22686,2018-12-31,0.0058185665167944985,0.3,fixed q=0.30,0.01939522172264833
261320,São João,140,23002,2021-12-31,0.006086427267194157,0.007454145308640366,global-q 2.5%,0.8165157795004561
261320,São João,140,23002,2021-12-31,0.006086427267194157,0.009820323685458794,global-q median,0.6197786816545046
261320,São João,140,23002,2021-12-31,0.006086427267194157,0.01510174051658718,global-q 97.5%,0.4030281980086372
261320,São João,140,23002,2021-12-31,0.006086427267194157,0.05,fixed q=0.05,0.12172854534388312
261320,São João,140,23002,2021-12-31,0.006086427267194157,0.1,fixed q=0.10,0.06086427267194156
261320,São João,140,23002,2021-12-31,0.006086427267194157,0.15,fixed q=0.15,0.04057618178129438
261320,São João,140,23002,2021-12-31,0.006086427267194157,0.2,fixed q=0.20,0.03043213633597078
261320,São João,140,23002,2021-12-31,0.006086427267194157,0.25,fixed q=0.25,0.024345709068776627
261320,São João,140,23002,2021-12-31,0.006086427267194157,0.3,fixed q=0.30,0.02028809089064719
261320,São João,146,23837,2022-12-31,0.0061249318286697154,0.007454145308640366,global-q 2.5%,0.8216813028275808
261320,São João,146,23837,2022-12-31,0.0061249318286697154,0.009820323685458794,global-q median,0.6236995871876463
261320,São João,146,23837,2022-12-31,0.0061249318286697154,0.01510174051658718,global-q 97.5%,0.40557787507620874
261320,São João,146,23837,2022-12-31,0.0061249318286697154,0.05,fixed q=0.05,0.1224986365733943
261320,São João,146,23837,2022-12-31,0.0061249318286697154,0.1,fixed q=0.10,0.06124931828669715
261320,São João,146,23837,2022-12-31,0.0061249318286697154,0.15,fixed q=0.15,0.040832878857798106
261320,São João,146,23837,2022-12-31,0.0061249318286697154,0.2,fixed q=0.20,0.030624659143348575
261320,São João,146,23837,2022-12-31,0.0061249318286697154,0.25,fixed q=0.25,0.024499727314678862
261320,São João,146,23837,2022-12-31,0.0061249318286697154,0.3,fixed q=0.30,0.020416439428899053
261320,São João,149,24895,2025-12-21,0.005985137577826873,0.007454145308640366,global-q 2.5%,0.8029274088458251
261320,São João,149,24895,2025-12-21,0.005985137577826873,0.009820323685458794,global-q median,0.6094643893142973
261320,São João,149,24895,2025-12-21,0.005985137577826873,0.01510174051658718,global-q 97.5%,0.396321044667204
261320,São João,149,24895,2025-12-21,0.005985137577826873,0.05,fixed q=0.05,0.11970275155653745
261320,São João,149,24895,2025-12-21,0.005985137577826873,0.1,fixed q=0.10,0.059851375778268726
261320,São João,149,24895,2025-12-21,0.005985137577826873,0.15,fixed q=0.15,0.03990091718551249
261320,São João,149,24895,2025-12-21,0.005985137577826873,0.2,fixed q=0.20,0.029925687889134363
261320,São João,149,24895,2025-12-21,0.005985137577826873,0.25,fixed q=0.25,0.02394055031130749
261320,São João,149,24895,2025-12-21,0.005985137577826873,0.3,fixed q=0.30,0.019950458592756244
261330,São Joaquim do Monte,35,21215,2016-12-31,0.0016497761018147536,0.007454145308640366,global-q 2.5%,0.22132330850894993
261330,São Joaquim do Monte,35,21215,2016-12-31,0.0016497761018147536,0.009820323685458794,global-q median,0.16799610223211067
261330,São Joaquim do Monte,35,21215,2016-12-31,0.0016497761018147536,0.01510174051658718,global-q 97.5%,0.10924410335369635
261330,São Joaquim do Monte,35,21215,2016-12-31,0.0016497761018147536,0.05,fixed q=0.05,0.03299552203629507
261330,São Joaquim do Monte,35,21215,2016-12-31,0.0016497761018147536,0.1,fixed q=0.10,0.016497761018147535
261330,São Joaquim do Monte,35,21215,2016-12-31,0.0016497761018147536,0.15,fixed q=0.15,0.010998507345431691
261330,São Joaquim do Monte,35,21215,2016-12-31,0.0016497761018147536,0.2,fixed q=0.20,0.008248880509073768
261330,São Joaquim do Monte,35,21215,2016-12-31,0.0016497761018147536,0.25,fixed q=0.25,0.0065991044072590144
261330,São Joaquim do Monte,35,21215,2016-12-31,0.0016497761018147536,0.3,fixed q=0.30,0.005499253672715846
261330,São Joaquim do Monte,39,21314,2018-12-31,0.0018297832410622127,0.007454145308640366,global-q 2.5%,0.24547190392723436
261330,São Joaquim do Monte,39,21314,2018-12-31,0.0018297832410622127,0.009820323685458794,global-q median,0.18632616395034104
261330,São Joaquim do Monte,39,21314,2018-12-31,0.0018297832410622127,0.01510174051658718,global-q 97.5%,0.12116373202495753
261330,São Joaquim do Monte,39,21314,2018-12-31,0.0018297832410622127,0.05,fixed q=0.05,0.03659566482124425
261330,São Joaquim do Monte,39,21314,2018-12-31,0.0018297832410622127,0.1,fixed q=0.10,0.018297832410622127
261330,São Joaquim do Monte,39,21314,2018-12-31,0.0018297832410622127,0.15,fixed q=0.15,0.012198554940414752
261330,São Joaquim do Monte,39,21314,2018-12-31,0.0018297832410622127,0.2,fixed q=0.20,0.009148916205311063
261330,São Joaquim do Monte,39,21314,2018-12-31,0.0018297832410622127,0.25,fixed q=0.25,0.007319132964248851
261330,São Joaquim do Monte,39,21314,2018-12-31,0.0018297832410622127,0.3,fixed q=0.30,0.006099277470207376
261330,São Joaquim do Monte,103,21439,2021-12-31,0.004804328560100751,0.007454145308640366,global-q 2.5%,0.6445176960169909
261330,São Joaquim do Monte,103,21439,2021-12-31,0.004804328560100751,0.009820323685458794,global-q median,0.48922303520551397
261330,São Joaquim do Monte,103,21439,2021-12-31,0.004804328560100751,0.01510174051658718,global-q 97.5%,0.31813078464855477
261330,São Joaquim do Monte,103,21439,2021-12-31,0.004804328560100751,0.05,fixed q=0.05,0.09608657120201501
261330,São Joaquim do Monte,103,21439,2021-12-31,0.004804328560100751,0.1,fixed q=0.10,0.048043285601007506
261330,São Joaquim do Monte,103,21439,2021-12-31,0.004804328560100751,0.15,fixed q=0.15,0.03202885706733834
261330,São Joaquim do Monte,103,21439,2021-12-31,0.004804328560100751,0.2,fixed q=0.20,0.024021642800503753
261330,São Joaquim do Monte,103,21439,2021-12-31,0.004804328560100751,0.25,fixed q=0.25,0.019217314240403002
261330,São Joaquim do Monte,103,21439,2021-12-31,0.004804328560100751,0.3,fixed q=0.30,0.01601442853366917
261330,São Joaquim do Monte,105,20037,2022-12-31,0.005240305434945351,0.007454145308640366,global-q 2.5%,0.7030055382568309
261330,São Joaquim do Monte,105,20037,2022-12-31,0.005240305434945351,0.009820323685458794,global-q median,0.533618402283909
261330,São Joaquim do Monte,105,20037,2022-12-31,0.005240305434945351,0.01510174051658718,global-q 97.5%,0.3470000977165247
261330,São Joaquim do Monte,105,20037,2022-12-31,0.005240305434945351,0.05,fixed q=0.05,0.10480610869890702
261330,São Joaquim do Monte,105,20037,2022-12-31,0.005240305434945351,0.1,fixed q=0.10,0.05240305434945351
261330,São Joaquim do Monte,105,20037,2022-12-31,0.005240305434945351,0.15,fixed q=0.15,0.034935369566302346
261330,São Joaquim do Monte,105,20037,2022-12-31,0.005240305434945351,0.2,fixed q=0.20,0.026201527174726756
261330,São Joaquim do Monte,105,20037,2022-12-31,0.005240305434945351,0.25,fixed q=0.25,0.020961221739781405
261330,São Joaquim do Monte,105,20037,2022-12-31,0.005240305434945351,0.3,fixed q=0.30,0.017467684783151173
261330,São Joaquim do Monte,107,20438,2025-12-21,0.0052353459242587335,0.007454145308640366,global-q 2.5%,0.7023402023287978
261330,São Joaquim do Monte,107,20438,2025-12-21,0.0052353459242587335,0.009820323685458794,global-q median,0.53311337710903
261330,São Joaquim do Monte,107,20438,2025-12-21,0.0052353459242587335,0.01510174051658718,global-q 97.5%,0.3466716911543029
261330,São Joaquim do Monte,107,20438,2025-12-21,0.0052353459242587335,0.05,fixed q=0.05,0.10470691848517466
261330,São Joaquim do Monte,107,20438,2025-12-21,0.0052353459242587335,0.1,fixed q=0.10,0.05235345924258733
261330,São Joaquim do Monte,107,20438,2025-12-21,0.0052353459242587335,0.15,fixed q=0.15,0.03490230616172489
261330,São Joaquim do Monte,107,20438,2025-12-21,0.0052353459242587335,0.2,fixed q=0.20,0.026176729621293665
261330,São Joaquim do Monte,107,20438,2025-12-21,0.0052353459242587335,0.25,fixed q=0.25,0.020941383697034934
261330,São Joaquim do Monte,107,20438,2025-12-21,0.0052353459242587335,0.3,fixed q=0.30,0.017451153080862446
261340,São José da Coroa Grande,123,20654,2016-12-31,0.005955262903069624,0.007454145308640366,global-q 2.5%,0.7989196153939561
261340,São José da Coroa Grande,123,20654,2016-12-31,0.005955262903069624,0.009820323685458794,global-q median,0.606422262016448
261340,São José da Coroa Grande,123,20654,2016-12-31,0.005955262903069624,0.01510174051658718,global-q 97.5%,0.3943428174076086
261340,São José da Coroa Grande,123,20654,2016-12-31,0.005955262903069624,0.05,fixed q=0.05,0.11910525806139247
261340,São José da Coroa Grande,123,20654,2016-12-31,0.005955262903069624,0.1,fixed q=0.10,0.05955262903069623
261340,São José da Coroa Grande,123,20654,2016-12-31,0.005955262903069624,0.15,fixed q=0.15,0.039701752687130824
261340,São José da Coroa Grande,123,20654,2016-12-31,0.005955262903069624,0.2,fixed q=0.20,0.029776314515348117
261340,São José da Coroa Grande,123,20654,2016-12-31,0.005955262903069624,0.25,fixed q=0.25,0.023821051612278495
261340,São José da Coroa Grande,123,20654,2016-12-31,0.005955262903069624,0.3,fixed q=0.30,0.019850876343565412
261340,São José da Coroa Grande,123,21004,2018-12-31,0.005856027423347934,0.007454145308640366,global-q 2.5%,0.785606824240467
261340,São José da Coroa Grande,123,21004,2018-12-31,0.005856027423347934,0.009820323685458794,global-q median,0.5963171490995866
261340,São José da Coroa Grande,123,21004,2018-12-31,0.005856027423347934,0.01510174051658718,global-q 97.5%,0.3877716887610335
261340,São José da Coroa Grande,123,21004,2018-12-31,0.005856027423347934,0.05,fixed q=0.05,0.11712054846695867
261340,São José da Coroa Grande,123,21004,2018-12-31,0.005856027423347934,0.1,fixed q=0.10,0.058560274233479336
261340,São José da Coroa Grande,123,21004,2018-12-31,0.005856027423347934,0.15,fixed q=0.15,0.03904018282231956
261340,São José da Coroa Grande,123,21004,2018-12-31,0.005856027423347934,0.2,fixed q=0.20,0.029280137116739668
261340,São José da Coroa Grande,123,21004,2018-12-31,0.005856027423347934,0.25,fixed q=0.25,0.023424109693391735
261340,São José da Coroa Grande,123,21004,2018-12-31,0.005856027423347934,0.3,fixed q=0.30,0.01952009141115978
261340,São José da Coroa Grande,166,21868,2021-12-31,0.0075910005487470275,0.007454145308640366,global-q 2.5%,1.01835961527984
261340,São José da Coroa Grande,166,21868,2021-12-31,0.0075910005487470275,0.009820323685458794,global-q median,0.7729888333504951
261340,São José da Coroa Grande,166,21868,2021-12-31,0.0075910005487470275,0.01510174051658718,global-q 97.5%,0.502657328829704
261340,São José da Coroa Grande,166,21868,2021-12-31,0.0075910005487470275,0.05,fixed q=0.05,0.15182001097494055
261340,São José da Coroa Grande,166,21868,2021-12-31,0.0075910005487470275,0.1,fixed q=0.10,0.07591000548747028
261340,São José da Coroa Grande,166,21868,2021-12-31,0.0075910005487470275,0.15,fixed q=0.15,0.05060667032498019
261340,São José da Coroa Grande,166,21868,2021-12-31,0.0075910005487470275,0.2,fixed q=0.20,0.03795500274373514
261340,São José da Coroa Grande,166,21868,2021-12-31,0.0075910005487470275,0.25,fixed q=0.25,0.03036400219498811
261340,São José da Coroa Grande,166,21868,2021-12-31,0.0075910005487470275,0.3,fixed q=0.30,0.025303335162490094
261340,São José da Coroa Grande,197,18825,2022-12-31,0.01046480743691899,0.007454145308640366,global-q 2.5%,1.4038909899957086
261340,São José da Coroa Grande,197,18825,2022-12-31,0.01046480743691899,0.009820323685458794,global-q median,1.0656275467186993
261340,São José da Coroa Grande,197,18825,2022-12-31,0.01046480743691899,0.01510174051658718,global-q 97.5%,0.6929537310897934
261340,São José da Coroa Grande,197,18825,2022-12-31,0.01046480743691899,0.05,fixed q=0.05,0.2092961487383798
261340,São José da Coroa Grande,197,18825,2022-12-31,0.01046480743691899,0.1,fixed q=0.10,0.1046480743691899
261340,São José da Coroa Grande,197,18825,2022-12-31,0.01046480743691899,0.15,fixed q=0.15,0.06976538291279327
261340,São José da Coroa Grande,197,18825,2022-12-31,0.01046480743691899,0.2,fixed q=0.20,0.05232403718459495
261340,São José da Coroa Grande,197,18825,2022-12-31,0.01046480743691899,0.25,fixed q=0.25,0.04185922974767596
261340,São José da Coroa Grande,197,18825,2022-12-31,0.01046480743691899,0.3,fixed q=0.30,0.034882691456396636
261340,São José da Coroa Grande,205,19511,2025-12-21,0.010506893547229768,0.007454145308640366,global-q 2.5%,1.4095369907869721
261340,São José da Coroa Grande,205,19511,2025-12-21,0.010506893547229768,0.009820323685458794,global-q median,1.069913160071047
261340,São José da Coroa Grande,205,19511,2025-12-21,0.010506893547229768,0.01510174051658718,global-q 97.5%,0.6957405694853116
261340,São José da Coroa Grande,205,19511,2025-12-21,0.010506893547229768,0.05,fixed q=0.05,0.21013787094459535
261340,São José da Coroa Grande,205,19511,2025-12-21,0.010506893547229768,0.1,fixed q=0.10,0.10506893547229768
261340,São José da Coroa Grande,205,19511,2025-12-21,0.010506893547229768,0.15,fixed q=0.15,0.07004595698153179
261340,São José da Coroa Grande,205,19511,2025-12-21,0.010506893547229768,0.2,fixed q=0.20,0.05253446773614884
261340,São José da Coroa Grande,205,19511,2025-12-21,0.010506893547229768,0.25,fixed q=0.25,0.04202757418891907
261340,São José da Coroa Grande,205,19511,2025-12-21,0.010506893547229768,0.3,fixed q=0.30,0.035022978490765896
261350,São José do Belmonte,22,33742,2016-12-31,6.520064015173967e-4,0.007454145308640366,global-q 2.5%,0.08746896854313167
261350,São José do Belmonte,22,33742,2016-12-31,6.520064015173967e-4,0.009820323685458794,global-q median,0.06639357544627977
261350,São José do Belmonte,22,33742,2016-12-31,6.520064015173967e-4,0.01510174051658718,global-q 97.5%,0.04317425536488709
261350,São José do Belmonte,22,33742,2016-12-31,6.520064015173967e-4,0.05,fixed q=0.05,0.013040128030347934
261350,São José do Belmonte,22,33742,2016-12-31,6.520064015173967e-4,0.1,fixed q=0.10,0.006520064015173967
261350,São José do Belmonte,22,33742,2016-12-31,6.520064015173967e-4,0.15,fixed q=0.15,0.004346709343449311
261350,São José do Belmonte,22,33742,2016-12-31,6.520064015173967e-4,0.2,fixed q=0.20,0.0032600320075869835
261350,São José do Belmonte,22,33742,2016-12-31,6.520064015173967e-4,0.25,fixed q=0.25,0.002608025606069587
261350,São José do Belmonte,22,33742,2016-12-31,6.520064015173967e-4,0.3,fixed q=0.30,0.0021733546717246557
261350,São José do Belmonte,24,33895,2018-12-31,7.080690367310813e-4,0.007454145308640366,global-q 2.5%,0.094989969662965
261350,São José do Belmonte,24,33895,2018-12-31,7.080690367310813e-4,0.009820323685458794,global-q median,0.07210241326154425
261350,São José do Belmonte,24,33895,2018-12-31,7.080690367310813e-4,0.01510174051658718,global-q 97.5%,0.04688658475844987
261350,São José do Belmonte,24,33895,2018-12-31,7.080690367310813e-4,0.05,fixed q=0.05,0.014161380734621625
261350,São José do Belmonte,24,33895,2018-12-31,7.080690367310813e-4,0.1,fixed q=0.10,0.007080690367310813
261350,São José do Belmonte,24,33895,2018-12-31,7.080690367310813e-4,0.15,fixed q=0.15,0.004720460244873876
261350,São José do Belmonte,24,33895,2018-12-31,7.080690367310813e-4,0.2,fixed q=0.20,0.0035403451836554063
261350,São José do Belmonte,24,33895,2018-12-31,7.080690367310813e-4,0.25,fixed q=0.25,0.002832276146924325
261350,São José do Belmonte,24,33895,2018-12-31,7.080690367310813e-4,0.3,fixed q=0.30,0.002360230122436938
261350,São José do Belmonte,30,34082,2021-12-31,8.802300334487412e-4,0.007454145308640366,global-q 2.5%,0.11808597726535262
261350,São José do Belmonte,30,34082,2021-12-31,8.802300334487412e-4,0.009820323685458794,global-q median,0.08963350513100912
261350,São José do Belmonte,30,34082,2021-12-31,8.802300334487412e-4,0.01510174051658718,global-q 97.5%,0.058286661228348476
261350,São José do Belmonte,30,34082,2021-12-31,8.802300334487412e-4,0.05,fixed q=0.05,0.017604600668974825
261350,São José do Belmonte,30,34082,2021-12-31,8.802300334487412e-4,0.1,fixed q=0.10,0.008802300334487412
261350,São José do Belmonte,30,34082,2021-12-31,8.802300334487412e-4,0.15,fixed q=0.15,0.005868200222991608
261350,São José do Belmonte,30,34082,2021-12-31,8.802300334487412e-4,0.2,fixed q=0.20,0.004401150167243706
261350,São José do Belmonte,30,34082,2021-12-31,8.802300334487412e-4,0.25,fixed q=0.25,0.003520920133794965
261350,São José do Belmonte,30,34082,2021-12-31,8.802300334487412e-4,0.3,fixed q=0.30,0.002934100111495804
261350,São José do Belmonte,115,34843,2022-12-31,0.003300519473064891,0.007454145308640366,global-q 2.5%,0.44277637963927813
261350,São José do Belmonte,115,34843,2022-12-31,0.003300519473064891,0.009820323685458794,global-q median,0.3360907011600906
261350,São José do Belmonte,115,34843,2022-12-31,0.003300519473064891,0.01510174051658718,global-q 97.5%,0.21855225690308513
261350,São José do Belmonte,115,34843,2022-12-31,0.003300519473064891,0.05,fixed q=0.05,0.06601038946129782
261350,São José do Belmonte,115,34843,2022-12-31,0.003300519473064891,0.1,fixed q=0.10,0.03300519473064891
261350,São José do Belmonte,115,34843,2022-12-31,0.003300519473064891,0.15,fixed q=0.15,0.022003463153765942
261350,São José do Belmonte,115,34843,2022-12-31,0.003300519473064891,0.2,fixed q=0.20,0.016502597365324456
261350,São José do Belmonte,115,34843,2022-12-31,0.003300519473064891,0.25,fixed q=0.25,0.013202077892259564
261350,São José do Belmonte,115,34843,2022-12-31,0.003300519473064891,0.3,fixed q=0.30,0.011001731576882971
261350,São José do Belmonte,121,36890,2025-12-21,0.003280021686093792,0.007454145308640366,global-q 2.5%,0.4400265289022206
261350,São José do Belmonte,121,36890,2025-12-21,0.003280021686093792,0.009820323685458794,global-q median,0.3340034189454065
261350,São José do Belmonte,121,36890,2025-12-21,0.003280021686093792,0.01510174051658718,global-q 97.5%,0.2171949440192765
261350,São José do Belmonte,121,36890,2025-12-21,0.003280021686093792,0.05,fixed q=0.05,0.06560043372187584
261350,São José do Belmonte,121,36890,2025-12-21,0.003280021686093792,0.1,fixed q=0.10,0.03280021686093792
261350,São José do Belmonte,121,36890,2025-12-21,0.003280021686093792,0.15,fixed q=0.15,0.021866811240625283
261350,São José do Belmonte,121,36890,2025-12-21,0.003280021686093792,0.2,fixed q=0.20,0.01640010843046896
261350,São José do Belmonte,121,36890,2025-12-21,0.003280021686093792,0.25,fixed q=0.25,0.013120086744375169
261350,São José do Belmonte,121,36890,2025-12-21,0.003280021686093792,0.3,fixed q=0.30,0.010933405620312642
261360,São José do Egito,8,33537,2016-12-31,2.3854250529266183e-4,0.007454145308640366,global-q 2.5%,0.03200132213899274
261360,São José do Egito,8,33537,2016-12-31,2.3854250529266183e-4,0.009820323685458794,global-q median,0.02429069681744583
261360,São José do Egito,8,33537,2016-12-31,2.3854250529266183e-4,0.01510174051658718,global-q 97.5%,0.01579569620009401
261360,São José do Egito,8,33537,2016-12-31,2.3854250529266183e-4,0.05,fixed q=0.05,0.004770850105853236
261360,São José do Egito,8,33537,2016-12-31,2.3854250529266183e-4,0.1,fixed q=0.10,0.002385425052926618
261360,São José do Egito,8,33537,2016-12-31,2.3854250529266183e-4,0.15,fixed q=0.15,0.0015902833686177455
261360,São José do Egito,8,33537,2016-12-31,2.3854250529266183e-4,0.2,fixed q=0.20,0.001192712526463309
261360,São José do Egito,8,33537,2016-12-31,2.3854250529266183e-4,0.25,fixed q=0.25,9.541700211706473e-4
261360,São José do Egito,8,33537,2016-12-31,2.3854250529266183e-4,0.3,fixed q=0.30,7.951416843088728e-4
261360,São José do Egito,8,33789,2018-12-31,2.3676344372428897e-4,0.007454145308640366,global-q 2.5%,0.03176265472714196
261360,São José do Egito,8,33789,2018-12-31,2.3676344372428897e-4,0.009820323685458794,global-q median,0.024109535623033553
261360,São José do Egito,8,33789,2018-12-31,2.3676344372428897e-4,0.01510174051658718,global-q 97.5%,0.015677891132100764
261360,São José do Egito,8,33789,2018-12-31,2.3676344372428897e-4,0.05,fixed q=0.05,0.004735268874485779
261360,São José do Egito,8,33789,2018-12-31,2.3676344372428897e-4,0.1,fixed q=0.10,0.0023676344372428894
261360,São José do Egito,8,33789,2018-12-31,2.3676344372428897e-4,0.15,fixed q=0.15,0.0015784229581619264
261360,São José do Egito,8,33789,2018-12-31,2.3676344372428897e-4,0.2,fixed q=0.20,0.0011838172186214447
261360,São José do Egito,8,33789,2018-12-31,2.3676344372428897e-4,0.25,fixed q=0.25,9.470537748971559e-4
261360,São José do Egito,8,33789,2018-12-31,2.3676344372428897e-4,0.3,fixed q=0.30,7.892114790809632e-4
261360,São José do Egito,9,34210,2021-12-31,2.630809704764689e-4,0.007454145308640366,global-q 2.5%,0.0352932441726783
261360,São José do Egito,9,34210,2021-12-31,2.630809704764689e-4,0.009820323685458794,global-q median,0.026789439829363226
261360,São José do Egito,9,34210,2021-12-31,2.630809704764689e-4,0.01510174051658718,global-q 97.5%,0.017420572826523584
261360,São José do Egito,9,34210,2021-12-31,2.630809704764689e-4,0.05,fixed q=0.05,0.005261619409529378
261360,São José do Egito,9,34210,2021-12-31,2.630809704764689e-4,0.1,fixed q=0.10,0.002630809704764689
261360,São José do Egito,9,34210,2021-12-31,2.630809704764689e-4,0.15,fixed q=0.15,0.0017538731365097926
261360,São José do Egito,9,34210,2021-12-31,2.630809704764689e-4,0.2,fixed q=0.20,0.0013154048523823444
261360,São José do Egito,9,34210,2021-12-31,2.630809704764689e-4,0.25,fixed q=0.25,0.0010523238819058756
261360,São José do Egito,9,34210,2021-12-31,2.630809704764689e-4,0.3,fixed q=0.30,8.769365682548963e-4
261360,São José do Egito,18,31004,2022-12-31,5.80570249000129e-4,0.007454145308640366,global-q 2.5%,0.07788555561523187
261360,São José do Egito,18,31004,2022-12-31,5.80570249000129e-4,0.009820323685458794,global-q median,0.05911925793849283
261360,São José do Egito,18,31004,2022-12-31,5.80570249000129e-4,0.01510174051658718,global-q 97.5%,0.03844392958298102
261360,São José do Egito,18,31004,2022-12-31,5.80570249000129e-4,0.05,fixed q=0.05,0.01161140498000258
261360,São José do Egito,18,31004,2022-12-31,5.80570249000129e-4,0.1,fixed q=0.10,0.00580570249000129
261360,São José do Egito,18,31004,2022-12-31,5.80570249000129e-4,0.15,fixed q=0.15,0.0038704683266675265
261360,São José do Egito,18,31004,2022-12-31,5.80570249000129e-4,0.2,fixed q=0.20,0.002902851245000645
261360,São José do Egito,18,31004,2022-12-31,5.80570249000129e-4,0.25,fixed q=0.25,0.002322280996000516
261360,São José do Egito,18,31004,2022-12-31,5.80570249000129e-4,0.3,fixed q=0.30,0.0019352341633337633
261360,São José do Egito,18,32508,2025-12-21,5.537098560354374e-4,0.007454145308640366,global-q 2.5%,0.07428213874414448
261360,São José do Egito,18,32508,2025-12-21,5.537098560354374e-4,0.009820323685458794,global-q median,0.056384073862588646
261360,São José do Egito,18,32508,2025-12-21,5.537098560354374e-4,0.01510174051658718,global-q 97.5%,0.036665300627253095
261360,São José do Egito,18,32508,2025-12-21,5.537098560354374e-4,0.05,fixed q=0.05,0.011074197120708748
261360,São José do Egito,18,32508,2025-12-21,5.537098560354374e-4,0.1,fixed q=0.10,0.005537098560354374
261360,São José do Egito,18,32508,2025-12-21,5.537098560354374e-4,0.15,fixed q=0.15,0.0036913990402362494
261360,São José do Egito,18,32508,2025-12-21,5.537098560354374e-4,0.2,fixed q=0.20,0.002768549280177187
261360,São José do Egito,18,32508,2025-12-21,5.537098560354374e-4,0.25,fixed q=0.25,0.0022148394241417496
261360,São José do Egito,18,32508,2025-12-21,5.537098560354374e-4,0.3,fixed q=0.30,0.0018456995201181247
261370,São Lourenço da Mata,35,111197,2016-12-31,3.1475669307625206e-4,0.007454145308640366,global-q 2.5%,0.042225725424403296
261370,São Lourenço da Mata,35,111197,2016-12-31,3.1475669307625206e-4,0.009820323685458794,global-q median,0.03205155992386691
261370,São Lourenço da Mata,35,111197,2016-12-31,3.1475669307625206e-4,0.01510174051658718,global-q 97.5%,0.020842411689601954
261370,São Lourenço da Mata,35,111197,2016-12-31,3.1475669307625206e-4,0.05,fixed q=0.05,0.006295133861525041
261370,São Lourenço da Mata,35,111197,2016-12-31,3.1475669307625206e-4,0.1,fixed q=0.10,0.0031475669307625205
261370,São Lourenço da Mata,35,111197,2016-12-31,3.1475669307625206e-4,0.15,fixed q=0.15,0.0020983779538416803
261370,São Lourenço da Mata,35,111197,2016-12-31,3.1475669307625206e-4,0.2,fixed q=0.20,0.0015737834653812603
261370,São Lourenço da Mata,35,111197,2016-12-31,3.1475669307625206e-4,0.25,fixed q=0.25,0.0012590267723050083
261370,São Lourenço da Mata,35,111197,2016-12-31,3.1475669307625206e-4,0.3,fixed q=0.30,0.0010491889769208402
261370,São Lourenço da Mata,60,112362,2018-12-31,5.339883590537726e-4,0.007454145308640366,global-q 2.5%,0.07163643005923262
261370,São Lourenço da Mata,60,112362,2018-12-31,5.339883590537726e-4,0.009820323685458794,global-q median,0.054375840976042665
261370,São Lourenço da Mata,60,112362,2018-12-31,5.339883590537726e-4,0.01510174051658718,global-q 97.5%,0.035359391751385215
261370,São Lourenço da Mata,60,112362,2018-12-31,5.339883590537726e-4,0.05,fixed q=0.05,0.010679767181075451
261370,São Lourenço da Mata,60,112362,2018-12-31,5.339883590537726e-4,0.1,fixed q=0.10,0.005339883590537726
261370,São Lourenço da Mata,60,112362,2018-12-31,5.339883590537726e-4,0.15,fixed q=0.15,0.0035599223936918175
261370,São Lourenço da Mata,60,112362,2018-12-31,5.339883590537726e-4,0.2,fixed q=0.20,0.002669941795268863
261370,São Lourenço da Mata,60,112362,2018-12-31,5.339883590537726e-4,0.25,fixed q=0.25,0.0021359534362150904
261370,São Lourenço da Mata,60,112362,2018-12-31,5.339883590537726e-4,0.3,fixed q=0.30,0.0017799611968459088
261370,São Lourenço da Mata,150,114910,2021-12-31,0.0013053694195457315,0.007454145308640366,global-q 2.5%,0.17511993199711726
261370,São Lourenço da Mata,150,114910,2021-12-31,0.0013053694195457315,0.009820323685458794,global-q median,0.13292529465995356
261370,São Lourenço da Mata,150,114910,2021-12-31,0.0013053694195457315,0.01510174051658718,global-q 97.5%,0.08643834252826442
261370,São Lourenço da Mata,150,114910,2021-12-31,0.0013053694195457315,0.05,fixed q=0.05,0.02610738839091463
261370,São Lourenço da Mata,150,114910,2021-12-31,0.0013053694195457315,0.1,fixed q=0.10,0.013053694195457315
261370,São Lourenço da Mata,150,114910,2021-12-31,0.0013053694195457315,0.15,fixed q=0.15,0.008702462796971544
261370,São Lourenço da Mata,150,114910,2021-12-31,0.0013053694195457315,0.2,fixed q=0.20,0.006526847097728657
261370,São Lourenço da Mata,150,114910,2021-12-31,0.0013053694195457315,0.25,fixed q=0.25,0.005221477678182926
261370,São Lourenço da Mata,150,114910,2021-12-31,0.0013053694195457315,0.3,fixed q=0.30,0.004351231398485772
261370,São Lourenço da Mata,151,111249,2022-12-31,0.0013573155713759225,0.007454145308640366,global-q 2.5%,0.18208869228811644
261370,São Lourenço da Mata,151,111249,2022-12-31,0.0013573155713759225,0.009820323685458794,global-q median,0.13821495246493093
261370,São Lourenço da Mata,151,111249,2022-12-31,0.0013573155713759225,0.01510174051658718,global-q 97.5%,0.08987808854781332
261370,São Lourenço da Mata,151,111249,2022-12-31,0.0013573155713759225,0.05,fixed q=0.05,0.027146311427518447
261370,São Lourenço da Mata,151,111249,2022-12-31,0.0013573155713759225,0.1,fixed q=0.10,0.013573155713759224
261370,São Lourenço da Mata,151,111249,2022-12-31,0.0013573155713759225,0.15,fixed q=0.15,0.009048770475839484
261370,São Lourenço da Mata,151,111249,2022-12-31,0.0013573155713759225,0.2,fixed q=0.20,0.006786577856879612
261370,São Lourenço da Mata,151,111249,2022-12-31,0.0013573155713759225,0.25,fixed q=0.25,0.00542926228550369
261370,São Lourenço da Mata,151,111249,2022-12-31,0.0013573155713759225,0.3,fixed q=0.30,0.004524385237919742
261370,São Lourenço da Mata,260,118258,2025-12-21,0.002198582759728729,0.007454145308640366,global-q 2.5%,0.29494766585516824
261370,São Lourenço da Mata,260,118258,2025-12-21,0.002198582759728729,0.009820323685458794,global-q median,0.22388088520791088
261370,São Lourenço da Mata,260,118258,2025-12-21,0.002198582759728729,0.01510174051658718,global-q 97.5%,0.1455847262978654
261370,São Lourenço da Mata,260,118258,2025-12-21,0.002198582759728729,0.05,fixed q=0.05,0.04397165519457458
261370,São Lourenço da Mata,260,118258,2025-12-21,0.002198582759728729,0.1,fixed q=0.10,0.02198582759728729
261370,São Lourenço da Mata,260,118258,2025-12-21,0.002198582759728729,0.15,fixed q=0.15,0.014657218398191526
261370,São Lourenço da Mata,260,118258,2025-12-21,0.002198582759728729,0.2,fixed q=0.20,0.010992913798643644
261370,São Lourenço da Mata,260,118258,2025-12-21,0.002198582759728729,0.25,fixed q=0.25,0.008794331038914915
261370,São Lourenço da Mata,260,118258,2025-12-21,0.002198582759728729,0.3,fixed q=0.30,0.007328609199095763
261380,São Vicente Férrer,7,17834,2016-12-31,3.9250869126387797e-4,0.007454145308640366,global-q 2.5%,0.052656431423319196
261380,São Vicente Férrer,7,17834,2016-12-31,3.9250869126387797e-4,0.009820323685458794,global-q median,0.03996901770611448
261380,São Vicente Férrer,7,17834,2016-12-31,3.9250869126387797e-4,0.01510174051658718,global-q 97.5%,0.025990957190183562
261380,São Vicente Férrer,7,17834,2016-12-31,3.9250869126387797e-4,0.05,fixed q=0.05,0.007850173825277558
261380,São Vicente Férrer,7,17834,2016-12-31,3.9250869126387797e-4,0.1,fixed q=0.10,0.003925086912638779
261380,São Vicente Férrer,7,17834,2016-12-31,3.9250869126387797e-4,0.15,fixed q=0.15,0.002616724608425853
261380,São Vicente Férrer,7,17834,2016-12-31,3.9250869126387797e-4,0.2,fixed q=0.20,0.0019625434563193896
261380,São Vicente Férrer,7,17834,2016-12-31,3.9250869126387797e-4,0.25,fixed q=0.25,0.0015700347650555119
261380,São Vicente Férrer,7,17834,2016-12-31,3.9250869126387797e-4,0.3,fixed q=0.30,0.0013083623042129265
261380,São Vicente Férrer,7,17950,2018-12-31,3.8997214484679665e-4,0.007454145308640366,global-q 2.5%,0.052316144735569614
261380,São Vicente Férrer,7,17950,2018-12-31,3.8997214484679665e-4,0.009820323685458794,global-q median,0.03971072210422538
261380,São Vicente Férrer,7,17950,2018-12-31,3.8997214484679665e-4,0.01510174051658718,global-q 97.5%,0.025822993344274854
261380,São Vicente Férrer,7,17950,2018-12-31,3.8997214484679665e-4,0.05,fixed q=0.05,0.007799442896935933
261380,São Vicente Férrer,7,17950,2018-12-31,3.8997214484679665e-4,0.1,fixed q=0.10,0.0038997214484679664
261380,São Vicente Férrer,7,17950,2018-12-31,3.8997214484679665e-4,0.15,fixed q=0.15,0.0025998142989786446
261380,São Vicente Férrer,7,17950,2018-12-31,3.8997214484679665e-4,0.2,fixed q=0.20,0.0019498607242339832
261380,São Vicente Férrer,7,17950,2018-12-31,3.8997214484679665e-4,0.25,fixed q=0.25,0.0015598885793871866
261380,São Vicente Férrer,7,17950,2018-12-31,3.8997214484679665e-4,0.3,fixed q=0.30,0.0012999071494893223
261380,São Vicente Férrer,40,18150,2021-12-31,0.0022038567493112946,0.007454145308640366,global-q 2.5%,0.2956551902411569
261380,São Vicente Férrer,40,18150,2021-12-31,0.0022038567493112946,0.009820323685458794,global-q median,0.22441793365473298
261380,São Vicente Férrer,40,18150,2021-12-31,0.0022038567493112946,0.01510174051658718,global-q 97.5%,0.14593395687673627
261380,São Vicente Férrer,40,18150,2021-12-31,0.0022038567493112946,0.05,fixed q=0.05,0.04407713498622589
261380,São Vicente Férrer,40,18150,2021-12-31,0.0022038567493112946,0.1,fixed q=0.10,0.022038567493112945
261380,São Vicente Férrer,40,18150,2021-12-31,0.0022038567493112946,0.15,fixed q=0.15,0.014692378328741965
261380,São Vicente Férrer,40,18150,2021-12-31,0.0022038567493112946,0.2,fixed q=0.20,0.011019283746556472
261380,São Vicente Férrer,40,18150,2021-12-31,0.0022038567493112946,0.25,fixed q=0.25,0.008815426997245178
261380,São Vicente Férrer,40,18150,2021-12-31,0.0022038567493112946,0.3,fixed q=0.30,0.0073461891643709825
261380,São Vicente Férrer,45,16677,2022-12-31,0.002698327037236913,0.007454145308640366,global-q 2.5%,0.3619901310629383
261380,São Vicente Férrer,45,16677,2022-12-31,0.002698327037236913,0.009820323685458794,global-q median,0.2747696637772129
261380,São Vicente Férrer,45,16677,2022-12-31,0.002698327037236913,0.01510174051658718,global-q 97.5%,0.17867655945175145
261380,São Vicente Férrer,45,16677,2022-12-31,0.002698327037236913,0.05,fixed q=0.05,0.05396654074473826
261380,São Vicente Férrer,45,16677,2022-12-31,0.002698327037236913,0.1,fixed q=0.10,0.02698327037236913
261380,São Vicente Férrer,45,16677,2022-12-31,0.002698327037236913,0.15,fixed q=0.15,0.017988846914912756
261380,São Vicente Férrer,45,16677,2022-12-31,0.002698327037236913,0.2,fixed q=0.20,0.013491635186184564
261380,São Vicente Férrer,45,16677,2022-12-31,0.002698327037236913,0.25,fixed q=0.25,0.010793308148947653
261380,São Vicente Férrer,45,16677,2022-12-31,0.002698327037236913,0.3,fixed q=0.30,0.008994423457456378
261380,São Vicente Férrer,56,17177,2025-12-21,0.003260173487803458,0.007454145308640366,global-q 2.5%,0.43736382278790226
261380,São Vicente Férrer,56,17177,2025-12-21,0.003260173487803458,0.009820323685458794,global-q median,0.33198228411054115
261380,São Vicente Férrer,56,17177,2025-12-21,0.003260173487803458,0.01510174051658718,global-q 97.5%,0.21588064529532916
261380,São Vicente Férrer,56,17177,2025-12-21,0.003260173487803458,0.05,fixed q=0.05,0.06520346975606915
261380,São Vicente Férrer,56,17177,2025-12-21,0.003260173487803458,0.1,fixed q=0.10,0.032601734878034576
261380,São Vicente Férrer,56,17177,2025-12-21,0.003260173487803458,0.15,fixed q=0.15,0.02173448991868972
261380,São Vicente Férrer,56,17177,2025-12-21,0.003260173487803458,0.2,fixed q=0.20,0.016300867439017288
261380,São Vicente Férrer,56,17177,2025-12-21,0.003260173487803458,0.25,fixed q=0.25,0.013040693951213832
261380,São Vicente Férrer,56,17177,2025-12-21,0.003260173487803458,0.3,fixed q=0.30,0.01086724495934486
261390,Serra Talhada,26,84970,2016-12-31,3.0599034953513e-4,0.007454145308640366,global-q 2.5%,0.04104968938295926
261390,Serra Talhada,26,84970,2016-12-31,3.0599034953513e-4,0.009820323685458794,global-q median,0.03115888633978713
261390,Serra Talhada,26,84970,2016-12-31,3.0599034953513e-4,0.01510174051658718,global-q 97.5%,0.020261926047467297
261390,Serra Talhada,26,84970,2016-12-31,3.0599034953513e-4,0.05,fixed q=0.05,0.0061198069907026
261390,Serra Talhada,26,84970,2016-12-31,3.0599034953513e-4,0.1,fixed q=0.10,0.0030599034953513
261390,Serra Talhada,26,84970,2016-12-31,3.0599034953513e-4,0.15,fixed q=0.15,0.0020399356635675335
261390,Serra Talhada,26,84970,2016-12-31,3.0599034953513e-4,0.2,fixed q=0.20,0.00152995174767565
261390,Serra Talhada,26,84970,2016-12-31,3.0599034953513e-4,0.25,fixed q=0.25,0.00122396139814052
261390,Serra Talhada,26,84970,2016-12-31,3.0599034953513e-4,0.3,fixed q=0.30,0.0010199678317837667
261390,Serra Talhada,30,85774,2018-12-31,3.4975633641896143e-4,0.007454145308640366,global-q 2.5%,0.04692105156758165
261390,Serra Talhada,30,85774,2018-12-31,3.4975633641896143e-4,0.009820323685458794,global-q median,0.03561556091443856
261390,Serra Talhada,30,85774,2018-12-31,3.4975633641896143e-4,0.01510174051658718,global-q 97.5%,0.02316000172528473
261390,Serra Talhada,30,85774,2018-12-31,3.4975633641896143e-4,0.05,fixed q=0.05,0.006995126728379228
261390,Serra Talhada,30,85774,2018-12-31,3.4975633641896143e-4,0.1,fixed q=0.10,0.003497563364189614
261390,Serra Talhada,30,85774,2018-12-31,3.4975633641896143e-4,0.15,fixed q=0.15,0.002331708909459743
261390,Serra Talhada,30,85774,2018-12-31,3.4975633641896143e-4,0.2,fixed q=0.20,0.001748781682094807
261390,Serra Talhada,30,85774,2018-12-31,3.4975633641896143e-4,0.25,fixed q=0.25,0.0013990253456758457
261390,Serra Talhada,30,85774,2018-12-31,3.4975633641896143e-4,0.3,fixed q=0.30,0.0011658544547298714
261390,Serra Talhada,36,87467,2021-12-31,4.1158379731784557e-4,0.007454145308640366,global-q 2.5%,0.055215424475394126
261390,Serra Talhada,36,87467,2021-12-31,4.1158379731784557e-4,0.009820323685458794,global-q median,0.0419114288388771
261390,Serra Talhada,36,87467,2021-12-31,4.1158379731784557e-4,0.01510174051658718,global-q 97.5%,0.027254063653509176
261390,Serra Talhada,36,87467,2021-12-31,4.1158379731784557e-4,0.05,fixed q=0.05,0.00823167594635691
261390,Serra Talhada,36,87467,2021-12-31,4.1158379731784557e-4,0.1,fixed q=0.10,0.004115837973178455
261390,Serra Talhada,36,87467,2021-12-31,4.1158379731784557e-4,0.15,fixed q=0.15,0.0027438919821189704
261390,Serra Talhada,36,87467,2021-12-31,4.1158379731784557e-4,0.2,fixed q=0.20,0.0020579189865892276
261390,Serra Talhada,36,87467,2021-12-31,4.1158379731784557e-4,0.25,fixed q=0.25,0.0016463351892713823
261390,Serra Talhada,36,87467,2021-12-31,4.1158379731784557e-4,0.3,fixed q=0.30,0.0013719459910594852
261390,Serra Talhada,296,92228,2022-12-31,0.003209437481025285,0.007454145308640366,global-q 2.5%,0.4305574077426571
261390,Serra Talhada,296,92228,2022-12-31,0.003209437481025285,0.009820323685458794,global-q median,0.32681585493740717
261390,Serra Talhada,296,92228,2022-12-31,0.003209437481025285,0.01510174051658718,global-q 97.5%,0.21252103209561576
261390,Serra Talhada,296,92228,2022-12-31,0.003209437481025285,0.05,fixed q=0.05,0.06418874962050569
261390,Serra Talhada,296,92228,2022-12-31,0.003209437481025285,0.1,fixed q=0.10,0.032094374810252846
261390,Serra Talhada,296,92228,2022-12-31,0.003209437481025285,0.15,fixed q=0.15,0.021396249873501902
261390,Serra Talhada,296,92228,2022-12-31,0.003209437481025285,0.2,fixed q=0.20,0.016047187405126423
261390,Serra Talhada,296,92228,2022-12-31,0.003209437481025285,0.25,fixed q=0.25,0.01283774992410114
261390,Serra Talhada,296,92228,2022-12-31,0.003209437481025285,0.3,fixed q=0.30,0.010698124936750951
261390,Serra Talhada,308,98816,2025-12-21,0.00311690414507772,0.007454145308640366,global-q 2.5%,0.41814373291929324
261390,Serra Talhada,308,98816,2025-12-21,0.00311690414507772,0.009820323685458794,global-q median,0.3173932188908396
261390,Serra Talhada,308,98816,2025-12-21,0.00311690414507772,0.01510174051658718,global-q 97.5%,0.20639370287512426
261390,Serra Talhada,308,98816,2025-12-21,0.00311690414507772,0.05,fixed q=0.05,0.0623380829015544
261390,Serra Talhada,308,98816,2025-12-21,0.00311690414507772,0.1,fixed q=0.10,0.0311690414507772
261390,Serra Talhada,308,98816,2025-12-21,0.00311690414507772,0.15,fixed q=0.15,0.0207793609671848
261390,Serra Talhada,308,98816,2025-12-21,0.00311690414507772,0.2,fixed q=0.20,0.0155845207253886
261390,Serra Talhada,308,98816,2025-12-21,0.00311690414507772,0.25,fixed q=0.25,0.01246761658031088
261390,Serra Talhada,308,98816,2025-12-21,0.00311690414507772,0.3,fixed q=0.30,0.0103896804835924
261400,Serrita,9,19049,2016-12-31,4.724657462333981e-4,0.007454145308640366,global-q 2.5%,0.06338295360109845
261400,Serrita,9,19049,2016-12-31,4.724657462333981e-4,0.009820323685458794,global-q median,0.04811101562089957
261400,Serrita,9,19049,2016-12-31,4.724657462333981e-4,0.01510174051658718,global-q 97.5%,0.03128551611083898
261400,Serrita,9,19049,2016-12-31,4.724657462333981e-4,0.05,fixed q=0.05,0.00944931492466796
261400,Serrita,9,19049,2016-12-31,4.724657462333981e-4,0.1,fixed q=0.10,0.00472465746233398
261400,Serrita,9,19049,2016-12-31,4.724657462333981e-4,0.15,fixed q=0.15,0.003149771641555987
261400,Serrita,9,19049,2016-12-31,4.724657462333981e-4,0.2,fixed q=0.20,0.00236232873116699
261400,Serrita,9,19049,2016-12-31,4.724657462333981e-4,0.25,fixed q=0.25,0.0018898629849335923
261400,Serrita,9,19049,2016-12-31,4.724657462333981e-4,0.3,fixed q=0.30,0.0015748858207779936
261400,Serrita,10,19133,2018-12-31,5.226571891496368e-4,0.007454145308640366,global-q 2.5%,0.07011631347510842
261400,Serrita,10,19133,2018-12-31,5.226571891496368e-4,0.009820323685458794,global-q median,0.053221992053433906
261400,Serrita,10,19133,2018-12-31,5.226571891496368e-4,0.01510174051658718,global-q 97.5%,0.03460906963509073
261400,Serrita,10,19133,2018-12-31,5.226571891496368e-4,0.05,fixed q=0.05,0.010453143782992735
261400,Serrita,10,19133,2018-12-31,5.226571891496368e-4,0.1,fixed q=0.10,0.005226571891496367
261400,Serrita,10,19133,2018-12-31,5.226571891496368e-4,0.15,fixed q=0.15,0.0034843812609975785
261400,Serrita,10,19133,2018-12-31,5.226571891496368e-4,0.2,fixed q=0.20,0.0026132859457481837
261400,Serrita,10,19133,2018-12-31,5.226571891496368e-4,0.25,fixed q=0.25,0.002090628756598547
261400,Serrita,10,19133,2018-12-31,5.226571891496368e-4,0.3,fixed q=0.30,0.0017421906304987893
261400,Serrita,11,19226,2021-12-31,5.721418911890149e-4,0.007454145308640366,global-q 2.5%,0.07675486155680716
261400,Serrita,11,19226,2021-12-31,5.721418911890149e-4,0.009820323685458794,global-q median,0.058261001318744725
261400,Serrita,11,19226,2021-12-31,5.721418911890149e-4,0.01510174051658718,global-q 97.5%,0.037885824522053996
261400,Serrita,11,19226,2021-12-31,5.721418911890149e-4,0.05,fixed q=0.05,0.011442837823780298
261400,Serrita,11,19226,2021-12-31,5.721418911890149e-4,0.1,fixed q=0.10,0.005721418911890149
261400,Serrita,11,19226,2021-12-31,5.721418911890149e-4,0.15,fixed q=0.15,0.003814279274593433
261400,Serrita,11,19226,2021-12-31,5.721418911890149e-4,0.2,fixed q=0.20,0.0028607094559450746
261400,Serrita,11,19226,2021-12-31,5.721418911890149e-4,0.25,fixed q=0.25,0.0022885675647560597
261400,Serrita,11,19226,2021-12-31,5.721418911890149e-4,0.3,fixed q=0.30,0.0019071396372967165
261400,Serrita,499,18207,2022-12-31,0.0274070412478717,0.007454145308640366,global-q 2.5%,3.6767516748168587
261400,Serrita,499,18207,2022-12-31,0.0274070412478717,0.009820323685458794,global-q median,2.790849072363471
261400,Serrita,499,18207,2022-12-31,0.0274070412478717,0.01510174051658718,global-q 97.5%,1.8148266564220754
261400,Serrita,499,18207,2022-12-31,0.0274070412478717,0.05,fixed q=0.05,0.548140824957434
261400,Serrita,499,18207,2022-12-31,0.0274070412478717,0.1,fixed q=0.10,0.274070412478717
261400,Serrita,499,18207,2022-12-31,0.0274070412478717,0.15,fixed q=0.15,0.18271360831914465
261400,Serrita,499,18207,2022-12-31,0.0274070412478717,0.2,fixed q=0.20,0.1370352062393585
261400,Serrita,499,18207,2022-12-31,0.0274070412478717,0.25,fixed q=0.25,0.1096281649914868
261400,Serrita,499,18207,2022-12-31,0.0274070412478717,0.3,fixed q=0.30,0.09135680415957233
261400,Serrita,510,18764,2025-12-21,0.02717970581965466,0.007454145308640366,global-q 2.5%,3.6462538217694376
261400,Serrita,510,18764,2025-12-21,0.02717970581965466,0.009820323685458794,global-q median,2.767699588140903
261400,Serrita,510,18764,2025-12-21,0.02717970581965466,0.01510174051658718,global-q 97.5%,1.7997730652173172
261400,Serrita,510,18764,2025-12-21,0.02717970581965466,0.05,fixed q=0.05,0.5435941163930932
261400,Serrita,510,18764,2025-12-21,0.02717970581965466,0.1,fixed q=0.10,0.2717970581965466
261400,Serrita,510,18764,2025-12-21,0.02717970581965466,0.15,fixed q=0.15,0.18119803879769772
261400,Serrita,510,18764,2025-12-21,0.02717970581965466,0.2,fixed q=0.20,0.1358985290982733
261400,Serrita,510,18764,2025-12-21,0.02717970581965466,0.25,fixed q=0.25,0.10871882327861863
261400,Serrita,510,18764,2025-12-21,0.02717970581965466,0.3,fixed q=0.30,0.09059901939884886
261410,Sertânia,3,35521,2016-12-31,8.445708172630275e-5,0.007454145308640366,global-q 2.5%,0.0113302167088701
261410,Sertânia,3,35521,2016-12-31,8.445708172630275e-5,0.009820323685458794,global-q median,0.00860023400769982
261410,Sertânia,3,35521,2016-12-31,8.445708172630275e-5,0.01510174051658718,global-q 97.5%,0.005592539590621246
261410,Sertânia,3,35521,2016-12-31,8.445708172630275e-5,0.05,fixed q=0.05,0.0016891416345260549
261410,Sertânia,3,35521,2016-12-31,8.445708172630275e-5,0.1,fixed q=0.10,8.445708172630274e-4
261410,Sertânia,3,35521,2016-12-31,8.445708172630275e-5,0.15,fixed q=0.15,5.63047211508685e-4
261410,Sertânia,3,35521,2016-12-31,8.445708172630275e-5,0.2,fixed q=0.20,4.222854086315137e-4
261410,Sertânia,3,35521,2016-12-31,8.445708172630275e-5,0.25,fixed q=0.25,3.37828326905211e-4
261410,Sertânia,3,35521,2016-12-31,8.445708172630275e-5,0.3,fixed q=0.30,2.815236057543425e-4
261410,Sertânia,6,35761,2018-12-31,1.67780543049691e-4,0.007454145308640366,global-q 2.5%,0.02250835422475741
261410,Sertânia,6,35761,2018-12-31,1.67780543049691e-4,0.009820323685458794,global-q median,0.017085031860826338
261410,Sertânia,6,35761,2018-12-31,1.67780543049691e-4,0.01510174051658718,global-q 97.5%,0.011110013634879186
261410,Sertânia,6,35761,2018-12-31,1.67780543049691e-4,0.05,fixed q=0.05,0.0033556108609938203
261410,Sertânia,6,35761,2018-12-31,1.67780543049691e-4,0.1,fixed q=0.10,0.0016778054304969101
261410,Sertânia,6,35761,2018-12-31,1.67780543049691e-4,0.15,fixed q=0.15,0.0011185369536646068
261410,Sertânia,6,35761,2018-12-31,1.67780543049691e-4,0.2,fixed q=0.20,8.389027152484551e-4
261410,Sertânia,6,35761,2018-12-31,1.67780543049691e-4,0.25,fixed q=0.25,6.71122172198764e-4
261410,Sertânia,6,35761,2018-12-31,1.67780543049691e-4,0.3,fixed q=0.30,5.592684768323034e-4
261410,Sertânia,23,36189,2021-12-31,6.355522396308271e-4,0.007454145308640366,global-q 2.5%,0.08526158443599641
261410,Sertânia,23,36189,2021-12-31,6.355522396308271e-4,0.009820323685458794,global-q median,0.06471805410771801
261410,Sertânia,23,36189,2021-12-31,6.355522396308271e-4,0.01510174051658718,global-q 97.5%,0.04208470135828122
261410,Sertânia,23,36189,2021-12-31,6.355522396308271e-4,0.05,fixed q=0.05,0.012711044792616541
261410,Sertânia,23,36189,2021-12-31,6.355522396308271e-4,0.1,fixed q=0.10,0.006355522396308271
261410,Sertânia,23,36189,2021-12-31,6.355522396308271e-4,0.15,fixed q=0.15,0.0042370149308721804
261410,Sertânia,23,36189,2021-12-31,6.355522396308271e-4,0.2,fixed q=0.20,0.0031777611981541353
261410,Sertânia,23,36189,2021-12-31,6.355522396308271e-4,0.25,fixed q=0.25,0.0025422089585233083
261410,Sertânia,23,36189,2021-12-31,6.355522396308271e-4,0.3,fixed q=0.30,0.0021185074654360902
261410,Sertânia,28,32811,2022-12-31,8.533723446405169e-4,0.007454145308640366,global-q 2.5%,0.11448292316643499
261410,Sertânia,28,32811,2022-12-31,8.533723446405169e-4,0.009820323685458794,global-q median,0.08689859641837745
261410,Sertânia,28,32811,2022-12-31,8.533723446405169e-4,0.01510174051658718,global-q 97.5%,0.05650821133519047
261410,Sertânia,28,32811,2022-12-31,8.533723446405169e-4,0.05,fixed q=0.05,0.017067446892810336
261410,Sertânia,28,32811,2022-12-31,8.533723446405169e-4,0.1,fixed q=0.10,0.008533723446405168
261410,Sertânia,28,32811,2022-12-31,8.533723446405169e-4,0.15,fixed q=0.15,0.005689148964270113
261410,Sertânia,28,32811,2022-12-31,8.533723446405169e-4,0.2,fixed q=0.20,0.004266861723202584
261410,Sertânia,28,32811,2022-12-31,8.533723446405169e-4,0.25,fixed q=0.25,0.0034134893785620676
261410,Sertânia,28,32811,2022-12-31,8.533723446405169e-4,0.3,fixed q=0.30,0.0028445744821350566
261410,Sertânia,30,34271,2025-12-21,8.753756820635523e-4,0.007454145308640366,global-q 2.5%,0.1174347488301406
261410,Sertânia,30,34271,2025-12-21,8.753756820635523e-4,0.009820323685458794,global-q median,0.08913918828966336
261410,Sertânia,30,34271,2025-12-21,8.753756820635523e-4,0.01510174051658718,global-q 97.5%,0.05796521805563225
261410,Sertânia,30,34271,2025-12-21,8.753756820635523e-4,0.05,fixed q=0.05,0.017507513641271046
261410,Sertânia,30,34271,2025-12-21,8.753756820635523e-4,0.1,fixed q=0.10,0.008753756820635523
261410,Sertânia,30,34271,2025-12-21,8.753756820635523e-4,0.15,fixed q=0.15,0.005835837880423682
261410,Sertânia,30,34271,2025-12-21,8.753756820635523e-4,0.2,fixed q=0.20,0.004376878410317761
261410,Sertânia,30,34271,2025-12-21,8.753756820635523e-4,0.25,fixed q=0.25,0.003501502728254209
261410,Sertânia,30,34271,2025-12-21,8.753756820635523e-4,0.3,fixed q=0.30,0.002917918940211841
261420,Sirinhaém,3,44734,2016-12-31,6.70630840076899e-5,0.007454145308640366,global-q 2.5%,0.008996750295430206
261420,Sirinhaém,3,44734,2016-12-31,6.70630840076899e-5,0.009820323685458794,global-q median,0.00682900952714949
261420,Sirinhaém,3,44734,2016-12-31,6.70630840076899e-5,0.01510174051658718,global-q 97.5%,0.004440751973855619
261420,Sirinhaém,3,44734,2016-12-31,6.70630840076899e-5,0.05,fixed q=0.05,0.001341261680153798
261420,Sirinhaém,3,44734,2016-12-31,6.70630840076899e-5,0.1,fixed q=0.10,6.70630840076899e-4
261420,Sirinhaém,3,44734,2016-12-31,6.70630840076899e-5,0.15,fixed q=0.15,4.470872267179327e-4
261420,Sirinhaém,3,44734,2016-12-31,6.70630840076899e-5,0.2,fixed q=0.20,3.353154200384495e-4
261420,Sirinhaém,3,44734,2016-12-31,6.70630840076899e-5,0.25,fixed q=0.25,2.682523360307596e-4
261420,Sirinhaém,3,44734,2016-12-31,6.70630840076899e-5,0.3,fixed q=0.30,2.2354361335896636e-4
261420,Sirinhaém,5,45359,2018-12-31,1.1023170704821535e-4,0.007454145308640366,global-q 2.5%,0.014787974004268718
261420,Sirinhaém,5,45359,2018-12-31,1.1023170704821535e-4,0.009820323685458794,global-q median,0.01122485475824369
261420,Sirinhaém,5,45359,2018-12-31,1.1023170704821535e-4,0.01510174051658718,global-q 97.5%,0.007299271691706067
261420,Sirinhaém,5,45359,2018-12-31,1.1023170704821535e-4,0.05,fixed q=0.05,0.002204634140964307
261420,Sirinhaém,5,45359,2018-12-31,1.1023170704821535e-4,0.1,fixed q=0.10,0.0011023170704821535
261420,Sirinhaém,5,45359,2018-12-31,1.1023170704821535e-4,0.15,fixed q=0.15,7.348780469881024e-4
261420,Sirinhaém,5,45359,2018-12-31,1.1023170704821535e-4,0.2,fixed q=0.20,5.511585352410768e-4
261420,Sirinhaém,5,45359,2018-12-31,1.1023170704821535e-4,0.25,fixed q=0.25,4.409268281928614e-4
261420,Sirinhaém,5,45359,2018-12-31,1.1023170704821535e-4,0.3,fixed q=0.30,3.674390234940512e-4
261420,Sirinhaém,67,37596,2022-12-31,0.0017821044791999148,0.007454145308640366,global-q 2.5%,0.2390756291179639
261420,Sirinhaém,67,37596,2022-12-31,0.0017821044791999148,0.009820323685458794,global-q median,0.1814710529184209
261420,Sirinhaém,67,37596,2022-12-31,0.0017821044791999148,0.01510174051658718,global-q 97.5%,0.11800656204114478
261420,Sirinhaém,67,37596,2022-12-31,0.0017821044791999148,0.05,fixed q=0.05,0.035642089583998296
261420,Sirinhaém,67,37596,2022-12-31,0.0017821044791999148,0.1,fixed q=0.10,0.017821044791999148
261420,Sirinhaém,67,37596,2022-12-31,0.0017821044791999148,0.15,fixed q=0.15,0.011880696527999432
261420,Sirinhaém,67,37596,2022-12-31,0.0017821044791999148,0.2,fixed q=0.20,0.008910522395999574
261420,Sirinhaém,67,37596,2022-12-31,0.0017821044791999148,0.25,fixed q=0.25,0.007128417916799659
261420,Sirinhaém,67,37596,2022-12-31,0.0017821044791999148,0.3,fixed q=0.30,0.005940348263999716
261420,Sirinhaém,67,46845,2021-12-31,0.001430248692496531,0.007454145308640366,global-q 2.5%,0.19187292885727336
261420,Sirinhaém,67,46845,2021-12-31,0.001430248692496531,0.009820323685458794,global-q median,0.145641705742789
261420,Sirinhaém,67,46845,2021-12-31,0.001430248692496531,0.01510174051658718,global-q 97.5%,0.09470753989751049
261420,Sirinhaém,67,46845,2021-12-31,0.001430248692496531,0.05,fixed q=0.05,0.02860497384993062
261420,Sirinhaém,67,46845,2021-12-31,0.001430248692496531,0.1,fixed q=0.10,0.01430248692496531
261420,Sirinhaém,67,46845,2021-12-31,0.001430248692496531,0.15,fixed q=0.15,0.009534991283310208
261420,Sirinhaém,67,46845,2021-12-31,0.001430248692496531,0.2,fixed q=0.20,0.007151243462482655
261420,Sirinhaém,67,46845,2021-12-31,0.001430248692496531,0.25,fixed q=0.25,0.005720994769986124
261420,Sirinhaém,67,46845,2021-12-31,0.001430248692496531,0.3,fixed q=0.30,0.004767495641655104
261420,Sirinhaém,74,39171,2025-12-21,0.0018891526894896735,0.007454145308640366,global-q 2.5%,0.2534365257543194
261420,Sirinhaém,74,39171,2025-12-21,0.0018891526894896735,0.009820323685458794,global-q median,0.1923717333561001
261420,Sirinhaém,74,39171,2025-12-21,0.0018891526894896735,0.01510174051658718,global-q 97.5%,0.1250950304314062
261420,Sirinhaém,74,39171,2025-12-21,0.0018891526894896735,0.05,fixed q=0.05,0.03778305378979347
261420,Sirinhaém,74,39171,2025-12-21,0.0018891526894896735,0.1,fixed q=0.10,0.018891526894896735
261420,Sirinhaém,74,39171,2025-12-21,0.0018891526894896735,0.15,fixed q=0.15,0.01259435126326449
261420,Sirinhaém,74,39171,2025-12-21,0.0018891526894896735,0.2,fixed q=0.20,0.009445763447448368
261420,Sirinhaém,74,39171,2025-12-21,0.0018891526894896735,0.25,fixed q=0.25,0.007556610757958694
261420,Sirinhaém,74,39171,2025-12-21,0.0018891526894896735,0.3,fixed q=0.30,0.006297175631632245
261430,Moreilândia,0,11240,2016-12-31,0,0.007454145308640366,global-q 2.5%,0
261430,Moreilândia,0,11240,2016-12-31,0,0.009820323685458794,global-q median,0
261430,Moreilândia,0,11240,2016-12-31,0,0.01510174051658718,global-q 97.5%,0
261430,Moreilândia,0,11240,2016-12-31,0,0.05,fixed q=0.05,0
261430,Moreilândia,0,11240,2016-12-31,0,0.1,fixed q=0.10,0
261430,Moreilândia,0,11240,2016-12-31,0,0.15,fixed q=0.15,0
261430,Moreilândia,0,11240,2016-12-31,0,0.2,fixed q=0.20,0
261430,Moreilândia,0,11240,2016-12-31,0,0.25,fixed q=0.25,0
261430,Moreilândia,0,11240,2016-12-31,0,0.3,fixed q=0.30,0
261430,Moreilândia,0,11269,2021-12-31,0,0.007454145308640366,global-q 2.5%,0
261430,Moreilândia,0,11269,2021-12-31,0,0.009820323685458794,global-q median,0
261430,Moreilândia,0,11269,2021-12-31,0,0.01510174051658718,global-q 97.5%,0
261430,Moreilândia,0,11269,2021-12-31,0,0.05,fixed q=0.05,0
261430,Moreilândia,0,11269,2021-12-31,0,0.1,fixed q=0.10,0
261430,Moreilândia,0,11269,2021-12-31,0,0.15,fixed q=0.15,0
261430,Moreilândia,0,11269,2021-12-31,0,0.2,fixed q=0.20,0
261430,Moreilândia,0,11269,2021-12-31,0,0.25,fixed q=0.25,0
261430,Moreilândia,0,11269,2021-12-31,0,0.3,fixed q=0.30,0
261430,Moreilândia,0,11270,2018-12-31,0,0.007454145308640366,global-q 2.5%,0
261430,Moreilândia,0,11270,2018-12-31,0,0.009820323685458794,global-q median,0
261430,Moreilândia,0,11270,2018-12-31,0,0.01510174051658718,global-q 97.5%,0
261430,Moreilândia,0,11270,2018-12-31,0,0.05,fixed q=0.05,0
261430,Moreilândia,0,11270,2018-12-31,0,0.1,fixed q=0.10,0
261430,Moreilândia,0,11270,2018-12-31,0,0.15,fixed q=0.15,0
261430,Moreilândia,0,11270,2018-12-31,0,0.2,fixed q=0.20,0
261430,Moreilândia,0,11270,2018-12-31,0,0.25,fixed q=0.25,0
261430,Moreilândia,0,11270,2018-12-31,0,0.3,fixed q=0.30,0
261430,Moreilândia,41,10540,2022-12-31,0.003889943074003795,0.007454145308640366,global-q 2.5%,0.5218496437807327
261430,Moreilândia,41,10540,2022-12-31,0.003889943074003795,0.009820323685458794,global-q median,0.39611149271624657
261430,Moreilândia,41,10540,2022-12-31,0.003889943074003795,0.01510174051658718,global-q 97.5%,0.25758243360963784
261430,Moreilândia,41,10540,2022-12-31,0.003889943074003795,0.05,fixed q=0.05,0.07779886148007589
261430,Moreilândia,41,10540,2022-12-31,0.003889943074003795,0.1,fixed q=0.10,0.038899430740037946
261430,Moreilândia,41,10540,2022-12-31,0.003889943074003795,0.15,fixed q=0.15,0.02593295382669197
261430,Moreilândia,41,10540,2022-12-31,0.003889943074003795,0.2,fixed q=0.20,0.019449715370018973
261430,Moreilândia,41,10540,2022-12-31,0.003889943074003795,0.25,fixed q=0.25,0.01555977229601518
261430,Moreilândia,41,10540,2022-12-31,0.003889943074003795,0.3,fixed q=0.30,0.012966476913345985
261430,Moreilândia,42,10839,2025-12-21,0.0038748962081372822,0.007454145308640366,global-q 2.5%,0.5198310534201355
261430,Moreilândia,42,10839,2025-12-21,0.0038748962081372822,0.009820323685458794,global-q median,0.3945792758211158
261430,Moreilândia,42,10839,2025-12-21,0.0038748962081372822,0.01510174051658718,global-q 97.5%,0.2565860672735863
261430,Moreilândia,42,10839,2025-12-21,0.0038748962081372822,0.05,fixed q=0.05,0.07749792416274565
261430,Moreilândia,42,10839,2025-12-21,0.0038748962081372822,0.1,fixed q=0.10,0.03874896208137282
261430,Moreilândia,42,10839,2025-12-21,0.0038748962081372822,0.15,fixed q=0.15,0.025832641387581883
261430,Moreilândia,42,10839,2025-12-21,0.0038748962081372822,0.2,fixed q=0.20,0.01937448104068641
261430,Moreilândia,42,10839,2025-12-21,0.0038748962081372822,0.25,fixed q=0.25,0.015499584832549129
261430,Moreilândia,42,10839,2025-12-21,0.0038748962081372822,0.3,fixed q=0.30,0.012916320693790942
261440,Solidão,1,5964,2016-12-31,1.6767270288397049e-4,0.007454145308640366,global-q 2.5%,0.022493887084494457
261440,Solidão,1,5964,2016-12-31,1.6767270288397049e-4,0.009820323685458794,global-q median,0.01707405053585431
261440,Solidão,1,5964,2016-12-31,1.6767270288397049e-4,0.01510174051658718,global-q 97.5%,0.011102872725154107
261440,Solidão,1,5964,2016-12-31,1.6767270288397049e-4,0.05,fixed q=0.05,0.0033534540576794095
261440,Solidão,1,5964,2016-12-31,1.6767270288397049e-4,0.1,fixed q=0.10,0.0016767270288397047
261440,Solidão,1,5964,2016-12-31,1.6767270288397049e-4,0.15,fixed q=0.15,0.00111781801922647
261440,Solidão,1,5964,2016-12-31,1.6767270288397049e-4,0.2,fixed q=0.20,8.383635144198524e-4
261440,Solidão,1,5964,2016-12-31,1.6767270288397049e-4,0.25,fixed q=0.25,6.706908115358819e-4
261440,Solidão,1,5964,2016-12-31,1.6767270288397049e-4,0.3,fixed q=0.30,5.58909009613235e-4
261440,Solidão,1,5993,2018-12-31,1.668613382279326e-4,0.007454145308640366,global-q 2.5%,0.02238503964156932
261440,Solidão,1,5993,2018-12-31,1.668613382279326e-4,0.009820323685458794,global-q median,0.016991429567134172
261440,Solidão,1,5993,2018-12-31,1.668613382279326e-4,0.01510174051658718,global-q 97.5%,0.011049146159322391
261440,Solidão,1,5993,2018-12-31,1.668613382279326e-4,0.05,fixed q=0.05,0.0033372267645586516
261440,Solidão,1,5993,2018-12-31,1.668613382279326e-4,0.1,fixed q=0.10,0.0016686133822793258
261440,Solidão,1,5993,2018-12-31,1.668613382279326e-4,0.15,fixed q=0.15,0.0011124089215195506
261440,Solidão,1,5993,2018-12-31,1.668613382279326e-4,0.2,fixed q=0.20,8.343066911396629e-4
261440,Solidão,1,5993,2018-12-31,1.668613382279326e-4,0.25,fixed q=0.25,6.674453529117303e-4
261440,Solidão,1,5993,2018-12-31,1.668613382279326e-4,0.3,fixed q=0.30,5.562044607597753e-4
261440,Solidão,1,6034,2021-12-31,1.6572754391779913e-4,0.007454145308640366,global-q 2.5%,0.022232937118317028
261440,Solidão,1,6034,2021-12-31,1.6572754391779913e-4,0.009820323685458794,global-q median,0.016875975703651822
261440,Solidão,1,6034,2021-12-31,1.6572754391779913e-4,0.01510174051658718,global-q 97.5%,0.010974069097252086
261440,Solidão,1,6034,2021-12-31,1.6572754391779913e-4,0.05,fixed q=0.05,0.0033145508783559824
261440,Solidão,1,6034,2021-12-31,1.6572754391779913e-4,0.1,fixed q=0.10,0.0016572754391779912
261440,Solidão,1,6034,2021-12-31,1.6572754391779913e-4,0.15,fixed q=0.15,0.0011048502927853276
261440,Solidão,1,6034,2021-12-31,1.6572754391779913e-4,0.2,fixed q=0.20,8.286377195889956e-4
261440,Solidão,1,6034,2021-12-31,1.6572754391779913e-4,0.25,fixed q=0.25,6.629101756711965e-4
261440,Solidão,1,6034,2021-12-31,1.6572754391779913e-4,0.3,fixed q=0.30,5.524251463926638e-4
261440,Solidão,4,5210,2022-12-31,7.677543186180423e-4,0.007454145308640366,global-q 2.5%,0.10299696166750476
261440,Solidão,4,5210,2022-12-31,7.677543186180423e-4,0.009820323685458794,global-q median,0.07818014387396169
261440,Solidão,4,5210,2022-12-31,7.677543186180423e-4,0.01510174051658718,global-q 97.5%,0.050838796877404294
261440,Solidão,4,5210,2022-12-31,7.677543186180423e-4,0.05,fixed q=0.05,0.015355086372360844
261440,Solidão,4,5210,2022-12-31,7.677543186180423e-4,0.1,fixed q=0.10,0.007677543186180422
261440,Solidão,4,5210,2022-12-31,7.677543186180423e-4,0.15,fixed q=0.15,0.005118362124120282
261440,Solidão,4,5210,2022-12-31,7.677543186180423e-4,0.2,fixed q=0.20,0.003838771593090211
261440,Solidão,4,5210,2022-12-31,7.677543186180423e-4,0.25,fixed q=0.25,0.003071017274472169
261440,Solidão,4,5210,2022-12-31,7.677543186180423e-4,0.3,fixed q=0.30,0.002559181062060141
261440,Solidão,4,5386,2025-12-21,7.426661715558856e-4,0.007454145308640366,global-q 2.5%,0.09963129786255101
261440,Solidão,4,5386,2025-12-21,7.426661715558856e-4,0.009820323685458794,global-q median,0.0756254269556889
261440,Solidão,4,5386,2025-12-21,7.426661715558856e-4,0.01510174051658718,global-q 97.5%,0.04917752167309253
261440,Solidão,4,5386,2025-12-21,7.426661715558856e-4,0.05,fixed q=0.05,0.01485332343111771
261440,Solidão,4,5386,2025-12-21,7.426661715558856e-4,0.1,fixed q=0.10,0.007426661715558855
261440,Solidão,4,5386,2025-12-21,7.426661715558856e-4,0.15,fixed q=0.15,0.004951107810372571
261440,Solidão,4,5386,2025-12-21,7.426661715558856e-4,0.2,fixed q=0.20,0.0037133308577794277
261440,Solidão,4,5386,2025-12-21,7.426661715558856e-4,0.25,fixed q=0.25,0.0029706646862235424
261440,Solidão,4,5386,2025-12-21,7.426661715558856e-4,0.3,fixed q=0.30,0.0024755539051862854
261450,Surubim,10,63780,2016-12-31,1.5678896205707118e-4,0.007454145308640366,global-q 2.5%,0.021033794696131224
261450,Surubim,10,63780,2016-12-31,1.5678896205707118e-4,0.009820323685458794,global-q median,0.015965763153940906
261450,Surubim,10,63780,2016-12-31,1.5678896205707118e-4,0.01510174051658718,global-q 97.5%,0.010382178258516634
261450,Surubim,10,63780,2016-12-31,1.5678896205707118e-4,0.05,fixed q=0.05,0.0031357792411414232
261450,Surubim,10,63780,2016-12-31,1.5678896205707118e-4,0.1,fixed q=0.10,0.0015678896205707116
261450,Surubim,10,63780,2016-12-31,1.5678896205707118e-4,0.15,fixed q=0.15,0.0010452597470471411
261450,Surubim,10,63780,2016-12-31,1.5678896205707118e-4,0.2,fixed q=0.20,7.839448102853558e-4
261450,Surubim,10,63780,2016-12-31,1.5678896205707118e-4,0.25,fixed q=0.25,6.271558482282847e-4
261450,Surubim,10,63780,2016-12-31,1.5678896205707118e-4,0.3,fixed q=0.30,5.226298735235706e-4
261450,Surubim,15,64520,2018-12-31,2.3248605083694979e-4,0.007454145308640366,global-q 2.5%,0.03118882731833345
261450,Surubim,15,64520,2018-12-31,2.3248605083694979e-4,0.009820323685458794,global-q median,0.02367397025631628
261450,Surubim,15,64520,2018-12-31,2.3248605083694979e-4,0.01510174051658718,global-q 97.5%,0.015394652727716776
261450,Surubim,15,64520,2018-12-31,2.3248605083694979e-4,0.05,fixed q=0.05,0.0046497210167389955
261450,Surubim,15,64520,2018-12-31,2.3248605083694979e-4,0.1,fixed q=0.10,0.0023248605083694977
261450,Surubim,15,64520,2018-12-31,2.3248605083694979e-4,0.15,fixed q=0.15,0.0015499070055796653
261450,Surubim,15,64520,2018-12-31,2.3248605083694979e-4,0.2,fixed q=0.20,0.0011624302541847489
261450,Surubim,15,64520,2018-12-31,2.3248605083694979e-4,0.25,fixed q=0.25,9.299442033477991e-4
261450,Surubim,15,64520,2018-12-31,2.3248605083694979e-4,0.3,fixed q=0.30,7.749535027898327e-4
261450,Surubim,17,64120,2022-12-31,2.651278852152215e-4,0.007454145308640366,global-q 2.5%,0.03556784503622464
261450,Surubim,17,64120,2022-12-31,2.651278852152215e-4,0.009820323685458794,global-q median,0.02699787641499059
261450,Surubim,17,64120,2022-12-31,2.651278852152215e-4,0.01510174051658718,global-q 97.5%,0.01755611447064761
261450,Surubim,17,64120,2022-12-31,2.651278852152215e-4,0.05,fixed q=0.05,0.005302557704304429
261450,Surubim,17,64120,2022-12-31,2.651278852152215e-4,0.1,fixed q=0.10,0.0026512788521522146
261450,Surubim,17,64120,2022-12-31,2.651278852152215e-4,0.15,fixed q=0.15,0.0017675192347681432
261450,Surubim,17,64120,2022-12-31,2.651278852152215e-4,0.2,fixed q=0.20,0.0013256394260761073
261450,Surubim,17,64120,2022-12-31,2.651278852152215e-4,0.25,fixed q=0.25,0.001060511540860886
261450,Surubim,17,64120,2022-12-31,2.651278852152215e-4,0.3,fixed q=0.30,8.837596173840716e-4
261450,Surubim,17,66192,2021-12-31,2.568286197727822e-4,0.007454145308640366,global-q 2.5%,0.034454469176376665
261450,Surubim,17,66192,2021-12-31,2.568286197727822e-4,0.009820323685458794,global-q median,0.026152765224335215
261450,Surubim,17,66192,2021-12-31,2.568286197727822e-4,0.01510174051658718,global-q 97.5%,0.01700655758789468
261450,Surubim,17,66192,2021-12-31,2.568286197727822e-4,0.05,fixed q=0.05,0.005136572395455644
261450,Surubim,17,66192,2021-12-31,2.568286197727822e-4,0.1,fixed q=0.10,0.002568286197727822
261450,Surubim,17,66192,2021-12-31,2.568286197727822e-4,0.15,fixed q=0.15,0.0017121907984852147
261450,Surubim,17,66192,2021-12-31,2.568286197727822e-4,0.2,fixed q=0.20,0.001284143098863911
261450,Surubim,17,66192,2021-12-31,2.568286197727822e-4,0.25,fixed q=0.25,0.0010273144790911288
261450,Surubim,17,66192,2021-12-31,2.568286197727822e-4,0.3,fixed q=0.30,8.560953992426074e-4
261450,Surubim,19,67821,2025-12-21,2.801492163194291e-4,0.007454145308640366,global-q 2.5%,0.03758300981799994
261450,Surubim,19,67821,2025-12-21,2.801492163194291e-4,0.009820323685458794,global-q median,0.028527493114534834
261450,Surubim,19,67821,2025-12-21,2.801492163194291e-4,0.01510174051658718,global-q 97.5%,0.018550789957735257
261450,Surubim,19,67821,2025-12-21,2.801492163194291e-4,0.05,fixed q=0.05,0.005602984326388582
261450,Surubim,19,67821,2025-12-21,2.801492163194291e-4,0.1,fixed q=0.10,0.002801492163194291
261450,Surubim,19,67821,2025-12-21,2.801492163194291e-4,0.15,fixed q=0.15,0.0018676614421295275
261450,Surubim,19,67821,2025-12-21,2.801492163194291e-4,0.2,fixed q=0.20,0.0014007460815971455
261450,Surubim,19,67821,2025-12-21,2.801492163194291e-4,0.25,fixed q=0.25,0.0011205968652777164
261450,Surubim,19,67821,2025-12-21,2.801492163194291e-4,0.3,fixed q=0.30,9.338307210647637e-4
261460,Tabira,2,28132,2016-12-31,7.109341674960899e-5,0.007454145308640366,global-q 2.5%,0.009537433710502271
261460,Tabira,2,28132,2016-12-31,7.109341674960899e-5,0.009820323685458794,global-q median,0.007239416848843673
261460,Tabira,2,28132,2016-12-31,7.109341674960899e-5,0.01510174051658718,global-q 97.5%,0.004707630664923866
261460,Tabira,2,28132,2016-12-31,7.109341674960899e-5,0.05,fixed q=0.05,0.0014218683349921798
261460,Tabira,2,28132,2016-12-31,7.109341674960899e-5,0.1,fixed q=0.10,7.109341674960899e-4
261460,Tabira,2,28132,2016-12-31,7.109341674960899e-5,0.15,fixed q=0.15,4.7395611166405993e-4
261460,Tabira,2,28132,2016-12-31,7.109341674960899e-5,0.2,fixed q=0.20,3.5546708374804495e-4
261460,Tabira,2,28132,2016-12-31,7.109341674960899e-5,0.25,fixed q=0.25,2.8437366699843596e-4
261460,Tabira,2,28132,2016-12-31,7.109341674960899e-5,0.3,fixed q=0.30,2.3697805583202996e-4
261460,Tabira,3,28371,2018-12-31,1.0574177857671566e-4,0.007454145308640366,global-q 2.5%,0.014185634193922485
261460,Tabira,3,28371,2018-12-31,1.0574177857671566e-4,0.009820323685458794,global-q median,0.010767646970057639
261460,Tabira,3,28371,2018-12-31,1.0574177857671566e-4,0.01510174051658718,global-q 97.5%,0.007001959705278534
261460,Tabira,3,28371,2018-12-31,1.0574177857671566e-4,0.05,fixed q=0.05,0.002114835571534313
261460,Tabira,3,28371,2018-12-31,1.0574177857671566e-4,0.1,fixed q=0.10,0.0010574177857671566
261460,Tabira,3,28371,2018-12-31,1.0574177857671566e-4,0.15,fixed q=0.15,7.049451905114378e-4
261460,Tabira,3,28371,2018-12-31,1.0574177857671566e-4,0.2,fixed q=0.20,5.287088928835783e-4
261460,Tabira,3,28371,2018-12-31,1.0574177857671566e-4,0.25,fixed q=0.25,0.00042296711430686265
261460,Tabira,3,28371,2018-12-31,1.0574177857671566e-4,0.3,fixed q=0.30,3.524725952557189e-4
261460,Tabira,3,28860,2021-12-31,1.0395010395010396e-4,0.007454145308640366,global-q 2.5%,0.013945274695626295
261460,Tabira,3,28860,2021-12-31,1.0395010395010396e-4,0.009820323685458794,global-q median,0.010585201392498451
261460,Tabira,3,28860,2021-12-31,1.0395010395010396e-4,0.01510174051658718,global-q 97.5%,0.006883319431685977
261460,Tabira,3,28860,2021-12-31,1.0395010395010396e-4,0.05,fixed q=0.05,0.002079002079002079
261460,Tabira,3,28860,2021-12-31,1.0395010395010396e-4,0.1,fixed q=0.10,0.0010395010395010396
261460,Tabira,3,28860,2021-12-31,1.0395010395010396e-4,0.15,fixed q=0.15,6.930006930006931e-4
261460,Tabira,3,28860,2021-12-31,1.0395010395010396e-4,0.2,fixed q=0.20,5.197505197505198e-4
261460,Tabira,3,28860,2021-12-31,1.0395010395010396e-4,0.25,fixed q=0.25,4.158004158004158e-4
261460,Tabira,3,28860,2021-12-31,1.0395010395010396e-4,0.3,fixed q=0.30,3.4650034650034656e-4
261460,Tabira,4,27681,2022-12-31,1.4450345001986922e-4,0.007454145308640366,global-q 2.5%,0.019385649734030553
261460,Tabira,4,27681,2022-12-31,1.4450345001986922e-4,0.009820323685458794,global-q median,0.014714733917970462
261460,Tabira,4,27681,2022-12-31,1.4450345001986922e-4,0.01510174051658718,global-q 97.5%,0.009568661960596667
261460,Tabira,4,27681,2022-12-31,1.4450345001986922e-4,0.05,fixed q=0.05,0.0028900690003973843
261460,Tabira,4,27681,2022-12-31,1.4450345001986922e-4,0.1,fixed q=0.10,0.0014450345001986921
261460,Tabira,4,27681,2022-12-31,1.4450345001986922e-4,0.15,fixed q=0.15,9.633563334657949e-4
261460,Tabira,4,27681,2022-12-31,1.4450345001986922e-4,0.2,fixed q=0.20,7.225172500993461e-4
261460,Tabira,4,27681,2022-12-31,1.4450345001986922e-4,0.25,fixed q=0.25,5.780138000794769e-4
261460,Tabira,4,27681,2022-12-31,1.4450345001986922e-4,0.3,fixed q=0.30,4.8167816673289743e-4
261460,Tabira,10,29180,2025-12-21,3.427004797806717e-4,0.007454145308640366,global-q 2.5%,0.045974483403675444
261460,Tabira,10,29180,2025-12-21,3.427004797806717e-4,0.009820323685458794,global-q median,0.034897065591444516
261460,Tabira,10,29180,2025-12-21,3.427004797806717e-4,0.01510174051658718,global-q 97.5%,0.022692780305969534
261460,Tabira,10,29180,2025-12-21,3.427004797806717e-4,0.05,fixed q=0.05,0.006854009595613434
261460,Tabira,10,29180,2025-12-21,3.427004797806717e-4,0.1,fixed q=0.10,0.003427004797806717
261460,Tabira,10,29180,2025-12-21,3.427004797806717e-4,0.15,fixed q=0.15,0.0022846698652044784
261460,Tabira,10,29180,2025-12-21,3.427004797806717e-4,0.2,fixed q=0.20,0.0017135023989033585
261460,Tabira,10,29180,2025-12-21,3.427004797806717e-4,0.25,fixed q=0.25,0.0013708019191226869
261460,Tabira,10,29180,2025-12-21,3.427004797806717e-4,0.3,fixed q=0.30,0.0011423349326022392
261470,Tacaimbó,1,12843,2021-12-31,7.786342754808066e-5,0.007454145308640366,global-q 2.5%,0.010445654642367432
261470,Tacaimbó,1,12843,2021-12-31,7.786342754808066e-5,0.009820323685458794,global-q median,0.007928804593617932
261470,Tacaimbó,1,12843,2021-12-31,7.786342754808066e-5,0.01510174051658718,global-q 97.5%,0.005155924077927205
261470,Tacaimbó,1,12843,2021-12-31,7.786342754808066e-5,0.05,fixed q=0.05,0.0015572685509616132
261470,Tacaimbó,1,12843,2021-12-31,7.786342754808066e-5,0.1,fixed q=0.10,7.786342754808066e-4
261470,Tacaimbó,1,12843,2021-12-31,7.786342754808066e-5,0.15,fixed q=0.15,5.190895169872045e-4
261470,Tacaimbó,1,12843,2021-12-31,7.786342754808066e-5,0.2,fixed q=0.20,3.893171377404033e-4
261470,Tacaimbó,1,12843,2021-12-31,7.786342754808066e-5,0.25,fixed q=0.25,3.1145371019232265e-4
261470,Tacaimbó,1,12843,2021-12-31,7.786342754808066e-5,0.3,fixed q=0.30,2.5954475849360224e-4
261470,Tacaimbó,1,12872,2016-12-31,7.768800497203231e-5,0.007454145308640366,global-q 2.5%,0.010422121082343454
261470,Tacaimbó,1,12872,2016-12-31,7.768800497203231e-5,0.009820323685458794,global-q median,0.007910941376307885
261470,Tacaimbó,1,12872,2016-12-31,7.768800497203231e-5,0.01510174051658718,global-q 97.5%,0.005144308027720563
261470,Tacaimbó,1,12872,2016-12-31,7.768800497203231e-5,0.05,fixed q=0.05,0.0015537600994406462
261470,Tacaimbó,1,12872,2016-12-31,7.768800497203231e-5,0.1,fixed q=0.10,7.768800497203231e-4
261470,Tacaimbó,1,12872,2016-12-31,7.768800497203231e-5,0.15,fixed q=0.15,5.179200331468821e-4
261470,Tacaimbó,1,12872,2016-12-31,7.768800497203231e-5,0.2,fixed q=0.20,3.8844002486016155e-4
261470,Tacaimbó,1,12872,2016-12-31,7.768800497203231e-5,0.25,fixed q=0.25,3.1075201988812925e-4
261470,Tacaimbó,1,12872,2016-12-31,7.768800497203231e-5,0.3,fixed q=0.30,2.5896001657344105e-4
261470,Tacaimbó,1,12890,2018-12-31,7.757951900698215e-5,0.007454145308640366,global-q 2.5%,0.01040756730581264
261470,Tacaimbó,1,12890,2018-12-31,7.757951900698215e-5,0.009820323685458794,global-q median,0.007899894289824289
261470,Tacaimbó,1,12890,2018-12-31,7.757951900698215e-5,0.01510174051658718,global-q 97.5%,0.0051371243547571055
261470,Tacaimbó,1,12890,2018-12-31,7.757951900698215e-5,0.05,fixed q=0.05,0.001551590380139643
261470,Tacaimbó,1,12890,2018-12-31,7.757951900698215e-5,0.1,fixed q=0.10,7.757951900698214e-4
261470,Tacaimbó,1,12890,2018-12-31,7.757951900698215e-5,0.15,fixed q=0.15,5.17196793379881e-4
261470,Tacaimbó,1,12890,2018-12-31,7.757951900698215e-5,0.2,fixed q=0.20,3.878975950349107e-4
261470,Tacaimbó,1,12890,2018-12-31,7.757951900698215e-5,0.25,fixed q=0.25,3.103180760279286e-4
261470,Tacaimbó,1,12890,2018-12-31,7.757951900698215e-5,0.3,fixed q=0.30,2.585983966899405e-4
261470,Tacaimbó,1,13738,2022-12-31,7.279079924297569e-5,0.007454145308640366,global-q 2.5%,0.009765143585086981
261470,Tacaimbó,1,13738,2022-12-31,7.279079924297569e-5,0.009820323685458794,global-q median,0.007412260692665242
261470,Tacaimbó,1,13738,2022-12-31,7.279079924297569e-5,0.01510174051658718,global-q 97.5%,0.004820027146077966
261470,Tacaimbó,1,13738,2022-12-31,7.279079924297569e-5,0.05,fixed q=0.05,0.0014558159848595137
261470,Tacaimbó,1,13738,2022-12-31,7.279079924297569e-5,0.1,fixed q=0.10,7.279079924297568e-4
261470,Tacaimbó,1,13738,2022-12-31,7.279079924297569e-5,0.15,fixed q=0.15,4.852719949531713e-4
261470,Tacaimbó,1,13738,2022-12-31,7.279079924297569e-5,0.2,fixed q=0.20,3.639539962148784e-4
261470,Tacaimbó,1,13738,2022-12-31,7.279079924297569e-5,0.25,fixed q=0.25,2.9116319697190275e-4
261470,Tacaimbó,1,13738,2022-12-31,7.279079924297569e-5,0.3,fixed q=0.30,2.4263599747658565e-4
261470,Tacaimbó,2,14330,2025-12-21,1.3956734124214934e-4,0.007454145308640366,global-q 2.5%,0.018723453254979056
261470,Tacaimbó,2,14330,2025-12-21,1.3956734124214934e-4,0.009820323685458794,global-q median,0.014212091750988849
261470,Tacaimbó,2,14330,2025-12-21,1.3956734124214934e-4,0.01510174051658718,global-q 97.5%,0.009241805015048024
261470,Tacaimbó,2,14330,2025-12-21,1.3956734124214934e-4,0.05,fixed q=0.05,0.0027913468248429866
261470,Tacaimbó,2,14330,2025-12-21,1.3956734124214934e-4,0.1,fixed q=0.10,0.0013956734124214933
261470,Tacaimbó,2,14330,2025-12-21,1.3956734124214934e-4,0.15,fixed q=0.15,9.30448941614329e-4
261470,Tacaimbó,2,14330,2025-12-21,1.3956734124214934e-4,0.2,fixed q=0.20,6.978367062107466e-4
261470,Tacaimbó,2,14330,2025-12-21,1.3956734124214934e-4,0.25,fixed q=0.25,5.582693649685974e-4
261470,Tacaimbó,2,14330,2025-12-21,1.3956734124214934e-4,0.3,fixed q=0.30,4.652244708071645e-4
261480,Tacaratu,8,23902,2022-12-31,3.347000251025019e-4,0.007454145308640366,global-q 2.5%,0.04490119406641284
261480,Tacaratu,8,23902,2022-12-31,3.347000251025019e-4,0.009820323685458794,global-q median,0.034082382192564674
261480,Tacaratu,8,23902,2022-12-31,3.347000251025019e-4,0.01510174051658718,global-q 97.5%,0.022163009934840296
261480,Tacaratu,8,23902,2022-12-31,3.347000251025019e-4,0.05,fixed q=0.05,0.006694000502050037
261480,Tacaratu,8,23902,2022-12-31,3.347000251025019e-4,0.1,fixed q=0.10,0.0033470002510250186
261480,Tacaratu,8,23902,2022-12-31,3.347000251025019e-4,0.15,fixed q=0.15,0.002231333500683346
261480,Tacaratu,8,23902,2022-12-31,3.347000251025019e-4,0.2,fixed q=0.20,0.0016735001255125093
261480,Tacaratu,8,23902,2022-12-31,3.347000251025019e-4,0.25,fixed q=0.25,0.0013388001004100076
261480,Tacaratu,8,23902,2022-12-31,3.347000251025019e-4,0.3,fixed q=0.30,0.001115666750341673
261480,Tacaratu,8,25003,2016-12-31,3.199616046074471e-4,0.007454145308640366,global-q 2.5%,0.042923982745086575
261480,Tacaratu,8,25003,2016-12-31,3.199616046074471e-4,0.009820323685458794,global-q median,0.0325815741777659
261480,Tacaratu,8,25003,2016-12-31,3.199616046074471e-4,0.01510174051658718,global-q 97.5%,0.02118706809033127
261480,Tacaratu,8,25003,2016-12-31,3.199616046074471e-4,0.05,fixed q=0.05,0.0063992320921489425
261480,Tacaratu,8,25003,2016-12-31,3.199616046074471e-4,0.1,fixed q=0.10,0.0031996160460744712
261480,Tacaratu,8,25003,2016-12-31,3.199616046074471e-4,0.15,fixed q=0.15,0.0021330773640496478
261480,Tacaratu,8,25003,2016-12-31,3.199616046074471e-4,0.2,fixed q=0.20,0.0015998080230372356
261480,Tacaratu,8,25003,2016-12-31,3.199616046074471e-4,0.25,fixed q=0.25,0.0012798464184297885
261480,Tacaratu,8,25003,2016-12-31,3.199616046074471e-4,0.3,fixed q=0.30,0.0010665386820248239
261480,Tacaratu,8,25417,2018-12-31,3.1474997049219026e-4,0.007454145308640366,global-q 2.5%,0.04222482356593617
261480,Tacaratu,8,25417,2018-12-31,3.1474997049219026e-4,0.009820323685458794,global-q median,0.03205087536556953
261480,Tacaratu,8,25417,2018-12-31,3.1474997049219026e-4,0.01510174051658718,global-q 97.5%,0.020841966536670448
261480,Tacaratu,8,25417,2018-12-31,3.1474997049219026e-4,0.05,fixed q=0.05,0.006294999409843805
261480,Tacaratu,8,25417,2018-12-31,3.1474997049219026e-4,0.1,fixed q=0.10,0.0031474997049219023
261480,Tacaratu,8,25417,2018-12-31,3.1474997049219026e-4,0.15,fixed q=0.15,0.002098333136614602
261480,Tacaratu,8,25417,2018-12-31,3.1474997049219026e-4,0.2,fixed q=0.20,0.0015737498524609512
261480,Tacaratu,8,25417,2018-12-31,3.1474997049219026e-4,0.25,fixed q=0.25,0.001258999881968761
261480,Tacaratu,8,25417,2018-12-31,3.1474997049219026e-4,0.3,fixed q=0.30,0.001049166568307301
261480,Tacaratu,8,26439,2021-12-31,3.025833049661485e-4,0.007454145308640366,global-q 2.5%,0.04059262228432995
261480,Tacaratu,8,26439,2021-12-31,3.025833049661485e-4,0.009820323685458794,global-q median,0.03081194822673629
261480,Tacaratu,8,26439,2021-12-31,3.025833049661485e-4,0.01510174051658718,global-q 97.5%,0.020036319961517182
261480,Tacaratu,8,26439,2021-12-31,3.025833049661485e-4,0.05,fixed q=0.05,0.00605166609932297
261480,Tacaratu,8,26439,2021-12-31,3.025833049661485e-4,0.1,fixed q=0.10,0.003025833049661485
261480,Tacaratu,8,26439,2021-12-31,3.025833049661485e-4,0.15,fixed q=0.15,0.0020172220331076567
261480,Tacaratu,8,26439,2021-12-31,3.025833049661485e-4,0.2,fixed q=0.20,0.0015129165248307425
261480,Tacaratu,8,26439,2021-12-31,3.025833049661485e-4,0.25,fixed q=0.25,0.001210333219864594
261480,Tacaratu,8,26439,2021-12-31,3.025833049661485e-4,0.3,fixed q=0.30,0.0010086110165538284
261480,Tacaratu,9,24898,2025-12-21,3.614748172543979e-4,0.007454145308640366,global-q 2.5%,0.04849312728521666
261480,Tacaratu,9,24898,2025-12-21,3.614748172543979e-4,0.009820323685458794,global-q median,0.036808849568741094
261480,Tacaratu,9,24898,2025-12-21,3.614748172543979e-4,0.01510174051658718,global-q 97.5%,0.023935970615927858
261480,Tacaratu,9,24898,2025-12-21,3.614748172543979e-4,0.05,fixed q=0.05,0.007229496345087958
261480,Tacaratu,9,24898,2025-12-21,3.614748172543979e-4,0.1,fixed q=0.10,0.003614748172543979
261480,Tacaratu,9,24898,2025-12-21,3.614748172543979e-4,0.15,fixed q=0.15,0.0024098321150293196
261480,Tacaratu,9,24898,2025-12-21,3.614748172543979e-4,0.2,fixed q=0.20,0.0018073740862719896
261480,Tacaratu,9,24898,2025-12-21,3.614748172543979e-4,0.25,fixed q=0.25,0.0014458992690175917
261480,Tacaratu,9,24898,2025-12-21,3.614748172543979e-4,0.3,fixed q=0.30,0.0012049160575146598
261485,Tamandaré,27,22850,2016-12-31,0.0011816192560175054,0.007454145308640366,global-q 2.5%,0.1585184091659507
261485,Tamandaré,27,22850,2016-12-31,0.0011816192560175054,0.009820323685458794,global-q median,0.12032386038019902
261485,Tamandaré,27,22850,2016-12-31,0.0011816192560175054,0.01510174051658718,global-q 97.5%,0.07824391199939236
261485,Tamandaré,27,22850,2016-12-31,0.0011816192560175054,0.05,fixed q=0.05,0.023632385120350107
261485,Tamandaré,27,22850,2016-12-31,0.0011816192560175054,0.1,fixed q=0.10,0.011816192560175054
261485,Tamandaré,27,22850,2016-12-31,0.0011816192560175054,0.15,fixed q=0.15,0.00787746170678337
261485,Tamandaré,27,22850,2016-12-31,0.0011816192560175054,0.2,fixed q=0.20,0.005908096280087527
261485,Tamandaré,27,22850,2016-12-31,0.0011816192560175054,0.25,fixed q=0.25,0.004726477024070022
261485,Tamandaré,27,22850,2016-12-31,0.0011816192560175054,0.3,fixed q=0.30,0.003938730853391685
261485,Tamandaré,27,23149,2018-12-31,0.0011663570780595274,0.007454145308640366,global-q 2.5%,0.1564709339255248
261485,Tamandaré,27,23149,2018-12-31,0.0011663570780595274,0.009820323685458794,global-q median,0.11876971833286741
261485,Tamandaré,27,23149,2018-12-31,0.0011663570780595274,0.01510174051658718,global-q 97.5%,0.0772332882278334
261485,Tamandaré,27,23149,2018-12-31,0.0011663570780595274,0.05,fixed q=0.05,0.023327141561190548
261485,Tamandaré,27,23149,2018-12-31,0.0011663570780595274,0.1,fixed q=0.10,0.011663570780595274
261485,Tamandaré,27,23149,2018-12-31,0.0011663570780595274,0.15,fixed q=0.15,0.007775713853730183
261485,Tamandaré,27,23149,2018-12-31,0.0011663570780595274,0.2,fixed q=0.20,0.005831785390297637
261485,Tamandaré,27,23149,2018-12-31,0.0011663570780595274,0.25,fixed q=0.25,0.00466542831223811
261485,Tamandaré,27,23149,2018-12-31,0.0011663570780595274,0.3,fixed q=0.30,0.0038878569268650915
261485,Tamandaré,82,23852,2021-12-31,0.0034378668455475434,0.007454145308640366,global-q 2.5%,0.46120201622077167
261485,Tamandaré,82,23852,2021-12-31,0.0034378668455475434,0.009820323685458794,global-q median,0.35007673429726976
261485,Tamandaré,82,23852,2021-12-31,0.0034378668455475434,0.01510174051658718,global-q 97.5%,0.22764706106369134
261485,Tamandaré,82,23852,2021-12-31,0.0034378668455475434,0.05,fixed q=0.05,0.06875733691095086
261485,Tamandaré,82,23852,2021-12-31,0.0034378668455475434,0.1,fixed q=0.10,0.03437866845547543
261485,Tamandaré,82,23852,2021-12-31,0.0034378668455475434,0.15,fixed q=0.15,0.02291911230365029
261485,Tamandaré,82,23852,2021-12-31,0.0034378668455475434,0.2,fixed q=0.20,0.017189334227737715
261485,Tamandaré,82,23852,2021-12-31,0.0034378668455475434,0.25,fixed q=0.25,0.013751467382190173
261485,Tamandaré,82,23852,2021-12-31,0.0034378668455475434,0.3,fixed q=0.30,0.011459556151825145
261485,Tamandaré,84,23561,2022-12-31,0.003565213700606935,0.007454145308640366,global-q 2.5%,0.47828604796238255
261485,Tamandaré,84,23561,2022-12-31,0.003565213700606935,0.009820323685458794,global-q median,0.3630444183714676
261485,Tamandaré,84,23561,2022-12-31,0.003565213700606935,0.01510174051658718,global-q 97.5%,0.23607965563247754
261485,Tamandaré,84,23561,2022-12-31,0.003565213700606935,0.05,fixed q=0.05,0.0713042740121387
261485,Tamandaré,84,23561,2022-12-31,0.003565213700606935,0.1,fixed q=0.10,0.03565213700606935
261485,Tamandaré,84,23561,2022-12-31,0.003565213700606935,0.15,fixed q=0.15,0.023768091337379567
261485,Tamandaré,84,23561,2022-12-31,0.003565213700606935,0.2,fixed q=0.20,0.017826068503034673
261485,Tamandaré,84,23561,2022-12-31,0.003565213700606935,0.25,fixed q=0.25,0.01426085480242774
261485,Tamandaré,84,23561,2022-12-31,0.003565213700606935,0.3,fixed q=0.30,0.011884045668689783
261485,Tamandaré,85,24670,2025-12-21,0.003445480340494528,0.007454145308640366,global-q 2.5%,0.4622233935392631
261485,Tamandaré,85,24670,2025-12-21,0.003445480340494528,0.009820323685458794,global-q median,0.3508520137270362
261485,Tamandaré,85,24670,2025-12-21,0.003445480340494528,0.01510174051658718,global-q 97.5%,0.22815120791607713
261485,Tamandaré,85,24670,2025-12-21,0.003445480340494528,0.05,fixed q=0.05,0.06890960680989056
261485,Tamandaré,85,24670,2025-12-21,0.003445480340494528,0.1,fixed q=0.10,0.03445480340494528
261485,Tamandaré,85,24670,2025-12-21,0.003445480340494528,0.15,fixed q=0.15,0.022969868936630188
261485,Tamandaré,85,24670,2025-12-21,0.003445480340494528,0.2,fixed q=0.20,0.01722740170247264
261485,Tamandaré,85,24670,2025-12-21,0.003445480340494528,0.25,fixed q=0.25,0.013781921361978111
261485,Tamandaré,85,24670,2025-12-21,0.003445480340494528,0.3,fixed q=0.30,0.011484934468315094
261500,Taquaritinga do Norte,2,27981,2016-12-31,7.147707372860155e-5,0.007454145308640366,global-q 2.5%,0.009588902653366566
261500,Taquaritinga do Norte,2,27981,2016-12-31,7.147707372860155e-5,0.009820323685458794,global-q median,0.007278484499898866
261500,Taquaritinga do Norte,2,27981,2016-12-31,7.147707372860155e-5,0.01510174051658718,global-q 97.5%,0.004733035483565211
261500,Taquaritinga do Norte,2,27981,2016-12-31,7.147707372860155e-5,0.05,fixed q=0.05,0.0014295414745720309
261500,Taquaritinga do Norte,2,27981,2016-12-31,7.147707372860155e-5,0.1,fixed q=0.10,7.147707372860154e-4
261500,Taquaritinga do Norte,2,27981,2016-12-31,7.147707372860155e-5,0.15,fixed q=0.15,4.7651382485734364e-4
261500,Taquaritinga do Norte,2,27981,2016-12-31,7.147707372860155e-5,0.2,fixed q=0.20,3.573853686430077e-4
261500,Taquaritinga do Norte,2,27981,2016-12-31,7.147707372860155e-5,0.25,fixed q=0.25,2.859082949144062e-4
261500,Taquaritinga do Norte,2,27981,2016-12-31,7.147707372860155e-5,0.3,fixed q=0.30,2.3825691242867182e-4
261500,Taquaritinga do Norte,2,28416,2018-12-31,7.038288288288288e-5,0.007454145308640366,global-q 2.5%,0.009442113075163636
261500,Taquaritinga do Norte,2,28416,2018-12-31,7.038288288288288e-5,0.009820323685458794,global-q median,0.007167063442837493
261500,Taquaritinga do Norte,2,28416,2018-12-31,7.038288288288288e-5,0.01510174051658718,global-q 97.5%,0.0046605808652040465
261500,Taquaritinga do Norte,2,28416,2018-12-31,7.038288288288288e-5,0.05,fixed q=0.05,0.0014076576576576576
261500,Taquaritinga do Norte,2,28416,2018-12-31,7.038288288288288e-5,0.1,fixed q=0.10,7.038288288288288e-4
261500,Taquaritinga do Norte,2,28416,2018-12-31,7.038288288288288e-5,0.15,fixed q=0.15,4.692192192192192e-4
261500,Taquaritinga do Norte,2,28416,2018-12-31,7.038288288288288e-5,0.2,fixed q=0.20,3.519144144144144e-4
261500,Taquaritinga do Norte,2,28416,2018-12-31,7.038288288288288e-5,0.25,fixed q=0.25,2.8153153153153153e-4
261500,Taquaritinga do Norte,2,28416,2018-12-31,7.038288288288288e-5,0.3,fixed q=0.30,2.346096096096096e-4
261500,Taquaritinga do Norte,2,29472,2021-12-31,6.786102062975027e-5,0.007454145308640366,global-q 2.5%,0.009103796320027481
261500,Taquaritinga do Norte,2,29472,2021-12-31,6.786102062975027e-5,0.009820323685458794,global-q median,0.006910263124038756
261500,Taquaritinga do Norte,2,29472,2021-12-31,6.786102062975027e-5,0.01510174051658718,global-q 97.5%,0.004493589368405205
261500,Taquaritinga do Norte,2,29472,2021-12-31,6.786102062975027e-5,0.05,fixed q=0.05,0.0013572204125950054
261500,Taquaritinga do Norte,2,29472,2021-12-31,6.786102062975027e-5,0.1,fixed q=0.10,6.786102062975027e-4
261500,Taquaritinga do Norte,2,29472,2021-12-31,6.786102062975027e-5,0.15,fixed q=0.15,4.524068041983352e-4
261500,Taquaritinga do Norte,2,29472,2021-12-31,6.786102062975027e-5,0.2,fixed q=0.20,3.3930510314875135e-4
261500,Taquaritinga do Norte,2,29472,2021-12-31,6.786102062975027e-5,0.25,fixed q=0.25,2.714440825190011e-4
261500,Taquaritinga do Norte,2,29472,2021-12-31,6.786102062975027e-5,0.3,fixed q=0.30,2.262034020991676e-4
261500,Taquaritinga do Norte,4,24736,2022-12-31,1.6170763260025875e-4,0.007454145308640366,global-q 2.5%,0.02169365177424401
261500,Taquaritinga do Norte,4,24736,2022-12-31,1.6170763260025875e-4,0.009820323685458794,global-q median,0.01646662959182327
261500,Taquaritinga do Norte,4,24736,2022-12-31,1.6170763260025875e-4,0.01510174051658718,global-q 97.5%,0.010707880487195844
261500,Taquaritinga do Norte,4,24736,2022-12-31,1.6170763260025875e-4,0.05,fixed q=0.05,0.003234152652005175
261500,Taquaritinga do Norte,4,24736,2022-12-31,1.6170763260025875e-4,0.1,fixed q=0.10,0.0016170763260025874
261500,Taquaritinga do Norte,4,24736,2022-12-31,1.6170763260025875e-4,0.15,fixed q=0.15,0.001078050884001725
261500,Taquaritinga do Norte,4,24736,2022-12-31,1.6170763260025875e-4,0.2,fixed q=0.20,8.085381630012937e-4
261500,Taquaritinga do Norte,4,24736,2022-12-31,1.6170763260025875e-4,0.25,fixed q=0.25,6.46830530401035e-4
261500,Taquaritinga do Norte,4,24736,2022-12-31,1.6170763260025875e-4,0.3,fixed q=0.30,5.390254420008625e-4
261500,Taquaritinga do Norte,5,25511,2025-12-21,1.959938849907883e-4,0.007454145308640366,global-q 2.5%,0.02629327399394868
261500,Taquaritinga do Norte,5,25511,2025-12-21,1.959938849907883e-4,0.009820323685458794,global-q median,0.019957986240412978
261500,Taquaritinga do Norte,5,25511,2025-12-21,1.959938849907883e-4,0.01510174051658718,global-q 97.5%,0.012978231534008683
261500,Taquaritinga do Norte,5,25511,2025-12-21,1.959938849907883e-4,0.05,fixed q=0.05,0.003919877699815766
261500,Taquaritinga do Norte,5,25511,2025-12-21,1.959938849907883e-4,0.1,fixed q=0.10,0.001959938849907883
261500,Taquaritinga do Norte,5,25511,2025-12-21,1.959938849907883e-4,0.15,fixed q=0.15,0.0013066258999385888
261500,Taquaritinga do Norte,5,25511,2025-12-21,1.959938849907883e-4,0.2,fixed q=0.20,9.799694249539414e-4
261500,Taquaritinga do Norte,5,25511,2025-12-21,1.959938849907883e-4,0.25,fixed q=0.25,7.839755399631532e-4
261500,Taquaritinga do Norte,5,25511,2025-12-21,1.959938849907883e-4,0.3,fixed q=0.30,6.533129499692944e-4
261510,Terezinha,1,7089,2016-12-31,1.410636196924813e-4,0.007454145308640366,global-q 2.5%,0.01892418430976512
261510,Terezinha,1,7089,2016-12-31,1.410636196924813e-4,0.009820323685458794,global-q median,0.014364457243029354
261510,Terezinha,1,7089,2016-12-31,1.410636196924813e-4,0.01510174051658718,global-q 97.5%,0.009340884882609549
261510,Terezinha,1,7089,2016-12-31,1.410636196924813e-4,0.05,fixed q=0.05,0.0028212723938496258
261510,Terezinha,1,7089,2016-12-31,1.410636196924813e-4,0.1,fixed q=0.10,0.0014106361969248129
261510,Terezinha,1,7089,2016-12-31,1.410636196924813e-4,0.15,fixed q=0.15,9.404241312832087e-4
261510,Terezinha,1,7089,2016-12-31,1.410636196924813e-4,0.2,fixed q=0.20,7.053180984624064e-4
261510,Terezinha,1,7089,2016-12-31,1.410636196924813e-4,0.25,fixed q=0.25,5.642544787699252e-4
261510,Terezinha,1,7089,2016-12-31,1.410636196924813e-4,0.3,fixed q=0.30,4.7021206564160437e-4
261510,Terezinha,1,7139,2018-12-31,1.4007564084605686e-4,0.007454145308640366,global-q 2.5%,0.018791643447531158
261510,Terezinha,1,7139,2018-12-31,1.4007564084605686e-4,0.009820323685458794,global-q median,0.014263851715343197
261510,Terezinha,1,7139,2018-12-31,1.4007564084605686e-4,0.01510174051658718,global-q 97.5%,0.00927546336080951
261510,Terezinha,1,7139,2018-12-31,1.4007564084605686e-4,0.05,fixed q=0.05,0.002801512816921137
261510,Terezinha,1,7139,2018-12-31,1.4007564084605686e-4,0.1,fixed q=0.10,0.0014007564084605685
261510,Terezinha,1,7139,2018-12-31,1.4007564084605686e-4,0.15,fixed q=0.15,9.338376056403791e-4
261510,Terezinha,1,7139,2018-12-31,1.4007564084605686e-4,0.2,fixed q=0.20,7.003782042302842e-4
261510,Terezinha,1,7139,2018-12-31,1.4007564084605686e-4,0.25,fixed q=0.25,5.603025633842274e-4
261510,Terezinha,1,7139,2018-12-31,1.4007564084605686e-4,0.3,fixed q=0.30,4.6691880282018954e-4
261510,Terezinha,1,7227,2021-12-31,1.383700013837e-4,0.007454145308640366,global-q 2.5%,0.018562825871305512
261510,Terezinha,1,7227,2021-12-31,1.383700013837e-4,0.009820323685458794,global-q median,0.014090167067363372
261510,Terezinha,1,7227,2021-12-31,1.383700013837e-4,0.01510174051658718,global-q 97.5%,0.009162520123539379
261510,Terezinha,1,7227,2021-12-31,1.383700013837e-4,0.05,fixed q=0.05,0.002767400027674
261510,Terezinha,1,7227,2021-12-31,1.383700013837e-4,0.1,fixed q=0.10,0.001383700013837
261510,Terezinha,1,7227,2021-12-31,1.383700013837e-4,0.15,fixed q=0.15,9.224666758913334e-4
261510,Terezinha,1,7227,2021-12-31,1.383700013837e-4,0.2,fixed q=0.20,6.918500069185e-4
261510,Terezinha,1,7227,2021-12-31,1.383700013837e-4,0.25,fixed q=0.25,5.534800055348e-4
261510,Terezinha,1,7227,2021-12-31,1.383700013837e-4,0.3,fixed q=0.30,4.612333379456667e-4
261510,Terezinha,2,6513,2022-12-31,3.0707815138952864e-4,0.007454145308640366,global-q 2.5%,0.041195621855343145
261510,Terezinha,2,6513,2022-12-31,3.0707815138952864e-4,0.009820323685458794,global-q median,0.03126965680817906
261510,Terezinha,2,6513,2022-12-31,3.0707815138952864e-4,0.01510174051658718,global-q 97.5%,0.020333957602585318
261510,Terezinha,2,6513,2022-12-31,3.0707815138952864e-4,0.05,fixed q=0.05,0.006141563027790573
261510,Terezinha,2,6513,2022-12-31,3.0707815138952864e-4,0.1,fixed q=0.10,0.0030707815138952864
261510,Terezinha,2,6513,2022-12-31,3.0707815138952864e-4,0.15,fixed q=0.15,0.002047187675930191
261510,Terezinha,2,6513,2022-12-31,3.0707815138952864e-4,0.2,fixed q=0.20,0.0015353907569476432
261510,Terezinha,2,6513,2022-12-31,3.0707815138952864e-4,0.25,fixed q=0.25,0.0012283126055581146
261510,Terezinha,2,6513,2022-12-31,3.0707815138952864e-4,0.3,fixed q=0.30,0.0010235938379650955
261510,Terezinha,7,6853,2025-12-21,0.0010214504596527069,0.007454145308640366,global-q 2.5%,0.13703119772413172
261510,Terezinha,7,6853,2025-12-21,0.0010214504596527069,0.009820323685458794,global-q median,0.10401392992424423
261510,Terezinha,7,6853,2025-12-21,0.0010214504596527069,0.01510174051658718,global-q 97.5%,0.06763792945129632
261510,Terezinha,7,6853,2025-12-21,0.0010214504596527069,0.05,fixed q=0.05,0.020429009193054137
261510,Terezinha,7,6853,2025-12-21,0.0010214504596527069,0.1,fixed q=0.10,0.010214504596527068
261510,Terezinha,7,6853,2025-12-21,0.0010214504596527069,0.15,fixed q=0.15,0.006809669731018046
261510,Terezinha,7,6853,2025-12-21,0.0010214504596527069,0.2,fixed q=0.20,0.005107252298263534
261510,Terezinha,7,6853,2025-12-21,0.0010214504596527069,0.25,fixed q=0.25,0.0040858018386108275
261510,Terezinha,7,6853,2025-12-21,0.0010214504596527069,0.3,fixed q=0.30,0.003404834865509023
261520,Terra Nova,0,10313,2016-12-31,0,0.007454145308640366,global-q 2.5%,0
261520,Terra Nova,0,10313,2016-12-31,0,0.009820323685458794,global-q median,0
261520,Terra Nova,0,10313,2016-12-31,0,0.01510174051658718,global-q 97.5%,0
261520,Terra Nova,0,10313,2016-12-31,0,0.05,fixed q=0.05,0
261520,Terra Nova,0,10313,2016-12-31,0,0.1,fixed q=0.10,0
261520,Terra Nova,0,10313,2016-12-31,0,0.15,fixed q=0.15,0
261520,Terra Nova,0,10313,2016-12-31,0,0.2,fixed q=0.20,0
261520,Terra Nova,0,10313,2016-12-31,0,0.25,fixed q=0.25,0
261520,Terra Nova,0,10313,2016-12-31,0,0.3,fixed q=0.30,0
261520,Terra Nova,1,9983,2018-12-31,1.0017028949213663e-4,0.007454145308640366,global-q 2.5%,0.013438199195825397
261520,Terra Nova,1,9983,2018-12-31,1.0017028949213663e-4,0.009820323685458794,global-q median,0.010200304256820104
261520,Terra Nova,1,9983,2018-12-31,1.0017028949213663e-4,0.01510174051658718,global-q 97.5%,0.0066330294433355795
261520,Terra Nova,1,9983,2018-12-31,1.0017028949213663e-4,0.05,fixed q=0.05,0.0020034057898427322
261520,Terra Nova,1,9983,2018-12-31,1.0017028949213663e-4,0.1,fixed q=0.10,0.0010017028949213661
261520,Terra Nova,1,9983,2018-12-31,1.0017028949213663e-4,0.15,fixed q=0.15,6.678019299475776e-4
261520,Terra Nova,1,9983,2018-12-31,1.0017028949213663e-4,0.2,fixed q=0.20,5.008514474606831e-4
261520,Terra Nova,1,9983,2018-12-31,1.0017028949213663e-4,0.25,fixed q=0.25,4.006811579685465e-4
261520,Terra Nova,1,9983,2018-12-31,1.0017028949213663e-4,0.3,fixed q=0.30,3.339009649737888e-4
261520,Terra Nova,2,10314,2021-12-31,1.9391118867558658e-4,0.007454145308640366,global-q 2.5%,0.026013872905162876
261520,Terra Nova,2,10314,2021-12-31,1.9391118867558658e-4,0.009820323685458794,global-q median,0.019745906029830347
261520,Terra Nova,2,10314,2021-12-31,1.9391118867558658e-4,0.01510174051658718,global-q 97.5%,0.01284032052216775
261520,Terra Nova,2,10314,2021-12-31,1.9391118867558658e-4,0.05,fixed q=0.05,0.0038782237735117313
261520,Terra Nova,2,10314,2021-12-31,1.9391118867558658e-4,0.1,fixed q=0.10,0.0019391118867558657
261520,Terra Nova,2,10314,2021-12-31,1.9391118867558658e-4,0.15,fixed q=0.15,0.001292741257837244
261520,Terra Nova,2,10314,2021-12-31,1.9391118867558658e-4,0.2,fixed q=0.20,9.695559433779328e-4
261520,Terra Nova,2,10314,2021-12-31,1.9391118867558658e-4,0.25,fixed q=0.25,7.756447547023463e-4
261520,Terra Nova,2,10314,2021-12-31,1.9391118867558658e-4,0.3,fixed q=0.30,6.46370628918622e-4
261520,Terra Nova,189,8920,2022-12-31,0.02118834080717489,0.007454145308640366,global-q 2.5%,2.8424909805037912
261520,Terra Nova,189,8920,2022-12-31,0.02118834080717489,0.009820323685458794,global-q median,2.157601061413995
261520,Terra Nova,189,8920,2022-12-31,0.02118834080717489,0.01510174051658718,global-q 97.5%,1.403039655190898
261520,Terra Nova,189,8920,2022-12-31,0.02118834080717489,0.05,fixed q=0.05,0.42376681614349776
261520,Terra Nova,189,8920,2022-12-31,0.02118834080717489,0.1,fixed q=0.10,0.21188340807174888
261520,Terra Nova,189,8920,2022-12-31,0.02118834080717489,0.15,fixed q=0.15,0.14125560538116594
261520,Terra Nova,189,8920,2022-12-31,0.02118834080717489,0.2,fixed q=0.20,0.10594170403587444
261520,Terra Nova,189,8920,2022-12-31,0.02118834080717489,0.25,fixed q=0.25,0.08475336322869956
261520,Terra Nova,189,8920,2022-12-31,0.02118834080717489,0.3,fixed q=0.30,0.07062780269058297
261520,Terra Nova,199,9231,2025-12-21,0.021557794388473623,0.007454145308640366,global-q 2.5%,2.892054487250901
261520,Terra Nova,199,9231,2025-12-21,0.021557794388473623,0.009820323685458794,global-q median,2.1952223856322375
261520,Terra Nova,199,9231,2025-12-21,0.021557794388473623,0.01510174051658718,global-q 97.5%,1.4275039598776949
261520,Terra Nova,199,9231,2025-12-21,0.021557794388473623,0.05,fixed q=0.05,0.43115588776947245
261520,Terra Nova,199,9231,2025-12-21,0.021557794388473623,0.1,fixed q=0.10,0.21557794388473622
261520,Terra Nova,199,9231,2025-12-21,0.021557794388473623,0.15,fixed q=0.15,0.14371862925649082
261520,Terra Nova,199,9231,2025-12-21,0.021557794388473623,0.2,fixed q=0.20,0.10778897194236811
261520,Terra Nova,199,9231,2025-12-21,0.021557794388473623,0.25,fixed q=0.25,0.08623117755389449
261520,Terra Nova,199,9231,2025-12-21,0.021557794388473623,0.3,fixed q=0.30,0.07185931462824541
261530,Timbaúba,154,53328,2016-12-31,0.0028877887788778876,0.007454145308640366,global-q 2.5%,0.38740709488592184
261530,Timbaúba,154,53328,2016-12-31,0.0028877887788778876,0.009820323685458794,global-q median,0.2940624842288967
261530,Timbaúba,154,53328,2016-12-31,0.0028877887788778876,0.01510174051658718,global-q 97.5%,0.19122224856837194
261530,Timbaúba,154,53328,2016-12-31,0.0028877887788778876,0.05,fixed q=0.05,0.05775577557755775
261530,Timbaúba,154,53328,2016-12-31,0.0028877887788778876,0.1,fixed q=0.10,0.028877887788778873
261530,Timbaúba,154,53328,2016-12-31,0.0028877887788778876,0.15,fixed q=0.15,0.01925192519251925
261530,Timbaúba,154,53328,2016-12-31,0.0028877887788778876,0.2,fixed q=0.20,0.014438943894389437
261530,Timbaúba,154,53328,2016-12-31,0.0028877887788778876,0.25,fixed q=0.25,0.01155115511551155
261530,Timbaúba,154,53328,2016-12-31,0.0028877887788778876,0.3,fixed q=0.30,0.009625962596259625
261530,Timbaúba,159,50956,2018-12-31,0.003120339116100165,0.007454145308640366,global-q 2.5%,0.4186045464505861
261530,Timbaúba,159,50956,2018-12-31,0.003120339116100165,0.009820323685458794,global-q median,0.3177430007445204
261530,Timbaúba,159,50956,2018-12-31,0.003120339116100165,0.01510174051658718,global-q 97.5%,0.20662115818192628
261530,Timbaúba,159,50956,2018-12-31,0.003120339116100165,0.05,fixed q=0.05,0.06240678232200329
261530,Timbaúba,159,50956,2018-12-31,0.003120339116100165,0.1,fixed q=0.10,0.031203391161001647
261530,Timbaúba,159,50956,2018-12-31,0.003120339116100165,0.15,fixed q=0.15,0.0208022607740011
261530,Timbaúba,159,50956,2018-12-31,0.003120339116100165,0.2,fixed q=0.20,0.015601695580500823
261530,Timbaúba,159,50956,2018-12-31,0.003120339116100165,0.25,fixed q=0.25,0.01248135646440066
261530,Timbaúba,159,50956,2018-12-31,0.003120339116100165,0.3,fixed q=0.30,0.01040113038700055
261530,Timbaúba,221,52587,2021-12-31,0.004202559567954057,0.007454145308640366,global-q 2.5%,0.5637882539105751
261530,Timbaúba,221,52587,2021-12-31,0.004202559567954057,0.009820323685458794,global-q median,0.42794511693915904
261530,Timbaúba,221,52587,2021-12-31,0.004202559567954057,0.01510174051658718,global-q 97.5%,0.27828312659313176
261530,Timbaúba,221,52587,2021-12-31,0.004202559567954057,0.05,fixed q=0.05,0.08405119135908114
261530,Timbaúba,221,52587,2021-12-31,0.004202559567954057,0.1,fixed q=0.10,0.04202559567954057
261530,Timbaúba,221,52587,2021-12-31,0.004202559567954057,0.15,fixed q=0.15,0.02801706378636038
261530,Timbaúba,221,52587,2021-12-31,0.004202559567954057,0.2,fixed q=0.20,0.021012797839770284
261530,Timbaúba,221,52587,2021-12-31,0.004202559567954057,0.25,fixed q=0.25,0.016810238271816227
261530,Timbaúba,221,52587,2021-12-31,0.004202559567954057,0.3,fixed q=0.30,0.01400853189318019
261530,Timbaúba,301,46147,2022-12-31,0.006522634190738293,0.007454145308640366,global-q 2.5%,0.8750344835883027
261530,Timbaúba,301,46147,2022-12-31,0.006522634190738293,0.009820323685458794,global-q median,0.6641974745085566
261530,Timbaúba,301,46147,2022-12-31,0.006522634190738293,0.01510174051658718,global-q 97.5%,0.4319127443339447
261530,Timbaúba,301,46147,2022-12-31,0.006522634190738293,0.05,fixed q=0.05,0.13045268381476585
261530,Timbaúba,301,46147,2022-12-31,0.006522634190738293,0.1,fixed q=0.10,0.06522634190738293
261530,Timbaúba,301,46147,2022-12-31,0.006522634190738293,0.15,fixed q=0.15,0.043484227938255286
261530,Timbaúba,301,46147,2022-12-31,0.006522634190738293,0.2,fixed q=0.20,0.03261317095369146
261530,Timbaúba,301,46147,2022-12-31,0.006522634190738293,0.25,fixed q=0.25,0.02609053676295317
261530,Timbaúba,301,46147,2022-12-31,0.006522634190738293,0.3,fixed q=0.30,0.021742113969127643
261530,Timbaúba,358,47312,2025-12-21,0.007566790666215759,0.007454145308640366,global-q 2.5%,1.0151117737730202
261530,Timbaúba,358,47312,2025-12-21,0.007566790666215759,0.009820323685458794,global-q median,0.7705235497909402
261530,Timbaúba,358,47312,2025-12-21,0.007566790666215759,0.01510174051658718,global-q 97.5%,0.5010542101358901
261530,Timbaúba,358,47312,2025-12-21,0.007566790666215759,0.05,fixed q=0.05,0.15133581332431517
261530,Timbaúba,358,47312,2025-12-21,0.007566790666215759,0.1,fixed q=0.10,0.07566790666215759
261530,Timbaúba,358,47312,2025-12-21,0.007566790666215759,0.15,fixed q=0.15,0.05044527110810506
261530,Timbaúba,358,47312,2025-12-21,0.007566790666215759,0.2,fixed q=0.20,0.03783395333107879
261530,Timbaúba,358,47312,2025-12-21,0.007566790666215759,0.25,fixed q=0.25,0.030267162664863036
261530,Timbaúba,358,47312,2025-12-21,0.007566790666215759,0.3,fixed q=0.30,0.02522263555405253
261540,Toritama,3,43174,2016-12-31,6.948626488164173e-5,0.007454145308640366,global-q 2.5%,0.0093218285939633775
261540,Toritama,3,43174,2016-12-31,6.948626488164173e-5,0.009820323685458794,global-q median,0.007075761156888528
261540,Toritama,3,43174,2016-12-31,6.948626488164173e-5,0.01510174051658718,global-q 97.5%,0.004601209033178702
261540,Toritama,3,43174,2016-12-31,6.948626488164173e-5,0.05,fixed q=0.05,0.0013897252976328345
261540,Toritama,3,43174,2016-12-31,6.948626488164173e-5,0.1,fixed q=0.10,6.948626488164172e-4
261540,Toritama,3,43174,2016-12-31,6.948626488164173e-5,0.15,fixed q=0.15,4.632417658776116e-4
261540,Toritama,3,43174,2016-12-31,6.948626488164173e-5,0.2,fixed q=0.20,3.474313244082086e-4
261540,Toritama,3,43174,2016-12-31,6.948626488164173e-5,0.25,fixed q=0.25,2.779450595265669e-4
261540,Toritama,3,43174,2016-12-31,6.948626488164173e-5,0.3,fixed q=0.30,2.316208829388058e-4
261540,Toritama,3,44254,2018-12-31,6.779048221629683e-5,0.007454145308640366,global-q 2.5%,0.009094333341975297
261540,Toritama,3,44254,2018-12-31,6.779048221629683e-5,0.009820323685458794,global-q median,0.006903080222974313
261540,Toritama,3,44254,2018-12-31,6.779048221629683e-5,0.01510174051658718,global-q 97.5%,0.004488918488689322
261540,Toritama,3,44254,2018-12-31,6.779048221629683e-5,0.05,fixed q=0.05,0.0013558096443259365
261540,Toritama,3,44254,2018-12-31,6.779048221629683e-5,0.1,fixed q=0.10,6.779048221629682e-4
261540,Toritama,3,44254,2018-12-31,6.779048221629683e-5,0.15,fixed q=0.15,4.5193654810864555e-4
261540,Toritama,3,44254,2018-12-31,6.779048221629683e-5,0.2,fixed q=0.20,3.389524110814841e-4
261540,Toritama,3,44254,2018-12-31,6.779048221629683e-5,0.25,fixed q=0.25,2.711619288651873e-4
261540,Toritama,3,44254,2018-12-31,6.779048221629683e-5,0.3,fixed q=0.30,2.2596827405432278e-4
261540,Toritama,5,41137,2022-12-31,1.2154508107056907e-4,0.007454145308640366,global-q 2.5%,0.016305703207808657
261540,Toritama,5,41137,2022-12-31,1.2154508107056907e-4,0.009820323685458794,global-q median,0.012376891532663428
261540,Toritama,5,41137,2022-12-31,1.2154508107056907e-4,0.01510174051658718,global-q 97.5%,0.008048415408612574
261540,Toritama,5,41137,2022-12-31,1.2154508107056907e-4,0.05,fixed q=0.05,0.002430901621411381
261540,Toritama,5,41137,2022-12-31,1.2154508107056907e-4,0.1,fixed q=0.10,0.0012154508107056906
261540,Toritama,5,41137,2022-12-31,1.2154508107056907e-4,0.15,fixed q=0.15,8.103005404704605e-4
261540,Toritama,5,41137,2022-12-31,1.2154508107056907e-4,0.2,fixed q=0.20,6.077254053528453e-4
261540,Toritama,5,41137,2022-12-31,1.2154508107056907e-4,0.25,fixed q=0.25,4.861803242822763e-4
261540,Toritama,5,41137,2022-12-31,1.2154508107056907e-4,0.3,fixed q=0.30,4.0515027023523025e-4
261540,Toritama,5,43921,2025-12-21,1.138407595455477e-4,0.007454145308640366,global-q 2.5%,0.015272141182113903
261540,Toritama,5,43921,2025-12-21,1.138407595455477e-4,0.009820323685458794,global-q median,0.011592363265389575
261540,Toritama,5,43921,2025-12-21,1.138407595455477e-4,0.01510174051658718,global-q 97.5%,0.007538254244304444
261540,Toritama,5,43921,2025-12-21,1.138407595455477e-4,0.05,fixed q=0.05,0.002276815190910954
261540,Toritama,5,43921,2025-12-21,1.138407595455477e-4,0.1,fixed q=0.10,0.001138407595455477
261540,Toritama,5,43921,2025-12-21,1.138407595455477e-4,0.15,fixed q=0.15,7.58938396970318e-4
261540,Toritama,5,43921,2025-12-21,1.138407595455477e-4,0.2,fixed q=0.20,5.692037977277385e-4
261540,Toritama,5,43921,2025-12-21,1.138407595455477e-4,0.25,fixed q=0.25,4.553630381821908e-4
261540,Toritama,5,43921,2025-12-21,1.138407595455477e-4,0.3,fixed q=0.30,3.79469198485159e-4
261540,Toritama,5,47088,2021-12-31,1.0618416581719333e-4,0.007454145308640366,global-q 2.5%,0.014244982009421184
261540,Toritama,5,47088,2021-12-31,1.0618416581719333e-4,0.009820323685458794,global-q median,0.010812695102344025
261540,Toritama,5,47088,2021-12-31,1.0618416581719333e-4,0.01510174051658718,global-q 97.5%,0.007031253496943923
261540,Toritama,5,47088,2021-12-31,1.0618416581719333e-4,0.05,fixed q=0.05,0.0021236833163438664
261540,Toritama,5,47088,2021-12-31,1.0618416581719333e-4,0.1,fixed q=0.10,0.0010618416581719332
261540,Toritama,5,47088,2021-12-31,1.0618416581719333e-4,0.15,fixed q=0.15,7.078944387812889e-4
261540,Toritama,5,47088,2021-12-31,1.0618416581719333e-4,0.2,fixed q=0.20,5.309208290859666e-4
261540,Toritama,5,47088,2021-12-31,1.0618416581719333e-4,0.25,fixed q=0.25,4.2473666326877334e-4
261540,Toritama,5,47088,2021-12-31,1.0618416581719333e-4,0.3,fixed q=0.30,3.5394721939064445e-4
261550,Tracunhaém,78,13643,2016-12-31,0.0057172176207578975,0.007454145308640366,global-q 2.5%,0.766984997479304
261550,Tracunhaém,78,13643,2016-12-31,0.0057172176207578975,0.009820323685458794,global-q median,0.5821821972348558
261550,Tracunhaém,78,13643,2016-12-31,0.0057172176207578975,0.01510174051658718,global-q 97.5%,0.3785800460866297
261550,Tracunhaém,78,13643,2016-12-31,0.0057172176207578975,0.05,fixed q=0.05,0.11434435241515795
261550,Tracunhaém,78,13643,2016-12-31,0.0057172176207578975,0.1,fixed q=0.10,0.05717217620757897
261550,Tracunhaém,78,13643,2016-12-31,0.0057172176207578975,0.15,fixed q=0.15,0.03811478413838598
261550,Tracunhaém,78,13643,2016-12-31,0.0057172176207578975,0.2,fixed q=0.20,0.028586088103789487
261550,Tracunhaém,78,13643,2016-12-31,0.0057172176207578975,0.25,fixed q=0.25,0.02286887048303159
261550,Tracunhaém,78,13643,2016-12-31,0.0057172176207578975,0.3,fixed q=0.30,0.01905739206919299
261550,Tracunhaém,78,13724,2018-12-31,0.0056834742057709125,0.007454145308640366,global-q 2.5%,0.7624581988203254
261550,Tracunhaém,78,13724,2018-12-31,0.0056834742057709125,0.009820323685458794,global-q median,0.5787461175222339
261550,Tracunhaém,78,13724,2018-12-31,0.0056834742057709125,0.01510174051658718,global-q 97.5%,0.37634564039346324
261550,Tracunhaém,78,13724,2018-12-31,0.0056834742057709125,0.05,fixed q=0.05,0.11366948411541825
261550,Tracunhaém,78,13724,2018-12-31,0.0056834742057709125,0.1,fixed q=0.10,0.05683474205770912
261550,Tracunhaém,78,13724,2018-12-31,0.0056834742057709125,0.15,fixed q=0.15,0.03788982803847275
261550,Tracunhaém,78,13724,2018-12-31,0.0056834742057709125,0.2,fixed q=0.20,0.02841737102885456
261550,Tracunhaém,78,13724,2018-12-31,0.0056834742057709125,0.25,fixed q=0.25,0.02273389682308365
261550,Tracunhaém,78,13724,2018-12-31,0.0056834742057709125,0.3,fixed q=0.30,0.018944914019236377
261550,Tracunhaém,78,13856,2021-12-31,0.005629330254041571,0.007454145308640366,global-q 2.5%,0.7551945958869909
261550,Tracunhaém,78,13856,2021-12-31,0.005629330254041571,0.009820323685458794,global-q median,0.5732326585504575
261550,Tracunhaém,78,13856,2021-12-31,0.005629330254041571,0.01510174051658718,global-q 97.5%,0.3727603614867126
261550,Tracunhaém,78,13856,2021-12-31,0.005629330254041571,0.05,fixed q=0.05,0.11258660508083142
261550,Tracunhaém,78,13856,2021-12-31,0.005629330254041571,0.1,fixed q=0.10,0.05629330254041571
261550,Tracunhaém,78,13856,2021-12-31,0.005629330254041571,0.15,fixed q=0.15,0.03752886836027714
261550,Tracunhaém,78,13856,2021-12-31,0.005629330254041571,0.2,fixed q=0.20,0.028146651270207854
261550,Tracunhaém,78,13856,2021-12-31,0.005629330254041571,0.25,fixed q=0.25,0.022517321016166283
261550,Tracunhaém,78,13856,2021-12-31,0.005629330254041571,0.3,fixed q=0.30,0.01876443418013857
261550,Tracunhaém,79,13867,2022-12-31,0.005696978438018317,0.007454145308640366,global-q 2.5%,0.7642698394160288
261550,Tracunhaém,79,13867,2022-12-31,0.005696978438018317,0.009820323685458794,global-q median,0.5801212485952962
261550,Tracunhaém,79,13867,2022-12-31,0.005696978438018317,0.01510174051658718,global-q 97.5%,0.3772398573370382
261550,Tracunhaém,79,13867,2022-12-31,0.005696978438018317,0.05,fixed q=0.05,0.11393956876036633
261550,Tracunhaém,79,13867,2022-12-31,0.005696978438018317,0.1,fixed q=0.10,0.056969784380183165
261550,Tracunhaém,79,13867,2022-12-31,0.005696978438018317,0.15,fixed q=0.15,0.03797985625345545
261550,Tracunhaém,79,13867,2022-12-31,0.005696978438018317,0.2,fixed q=0.20,0.028484892190091583
261550,Tracunhaém,79,13867,2022-12-31,0.005696978438018317,0.25,fixed q=0.25,0.022787913752073268
261550,Tracunhaém,79,13867,2022-12-31,0.005696978438018317,0.3,fixed q=0.30,0.018989928126727725
261550,Tracunhaém,79,14439,2025-12-21,0.005471293025832814,0.007454145308640366,global-q 2.5%,0.7339933418645385
261550,Tracunhaém,79,14439,2025-12-21,0.005471293025832814,0.009820323685458794,global-q median,0.5571397849069168
261550,Tracunhaém,79,14439,2025-12-21,0.005471293025832814,0.01510174051658718,global-q 97.5%,0.36229552612318777
261550,Tracunhaém,79,14439,2025-12-21,0.005471293025832814,0.05,fixed q=0.05,0.10942586051665627
261550,Tracunhaém,79,14439,2025-12-21,0.005471293025832814,0.1,fixed q=0.10,0.05471293025832814
261550,Tracunhaém,79,14439,2025-12-21,0.005471293025832814,0.15,fixed q=0.15,0.03647528683888543
261550,Tracunhaém,79,14439,2025-12-21,0.005471293025832814,0.2,fixed q=0.20,0.02735646512916407
261550,Tracunhaém,79,14439,2025-12-21,0.005471293025832814,0.25,fixed q=0.25,0.021885172103331255
261550,Tracunhaém,79,14439,2025-12-21,0.005471293025832814,0.3,fixed q=0.30,0.018237643419442714
261560,Trindade,0,29842,2016-12-31,0,0.007454145308640366,global-q 2.5%,0
261560,Trindade,0,29842,2016-12-31,0,0.009820323685458794,global-q median,0
261560,Trindade,0,29842,2016-12-31,0,0.01510174051658718,global-q 97.5%,0
261560,Trindade,0,29842,2016-12-31,0,0.05,fixed q=0.05,0
261560,Trindade,0,29842,2016-12-31,0,0.1,fixed q=0.10,0
261560,Trindade,0,29842,2016-12-31,0,0.15,fixed q=0.15,0
261560,Trindade,0,29842,2016-12-31,0,0.2,fixed q=0.20,0
261560,Trindade,0,29842,2016-12-31,0,0.25,fixed q=0.25,0
261560,Trindade,0,29842,2016-12-31,0,0.3,fixed q=0.30,0
261560,Trindade,2,30222,2018-12-31,6.617695718350871e-5,0.007454145308640366,global-q 2.5%,0.00887787324279829
261560,Trindade,2,30222,2018-12-31,6.617695718350871e-5,0.009820323685458794,global-q median,0.006738775553956396
261560,Trindade,2,30222,2018-12-31,6.617695718350871e-5,0.01510174051658718,global-q 97.5%,0.004382074841692747
261560,Trindade,2,30222,2018-12-31,6.617695718350871e-5,0.05,fixed q=0.05,0.0013235391436701742
261560,Trindade,2,30222,2018-12-31,6.617695718350871e-5,0.1,fixed q=0.10,6.617695718350871e-4
261560,Trindade,2,30222,2018-12-31,6.617695718350871e-5,0.15,fixed q=0.15,4.4117971455672476e-4
261560,Trindade,2,30222,2018-12-31,6.617695718350871e-5,0.2,fixed q=0.20,3.3088478591754354e-4
261560,Trindade,2,30222,2018-12-31,6.617695718350871e-5,0.25,fixed q=0.25,2.6470782873403483e-4
261560,Trindade,2,30222,2018-12-31,6.617695718350871e-5,0.3,fixed q=0.30,2.2058985727836238e-4
261560,Trindade,3,31103,2021-12-31,9.645371829084012e-5,0.007454145308640366,global-q 2.5%,0.012939608002950674
261560,Trindade,3,31103,2021-12-31,9.645371829084012e-5,0.009820323685458794,global-q median,0.009821847159036277
261560,Trindade,3,31103,2021-12-31,9.645371829084012e-5,0.01510174051658718,global-q 97.5%,0.006386927267416561
261560,Trindade,3,31103,2021-12-31,9.645371829084012e-5,0.05,fixed q=0.05,0.0019290743658168022
261560,Trindade,3,31103,2021-12-31,9.645371829084012e-5,0.1,fixed q=0.10,9.645371829084011e-4
261560,Trindade,3,31103,2021-12-31,9.645371829084012e-5,0.15,fixed q=0.15,6.430247886056008e-4
261560,Trindade,3,31103,2021-12-31,9.645371829084012e-5,0.2,fixed q=0.20,4.8226859145420056e-4
261560,Trindade,3,31103,2021-12-31,9.645371829084012e-5,0.25,fixed q=0.25,3.8581487316336047e-4
261560,Trindade,3,31103,2021-12-31,9.645371829084012e-5,0.3,fixed q=0.30,3.215123943028004e-4
261560,Trindade,10,30321,2022-12-31,3.298044259753966e-4,0.007454145308640366,global-q 2.5%,0.04424443210049964
261560,Trindade,10,30321,2022-12-31,3.298044259753966e-4,0.009820323685458794,global-q median,0.033583865108616176
261560,Trindade,10,30321,2022-12-31,3.298044259753966e-4,0.01510174051658718,global-q 97.5%,0.021838835438415322
261560,Trindade,10,30321,2022-12-31,3.298044259753966e-4,0.05,fixed q=0.05,0.006596088519507932
261560,Trindade,10,30321,2022-12-31,3.298044259753966e-4,0.1,fixed q=0.10,0.003298044259753966
261560,Trindade,10,30321,2022-12-31,3.298044259753966e-4,0.15,fixed q=0.15,0.002198696173169311
261560,Trindade,10,30321,2022-12-31,3.298044259753966e-4,0.2,fixed q=0.20,0.001649022129876983
261560,Trindade,10,30321,2022-12-31,3.298044259753966e-4,0.25,fixed q=0.25,0.0013192177039015865
261560,Trindade,10,30321,2022-12-31,3.298044259753966e-4,0.3,fixed q=0.30,0.0010993480865846555
261560,Trindade,12,32257,2025-12-21,3.7201227640512135e-4,0.007454145308640366,global-q 2.5%,0.04990676475999316
261560,Trindade,12,32257,2025-12-21,3.7201227640512135e-4,0.009820323685458794,global-q median,0.03788187521313269
261560,Trindade,12,32257,2025-12-21,3.7201227640512135e-4,0.01510174051658718,global-q 97.5%,0.024633735164269123
261560,Trindade,12,32257,2025-12-21,3.7201227640512135e-4,0.05,fixed q=0.05,0.007440245528102427
261560,Trindade,12,32257,2025-12-21,3.7201227640512135e-4,0.1,fixed q=0.10,0.0037201227640512135
261560,Trindade,12,32257,2025-12-21,3.7201227640512135e-4,0.15,fixed q=0.15,0.002480081842700809
261560,Trindade,12,32257,2025-12-21,3.7201227640512135e-4,0.2,fixed q=0.20,0.0018600613820256068
261560,Trindade,12,32257,2025-12-21,3.7201227640512135e-4,0.25,fixed q=0.25,0.0014880491056204854
261560,Trindade,12,32257,2025-12-21,3.7201227640512135e-4,0.3,fixed q=0.30,0.0012400409213504046
261570,Triunfo,9,15235,2016-12-31,5.90744995077125e-4,0.007454145308640366,global-q 2.5%,0.07925053384623068
261570,Triunfo,9,15235,2016-12-31,5.90744995077125e-4,0.009820323685458794,global-q median,0.06015534864210803
261570,Triunfo,9,15235,2016-12-31,5.90744995077125e-4,0.01510174051658718,global-q 97.5%,0.03911767616641758
261570,Triunfo,9,15235,2016-12-31,5.90744995077125e-4,0.05,fixed q=0.05,0.011814899901542499
261570,Triunfo,9,15235,2016-12-31,5.90744995077125e-4,0.1,fixed q=0.10,0.0059074499507712494
261570,Triunfo,9,15235,2016-12-31,5.90744995077125e-4,0.15,fixed q=0.15,0.003938299967180834
261570,Triunfo,9,15235,2016-12-31,5.90744995077125e-4,0.2,fixed q=0.20,0.0029537249753856247
261570,Triunfo,9,15235,2016-12-31,5.90744995077125e-4,0.25,fixed q=0.25,0.0023629799803085
261570,Triunfo,9,15235,2016-12-31,5.90744995077125e-4,0.3,fixed q=0.30,0.001969149983590417
261570,Triunfo,10,15265,2018-12-31,6.550933508024893e-4,0.007454145308640366,global-q 2.5%,0.08788309372546671
261570,Triunfo,10,15265,2018-12-31,6.550933508024893e-4,0.009820323685458794,global-q median,0.06670791837264009
261570,Triunfo,10,15265,2018-12-31,6.550933508024893e-4,0.01510174051658718,global-q 97.5%,0.043378665530834644
261570,Triunfo,10,15265,2018-12-31,6.550933508024893e-4,0.05,fixed q=0.05,0.013101867016049786
261570,Triunfo,10,15265,2018-12-31,6.550933508024893e-4,0.1,fixed q=0.10,0.006550933508024893
261570,Triunfo,10,15265,2018-12-31,6.550933508024893e-4,0.15,fixed q=0.15,0.004367289005349929
261570,Triunfo,10,15265,2018-12-31,6.550933508024893e-4,0.2,fixed q=0.20,0.0032754667540124465
261570,Triunfo,10,15265,2018-12-31,6.550933508024893e-4,0.25,fixed q=0.25,0.0026203734032099572
261570,Triunfo,10,15265,2018-12-31,6.550933508024893e-4,0.3,fixed q=0.30,0.0021836445026749644
261570,Triunfo,11,15232,2021-12-31,7.221638655462185e-4,0.007454145308640366,global-q 2.5%,0.0968808408804605
261570,Triunfo,11,15232,2021-12-31,7.221638655462185e-4,0.009820323685458794,global-q median,0.07353768456894605
261570,Triunfo,11,15232,2021-12-31,7.221638655462185e-4,0.01510174051658718,global-q 97.5%,0.04781990954969866
261570,Triunfo,11,15232,2021-12-31,7.221638655462185e-4,0.05,fixed q=0.05,0.01444327731092437
261570,Triunfo,11,15232,2021-12-31,7.221638655462185e-4,0.1,fixed q=0.10,0.007221638655462185
261570,Triunfo,11,15232,2021-12-31,7.221638655462185e-4,0.15,fixed q=0.15,0.0048144257703081235
261570,Triunfo,11,15232,2021-12-31,7.221638655462185e-4,0.2,fixed q=0.20,0.0036108193277310926
261570,Triunfo,11,15232,2021-12-31,7.221638655462185e-4,0.25,fixed q=0.25,0.002888655462184874
261570,Triunfo,11,15232,2021-12-31,7.221638655462185e-4,0.3,fixed q=0.30,0.0024072128851540617
261570,Triunfo,22,14705,2022-12-31,0.0014960897653859232,0.007454145308640366,global-q 2.5%,0.20070574203212166
261570,Triunfo,22,14705,2022-12-31,0.0014960897653859232,0.009820323685458794,global-q median,0.15234627832086856
261570,Triunfo,22,14705,2022-12-31,0.0014960897653859232,0.01510174051658718,global-q 97.5%,0.09906737330989596
261570,Triunfo,22,14705,2022-12-31,0.0014960897653859232,0.05,fixed q=0.05,0.029921795307718463
261570,Triunfo,22,14705,2022-12-31,0.0014960897653859232,0.1,fixed q=0.10,0.014960897653859231
261570,Triunfo,22,14705,2022-12-31,0.0014960897653859232,0.15,fixed q=0.15,0.009973931769239488
261570,Triunfo,22,14705,2022-12-31,0.0014960897653859232,0.2,fixed q=0.20,0.007480448826929616
261570,Triunfo,22,14705,2022-12-31,0.0014960897653859232,0.25,fixed q=0.25,0.005984359061543693
261570,Triunfo,22,14705,2022-12-31,0.0014960897653859232,0.3,fixed q=0.30,0.004986965884619744
261570,Triunfo,22,15141,2025-12-21,0.0014530083878211478,0.007454145308640366,global-q 2.5%,0.19492622261292838
261570,Triunfo,22,15141,2025-12-21,0.0014530083878211478,0.009820323685458794,global-q median,0.14795931726493441
261570,Triunfo,22,15141,2025-12-21,0.0014530083878211478,0.01510174051658718,global-q 97.5%,0.09621463077220924
261570,Triunfo,22,15141,2025-12-21,0.0014530083878211478,0.05,fixed q=0.05,0.029060167756422953
261570,Triunfo,22,15141,2025-12-21,0.0014530083878211478,0.1,fixed q=0.10,0.014530083878211477
261570,Triunfo,22,15141,2025-12-21,0.0014530083878211478,0.15,fixed q=0.15,0.009686722585474318
261570,Triunfo,22,15141,2025-12-21,0.0014530083878211478,0.2,fixed q=0.20,0.007265041939105738
261570,Triunfo,22,15141,2025-12-21,0.0014530083878211478,0.25,fixed q=0.25,0.005812033551284591
261570,Triunfo,22,15141,2025-12-21,0.0014530083878211478,0.3,fixed q=0.30,0.004843361292737159
261580,Tupanatinga,8,26727,2016-12-31,2.993227822052606e-4,0.007454145308640366,global-q 2.5%,0.04015521160532045
261580,Tupanatinga,8,26727,2016-12-31,2.993227822052606e-4,0.009820323685458794,global-q median,0.03047993037627421
261580,Tupanatinga,8,26727,2016-12-31,2.993227822052606e-4,0.01510174051658718,global-q 97.5%,0.01982041618821988
261580,Tupanatinga,8,26727,2016-12-31,2.993227822052606e-4,0.05,fixed q=0.05,0.005986455644105212
261580,Tupanatinga,8,26727,2016-12-31,2.993227822052606e-4,0.1,fixed q=0.10,0.002993227822052606
261580,Tupanatinga,8,26727,2016-12-31,2.993227822052606e-4,0.15,fixed q=0.15,0.0019954852147017377
261580,Tupanatinga,8,26727,2016-12-31,2.993227822052606e-4,0.2,fixed q=0.20,0.001496613911026303
261580,Tupanatinga,8,26727,2016-12-31,2.993227822052606e-4,0.25,fixed q=0.25,0.0011972911288210424
261580,Tupanatinga,8,26727,2016-12-31,2.993227822052606e-4,0.3,fixed q=0.30,9.977426073508688e-4
261580,Tupanatinga,11,27052,2018-12-31,4.066242791660506e-4,0.007454145308640366,global-q 2.5%,0.05455008754588106
261580,Tupanatinga,11,27052,2018-12-31,4.066242791660506e-4,0.009820323685458794,global-q median,0.041406402903821755
261580,Tupanatinga,11,27052,2018-12-31,4.066242791660506e-4,0.01510174051658718,global-q 97.5%,0.026925656596961778
261580,Tupanatinga,11,27052,2018-12-31,4.066242791660506e-4,0.05,fixed q=0.05,0.008132485583321011
261580,Tupanatinga,11,27052,2018-12-31,4.066242791660506e-4,0.1,fixed q=0.10,0.004066242791660506
261580,Tupanatinga,11,27052,2018-12-31,4.066242791660506e-4,0.15,fixed q=0.15,0.002710828527773671
261580,Tupanatinga,11,27052,2018-12-31,4.066242791660506e-4,0.2,fixed q=0.20,0.002033121395830253
261580,Tupanatinga,11,27052,2018-12-31,4.066242791660506e-4,0.25,fixed q=0.25,0.0016264971166642024
261580,Tupanatinga,11,27052,2018-12-31,4.066242791660506e-4,0.3,fixed q=0.30,0.0013554142638868354
261580,Tupanatinga,26,26937,2022-12-31,9.652151316033708e-4,0.007454145308640366,global-q 2.5%,0.12948702924861893
261580,Tupanatinga,26,26937,2022-12-31,9.652151316033708e-4,0.009820323685458794,global-q median,0.09828750686014451
261580,Tupanatinga,26,26937,2022-12-31,9.652151316033708e-4,0.01510174051658718,global-q 97.5%,0.06391416476420152
261580,Tupanatinga,26,26937,2022-12-31,9.652151316033708e-4,0.05,fixed q=0.05,0.019304302632067415
261580,Tupanatinga,26,26937,2022-12-31,9.652151316033708e-4,0.1,fixed q=0.10,0.009652151316033707
261580,Tupanatinga,26,26937,2022-12-31,9.652151316033708e-4,0.15,fixed q=0.15,0.006434767544022472
261580,Tupanatinga,26,26937,2022-12-31,9.652151316033708e-4,0.2,fixed q=0.20,0.004826075658016854
261580,Tupanatinga,26,26937,2022-12-31,9.652151316033708e-4,0.25,fixed q=0.25,0.0038608605264134834
261580,Tupanatinga,26,26937,2022-12-31,9.652151316033708e-4,0.3,fixed q=0.30,0.003217383772011236
261580,Tupanatinga,26,27793,2021-12-31,9.354873529305941e-4,0.007454145308640366,global-q 2.5%,0.12549894242687182
261580,Tupanatinga,26,27793,2021-12-31,9.354873529305941e-4,0.009820323685458794,global-q median,0.095260337937312
261580,Tupanatinga,26,27793,2021-12-31,9.354873529305941e-4,0.01510174051658718,global-q 97.5%,0.06194566460091737
261580,Tupanatinga,26,27793,2021-12-31,9.354873529305941e-4,0.05,fixed q=0.05,0.01870974705861188
261580,Tupanatinga,26,27793,2021-12-31,9.354873529305941e-4,0.1,fixed q=0.10,0.00935487352930594
261580,Tupanatinga,26,27793,2021-12-31,9.354873529305941e-4,0.15,fixed q=0.15,0.006236582352870628
261580,Tupanatinga,26,27793,2021-12-31,9.354873529305941e-4,0.2,fixed q=0.20,0.00467743676465297
261580,Tupanatinga,26,27793,2021-12-31,9.354873529305941e-4,0.25,fixed q=0.25,0.0037419494117223763
261580,Tupanatinga,26,27793,2021-12-31,9.354873529305941e-4,0.3,fixed q=0.30,0.003118291176435314
261580,Tupanatinga,33,28141,2025-12-21,0.0011726662165523613,0.007454145308640366,global-q 2.5%,0.15731732720491534
261580,Tupanatinga,33,28141,2025-12-21,0.0011726662165523613,0.009820323685458794,global-q median,0.11941217561787279
261580,Tupanatinga,33,28141,2025-12-21,0.0011726662165523613,0.01510174051658718,global-q 97.5%,0.07765106381376034
261580,Tupanatinga,33,28141,2025-12-21,0.0011726662165523613,0.05,fixed q=0.05,0.023453324331047225
261580,Tupanatinga,33,28141,2025-12-21,0.0011726662165523613,0.1,fixed q=0.10,0.011726662165523613
261580,Tupanatinga,33,28141,2025-12-21,0.0011726662165523613,0.15,fixed q=0.15,0.007817774777015743
261580,Tupanatinga,33,28141,2025-12-21,0.0011726662165523613,0.2,fixed q=0.20,0.005863331082761806
261580,Tupanatinga,33,28141,2025-12-21,0.0011726662165523613,0.25,fixed q=0.25,0.004690664866209445
261580,Tupanatinga,33,28141,2025-12-21,0.0011726662165523613,0.3,fixed q=0.30,0.0039088873885078715
261590,Tuparetama,0,8159,2016-12-31,0,0.007454145308640366,global-q 2.5%,0
261590,Tuparetama,0,8159,2016-12-31,0,0.009820323685458794,global-q median,0
261590,Tuparetama,0,8159,2016-12-31,0,0.01510174051658718,global-q 97.5%,0
261590,Tuparetama,0,8159,2016-12-31,0,0.05,fixed q=0.05,0
261590,Tuparetama,0,8159,2016-12-31,0,0.1,fixed q=0.10,0
261590,Tuparetama,0,8159,2016-12-31,0,0.15,fixed q=0.15,0
261590,Tuparetama,0,8159,2016-12-31,0,0.2,fixed q=0.20,0
261590,Tuparetama,0,8159,2016-12-31,0,0.25,fixed q=0.25,0
261590,Tuparetama,0,8159,2016-12-31,0,0.3,fixed q=0.30,0
261590,Tuparetama,0,8192,2018-12-31,0,0.007454145308640366,global-q 2.5%,0
261590,Tuparetama,0,8192,2018-12-31,0,0.009820323685458794,global-q median,0
261590,Tuparetama,0,8192,2018-12-31,0,0.01510174051658718,global-q 97.5%,0
261590,Tuparetama,0,8192,2018-12-31,0,0.05,fixed q=0.05,0
261590,Tuparetama,0,8192,2018-12-31,0,0.1,fixed q=0.10,0
261590,Tuparetama,0,8192,2018-12-31,0,0.15,fixed q=0.15,0
261590,Tuparetama,0,8192,2018-12-31,0,0.2,fixed q=0.20,0
261590,Tuparetama,0,8192,2018-12-31,0,0.25,fixed q=0.25,0
261590,Tuparetama,0,8192,2018-12-31,0,0.3,fixed q=0.30,0
261590,Tuparetama,1,8266,2021-12-31,1.2097749818533752e-4,0.007454145308640366,global-q 2.5%,0.01622955995305165
261590,Tuparetama,1,8266,2021-12-31,1.2097749818533752e-4,0.009820323685458794,global-q median,0.012319094773268218
261590,Tuparetama,1,8266,2021-12-31,1.2097749818533752e-4,0.01510174051658718,global-q 97.5%,0.008010831470217649
261590,Tuparetama,1,8266,2021-12-31,1.2097749818533752e-4,0.05,fixed q=0.05,0.0024195499637067503
261590,Tuparetama,1,8266,2021-12-31,1.2097749818533752e-4,0.1,fixed q=0.10,0.0012097749818533751
261590,Tuparetama,1,8266,2021-12-31,1.2097749818533752e-4,0.15,fixed q=0.15,8.065166545689168e-4
261590,Tuparetama,1,8266,2021-12-31,1.2097749818533752e-4,0.2,fixed q=0.20,6.048874909266876e-4
261590,Tuparetama,1,8266,2021-12-31,1.2097749818533752e-4,0.25,fixed q=0.25,4.839099927413501e-4
261590,Tuparetama,1,8266,2021-12-31,1.2097749818533752e-4,0.3,fixed q=0.30,4.032583272844584e-4
261590,Tuparetama,2,8005,2022-12-31,2.4984384759525296e-4,0.007454145308640366,global-q 2.5%,0.033517437244703296
261590,Tuparetama,2,8005,2022-12-31,2.4984384759525296e-4,0.009820323685458794,global-q median,0.025441508406204894
261590,Tuparetama,2,8005,2022-12-31,2.4984384759525296e-4,0.01510174051658718,global-q 97.5%,0.016544043206200898
261590,Tuparetama,2,8005,2022-12-31,2.4984384759525296e-4,0.05,fixed q=0.05,0.004996876951905059
261590,Tuparetama,2,8005,2022-12-31,2.4984384759525296e-4,0.1,fixed q=0.10,0.0024984384759525295
261590,Tuparetama,2,8005,2022-12-31,2.4984384759525296e-4,0.15,fixed q=0.15,0.0016656256506350198
261590,Tuparetama,2,8005,2022-12-31,2.4984384759525296e-4,0.2,fixed q=0.20,0.0012492192379762648
261590,Tuparetama,2,8005,2022-12-31,2.4984384759525296e-4,0.25,fixed q=0.25,9.993753903810119e-4
261590,Tuparetama,2,8005,2022-12-31,2.4984384759525296e-4,0.3,fixed q=0.30,8.328128253175099e-4
261590,Tuparetama,2,8261,2025-12-21,2.42101440503571e-4,0.007454145308640366,global-q 2.5%,0.032478765905320166
261590,Tuparetama,2,8261,2025-12-21,2.42101440503571e-4,0.009820323685458794,global-q median,0.02465310189948798
261590,Tuparetama,2,8261,2025-12-21,2.42101440503571e-4,0.01510174051658718,global-q 97.5%,0.016031360109628155
261590,Tuparetama,2,8261,2025-12-21,2.42101440503571e-4,0.05,fixed q=0.05,0.00484202881007142
261590,Tuparetama,2,8261,2025-12-21,2.42101440503571e-4,0.1,fixed q=0.10,0.00242101440503571
261590,Tuparetama,2,8261,2025-12-21,2.42101440503571e-4,0.15,fixed q=0.15,0.00161400960335714
261590,Tuparetama,2,8261,2025-12-21,2.42101440503571e-4,0.2,fixed q=0.20,0.001210507202517855
261590,Tuparetama,2,8261,2025-12-21,2.42101440503571e-4,0.25,fixed q=0.25,9.68405762014284e-4
261590,Tuparetama,2,8261,2025-12-21,2.42101440503571e-4,0.3,fixed q=0.30,8.0700480167857e-4
261600,Venturosa,2,18067,2016-12-31,1.1069906459290419e-4,0.007454145308640366,global-q 2.5%,0.014850671674536442
261600,Venturosa,2,18067,2016-12-31,1.1069906459290419e-4,0.009820323685458794,global-q median,0.011272445607553562
261600,Venturosa,2,18067,2016-12-31,1.1069906459290419e-4,0.01510174051658718,global-q 97.5%,0.007330218955312901
261600,Venturosa,2,18067,2016-12-31,1.1069906459290419e-4,0.05,fixed q=0.05,0.0022139812918580836
261600,Venturosa,2,18067,2016-12-31,1.1069906459290419e-4,0.1,fixed q=0.10,0.0011069906459290418
261600,Venturosa,2,18067,2016-12-31,1.1069906459290419e-4,0.15,fixed q=0.15,7.379937639526947e-4
261600,Venturosa,2,18067,2016-12-31,1.1069906459290419e-4,0.2,fixed q=0.20,5.534953229645209e-4
261600,Venturosa,2,18067,2016-12-31,1.1069906459290419e-4,0.25,fixed q=0.25,4.4279625837161677e-4
261600,Venturosa,2,18067,2016-12-31,1.1069906459290419e-4,0.3,fixed q=0.30,3.6899688197634733e-4
261600,Venturosa,4,18298,2018-12-31,2.1860312602470214e-4,0.007454145308640366,global-q 2.5%,0.029326383773510753
261600,Venturosa,4,18298,2018-12-31,2.1860312602470214e-4,0.009820323685458794,global-q median,0.022260277056691462
261600,Venturosa,4,18298,2018-12-31,2.1860312602470214e-4,0.01510174051658718,global-q 97.5%,0.014475359696757917
261600,Venturosa,4,18298,2018-12-31,2.1860312602470214e-4,0.05,fixed q=0.05,0.004372062520494042
261600,Venturosa,4,18298,2018-12-31,2.1860312602470214e-4,0.1,fixed q=0.10,0.002186031260247021
261600,Venturosa,4,18298,2018-12-31,2.1860312602470214e-4,0.15,fixed q=0.15,0.0014573541734980142
261600,Venturosa,4,18298,2018-12-31,2.1860312602470214e-4,0.2,fixed q=0.20,0.0010930156301235106
261600,Venturosa,4,18298,2018-12-31,2.1860312602470214e-4,0.25,fixed q=0.25,8.744125040988086e-4
261600,Venturosa,4,18298,2018-12-31,2.1860312602470214e-4,0.3,fixed q=0.30,7.286770867490071e-4
261600,Venturosa,5,18835,2021-12-31,0.00026546323334218213,0.007454145308640366,global-q 2.5%,0.035612833175451275
261600,Venturosa,5,18835,2021-12-31,0.00026546323334218213,0.009820323685458794,global-q median,0.02703202479316037
261600,Venturosa,5,18835,2021-12-31,0.00026546323334218213,0.01510174051658718,global-q 97.5%,0.017578320396288583
261600,Venturosa,5,18835,2021-12-31,0.00026546323334218213,0.05,fixed q=0.05,0.005309264666843642
261600,Venturosa,5,18835,2021-12-31,0.00026546323334218213,0.1,fixed q=0.10,0.002654632333421821
261600,Venturosa,5,18835,2021-12-31,0.00026546323334218213,0.15,fixed q=0.15,0.001769754888947881
261600,Venturosa,5,18835,2021-12-31,0.00026546323334218213,0.2,fixed q=0.20,0.0013273161667109105
261600,Venturosa,5,18835,2021-12-31,0.00026546323334218213,0.25,fixed q=0.25,0.0010618529333687285
261600,Venturosa,5,18835,2021-12-31,0.00026546323334218213,0.3,fixed q=0.30,8.848774444739405e-4
261600,Venturosa,6,17251,2022-12-31,3.478059242942438e-4,0.007454145308640366,global-q 2.5%,0.04665939687157554
261600,Venturosa,6,17251,2022-12-31,3.478059242942438e-4,0.009820323685458794,global-q median,0.03541695115500612
261600,Venturosa,6,17251,2022-12-31,3.478059242942438e-4,0.01510174051658718,global-q 97.5%,0.023030850246183673
261600,Venturosa,6,17251,2022-12-31,3.478059242942438e-4,0.05,fixed q=0.05,0.006956118485884876
261600,Venturosa,6,17251,2022-12-31,3.478059242942438e-4,0.1,fixed q=0.10,0.003478059242942438
261600,Venturosa,6,17251,2022-12-31,3.478059242942438e-4,0.15,fixed q=0.15,0.0023187061619616253
261600,Venturosa,6,17251,2022-12-31,3.478059242942438e-4,0.2,fixed q=0.20,0.001739029621471219
261600,Venturosa,6,17251,2022-12-31,3.478059242942438e-4,0.25,fixed q=0.25,0.0013912236971769752
261600,Venturosa,6,17251,2022-12-31,3.478059242942438e-4,0.3,fixed q=0.30,0.0011593530809808127
261600,Venturosa,8,17563,2025-12-21,4.555030461766213e-4,0.007454145308640366,global-q 2.5%,0.06110734729689686
261600,Venturosa,8,17563,2025-12-21,4.555030461766213e-4,0.009820323685458794,global-q median,0.046383710024863675
261600,Venturosa,8,17563,2025-12-21,4.555030461766213e-4,0.01510174051658718,global-q 97.5%,0.030162287961199834
261600,Venturosa,8,17563,2025-12-21,4.555030461766213e-4,0.05,fixed q=0.05,0.009110060923532426
261600,Venturosa,8,17563,2025-12-21,4.555030461766213e-4,0.1,fixed q=0.10,0.004555030461766213
261600,Venturosa,8,17563,2025-12-21,4.555030461766213e-4,0.15,fixed q=0.15,0.0030366869745108087
261600,Venturosa,8,17563,2025-12-21,4.555030461766213e-4,0.2,fixed q=0.20,0.0022775152308831064
261600,Venturosa,8,17563,2025-12-21,4.555030461766213e-4,0.25,fixed q=0.25,0.0018220121847064852
261600,Venturosa,8,17563,2025-12-21,4.555030461766213e-4,0.3,fixed q=0.30,0.0015183434872554043
261610,Verdejante,1,9471,2016-12-31,1.0558547143912998e-4,0.007454145308640366,global-q 2.5%,0.014164665037686089
261610,Verdejante,1,9471,2016-12-31,1.0558547143912998e-4,0.009820323685458794,global-q median,0.010751730270914908
261610,Verdejante,1,9471,2016-12-31,1.0558547143912998e-4,0.01510174051658718,global-q 97.5%,0.0069916094322478185
261610,Verdejante,1,9471,2016-12-31,1.0558547143912998e-4,0.05,fixed q=0.05,0.0021117094287825995
261610,Verdejante,1,9471,2016-12-31,1.0558547143912998e-4,0.1,fixed q=0.10,0.0010558547143912998
261610,Verdejante,1,9471,2016-12-31,1.0558547143912998e-4,0.15,fixed q=0.15,7.039031429275332e-4
261610,Verdejante,1,9471,2016-12-31,1.0558547143912998e-4,0.2,fixed q=0.20,5.279273571956499e-4
261610,Verdejante,1,9471,2016-12-31,1.0558547143912998e-4,0.25,fixed q=0.25,4.223418857565199e-4
261610,Verdejante,1,9471,2016-12-31,1.0558547143912998e-4,0.3,fixed q=0.30,3.519515714637666e-4
261610,Verdejante,2,9514,2018-12-31,2.1021652301870928e-4,0.007454145308640366,global-q 2.5%,0.028201291270112457
261610,Verdejante,2,9514,2018-12-31,2.1021652301870928e-4,0.009820323685458794,global-q median,0.02140627231360839
261610,Verdejante,2,9514,2018-12-31,2.1021652301870928e-4,0.01510174051658718,global-q 97.5%,0.013920019536014105
261610,Verdejante,2,9514,2018-12-31,2.1021652301870928e-4,0.05,fixed q=0.05,0.004204330460374185
261610,Verdejante,2,9514,2018-12-31,2.1021652301870928e-4,0.1,fixed q=0.10,0.0021021652301870925
261610,Verdejante,2,9514,2018-12-31,2.1021652301870928e-4,0.15,fixed q=0.15,0.0014014434867913952
261610,Verdejante,2,9514,2018-12-31,2.1021652301870928e-4,0.2,fixed q=0.20,0.0010510826150935463
261610,Verdejante,2,9514,2018-12-31,2.1021652301870928e-4,0.25,fixed q=0.25,8.408660920748371e-4
261610,Verdejante,2,9514,2018-12-31,2.1021652301870928e-4,0.3,fixed q=0.30,7.007217433956976e-4
261610,Verdejante,3,9572,2021-12-31,3.134141245298788e-4,0.007454145308640366,global-q 2.5%,0.04204561509776168
261610,Verdejante,3,9572,2021-12-31,3.134141245298788e-4,0.009820323685458794,global-q median,0.03191484665561067
261610,Verdejante,3,9572,2021-12-31,3.134141245298788e-4,0.01510174051658718,global-q 97.5%,0.020753510112667913
261610,Verdejante,3,9572,2021-12-31,3.134141245298788e-4,0.05,fixed q=0.05,0.006268282490597576
261610,Verdejante,3,9572,2021-12-31,3.134141245298788e-4,0.1,fixed q=0.10,0.003134141245298788
261610,Verdejante,3,9572,2021-12-31,3.134141245298788e-4,0.15,fixed q=0.15,0.002089427496865859
261610,Verdejante,3,9572,2021-12-31,3.134141245298788e-4,0.2,fixed q=0.20,0.001567070622649394
261610,Verdejante,3,9572,2021-12-31,3.134141245298788e-4,0.25,fixed q=0.25,0.0012536564981195152
261610,Verdejante,3,9572,2021-12-31,3.134141245298788e-4,0.3,fixed q=0.30,0.0010447137484329294
261610,Verdejante,660,9169,2022-12-31,0.07198167739120952,0.007454145308640366,global-q 2.5%,9.656597022300193
261610,Verdejante,660,9169,2022-12-31,0.07198167739120952,0.009820323685458794,global-q median,7.329868107890847
261610,Verdejante,660,9169,2022-12-31,0.07198167739120952,0.01510174051658718,global-q 97.5%,4.766449093211976
261610,Verdejante,660,9169,2022-12-31,0.07198167739120952,0.05,fixed q=0.05,1.4396335478241902
261610,Verdejante,660,9169,2022-12-31,0.07198167739120952,0.1,fixed q=0.10,0.7198167739120951
261610,Verdejante,660,9169,2022-12-31,0.07198167739120952,0.15,fixed q=0.15,0.47987784927473015
261610,Verdejante,660,9169,2022-12-31,0.07198167739120952,0.2,fixed q=0.20,0.35990838695604754
261610,Verdejante,660,9169,2022-12-31,0.07198167739120952,0.25,fixed q=0.25,0.28792670956483807
261610,Verdejante,660,9169,2022-12-31,0.07198167739120952,0.3,fixed q=0.30,0.23993892463736508
261610,Verdejante,669,9483,2025-12-21,0.07054729515975958,0.007454145308640366,global-q 2.5%,9.46416956454896
261610,Verdejante,669,9483,2025-12-21,0.07054729515975958,0.009820323685458794,global-q median,7.18380548537527
261610,Verdejante,669,9483,2025-12-21,0.07054729515975958,0.01510174051658718,global-q 97.5%,4.671467840562689
261610,Verdejante,669,9483,2025-12-21,0.07054729515975958,0.05,fixed q=0.05,1.4109459031951914
261610,Verdejante,669,9483,2025-12-21,0.07054729515975958,0.1,fixed q=0.10,0.7054729515975957
261610,Verdejante,669,9483,2025-12-21,0.07054729515975958,0.15,fixed q=0.15,0.47031530106506386
261610,Verdejante,669,9483,2025-12-21,0.07054729515975958,0.2,fixed q=0.20,0.35273647579879785
261610,Verdejante,669,9483,2025-12-21,0.07054729515975958,0.25,fixed q=0.25,0.2821891806390383
261610,Verdejante,669,9483,2025-12-21,0.07054729515975958,0.3,fixed q=0.30,0.23515765053253193
261618,Vertente do Lério,1,7666,2018-12-31,1.3044612575006522e-4,0.007454145308640366,global-q 2.5%,0.01749980988415405
261618,Vertente do Lério,1,7666,2018-12-31,1.3044612575006522e-4,0.009820323685458794,global-q median,0.013283281684820649
261618,Vertente do Lério,1,7666,2018-12-31,1.3044612575006522e-4,0.01510174051658718,global-q 97.5%,0.008637820627813604
261618,Vertente do Lério,1,7666,2018-12-31,1.3044612575006522e-4,0.05,fixed q=0.05,0.0026089225150013043
261618,Vertente do Lério,1,7666,2018-12-31,1.3044612575006522e-4,0.1,fixed q=0.10,0.0013044612575006521
261618,Vertente do Lério,1,7666,2018-12-31,1.3044612575006522e-4,0.15,fixed q=0.15,8.696408383337682e-4
261618,Vertente do Lério,1,7666,2018-12-31,1.3044612575006522e-4,0.2,fixed q=0.20,6.522306287503261e-4
261618,Vertente do Lério,1,7666,2018-12-31,1.3044612575006522e-4,0.25,fixed q=0.25,5.217845030002609e-4
261618,Vertente do Lério,1,7666,2018-12-31,1.3044612575006522e-4,0.3,fixed q=0.30,4.348204191668841e-4
261618,Vertente do Lério,1,7693,2016-12-31,1.2998830105290525e-4,0.007454145308640366,global-q 2.5%,0.01743839107915312
261618,Vertente do Lério,1,7693,2016-12-31,1.2998830105290525e-4,0.009820323685458794,global-q median,0.013236661561917992
261618,Vertente do Lério,1,7693,2016-12-31,1.2998830105290525e-4,0.01510174051658718,global-q 97.5%,0.008607504605851956
261618,Vertente do Lério,1,7693,2016-12-31,1.2998830105290525e-4,0.05,fixed q=0.05,0.002599766021058105
261618,Vertente do Lério,1,7693,2016-12-31,1.2998830105290525e-4,0.1,fixed q=0.10,0.0012998830105290524
261618,Vertente do Lério,1,7693,2016-12-31,1.2998830105290525e-4,0.15,fixed q=0.15,8.665886736860351e-4
261618,Vertente do Lério,1,7693,2016-12-31,1.2998830105290525e-4,0.2,fixed q=0.20,6.499415052645262e-4
261618,Vertente do Lério,1,7693,2016-12-31,1.2998830105290525e-4,0.25,fixed q=0.25,5.19953204211621e-4
261618,Vertente do Lério,1,7693,2016-12-31,1.2998830105290525e-4,0.3,fixed q=0.30,4.3329433684301754e-4
261618,Vertente do Lério,3,7526,2021-12-31,3.986181238373638e-4,0.007454145308640366,global-q 2.5%,0.05347603344615664
261618,Vertente do Lério,3,7526,2021-12-31,3.986181238373638e-4,0.009820323685458794,global-q median,0.040591139009766845
261618,Vertente do Lério,3,7526,2021-12-31,3.986181238373638e-4,0.01510174051658718,global-q 97.5%,0.026395508742819197
261618,Vertente do Lério,3,7526,2021-12-31,3.986181238373638e-4,0.05,fixed q=0.05,0.007972362476747276
261618,Vertente do Lério,3,7526,2021-12-31,3.986181238373638e-4,0.1,fixed q=0.10,0.003986181238373638
261618,Vertente do Lério,3,7526,2021-12-31,3.986181238373638e-4,0.15,fixed q=0.15,0.0026574541589157587
261618,Vertente do Lério,3,7526,2021-12-31,3.986181238373638e-4,0.2,fixed q=0.20,0.001993090619186819
261618,Vertente do Lério,3,7526,2021-12-31,3.986181238373638e-4,0.25,fixed q=0.25,0.0015944724953494552
261618,Vertente do Lério,3,7526,2021-12-31,3.986181238373638e-4,0.3,fixed q=0.30,0.0013287270794578793
261618,Vertente do Lério,3,7558,2022-12-31,3.9693040486901297e-4,0.007454145308640366,global-q 2.5%,0.05324961996768653
261618,Vertente do Lério,3,7558,2022-12-31,3.9693040486901297e-4,0.009820323685458794,global-q median,0.04041927919919361
261618,Vertente do Lério,3,7558,2022-12-31,3.9693040486901297e-4,0.01510174051658718,global-q 97.5%,0.026283752156451082
261618,Vertente do Lério,3,7558,2022-12-31,3.9693040486901297e-4,0.05,fixed q=0.05,0.007938608097380258
261618,Vertente do Lério,3,7558,2022-12-31,3.9693040486901297e-4,0.1,fixed q=0.10,0.003969304048690129
261618,Vertente do Lério,3,7558,2022-12-31,3.9693040486901297e-4,0.15,fixed q=0.15,0.0026462026991267533
261618,Vertente do Lério,3,7558,2022-12-31,3.9693040486901297e-4,0.2,fixed q=0.20,0.0019846520243450645
261618,Vertente do Lério,3,7558,2022-12-31,3.9693040486901297e-4,0.25,fixed q=0.25,0.0015877216194760519
261618,Vertente do Lério,3,7558,2022-12-31,3.9693040486901297e-4,0.3,fixed q=0.30,0.0013231013495633766
261618,Vertente do Lério,3,7776,2025-12-21,3.8580246913580245e-4,0.007454145308640366,global-q 2.5%,0.051756767967563636
261618,Vertente do Lério,3,7776,2025-12-21,3.8580246913580245e-4,0.009820323685458794,global-q median,0.039286125538516625
261618,Vertente do Lério,3,7776,2025-12-21,3.8580246913580245e-4,0.01510174051658718,global-q 97.5%,0.02554688770556292
261618,Vertente do Lério,3,7776,2025-12-21,3.8580246913580245e-4,0.05,fixed q=0.05,0.007716049382716049
261618,Vertente do Lério,3,7776,2025-12-21,3.8580246913580245e-4,0.1,fixed q=0.10,0.0038580246913580245
261618,Vertente do Lério,3,7776,2025-12-21,3.8580246913580245e-4,0.15,fixed q=0.15,0.00257201646090535
261618,Vertente do Lério,3,7776,2025-12-21,3.8580246913580245e-4,0.2,fixed q=0.20,0.0019290123456790122
261618,Vertente do Lério,3,7776,2025-12-21,3.8580246913580245e-4,0.25,fixed q=0.25,0.0015432098765432098
261618,Vertente do Lério,3,7776,2025-12-21,3.8580246913580245e-4,0.3,fixed q=0.30,0.001286008230452675
261620,Vertentes,1,20222,2016-12-31,4.945109286915241e-5,0.007454145308640366,global-q 2.5%,0.006634039292450052
261620,Vertentes,1,20222,2016-12-31,4.945109286915241e-5,0.009820323685458794,global-q median,0.005035586855693557
261620,Vertentes,1,20222,2016-12-31,4.945109286915241e-5,0.01510174051658718,global-q 97.5%,0.0032745293706269952
261620,Vertentes,1,20222,2016-12-31,4.945109286915241e-5,0.05,fixed q=0.05,9.89021857383048e-4
261620,Vertentes,1,20222,2016-12-31,4.945109286915241e-5,0.1,fixed q=0.10,4.94510928691524e-4
261620,Vertentes,1,20222,2016-12-31,4.945109286915241e-5,0.15,fixed q=0.15,3.296739524610161e-4
261620,Vertentes,1,20222,2016-12-31,4.945109286915241e-5,0.2,fixed q=0.20,2.47255464345762e-4
261620,Vertentes,1,20222,2016-12-31,4.945109286915241e-5,0.25,fixed q=0.25,1.9780437147660964e-4
261620,Vertentes,1,20222,2016-12-31,4.945109286915241e-5,0.3,fixed q=0.30,1.6483697623050804e-4
261620,Vertentes,1,20503,2018-12-31,4.8773350241428086e-5,0.007454145308640366,global-q 2.5%,0.006543117717988828
261620,Vertentes,1,20503,2018-12-31,4.8773350241428086e-5,0.009820323685458794,global-q median,0.0049665725696646885
261620,Vertentes,1,20503,2018-12-31,4.8773350241428086e-5,0.01510174051658718,global-q 97.5%,0.0032296509258556844
261620,Vertentes,1,20503,2018-12-31,4.8773350241428086e-5,0.05,fixed q=0.05,9.754670048285616e-4
261620,Vertentes,1,20503,2018-12-31,4.8773350241428086e-5,0.1,fixed q=0.10,4.877335024142808e-4
261620,Vertentes,1,20503,2018-12-31,4.8773350241428086e-5,0.15,fixed q=0.15,3.2515566827618725e-4
261620,Vertentes,1,20503,2018-12-31,4.8773350241428086e-5,0.2,fixed q=0.20,2.438667512071404e-4
261620,Vertentes,1,20503,2018-12-31,4.8773350241428086e-5,0.25,fixed q=0.25,1.9509340096571234e-4
261620,Vertentes,1,20503,2018-12-31,4.8773350241428086e-5,0.3,fixed q=0.30,1.6257783413809362e-4
261620,Vertentes,1,21172,2021-12-31,4.723219346306443e-5,0.007454145308640366,global-q 2.5%,0.006336366076512609
261620,Vertentes,1,21172,2021-12-31,4.723219346306443e-5,0.009820323685458794,global-q median,0.0048096371337537835
261620,Vertentes,1,21172,2021-12-31,4.723219346306443e-5,0.01510174051658718,global-q 97.5%,0.0031275993261297512
261620,Vertentes,1,21172,2021-12-31,4.723219346306443e-5,0.05,fixed q=0.05,9.446438692612885e-4
261620,Vertentes,1,21172,2021-12-31,4.723219346306443e-5,0.1,fixed q=0.10,4.7232193463064425e-4
261620,Vertentes,1,21172,2021-12-31,4.723219346306443e-5,0.15,fixed q=0.15,3.1488128975376285e-4
261620,Vertentes,1,21172,2021-12-31,4.723219346306443e-5,0.2,fixed q=0.20,2.3616096731532212e-4
261620,Vertentes,1,21172,2021-12-31,4.723219346306443e-5,0.25,fixed q=0.25,1.889287738522577e-4
261620,Vertentes,1,21172,2021-12-31,4.723219346306443e-5,0.3,fixed q=0.30,1.5744064487688142e-4
261620,Vertentes,1,21959,2022-12-31,4.553941436313129e-5,0.007454145308640366,global-q 2.5%,0.0061092737634648635
261620,Vertentes,1,21959,2022-12-31,4.553941436313129e-5,0.009820323685458794,global-q median,0.004637262051816344
261620,Vertentes,1,21959,2022-12-31,4.553941436313129e-5,0.01510174051658718,global-q 97.5%,0.003015507670331941
261620,Vertentes,1,21959,2022-12-31,4.553941436313129e-5,0.05,fixed q=0.05,9.107882872626257e-4
261620,Vertentes,1,21959,2022-12-31,4.553941436313129e-5,0.1,fixed q=0.10,4.5539414363131287e-4
261620,Vertentes,1,21959,2022-12-31,4.553941436313129e-5,0.15,fixed q=0.15,3.035960957542086e-4
261620,Vertentes,1,21959,2022-12-31,4.553941436313129e-5,0.2,fixed q=0.20,2.2769707181565643e-4
261620,Vertentes,1,21959,2022-12-31,4.553941436313129e-5,0.25,fixed q=0.25,1.8215765745252516e-4
261620,Vertentes,1,21959,2022-12-31,4.553941436313129e-5,0.3,fixed q=0.30,1.517980478771043e-4
261620,Vertentes,1,23127,2025-12-21,4.323950361049855e-5,0.007454145308640366,global-q 2.5%,0.005800732588399919
261620,Vertentes,1,23127,2025-12-21,4.323950361049855e-5,0.009820323685458794,global-q median,0.00440306297383297
261620,Vertentes,1,23127,2025-12-21,4.323950361049855e-5,0.01510174051658718,global-q 97.5%,0.002863213254326938
261620,Vertentes,1,23127,2025-12-21,4.323950361049855e-5,0.05,fixed q=0.05,8.647900722099709e-4
261620,Vertentes,1,23127,2025-12-21,4.323950361049855e-5,0.1,fixed q=0.10,4.3239503610498545e-4
261620,Vertentes,1,23127,2025-12-21,4.323950361049855e-5,0.15,fixed q=0.15,2.8826335740332365e-4
261620,Vertentes,1,23127,2025-12-21,4.323950361049855e-5,0.2,fixed q=0.20,2.1619751805249273e-4
261620,Vertentes,1,23127,2025-12-21,4.323950361049855e-5,0.25,fixed q=0.25,1.729580144419942e-4
261620,Vertentes,1,23127,2025-12-21,4.323950361049855e-5,0.3,fixed q=0.30,1.4413167870166183e-4
261630,Vicência,1,32296,2016-12-31,3.0963586821897446e-5,0.007454145308640366,global-q 2.5%,0.004153874862890913
261630,Vicência,1,32296,2016-12-31,3.0963586821897446e-5,0.009820323685458794,global-q median,0.003153010818548275
261630,Vicência,1,32296,2016-12-31,3.0963586821897446e-5,0.01510174051658718,global-q 97.5%,0.002050332330097197
261630,Vicência,1,32296,2016-12-31,3.0963586821897446e-5,0.05,fixed q=0.05,6.192717364379488e-4
261630,Vicência,1,32296,2016-12-31,3.0963586821897446e-5,0.1,fixed q=0.10,3.096358682189744e-4
261630,Vicência,1,32296,2016-12-31,3.0963586821897446e-5,0.15,fixed q=0.15,2.0642391214598297e-4
261630,Vicência,1,32296,2016-12-31,3.0963586821897446e-5,0.2,fixed q=0.20,1.548179341094872e-4
261630,Vicência,1,32296,2016-12-31,3.0963586821897446e-5,0.25,fixed q=0.25,1.2385434728758978e-4
261630,Vicência,1,32296,2016-12-31,3.0963586821897446e-5,0.3,fixed q=0.30,1.0321195607299149e-4
261630,Vicência,2,32513,2018-12-31,6.151385599606311e-5,0.007454145308640366,global-q 2.5%,0.008252301699131114
261630,Vicência,2,32513,2018-12-31,6.151385599606311e-5,0.009820323685458794,global-q median,0.006263933650898723
261630,Vicência,2,32513,2018-12-31,6.151385599606311e-5,0.01510174051658718,global-q 97.5%,0.004073295785244
261630,Vicência,2,32513,2018-12-31,6.151385599606311e-5,0.05,fixed q=0.05,0.0012302771199212623
261630,Vicência,2,32513,2018-12-31,6.151385599606311e-5,0.1,fixed q=0.10,6.151385599606311e-4
261630,Vicência,2,32513,2018-12-31,6.151385599606311e-5,0.15,fixed q=0.15,4.100923733070874e-4
261630,Vicência,2,32513,2018-12-31,6.151385599606311e-5,0.2,fixed q=0.20,3.0756927998031557e-4
261630,Vicência,2,32513,2018-12-31,6.151385599606311e-5,0.25,fixed q=0.25,2.4605542398425245e-4
261630,Vicência,2,32513,2018-12-31,6.151385599606311e-5,0.3,fixed q=0.30,2.050461866535437e-4
261630,Vicência,54,32897,2021-12-31,0.0016414870656898805,0.007454145308640366,global-q 2.5%,0.22021130494829153
261630,Vicência,54,32897,2021-12-31,0.0016414870656898805,0.009820323685458794,global-q median,0.16715203268915388
261630,Vicência,54,32897,2021-12-31,0.0016414870656898805,0.01510174051658718,global-q 97.5%,0.10869522383111624
261630,Vicência,54,32897,2021-12-31,0.0016414870656898805,0.05,fixed q=0.05,0.03282974131379761
261630,Vicência,54,32897,2021-12-31,0.0016414870656898805,0.1,fixed q=0.10,0.016414870656898804
261630,Vicência,54,32897,2021-12-31,0.0016414870656898805,0.15,fixed q=0.15,0.010943247104599204
261630,Vicência,54,32897,2021-12-31,0.0016414870656898805,0.2,fixed q=0.20,0.008207435328449402
261630,Vicência,54,32897,2021-12-31,0.0016414870656898805,0.25,fixed q=0.25,0.006565948262759522
261630,Vicência,54,32897,2021-12-31,0.0016414870656898805,0.3,fixed q=0.30,0.005471623552299602
261630,Vicência,55,26359,2022-12-31,0.0020865738457452863,0.007454145308640366,global-q 2.5%,0.27992127324465543
261630,Vicência,55,26359,2022-12-31,0.0020865738457452863,0.009820323685458794,global-q median,0.21247505811187567
261630,Vicência,55,26359,2022-12-31,0.0020865738457452863,0.01510174051658718,global-q 97.5%,0.13816777234739747
261630,Vicência,55,26359,2022-12-31,0.0020865738457452863,0.05,fixed q=0.05,0.041731476914905724
261630,Vicência,55,26359,2022-12-31,0.0020865738457452863,0.1,fixed q=0.10,0.020865738457452862
261630,Vicência,55,26359,2022-12-31,0.0020865738457452863,0.15,fixed q=0.15,0.013910492304968576
261630,Vicência,55,26359,2022-12-31,0.0020865738457452863,0.2,fixed q=0.20,0.010432869228726431
261630,Vicência,55,26359,2022-12-31,0.0020865738457452863,0.25,fixed q=0.25,0.008346295382981145
261630,Vicência,55,26359,2022-12-31,0.0020865738457452863,0.3,fixed q=0.30,0.006955246152484288
261630,Vicência,56,27151,2025-12-21,0.002062539132996943,0.007454145308640366,global-q 2.5%,0.27669693138476653
261630,Vicência,56,27151,2025-12-21,0.002062539132996943,0.009820323685458794,global-q median,0.2100276120277988
261630,Vicência,56,27151,2025-12-21,0.002062539132996943,0.01510174051658718,global-q 97.5%,0.1365762529644532
261630,Vicência,56,27151,2025-12-21,0.002062539132996943,0.05,fixed q=0.05,0.04125078265993885
261630,Vicência,56,27151,2025-12-21,0.002062539132996943,0.1,fixed q=0.10,0.020625391329969427
261630,Vicência,56,27151,2025-12-21,0.002062539132996943,0.15,fixed q=0.15,0.013750260886646286
261630,Vicência,56,27151,2025-12-21,0.002062539132996943,0.2,fixed q=0.20,0.010312695664984713
261630,Vicência,56,27151,2025-12-21,0.002062539132996943,0.25,fixed q=0.25,0.008250156531987771
261630,Vicência,56,27151,2025-12-21,0.002062539132996943,0.3,fixed q=0.30,0.006875130443323143
261640,Vitória de Santo Antão,86,136706,2016-12-31,6.290872383070238e-4,0.007454145308640366,global-q 2.5%,0.08439428160567601
261640,Vitória de Santo Antão,86,136706,2016-12-31,6.290872383070238e-4,0.009820323685458794,global-q median,0.06405972536715154
261640,Vitória de Santo Antão,86,136706,2016-12-31,6.290872383070238e-4,0.01510174051658718,global-q 97.5%,0.04165660492021156
261640,Vitória de Santo Antão,86,136706,2016-12-31,6.290872383070238e-4,0.05,fixed q=0.05,0.012581744766140476
261640,Vitória de Santo Antão,86,136706,2016-12-31,6.290872383070238e-4,0.1,fixed q=0.10,0.006290872383070238
261640,Vitória de Santo Antão,86,136706,2016-12-31,6.290872383070238e-4,0.15,fixed q=0.15,0.004193914922046826
261640,Vitória de Santo Antão,86,136706,2016-12-31,6.290872383070238e-4,0.2,fixed q=0.20,0.003145436191535119
261640,Vitória de Santo Antão,86,136706,2016-12-31,6.290872383070238e-4,0.25,fixed q=0.25,0.0025163489532280953
261640,Vitória de Santo Antão,86,136706,2016-12-31,6.290872383070238e-4,0.3,fixed q=0.30,0.002096957461023413
261640,Vitória de Santo Antão,100,137915,2018-12-31,7.250842910488344e-4,0.007454145308640366,global-q 2.5%,0.09727262630745383
261640,Vitória de Santo Antão,100,137915,2018-12-31,7.250842910488344e-4,0.009820323685458794,global-q median,0.07383507043891897
261640,Vitória de Santo Antão,100,137915,2018-12-31,7.250842910488344e-4,0.01510174051658718,global-q 97.5%,0.04801329292159598
261640,Vitória de Santo Antão,100,137915,2018-12-31,7.250842910488344e-4,0.05,fixed q=0.05,0.014501685820976688
261640,Vitória de Santo Antão,100,137915,2018-12-31,7.250842910488344e-4,0.1,fixed q=0.10,0.007250842910488344
261640,Vitória de Santo Antão,100,137915,2018-12-31,7.250842910488344e-4,0.15,fixed q=0.15,0.004833895273658896
261640,Vitória de Santo Antão,100,137915,2018-12-31,7.250842910488344e-4,0.2,fixed q=0.20,0.003625421455244172
261640,Vitória de Santo Antão,100,137915,2018-12-31,7.250842910488344e-4,0.25,fixed q=0.25,0.0029003371641953377
261640,Vitória de Santo Antão,100,137915,2018-12-31,7.250842910488344e-4,0.3,fixed q=0.30,0.002416947636829448
261640,Vitória de Santo Antão,329,140389,2021-12-31,0.002343488449949782,0.007454145308640366,global-q 2.5%,0.3143872775371525
261640,Vitória de Santo Antão,329,140389,2021-12-31,0.002343488449949782,0.009820323685458794,global-q median,0.23863657909971397
261640,Vitória de Santo Antão,329,140389,2021-12-31,0.002343488449949782,0.01510174051658718,global-q 97.5%,0.15518002361223088
261640,Vitória de Santo Antão,329,140389,2021-12-31,0.002343488449949782,0.05,fixed q=0.05,0.04686976899899564
261640,Vitória de Santo Antão,329,140389,2021-12-31,0.002343488449949782,0.1,fixed q=0.10,0.02343488449949782
261640,Vitória de Santo Antão,329,140389,2021-12-31,0.002343488449949782,0.15,fixed q=0.15,0.01562325633299855
261640,Vitória de Santo Antão,329,140389,2021-12-31,0.002343488449949782,0.2,fixed q=0.20,0.01171744224974891
261640,Vitória de Santo Antão,329,140389,2021-12-31,0.002343488449949782,0.25,fixed q=0.25,0.009373953799799129
261640,Vitória de Santo Antão,329,140389,2021-12-31,0.002343488449949782,0.3,fixed q=0.30,0.007811628166499275
261640,Vitória de Santo Antão,344,134084,2022-12-31,0.002565555920169446,0.007454145308640366,global-q 2.5%,0.34417841535710586
261640,Vitória de Santo Antão,344,134084,2022-12-31,0.002565555920169446,0.009820323685458794,global-q median,0.26124962906959276
261640,Vitória de Santo Antão,344,134084,2022-12-31,0.002565555920169446,0.01510174051658718,global-q 97.5%,0.16988478363480927
261640,Vitória de Santo Antão,344,134084,2022-12-31,0.002565555920169446,0.05,fixed q=0.05,0.051311118403388915
261640,Vitória de Santo Antão,344,134084,2022-12-31,0.002565555920169446,0.1,fixed q=0.10,0.025655559201694458
261640,Vitória de Santo Antão,344,134084,2022-12-31,0.002565555920169446,0.15,fixed q=0.15,0.017103706134462975
261640,Vitória de Santo Antão,344,134084,2022-12-31,0.002565555920169446,0.2,fixed q=0.20,0.012827779600847229
261640,Vitória de Santo Antão,344,134084,2022-12-31,0.002565555920169446,0.25,fixed q=0.25,0.010262223680677784
261640,Vitória de Santo Antão,344,134084,2022-12-31,0.002565555920169446,0.3,fixed q=0.30,0.008551853067231488
261640,Vitória de Santo Antão,373,144243,2025-12-21,0.002585914047822078,0.007454145308640366,global-q 2.5%,0.34690953030183785
261640,Vitória de Santo Antão,373,144243,2025-12-21,0.002585914047822078,0.009820323685458794,global-q median,0.26332268982651835
261640,Vitória de Santo Antão,373,144243,2025-12-21,0.002585914047822078,0.01510174051658718,global-q 97.5%,0.17123284862309796
261640,Vitória de Santo Antão,373,144243,2025-12-21,0.002585914047822078,0.05,fixed q=0.05,0.051718280956441556
261640,Vitória de Santo Antão,373,144243,2025-12-21,0.002585914047822078,0.1,fixed q=0.10,0.025859140478220778
261640,Vitória de Santo Antão,373,144243,2025-12-21,0.002585914047822078,0.15,fixed q=0.15,0.01723942698548052
261640,Vitória de Santo Antão,373,144243,2025-12-21,0.002585914047822078,0.2,fixed q=0.20,0.012929570239110389
261640,Vitória de Santo Antão,373,144243,2025-12-21,0.002585914047822078,0.25,fixed q=0.25,0.010343656191288311
261640,Vitória de Santo Antão,373,144243,2025-12-21,0.002585914047822078,0.3,fixed q=0.30,0.00861971349274026
261650,Xexéu,331,14618,2016-12-31,0.02264331645915994,0.007454145308640366,global-q 2.5%,3.0376811185734818
261650,Xexéu,331,14618,2016-12-31,0.02264331645915994,0.009820323685458794,global-q median,2.3057607044754014
261650,Xexéu,331,14618,2016-12-31,0.02264331645915994,0.01510174051658718,global-q 97.5%,1.499384553342668
261650,Xexéu,331,14618,2016-12-31,0.02264331645915994,0.05,fixed q=0.05,0.45286632918319875
261650,Xexéu,331,14618,2016-12-31,0.02264331645915994,0.1,fixed q=0.10,0.22643316459159937
261650,Xexéu,331,14618,2016-12-31,0.02264331645915994,0.15,fixed q=0.15,0.15095544306106626
261650,Xexéu,331,14618,2016-12-31,0.02264331645915994,0.2,fixed q=0.20,0.11321658229579969
261650,Xexéu,331,14618,2016-12-31,0.02264331645915994,0.25,fixed q=0.25,0.09057326583663976
261650,Xexéu,331,14618,2016-12-31,0.02264331645915994,0.3,fixed q=0.30,0.07547772153053313
261650,Xexéu,331,14691,2018-12-31,0.022530801170784834,0.007454145308640366,global-q 2.5%,3.0225867940444595
261650,Xexéu,331,14691,2018-12-31,0.022530801170784834,0.009820323685458794,global-q median,2.2943033134586766
261650,Xexéu,331,14691,2018-12-31,0.022530801170784834,0.01510174051658718,global-q 97.5%,1.4919340685292437
261650,Xexéu,331,14691,2018-12-31,0.022530801170784834,0.05,fixed q=0.05,0.4506160234156967
261650,Xexéu,331,14691,2018-12-31,0.022530801170784834,0.1,fixed q=0.10,0.22530801170784834
261650,Xexéu,331,14691,2018-12-31,0.022530801170784834,0.15,fixed q=0.15,0.15020534113856557
261650,Xexéu,331,14691,2018-12-31,0.022530801170784834,0.2,fixed q=0.20,0.11265400585392417
261650,Xexéu,331,14691,2018-12-31,0.022530801170784834,0.25,fixed q=0.25,0.09012320468313934
261650,Xexéu,331,14691,2018-12-31,0.022530801170784834,0.3,fixed q=0.30,0.07510267056928278
261650,Xexéu,350,14789,2021-12-31,0.02366623842044763,0.007454145308640366,global-q 2.5%,3.174909723454847
261650,Xexéu,350,14789,2021-12-31,0.02366623842044763,0.009820323685458794,global-q median,2.4099244768775634
261650,Xexéu,350,14789,2021-12-31,0.02366623842044763,0.01510174051658718,global-q 97.5%,1.5671199220019394
261650,Xexéu,350,14789,2021-12-31,0.02366623842044763,0.05,fixed q=0.05,0.4733247684089526
261650,Xexéu,350,14789,2021-12-31,0.02366623842044763,0.1,fixed q=0.10,0.2366623842044763
261650,Xexéu,350,14789,2021-12-31,0.02366623842044763,0.15,fixed q=0.15,0.15777492280298422
261650,Xexéu,350,14789,2021-12-31,0.02366623842044763,0.2,fixed q=0.20,0.11833119210223815
261650,Xexéu,350,14789,2021-12-31,0.02366623842044763,0.25,fixed q=0.25,0.09466495368179052
261650,Xexéu,350,14789,2021-12-31,0.02366623842044763,0.3,fixed q=0.30,0.07888746140149211
261650,Xexéu,352,11611,2022-12-31,0.030316079579708898,0.007454145308640366,global-q 2.5%,4.0670094725103425
261650,Xexéu,352,11611,2022-12-31,0.030316079579708898,0.009820323685458794,global-q median,3.087075390865038
261650,Xexéu,352,11611,2022-12-31,0.030316079579708898,0.01510174051658718,global-q 97.5%,2.0074559979633384
261650,Xexéu,352,11611,2022-12-31,0.030316079579708898,0.05,fixed q=0.05,0.606321591594178
261650,Xexéu,352,11611,2022-12-31,0.030316079579708898,0.1,fixed q=0.10,0.303160795797089
261650,Xexéu,352,11611,2022-12-31,0.030316079579708898,0.15,fixed q=0.15,0.20210719719805934
261650,Xexéu,352,11611,2022-12-31,0.030316079579708898,0.2,fixed q=0.20,0.1515803978985445
261650,Xexéu,352,11611,2022-12-31,0.030316079579708898,0.25,fixed q=0.25,0.12126431831883559
261650,Xexéu,352,11611,2022-12-31,0.030316079579708898,0.3,fixed q=0.30,0.10105359859902967
261650,Xexéu,352,11699,2025-12-21,0.03008804171296692,0.007454145308640366,global-q 2.5%,4.036417384846361
261650,Xexéu,352,11699,2025-12-21,0.03008804171296692,0.009820323685458794,global-q median,3.0638543775821825
261650,Xexéu,352,11699,2025-12-21,0.03008804171296692,0.01510174051658718,global-q 97.5%,1.9923558930124217
261650,Xexéu,352,11699,2025-12-21,0.03008804171296692,0.05,fixed q=0.05,0.6017608342593384
261650,Xexéu,352,11699,2025-12-21,0.03008804171296692,0.1,fixed q=0.10,0.3008804171296692
261650,Xexéu,352,11699,2025-12-21,0.03008804171296692,0.15,fixed q=0.15,0.2005869447531128
261650,Xexéu,352,11699,2025-12-21,0.03008804171296692,0.2,fixed q=0.20,0.1504402085648346
261650,Xexéu,352,11699,2025-12-21,0.03008804171296692,0.25,fixed q=0.25,0.12035216685186768
261650,Xexéu,352,11699,2025-12-21,0.03008804171296692,0.3,fixed q=0.30,0.1002934723765564
