"variable","t","q025","q25","median","q75","q975","week_start"
"latent_infections",1,0.99999996537583,0.99999996537583,0.99999996537583,0.99999996537583,0.99999996537583,2015-01-04
"latent_infections",2,1.19450638542634,1.22767524684159,1.24439703803223,1.26202195899476,1.30204487469349,2015-01-11
"latent_infections",3,1.80332951607834,1.95416844622701,2.03134874069477,2.11216661594184,2.29976025707166,2015-01-18
"latent_infections",4,2.40258558379785,2.70807260255486,2.86840606316549,3.04760038532194,3.47283704221721,2015-01-25
"latent_infections",5,3.0589604612623,3.60651595554884,3.89450466564069,4.24464033404486,5.09071459502928,2015-02-01
"latent_infections",6,3.77687868899493,4.64783385367371,5.1221585046748,5.7099008471454,7.21244085601626,2015-02-08
"latent_infections",7,4.53851087707436,5.82066444812835,6.52869459360475,7.43576969084468,9.91297139001139,2015-02-15
"latent_infections",8,5.33633882950747,7.08059237507575,8.11392319802719,9.47600855385942,13.2483499895103,2015-02-22
"latent_infections",9,6.15863197687518,8.43457440047359,9.84634282064885,11.7529607574587,17.3893942145798,2015-03-01
"latent_infections",10,6.99363082413571,9.85421974639892,11.6875931846316,14.2248976173839,22.4613070497309,2015-03-08
"latent_infections",11,7.83104731371501,11.2056666748745,13.585152049752,16.8380274832128,27.3461549752057,2015-03-15
"latent_infections",12,8.54439676446166,12.5659915651578,15.6028363320035,19.5139986011458,32.4068915828229,2015-03-22
"latent_infections",13,9.21027535895388,13.9078667304996,17.4906143278309,22.0682605413083,37.9086958403427,2015-03-29
"latent_infections",14,9.83417755015198,15.2194586993497,19.2746118747101,24.6649587949403,43.6760235653229,2015-04-05
"latent_infections",15,10.4229828032992,16.3301573043537,21.0937848404135,27.3355447539378,49.4119132910021,2015-04-12
"latent_infections",16,10.9864576267337,17.5381572091219,22.8439985786353,29.9084711701419,55.3302267090048,2015-04-19
"latent_infections",17,11.7443015939568,18.6492938735226,24.3795351730404,32.0154784533186,60.7865890664647,2015-04-26
"latent_infections",18,12.3195078095357,19.7336448268152,25.8620911973752,34.1849723952072,65.5410090733381,2015-05-03
"latent_infections",19,12.7031533883503,20.5873814746727,27.316785794569,35.9777002770327,69.4631770786713,2015-05-10
"latent_infections",20,13.1572021209794,21.3996550597447,28.579272173149,38.0111865814124,72.1087500948012,2015-05-17
"latent_infections",21,13.7138546700074,22.1729461637508,29.7482268765802,39.3804277259931,74.4232521875684,2015-05-24
"latent_infections",22,14.2830714748731,23.0472436112525,30.7546772316312,40.6300432171148,75.3838953161904,2015-05-31
"latent_infections",23,14.8572867072107,23.9988622363804,31.6555285140784,41.5410854745013,77.0935134900075,2015-06-07
"latent_infections",24,15.4238544956833,24.7861967489097,32.5053524806804,42.2730485521266,78.1307783791345,2015-06-14
"latent_infections",25,15.7732699083299,25.3842467090742,33.0064164215978,43.1941748494035,77.3796602004542,2015-06-21
"latent_infections",26,16.3930294346811,25.88152040675,33.3785549851321,43.3664897340395,75.7564534923928,2015-06-28
"latent_infections",27,16.8151090072429,25.7683977954146,33.3468859784764,42.9064039061835,73.692435334935,2015-07-05
"latent_infections",28,16.5830738829193,25.857606470386,33.4994600672075,42.4007967735062,71.0870322855103,2015-07-12
"latent_infections",29,16.6209050726085,25.8226036610181,33.5504681682607,42.0163842820187,68.0657597065923,2015-07-19
"latent_infections",30,16.8647879016196,25.7685336512913,33.4241561225693,41.5111830071022,65.2378858827719,2015-07-26
"latent_infections",31,16.776794266054,25.8311904116611,33.315570002416,40.8907181832233,63.3995255256228,2015-08-02
"latent_infections",32,16.6863925314954,25.3941616570354,32.8359329667403,40.2376071185156,62.6431143883382,2015-08-09
"latent_infections",33,16.9173025258436,25.1097516948226,32.1866137339371,39.5678588262442,61.1825582674772,2015-08-16
"latent_infections",34,17.0967455805009,24.7748938365009,31.5329172969527,39.0792324762947,59.2264514762402,2015-08-23
"latent_infections",35,17.0604208485765,24.5205737515117,30.8441914644589,38.3900320169703,57.6255384757174,2015-08-30
"latent_infections",36,16.8190594255747,24.3959688107925,30.3946901074096,38.0750988646401,56.4776583946151,2015-09-06
"latent_infections",37,16.4888959035626,24.2240051767141,30.1937199762639,37.9811660627087,55.9493927135991,2015-09-13
"latent_infections",38,16.2455491701033,24.3086609375618,30.0282179423561,38.052400385651,56.2708753663858,2015-09-20
"latent_infections",39,16.2029096095513,24.6414259823863,30.5038186799736,38.5214703247176,57.9593314305462,2015-09-27
"latent_infections",40,16.5826612105319,25.2627785084876,31.4478482743297,39.5503516927672,59.4359673547482,2015-10-04
"latent_infections",41,16.8865268936352,26.234799666144,32.7470672186441,41.3748019751242,62.2355141806132,2015-10-11
"latent_infections",42,17.3112570243766,27.5965467287372,34.6522286354913,44.0368555625095,66.8104732860962,2015-10-18
"latent_infections",43,17.990694500999,29.708098959828,37.4490821414688,47.378213417138,73.9339564254928,2015-10-25
"latent_infections",44,19.0515705965141,32.4239932666773,41.3378265771264,52.4307806085589,83.4604724224154,2015-11-01
"latent_infections",45,21.1062650111596,36.1780695576654,47.0252741599707,59.5169220853798,95.3510934702135,2015-11-08
"latent_infections",46,23.1492889347048,41.1288441542923,53.5656242853995,69.6481030919253,112.544943747417,2015-11-15
"latent_infections",47,25.8086006640557,47.5159744021808,62.6214424035766,83.0808192754539,137.776547963235,2015-11-22
"latent_infections",48,28.82357856903,55.1711649032352,74.1690226228194,100.942905864175,177.60232060862,2015-11-29
"latent_infections",49,32.599366201835,64.5405493032898,90.5993126501358,123.182920116955,232.000072839291,2015-12-06
"latent_infections",50,38.1963891721261,77.2196594153003,111.428724933773,153.428671355792,301.110779583969,2015-12-13
"latent_infections",51,44.2869532733901,92.880720029627,136.59643032609,196.640740525313,399.643039574902,2015-12-20
"latent_infections",52,51.4093534128148,112.853361546286,171.651969746219,250.910390306282,538.047956509815,2015-12-27
"latent_infections",53,82.5075848040684,162.213985232037,227.570963748549,314.513374739825,613.303273458775,2016-01-03
"latent_infections",54,103.581859942378,205.336513927133,291.92142099884,404.315216726361,816.812163120002,2016-01-10
"latent_infections",55,140.887736942271,272.382192444003,383.980037381414,522.211687014443,1010.65607259799,2016-01-17
"latent_infections",56,181.777776233579,357.848124772845,495.251027454015,669.458022130511,1268.86215871078,2016-01-24
"latent_infections",57,240.545177891695,465.16699762895,636.286654938804,850.652484180381,1605.38178246122,2016-01-31
"latent_infections",58,315.377352473972,594.365337162496,801.874358279331,1064.86046474302,2015.11373613365,2016-02-07
"latent_infections",59,404.688654656912,755.61571325367,991.286040664446,1322.39966390302,2476.18139115634,2016-02-14
"latent_infections",60,509.985442788598,931.210717840966,1197.56557962372,1590.01409223508,2938.67519266581,2016-02-21
"latent_infections",61,617.402205071105,1125.36749574067,1426.35917177623,1885.18805944698,3412.55724772243,2016-02-28
"latent_infections",62,730.982185512521,1326.52934348703,1648.97737556796,2197.65509768749,3870.88980169064,2016-03-06
"latent_infections",63,840.367324699658,1512.71618992923,1877.18452315033,2488.18598820675,4297.27238963631,2016-03-13
"latent_infections",64,937.901231476562,1683.42534662928,2069.93068972876,2765.61473742777,4704.61929774406,2016-03-20
"latent_infections",65,1016.59816509161,1823.08770813774,2243.10000168683,2977.02491495206,4992.63230555644,2016-03-27
"latent_infections",66,1071.16213360267,1942.6803548124,2376.11699970667,3137.77323576832,5185.9455706418,2016-04-03
"latent_infections",67,1098.67978192643,2006.52365252509,2455.755006588,3232.4648936887,5356.7091916509,2016-04-10
"latent_infections",68,1099.32726976375,2032.28806688459,2490.91331074731,3274.15028204608,5423.4681401823,2016-04-17
"latent_infections",69,1105.19280396096,2019.39984362484,2473.47021268583,3256.59733618673,5392.26468174819,2016-04-24
"latent_infections",70,1077.26582301275,1959.94218339625,2421.98276925537,3173.77930977171,5316.84852162679,2016-05-01
"latent_infections",71,1026.42378635675,1885.87298359521,2307.3980044191,3045.48012806526,5116.65370209818,2016-05-08
"latent_infections",72,963.210406342712,1777.45319535867,2173.92152007834,2879.66661472936,4892.94646240704,2016-05-15
"latent_infections",73,891.691137248634,1646.76614361504,2030.48144469037,2682.03711146475,4610.43682668747,2016-05-22
"latent_infections",74,808.23453049695,1506.67046980024,1891.62382841281,2474.51479431561,4345.42963505667,2016-05-29
"latent_infections",75,724.949139196652,1348.10708009099,1730.94552829611,2267.93460661148,3906.52228891892,2016-06-05
"latent_infections",76,645.488279777716,1205.40453845407,1556.71213990117,2039.66972055961,3517.76050048059,2016-06-12
"latent_infections",77,571.009820942896,1068.63540466473,1384.38408425518,1826.79784968005,3126.72368833138,2016-06-19
"latent_infections",78,497.006441609794,937.597140860006,1228.77679420247,1620.32766791579,2747.39098316475,2016-06-26
"latent_infections",79,415.12978350565,813.58082284795,1078.61303092389,1421.61160063283,2392.72915893408,2016-07-03
"latent_infections",80,352.567624084143,705.545472672572,933.348644924291,1242.62822872476,2117.31552028178,2016-07-10
"latent_infections",81,305.984204208394,600.940330510206,799.81000053698,1076.66512471907,1909.36639033467,2016-07-17
"latent_infections",82,263.257168829914,512.811455000101,693.096383000482,935.984417832875,1694.45818900723,2016-07-24
"latent_infections",83,218.793281912424,434.969795071099,592.760783374993,811.412151402511,1464.69083817761,2016-07-31
"latent_infections",84,183.022227197834,369.384909521965,508.368510761331,702.57223630392,1267.76757522142,2016-08-07
"latent_infections",85,154.55284041494,313.450121469579,436.061570145493,606.037350373225,1105.78944877656,2016-08-14
"latent_infections",86,132.145958795243,270.302692871924,377.399362820353,524.15241291958,963.40861229082,2016-08-21
"latent_infections",87,114.116678214807,233.945399969465,329.177809765673,456.583886278337,857.177042996109,2016-08-28
"latent_infections",88,100.024475320242,204.913787831687,288.328783325959,400.405766889623,754.512116067402,2016-09-04
"latent_infections",89,91.1079518650117,183.220405986341,256.092713173068,355.431230076342,670.817838071124,2016-09-11
"latent_infections",90,84.619044828716,166.487965908446,228.273002044349,321.036430612008,604.482241430765,2016-09-18
"latent_infections",91,80.1847116909849,152.545605681341,210.268080022708,294.011891337259,553.615729970575,2016-09-25
"latent_infections",92,78.0651996831016,143.935622394829,198.393395289712,274.304241128645,516.438065156558,2016-10-02
"latent_infections",93,74.6902228931755,139.645248871095,191.137605195565,262.279766809789,494.148140602222,2016-10-09
"latent_infections",94,73.3296628646786,139.705961844425,189.629983471915,259.328514308022,484.129415893126,2016-10-16
"latent_infections",95,77.3724680526257,144.400982825446,193.674902432799,261.590142114163,480.628184538775,2016-10-23
"latent_infections",96,85.2538341889795,153.465297445049,203.807086737204,272.341634063237,493.983982880252,2016-10-30
"latent_infections",97,97.0505623109994,164.870936004298,220.143191374164,293.320644752914,521.602828952284,2016-11-06
"latent_infections",98,108.642928287231,186.588078350544,244.246046010279,324.528193986522,565.781407107649,2016-11-13
"latent_infections",99,124.22598763343,217.369250174441,281.468860652593,367.664529457661,629.910690174886,2016-11-20
"latent_infections",100,145.90122961242,255.747887746613,330.333274801754,424.322219797459,711.431963570133,2016-11-27
"latent_infections",101,175.810861124921,311.469029317504,397.56412887643,508.297321883233,834.083075415355,2016-12-04
"latent_infections",102,227.480371998911,390.000951555248,493.164531781534,623.265839410241,1000.04752653172,2016-12-11
"latent_infections",103,293.685362998423,496.020593112572,625.821236288032,778.810249579684,1231.1249086664,2016-12-18
"latent_infections",104,386.771211442483,639.881411666379,802.543522999138,983.953670092765,1553.70287036112,2016-12-25
"latent_infections",105,356.919557776813,616.345561550294,771.670599347249,958.466650117242,1565.70129151316,2017-01-01
"latent_infections",106,441.194499257704,760.21082133328,936.20638033037,1168.2667415039,1914.61955957341,2017-01-08
"latent_infections",107,510.649762718679,855.777209086849,1048.15044379996,1308.70108995039,2151.49353491735,2017-01-15
"latent_infections",108,595.772569538941,973.408184215395,1192.71794892684,1493.65738870656,2467.21687510255,2017-01-22
"latent_infections",109,668.46107870309,1089.9162320526,1347.00092445567,1695.55711226932,2871.58929339819,2017-01-29
"latent_infections",110,737.851901398132,1204.89752824785,1498.98607989803,1902.97750720574,3315.65382146246,2017-02-05
"latent_infections",111,786.104968922834,1313.72151382013,1650.68303526079,2096.28953695928,3772.63628290531,2017-02-12
"latent_infections",112,823.590944930571,1410.90958462945,1784.79022665242,2270.93105687151,4106.12186805337,2017-02-19
"latent_infections",113,864.476028582549,1484.2365036672,1902.74780579596,2462.14237351352,4374.85750752117,2017-02-26
"latent_infections",114,914.05829734705,1535.11340710994,1981.22725057249,2590.9201773262,4594.55831253597,2017-03-05
"latent_infections",115,930.250726175578,1571.43632072633,2054.85463989431,2673.94030141951,4784.72342630596,2017-03-12
"latent_infections",116,937.150081775474,1588.01644837046,2086.51864505496,2712.91202166276,4877.37690376975,2017-03-19
"latent_infections",117,936.042495745508,1578.98055239105,2078.03202676403,2719.32828289194,4888.84778042053,2017-03-26
"latent_infections",118,930.484997606713,1545.72617862488,2049.34971164711,2702.27143372896,4885.24236612314,2017-04-02
"latent_infections",119,905.149066299619,1503.2736321868,2000.99272878666,2611.1956890943,4831.14269592471,2017-04-09
"latent_infections",120,871.785185417976,1442.42446884146,1922.28316443269,2490.7756011404,4650.38088511435,2017-04-16
"latent_infections",121,833.861468323694,1360.21195895207,1823.03014254485,2357.91338526731,4411.07246434202,2017-04-23
"latent_infections",122,782.646815338508,1281.9241914433,1706.90641135842,2222.57977770537,4129.91528381229,2017-04-30
"latent_infections",123,718.947504804954,1199.59473044414,1578.89651878663,2083.60721394453,3831.91455449925,2017-05-07
"latent_infections",124,660.746028450786,1116.82083000066,1449.42619624232,1926.88788485564,3519.16830483373,2017-05-14
"latent_infections",125,615.099258220302,1024.58923190004,1338.76395824227,1758.79417366739,3203.04510260343,2017-05-21
"latent_infections",126,568.902735743847,939.449041559265,1221.87455143448,1608.5017227559,2931.4979476415,2017-05-28
"latent_infections",127,522.213051166452,851.137268084592,1104.48885858837,1454.39939786445,2633.27158824993,2017-06-04
"latent_infections",128,475.19557075171,769.312576272235,996.599826324761,1315.23886366661,2338.95555792007,2017-06-11
"latent_infections",129,421.080766886055,687.943624407526,889.971885835783,1177.50528278909,2114.83340900517,2017-06-18
"latent_infections",130,368.982309555284,614.394525280137,794.932011442722,1047.66414342826,1873.21334375725,2017-06-25
"latent_infections",131,320.148681232259,551.848383650141,702.266768161604,936.263487060689,1642.731355491,2017-07-02
"latent_infections",132,276.962657753269,488.003409601018,620.477126084218,827.914985044556,1439.38184409978,2017-07-09
"latent_infections",133,245.179027800582,422.463096730793,542.997360091386,727.413889802997,1249.69720995261,2017-07-16
"latent_infections",134,213.67561671586,368.851648138115,476.895235585116,632.308636612313,1075.94652401632,2017-07-23
"latent_infections",135,185.185641375937,319.552534632515,415.758164846017,551.395681042135,943.606693152196,2017-07-30
"latent_infections",136,160.722463371291,278.293534437391,361.762867274374,478.569126755385,818.77632210674,2017-08-06
"latent_infections",137,142.067294183053,242.746267127181,310.918778033455,418.288590477901,710.123819656738,2017-08-13
"latent_infections",138,127.381591319277,210.212346108166,269.660100450647,365.088417765727,600.234773849607,2017-08-20
"latent_infections",139,112.48921186901,182.273618068219,234.031065796447,315.122779634906,512.835878556732,2017-08-27
"latent_infections",140,97.5460027773901,159.734428599407,202.805800922361,276.47206531175,458.359704443609,2017-09-03
"latent_infections",141,85.9373379912503,140.385659775561,178.719167561155,240.886814236623,412.306843660732,2017-09-10
"latent_infections",142,76.7573565604514,125.10504556159,159.583031800921,212.666858096148,368.244317908235,2017-09-17
"latent_infections",143,69.1123124817881,112.659276194683,143.079441964233,190.530371214141,324.224654231888,2017-09-24
"latent_infections",144,63.0908061089046,102.693256514344,130.804327196565,171.990495274812,288.943224115838,2017-10-01
"latent_infections",145,58.375860253249,95.3054832946851,121.528303861695,160.734136268701,267.982925201507,2017-10-08
"latent_infections",146,55.1197394412141,89.9059099027968,114.398001150619,150.38104041042,247.016283990614,2017-10-15
"latent_infections",147,53.2903904716786,86.2896162787413,109.374267902847,143.460543568558,235.991594059651,2017-10-22
"latent_infections",148,53.3052866007203,84.8768131556246,107.228211793678,140.232225757584,232.725352292964,2017-10-29
"latent_infections",149,53.1030699662874,84.9718963087239,108.308587436951,139.762905641011,233.933463248968,2017-11-05
"latent_infections",150,54.5695220429085,87.1028039172429,111.146355986614,143.054517808617,241.051519192943,2017-11-12
"latent_infections",151,57.2088526396951,90.6100224366382,116.552569572114,149.537454072832,250.621104054923,2017-11-19
"latent_infections",152,61.6323834859299,96.7750481557313,123.82467329447,158.126920526772,265.616217933051,2017-11-26
"latent_infections",153,66.6310877474977,105.971814903581,134.548822659502,171.037710644716,286.732919807673,2017-12-03
"latent_infections",154,73.7306908436753,116.951611686704,147.342963770766,189.832671404474,313.32523734315,2017-12-10
"latent_infections",155,82.6080497150044,130.653000603936,165.283197143613,211.352736562944,347.051262542072,2017-12-17
"latent_infections",156,94.5745271519888,148.303271072992,186.987402946748,238.65986240783,395.802507976498,2017-12-24
"latent_infections",157,107.81429794422,169.756019079484,212.280623244978,272.011339232251,459.3622703949,2017-12-31
"latent_infections",158,135.770798008011,213.875652992448,274.599345193226,351.193393029996,567.960922287949,2018-01-07
"latent_infections",159,155.393157715038,249.289534103952,317.766346906955,411.151240614491,659.767240500652,2018-01-14
"latent_infections",160,183.695825125832,299.371393614155,381.648696035234,486.756550106657,782.875662455416,2018-01-21
"latent_infections",161,216.544542001077,346.669884947869,449.886067537226,579.961875675066,916.771113741033,2018-01-28
"latent_infections",162,249.293461755666,402.379848846267,526.564921309408,680.941878053146,1085.83966429915,2018-02-04
"latent_infections",163,286.871118222062,468.325581479308,601.955425116586,778.215065695367,1269.20384382116,2018-02-11
"latent_infections",164,327.141465366385,522.752101467979,678.254155111502,874.830009213398,1472.73287211633,2018-02-18
"latent_infections",165,362.145722137516,581.814803809325,752.972405692942,984.718525549223,1686.33595007925,2018-02-25
"latent_infections",166,392.932057417545,637.593160661651,822.532001036961,1087.10756880855,1893.31193936068,2018-03-04
"latent_infections",167,417.748504782216,680.427756892489,885.821520318927,1171.62234252059,2050.64451455569,2018-03-11
"latent_infections",168,435.167465915406,707.110596551208,924.537709348834,1254.64005079581,2200.55893849726,2018-03-18
"latent_infections",169,444.537648038969,734.187471538255,950.325468771241,1301.18235393463,2346.49997054958,2018-03-25
"latent_infections",170,445.661946979746,750.553042460631,971.320018131139,1320.42797043327,2416.20816834723,2018-04-01
"latent_infections",171,451.93566786327,739.504583641776,971.007436492436,1323.90551667768,2398.86032422035,2018-04-08
"latent_infections",172,452.000673031184,728.387223260964,965.639915018394,1303.46957850725,2373.26584572943,2018-04-15
"latent_infections",173,441.322323599522,713.072925418607,953.602634022579,1271.39881186236,2350.73943117397,2018-04-22
"latent_infections",174,425.892891849495,689.614728454818,923.778702710403,1225.93877012646,2269.95689181614,2018-04-29
"latent_infections",175,407.038006680527,658.496376853671,881.166554023475,1171.37495550706,2155.66645134686,2018-05-06
"latent_infections",176,382.043411941054,624.870963234395,832.730805827812,1105.31070818788,2022.608187299,2018-05-13
"latent_infections",177,358.293091889144,588.386969440166,785.422170749829,1027.63732714054,1877.81637990737,2018-05-20
"latent_infections",178,331.762450857698,548.381784178038,730.450454707345,945.73765628374,1727.49759254658,2018-05-27
"latent_infections",179,301.324029955754,505.481150333057,681.692862205251,870.70398889951,1583.24563103474,2018-06-03
"latent_infections",180,271.510476216654,462.65160616192,620.83132096104,801.763592579813,1455.97846910953,2018-06-10
"latent_infections",181,245.360345802953,422.637768109613,561.550028761947,735.008179121538,1285.67712921569,2018-06-17
"latent_infections",182,220.077062881549,380.053304206361,504.18231261851,663.84629339118,1152.09963577593,2018-06-24
"latent_infections",183,196.100637991475,336.62765333748,454.530810118969,596.119272787696,1026.96742543186,2018-07-01
"latent_infections",184,173.770622297101,300.216170549168,404.935427973484,528.439036395546,928.91817340096,2018-07-08
"latent_infections",185,153.394546891176,265.321658788295,356.766819354434,473.701220288705,842.470421438575,2018-07-15
"latent_infections",186,136.420810291522,232.525645515704,315.36719341179,420.423652878197,727.832990914501,2018-07-22
"latent_infections",187,123.372064985746,204.301136954203,275.599731285661,367.132745626635,626.344800668936,2018-07-29
"latent_infections",188,107.95357986523,178.559985846897,241.215437989909,320.102099287158,551.352584538317,2018-08-05
"latent_infections",189,94.3312847877636,156.917858233654,212.008641182151,278.858171824843,483.573372281391,2018-08-12
"latent_infections",190,82.9156690568038,137.789859005116,185.516040623376,246.713706030062,418.831016809051,2018-08-19
"latent_infections",191,73.4572662122994,121.051003104856,162.124523983386,215.377915239306,368.180973091061,2018-08-26
"latent_infections",192,65.7189982932569,107.183356357308,144.242757559955,190.865464543186,323.576099562404,2018-09-02
"latent_infections",193,59.4853668590005,95.563534785099,128.458550969076,167.668361209377,288.485634142924,2018-09-09
"latent_infections",194,54.5682579470623,86.4188159422025,115.87596412322,148.357939707739,259.23973561945,2018-09-16
"latent_infections",195,50.8100595676425,79.1246424799329,105.07302963711,135.078976243305,233.419365129787,2018-09-23
"latent_infections",196,47.0640263255285,73.7875400979039,96.7203929517302,124.881986650142,212.085429588662,2018-09-30
"latent_infections",197,44.0022451752162,69.1214211184042,91.2492363788877,117.550128746438,198.166942101932,2018-10-07
"latent_infections",198,41.918989394295,66.6634161005913,87.6294701741518,114.151898421141,186.452949771767,2018-10-14
"latent_infections",199,42.1280097464991,66.1804691149001,86.5512843853689,112.755313196321,184.153101014912,2018-10-21
"latent_infections",200,41.9754359848185,66.9920775829156,86.7233540593346,113.283926486478,185.967103339391,2018-10-28
"latent_infections",201,42.889215755031,69.1474198649071,89.4073057057675,115.382544770984,188.334868449256,2018-11-04
"latent_infections",202,45.9009801384919,72.9891791389924,95.2259880006606,121.813301917659,196.048077004445,2018-11-11
"latent_infections",203,50.3016791322546,79.8294919509868,103.975268095568,131.101648991598,209.842719635018,2018-11-18
"latent_infections",204,56.1458741685373,88.636444609886,115.468783558401,143.484965529419,230.777264312813,2018-11-25
"latent_infections",205,63.7197413832643,99.433087278443,130.184113637379,162.67103599735,260.337101374162,2018-12-02
"latent_infections",206,72.2220887079325,114.108005646381,149.242249780019,185.128807629613,300.47955659385,2018-12-09
"latent_infections",207,81.5371790617381,132.511384309168,173.56075856871,216.982764194061,354.380020877569,2018-12-16
"latent_infections",208,96.7708328219671,156.105058382368,202.906335676664,255.680447261906,414.892534822356,2018-12-23
"latent_infections",209,115.685417162469,186.408128608644,240.462590688404,304.228759055561,483.169317694703,2018-12-30
"latent_infections",210,134.315482719303,224.651045424384,291.801736275173,364.775296044341,577.603336022964,2019-01-06
"latent_infections",211,159.522794314389,268.391733953962,349.223296285557,435.559086050178,684.304565166734,2019-01-13
"latent_infections",212,188.897438603324,315.011831462641,412.334835447693,521.281874959679,814.505062326901,2019-01-20
"latent_infections",213,224.461920101719,375.207796086856,488.589669652781,613.671696029126,965.129900122906,2019-01-27
"latent_infections",214,262.61691927853,435.618968862782,568.787635315266,721.553265452643,1155.58572529802,2019-02-03
"latent_infections",215,306.809734439669,503.032896042322,651.418399508541,833.592396212611,1356.94200181776,2019-02-10
"latent_infections",216,353.09341758412,565.589709747194,739.134856977245,957.488183855459,1576.71414243663,2019-02-17
"latent_infections",217,390.45254467656,636.235800086488,826.369908525316,1079.31408730242,1764.00990840918,2019-02-24
"latent_infections",218,426.345316332409,700.146112484025,913.03499786287,1211.34930874871,1955.08454946599,2019-03-03
"latent_infections",219,451.498285558635,764.579993360695,989.391508087842,1343.48416400578,2160.43550155981,2019-03-10
"latent_infections",220,472.15599296417,817.472455489232,1063.32458969873,1456.49911933159,2349.81256099532,2019-03-17
"latent_infections",221,488.184980483385,861.117523137301,1129.33065001509,1539.70442858861,2528.50332669073,2019-03-24
"latent_infections",222,500.522297201775,897.700828817465,1184.85974423902,1613.99046510468,2652.21384614615,2019-03-31
"latent_infections",223,520.734153221294,918.445843526862,1222.51768989957,1663.4061820402,2755.10114491618,2019-04-07
"latent_infections",224,535.244988875147,935.376045162857,1246.17287590389,1688.94230933647,2823.64608757967,2019-04-14
"latent_infections",225,545.355981979074,942.953379289807,1261.83210629764,1690.77487111466,2833.19290517869,2019-04-21
"latent_infections",226,551.835413249749,944.615942298619,1262.04976352468,1679.65569276021,2853.85970622944,2019-04-28
"latent_infections",227,554.289315404975,940.948716901185,1256.24711735036,1663.37222689543,2841.65475230007,2019-05-05
"latent_infections",228,552.932338878563,935.718106617214,1246.81257797963,1640.88074503284,2796.05815601003,2019-05-12
"latent_infections",229,547.998199745622,930.913413633799,1226.15541476986,1616.02571608753,2740.1346604673,2019-05-19
"latent_infections",230,539.729030560249,913.512880818357,1192.62391307845,1570.76772495334,2673.02432757583,2019-05-26
"latent_infections",231,521.274340454419,888.433558044582,1167.14864607617,1510.78594044982,2593.73849793307,2019-06-02
"latent_infections",232,501.20341526363,856.677199383395,1135.27073010655,1457.39640448481,2495.40938911911,2019-06-09
"latent_infections",233,485.674220808843,830.920856903336,1095.0391184431,1409.24463823341,2363.69751732887,2019-06-16
"latent_infections",234,472.936042426508,788.306212767147,1045.25161582663,1363.95463762514,2248.27200457784,2019-06-23
"latent_infections",235,457.972214053489,758.717582382603,995.538056912822,1304.51941890153,2193.10545707184,2019-06-30
"latent_infections",236,435.951908139572,721.931610658604,947.437918690425,1239.77153434472,2080.77544316379,2019-07-07
"latent_infections",237,413.075959631505,681.52954094924,898.975316040066,1160.57068609741,1963.01432897072,2019-07-14
"latent_infections",238,390.577950061603,644.083920772723,844.527622638493,1100.18070889667,1843.04908479214,2019-07-21
"latent_infections",239,369.376218920227,603.276594941265,788.397495682031,1034.38843714497,1723.01592188697,2019-07-28
"latent_infections",240,348.38993484092,565.18668731217,735.19067408142,959.281096121972,1604.84406135269,2019-08-04
"latent_infections",241,327.938706533081,525.295737054513,689.123669514155,889.956768524292,1490.70029845369,2019-08-11
"latent_infections",242,303.238096935954,487.857933936759,639.679583752714,827.854159142491,1362.463790549,2019-08-18
"latent_infections",243,285.50286543098,455.948505133164,591.715575747926,768.462364780708,1247.23632445804,2019-08-25
"latent_infections",244,268.613759467452,424.217310549307,553.219283384161,714.348247222891,1151.80299027299,2019-09-01
"latent_infections",245,255.785903881413,397.103963366746,519.468203759958,667.624147191002,1071.74334707878,2019-09-08
"latent_infections",246,241.319917807425,374.808063996927,488.509826854074,626.817181586744,1002.00263327092,2019-09-15
"latent_infections",247,233.598634777213,357.873672602096,460.762090979807,591.915925327919,957.87399058751,2019-09-22
"latent_infections",248,227.805065348691,344.044870201815,440.861798919389,566.43036302871,917.605349464714,2019-09-29
"latent_infections",249,225.439099048413,336.561809209857,432.288867243531,553.116828661075,909.127531728055,2019-10-06
"latent_infections",250,220.369370422274,332.822609951616,430.772266512933,546.652259647052,887.531866243637,2019-10-13
"latent_infections",251,218.504858278614,334.0218457654,437.74268269393,548.462292916161,891.169602055261,2019-10-20
"latent_infections",252,221.408493408147,342.290548428381,454.048137880202,563.714354362909,902.395659660284,2019-10-27
"latent_infections",253,232.879402171986,359.889902853815,478.964763142866,588.28666693097,939.229504999813,2019-11-03
"latent_infections",254,247.883601672558,385.658812348078,513.837132801856,628.332274393973,994.022768670129,2019-11-10
"latent_infections",255,266.993126044,420.845440154255,559.465760005584,684.295417574544,1090.65270797956,2019-11-17
"latent_infections",256,294.282046944267,466.883511161892,618.821822900446,762.61958974894,1225.38314066558,2019-11-24
"latent_infections",257,336.284314638729,525.635898478819,692.604831281102,864.454161655212,1406.26058421366,2019-12-01
"latent_infections",258,386.771391109184,605.66822596813,793.414468711678,995.08305971779,1593.4125876084,2019-12-08
"latent_infections",259,441.113472592178,709.357368535033,925.359293035324,1157.08889558904,1829.68661797678,2019-12-15
"latent_infections",260,515.839213437936,841.284208933291,1079.99980637791,1372.51132793957,2177.11066788357,2019-12-22
"latent_infections",261,622.235051971614,995.668604243956,1275.64425225293,1644.58905090574,2604.34926867243,2019-12-29
"latent_infections",262,744.503969159415,1190.06198018128,1538.63231116901,1978.02245462791,3116.84118674689,2020-01-05
"latent_infections",263,893.017545218524,1431.89262470827,1840.66675268528,2365.36457357894,3728.66604983132,2020-01-12
"latent_infections",264,1051.91962472505,1704.17376125606,2194.69599180429,2811.65842151658,4428.51283245801,2020-01-19
"latent_infections",265,1256.70744411455,2033.72538702798,2603.53324994313,3397.46967974088,5294.80587468439,2020-01-26
"latent_infections",266,1484.24480154845,2390.10457823104,3076.40604768349,4019.87399861014,6289.52335647704,2020-02-02
"latent_infections",267,1708.95336293419,2763.1488291722,3573.20238311697,4676.92599890823,7269.27949460295,2020-02-09
"latent_infections",268,1933.38412016818,3155.94394657232,4076.10720045018,5355.34884718358,8354.93249923863,2020-02-16
"latent_infections",269,2176.64354574348,3533.97600452697,4579.43705887441,6104.84700018174,9492.18622835854,2020-02-23
"latent_infections",270,2416.54896579821,3901.07545386538,5031.36887709931,6810.30229873782,10602.5510582568,2020-03-01
"latent_infections",271,2624.86678881374,4201.47674649344,5385.69708422594,7366.30369346829,11627.8487375466,2020-03-08
"latent_infections",272,2788.79012010219,4479.70223742451,5722.82017338817,7792.97498386488,12511.0863710925,2020-03-15
"latent_infections",273,2877.36491807844,4613.68667744664,5904.36852097949,8095.46389068277,13203.4047843217,2020-03-22
"latent_infections",274,2890.60598530348,4682.17188757643,6046.24692461828,8299.7599375945,13506.7036135532,2020-03-29
"latent_infections",275,2871.44312060819,4713.40229767761,6108.10796572657,8308.28158503611,13589.2031285013,2020-04-05
"latent_infections",276,2823.78015124034,4695.0603455951,6051.31733679754,8214.24758990714,13803.4042243127,2020-04-12
"latent_infections",277,2725.49563529575,4603.78567294843,5891.33573951469,7955.0125642951,13663.1648459672,2020-04-19
"latent_infections",278,2625.39397982605,4428.05452054554,5697.24055318492,7653.03913617774,13235.5892860366,2020-04-26
"latent_infections",279,2497.04414232133,4205.18310452527,5406.48498899766,7294.66505328872,12640.5832252372,2020-05-03
"latent_infections",280,2321.08921084968,3937.08753024248,5092.74934004395,6842.29240715382,11924.1857331812,2020-05-10
"latent_infections",281,2138.43717260747,3656.32290193632,4732.24213939218,6329.46922131736,11041.6597099814,2020-05-17
"latent_infections",282,1955.77740888588,3361.27679298816,4363.51834664756,5821.22491654369,10116.5583434611,2020-05-24
"latent_infections",283,1776.97984834046,3069.08319136589,4008.15036080329,5322.76271547809,9207.43742152405,2020-05-31
"latent_infections",284,1605.28918623872,2768.48783683501,3625.56835310604,4817.2337975614,8329.55867020819,2020-06-07
"latent_infections",285,1442.789052731,2496.95387552486,3279.43877977215,4331.50908431221,7491.71221082204,2020-06-14
"latent_infections",286,1285.4600951891,2246.12526607354,2914.03773912108,3881.15637400333,6696.4925368547,2020-06-21
"latent_infections",287,1125.55219512319,1998.3498244435,2602.14308914652,3431.53439201732,5847.21531674397,2020-06-28
"latent_infections",288,979.452276971145,1753.42523316059,2281.01499965459,3027.05102321067,5126.17217515343,2020-07-05
"latent_infections",289,857.583512405733,1523.24932445017,1999.93065230084,2627.39099981206,4500.59656863158,2020-07-12
"latent_infections",290,749.42521724029,1324.86962341972,1745.82993291073,2287.63119978222,3927.43737869347,2020-07-19
"latent_infections",291,652.401888159748,1149.85867197164,1515.93416442474,1990.52486088141,3471.78507056364,2020-07-26
"latent_infections",292,565.681547147839,999.003094995779,1308.48902364969,1735.45725972753,3019.3883254721,2020-08-02
"latent_infections",293,489.288513352256,862.732894396556,1134.77240735992,1499.5713180002,2583.13235093104,2020-08-09
"latent_infections",294,423.094486182913,738.635349835195,979.34942444365,1283.20018703069,2212.33820503368,2020-08-16
"latent_infections",295,368.351754372396,636.999934572848,846.607268540039,1105.62539011103,1900.56025989167,2020-08-23
"latent_infections",296,320.033625091548,550.723893464594,734.157697525381,962.890184047441,1665.2949888451,2020-08-30
"latent_infections",297,281.111957742311,487.119697415549,648.270385190981,840.86925109727,1442.06264069489,2020-09-06
"latent_infections",298,251.909025709271,433.159299801887,580.090851881687,742.857757769202,1254.19899905688,2020-09-13
"latent_infections",299,226.288226330005,388.455081930021,524.635721923406,667.297704094805,1103.946957182,2020-09-20
"latent_infections",300,208.406373262137,356.410017631971,480.059411107246,603.753746686034,1000.87250900854,2020-09-27
"latent_infections",301,195.768188977003,328.7416345402,444.243832719221,557.272950760623,923.317965302057,2020-10-04
"latent_infections",302,187.85632907652,312.474239313803,423.190659830081,523.045602193937,867.606379635284,2020-10-11
"latent_infections",303,184.363989941536,303.979465099245,410.097052929643,504.515595777038,834.399897822344,2020-10-18
"latent_infections",304,185.189897295913,304.122352760403,404.034380202173,498.714353189053,820.15731684253,2020-10-25
"latent_infections",305,190.443052696238,310.795205234082,407.816192347517,504.276590213309,822.609392364353,2020-11-01
"latent_infections",306,200.408685381627,325.00085551554,419.78799924094,523.863648857802,850.16041934209,2020-11-08
"latent_infections",307,209.381289341835,347.346263584316,446.32233510608,555.516611465072,899.402473790354,2020-11-15
"latent_infections",308,228.661621324916,381.715955469776,489.244840646226,605.504320270255,972.533472103865,2020-11-22
"latent_infections",309,252.166384690365,428.086605977326,541.243813500406,679.257823815132,1080.27625687697,2020-11-29
"latent_infections",310,289.17484074431,482.824277700831,616.450829253288,773.134500389763,1233.36915504679,2020-12-06
"latent_infections",311,332.634552679994,559.144324856265,711.702398695955,895.910358836328,1419.96645025414,2020-12-13
"latent_infections",312,387.893958396601,655.113979269022,828.655121175447,1051.43917754101,1660.01348124672,2020-12-20
"latent_infections",313,456.111261093021,776.554356719867,970.916982239177,1246.54575647416,1964.28737258187,2020-12-27
"latent_infections",314,522.287636250483,884.380389296736,1094.1658476787,1410.18535098352,2251.02919393934,2021-01-03
"latent_infections",315,615.138922402233,1044.20850278059,1300.38313615442,1660.40034886493,2674.53456620158,2021-01-10
"latent_infections",316,731.537841105029,1211.56535239659,1515.94833817295,1935.48488257386,3172.72903230311,2021-01-17
"latent_infections",317,852.429439869868,1400.98471896902,1771.62871712516,2246.25607503588,3750.41544820246,2021-01-24
"latent_infections",318,975.958771270547,1597.71610404924,2031.393326227,2570.09303139698,4382.07542992486,2021-01-31
"latent_infections",319,1121.52948262795,1804.97912186631,2287.88590002086,2897.75005730003,4974.29984520363,2021-02-07
"latent_infections",320,1260.42053950654,2020.15796823075,2566.22306540591,3252.64400857914,5810.62834285596,2021-02-14
"latent_infections",321,1370.04885665562,2201.69403103163,2805.94799343951,3577.60928667078,6532.1814653344,2021-02-21
"latent_infections",322,1486.98006278641,2379.67921735669,3015.70368474469,3877.03243198328,7210.11065916257,2021-02-28
"latent_infections",323,1573.67817446089,2525.52493318208,3222.05030236346,4129.05161510255,7677.70074042652,2021-03-07
"latent_infections",324,1596.95977254063,2638.79540772655,3327.94567369895,4303.02149876953,8105.21265642597,2021-03-14
"latent_infections",325,1612.29047028054,2711.56220035484,3421.28266616752,4412.97166390809,8468.87643031889,2021-03-21
"latent_infections",326,1608.01731661707,2733.618398703,3453.51632368217,4443.63982863668,8664.92231995192,2021-03-28
"latent_infections",327,1600.84581962017,2708.40015039685,3439.81279770395,4391.80141101379,8689.5288720609,2021-04-04
"latent_infections",328,1579.52004976116,2669.64919356219,3370.95739685041,4319.48754704425,8551.26581142045,2021-04-11
"latent_infections",329,1524.94784628201,2569.76715522348,3268.59340900893,4203.08838265035,8269.98784716503,2021-04-18
"latent_infections",330,1440.27944195754,2441.20405333867,3145.82972053553,4033.86087889468,7849.86246845344,2021-04-25
"latent_infections",331,1353.71765525884,2300.97151339577,2974.4107105063,3808.80881022368,7314.03230061475,2021-05-02
"latent_infections",332,1268.05564889873,2156.01258521174,2778.01827411506,3591.86538565934,6856.73158891339,2021-05-09
"latent_infections",333,1185.40699047446,1986.71518156021,2595.98125375204,3371.99473358672,6294.91197324902,2021-05-16
"latent_infections",334,1106.21895496783,1823.08332588556,2393.873676642,3074.36197751471,5728.16991124534,2021-05-23
"latent_infections",335,1000.58105675494,1670.12251452477,2177.52713881434,2817.83975475161,5174.70533982187,2021-05-30
"latent_infections",336,888.101086801165,1508.20374096993,1978.91811904729,2583.50221860915,4658.85775248345,2021-06-06
"latent_infections",337,786.849677063131,1355.37937729932,1796.30580180774,2355.8556460256,4153.44158046465,2021-06-13
"latent_infections",338,703.515278534504,1214.97384699049,1609.5134156787,2106.79213358215,3697.59423409294,2021-06-20
"latent_infections",339,624.921127407669,1084.04247120894,1434.86294243898,1883.76746428731,3362.79727516621,2021-06-27
"latent_infections",340,552.514001503839,965.311052214075,1275.17472551842,1685.59942157492,3023.0286099347,2021-07-04
"latent_infections",341,486.558012711285,843.303548962078,1132.69719729948,1489.49929013103,2676.33004783533,2021-07-11
"latent_infections",342,429.125803273731,735.914656325664,989.638520091126,1319.42080000978,2348.49555973492,2021-07-18
"latent_infections",343,368.504122296572,643.615780537088,862.195197390223,1153.296789711,2070.68733622111,2021-07-25
"latent_infections",344,315.583381554977,562.274454901878,749.719258632357,1012.11166447402,1816.55588550647,2021-08-01
"latent_infections",345,270.077521653933,488.350476395395,655.875499308775,878.673987721818,1592.08220451085,2021-08-08
"latent_infections",346,231.359109347337,419.280721794157,571.418772606689,762.461724666958,1374.07870514106,2021-08-15
"latent_infections",347,198.781890473829,364.152533052816,496.757196908309,663.082983395112,1175.6503552345,2021-08-22
"latent_infections",348,171.77596834294,315.134054836619,434.464348336267,574.044802387128,1036.20098516956,2021-08-29
"latent_infections",349,149.528984183541,275.492302415251,379.394124095858,505.40615836184,917.387712546736,2021-09-05
"latent_infections",350,131.479296696474,243.932320455434,333.572997906082,440.246904494345,817.211474049466,2021-09-12
"latent_infections",351,119.647720196296,218.608758640119,296.066019210487,395.182189977243,733.708136249041,2021-09-19
"latent_infections",352,109.153727113569,198.489231453303,267.725402356674,357.256721509578,659.301488971044,2021-09-26
"latent_infections",353,100.121405189228,184.060280706288,244.958023675633,329.633696459579,594.02952626058,2021-10-03
"latent_infections",354,95.2112559980343,173.789179779606,229.377115876013,310.232869688186,546.413439137404,2021-10-10
"latent_infections",355,92.2651378400009,165.790003140528,219.823573199586,297.450045165159,519.866004555015,2021-10-17
"latent_infections",356,91.1782855606024,162.253657948603,215.098813572398,287.379109803526,506.954979072437,2021-10-24
"latent_infections",357,91.9135704387728,161.943312927226,215.657242974322,287.745456573714,504.601997083895,2021-10-31
"latent_infections",358,94.5248044330986,165.378237494636,220.741263055092,293.588407831723,512.965073485166,2021-11-07
"latent_infections",359,99.1130444069317,172.927256417272,229.699516934212,303.348877453703,532.741753885222,2021-11-14
"latent_infections",360,108.313953526512,185.016876960133,246.933905685914,324.809884238812,564.778199612448,2021-11-21
"latent_infections",361,120.667342742013,203.530649429903,270.437085576941,358.504613290445,610.891605987294,2021-11-28
"latent_infections",362,133.873719825115,225.53146573762,301.846290443437,400.301664446553,667.896007574939,2021-12-05
"latent_infections",363,151.377423272781,254.260469904685,338.120438255641,453.363624714342,747.792294576617,2021-12-12
"latent_infections",364,173.901861511817,289.815633008008,389.19420656942,511.607283601308,854.045977172808,2021-12-19
"latent_infections",365,202.029609786573,336.643946349056,452.411713624547,584.317156403734,999.41249683981,2021-12-26
"latent_infections",366,294.128994188395,484.858153432641,640.588852037505,827.903013176115,1386.56569367374,2022-01-02
"latent_infections",367,355.539899489472,595.601312244901,776.815935472732,1003.76576555975,1697.57562004285,2022-01-09
"latent_infections",368,460.30165718228,767.665100444639,994.501144510912,1293.03425137485,2163.92190307938,2022-01-16
"latent_infections",369,583.388990254594,975.529108778047,1263.85646276555,1644.40812350583,2722.83691917107,2022-01-23
"latent_infections",370,733.583619642111,1227.91025751981,1585.08575866822,2032.80705826184,3431.40421614389,2022-01-30
"latent_infections",371,913.698210533803,1525.46033858705,1968.86910357046,2548.51243981841,4189.3048973963,2022-02-06
"latent_infections",372,1120.06755790176,1875.65620685436,2389.34006840812,3101.26898369924,5216.88973126457,2022-02-13
"latent_infections",373,1350.17860309892,2243.54699109135,2846.59471844274,3703.11191284686,6210.99949424901,2022-02-20
"latent_infections",374,1597.66237625674,2605.73478499583,3343.05564628757,4356.33270458293,7294.66645246928,2022-02-27
"latent_infections",375,1853.59380296564,2980.24155209146,3815.07158892753,4944.40878616368,8491.05619252794,2022-03-06
"latent_infections",376,2107.01341564382,3330.77988968903,4280.6832658135,5530.20676354079,9745.63553429574,2022-03-13
"latent_infections",377,2267.34621765303,3639.60196268274,4691.48413346795,6008.41418033761,10659.7658896189,2022-03-20
"latent_infections",378,2421.57591710037,3902.46062070615,4986.34633810675,6382.52662597751,11476.5702964768,2022-03-27
"latent_infections",379,2520.29540474326,4073.99560727892,5199.59423862537,6668.74522982938,11925.6916414697,2022-04-03
"latent_infections",380,2590.7471024418,4136.30464751196,5290.9269506196,6850.9263453552,12378.5910408052,2022-04-10
"latent_infections",381,2588.47915994989,4114.61351595325,5267.32834677745,6868.97422093973,12392.4384579412,2022-04-17
"latent_infections",382,2536.88539514694,4038.73602057146,5190.1296155656,6778.16456733523,12163.7464846964,2022-04-24
"latent_infections",383,2477.90570389832,3874.45238560344,5037.61918343432,6548.95686456326,11796.6024313044,2022-05-01
"latent_infections",384,2345.84432820402,3667.04241333413,4809.86826713764,6212.15509198068,11248.9428487586,2022-05-08
"latent_infections",385,2193.13161626345,3377.66204986691,4540.1341766987,5783.16799036342,10516.3139699354,2022-05-15
"latent_infections",386,2048.89894842215,3139.84001864188,4209.49194992034,5351.76043487145,9709.85460819136,2022-05-22
"latent_infections",387,1868.88371979909,2876.16137534867,3856.18220965886,4896.9215244304,8982.95623778072,2022-05-29
"latent_infections",388,1675.03136766952,2572.51168555575,3467.77786090569,4390.65126280018,8191.38634183095,2022-06-05
"latent_infections",389,1460.4925711399,2282.08352907169,3088.28967183584,3936.66990338658,7370.32612157765,2022-06-12
"latent_infections",390,1259.13476552873,2025.66023566159,2703.89854750762,3496.73637908501,6532.59020492287,2022-06-19
"latent_infections",391,1087.03316190224,1788.82081112184,2374.48461246255,3103.3037778314,5587.92287499085,2022-06-26
"latent_infections",392,935.606862557208,1551.22953883541,2077.71963557404,2697.20979111959,4916.36552664384,2022-07-03
"latent_infections",393,776.423900837848,1337.1973849205,1788.27511240216,2335.91360433688,4322.99667564543,2022-07-10
"latent_infections",394,638.905641373052,1147.75896779755,1532.49558936818,2020.93162317016,3733.67127241778,2022-07-17
"latent_infections",395,528.001591428727,984.418472822276,1317.2144545651,1728.50082700901,3192.63919293763,2022-07-24
"latent_infections",396,441.426888198017,840.626080723499,1124.06070375455,1501.65145363358,2722.01247708836,2022-07-31
"latent_infections",397,376.342712240152,710.669781891337,952.922344294261,1277.11371742973,2318.37872567797,2022-08-07
"latent_infections",398,325.592805690099,595.939376552808,809.520485106773,1092.4201899606,2005.81376345303,2022-08-14
"latent_infections",399,274.183012736715,504.161577133742,694.013833175592,940.481527856903,1729.04855174286,2022-08-21
"latent_infections",400,230.846074595043,432.224213443553,599.675940749625,809.365124023053,1485.45073730175,2022-08-28
"latent_infections",401,202.447081942772,374.923100274722,526.590538005822,707.353393807803,1288.89418021858,2022-09-04
"latent_infections",402,177.463114730831,330.36734439869,462.238005507434,623.509639973664,1121.87249208745,2022-09-11
"latent_infections",403,157.580541822289,295.657872465576,411.353381289485,551.378474189065,1003.81082778006,2022-09-18
"latent_infections",404,143.806760354213,270.081874842071,371.000922457037,496.462798329681,913.962277989691,2022-09-25
"latent_infections",405,135.23873864141,251.729645813541,341.47757981601,460.589571400241,841.290614874445,2022-10-02
"latent_infections",406,131.347166620867,239.606681782491,323.629190372976,432.669464516034,798.608986340321,2022-10-09
"latent_infections",407,131.960944274234,235.241812669385,317.334410242134,417.567309856434,776.026685366144,2022-10-16
"latent_infections",408,135.369061903455,236.230555094196,317.058268567617,414.458526224244,773.252110485557,2022-10-23
"latent_infections",409,145.795491175004,245.152512228475,330.578278230363,426.178680070462,791.045842649954,2022-10-30
"latent_infections",410,159.014157112746,260.906205853301,354.725363581277,451.169525483244,825.675303916303,2022-11-06
"latent_infections",411,176.855549027054,287.688805863605,388.599954500224,492.552075897004,879.143606040554,2022-11-13
"latent_infections",412,206.334268381242,324.672361138876,434.237217812458,554.992479827372,963.712978387393,2022-11-20
"latent_infections",413,239.889992168862,377.228201760225,505.50489225184,634.338755429227,1087.10485743515,2022-11-27
"latent_infections",414,282.907307606469,453.705004119514,598.717383668511,748.815682365449,1278.0363776534,2022-12-04
"latent_infections",415,340.085439306275,552.706825477067,718.697827616666,900.527696989992,1552.16577971072,2022-12-11
"latent_infections",416,429.163453250973,684.417574458292,889.379589509704,1101.49891783485,1892.50143980495,2022-12-18
"latent_infections",417,547.08023445311,867.114632279403,1106.43104257356,1368.61323556755,2304.30836977299,2022-12-25
"latent_infections",418,542.593495204263,866.292043772022,1126.38897344503,1401.52505978395,2378.58456774575,2023-01-01
"latent_infections",419,659.799443894038,1058.36298966541,1358.98243980178,1696.21051974338,2859.34588207468,2023-01-08
"latent_infections",420,759.076692062825,1196.99255946205,1550.96925864562,1946.93679280645,3264.03322026635,2023-01-15
"latent_infections",421,878.717270086788,1362.68181484276,1766.52319783114,2226.97729787328,3712.76461118352,2023-01-22
"latent_infections",422,1009.58355270661,1535.70263166267,2001.61939572552,2545.83066829584,4155.28481001709,2023-01-29
"latent_infections",423,1119.77885199439,1728.9882611275,2244.11204918319,2870.85617309458,4641.33927052545,2023-02-05
"latent_infections",424,1224.67070825351,1917.02816117488,2463.44870355995,3198.21065273161,5155.82914969573,2023-02-12
"latent_infections",425,1315.19459443921,2086.13645614366,2680.103369806,3518.18382748618,5712.21949474552,2023-02-19
"latent_infections",426,1384.50923358798,2227.2646894838,2892.13742051167,3837.61066452567,6160.34791625325,2023-02-26
"latent_infections",427,1435.6390732799,2335.72315858691,3053.66507175495,4103.38709334801,6584.82310885079,2023-03-05
"latent_infections",428,1466.93902286552,2425.17112760114,3182.91909042799,4312.94142637778,6921.76547937468,2023-03-12
"latent_infections",429,1478.36847904393,2499.01595983386,3281.70613419119,4400.72891328357,7146.18579545984,2023-03-19
"latent_infections",430,1471.82405221606,2528.15180752296,3331.63118722308,4432.06554980305,7255.89690034851,2023-03-26
"latent_infections",431,1473.91827528276,2522.00228967373,3340.49416681754,4436.79472125435,7254.50529489113,2023-04-02
"latent_infections",432,1462.56074460311,2489.17674708938,3289.90744203105,4395.71718577565,7151.84373143756,2023-04-09
"latent_infections",433,1399.85444970032,2438.29395756027,3200.61728087471,4265.5852848278,6977.90147390614,2023-04-16
"latent_infections",434,1357.03637191639,2344.14618767588,3093.52024988271,4161.43681361793,6750.79897623478,2023-04-23
"latent_infections",435,1269.88419614261,2251.11385288762,2963.02590379524,4019.20169098907,6460.15328008188,2023-04-30
"latent_infections",436,1202.9900945335,2142.04787230258,2815.88269711839,3787.72563244801,6174.2021914698,2023-05-07
"latent_infections",437,1134.6973464773,2027.22808737716,2668.97330942532,3584.25191257533,5820.23049744472,2023-05-14
"latent_infections",438,1062.92258271108,1905.70869386137,2513.80782501233,3376.34328313247,5502.04078055485,2023-05-21
"latent_infections",439,999.232832004715,1784.55034505272,2349.03308913289,3176.06096575053,5148.53762465335,2023-05-28
"latent_infections",440,937.364140905325,1672.83936381939,2195.14775881743,2968.34280047907,4816.93918558084,2023-06-04
"latent_infections",441,876.257820669561,1548.60241596199,2032.74527074529,2757.97074078577,4479.23397583944,2023-06-11
"latent_infections",442,805.290720461437,1421.77953271168,1868.69426372107,2522.96638723142,4095.30850929543,2023-06-18
"latent_infections",443,731.394027377466,1305.77853357,1698.28528167896,2317.29545252584,3766.26966882482,2023-06-25
"latent_infections",444,661.761924031528,1197.41415813798,1552.41105884055,2106.67986645979,3416.89267068737,2023-07-02
"latent_infections",445,610.459927386237,1088.44643645361,1417.36829144356,1897.16288647125,3094.30813579074,2023-07-09
"latent_infections",446,553.741319764316,982.237633382677,1288.02548486966,1714.59777190756,2808.87646316733,2023-07-16
"latent_infections",447,503.285523140257,884.037460624139,1150.66653472808,1530.79255351023,2545.02161280391,2023-07-23
"latent_infections",448,447.96990774022,790.735633767245,1022.25927877159,1367.7828000324,2301.70679551822,2023-07-30
"latent_infections",449,406.286912847994,703.289691442638,912.649707055004,1217.84024812477,2078.17903821512,2023-08-06
"latent_infections",450,367.591522109545,622.210247207402,811.088641316841,1086.62211176065,1861.93428351646,2023-08-13
"latent_infections",451,329.365641329328,556.300591172808,726.088635632286,964.322498289172,1647.75531977945,2023-08-20
"latent_infections",452,292.08916000559,496.198402059335,643.106326148588,862.567304218614,1456.42464248058,2023-08-27
"latent_infections",453,263.660741408525,441.094730237873,575.424651770497,765.425860875151,1289.06823220536,2023-09-03
"latent_infections",454,238.403011048122,395.646170863864,517.886723609984,685.728997977277,1143.46499288246,2023-09-10
"latent_infections",455,219.307040629385,360.409224968823,469.779752289175,620.851713158935,1034.18544126545,2023-09-17
"latent_infections",456,200.721398827941,328.817242679984,430.362237938687,564.207772094487,947.54647522379,2023-09-24
"latent_infections",457,186.917847871675,304.72206635572,399.2026124861,521.174972354882,875.974027138503,2023-10-01
"latent_infections",458,176.417230249786,286.595703027462,377.018591139818,489.095882594337,818.870486581873,2023-10-08
"latent_infections",459,170.161375191592,274.007665559045,361.746475177439,466.52396870747,776.52677114964,2023-10-15
"latent_infections",460,165.391621836255,264.564652522428,353.067364305637,453.583841935722,752.437849198564,2023-10-22
"latent_infections",461,166.763139541054,263.465664245365,349.396347996723,447.369061642733,743.552367753078,2023-10-29
"latent_infections",462,168.936358166727,267.637819988052,353.132942587573,450.184695974219,763.618262063166,2023-11-05
"latent_infections",463,173.880191979584,277.400742246542,366.362149138399,464.938796319818,786.559385194337,2023-11-12
"latent_infections",464,182.640540438037,294.025719941362,386.23049213071,490.664988298672,808.30626940345,2023-11-19
"latent_infections",465,196.267386089223,318.640723771248,415.045554598258,526.399222128908,873.206720289969,2023-11-26
"latent_infections",466,215.140426316336,345.363457529891,453.638854343884,577.501422228098,965.843706056285,2023-12-03
"latent_infections",467,238.949583284176,385.087867092363,503.937670753782,648.919968661412,1102.58529285219,2023-12-10
"latent_infections",468,268.231328563775,432.35215010459,568.974791283202,731.654926430554,1284.68005978184,2023-12-17
"latent_infections",469,300.397394285339,483.75950597102,647.193037610022,832.121767961114,1424.93297021725,2023-12-24
"latent_infections",470,330.138068940339,553.427891799731,738.894453614688,960.118356664251,1637.88858318101,2023-12-31
"latent_infections",471,458.866714284128,749.148081217079,964.341767880032,1255.43193465048,2083.18507124172,2024-01-07
"latent_infections",472,531.413143486915,885.386624637049,1138.27495289692,1492.90445403642,2434.10353691564,2024-01-14
"latent_infections",473,662.389203187234,1096.27435634778,1395.99809320838,1824.32234084789,2899.68164203335,2024-01-21
"latent_infections",474,842.545595162744,1334.01715137832,1680.58217928874,2239.98559233916,3528.08680507697,2024-01-28
"latent_infections",475,1012.84428300914,1612.83241737086,1993.17860703181,2725.47842874306,4155.85003430644,2024-02-04
"latent_infections",476,1161.42979291611,1912.9215099718,2331.99981348868,3220.37192805298,4902.19907722724,2024-02-11
"latent_infections",477,1339.070794439,2218.36070250911,2715.60991031434,3715.79189857922,5705.61641282482,2024-02-18
"latent_infections",478,1534.55034137054,2526.12162861544,3112.08122559961,4226.95572555274,6600.4394557123,2024-02-25
"latent_infections",479,1677.36480417481,2791.420398656,3488.43969715933,4707.82255472906,7477.37181745177,2024-03-03
"latent_infections",480,1798.56919275135,3032.79446989509,3850.00455992647,5092.69992064864,8099.68550204335,2024-03-10
"latent_infections",481,1890.89447137777,3200.29608924511,4078.8796116464,5355.92337472397,8469.02110827236,2024-03-17
"latent_infections",482,1948.91993552191,3335.2755897481,4265.49828320446,5567.33085943282,8913.96275481141,2024-03-24
"latent_infections",483,1985.46310528976,3359.03546092651,4388.1141227687,5634.32804817932,9212.74279295906,2024-03-31
"latent_infections",484,1991.82301874291,3322.30593940276,4333.04004427559,5629.92214706012,9244.44116867596,2024-04-07
"latent_infections",485,1960.75952540806,3234.33490328911,4256.4700552162,5457.37486883819,9087.79387518793,2024-04-14
"latent_infections",486,1894.6683648801,3089.72863279064,4092.00879654925,5233.79144457232,8802.06673413752,2024-04-21
"latent_infections",487,1798.13856578326,2913.26362661869,3863.55601431806,4959.95529017778,8422.03051432921,2024-04-28
"latent_infections",488,1677.62972458966,2709.73262664605,3583.70314878524,4627.9218158574,7902.41351750396,2024-05-05
"latent_infections",489,1525.32149231481,2489.06253462176,3271.93518126659,4216.22091757212,7279.38125561925,2024-05-12
"latent_infections",490,1357.73530199108,2227.76118219029,2957.44112243354,3800.42908057288,6566.81005391187,2024-05-19
"latent_infections",491,1216.45060225923,1971.64854301985,2652.43021185311,3392.97747771146,5848.66622793441,2024-05-26
"latent_infections",492,1069.15946039583,1730.45808698175,2320.41685192338,3004.69112395423,5151.31823496431,2024-06-02
"latent_infections",493,913.791142330574,1507.9992817725,2035.42944424215,2640.66650566032,4496.67027213095,2024-06-09
"latent_infections",494,782.006238339849,1304.09126527651,1749.4381474173,2271.93101574759,3896.3709513121,2024-06-16
"latent_infections",495,651.637109085882,1119.24449379041,1511.44073322292,1954.91037245493,3380.56313242993,2024-06-23
"latent_infections",496,560.817719966447,942.586593240002,1283.49340385203,1663.11972393414,2874.56564119166,2024-06-30
"latent_infections",497,480.519031013845,798.922427004651,1081.81244665484,1423.32996405448,2484.69751526165,2024-07-07
"latent_infections",498,392.715403820112,668.929912643111,900.784157844283,1200.71598468664,2101.74462062294,2024-07-14
"latent_infections",499,325.758814781373,555.105405284238,751.359048366622,1013.84057916399,1762.26585981329,2024-07-21
"latent_infections",500,276.794516142427,460.264381857696,624.718125660737,839.211866768394,1468.20510264505,2024-07-28
"latent_infections",501,226.958120037593,383.375382091643,518.636943555549,701.218744969744,1213.07927429944,2024-08-04
"latent_infections",502,182.645768257983,321.084878501229,428.913537127775,580.953867543263,995.075076824877,2024-08-11
"latent_infections",503,148.438946197564,267.610024624425,357.545849534829,478.238524872876,836.041171739777,2024-08-18
"latent_infections",504,125.47529163492,225.444980361078,301.074779691804,400.862351958925,705.956199444064,2024-08-25
"latent_infections",505,107.681916130574,189.471875241287,254.288860371205,337.620193908572,595.73015085689,2024-09-01
"latent_infections",506,94.0401019348871,161.395338054475,216.439298475097,288.871683633354,504.714161360196,2024-09-08
"latent_infections",507,82.8255448354585,140.097986358292,187.224960674659,250.065258617701,430.774395218522,2024-09-15
"latent_infections",508,72.7137772453554,123.762219555119,164.992917199785,218.409586200645,380.97193717785,2024-09-22
"latent_infections",509,65.5486031978877,110.587453163662,147.612256615205,194.375644079706,339.845404805736,2024-09-29
"latent_infections",510,61.0653848052312,101.610914310022,135.032412283165,179.549064341255,304.792064697859,2024-10-06
"latent_infections",511,58.1696275800944,95.9841672364801,126.902869100357,168.482844651807,289.830672246285,2024-10-13
"latent_infections",512,56.1931831217248,93.2251899366783,122.562178792865,162.245586927272,280.055354133783,2024-10-20
"latent_infections",513,55.8314864296315,92.9033350764069,121.64247589274,159.26508274746,275.924081065883,2024-10-27
"latent_infections",514,58.2572489510202,95.4166366711563,123.027687466209,161.698024676851,278.191158899137,2024-11-03
"latent_infections",515,61.0603645567546,100.802293750532,128.630933718238,169.431369056296,291.861273760713,2024-11-10
"latent_infections",516,67.1268119222364,108.971732604616,139.271816215318,182.203453778125,310.027540128866,2024-11-17
"latent_infections",517,76.3483119771481,120.925709520436,155.04321409869,201.61124382024,339.303153302957,2024-11-24
"latent_infections",518,88.1606931557072,138.609757669868,176.289259745286,226.315981552061,381.677379838245,2024-12-01
"latent_infections",519,103.594117414917,162.031022064802,205.69919809702,262.284671570639,435.435237764577,2024-12-08
"latent_infections",520,122.741642103902,191.63415789431,242.431497890466,309.550947216972,505.603736080817,2024-12-15
"latent_infections",521,150.726069801776,229.719338673297,295.08954074938,367.039110318811,593.616382350037,2024-12-22
"latent_infections",522,186.6237172578,279.183063856835,358.705115235702,444.056597903528,706.284768022733,2024-12-29
"latent_infections",523,160.3929440758,248.941034098326,323.421819811318,407.760455012792,676.942479323756,2025-01-05
"latent_infections",524,184.370337661622,288.600341398096,372.547073352355,469.544763029063,780.914629682363,2025-01-12
"latent_infections",525,193.426869730397,302.415624126133,392.248626275399,496.829829521807,829.496690669269,2025-01-19
"latent_infections",526,202.501270665942,317.613504565062,412.977496281588,522.616797430142,889.276054620318,2025-01-26
"latent_infections",527,212.072159743519,334.312519225121,431.591750498696,552.283042777972,950.127396654714,2025-02-02
"latent_infections",528,219.612596930142,344.522568501374,448.458435384966,572.214788972375,1006.88903211528,2025-02-09
"latent_infections",529,224.943686677699,350.988711034187,459.905860283792,592.07454259779,1058.26774174144,2025-02-16
"latent_infections",530,227.616906158884,355.96027454253,465.390321777015,606.152184491411,1096.4625799381,2025-02-23
"latent_infections",531,227.36412382254,357.465200353615,465.719907551078,605.240438093529,1100.37941339935,2025-03-02
"latent_infections",532,223.986278651409,354.085975836209,463.294065423794,598.70769172238,1093.71821651113,2025-03-09
"latent_infections",533,217.998409327332,345.24817641199,458.794685386106,591.782584959826,1099.10719141277,2025-03-16
"latent_infections",534,210.556232020659,336.470485224427,449.198667913886,581.792720215761,1076.39009525086,2025-03-23
"latent_infections",535,204.436563341001,326.97575215127,437.017730270012,561.454545412833,1048.21936113735,2025-03-30
"latent_infections",536,195.428841887795,314.179891735733,422.866869550694,539.369780499704,1007.60355483581,2025-04-06
"latent_infections",537,187.854974757188,301.434788827202,404.629445185353,518.017818466095,966.659019550726,2025-04-13
"latent_infections",538,180.110178155295,288.20948114917,386.023514937519,499.124818931073,923.960855802846,2025-04-20
"latent_infections",539,172.413313203855,275.233664520763,367.29402192187,479.964726164227,881.20093553348,2025-04-27
"latent_infections",540,164.187482898831,265.174572598347,348.128542030584,458.146843332248,839.166482398591,2025-05-04
"latent_infections",541,155.044020946085,254.83696252748,331.701813629201,435.827400557164,799.088342235478,2025-05-11
"latent_infections",542,146.652777387757,242.572468580718,319.215577378509,411.548648283948,757.471345772397,2025-05-18
"latent_infections",543,139.027705239043,231.738651599262,305.252789754898,392.864050994184,705.059818037722,2025-05-25
"latent_infections",544,132.777019609344,223.779721947269,291.700622052801,373.48264274506,656.164115121776,2025-06-01
"latent_infections",545,128.366132335578,214.642472321131,279.413681684056,355.222285448379,614.96387309642,2025-06-08
"latent_infections",546,121.264643834896,205.328772589203,265.450372974442,337.786119501361,582.275501435076,2025-06-15
"latent_infections",547,114.654009768385,195.256379700354,251.285058638293,321.426492907125,566.351860762526,2025-06-22
"latent_infections",548,108.328226880966,184.723752375821,236.40749076068,305.144502855749,539.963916258974,2025-06-29
"latent_infections",549,102.279985479406,173.395948883104,224.152561633538,290.209367122231,502.578245383277,2025-07-06
"latent_infections",550,96.6397188405439,161.99723982907,211.249344090322,273.332777619045,474.954553173696,2025-07-13
"latent_infections",551,91.6151511833515,151.454183469237,197.635136105601,257.146527358811,437.172968692346,2025-07-20
"latent_infections",552,84.982129191133,141.50566260942,183.998293971783,240.915326009488,401.636056588933,2025-07-27
"latent_infections",553,79.4166391955956,129.902390118813,170.843492947302,224.414507149238,374.81633900959,2025-08-03
"latent_infections",554,73.9658986873599,120.003396151649,158.333642312123,207.517939975212,349.001500752363,2025-08-10
"latent_infections",555,68.6762311871248,111.562354177423,145.717233693445,191.836751663431,321.44504077894,2025-08-17
"latent_infections",556,63.4960659680296,102.514584717336,133.875876513161,176.915726512014,294.279516981676,2025-08-24
"latent_infections",557,58.6281116798969,94.8284857919118,121.951573327872,163.661899525697,272.887271997059,2025-08-31
"latent_infections",558,54.3924589070274,87.2384514130819,112.003991499728,150.935154540409,252.771438723125,2025-09-07
"latent_infections",559,50.1169778077914,80.3297000895122,103.528147700468,138.329062280533,234.246620785008,2025-09-14
"latent_infections",560,46.7476737167987,74.364102016103,95.9537341943274,127.189515432778,217.483831234721,2025-09-21
"latent_infections",561,43.6655271762076,69.6467856301459,88.7236438227178,116.771120250538,202.763698386409,2025-09-28
"latent_infections",562,41.4183559995866,65.4796910870388,83.4997487875793,109.356994520213,190.203363556453,2025-10-05
"latent_infections",563,39.7304277262087,62.3622455419999,79.6023267104393,103.659860344362,178.96208238117,2025-10-12
"latent_infections",564,38.5903507425109,59.8352626197442,76.2150744603364,99.101133747124,170.335786095899,2025-10-19
"latent_infections",565,37.7777978898515,58.0531925688137,74.2936224570049,96.3664686856027,164.861037721969,2025-10-26
"latent_infections",566,36.5770605491478,56.9744821505755,73.129234493048,95.2427158206348,161.519105187053,2025-11-02
"latent_infections",567,36.0422696903436,57.0361264434133,73.4086884952271,95.0051654225548,159.674041585573,2025-11-09
"latent_infections",568,36.5542250186247,57.676937285081,74.2739018574197,96.1875944157936,161.12750236618,2025-11-16
"latent_infections",569,37.0172441140901,59.3315743029938,75.8405200764452,98.0342229111495,165.234530381517,2025-11-23
"latent_infections",570,37.8960339978399,61.4548742977031,78.6391192271504,101.331750389856,171.823501950803,2025-11-30
"latent_infections",571,39.1585107711236,64.6267561769376,82.502238172359,106.724666811647,181.750891508291,2025-12-07
"latent_infections",572,40.7762638680046,67.7760372333683,87.4095157778176,113.111452507568,193.433284337753,2025-12-14
"latent_infections",573,42.7508022395254,71.8339821065269,93.5134529014237,119.665506775923,206.601506044492,2025-12-21
"susceptible_prop",1,1,1,1,1,1,2015-01-04
"susceptible_prop",2,0.999999930770155,0.999999930770155,0.999999930770155,0.999999930770155,0.999999930770155,2015-01-11
"susceptible_prop",3,0.999999840655025,0.999999843425591,0.999999844645667,0.999999845803224,0.999999848099322,2015-01-18
"susceptible_prop",4,0.999999681509319,0.999999697263555,0.999999704156029,0.999999710566491,0.999999723359846,2015-01-25
"susceptible_prop",5,0.999999441224328,0.999999486218227,0.999999505519047,0.999999523495077,0.999999557139968,2015-02-01
"susceptible_prop",6,0.999999089064252,0.999999193122992,0.999999236941918,0.999999273634843,0.999999345559767,2015-02-08
"susceptible_prop",7,0.999998590216838,0.999998797336829,0.999998882677261,0.999998952214024,0.999999084382892,2015-02-15
"susceptible_prop",8,0.999997904652531,0.999998281508207,0.999998430310815,0.999998548302648,0.999998770579343,2015-02-22
"susceptible_prop",9,0.999996988573804,0.999997631039265,0.999997871788908,0.999998056193696,0.999998401705458,2015-03-01
"susceptible_prop",10,0.999995797612009,0.999996819619011,0.999997192274875,0.999997474371594,0.999997976108831,2015-03-08
"susceptible_prop",11,0.999994282763899,0.999995835839227,0.999996384216144,0.999996797989025,0.999997492934875,2015-03-15
"susceptible_prop",12,0.999992322173343,0.999994674530449,0.999995446102599,0.999996018704701,0.999996952021997,2015-03-22
"susceptible_prop",13,0.99998993210245,0.999993337729306,0.999994373347192,0.999995141521649,0.999996353831297,2015-03-29
"susceptible_prop",14,0.999987343675013,0.999991804072308,0.999993171605723,0.999994169662254,0.999995699230796,2015-04-05
"susceptible_prop",15,0.999984416875522,0.999990115438447,0.999991819344417,0.99999313137884,0.999994989425957,2015-04-12
"susceptible_prop",16,0.999981170846893,0.999988198471921,0.999990341982397,0.99999201156423,0.999994268788352,2015-04-19
"susceptible_prop",17,0.999977488778747,0.999986177452518,0.999988775423076,0.999990812590487,0.999993510816432,2015-04-26
"susceptible_prop",18,0.999973368227094,0.999983965698703,0.99998710701239,0.999989535674344,0.999992715084189,2015-05-03
"susceptible_prop",19,0.999969154124922,0.999981597595937,0.999985345612879,0.999988171969416,0.999991882045594,2015-05-10
"susceptible_prop",20,0.999964385667567,0.999979205603781,0.999983479674119,0.99998674726454,0.999991011284428,2015-05-17
"susceptible_prop",21,0.999959374146639,0.99997659973947,0.999981487860985,0.999985226901577,0.999990101896167,2015-05-24
"susceptible_prop",22,0.999954237999347,0.999973824852369,0.999979320355293,0.999983682678949,0.999989104442018,2015-05-31
"susceptible_prop",23,0.999949047543167,0.999970956920106,0.999977208678665,0.999982170542468,0.999988044629439,2015-06-07
"susceptible_prop",24,0.999943865475535,0.999968132997559,0.999975042978583,0.999980547068752,0.999987084197574,2015-06-14
"susceptible_prop",25,0.99993858100569,0.999965060378314,0.999972768468153,0.99997888164185,0.999985952597584,2015-06-21
"susceptible_prop",26,0.999932972482722,0.99996195130912,0.999970520219163,0.999977157179643,0.999984803101761,2015-06-28
"susceptible_prop",27,0.999927380516524,0.999959134157147,0.999968140058089,0.999975459659975,0.999983732177745,2015-07-05
"susceptible_prop",28,0.999922130742611,0.999956222122842,0.999965766888989,0.999973612463686,0.999982598690346,2015-07-12
"susceptible_prop",29,0.99991744515108,0.999953050271505,0.999963371043858,0.999971859835579,0.999981226282558,2015-07-19
"susceptible_prop",30,0.999912916238042,0.999950198372552,0.999960952881553,0.99996990301494,0.999979885938892,2015-07-26
"susceptible_prop",31,0.999908490539132,0.999947430920269,0.99995862296206,0.999968004774962,0.999978666769244,2015-08-02
"susceptible_prop",32,0.99990364190343,0.999944699350981,0.999956542944045,0.999966145893422,0.999977598092792,2015-08-09
"susceptible_prop",33,0.999898948367811,0.999941701160895,0.999954405870492,0.999964346697727,0.999976546858216,2015-08-16
"susceptible_prop",34,0.999894417009273,0.99993899891218,0.999952444015761,0.999962496358544,0.999975456150015,2015-08-23
"susceptible_prop",35,0.999890036217598,0.999936641661448,0.999950324015264,0.999960741824818,0.999974270716985,2015-08-30
"susceptible_prop",36,0.999885947322786,0.999934171631309,0.9999481094368,0.999959040192833,0.999973093725518,2015-09-06
"susceptible_prop",37,0.999882867889074,0.9999315896113,0.999945854171313,0.999957444581571,0.999971759664024,2015-09-13
"susceptible_prop",38,0.999878867457555,0.999929106725401,0.999943664516832,0.999955826762493,0.999970401138811,2015-09-20
"susceptible_prop",39,0.999875550064499,0.999926874744381,0.999941709606109,0.999954274126254,0.999969360188225,2015-09-27
"susceptible_prop",40,0.999872627856941,0.999924635478671,0.999939269340275,0.99995268303396,0.999968384184769,2015-10-04
"susceptible_prop",41,0.999869685627025,0.999922257799016,0.999936892529865,0.999951125165569,0.999967356601822,2015-10-11
"susceptible_prop",42,0.999866540966901,0.999919617258402,0.999934627542628,0.999949444204887,0.999966179894357,2015-10-18
"susceptible_prop",43,0.999862552104372,0.999916573508433,0.999932363771481,0.99994757024801,0.999964961287641,2015-10-25
"susceptible_prop",44,0.999858083544847,0.999913504111701,0.99992978363858,0.999945437252208,0.99996368370546,2015-11-01
"susceptible_prop",45,0.99985023538045,0.999909581975182,0.999926983916332,0.999943135453031,0.999962324916749,2015-11-08
"susceptible_prop",46,0.999844628513309,0.999905182547247,0.99992378626407,0.999940556707839,0.999960858053208,2015-11-15
"susceptible_prop",47,0.999838446611855,0.999900195718412,0.999919812964161,0.999937766673821,0.999959251223778,2015-11-22
"susceptible_prop",48,0.999830252582278,0.999894154866152,0.999915343345768,0.999934490488299,0.999957464918487,2015-11-29
"susceptible_prop",49,0.999818757740488,0.999887318501478,0.999910008529501,0.99993058196074,0.999955454569234,2015-12-06
"susceptible_prop",50,0.99980398827927,0.999878872867897,0.999903296710204,0.999926102347102,0.999953160875685,2015-12-13
"susceptible_prop",51,0.99978466697898,0.999869512293175,0.999895758374563,0.999920998879797,0.999950288759198,2015-12-20
"susceptible_prop",52,0.99975901049783,0.999856571829467,0.999886447171644,0.999914879480828,0.999946979776333,2015-12-27
"susceptible_prop",53,0.999724472262741,0.999839043798716,0.999874732588142,0.999907451506164,0.999943258419615,2016-01-03
"susceptible_prop",54,0.999686188413243,0.999816364034463,0.999859557626304,0.999896131853687,0.999937859611794,2016-01-10
"susceptible_prop",55,0.999633273105198,0.999787377004346,0.999839398770557,0.999881017177598,0.999931150798005,2016-01-17
"susceptible_prop",56,0.999560874519704,0.999750888317451,0.999812610142623,0.999861371956723,0.999921379179834,2016-01-24
"susceptible_prop",57,0.999469301532146,0.999706205387726,0.999778498962873,0.99983758062859,0.999908345721253,2016-01-31
"susceptible_prop",58,0.999354844264718,0.999648359244646,0.999734434065922,0.999805350455902,0.999891113195551,2016-02-07
"susceptible_prop",59,0.999214160226482,0.999577092576718,0.999681703823727,0.999764484551441,0.999869236521638,2016-02-14
"susceptible_prop",60,0.999043922443779,0.999481417012324,0.999614353056628,0.99971277185318,0.999841293911224,2016-02-21
"susceptible_prop",61,0.998841986205378,0.999373412097918,0.999529243617011,0.999649033867537,0.999810103941705,2016-02-28
"susceptible_prop",62,0.998607508793886,0.999242040167511,0.999431197397026,0.9995735255382,0.999770135953552,2016-03-06
"susceptible_prop",63,0.998341006936388,0.999096178036208,0.999319295831279,0.999484316626404,0.999719816732619,2016-03-13
"susceptible_prop",64,0.998045491227097,0.998926494152681,0.999186283527248,0.999379141993215,0.999661877712699,2016-03-20
"susceptible_prop",65,0.997723785123177,0.99873612189098,0.999041816142713,0.999260690308609,0.99959337368917,2016-03-27
"susceptible_prop",66,0.997376965300293,0.998530360728985,0.998887883865841,0.999129339731632,0.999515835645449,2016-04-03
"susceptible_prop",67,0.997015149821389,0.998320384166535,0.998727074072869,0.998990472348264,0.999444020590496,2016-04-10
"susceptible_prop",68,0.996646636969701,0.998104050370117,0.998559507077547,0.998848686507114,0.999370269703067,2016-04-17
"susceptible_prop",69,0.99627811135541,0.997883850813194,0.998387438253369,0.998704140177137,0.999296303281032,2016-04-24
"susceptible_prop",70,0.995916622242456,0.99765392547307,0.99821070143808,0.998561196045115,0.999223786502918,2016-05-01
"susceptible_prop",71,0.995568071827374,0.997430241909586,0.998039543589285,0.998422079189275,0.999154164474863,2016-05-08
"susceptible_prop",72,0.995237072044678,0.997223527048276,0.997880762478869,0.998285056167097,0.999088603908497,2016-05-15
"susceptible_prop",73,0.994926886946394,0.997026262534844,0.997736795320262,0.998169152125638,0.999027956808251,2016-05-22
"susceptible_prop",74,0.994638944397847,0.996842120712011,0.997601588170403,0.998058796397983,0.998972760765318,2016-05-29
"susceptible_prop",75,0.994352587787645,0.996671326681078,0.997467820869357,0.997956587262278,0.998923280780837,2016-06-05
"susceptible_prop",76,0.994046671917379,0.996512671894836,0.997346801914751,0.997863336250495,0.998879492417015,2016-06-12
"susceptible_prop",77,0.993797331923234,0.996375303584976,0.997243709214572,0.997777499371348,0.998841188230846,2016-06-19
"susceptible_prop",78,0.993579896133449,0.996243501943047,0.997147685886298,0.997706755222654,0.998808042499138,2016-06-26
"susceptible_prop",79,0.993390435582694,0.996131579359816,0.997069858979401,0.997637776053379,0.998779646084807,2016-07-03
"susceptible_prop",80,0.993226496137338,0.996032147182793,0.996992644754315,0.997584785991043,0.998755463114776,2016-07-10
"susceptible_prop",81,0.993085683307737,0.995951813954259,0.996924434239344,0.997535744591602,0.998735005946357,2016-07-17
"susceptible_prop",82,0.992965361486213,0.99587996163789,0.996864948267655,0.9974910417977,0.998717772365223,2016-07-24
"susceptible_prop",83,0.992863994883578,0.995820870212725,0.996818556608982,0.997458291045894,0.998703011107169,2016-07-31
"susceptible_prop",84,0.992777924988013,0.995771189585797,0.996782761783465,0.997430392820831,0.998689956754287,2016-08-07
"susceptible_prop",85,0.992704853100992,0.995724599972423,0.996752176093006,0.997407619751305,0.998678799540895,2016-08-14
"susceptible_prop",86,0.992642549384641,0.995678351357806,0.996723191974841,0.997388966765785,0.998669186985371,2016-08-21
"susceptible_prop",87,0.992588917744198,0.995638139496407,0.996695921469687,0.997373128923159,0.998660834805836,2016-08-28
"susceptible_prop",88,0.992526027643895,0.995612183572186,0.996670089185217,0.997359596982313,0.998653453012871,2016-09-04
"susceptible_prop",89,0.992471205717276,0.995589979950617,0.996647438496866,0.99734791365633,0.998646879879633,2016-09-11
"susceptible_prop",90,0.99242317431001,0.995571022562179,0.99662736109601,0.997336888879035,0.998640939820787,2016-09-18
"susceptible_prop",91,0.992380682823659,0.995553385454547,0.996609288007056,0.997326876835241,0.9986354585416,2016-09-25
"susceptible_prop",92,0.99234242063885,0.99553528270895,0.996592638198252,0.997316795933258,0.998630047518788,2016-10-02
"susceptible_prop",93,0.992307465289664,0.995518387729236,0.996577007127241,0.997305908367555,0.998624982428674,2016-10-09
"susceptible_prop",94,0.992274741916533,0.9955021784648,0.996561917386396,0.997295014163722,0.998620112120972,2016-10-16
"susceptible_prop",95,0.992243480924764,0.995486295099218,0.996547015285589,0.997286205816701,0.998614886662146,2016-10-23
"susceptible_prop",96,0.992212667782111,0.995470215398434,0.996531819986183,0.997277741297235,0.998609314508851,2016-10-30
"susceptible_prop",97,0.992181363298899,0.995453437891694,0.996515860377681,0.997268682309548,0.998603177421389,2016-11-06
"susceptible_prop",98,0.992148591418848,0.995436768661676,0.996501121470022,0.997258695159758,0.998596206397651,2016-11-13
"susceptible_prop",99,0.992113033101786,0.995419205361107,0.996485040157803,0.997247294109379,0.998588009596004,2016-11-20
"susceptible_prop",100,0.992073248454621,0.995398855746618,0.996466498881776,0.997233909465589,0.998578085673517,2016-11-27
"susceptible_prop",101,0.992027434547165,0.995374582347497,0.996444528146211,0.997218557449931,0.998565740918332,2016-12-04
"susceptible_prop",102,0.991973183945178,0.995343118230041,0.996419209133808,0.997199301781149,0.998549987468449,2016-12-11
"susceptible_prop",103,0.991907335830675,0.995299921246098,0.996390191536946,0.997170595725744,0.99852938542049,2016-12-18
"susceptible_prop",104,0.991825684952814,0.995248200588404,0.996353568696006,0.997138726935979,0.99850191030376,2016-12-25
"susceptible_prop",105,0.991722971534092,0.995185278439077,0.996306954170624,0.997100447054253,0.998464907365393,2017-01-01
"susceptible_prop",106,0.991615340334086,0.995123501054282,0.996259682118006,0.997064379488006,0.998432920795321,2017-01-08
"susceptible_prop",107,0.991483064662667,0.995043109472713,0.996197205915651,0.997019528387786,0.998392985823814,2017-01-15
"susceptible_prop",108,0.991317156301855,0.994953519823629,0.996130782491712,0.996964263020294,0.998349582429877,2017-01-22
"susceptible_prop",109,0.991123080790438,0.994852377028427,0.99605165454337,0.996899922883315,0.998301601986986,2017-01-29
"susceptible_prop",110,0.990927355052424,0.994737843251053,0.995966964840701,0.996823994609674,0.998248938882471,2017-02-05
"susceptible_prop",111,0.990696631388671,0.994598586138727,0.995870131613606,0.996738068055848,0.998191867997274,2017-02-12
"susceptible_prop",112,0.990429366329525,0.994460273471296,0.995756057931819,0.996639135005622,0.998130786775192,2017-02-19
"susceptible_prop",113,0.990156828837833,0.994299912072435,0.995637629178541,0.996539353241379,0.998087883266503,2017-02-26
"susceptible_prop",114,0.989881972034015,0.994139342899987,0.995501379630528,0.996433420382545,0.998047719807564,2017-03-05
"susceptible_prop",115,0.989570194160206,0.993958503771934,0.995359058378377,0.996317782557687,0.998007180331748,2017-03-12
"susceptible_prop",116,0.989251437566375,0.993768574770905,0.995206137470182,0.99619061684373,0.997942684678215,2017-03-19
"susceptible_prop",117,0.988932077609002,0.993572727679708,0.995056386443415,0.996055274827202,0.997872341169064,2017-03-26
"susceptible_prop",118,0.988546460754553,0.993370461510711,0.99490799793214,0.995941328495055,0.99780292835641,2017-04-02
"susceptible_prop",119,0.988160384272373,0.993167111490557,0.994770387569107,0.995810447057055,0.997734725083213,2017-04-09
"susceptible_prop",120,0.987783662311991,0.992996540341844,0.994640623653054,0.995699755283623,0.997669463845224,2017-04-16
"susceptible_prop",121,0.987421539704307,0.992826716639624,0.994516037891928,0.995600753510021,0.997607831102757,2017-04-23
"susceptible_prop",122,0.987098862754025,0.992672971888893,0.994396703635165,0.995493124225002,0.997550304102364,2017-04-30
"susceptible_prop",123,0.98687313029557,0.992541494863758,0.994274920227524,0.99541198162872,0.997497126264678,2017-05-07
"susceptible_prop",124,0.986662482765086,0.992405845843642,0.994161564236806,0.995300794636617,0.997448374895643,2017-05-14
"susceptible_prop",125,0.986467547665658,0.992280099212876,0.994069894952894,0.995224717247921,0.997403970108291,2017-05-21
"susceptible_prop",126,0.986288604384879,0.992148640942929,0.993985505910361,0.995151280667688,0.997363708383769,2017-05-28
"susceptible_prop",127,0.986125666688285,0.992032060988889,0.993908339073986,0.995091176154375,0.997327392451002,2017-06-04
"susceptible_prop",128,0.985977620004243,0.991942559513833,0.993838142719828,0.995023394229366,0.997294744904064,2017-06-11
"susceptible_prop",129,0.985843933568432,0.991865103546489,0.993774719831449,0.994966376224946,0.997265526609565,2017-06-18
"susceptible_prop",130,0.985723480000242,0.991796578198895,0.99371762433875,0.994915775721031,0.997239409551137,2017-06-25
"susceptible_prop",131,0.985615620092894,0.991734062770102,0.993666623883764,0.994872566601825,0.997216183643527,2017-07-02
"susceptible_prop",132,0.985519231397393,0.991679581142757,0.993621260397964,0.994835293149898,0.997195564895382,2017-07-09
"susceptible_prop",133,0.985433298811107,0.991628236564345,0.993579689183466,0.994803319281995,0.997177305073798,2017-07-16
"susceptible_prop",134,0.985357210444926,0.991582040881304,0.993542381197562,0.994776152689372,0.99716124476785,2017-07-23
"susceptible_prop",135,0.985289962623357,0.991537331388691,0.993509635430161,0.994753170083648,0.997147155579209,2017-07-30
"susceptible_prop",136,0.985230836087202,0.991498556033092,0.993481577504908,0.994733866956992,0.997134868264949,2017-08-06
"susceptible_prop",137,0.985178781086478,0.991465186193717,0.99345765941786,0.994717645667373,0.997124151517509,2017-08-13
"susceptible_prop",138,0.985132937562457,0.991438772907406,0.993437304630275,0.994704006366478,0.997114811796131,2017-08-20
"susceptible_prop",139,0.985092763703961,0.991417476525273,0.993420081325591,0.994692595625843,0.997106717992252,2017-08-27
"susceptible_prop",140,0.985057482799636,0.991399109817763,0.993405470619721,0.99468300982524,0.997099694288788,2017-09-03
"susceptible_prop",141,0.985026427739528,0.991383209315925,0.993393026239611,0.99467491609465,0.997093587491079,2017-09-10
"susceptible_prop",142,0.984999141366946,0.991369451361611,0.993382421971211,0.994668084468185,0.997088287037433,2017-09-17
"susceptible_prop",143,0.984974864120377,0.991357356033449,0.993373225295895,0.99466220125724,0.997083625961076,2017-09-24
"susceptible_prop",144,0.984953201361203,0.99134666871792,0.99336518904691,0.994657101372187,0.997079510619255,2017-10-01
"susceptible_prop",145,0.984933569614049,0.991337054469641,0.993358003076671,0.994651284909223,0.997075813170296,2017-10-08
"susceptible_prop",146,0.984915407923505,0.991328517320048,0.993351370053694,0.99464560090892,0.997072412335274,2017-10-15
"susceptible_prop",147,0.984898649752055,0.991320719093725,0.993344708727806,0.994640263241316,0.997069284534595,2017-10-22
"susceptible_prop",148,0.984882649126031,0.991313292392304,0.993338310072328,0.994635040708089,0.997066294899665,2017-10-29
"susceptible_prop",149,0.984867101022867,0.991306070003217,0.993332022433128,0.994629821061051,0.997063375217191,2017-11-05
"susceptible_prop",150,0.984851958458226,0.991299035691033,0.993325810732058,0.994624580022981,0.997060507082628,2017-11-12
"susceptible_prop",151,0.984836653629838,0.991291875766587,0.993319411844717,0.994619103549623,0.997057569954619,2017-11-19
"susceptible_prop",152,0.984820709841953,0.991284329946632,0.993312603497315,0.994613203735559,0.99705445904707,2017-11-26
"susceptible_prop",153,0.984803669300984,0.991276149380448,0.993305172554103,0.994606692054834,0.997051070442434,2017-12-03
"susceptible_prop",154,0.984785147411187,0.991267127476296,0.993296940052831,0.994600444492163,0.997047310794929,2017-12-10
"susceptible_prop",155,0.984764972599177,0.991257179860176,0.993287825124037,0.99459541130665,0.997043123801333,2017-12-17
"susceptible_prop",156,0.984742588391236,0.991246000977053,0.993277585204723,0.994589654137532,0.997038373855707,2017-12-24
"susceptible_prop",157,0.98471715968102,0.991233124898081,0.993265867713353,0.994582881941653,0.997032866986073,2017-12-31
"susceptible_prop",158,0.984688520139809,0.991219234977146,0.99325263322279,0.994575036171266,0.997026536135111,2018-01-07
"susceptible_prop",159,0.984650991783127,0.991201293548329,0.993235883226925,0.994564571823105,0.997017570550432,2018-01-14
"susceptible_prop",160,0.984607121473266,0.991179988176857,0.993216025953423,0.994552086244956,0.997006807175435,2018-01-21
"susceptible_prop",161,0.984553958212694,0.99115392796552,0.993191028310238,0.994536745439462,0.996993219723373,2018-01-28
"susceptible_prop",162,0.984490238151266,0.991122621312376,0.993161419591005,0.994518147968497,0.996976418328293,2018-02-04
"susceptible_prop",163,0.984414861299603,0.991085893814488,0.993126988292524,0.994495986049902,0.996956942799558,2018-02-11
"susceptible_prop",164,0.984326595776496,0.991041908526029,0.993087456270064,0.99446914885085,0.996937870974856,2018-02-18
"susceptible_prop",165,0.984225334875586,0.990987804565025,0.993043039338216,0.994435324548909,0.996916340135859,2018-02-25
"susceptible_prop",166,0.984110579268243,0.990928177800798,0.992992267612812,0.994389710900553,0.996892416632949,2018-03-04
"susceptible_prop",167,0.983983064281596,0.990859730603632,0.992935370309132,0.994339588626354,0.996866418569972,2018-03-11
"susceptible_prop",168,0.98384398466926,0.990783796610382,0.992874952993887,0.99428641180634,0.99683874236604,2018-03-18
"susceptible_prop",169,0.983695185248481,0.99070349330037,0.992811831511069,0.994231104737755,0.996809819384573,2018-03-25
"susceptible_prop",170,0.983538788656404,0.990625560514069,0.992740657553284,0.994181511363287,0.996780107079989,2018-04-01
"susceptible_prop",171,0.983378448730453,0.990545889086773,0.992665654556831,0.994131463801355,0.996750420051526,2018-04-08
"susceptible_prop",172,0.983216516681084,0.990467089288316,0.99259178278809,0.994081712860782,0.996721180147819,2018-04-15
"susceptible_prop",173,0.983055992162928,0.990380950997454,0.992526289858426,0.9940323550711,0.99669288413358,2018-04-22
"susceptible_prop",174,0.982899547677322,0.990288327635268,0.992462530490108,0.993976929778791,0.996665927328398,2018-04-29
"susceptible_prop",175,0.982749237866387,0.990191878396899,0.992401254113087,0.993924587585315,0.996640563925234,2018-05-06
"susceptible_prop",176,0.982606878493322,0.990102855702617,0.992343135701763,0.993875788631753,0.996614351115839,2018-05-13
"susceptible_prop",177,0.982473698538806,0.990030320726176,0.992288509804528,0.993836419452854,0.9965839436491,2018-05-20
"susceptible_prop",178,0.982350416833576,0.989975937576002,0.992226201703563,0.993804786160877,0.99655565379672,2018-05-27
"susceptible_prop",179,0.982237098931195,0.989921295192053,0.99216973311579,0.99377417384729,0.996529494484602,2018-06-03
"susceptible_prop",180,0.982134432594883,0.98986519383983,0.992119268952028,0.993745735478852,0.996505608027358,2018-06-10
"susceptible_prop",181,0.982041785674837,0.989812491640355,0.992074378434499,0.993719330875324,0.996483886093334,2018-06-17
"susceptible_prop",182,0.981958878896939,0.989770019123541,0.992034785979236,0.993695003005763,0.996464294471364,2018-06-24
"susceptible_prop",183,0.981885160349746,0.989731846244239,0.992000103565565,0.993671695823268,0.996446747645326,2018-07-01
"susceptible_prop",184,0.981819922544258,0.989697821237013,0.991969886570562,0.993649194593073,0.99643112822126,2018-07-08
"susceptible_prop",185,0.981762664576215,0.989667858997814,0.991943795220173,0.993629301716627,0.996417354869654,2018-07-15
"susceptible_prop",186,0.981712403129093,0.989641548227218,0.991922009708209,0.993611796514157,0.996405244493427,2018-07-22
"susceptible_prop",187,0.981668651659655,0.98961630995198,0.991903154174702,0.993596603435565,0.996394703126146,2018-07-29
"susceptible_prop",188,0.981630680861406,0.98959074357225,0.991886880072685,0.993583531058272,0.996385527973975,2018-08-05
"susceptible_prop",189,0.981597795873173,0.989568247266934,0.991872896802476,0.993572370473547,0.996377614713021,2018-08-12
"susceptible_prop",190,0.981569343546337,0.989548505248034,0.991860915874641,0.993562902498068,0.996370824555411,2018-08-19
"susceptible_prop",191,0.981544481467927,0.989531065490938,0.991850554393091,0.993554823414561,0.996364964260573,2018-08-26
"susceptible_prop",192,0.981523277670424,0.989515969286332,0.991841912311112,0.993548135792666,0.996360017316854,2018-09-02
"susceptible_prop",193,0.981504824539673,0.989502943137443,0.991834924510858,0.993542495910806,0.996355774508553,2018-09-09
"susceptible_prop",194,0.981488862425568,0.989491795930219,0.991829073469181,0.993537785451442,0.996352155402463,2018-09-16
"susceptible_prop",195,0.981475250715989,0.989482140348995,0.991824277729053,0.993533929906463,0.996349105331552,2018-09-23
"susceptible_prop",196,0.981462928863702,0.98947334609238,0.991820056074445,0.993530537591795,0.996346391242552,2018-09-30
"susceptible_prop",197,0.981451810567319,0.98946533281222,0.991816362531443,0.993527561226015,0.996343975155241,2018-10-07
"susceptible_prop",198,0.981441249714648,0.989457700211182,0.991812908349697,0.993524762043971,0.99634171158854,2018-10-14
"susceptible_prop",199,0.981431611351307,0.989450620713001,0.991809854004757,0.993522256894154,0.996339656696706,2018-10-21
"susceptible_prop",200,0.981422357010064,0.989443751494846,0.991806963440533,0.993519848760492,0.996337690122358,2018-10-28
"susceptible_prop",201,0.981413119446089,0.989436843985398,0.991804077011828,0.993517400038636,0.996335725942603,2018-11-04
"susceptible_prop",202,0.981403714401751,0.989429749111095,0.991801115237933,0.993514834611873,0.996333713935219,2018-11-11
"susceptible_prop",203,0.981393637782575,0.989422129530899,0.991797855335929,0.993511960149615,0.99633153920145,2018-11-18
"susceptible_prop",204,0.981382685559616,0.989413809592494,0.991794202145157,0.993508681516169,0.996329142892937,2018-11-25
"susceptible_prop",205,0.981370281418139,0.9894043903522,0.991789888416127,0.993504763062208,0.996326387856337,2018-12-02
"susceptible_prop",206,0.981356141263761,0.989393970800875,0.991784763038068,0.993500056640842,0.99632318750835,2018-12-09
"susceptible_prop",207,0.981339770708212,0.989382805806476,0.991778563166719,0.993494322632002,0.99631940425216,2018-12-16
"susceptible_prop",208,0.981320314586086,0.98937026655772,0.991770839548142,0.993487174364842,0.996314817039888,2018-12-23
"susceptible_prop",209,0.981296640892807,0.98935561109305,0.991760983138571,0.993478106194381,0.996309135215034,2018-12-30
"susceptible_prop",210,0.981268126951705,0.98934104696099,0.99174731032245,0.993466770317712,0.996302151611428,2019-01-06
"susceptible_prop",211,0.981233415349648,0.989324135067616,0.991728113131837,0.993452636053532,0.996293174578319,2019-01-13
"susceptible_prop",212,0.981191585785817,0.989303578345995,0.991704968974204,0.99343521225532,0.996282066940916,2019-01-20
"susceptible_prop",213,0.981140917487582,0.989278748896414,0.991677059681504,0.993413847833252,0.996268161746112,2019-01-27
"susceptible_prop",214,0.981079859735189,0.989248964604985,0.99164367482659,0.993388114452739,0.996250938203342,2019-02-03
"susceptible_prop",215,0.981007426807813,0.989213943136975,0.991604394542803,0.993360482526211,0.996229959037607,2019-02-10
"susceptible_prop",216,0.980922196085448,0.989158356925216,0.991558632436427,0.993327200744396,0.996204718311405,2019-02-17
"susceptible_prop",217,0.980823292821807,0.989084958842547,0.991506006034164,0.993287767534673,0.996174841173341,2019-02-24
"susceptible_prop",218,0.980710109791345,0.989006969511955,0.99144648878528,0.993242010901939,0.996140181772046,2019-03-03
"susceptible_prop",219,0.98058216093355,0.98892856123518,0.991380005444529,0.993189804482907,0.996100670591015,2019-03-10
"susceptible_prop",220,0.980440668896585,0.98883550755803,0.991307225111873,0.993134209799684,0.996056689374556,2019-03-17
"susceptible_prop",221,0.980286580708944,0.988727925184121,0.991228660911407,0.993069061439577,0.996008664751491,2019-03-24
"susceptible_prop",222,0.980120992711541,0.98862203088001,0.991144845296894,0.993012505930104,0.995957130122844,2019-03-31
"susceptible_prop",223,0.979946220069267,0.988509380313568,0.991056805024504,0.992954855035719,0.995902912250823,2019-04-07
"susceptible_prop",224,0.979764474825715,0.988402458666596,0.990976328394694,0.992889981694101,0.995846830291711,2019-04-14
"susceptible_prop",225,0.979577886684363,0.988302196143356,0.990898785138042,0.992824020627269,0.995789669826537,2019-04-21
"susceptible_prop",226,0.979388813981072,0.988200853447759,0.990820435812755,0.992757533027725,0.99573222566373,2019-04-28
"susceptible_prop",227,0.979197010249065,0.988087848121214,0.990741938528001,0.992695191803877,0.995675227234305,2019-05-05
"susceptible_prop",228,0.978993265727387,0.987979881255377,0.990663862642188,0.992634375527429,0.995619298274936,2019-05-12
"susceptible_prop",229,0.978794011663202,0.987871974131491,0.990586484866255,0.992574005298092,0.995564851701414,2019-05-19
"susceptible_prop",230,0.978600329708407,0.987750931342997,0.990510193894157,0.992514383066602,0.995512278254989,2019-05-26
"susceptible_prop",231,0.978413124097138,0.987634084536582,0.990435389625185,0.992455825691538,0.995461904352351,2019-06-02
"susceptible_prop",232,0.978232646907118,0.987521368052235,0.990362251714818,0.992398479213642,0.995413889942187,2019-06-09
"susceptible_prop",233,0.978059899484248,0.987411475872137,0.990280235063451,0.992342788414956,0.99536852217684,2019-06-16
"susceptible_prop",234,0.977894951886735,0.98730560334997,0.990207871336216,0.992288891750083,0.995325860685732,2019-06-23
"susceptible_prop",235,0.977737849179137,0.987213417239873,0.990143925449319,0.992236922601752,0.995285928088903,2019-06-30
"susceptible_prop",236,0.977589270212805,0.987125242894807,0.990082831029279,0.992187227069122,0.995248850424461,2019-07-07
"susceptible_prop",237,0.977448981698099,0.987040997425658,0.990024618906941,0.992139816930964,0.995214531513463,2019-07-14
"susceptible_prop",238,0.97731774065692,0.986961163412538,0.989968819199328,0.992093502061014,0.995183059666149,2019-07-21
"susceptible_prop",239,0.97719565912616,0.986888682731495,0.989913044291284,0.992044071433555,0.995154365751057,2019-07-28
"susceptible_prop",240,0.977082370775703,0.986822764476919,0.989861512314504,0.991997709647344,0.995128264614411,2019-08-04
"susceptible_prop",241,0.976978405397325,0.986760941366383,0.989814420476363,0.991954707810735,0.995104754448239,2019-08-11
"susceptible_prop",242,0.976882840720824,0.986702728674832,0.989771276409355,0.991914826471233,0.995083524858895,2019-08-18
"susceptible_prop",243,0.976795757465776,0.986648256564587,0.989732005197919,0.991878150842537,0.995064485278792,2019-08-25
"susceptible_prop",244,0.976716572206131,0.986597303247652,0.989696230475349,0.991844508138912,0.995047415424137,2019-09-01
"susceptible_prop",245,0.976644720840672,0.986549676666141,0.989663590782344,0.991813708705659,0.995032113715336,2019-09-08
"susceptible_prop",246,0.976579247970964,0.986505667380018,0.989633566070562,0.991787578344446,0.995018311151965,2019-09-15
"susceptible_prop",247,0.976519646124679,0.986469828566477,0.989605851952163,0.991767854670023,0.995005849454268,2019-09-22
"susceptible_prop",248,0.976464464786133,0.986435935376449,0.98957974262221,0.991749016886934,0.994994383758836,2019-09-29
"susceptible_prop",249,0.976412420898551,0.986403323399012,0.989554618361327,0.991730860448955,0.994983616805865,2019-10-06
"susceptible_prop",250,0.976362970137833,0.986371744202473,0.989530193582729,0.991713218535076,0.994973418311134,2019-10-13
"susceptible_prop",251,0.976315000568653,0.986340610456418,0.989505933585359,0.991695722251984,0.994963545302665,2019-10-20
"susceptible_prop",252,0.97626768615973,0.986310947905252,0.989481429016201,0.991678097738243,0.994953822299417,2019-10-27
"susceptible_prop",253,0.976219226688078,0.986281574305665,0.989453662493275,0.99165972343193,0.994943872735079,2019-11-03
"susceptible_prop",254,0.976168944594849,0.986250866345429,0.989424480862305,0.99163336476503,0.994933564958817,2019-11-10
"susceptible_prop",255,0.976108599690369,0.986217712047257,0.989393014026417,0.991599198686733,0.994922497865805,2019-11-17
"susceptible_prop",256,0.97603196768468,0.986181235214185,0.989358586465947,0.991561906592524,0.99491036206307,2019-11-24
"susceptible_prop",257,0.975947165941571,0.98614001920667,0.989320143566824,0.991526754092686,0.994896652526898,2019-12-01
"susceptible_prop",258,0.975852166828953,0.986092771647967,0.989276790196155,0.991481402377742,0.994880911283368,2019-12-08
"susceptible_prop",259,0.975743630114512,0.986037368281155,0.989227091401604,0.991438693183309,0.994862372060598,2019-12-15
"susceptible_prop",260,0.97561837044605,0.985971670370932,0.989166839634296,0.991388833357353,0.994840256132564,2019-12-22
"susceptible_prop",261,0.975471474994319,0.985892411408086,0.989093508810639,0.991330887730516,0.994813355534527,2019-12-29
"susceptible_prop",262,0.975297851707639,0.985796060625908,0.98899122395172,0.991262649171694,0.994780341196608,2020-01-05
"susceptible_prop",263,0.975091724886875,0.985679454823326,0.988873492913637,0.991178394043664,0.994738434466071,2020-01-12
"susceptible_prop",264,0.974845066552396,0.985516693729436,0.988733701910159,0.991082898485775,0.994685986163631,2020-01-19
"susceptible_prop",265,0.974550268000551,0.985322223779975,0.988584230519463,0.990969353096609,0.994619890435329,2020-01-26
"susceptible_prop",266,0.974198625862802,0.98510154062262,0.988413414880301,0.990832501077725,0.994536297164634,2020-02-02
"susceptible_prop",267,0.97378311911582,0.98484468296075,0.988224169265055,0.990684536591931,0.994433088615662,2020-02-09
"susceptible_prop",268,0.973250744055801,0.984547872552146,0.988002860324915,0.990519046090792,0.994307394513337,2020-02-16
"susceptible_prop",269,0.972611907661434,0.984195514330282,0.987747757772181,0.990314828601941,0.994157000129315,2020-02-23
"susceptible_prop",270,0.971879671134343,0.983790358406503,0.987457831175537,0.990078608225106,0.993980445357715,2020-03-01
"susceptible_prop",271,0.971063688413044,0.98337700831243,0.987130423906495,0.989813776137626,0.993778048202739,2020-03-08
"susceptible_prop",272,0.970172359515949,0.982872423995141,0.986740447932584,0.989544284541205,0.993551332227859,2020-03-15
"susceptible_prop",273,0.969303916649019,0.982346253113956,0.986301848863072,0.989236273491938,0.993349282730422,2020-03-22
"susceptible_prop",274,0.968500733121814,0.98180464357531,0.98587391560958,0.98886643383098,0.993153609441654,2020-03-29
"susceptible_prop",275,0.967672222791578,0.981276119030637,0.98547508307621,0.988511294241054,0.992960298533306,2020-04-05
"susceptible_prop",276,0.966831983544104,0.980656879630868,0.985025950854369,0.988195582303412,0.992783657930071,2020-04-12
"susceptible_prop",277,0.965994201975909,0.980041232429717,0.98466121147544,0.987885634699613,0.992610858014767,2020-04-19
"susceptible_prop",278,0.965170437214427,0.979465557328093,0.984311595765412,0.987573345136314,0.992443841035587,2020-04-26
"susceptible_prop",279,0.964291339491263,0.978922317667516,0.983972009147655,0.987269143583757,0.992284412357993,2020-05-03
"susceptible_prop",280,0.963445733620409,0.978454817030326,0.983603436043713,0.986996287073671,0.992133005785241,2020-05-10
"susceptible_prop",281,0.962648287733931,0.97803265625424,0.983263779322845,0.986727273735857,0.991987515997619,2020-05-17
"susceptible_prop",282,0.961904876117711,0.977657648083587,0.982923807770381,0.986479191598099,0.991854988372006,2020-05-24
"susceptible_prop",283,0.961219222957909,0.977319595309546,0.982625296001038,0.986249961696927,0.991735113058856,2020-05-31
"susceptible_prop",284,0.960633830875486,0.977016711058163,0.982324295748766,0.986030440792004,0.991627199469974,2020-06-07
"susceptible_prop",285,0.960103364039055,0.976712529848728,0.982097014060852,0.985831444339081,0.9915297773872,2020-06-14
"susceptible_prop",286,0.959627251675907,0.976411090473497,0.981901619186141,0.9856680406675,0.991439273380149,2020-06-21
"susceptible_prop",287,0.959202201781879,0.976133101196181,0.981725121653251,0.985524595094016,0.991358086212575,2020-06-28
"susceptible_prop",288,0.958826732938661,0.975874443315295,0.981567195358139,0.985399183076283,0.991286018726741,2020-07-05
"susceptible_prop",289,0.958496931563696,0.97564360120526,0.981426488320162,0.985289971858705,0.991222394665213,2020-07-12
"susceptible_prop",290,0.958209130967236,0.975439096626271,0.981298588942562,0.985195335341687,0.991166605827608,2020-07-19
"susceptible_prop",291,0.957959748703886,0.975259463603377,0.981172304569922,0.985113786076387,0.991118061471081,2020-07-26
"susceptible_prop",292,0.957744660783875,0.975102802925772,0.981062952108024,0.985043738076833,0.991075965362657,2020-08-02
"susceptible_prop",293,0.957560076188976,0.974967245909746,0.980980355264178,0.984983798014831,0.991039736237586,2020-08-09
"susceptible_prop",294,0.957401971916871,0.974850600695692,0.980907998185417,0.984932215836895,0.991008668006733,2020-08-16
"susceptible_prop",295,0.957266809470434,0.974750781640903,0.980844673048057,0.984887006952192,0.990982096383781,2020-08-23
"susceptible_prop",296,0.957151123353301,0.974672395583738,0.98078916253349,0.984848417211335,0.990959354731416,2020-08-30
"susceptible_prop",297,0.957051890631272,0.974607021850928,0.980746832774793,0.984815399739474,0.990939855023179,2020-09-06
"susceptible_prop",298,0.956966502969522,0.974551761989213,0.980712916182178,0.984787061349141,0.990923085020517,2020-09-13
"susceptible_prop",299,0.956893044739879,0.974505219225068,0.980683762392765,0.984762756308985,0.99090866965078,2020-09-20
"susceptible_prop",300,0.956828045087523,0.974465080180189,0.980657926359801,0.984741288813573,0.9908958990835,2020-09-27
"susceptible_prop",301,0.956769596114034,0.974429978214697,0.980633575022841,0.984722003136813,0.990884387868504,2020-10-04
"susceptible_prop",302,0.956716412783852,0.974398948437576,0.98061017006993,0.984703789858711,0.990873877566017,2020-10-11
"susceptible_prop",303,0.956666924089674,0.974370894104281,0.9805885631922,0.984686731070183,0.990864045557168,2020-10-18
"susceptible_prop",304,0.956619842551581,0.974344922293357,0.980568138944967,0.984670383817189,0.990854625177368,2020-10-25
"susceptible_prop",305,0.956573432760861,0.974311262077525,0.980548087299587,0.98465413634218,0.990845251235998,2020-11-01
"susceptible_prop",306,0.956526360699813,0.97427329388669,0.980527779670283,0.984637507083007,0.990835638499708,2020-11-08
"susceptible_prop",307,0.956478041871209,0.974234845431649,0.980506919664956,0.984620265537812,0.990825649312182,2020-11-15
"susceptible_prop",308,0.956426465372564,0.974194581910745,0.98048261080212,0.984601659833939,0.990814849785141,2020-11-22
"susceptible_prop",309,0.956369407752011,0.974151023056758,0.980454697051165,0.984580840401994,0.990802752466937,2020-11-29
"susceptible_prop",310,0.956305561698532,0.974103201144011,0.9804167134618,0.98455725156822,0.990789047328754,2020-12-06
"susceptible_prop",311,0.956232130007783,0.974049218378915,0.980373406370911,0.984529664188776,0.990773092368174,2020-12-13
"susceptible_prop",312,0.956146760027195,0.974000617095822,0.980323641943442,0.984496803782821,0.990754347633124,2020-12-20
"susceptible_prop",313,0.956045761159936,0.973944568064337,0.98026574843277,0.984457739326466,0.990731978707706,2020-12-27
"susceptible_prop",314,0.955925571764901,0.973877145026075,0.980198210632714,0.984411014813197,0.990701702211801,2021-01-03
"susceptible_prop",315,0.95578237201042,0.973799797515364,0.980118834292764,0.984357647969376,0.990668498124843,2021-01-10
"susceptible_prop",316,0.95561092245199,0.973706018891926,0.980025797320765,0.984290162634953,0.990629461087635,2021-01-17
"susceptible_prop",317,0.95540629132638,0.97359399719351,0.979925498419357,0.984205617041262,0.990585132896281,2021-01-24
"susceptible_prop",318,0.9551627779427,0.973460297118996,0.979814942156945,0.984108082569235,0.990529187683276,2021-01-31
"susceptible_prop",319,0.954876072216147,0.973302016877563,0.979679447484464,0.983996169714562,0.990462395149716,2021-02-07
"susceptible_prop",320,0.954541909994879,0.973116226307487,0.979526745090447,0.983864930915088,0.990384719558559,2021-02-14
"susceptible_prop",321,0.954158828869781,0.972901596213423,0.979357139994237,0.983721759677577,0.990296075641941,2021-02-21
"susceptible_prop",322,0.953727325751078,0.972658049480854,0.979171658729885,0.983571643330729,0.990196886394557,2021-02-28
"susceptible_prop",323,0.95324982012309,0.972386830378148,0.978977975071057,0.983409142052091,0.99008804622016,2021-03-07
"susceptible_prop",324,0.952731883693675,0.972091300189715,0.978745882191323,0.983240658305896,0.989971134156469,2021-03-14
"susceptible_prop",325,0.952180129226002,0.971794583786422,0.978507988527221,0.983057978065932,0.989847912455123,2021-03-21
"susceptible_prop",326,0.951605555395868,0.97151399005977,0.978252385057997,0.982905060200571,0.989720772367432,2021-03-28
"susceptible_prop",327,0.951017625028479,0.971246166221916,0.977999074377916,0.982709792839916,0.989591995229924,2021-04-04
"susceptible_prop",328,0.950426775035629,0.970912859571846,0.977782362661298,0.98251205721149,0.989469856172986,2021-04-11
"susceptible_prop",329,0.949843097336623,0.970680641406049,0.977565562203354,0.982353365591398,0.989376188253568,2021-04-18
"susceptible_prop",330,0.949154774776382,0.970355616803714,0.977357305609942,0.982196134609134,0.989284722941768,2021-04-25
"susceptible_prop",331,0.948480471271663,0.970056370868963,0.977159570713721,0.982044100140651,0.989196517416037,2021-05-02
"susceptible_prop",332,0.947834297964983,0.969817139120894,0.97696721287796,0.981897246078825,0.98911260812893,2021-05-09
"susceptible_prop",333,0.947222979571663,0.969595749319146,0.976761013373932,0.981758076229188,0.989033626217228,2021-05-16
"susceptible_prop",334,0.946651118332777,0.969393865384331,0.976599719345957,0.981628656696512,0.988959960415714,2021-05-23
"susceptible_prop",335,0.946123511142467,0.969208658542134,0.976445015989106,0.981503322909174,0.988892212834921,2021-05-30
"susceptible_prop",336,0.945750341661227,0.969039424044864,0.976292638689289,0.981388472623269,0.988830186864752,2021-06-06
"susceptible_prop",337,0.945455018434379,0.968886741464768,0.976155918216285,0.981285284275004,0.988774128488055,2021-06-13
"susceptible_prop",338,0.945188837254479,0.968750338110445,0.97603433513753,0.981193373632365,0.988723956466663,2021-06-20
"susceptible_prop",339,0.944952705665146,0.968629454989642,0.975926998297999,0.981112079358148,0.98867939787019,2021-06-27
"susceptible_prop",340,0.944742613925253,0.968522847536087,0.975837784710423,0.981040468670005,0.988639993361453,2021-07-04
"susceptible_prop",341,0.944557403146673,0.968424358298397,0.975761718159974,0.980978075416181,0.988605543198081,2021-07-11
"susceptible_prop",342,0.944394909478367,0.968320798745983,0.975694883808371,0.98092394297437,0.988575538301171,2021-07-18
"susceptible_prop",343,0.944252895096355,0.968231493942703,0.975638411502614,0.98087847744118,0.988549456684918,2021-07-25
"susceptible_prop",344,0.944130269033675,0.968155541330276,0.975592729579455,0.980847182030634,0.988527021618832,2021-08-01
"susceptible_prop",345,0.944024721170672,0.968091319489794,0.975554657659013,0.980821139498282,0.988507720765355,2021-08-08
"susceptible_prop",346,0.943934252186599,0.968037937136197,0.975521831488694,0.980799518227635,0.988491122779464,2021-08-15
"susceptible_prop",347,0.943857566361919,0.967987695287778,0.97549382715708,0.980781159812352,0.988476957681115,2021-08-22
"susceptible_prop",348,0.943791902861736,0.967947066291031,0.975469601811947,0.980765207794112,0.988464669489779,2021-08-29
"susceptible_prop",349,0.943735893932185,0.967914920299776,0.975448725629035,0.980751852077488,0.988453999346451,2021-09-05
"susceptible_prop",350,0.943688548002753,0.96788865978394,0.975430926355765,0.980740786802529,0.988444772794511,2021-09-12
"susceptible_prop",351,0.943648211145696,0.967866725939492,0.975414448503157,0.980731498336053,0.988436682841313,2021-09-19
"susceptible_prop",352,0.943614433161297,0.967849744942407,0.975399292220749,0.980723895264009,0.988429669638846,2021-09-26
"susceptible_prop",353,0.943584421921939,0.967835141815815,0.975385837170601,0.980717089767669,0.988423190491516,2021-10-03
"susceptible_prop",354,0.943557935966361,0.967822448713843,0.975373990728327,0.980711065581223,0.988417222231987,2021-10-10
"susceptible_prop",355,0.94353349277166,0.967810767907561,0.975363113401479,0.980705378967318,0.988411482403175,2021-10-17
"susceptible_prop",356,0.943510989489045,0.967799999902342,0.975353164311799,0.980700052938213,0.988405967014254,2021-10-24
"susceptible_prop",357,0.943489694569725,0.967789691738616,0.975343826641818,0.980694890789099,0.988400538959502,2021-10-31
"susceptible_prop",358,0.943467869060392,0.967778814725013,0.975334343686266,0.980689347730638,0.988394851374337,2021-11-07
"susceptible_prop",359,0.943445882328453,0.967767534235716,0.975324879176807,0.98068207165467,0.988388988989311,2021-11-14
"susceptible_prop",360,0.943422066934188,0.967754841680563,0.975314709267166,0.980673451574945,0.988382619735637,2021-11-21
"susceptible_prop",361,0.943396008131373,0.967740424852421,0.975303657947324,0.98066389915164,0.988375673534155,2021-11-28
"susceptible_prop",362,0.943366419229373,0.967723454433038,0.975291169924958,0.980652978111691,0.988367910735673,2021-12-05
"susceptible_prop",363,0.943331954664321,0.967703048309833,0.975276664919873,0.980640240871563,0.988359095122586,2021-12-12
"susceptible_prop",364,0.943291675506096,0.967678543978714,0.975259740068217,0.980625395566489,0.988349097114772,2021-12-19
"susceptible_prop",365,0.943243384485099,0.967648566278343,0.975239442825429,0.980607748262029,0.988337560508937,2021-12-26
"susceptible_prop",366,0.943184877249336,0.967611770339308,0.975214816555612,0.980586644575222,0.988324168732157,2022-01-02
"susceptible_prop",367,0.943104473605867,0.967557954589854,0.975177836237344,0.98055508277336,0.988304052748886,2022-01-09
"susceptible_prop",368,0.943004201902249,0.967490189004613,0.975130844863136,0.980515779157535,0.988279484510995,2022-01-16
"susceptible_prop",369,0.942875345309223,0.96742410943484,0.975069653223216,0.980463291257594,0.9882474153071,2022-01-23
"susceptible_prop",370,0.942712672247958,0.967317185412705,0.974988608451826,0.980395602588057,0.988206674451597,2022-01-30
"susceptible_prop",371,0.942510444722443,0.967185009234518,0.974882334890961,0.980310487151796,0.988155647228036,2022-02-06
"susceptible_prop",372,0.942260841971976,0.967030327710454,0.974744685993889,0.980204595476214,0.988092254491767,2022-02-13
"susceptible_prop",373,0.941958738282677,0.966851292323085,0.974590232867792,0.980088856361385,0.988014964566293,2022-02-20
"susceptible_prop",374,0.941599290501305,0.966619051901107,0.974395003129617,0.979936710000651,0.987922297456148,2022-02-27
"susceptible_prop",375,0.941179902465995,0.96634512932361,0.974159982458074,0.979757690378568,0.987813294516535,2022-03-06
"susceptible_prop",376,0.940701862775618,0.96604996142559,0.973890014049048,0.979556831948056,0.98768792251429,2022-03-13
"susceptible_prop",377,0.94016928099169,0.965722432020702,0.973574171642802,0.979303467187182,0.987546930328468,2022-03-20
"susceptible_prop",378,0.939587418941136,0.965366151381249,0.973251495843618,0.979027182741614,0.987391574799638,2022-03-27
"susceptible_prop",379,0.93896859740874,0.964988013834121,0.972930188296622,0.978722235050494,0.987224673870364,2022-04-03
"susceptible_prop",380,0.938325008554915,0.964594299145226,0.972562432381939,0.978462161569027,0.987049215893652,2022-04-10
"susceptible_prop",381,0.937667361656892,0.964192891937295,0.972210038843635,0.978217982294338,0.986869129572731,2022-04-17
"susceptible_prop",382,0.937007712382012,0.963790910961247,0.971824382147596,0.9779729134927,0.986688315211293,2022-04-24
"susceptible_prop",383,0.936358455826282,0.963395654632363,0.971500568154755,0.977731863356948,0.986510844617504,2022-05-01
"susceptible_prop",384,0.935729174994606,0.963012840087154,0.971192956183162,0.977473013519926,0.98634015150766,2022-05-08
"susceptible_prop",385,0.93512854399216,0.962566385627719,0.970867286131303,0.977198769137022,0.986179296828115,2022-05-15
"susceptible_prop",386,0.934562624916055,0.962204701445343,0.970559740960134,0.976900669162692,0.986030497892938,2022-05-22
"susceptible_prop",387,0.934036370987552,0.96189189983415,0.970277564751579,0.976651585864196,0.985895381755782,2022-05-29
"susceptible_prop",388,0.9335523928788,0.961602506680906,0.970013356599415,0.976476576043533,0.985774703060772,2022-06-05
"susceptible_prop",389,0.933112266248953,0.961337092479821,0.969774705196912,0.976320207898463,0.985668648658923,2022-06-12
"susceptible_prop",390,0.932715764774956,0.961095494566418,0.969573556120744,0.976181717907948,0.985576733001787,2022-06-19
"susceptible_prop",391,0.932361676788477,0.960876719132201,0.969390760300353,0.976059700289212,0.985497864127417,2022-06-26
"susceptible_prop",392,0.932050490364378,0.960681427834473,0.969232588411307,0.97595371863268,0.985431381516986,2022-07-03
"susceptible_prop",393,0.931777578143632,0.960508065350173,0.969096754634904,0.97586201332988,0.985375733753644,2022-07-10
"susceptible_prop",394,0.931539645004874,0.960355216205488,0.968980968644399,0.975783003012659,0.985329449180766,2022-07-17
"susceptible_prop",395,0.931333848186636,0.960221670114577,0.968883111985862,0.975715362750906,0.985291232641801,2022-07-24
"susceptible_prop",396,0.931157130247724,0.960105995774111,0.968800999788034,0.975657782166878,0.985259853329496,2022-07-31
"susceptible_prop",397,0.931005580214617,0.960006151524,0.968732137491481,0.975608728513785,0.985234020835467,2022-08-07
"susceptible_prop",398,0.930876837878839,0.959920878837073,0.968674838474266,0.97556728274432,0.985212897860756,2022-08-14
"susceptible_prop",399,0.930768134653771,0.9598516019195,0.96862734757887,0.975532432001912,0.985195668521517,2022-08-21
"susceptible_prop",400,0.930675802597965,0.959792942451009,0.968587616503219,0.975502881987302,0.985181415336817,2022-08-28
"susceptible_prop",401,0.930597054880935,0.959742674218262,0.968554098978937,0.975477673612543,0.985169479538438,2022-09-04
"susceptible_prop",402,0.930529689288208,0.959699506038373,0.968525599183435,0.975456067756942,0.985159377684824,2022-09-11
"susceptible_prop",403,0.930472570643441,0.959662736630698,0.968501470892784,0.975437707595226,0.985150887131268,2022-09-18
"susceptible_prop",404,0.930422962022715,0.959630716889334,0.968480389371741,0.975421669896558,0.985143461779417,2022-09-25
"susceptible_prop",405,0.930378822891028,0.959602191150738,0.968461375258372,0.975407272820703,0.985136712072774,2022-10-02
"susceptible_prop",406,0.930339195866311,0.959576527043629,0.968443954785144,0.975394209667592,0.985130479498244,2022-10-09
"susceptible_prop",407,0.930301999460595,0.95955243722339,0.968427147129881,0.975381767104504,0.985124359751905,2022-10-16
"susceptible_prop",408,0.930268014411768,0.959530292669742,0.968411259000314,0.975370231250747,0.985118549537588,2022-10-23
"susceptible_prop",409,0.930235063740065,0.959508742931115,0.968395237691823,0.975358829686296,0.985112601315939,2022-10-30
"susceptible_prop",410,0.930201611950728,0.959486800271882,0.968378290367424,0.975346999299031,0.985106188554803,2022-11-06
"susceptible_prop",411,0.930167422460475,0.959464214618259,0.968360169112699,0.975334613277692,0.985099242678193,2022-11-13
"susceptible_prop",412,0.930130536658236,0.959439710699768,0.968339786278603,0.975320906111577,0.985091304232322,2022-11-20
"susceptible_prop",413,0.930089025657027,0.959411992207841,0.968315987306845,0.975305080199192,0.985081890981848,2022-11-27
"susceptible_prop",414,0.930041179033285,0.959379835163055,0.968287609363552,0.975286354683386,0.985070530556557,2022-12-04
"susceptible_prop",415,0.929984363766506,0.959341405142214,0.968252929525312,0.975263536700941,0.985056506943341,2022-12-11
"susceptible_prop",416,0.929915630229959,0.959294585169839,0.968209896017383,0.975235199607594,0.985038977046949,2022-12-18
"susceptible_prop",417,0.9298304555066,0.959236220249904,0.968155505997652,0.975199190949718,0.985016686818407,2022-12-25
"susceptible_prop",418,0.929723863729774,0.959162745245661,0.968086254360393,0.975152967505087,0.98498819212549,2023-01-01
"susceptible_prop",419,0.929612499485238,0.959084244902085,0.96801833278356,0.975105762934395,0.984959617614035,2023-01-08
"susceptible_prop",420,0.929476492350265,0.95898774187692,0.967935617320382,0.975047129701854,0.984924596541671,2023-01-15
"susceptible_prop",421,0.92931939603981,0.958875148827247,0.96784269759133,0.974978591596342,0.984884769743889,2023-01-22
"susceptible_prop",422,0.929137991039008,0.95874203190957,0.967741775070526,0.97489696557918,0.984839334385422,2023-01-29
"susceptible_prop",423,0.928929421453466,0.958583116188702,0.967635578624763,0.974803586423453,0.984787704455157,2023-02-05
"susceptible_prop",424,0.928693290096961,0.958404767124008,0.967516182383748,0.974698320680875,0.984729823817391,2023-02-12
"susceptible_prop",425,0.9283766702598,0.958206888724591,0.967374222154855,0.974576231335318,0.984665258201872,2023-02-19
"susceptible_prop",426,0.92794230552036,0.958000510553657,0.967214024916748,0.974437740469724,0.984594102513209,2023-02-26
"susceptible_prop",427,0.927466681858831,0.957769858639128,0.967042841322116,0.974284079940974,0.98451712661162,2023-03-05
"susceptible_prop",428,0.926952628537843,0.957520322746988,0.966861801192756,0.974114096228087,0.984434517869788,2023-03-12
"susceptible_prop",429,0.926406481099329,0.957263664596063,0.966668020304328,0.973932016289656,0.98434705230521,2023-03-19
"susceptible_prop",430,0.925836052320002,0.957010903437335,0.966452578746828,0.973745450530852,0.984255720350168,2023-03-26
"susceptible_prop",431,0.925250207147757,0.956759831062502,0.966232283538978,0.973577965654514,0.984161503188157,2023-04-02
"susceptible_prop",432,0.924657388748012,0.956505346345803,0.966010437679631,0.97340381483276,0.984065698403324,2023-04-09
"susceptible_prop",433,0.924066743729134,0.956261344906998,0.965790484960332,0.973224130759878,0.983969789152543,2023-04-16
"susceptible_prop",434,0.923484351107497,0.955980249268097,0.965574300764773,0.973048140945047,0.983874646652499,2023-04-23
"susceptible_prop",435,0.92291743421097,0.955719175588476,0.965364344523632,0.972877540584306,0.983781524605428,2023-04-30
"susceptible_prop",436,0.92237088035744,0.955474948205315,0.96516213083953,0.972713303693833,0.983691316025404,2023-05-07
"susceptible_prop",437,0.921849791495414,0.955219777152895,0.964969394466443,0.97256231455384,0.983605065083046,2023-05-14
"susceptible_prop",438,0.921356712807835,0.954994952337449,0.96478685080731,0.972426266932496,0.98352335224654,2023-05-21
"susceptible_prop",439,0.920893410819634,0.954764208619993,0.964614987118276,0.972300096754356,0.983446633502242,2023-05-28
"susceptible_prop",440,0.920462172827697,0.954507013325744,0.964454630349027,0.972183706946189,0.98337548130446,2023-06-04
"susceptible_prop",441,0.920062004055142,0.95426990751397,0.964305232903806,0.972076348420649,0.983309766387703,2023-06-11
"susceptible_prop",442,0.919694394177287,0.954053569124484,0.964167435595207,0.971978210814319,0.983249848656626,2023-06-18
"susceptible_prop",443,0.919358044670043,0.953863270999048,0.964040701543463,0.971888586358013,0.983195471409011,2023-06-25
"susceptible_prop",444,0.91905325841047,0.953694386218136,0.963925265120962,0.971807405793031,0.983146680072698,2023-07-02
"susceptible_prop",445,0.918777166052404,0.953544334490484,0.963819995162663,0.971733576988552,0.983102836948436,2023-07-09
"susceptible_prop",446,0.918530291407356,0.953419941310265,0.963725311438556,0.971667270020669,0.983064000061751,2023-07-16
"susceptible_prop",447,0.918310298826555,0.953310166388615,0.96364038987538,0.971607736674627,0.983029635459905,2023-07-23
"susceptible_prop",448,0.918115516965439,0.953213660211098,0.963564721295824,0.971554528000704,0.982999361543975,2023-07-30
"susceptible_prop",449,0.917944050553823,0.953129112047406,0.963497704866201,0.971507173119305,0.982972772605438,2023-08-06
"susceptible_prop",450,0.917794182745637,0.953055456742349,0.9634388164359,0.971465303780424,0.982949526426628,2023-08-13
"susceptible_prop",451,0.917663454713092,0.952991319692508,0.963390467581599,0.971426236302015,0.982929153405864,2023-08-20
"susceptible_prop",452,0.917550159775712,0.952935838412298,0.963348902957699,0.971389850884822,0.982911363070523,2023-08-27
"susceptible_prop",453,0.917451159022651,0.952887385487565,0.963312066004156,0.971357268898047,0.982895585663654,2023-09-03
"susceptible_prop",454,0.91736541658112,0.952845560718864,0.96327982700742,0.971328471213826,0.982881698120674,2023-09-10
"susceptible_prop",455,0.917291019818973,0.952809470709599,0.963251622416292,0.971303080000073,0.982869400020569,2023-09-17
"susceptible_prop",456,0.917225208957975,0.952777732910663,0.963226469696044,0.971285977514897,0.982858214201992,2023-09-24
"susceptible_prop",457,0.917166789632644,0.952749844964494,0.963204043486427,0.971271601194656,0.9828479821029,2023-10-01
"susceptible_prop",458,0.917113504496685,0.952724683133212,0.963183513972426,0.971258648997784,0.982838316641967,2023-10-08
"susceptible_prop",459,0.91706379798588,0.952701510621897,0.963164337816899,0.971246695467965,0.982828966265922,2023-10-15
"susceptible_prop",460,0.917017826913549,0.952680557823747,0.963146714242383,0.971235903434435,0.982820023997294,2023-10-22
"susceptible_prop",461,0.916972885314848,0.952660418887456,0.963129560527044,0.971225441323114,0.982810981090122,2023-10-29
"susceptible_prop",462,0.916928232635827,0.952640811324309,0.963112663697031,0.971215160627204,0.982801728281789,2023-11-05
"susceptible_prop",463,0.91688371415006,0.952621795650559,0.963096075292827,0.971205121738295,0.982792272602243,2023-11-12
"susceptible_prop",464,0.916836703330965,0.952602038813343,0.963078761648973,0.971194539289867,0.982782107467716,2023-11-19
"susceptible_prop",465,0.916785736119164,0.952580891511335,0.963064072178791,0.971183046207021,0.982770968921296,2023-11-26
"susceptible_prop",466,0.916729403647707,0.952557760955952,0.963049508489294,0.971169564083604,0.982758611083938,2023-12-03
"susceptible_prop",467,0.916665478328442,0.952531614355283,0.963033346666146,0.97115221152097,0.982744630654339,2023-12-10
"susceptible_prop",468,0.916593173322636,0.952502263004329,0.963015775576329,0.971132609042309,0.982728940752976,2023-12-17
"susceptible_prop",469,0.916509251392616,0.952468136721342,0.962996014075006,0.97110981661138,0.98271097122447,2023-12-24
"susceptible_prop",470,0.91640977928413,0.952427265806447,0.962973103526264,0.971082679443862,0.982690036774514,2023-12-31
"susceptible_prop",471,0.916292436265024,0.952378566808334,0.962946934435792,0.971050624549298,0.982665817294902,2024-01-07
"susceptible_prop",472,0.916141248889214,0.952316050634273,0.962905803987466,0.971007783227504,0.982633316018554,2024-01-14
"susceptible_prop",473,0.915959526620752,0.95224004831678,0.962856107680278,0.970955959720917,0.982594664111346,2024-01-21
"susceptible_prop",474,0.915736293965731,0.952145699534383,0.962790760074003,0.970889849866654,0.982546842183729,2024-01-28
"susceptible_prop",475,0.915467112309969,0.952030536443481,0.96270820470627,0.970805555019142,0.982488954651412,2024-02-04
"susceptible_prop",476,0.915147373922404,0.951891894908596,0.962605783339541,0.970704472758312,0.982419837644812,2024-02-11
"susceptible_prop",477,0.914771247714217,0.951700615799516,0.96248004610889,0.970584394967435,0.982337995545041,2024-02-18
"susceptible_prop",478,0.91433942862977,0.951448559973289,0.962330200005172,0.970445304338168,0.982243229113507,2024-02-25
"susceptible_prop",479,0.913851369090147,0.951204161032731,0.962154720392397,0.970286694378711,0.982135026745831,2024-03-03
"susceptible_prop",480,0.913311627949329,0.950927751341516,0.961954326036673,0.970109807482012,0.982013936745904,2024-03-10
"susceptible_prop",481,0.912727656936292,0.950568146385697,0.961731162182608,0.969913903821959,0.981881176800736,2024-03-17
"susceptible_prop",482,0.912111212096648,0.95018613847816,0.9614890768949,0.969696829111584,0.981738773372231,2024-03-24
"susceptible_prop",483,0.911472802384826,0.949789584887836,0.961232568661927,0.969469299603415,0.981589085868168,2024-03-31
"susceptible_prop",484,0.910826799639049,0.94941582615326,0.96096811635117,0.969228094255565,0.981435466376185,2024-04-07
"susceptible_prop",485,0.910186462620325,0.949060919346233,0.960655309480752,0.968981904338295,0.981281212732662,2024-04-14
"susceptible_prop",486,0.909563513564353,0.948717713230321,0.960313255884311,0.968744764433954,0.981129504280243,2024-04-21
"susceptible_prop",487,0.908968980980767,0.948360638882324,0.95998184318897,0.968497978073829,0.980983494406708,2024-04-28
"susceptible_prop",488,0.908410764310758,0.94806749596962,0.959667736048207,0.968265807385048,0.980845701301141,2024-05-05
"susceptible_prop",489,0.907896455287069,0.947820716485357,0.959376999117845,0.968076867207212,0.980718498558497,2024-05-12
"susceptible_prop",490,0.90742798669211,0.947592305636615,0.959112549863387,0.967925874686729,0.980602916048182,2024-05-19
"susceptible_prop",491,0.907006881935272,0.947313645570608,0.958891256766655,0.967777319422725,0.980499688827352,2024-05-26
"susceptible_prop",492,0.90663297575972,0.947066417176142,0.958726890247377,0.967646331396647,0.980408974888535,2024-06-02
"susceptible_prop",493,0.90630688255618,0.946851245461105,0.95858234037721,0.967532995511077,0.980330888719036,2024-06-09
"susceptible_prop",494,0.906024561634913,0.946665804839489,0.958456129495675,0.967435709008468,0.980264398657027,2024-06-16
"susceptible_prop",495,0.905783827087945,0.946508572938217,0.958347593286687,0.967353472741689,0.980208743420141,2024-06-23
"susceptible_prop",496,0.905579953611289,0.946376410732446,0.958254920734718,0.96728440175727,0.98016256267304,2024-06-30
"susceptible_prop",497,0.905410004662086,0.94626709330375,0.958177054417026,0.967227251272311,0.980124854010255,2024-07-07
"susceptible_prop",498,0.905269808607966,0.946177658408312,0.958112345872149,0.967180386905396,0.980094375609679,2024-07-14
"susceptible_prop",499,0.90515547908603,0.946105321653063,0.958059224579235,0.96714232039659,0.980069991050861,2024-07-21
"susceptible_prop",500,0.905064334332017,0.946048034937613,0.958016605586441,0.967112029295329,0.980050875843712,2024-07-28
"susceptible_prop",501,0.904990408276773,0.946001955865521,0.957981908735825,0.967087397212076,0.980035577276898,2024-08-04
"susceptible_prop",502,0.904932136467595,0.945965823019808,0.957954464228722,0.967067867928051,0.980023625076318,2024-08-11
"susceptible_prop",503,0.904887004467538,0.945937912479804,0.95793315410959,0.967052581689511,0.980014398098881,2024-08-18
"susceptible_prop",504,0.904853115085836,0.945916920076224,0.957917113628517,0.967040908395811,0.980007442895382,2024-08-25
"susceptible_prop",505,0.904827934913229,0.945901237531876,0.957905184603211,0.967032005071302,0.98000219966379,2024-09-01
"susceptible_prop",506,0.904810635912212,0.94589027142108,0.957896957600752,0.967025620549188,0.979998484859831,2024-09-08
"susceptible_prop",507,0.904799346447055,0.945882869377161,0.957891560981854,0.967021138753111,0.979995906018594,2024-09-15
"susceptible_prop",508,0.904792531407701,0.945878094943364,0.957888274508973,0.967018053981556,0.979994146085121,2024-09-22
"susceptible_prop",509,0.904788614447398,0.945875005002649,0.957886363893341,0.967015838542066,0.979992880073891,2024-09-29
"susceptible_prop",510,0.904786908564355,0.945873172614983,0.957885492739402,0.967014264431703,0.979991967967283,2024-10-06
"susceptible_prop",511,0.904785939453048,0.94587172906712,0.957884980274003,0.967012822162801,0.979991100659189,2024-10-13
"susceptible_prop",512,0.904786919374226,0.945871334870255,0.957885336483771,0.967011923966846,0.979990528777083,2024-10-20
"susceptible_prop",513,0.904788748783018,0.945871334964704,0.957886049218707,0.967011171499607,0.979990011335042,2024-10-27
"susceptible_prop",514,0.904789861183803,0.94587080435866,0.95788639753691,0.96700999378578,0.979989202391153,2024-11-03
"susceptible_prop",515,0.904792138840896,0.945870771070068,0.957887180282005,0.967009002134273,0.979988472851597,2024-11-10
"susceptible_prop",516,0.904793804160434,0.945870170947485,0.957887567262732,0.967007524167316,0.979987414859667,2024-11-17
"susceptible_prop",517,0.904793695142616,0.94586827368512,0.957886984252495,0.967005081152404,0.979985738318678,2024-11-24
"susceptible_prop",518,0.904791795165307,0.945864978243403,0.95788533904201,0.967001566225748,0.979983379723603,2024-12-01
"susceptible_prop",519,0.904788312587204,0.945860282224107,0.957882603143486,0.966996918495453,0.979980305569408,2024-12-08
"susceptible_prop",520,0.90478182984249,0.945853220269064,0.957877978311725,0.966990472850838,0.979976119455165,2024-12-15
"susceptible_prop",521,0.904772233920634,0.945843519562483,0.957871174360922,0.966981965808047,0.979970674159783,2024-12-22
"susceptible_prop",522,0.904756343548648,0.945829100954509,0.957860453003909,0.966970008868116,0.979963147759843,2024-12-29
"susceptible_prop",523,0.904734808857256,0.945812175304223,0.957845158963732,0.966954471356855,0.979953491181118,2025-01-05
"susceptible_prop",524,0.90471474842021,0.945798874475373,0.957830470379255,0.966942307421969,0.97994638179764,2025-01-12
"susceptible_prop",525,0.904688868858966,0.945782221251457,0.957811989255569,0.966927517290978,0.979937887665206,2025-01-19
"susceptible_prop",526,0.904659652783502,0.945764761821248,0.95779217858587,0.96691230505333,0.97992943778706,2025-01-26
"susceptible_prop",527,0.904626529139188,0.945746183376889,0.957770690583731,0.96689642273989,0.979920889835329,2025-02-02
"susceptible_prop",528,0.904589941129664,0.945726794948411,0.957747803215753,0.96688007087989,0.979912345077656,2025-02-09
"susceptible_prop",529,0.904549904142608,0.945706673047131,0.95772369252162,0.966863351110759,0.979903838942442,2025-02-16
"susceptible_prop",530,0.904507062919818,0.945686169019655,0.957698788563259,0.966846521635751,0.979895487483011,2025-02-23
"susceptible_prop",531,0.904461720273645,0.945665380218727,0.957673369004112,0.966829689269127,0.97988730358263,2025-03-02
"susceptible_prop",532,0.904413836658123,0.945644152568708,0.957647537612077,0.966812805518079,0.979879200115703,2025-03-09
"susceptible_prop",533,0.904366555616655,0.945624094553151,0.957622770610376,0.966796891763218,0.979871737316214,2025-03-16
"susceptible_prop",534,0.904318146829163,0.945604013318765,0.957598339353771,0.966781250573489,0.97986443699842,2025-03-23
"susceptible_prop",535,0.904270380663395,0.945584693893401,0.957575017559929,0.966766381614094,0.979857554198616,2025-03-30
"susceptible_prop",536,0.904223386503607,0.945565993441672,0.957552807169172,0.966752206869518,0.979851003962117,2025-04-06
"susceptible_prop",537,0.904186812258452,0.945547624540434,0.95753154635036,0.966738549279346,0.979844652707895,2025-04-13
"susceptible_prop",538,0.904155718388433,0.94553072532839,0.957512023075272,0.966726003120628,0.979838845506336,2025-04-20
"susceptible_prop",539,0.904125926985846,0.945515086891203,0.957493591307505,0.966714062634892,0.979833271008319,2025-04-27
"susceptible_prop",540,0.904098696996812,0.945500670045503,0.957476761593168,0.966703145083745,0.979828185497598,2025-05-04
"susceptible_prop",541,0.904073248154722,0.945487045760172,0.957461132149152,0.966692964622267,0.979823425608473,2025-05-11
"susceptible_prop",542,0.904048763354953,0.945473767230411,0.957446281796099,0.9666832261153,0.979818826626117,2025-05-18
"susceptible_prop",543,0.904026668954769,0.945461663119972,0.957432785351224,0.966674415490244,0.97981469926235,2025-05-25
"susceptible_prop",544,0.904006411296788,0.945450435489798,0.957420343413335,0.966666331839009,0.979810938793258,2025-06-01
"susceptible_prop",545,0.903987937126298,0.945440067884333,0.957408884286304,0.966658947400215,0.979807544559349,2025-06-08
"susceptible_prop",546,0.90397088370576,0.945430364248463,0.957398206040242,0.966652125360787,0.979804447902082,2025-06-15
"susceptible_prop",547,0.903955282534822,0.945421348512677,0.957388289513664,0.966645487143556,0.979801658925748,2025-06-22
"susceptible_prop",548,0.903940837707579,0.945412854751596,0.957378978660725,0.966639021011412,0.979799114052499,2025-06-29
"susceptible_prop",549,0.90392817724501,0.945405239018079,0.957370535890167,0.966633352567135,0.979796939083818,2025-07-06
"susceptible_prop",550,0.903916494917317,0.945398040459699,0.957363487760807,0.96662817269949,0.979794953812667,2025-07-13
"susceptible_prop",551,0.903906255643973,0.945391520189169,0.95735835808809,0.966623610816682,0.979793242006706,2025-07-20
"susceptible_prop",552,0.903898124770995,0.945386054427544,0.957354070113009,0.966619864907492,0.979791927742182,2025-07-27
"susceptible_prop",553,0.903891386073909,0.945381236874005,0.957350294452708,0.966616654132253,0.979790844471418,2025-08-03
"susceptible_prop",554,0.903886465366199,0.945377313833195,0.957347213346432,0.966614097368618,0.979790067374154,2025-08-10
"susceptible_prop",555,0.903883099805404,0.945374144227892,0.957344708992125,0.966612078962183,0.979789529833597,2025-08-17
"susceptible_prop",556,0.903882007770298,0.945372148320356,0.957343104612597,0.966610829791689,0.979789375510384,2025-08-24
"susceptible_prop",557,0.903881960046985,0.94537064225511,0.957341863992661,0.966609910184621,0.979789342890322,2025-08-31
"susceptible_prop",558,0.903884023229883,0.945370248427412,0.957341473461891,0.966609683595455,0.979789657366304,2025-09-07
"susceptible_prop",559,0.903888494430012,0.945371898655269,0.957342080010198,0.966610250899034,0.979790386110169,2025-09-14
"susceptible_prop",560,0.903894456111982,0.945374351160864,0.957343292091821,0.966611294487763,0.979791343592975,2025-09-21
"susceptible_prop",561,0.903900888916338,0.945376983858256,0.957344672134525,0.966612463561712,0.979792324627216,2025-09-28
"susceptible_prop",562,0.903907498797309,0.94537963702388,0.957346102682001,0.966613660347272,0.979793277435079,2025-10-05
"susceptible_prop",563,0.903915148104298,0.945382807972118,0.957347977217384,0.966615189005769,0.97979439364329,2025-10-12
"susceptible_prop",564,0.903923093690359,0.945386080407918,0.957349974025255,0.966616697898651,0.979795527074862,2025-10-19
"susceptible_prop",565,0.903931476494684,0.945389539177412,0.957352161474141,0.96661824595215,0.97979671710149,2025-10-26
"susceptible_prop",566,0.90394024939789,0.94539316080537,0.957354522556004,0.966619924294359,0.979797963249076,2025-11-02
"susceptible_prop",567,0.903949376907556,0.945396927258136,0.957357044176192,0.966621722083759,0.979799267442471,2025-11-09
"susceptible_prop",568,0.903958795076413,0.945400803651497,0.957359700137508,0.966623618396734,0.979800625971805,2025-11-16
"susceptible_prop",569,0.903968764943755,0.945404939864839,0.957362608921532,0.966625705731605,0.979802104314053,2025-11-23
"susceptible_prop",570,0.903978108562322,0.945408668506475,0.957365251377473,0.966627577669717,0.979803466632388,2025-11-30
"susceptible_prop",571,0.903987203754726,0.945412208362547,0.957367801253413,0.966629370366921,0.979804806118049,2025-12-07
"susceptible_prop",572,0.9039950854614,0.945415017308812,0.957369838957649,0.966630755775149,0.979805935648062,2025-12-14
"susceptible_prop",573,0.904003403668732,0.945418043356368,0.957372109606823,0.966632317795506,0.979807220393896,2025-12-21
"immune_prop",1,0,0,0,0,0,2015-01-04
"immune_prop",2,6.92298451373647e-08,6.92298451373647e-08,6.92298451373647e-08,6.92298451373647e-08,6.92298451373647e-08,2015-01-11
"immune_prop",3,1.51900678449976e-07,1.54196775842417e-07,1.55354333247512e-07,1.5657440934712e-07,1.59344975126358e-07,2015-01-18
"immune_prop",4,2.76640153696528e-07,2.89433508613707e-07,2.95843971290586e-07,3.02736445295967e-07,3.18490681133864e-07,2015-01-25
"immune_prop",5,4.42860032366921e-07,4.76504923207118e-07,4.94480952925991e-07,5.13781773043116e-07,5.58775672163463e-07,2015-02-01
"immune_prop",6,6.54440232884219e-07,7.26365157247104e-07,7.63058081945247e-07,8.0687700758065e-07,9.10935748055141e-07,2015-02-08
"immune_prop",7,9.1561710853131e-07,1.04778597629727e-06,1.11732273940321e-06,1.20266317052442e-06,1.40978316152158e-06,2015-02-15
"immune_prop",8,1.22942065729274e-06,1.45169735194626e-06,1.56968918540493e-06,1.71849179296916e-06,2.09534746921643e-06,2015-02-22
"immune_prop",9,1.59829454182473e-06,1.94380630417334e-06,2.12821109164828e-06,2.36896073459977e-06,3.0114261958926e-06,2015-03-01
"immune_prop",10,2.02389116887315e-06,2.52562840635812e-06,2.80772512486531e-06,3.18038098923337e-06,4.20238799114126e-06,2015-03-08
"immune_prop",11,2.50706512492207e-06,3.20201097541629e-06,3.61578385615409e-06,4.16416077263877e-06,5.71723610134232e-06,2015-03-15
"immune_prop",12,3.04797800300078e-06,3.98129529869867e-06,4.5538974009301e-06,5.32546955105615e-06,7.67782665730612e-06,2015-03-22
"immune_prop",13,3.64616870311119e-06,4.85847835082219e-06,5.62665280804793e-06,6.6622706937798e-06,1.00678975500727e-05,2015-03-29
"immune_prop",14,4.30076920412592e-06,5.8303377464611e-06,6.82839427689433e-06,8.19592769211458e-06,1.26563249874919e-05,2015-04-05
"immune_prop",15,5.01057404296474e-06,6.86862115965956e-06,8.18065558349262e-06,9.88456155336061e-06,1.55831244775812e-05,2015-04-12
"immune_prop",16,5.73121164804183e-06,7.98843576999888e-06,9.6580176031164e-06,1.18015280790765e-05,1.88291531073509e-05,2015-04-19
"immune_prop",17,6.48918356811925e-06,9.18740951259579e-06,1.12245769243338e-05,1.38225474823238e-05,2.25112212527693e-05,2015-04-26
"immune_prop",18,7.28491581095152e-06,1.04643256562158e-05,1.28929876100504e-05,1.60343012974366e-05,2.66317729058633e-05,2015-05-03
"immune_prop",19,8.11795440613767e-06,1.18280305841927e-05,1.46543871214527e-05,1.8402404063201e-05,3.08458750783646e-05,2015-05-10
"immune_prop",20,8.9887155722833e-06,1.32527354602603e-05,1.6520325880563e-05,2.07943962192194e-05,3.56143324330179e-05,2015-05-17
"immune_prop",21,9.89810383343254e-06,1.47730984223845e-05,1.85121390150381e-05,2.34002605303266e-05,4.0625853361305e-05,2015-05-24
"immune_prop",22,1.08955579822529e-05,1.63173210511126e-05,2.06796447069628e-05,2.61751476312342e-05,4.57620006530002e-05,2015-05-31
"immune_prop",23,1.19553705614616e-05,1.78294575318519e-05,2.27913213347084e-05,2.90430798941786e-05,5.09524568329296e-05,2015-06-07
"immune_prop",24,1.29158024260207e-05,1.94529312483222e-05,2.49570214173016e-05,3.18670024414701e-05,5.61345244648973e-05,2015-06-14
"immune_prop",25,1.40474024162553e-05,2.11183581502265e-05,2.72315318465432e-05,3.49396216862185e-05,6.14189943102291e-05,2015-06-21
"immune_prop",26,1.51968982384966e-05,2.28428203572435e-05,2.94797808370991e-05,3.8048690880491e-05,6.70275172777765e-05,2015-06-28
"immune_prop",27,1.62678222549231e-05,2.45403400249995e-05,3.18599419111962e-05,4.08658428534544e-05,7.26194834765087e-05,2015-07-05
"immune_prop",28,1.7401309653824e-05,2.63875363138618e-05,3.42331110115133e-05,4.37778771582403e-05,7.78692573887151e-05,2015-07-12
"immune_prop",29,1.87737174424214e-05,2.81401644212283e-05,3.66289561417759e-05,4.69497284946888e-05,8.25548489204262e-05,2015-07-19
"immune_prop",30,2.0114061107689e-05,3.00969850602473e-05,3.90471184465568e-05,4.98016274481938e-05,8.70837619577265e-05,2015-07-26
"immune_prop",31,2.13332307557023e-05,3.19952250374304e-05,4.13770379399907e-05,5.25690797313241e-05,9.15094608682851e-05,2015-08-02
"immune_prop",32,2.24019072079274e-05,3.3854106578223e-05,4.3457055955479e-05,5.53006490187115e-05,9.63580965697979e-05,2015-08-09
"immune_prop",33,2.34531417842548e-05,3.56533022728007e-05,4.55941295082933e-05,5.8298839104897e-05,0.000101051632188546,2015-08-16
"immune_prop",34,2.4543849985198e-05,3.75036414563304e-05,4.75559842386582e-05,6.1001087820491e-05,0.000105582990727513,2015-08-23
"immune_prop",35,2.5729283014476e-05,3.92581751822417e-05,4.96759847361909e-05,6.3358338552007e-05,0.000109963782402308,2015-08-30
"immune_prop",36,2.69062744819659e-05,4.09598071671549e-05,5.18905632003249e-05,6.58283686904403e-05,0.000114052677213935,2015-09-06
"immune_prop",37,2.82403359761824e-05,4.25554184293238e-05,5.41458286867214e-05,6.84103886999516e-05,0.000117132110925989,2015-09-13
"immune_prop",38,2.95988611894969e-05,4.41732375065847e-05,5.6335483168066e-05,7.08932745990685e-05,0.000121132542444657,2015-09-20
"immune_prop",39,3.06398117748301e-05,4.57258737456351e-05,5.82903938913964e-05,7.31252556193788e-05,0.000124449935501425,2015-09-27
"immune_prop",40,3.16158152305793e-05,4.73169660401014e-05,6.07306597248636e-05,7.53645213288734e-05,0.000127372143059473,2015-10-04
"immune_prop",41,3.26433981782321e-05,4.88748344306905e-05,6.31074701352218e-05,7.77422009840639e-05,0.000130314372975378,2015-10-11
"immune_prop",42,3.38201056426796e-05,5.05557951128556e-05,6.537245737223e-05,8.03827415983298e-05,0.000133459033098576,2015-10-18
"immune_prop",43,3.50387123590245e-05,5.24297519900538e-05,6.76362285192082e-05,8.342649156742e-05,0.000137447895628257,2015-10-25
"immune_prop",44,3.63162945401068e-05,5.45627477919966e-05,7.021636142015e-05,8.6495888299131e-05,0.000141916455153002,2015-11-01
"immune_prop",45,3.76750832505604e-05,5.68645469691392e-05,7.30160836676767e-05,9.0418024817638e-05,0.000149764619550046,2015-11-08
"immune_prop",46,3.91419467918092e-05,5.94432921605263e-05,7.62137359304597e-05,9.48174527528937e-05,0.000155371486691313,2015-11-15
"immune_prop",47,4.07487762223114e-05,6.22333261787587e-05,8.0187035838834e-05,9.98042815874952e-05,0.00016155338814452,2015-11-22
"immune_prop",48,4.25350815132809e-05,6.5509511700964e-05,8.46566542316741e-05,0.000105845133848265,0.000169747417722559,2015-11-29
"immune_prop",49,4.45454307664228e-05,6.94180392603649e-05,8.9991470499098e-05,0.000112681498522216,0.000181242259511927,2015-12-06
"immune_prop",50,4.68391243150626e-05,7.38976528973983e-05,9.67032897965436e-05,0.000121127132102625,0.00019601172073002,2015-12-13
"immune_prop",51,4.97112408021617e-05,7.90011202028633e-05,0.000104241625437283,0.000130487706824627,0.000215333021020416,2015-12-20
"immune_prop",52,5.30202236673794e-05,8.51205191722105e-05,0.000113552828355782,0.000143428170533283,0.000240989502169536,2015-12-27
"immune_prop",53,5.67415803849915e-05,9.2548493836147e-05,0.000125267411857797,0.000160956201283829,0.000275527737258866,2016-01-03
"immune_prop",54,6.21403882060565e-05,0.000103868146312622,0.000140442373695817,0.000183635965537407,0.000313811586756801,2016-01-10
"immune_prop",55,6.88492019948664e-05,0.000118982822401787,0.000160601229443079,0.0002126229956539,0.000366726894802223,2016-01-17
"immune_prop",56,7.86208201661153e-05,0.000138628043276799,0.000187389857376755,0.000249111682548689,0.000439125480296003,2016-01-24
"immune_prop",57,9.16542787474298e-05,0.000162419371410085,0.000221501037126671,0.000293794612274347,0.000530698467854519,2016-01-31
"immune_prop",58,0.000108886804448996,0.000194649544098218,0.000265565934077925,0.000351640755354161,0.000645155735281787,2016-02-07
"immune_prop",59,0.000130763478362011,0.000235515448559531,0.000318296176273188,0.00042290742328227,0.000785839773517712,2016-02-14
"immune_prop",60,0.000158706088775583,0.000287228146819848,0.000385646943372079,0.000518582987676341,0.000956077556220673,2016-02-21
"immune_prop",61,0.00018989605829476,0.000350966132462509,0.000470756382989297,0.000626587902082273,0.0011580137946223,2016-02-28
"immune_prop",62,0.000229864046447888,0.000426474461799922,0.000568802602974221,0.000757959832488919,0.00139249120611435,2016-03-06
"immune_prop",63,0.000280183267381313,0.000515683373596403,0.00068070416872067,0.000903821963791522,0.00165899306361225,2016-03-13
"immune_prop",64,0.000338122287301277,0.000620858006785004,0.000813716472752305,0.00107350584731891,0.00195450877290295,2016-03-20
"immune_prop",65,0.00040662631083005,0.000739309691391399,0.000958183857287193,0.00126387810901945,0.00227621487682323,2016-03-27
"immune_prop",66,0.000484164354551321,0.00087066026836815,0.00111211613415869,0.00146963927101455,0.00262303469970683,2016-04-03
"immune_prop",67,0.00055597940950357,0.00100952765173607,0.00127292592713076,0.00167961583346548,0.00298485017861064,2016-04-10
"immune_prop",68,0.000629730296932624,0.00115131349288603,0.00144049292245291,0.00189594962988284,0.00335336303029851,2016-04-17
"immune_prop",69,0.000703696718967738,0.00129585982286275,0.00161256174663137,0.00211614918680633,0.00372188864459011,2016-04-24
"immune_prop",70,0.00077621349708239,0.00143880395488549,0.00178929856192041,0.00234607452693002,0.00408337775754374,2016-05-01
"immune_prop",71,0.000845835525136833,0.00157792081072525,0.00196045641071531,0.00256975809041401,0.0044319281726264,2016-05-08
"immune_prop",72,0.000911396091502642,0.00171494383290341,0.00211923752113111,0.00277647295172394,0.00476292795532232,2016-05-15
"immune_prop",73,0.000972043191748996,0.00183084787436167,0.00226320467973796,0.00297373746515612,0.00507311305360649,2016-05-22
"immune_prop",74,0.00102723923468154,0.00194120360201743,0.00239841182959655,0.00315787928798956,0.00536105560215288,2016-05-29
"immune_prop",75,0.00107671921916256,0.00204341273772208,0.00253217913064258,0.00332867331892192,0.00564741221235526,2016-06-05
"immune_prop",76,0.0011205075829845,0.00213666374950538,0.00265319808524901,0.00348732810516382,0.00595332808262116,2016-06-12
"immune_prop",77,0.00115881176915361,0.00222250062865208,0.00275629078542806,0.00362469641502378,0.00620266807676558,2016-06-19
"immune_prop",78,0.00119195750086186,0.00229324477734612,0.00285231411370235,0.00375649805695348,0.00642010386655105,2016-06-26
"immune_prop",79,0.00122035391519325,0.00236222394662154,0.00293014102059934,0.00386842064018365,0.00660956441730635,2016-07-03
"immune_prop",80,0.00124453688522349,0.00241521400895713,0.00300735524568478,0.00396785281720671,0.00677350386266232,2016-07-10
"immune_prop",81,0.00126499405364253,0.00246425540839798,0.00307556576065641,0.00404818604574085,0.00691431669226271,2016-07-17
"immune_prop",82,0.00128222763477689,0.00250895820229983,0.00313505173234545,0.00412003836210962,0.00703463851378693,2016-07-24
"immune_prop",83,0.00129698889283067,0.00254170895410652,0.00318144339101811,0.00417912978727507,0.00713600511642228,2016-07-31
"immune_prop",84,0.00131004324571282,0.0025696071791689,0.00321723821653542,0.00422881041420251,0.00722207501198659,2016-08-07
"immune_prop",85,0.00132120045910499,0.002592380248695,0.003247823906994,0.00427540002757669,0.00729514689900807,2016-08-14
"immune_prop",86,0.00133081301462856,0.00261103323421487,0.00327680802515922,0.00432164864219411,0.00735745061535885,2016-08-21
"immune_prop",87,0.00133916519416363,0.00262687107684065,0.00330407853031299,0.00436186050359324,0.00741108225580241,2016-08-28
"immune_prop",88,0.00134654698712906,0.00264040301768702,0.00332991081478291,0.0043878164278136,0.00747397235610483,2016-09-04
"immune_prop",89,0.00135312012036673,0.00265208634367047,0.0033525615031341,0.00441002004938249,0.00752879428272425,2016-09-11
"immune_prop",90,0.0013590601792132,0.00266311112096526,0.00337263890399016,0.00442897743782099,0.00757682568998954,2016-09-18
"immune_prop",91,0.00136454145839992,0.00267312316475852,0.00339071199294449,0.00444661454545293,0.0076193171763414,2016-09-25
"immune_prop",92,0.00136995248121162,0.0026832040667421,0.00340736180174834,0.00446471729105015,0.00765757936115034,2016-10-02
"immune_prop",93,0.00137501757132549,0.00269409163244526,0.00342299287275879,0.00448161227076449,0.00769253471033567,2016-10-09
"immune_prop",94,0.00137988787902799,0.00270498583627795,0.00343808261360428,0.00449782153519981,0.007725258083467,2016-10-16
"immune_prop",95,0.00138511333785436,0.00271379418329909,0.00345298471441116,0.00451370490078181,0.00775651907523579,2016-10-23
"immune_prop",96,0.00139068549114893,0.0027222587027653,0.0034681800138169,0.00452978460156544,0.00778733221788871,2016-10-30
"immune_prop",97,0.00139682257861097,0.00273131769045245,0.00348413962231944,0.00454656210830611,0.00781863670110135,2016-11-06
"immune_prop",98,0.00140379360234938,0.00274130484024229,0.00349887852997841,0.00456323133832442,0.00785140858115189,2016-11-13
"immune_prop",99,0.00141199040399633,0.00275270589062068,0.00351495984219697,0.00458079463889304,0.00788696689821405,2016-11-20
"immune_prop",100,0.00142191432648263,0.0027660905344114,0.00353350111822388,0.00460114425338226,0.00792675154537918,2016-11-27
"immune_prop",101,0.00143425908166843,0.00278144255006877,0.00355547185378858,0.00462541765250296,0.00797256545283509,2016-12-04
"immune_prop",102,0.00145001253155078,0.00280069821885082,0.00358079086619192,0.00465688176995881,0.00802681605482221,2016-12-11
"immune_prop",103,0.00147061457951007,0.00282940427425592,0.00360980846305433,0.00470007875390209,0.00809266416932492,2016-12-18
"immune_prop",104,0.00149808969624049,0.00286127306402121,0.00364643130399386,0.00475179941159563,0.00817431504718634,2016-12-25
"immune_prop",105,0.00153509263460719,0.00289955294574703,0.00369304582937616,0.00481472156092304,0.00827702846590852,2017-01-01
"immune_prop",106,0.00156707920467916,0.00293562051199401,0.00374031788199442,0.0048764989457181,0.0083846596659142,2017-01-08
"immune_prop",107,0.00160701417618645,0.00298047161221399,0.00380279408434894,0.00495689052728708,0.00851693533733288,2017-01-15
"immune_prop",108,0.0016504175701229,0.0030357369797056,0.0038692175082875,0.00504648017637084,0.00868284369814501,2017-01-22
"immune_prop",109,0.00169839801301459,0.00310007711668471,0.00394834545663044,0.00514762297157262,0.00887691920956202,2017-01-29
"immune_prop",110,0.00175106111752913,0.0031760053903259,0.00403303515929925,0.00526215674894753,0.00907264494757549,2017-02-05
"immune_prop",111,0.0018081320027263,0.00326193194415198,0.00412986838639354,0.00540141386127348,0.00930336861132871,2017-02-12
"immune_prop",112,0.00186921322480784,0.00336086499437786,0.00424394206818064,0.00553972652870452,0.00957063367047456,2017-02-19
"immune_prop",113,0.00191211673349655,0.00346064675862082,0.00436237082145887,0.00570008792756527,0.0098431711621673,2017-02-26
"immune_prop",114,0.00195228019243593,0.00356657961745463,0.00449862036947205,0.00586065710001268,0.0101180279659853,2017-03-05
"immune_prop",115,0.00199281966825175,0.0036822174423126,0.00464094162162286,0.0060414962280657,0.0104298058397937,2017-03-12
"immune_prop",116,0.00205731532178464,0.00380938315626996,0.0047938625298175,0.00623142522909493,0.0107485624336249,2017-03-19
"immune_prop",117,0.00212765883093568,0.00394472517279783,0.0049436135565855,0.00642727232029186,0.0110679223909975,2017-03-26
"immune_prop",118,0.00219707164358999,0.00405867150494548,0.00509200206786025,0.00662953848928864,0.0114535392454467,2017-04-02
"immune_prop",119,0.002265274916787,0.00418955294294513,0.00522961243089327,0.00683288850944261,0.0118396157276273,2017-04-09
"immune_prop",120,0.00233053615477594,0.00430024471637714,0.0053593763469465,0.00700345965815609,0.0122163376880086,2017-04-16
"immune_prop",121,0.00239216889724346,0.00439924648997876,0.00548396210807151,0.00717328336037629,0.0125784602956932,2017-04-23
"immune_prop",122,0.00244969589763584,0.0045068757749982,0.00560329636483505,0.00732702811110702,0.0129011372459747,2017-04-30
"immune_prop",123,0.00250287373532198,0.00458801837128016,0.00572507977247565,0.00745850513624233,0.0131268697044303,2017-05-07
"immune_prop",124,0.00255162510435733,0.00469920536338279,0.00583843576319413,0.00759415415635788,0.0133375172349143,2017-05-14
"immune_prop",125,0.00259602989170875,0.00477528275207887,0.0059301050471065,0.00771990078712387,0.0135324523343424,2017-05-21
"immune_prop",126,0.0026362916162311,0.00484871933231208,0.00601449408963943,0.00785135905707129,0.0137113956151207,2017-05-28
"immune_prop",127,0.00267260754899745,0.00490882384562515,0.00609166092601429,0.00796793901111097,0.0138743333117144,2017-06-04
"immune_prop",128,0.00270525509593576,0.00497660577063395,0.00616185728017252,0.0080574404861674,0.0140223799957569,2017-06-11
"immune_prop",129,0.0027344733904351,0.00503362377505427,0.00622528016855144,0.00813489645351049,0.0141560664315679,2017-06-18
"immune_prop",130,0.00276059044886287,0.00508422427896879,0.00628237566124954,0.00820342180110521,0.0142765199997579,2017-06-25
"immune_prop",131,0.00278381635647258,0.00512743339817486,0.00633337611623571,0.0082659372298979,0.0143843799071056,2017-07-02
"immune_prop",132,0.00280443510461794,0.0051647068501021,0.00637873960203655,0.00832041885724249,0.0144807686026066,2017-07-09
"immune_prop",133,0.00282269492620157,0.00519668071800501,0.00642031081653363,0.00837176343565473,0.0145667011888927,2017-07-16
"immune_prop",134,0.00283875523214955,0.00522384731062836,0.00645761880243841,0.00841795911869644,0.014642789555074,2017-07-23
"immune_prop",135,0.00285284442079137,0.00524682991635154,0.00649036456983936,0.00846266861130865,0.0147100373766433,2017-07-30
"immune_prop",136,0.00286513173505067,0.00526613304300771,0.00651842249509222,0.00850144396690804,0.0147691639127984,2017-08-06
"immune_prop",137,0.0028758484824912,0.00528235433262707,0.00654234058213983,0.00853481380628339,0.0148212189135221,2017-08-13
"immune_prop",138,0.00288518820386864,0.00529599363352219,0.00656269536972536,0.00856122709259377,0.0148670624375427,2017-08-20
"immune_prop",139,0.00289328200774805,0.00530740437415753,0.00657991867440897,0.00858252347472709,0.014907236296039,2017-08-27
"immune_prop",140,0.00290030571121176,0.00531699017475951,0.00659452938027909,0.0086008901822368,0.0149425172003642,2017-09-03
"immune_prop",141,0.00290641250892064,0.00532508390534992,0.00660697376038888,0.0086167906840749,0.0149735722604721,2017-09-10
"immune_prop",142,0.00291171296256682,0.00533191553181493,0.00661757802878923,0.00863054863838893,0.0150008586330536,2017-09-17
"immune_prop",143,0.00291637403892417,0.00533779874276039,0.00662677470410497,0.00864264396655069,0.0150251358796227,2017-09-24
"immune_prop",144,0.00292048938074513,0.00534289862781269,0.00663481095308984,0.00865333128207994,0.0150467986387965,2017-10-01
"immune_prop",145,0.00292418682970437,0.00534871509077697,0.00664199692332945,0.00866294553035861,0.015066430385951,2017-10-08
"immune_prop",146,0.00292758766472555,0.00535439909108045,0.00664862994630655,0.00867148267995211,0.0150845920764953,2017-10-15
"immune_prop",147,0.00293071546540528,0.00535973675868413,0.00665529127219408,0.00867928090627519,0.0151013502479452,2017-10-22
"immune_prop",148,0.00293370510033511,0.00536495929191126,0.00666168992767214,0.00868670760769572,0.0151173508739692,2017-10-29
"immune_prop",149,0.00293662478280906,0.00537017893894931,0.00666797756687229,0.00869392999678239,0.0151328989771333,2017-11-05
"immune_prop",150,0.00293949291737234,0.00537541997701852,0.00667418926794184,0.00870096430896665,0.0151480415417737,2017-11-12
"immune_prop",151,0.00294243004538129,0.00538089645037721,0.00668058815528311,0.00870812423341346,0.0151633463701617,2017-11-19
"immune_prop",152,0.00294554095293001,0.00538679626444109,0.00668739650268471,0.00871567005336837,0.0151792901580469,2017-11-26
"immune_prop",153,0.00294892955756581,0.00539330794516626,0.00669482744589722,0.00872385061955166,0.0151963306990161,2017-12-03
"immune_prop",154,0.00295268920507079,0.00539955550783733,0.00670305994716873,0.00873287252370385,0.0152148525888126,2017-12-10
"immune_prop",155,0.00295687619866672,0.00540458869335061,0.00671217487596309,0.00874282013982403,0.0152350274008226,2017-12-17
"immune_prop",156,0.002961626144293,0.00541034586246808,0.0067224147952767,0.00875399902294755,0.0152574116087643,2017-12-24
"immune_prop",157,0.00296713301392731,0.00541711805834734,0.00673413228664658,0.00876687510191868,0.01528284031898,2017-12-31
"immune_prop",158,0.00297346386488936,0.0054249638287342,0.00674736677721004,0.00878076502285408,0.0153114798601907,2018-01-07
"immune_prop",159,0.00298242944956842,0.00543542817689551,0.00676411677307448,0.00879870645167115,0.0153490082168734,2018-01-14
"immune_prop",160,0.00299319282456456,0.00544791375504453,0.00678397404657661,0.0088200118231429,0.0153928785267344,2018-01-21
"immune_prop",161,0.00300678027662746,0.00546325456053831,0.00680897168976198,0.00884607203448011,0.0154460417873062,2018-01-28
"immune_prop",162,0.00302358167170654,0.00548185203150319,0.00683858040899444,0.00887737868762437,0.0155097618487342,2018-02-04
"immune_prop",163,0.00304305720044202,0.00550401395009794,0.00687301170747562,0.00891410618551221,0.0155851387003968,2018-02-11
"immune_prop",164,0.00306212902514446,0.00553085114914948,0.00691254372993629,0.00895809147397121,0.0156734042235039,2018-02-18
"immune_prop",165,0.00308365986414107,0.00556467545109096,0.00695696066178425,0.00901219543497513,0.0157746651244144,2018-02-25
"immune_prop",166,0.00310758336705111,0.00561028909944731,0.00700773238718758,0.00907182219920167,0.0158894207317572,2018-03-04
"immune_prop",167,0.00313358143002804,0.00566041137364563,0.00706462969086832,0.00914026939636756,0.0160169357184041,2018-03-11
"immune_prop",168,0.0031612576339598,0.0057135881936602,0.007125047006113,0.0092162033896177,0.0161560153307401,2018-03-18
"immune_prop",169,0.00319018061542665,0.0057688952622446,0.00718816848893115,0.00929650669962978,0.0163048147515194,2018-03-25
"immune_prop",170,0.00321989292001086,0.00581848863671276,0.00725934244671567,0.00937443948593038,0.0164612113435962,2018-04-01
"immune_prop",171,0.00324957994847433,0.00586853619864496,0.00733434544316918,0.00945411091322717,0.0166215512695469,2018-04-08
"immune_prop",172,0.00327881985218068,0.00591828713921787,0.00740821721191032,0.00953291071168414,0.0167834833189157,2018-04-15
"immune_prop",173,0.0033071158664197,0.00596764492890015,0.00747371014157387,0.00961904900254595,0.0169440078370722,2018-04-22
"immune_prop",174,0.00333407267160186,0.00602307022120925,0.00753746950989235,0.00971167236473205,0.0171004523226782,2018-04-29
"immune_prop",175,0.00335943607476633,0.00607541241468514,0.00759874588691305,0.00980812160310069,0.0172507621336131,2018-05-06
"immune_prop",176,0.00338564888416157,0.0061242113682468,0.00765686429823701,0.00989714429738271,0.0173931215066782,2018-05-13
"immune_prop",177,0.00341605635089961,0.00616358054714578,0.00771149019547164,0.00996967927382363,0.0175263014611937,2018-05-20
"immune_prop",178,0.00344434620328051,0.00619521383912352,0.00777379829643705,0.0100240624239978,0.0176495831664238,2018-05-27
"immune_prop",179,0.00347050551539841,0.00622582615271002,0.00783026688420958,0.0100787048079474,0.0177629010688052,2018-06-03
"immune_prop",180,0.00349439197264226,0.00625426452114819,0.00788073104797195,0.01013480616017,0.0178655674051169,2018-06-10
"immune_prop",181,0.00351611390666591,0.00628066912467549,0.00792562156550075,0.0101875083596452,0.0179582143251633,2018-06-17
"immune_prop",182,0.00353570552863631,0.0063049969942369,0.00796521402076367,0.0102299808764595,0.0180411211030609,2018-06-24
"immune_prop",183,0.00355325235467393,0.00632830417673194,0.0079998964344355,0.0102681537557614,0.018114839650254,2018-07-01
"immune_prop",184,0.00356887177873989,0.00635080540692727,0.00803011342943839,0.0103021787629871,0.0181800774557418,2018-07-08
"immune_prop",185,0.0035826451303458,0.00637069828337303,0.00805620477982726,0.0103321410021857,0.0182373354237855,2018-07-15
"immune_prop",186,0.00359475550657264,0.00638820348584271,0.00807799029179119,0.010358451772782,0.0182875968709069,2018-07-22
"immune_prop",187,0.003605296873854,0.006403396564435,0.00809684582529773,0.0103836900480196,0.0183313483403447,2018-07-29
"immune_prop",188,0.00361447202602482,0.00641646894172809,0.0081131199273147,0.0104092564277498,0.0183693191385937,2018-08-05
"immune_prop",189,0.0036223852869786,0.00642762952645338,0.00812710319752404,0.0104317527330655,0.018402204126827,2018-08-12
"immune_prop",190,0.00362917544458859,0.00643709750193148,0.00813908412535851,0.0104514947519657,0.0184306564536635,2018-08-19
"immune_prop",191,0.00363503573942677,0.00644517658543899,0.00814944560690903,0.0104689345090624,0.0184555185320732,2018-08-26
"immune_prop",192,0.00363998268314635,0.00645186420733381,0.00815808768888792,0.0104840307136679,0.0184767223295756,2018-09-02
"immune_prop",193,0.00364422549144717,0.00645750408919368,0.0081650754891421,0.0104970568625571,0.0184951754603264,2018-09-09
"immune_prop",194,0.00364784459753665,0.00646221454855831,0.00817092653081875,0.0105082040697812,0.0185111375744325,2018-09-16
"immune_prop",195,0.00365089466844817,0.00646607009353667,0.00817572227094703,0.010517859651005,0.0185247492840106,2018-09-23
"immune_prop",196,0.00365360875744804,0.0064694624082054,0.00817994392555468,0.0105266539076199,0.0185370711362979,2018-09-30
"immune_prop",197,0.00365602484475912,0.00647243877398545,0.00818363746855662,0.0105346671877797,0.0185481894326808,2018-10-07
"immune_prop",198,0.00365828841146026,0.00647523795602857,0.00818709165030266,0.0105422997888183,0.0185587502853516,2018-10-14
"immune_prop",199,0.00366034330329393,0.00647774310584549,0.00819014599524343,0.0105493792869993,0.018568388648693,2018-10-21
"immune_prop",200,0.00366230987764241,0.00648015123950837,0.00819303655946678,0.0105562485051541,0.0185776429899357,2018-10-28
"immune_prop",201,0.00366427405739695,0.00648259996136351,0.00819592298817158,0.0105631560146024,0.0185868805539106,2018-11-04
"immune_prop",202,0.00366628606478071,0.00648516538812751,0.00819888476206703,0.0105702508889045,0.0185962855982493,2018-11-11
"immune_prop",203,0.00366846079854967,0.00648803985038529,0.00820214466407095,0.0105778704691009,0.0186063622174252,2018-11-18
"immune_prop",204,0.00367085710706334,0.00649131848383075,0.00820579785484256,0.0105861904075057,0.0186173144403842,2018-11-25
"immune_prop",205,0.00367361214366306,0.0064952369377916,0.00821011158387272,0.0105956096477999,0.0186297185818606,2018-12-02
"immune_prop",206,0.00367681249165013,0.00649994335915777,0.00821523696193173,0.0106060291991254,0.0186438587362389,2018-12-09
"immune_prop",207,0.00368059574783963,0.00650567736799833,0.00822143683328072,0.0106171941935245,0.0186602292917877,2018-12-16
"immune_prop",208,0.00368518296011152,0.00651282563515747,0.00822916045185814,0.0106297334422796,0.0186796854139142,2018-12-23
"immune_prop",209,0.00369086478496604,0.00652189380561938,0.00823901686142913,0.0106443889069498,0.0187033591071928,2018-12-30
"immune_prop",210,0.00369784838857177,0.00653322968228784,0.00825268967754968,0.0106589530390101,0.0187318730482952,2019-01-06
"immune_prop",211,0.00370682542168131,0.006547363946468,0.0082718868681627,0.0106758649323839,0.018766584650352,2019-01-13
"immune_prop",212,0.0037179330590835,0.00656478774467965,0.0082950310257961,0.0106964216540048,0.0188084142141833,2019-01-20
"immune_prop",213,0.00373183825388821,0.00658615216674795,0.00832294031849644,0.0107212511035863,0.0188590825124184,2019-01-27
"immune_prop",214,0.00374906179665757,0.00661188554726125,0.00835632517341025,0.0107510353950148,0.0189201402648113,2019-02-03
"immune_prop",215,0.00377004096239316,0.00663951747378935,0.00839560545719748,0.0107860568630253,0.0189925731921869,2019-02-10
"immune_prop",216,0.00379528168859497,0.00667279925560364,0.00844136756357316,0.0108416430747842,0.0190778039145516,2019-02-17
"immune_prop",217,0.00382515882665852,0.00671223246532729,0.00849399396583638,0.0109150411574527,0.019176707178193,2019-02-24
"immune_prop",218,0.00385981822795349,0.00675798909806076,0.00855351121472051,0.0109930304880445,0.0192898902086551,2019-03-03
"immune_prop",219,0.00389932940898517,0.00681019551709322,0.00861999455547116,0.01107143876482,0.0194178390664499,2019-03-10
"immune_prop",220,0.00394331062544419,0.0068657902003154,0.00869277488812701,0.0111644924419704,0.0195593311034154,2019-03-17
"immune_prop",221,0.00399133524850903,0.00693093856042331,0.00877133908859258,0.0112720748158794,0.0197134192910564,2019-03-24
"immune_prop",222,0.00404286987715645,0.00698749406989562,0.00885515470310611,0.0113779691199895,0.0198790072884592,2019-03-31
"immune_prop",223,0.0040970877491773,0.00704514496428094,0.00894319497549586,0.011490619686432,0.0200537799307333,2019-04-07
"immune_prop",224,0.00415316970828885,0.00711001830589926,0.00902367160530578,0.0115975413334041,0.0202355251742854,2019-04-14
"immune_prop",225,0.00421033017346268,0.00717597937273127,0.00910121486195783,0.011697803856644,0.0204221133156371,2019-04-21
"immune_prop",226,0.00426777433627004,0.00724246697227503,0.00917956418724509,0.0117991465522412,0.0206111860189283,2019-04-28
"immune_prop",227,0.00432477276569512,0.00730480819612321,0.00925806147199945,0.0119121518787857,0.0208029897509354,2019-05-05
"immune_prop",228,0.00438070172506387,0.00736562447257142,0.00933613735781164,0.0120201187446232,0.0210067342726134,2019-05-12
"immune_prop",229,0.00443514829858561,0.00742599470190774,0.009413515133745,0.0121280258685091,0.021205988336798,2019-05-19
"immune_prop",230,0.00448772174501123,0.00748561693339828,0.00948980610584274,0.0122490686570034,0.0213996702915926,2019-05-26
"immune_prop",231,0.00453809564764955,0.00754417430846181,0.00956461037481558,0.0123659154634178,0.0215868759028626,2019-06-02
"immune_prop",232,0.00458611005781307,0.00760152078635808,0.00963774828518167,0.0124786319477646,0.0217673530928825,2019-06-09
"immune_prop",233,0.00463147782315946,0.00765721158504359,0.00971976493654908,0.012588524127863,0.0219401005157515,2019-06-16
"immune_prop",234,0.00467413931426773,0.0077111082499167,0.00979212866378386,0.0126943966500302,0.022105048113265,2019-06-23
"immune_prop",235,0.0047140719110968,0.00776307739824745,0.00985607455068119,0.012786582760127,0.0222621508208626,2019-06-30
"immune_prop",236,0.00475114957553895,0.0078127729308776,0.00991716897072075,0.0128747571051927,0.0224107297871952,2019-07-07
"immune_prop",237,0.00478546848653682,0.00786018306903579,0.00997538109305885,0.0129590025743416,0.0225510183019013,2019-07-14
"immune_prop",238,0.00481694033385141,0.00790649793898589,0.0100311808006715,0.0130388365874619,0.0226822593430803,2019-07-21
"immune_prop",239,0.00484563424894312,0.00795592856644548,0.0100869557087156,0.0131113172685046,0.0228043408738398,2019-07-28
"immune_prop",240,0.00487173538558906,0.00800229035265548,0.0101384876854964,0.0131772355230809,0.0229176292242969,2019-08-04
"immune_prop",241,0.00489524555176124,0.00804529218926527,0.0101855795236369,0.0132390586336171,0.0230215946026748,2019-08-11
"immune_prop",242,0.00491647514110504,0.00808517352876719,0.0102287235906452,0.0132972713251681,0.0231171592791765,2019-08-18
"immune_prop",243,0.00493551472120833,0.00812184915746327,0.0102679948020808,0.0133517434354134,0.0232042425342237,2019-08-25
"immune_prop",244,0.00495258457586262,0.008155491861088,0.0103037695246507,0.0134026967523481,0.0232834277938689,2019-09-01
"immune_prop",245,0.00496788628466397,0.00818629129434104,0.0103364092176562,0.0134503233338594,0.0233552791593279,2019-09-08
"immune_prop",246,0.0049816888480347,0.00821242165555411,0.0103664339294382,0.0134943326199822,0.0234207520290365,2019-09-15
"immune_prop",247,0.00499415054573174,0.00823214532997713,0.0103941480478372,0.0135301714335229,0.0234803538753211,2019-09-22
"immune_prop",248,0.00500561624116388,0.00825098311306638,0.01042025737779,0.0135640646235512,0.0235355352138669,2019-09-29
"immune_prop",249,0.00501638319413464,0.00826913955104478,0.0104453816386727,0.0135966766009877,0.0235875791014492,2019-10-06
"immune_prop",250,0.0050265816888664,0.00828678146492372,0.0104698064172713,0.0136282557975273,0.0236370298621669,2019-10-13
"immune_prop",251,0.0050364546973351,0.00830427774801597,0.0104940664146414,0.013659389543582,0.0236849994313472,2019-10-20
"immune_prop",252,0.00504617770058265,0.0083219022617566,0.0105185709837991,0.0136890520947476,0.0237323138402695,2019-10-27
"immune_prop",253,0.00505612726492099,0.00834027656806996,0.0105463375067253,0.0137184256943349,0.0237807733119223,2019-11-03
"immune_prop",254,0.005066435041183,0.00836663523496981,0.0105755191376947,0.0137491336545707,0.023831055405151,2019-11-10
"immune_prop",255,0.00507750213419503,0.00840080131326671,0.0106069859735829,0.0137822879527431,0.0238914003096305,2019-11-17
"immune_prop",256,0.0050896379369299,0.00843809340747639,0.0106414135340534,0.0138187647858154,0.0239680323153198,2019-11-24
"immune_prop",257,0.00510334747310257,0.00847324590731402,0.010679856433176,0.0138599807933297,0.0240528340584286,2019-12-01
"immune_prop",258,0.00511908871663225,0.00851859762225825,0.0107232098038448,0.0139072283520327,0.0241478331710472,2019-12-08
"immune_prop",259,0.00513762793940154,0.00856130681669079,0.0107729085983963,0.0139626317188451,0.0242563698854876,2019-12-15
"immune_prop",260,0.00515974386743611,0.008611166642647,0.0108331603657037,0.0140283296290685,0.0243816295539504,2019-12-22
"immune_prop",261,0.00518664446547338,0.00866911226948407,0.0109064911893607,0.0141075885919143,0.0245285250056807,2019-12-29
"immune_prop",262,0.00521965880339213,0.00873735082830561,0.0110087760482799,0.0142039393740921,0.0247021482923605,2020-01-05
"immune_prop",263,0.00526156553392872,0.00882160595633586,0.011126507086363,0.0143205451766741,0.0249082751131253,2020-01-12
"immune_prop",264,0.00531401383636885,0.00891710151422498,0.0112662980898408,0.0144833062705645,0.0251549334476036,2020-01-19
"immune_prop",265,0.00538010956467065,0.00903064690339084,0.011415769480537,0.0146777762200249,0.0254497319994491,2020-01-26
"immune_prop",266,0.00546370283536625,0.00916749892227509,0.0115865851196986,0.0148984593773805,0.0258013741371985,2020-02-02
"immune_prop",267,0.00556691138433797,0.00931546340806921,0.0117758307349448,0.0151553170392504,0.0262168808841795,2020-02-09
"immune_prop",268,0.00569260548666295,0.00948095390920813,0.0119971396750847,0.0154521274478537,0.026749255944199,2020-02-16
"immune_prop",269,0.00584299987068497,0.00968517139805859,0.0122522422278191,0.0158044856697184,0.0273880923385657,2020-02-23
"immune_prop",270,0.00601955464228462,0.00992139177489383,0.0125421688244627,0.0162096415934973,0.0281203288656567,2020-03-01
"immune_prop",271,0.00622195179726096,0.0101862238623739,0.0128695760935047,0.0166229916875694,0.0289363115869565,2020-03-08
"immune_prop",272,0.006448667772141,0.0104557154587955,0.0132595520674157,0.0171275760048586,0.0298276404840513,2020-03-15
"immune_prop",273,0.0066507172695785,0.0107637265080617,0.0136981511369279,0.0176537468860444,0.0306960833509813,2020-03-22
"immune_prop",274,0.00684639055834573,0.01113356616902,0.0141260843904203,0.0181953564246898,0.0314992668781857,2020-03-29
"immune_prop",275,0.00703970146669366,0.0114887057589465,0.0145249169237905,0.0187238809693632,0.0323277772084218,2020-04-05
"immune_prop",276,0.0072163420699291,0.0118044176965879,0.0149740491456311,0.0193431203691318,0.0331680164558956,2020-04-12
"immune_prop",277,0.00738914198523267,0.0121143653003866,0.0153387885245605,0.0199587675702826,0.0340057980240906,2020-04-19
"immune_prop",278,0.00755615896441289,0.0124266548636855,0.0156884042345875,0.0205344426719068,0.0348295627855729,2020-04-26
"immune_prop",279,0.00771558764200738,0.0127308564162434,0.0160279908523453,0.0210776823324837,0.0357086605087369,2020-05-03
"immune_prop",280,0.00786699421475862,0.0130037129263292,0.0163965639562868,0.0215451829696736,0.0365542663795908,2020-05-10
"immune_prop",281,0.00801248400238053,0.013272726264143,0.0167362206771553,0.0219673437457598,0.0373517122660688,2020-05-17
"immune_prop",282,0.00814501162799419,0.0135208084019013,0.0170761922296192,0.0223423519164128,0.0380951238822895,2020-05-24
"immune_prop",283,0.00826488694114445,0.0137500383030733,0.0173747039989615,0.0226804046904541,0.0387807770420909,2020-05-31
"immune_prop",284,0.00837280053002584,0.0139695592079955,0.0176757042512336,0.0229832889418369,0.0393661691245141,2020-06-07
"immune_prop",285,0.00847022261279972,0.0141685556609186,0.0179029859391484,0.0232874701512725,0.0398966359609447,2020-06-14
"immune_prop",286,0.00856072661985066,0.0143319593324997,0.0180983808138586,0.023588909526503,0.040372748324093,2020-06-21
"immune_prop",287,0.00864191378742468,0.0144754049059836,0.0182748783467494,0.023866898803819,0.0407977982181207,2020-06-28
"immune_prop",288,0.00871398127325881,0.0146008169237169,0.0184328046418612,0.0241255566847053,0.0411732670613388,2020-07-05
"immune_prop",289,0.00877760533478747,0.0147100281412949,0.0185735116798385,0.0243563987947398,0.0415030684363044,2020-07-12
"immune_prop",290,0.00883339417239144,0.0148046646583131,0.0187014110574383,0.0245609033737293,0.0417908690327638,2020-07-19
"immune_prop",291,0.00888193852891942,0.0148862139236125,0.0188276954300776,0.0247405363966229,0.042040251296114,2020-07-26
"immune_prop",292,0.00892403463734279,0.0149562619231674,0.0189370478919764,0.0248971970742275,0.0422553392161246,2020-08-02
"immune_prop",293,0.00896026376241388,0.015016201985169,0.0190196447358218,0.0250327540902542,0.0424399238110235,2020-08-09
"immune_prop",294,0.00899133199326705,0.0150677841631044,0.0190920018145831,0.0251493993043081,0.0425980280831291,2020-08-16
"immune_prop",295,0.00901790361621948,0.0151129930478084,0.0191553269519434,0.0252492183590967,0.042733190529566,2020-08-23
"immune_prop",296,0.00904064526858362,0.0151515827886649,0.0192108374665097,0.0253276044162621,0.0428488766466987,2020-08-30
"immune_prop",297,0.00906014497682067,0.015184600260526,0.0192531672252068,0.0253929781490718,0.0429481093687278,2020-09-06
"immune_prop",298,0.00907691497948317,0.0152129386508586,0.0192870838178215,0.0254482380107866,0.0430334970304784,2020-09-13
"immune_prop",299,0.00909133034922005,0.015237243691015,0.0193162376072354,0.0254947807749315,0.0431069552601212,2020-09-20
"immune_prop",300,0.00910410091650034,0.0152587111864275,0.0193420736401992,0.0255349198198114,0.0431719549124774,2020-09-27
"immune_prop",301,0.0091156121314963,0.0152779968631866,0.0193664249771594,0.025570021785303,0.0432304038859662,2020-10-04
"immune_prop",302,0.00912612243398261,0.0152962101412886,0.01938982993007,0.0256010515624244,0.0432835872161484,2020-10-11
"immune_prop",303,0.00913595444283225,0.0153132689298167,0.0194114368078003,0.0256291058957193,0.0433330759103262,2020-10-18
"immune_prop",304,0.00914537482263171,0.015329616182811,0.0194318610550331,0.0256550777066427,0.0433801574484192,2020-10-25
"immune_prop",305,0.00915474876400167,0.0153458636578203,0.0194519127004127,0.0256887379224749,0.043426567239139,2020-11-01
"immune_prop",306,0.00916436150029163,0.0153624929169931,0.0194722203297173,0.0257267061133098,0.0434736393001869,2020-11-08
"immune_prop",307,0.00917435068781851,0.0153797344621876,0.0194930803350441,0.0257651545683513,0.0435219581287908,2020-11-15
"immune_prop",308,0.00918515021485856,0.0153983401660606,0.0195173891978799,0.025805418089255,0.0435735346274357,2020-11-22
"immune_prop",309,0.00919724753306302,0.0154191595980059,0.0195453029488348,0.0258489769432419,0.0436305922479894,2020-11-29
"immune_prop",310,0.00921095267124609,0.0154427484317802,0.0195832865382,0.0258967988559894,0.043694438301468,2020-12-06
"immune_prop",311,0.00922690763182621,0.0154703358112244,0.019626593629089,0.025950781621085,0.0437678699922169,2020-12-13
"immune_prop",312,0.00924565236687567,0.0155031962171786,0.0196763580565585,0.0259993829041783,0.0438532399728048,2020-12-20
"immune_prop",313,0.0092680212922942,0.0155422606735343,0.0197342515672296,0.0260554319356633,0.0439542388400642,2020-12-27
"immune_prop",314,0.00929829778819937,0.0155889851868031,0.0198017893672864,0.0261228549739253,0.0440744282350989,2021-01-03
"immune_prop",315,0.00933150187515724,0.0156423520306237,0.0198811657072364,0.026200202484636,0.0442176279895798,2021-01-10
"immune_prop",316,0.00937053891236505,0.0157098373650469,0.0199742026792346,0.0262939811080745,0.0443890775480104,2021-01-17
"immune_prop",317,0.00941486710371927,0.015794382958738,0.0200745015806426,0.0264060028064904,0.0445937086736204,2021-01-24
"immune_prop",318,0.00947081231672403,0.0158919174307652,0.0201850578430549,0.0265397028810042,0.0448372220573001,2021-01-31
"immune_prop",319,0.00953760485028453,0.0160038302854379,0.0203205525155361,0.0266979831224367,0.0451239277838533,2021-02-07
"immune_prop",320,0.00961528044144063,0.0161350690849124,0.0204732549095525,0.0268837736925132,0.0454580900051206,2021-02-14
"immune_prop",321,0.00970392435805903,0.0162782403224235,0.0206428600057626,0.027098403786577,0.0458411711302192,2021-02-21
"immune_prop",322,0.00980311360544277,0.0164283566692712,0.0208283412701151,0.027341950519146,0.0462726742489224,2021-02-28
"immune_prop",323,0.00991195377983977,0.0165908579479096,0.0210220249289425,0.0276131696218516,0.0467501798769095,2021-03-07
"immune_prop",324,0.0100288658435309,0.0167593416941045,0.0212541178086771,0.0279086998102851,0.0472681163063254,2021-03-14
"immune_prop",325,0.0101520875448769,0.0169420219340682,0.0214920114727795,0.0282054162135781,0.0478198707739974,2021-03-21
"immune_prop",326,0.0102792276325683,0.0170949397994287,0.0217476149420025,0.0284860099402299,0.0483944446041322,2021-03-28
"immune_prop",327,0.010408004770076,0.0172902071600844,0.0220009256220844,0.0287538337780841,0.048982374971521,2021-04-04
"immune_prop",328,0.0105301438270143,0.0174879427885098,0.0222176373387018,0.0290871404281543,0.0495732249643709,2021-04-11
"immune_prop",329,0.0106238117464319,0.0176466344086021,0.0224344377966457,0.0293193585939507,0.0501569026633771,2021-04-18
"immune_prop",330,0.0107152770582321,0.0178038653908664,0.0226426943900574,0.0296443831962859,0.0508452252236183,2021-04-25
"immune_prop",331,0.0108034825839629,0.0179558998593493,0.0228404292862788,0.0299436291310368,0.051519528728337,2021-05-02
"immune_prop",332,0.0108873918710703,0.0181027539211753,0.0230327871220398,0.0301828608791056,0.0521657020350167,2021-05-09
"immune_prop",333,0.0109663737827719,0.0182419237708117,0.0232389866260677,0.0304042506808538,0.0527770204283366,2021-05-16
"immune_prop",334,0.0110400395842864,0.0183713433034876,0.0234002806540425,0.0306061346156687,0.0533488816672228,2021-05-23
"immune_prop",335,0.0111077871650789,0.0184966770908261,0.0235549840108936,0.0307913414578666,0.0538764888575332,2021-05-30
"immune_prop",336,0.0111698131352479,0.0186115273767308,0.0237073613107111,0.0309605759551356,0.0542496583387734,2021-06-06
"immune_prop",337,0.0112258715119448,0.0187147157249963,0.0238440817837151,0.0311132585352323,0.0545449815656213,2021-06-13
"immune_prop",338,0.0112760435333374,0.0188066263676347,0.0239656648624697,0.0312496618895545,0.0548111627455209,2021-06-20
"immune_prop",339,0.0113206021298096,0.0188879206418517,0.0240730017020014,0.0313705450103576,0.0550472943348544,2021-06-27
"immune_prop",340,0.0113600066385469,0.0189595313299954,0.0241622152895767,0.0314771524639129,0.0552573860747468,2021-07-04
"immune_prop",341,0.0113944568019186,0.0190219245838195,0.0242382818400259,0.0315756417016032,0.0554425968533269,2021-07-11
"immune_prop",342,0.0114244616988291,0.0190760570256297,0.0243051161916293,0.0316792012540166,0.0556050905216325,2021-07-18
"immune_prop",343,0.0114505433150816,0.0191215225588201,0.0243615884973864,0.0317685060572973,0.0557471049036448,2021-07-25
"immune_prop",344,0.0114729783811675,0.0191528179693655,0.0244072704205446,0.0318444586697236,0.0558697309663253,2021-08-01
"immune_prop",345,0.011492279234645,0.0191788605017176,0.0244453423409867,0.0319086805102057,0.0559752788293275,2021-08-08
"immune_prop",346,0.0115088772205355,0.0192004817723655,0.0244781685113065,0.0319620628638028,0.0560657478134013,2021-08-15
"immune_prop",347,0.011523042318885,0.0192188401876484,0.0245061728429203,0.0320123047122223,0.0561424336380813,2021-08-22
"immune_prop",348,0.0115353305102205,0.0192347922058876,0.024530398188053,0.0320529337089687,0.0562080971382642,2021-08-29
"immune_prop",349,0.0115460006535494,0.0192481479225121,0.0245512743709652,0.0320850797002243,0.0562641060678147,2021-09-05
"immune_prop",350,0.0115552272054892,0.019259213197471,0.0245690736442351,0.03211134021606,0.056311451997247,2021-09-12
"immune_prop",351,0.0115633171586869,0.0192685016639469,0.0245855514968434,0.0321332740605077,0.0563517888543036,2021-09-19
"immune_prop",352,0.0115703303611539,0.0192761047359906,0.0246007077792512,0.0321502550575934,0.0563855668387028,2021-09-26
"immune_prop",353,0.0115768095084837,0.0192829102323308,0.0246141628293988,0.0321648581841854,0.0564155780780606,2021-10-03
"immune_prop",354,0.0115827777680125,0.0192889344187771,0.0246260092716732,0.0321775512861574,0.0564420640336393,2021-10-10
"immune_prop",355,0.0115885175968249,0.0192946210326823,0.0246368865985213,0.0321892320924386,0.05646650722834,2021-10-17
"immune_prop",356,0.0115940329857456,0.0192999470617868,0.024646835688201,0.0322000000976582,0.0564890105109552,2021-10-24
"immune_prop",357,0.011599461040498,0.0193051092109005,0.0246561733581823,0.0322103082613841,0.0565103054302753,2021-10-31
"immune_prop",358,0.0116051486256631,0.0193106522693616,0.0246656563137341,0.0322211852749874,0.0565321309396078,2021-11-07
"immune_prop",359,0.0116110110106886,0.0193179283453295,0.024675120823193,0.0322324657642838,0.0565541176715473,2021-11-14
"immune_prop",360,0.0116173802643632,0.0193265484250545,0.0246852907328338,0.0322451583194368,0.0565779330658124,2021-11-21
"immune_prop",361,0.0116243264658451,0.0193361008483596,0.0246963420526763,0.0322595751475795,0.0566039918686274,2021-11-28
"immune_prop",362,0.0116320892643273,0.0193470218883088,0.0247088300750424,0.0322765455669624,0.0566335807706269,2021-12-05
"immune_prop",363,0.011640904877414,0.0193597591284369,0.0247233350801272,0.0322969516901666,0.0566680453356795,2021-12-12
"immune_prop",364,0.0116509028852274,0.0193746044335106,0.0247402599317826,0.0323214560212859,0.0567083244939041,2021-12-19
"immune_prop",365,0.0116624394910632,0.0193922517379709,0.0247605571745707,0.0323514337216572,0.0567566155149004,2021-12-26
"immune_prop",366,0.011675831267843,0.0194133554247774,0.0247851834443883,0.032388229660692,0.0568151227506637,2022-01-02
"immune_prop",367,0.0116959472511134,0.0194449172266403,0.0248221637626563,0.0324420454101464,0.0568955263941326,2022-01-09
"immune_prop",368,0.011720515489005,0.0194842208424647,0.0248691551368642,0.0325098109953865,0.0569957980977513,2022-01-16
"immune_prop",369,0.0117525846929001,0.0195367087424062,0.0249303467767838,0.0325758905651597,0.0571246546907769,2022-01-23
"immune_prop",370,0.011793325548403,0.0196043974119428,0.0250113915481744,0.0326828145872951,0.0572873277520422,2022-01-30
"immune_prop",371,0.0118443527719644,0.0196895128482035,0.0251176651090388,0.0328149907654815,0.0574895552775573,2022-02-06
"immune_prop",372,0.0119077455082331,0.0197954045237865,0.0252553140061113,0.0329696722895464,0.0577391580280236,2022-02-13
"immune_prop",373,0.0119850354337069,0.0199111436386154,0.0254097671322077,0.0331487076769154,0.0580412617173234,2022-02-20
"immune_prop",374,0.0120777025438519,0.0200632899993487,0.0256049968703829,0.0333809480988932,0.0584007094986952,2022-02-27
"immune_prop",375,0.0121867054834652,0.0202423096214319,0.0258400175419264,0.0336548706763899,0.0588200975340053,2022-03-06
"immune_prop",376,0.0123120774857102,0.0204431680519441,0.0261099859509524,0.0339500385744098,0.0592981372243822,2022-03-13
"immune_prop",377,0.0124530696715323,0.0206965328128176,0.0264258283571984,0.0342775679792976,0.0598307190083096,2022-03-20
"immune_prop",378,0.0126084252003617,0.0209728172583858,0.0267485041563816,0.0346338486187504,0.0604125810588639,2022-03-27
"immune_prop",379,0.0127753261296356,0.0212777649495063,0.0270698117033781,0.0350119861658788,0.0610314025912602,2022-04-03
"immune_prop",380,0.0129507841063478,0.0215378384309733,0.0274375676180607,0.035405700854774,0.061674991445085,2022-04-10
"immune_prop",381,0.0131308704272692,0.0217820177056625,0.0277899611563648,0.0358071080627053,0.0623326383431076,2022-04-17
"immune_prop",382,0.0133116847887068,0.0220270865072996,0.0281756178524041,0.0362090890387526,0.0629922876179874,2022-04-24
"immune_prop",383,0.0134891553824958,0.0222681366430518,0.0284994318452452,0.0366043453676367,0.0636415441737182,2022-05-01
"immune_prop",384,0.0136598484923402,0.0225269864800736,0.0288070438168379,0.0369871599128457,0.0642708250053939,2022-05-08
"immune_prop",385,0.0138207031718848,0.0228012308629777,0.0291327138686975,0.037433614372281,0.0648714560078402,2022-05-15
"immune_prop",386,0.0139695021070616,0.0230993308373084,0.0294402590398655,0.0377952985546569,0.0654373750839448,2022-05-22
"immune_prop",387,0.0141046182442184,0.0233484141358037,0.029722435248421,0.03810810016585,0.0659636290124476,2022-05-29
"immune_prop",388,0.0142252969392275,0.0235234239564671,0.0299866434005852,0.0383974933190942,0.0664476071212004,2022-06-05
"immune_prop",389,0.0143313513410769,0.0236797921015367,0.0302252948030879,0.038662907520179,0.0668877337510473,2022-06-12
"immune_prop",390,0.0144232669982124,0.0238182820920516,0.0304264438792557,0.0389045054335817,0.067284235225044,2022-06-19
"immune_prop",391,0.0145021358725832,0.0239402997107883,0.0306092396996469,0.0391232808677989,0.0676383232115227,2022-06-26
"immune_prop",392,0.0145686184830136,0.0240462813673198,0.0307674115886931,0.0393185721655265,0.0679495096356215,2022-07-03
"immune_prop",393,0.0146242662463564,0.0241379866701205,0.0309032453650964,0.039491934649827,0.0682224218563683,2022-07-10
"immune_prop",394,0.0146705508192344,0.0242169969873414,0.0310190313556007,0.0396447837945121,0.068460354995126,2022-07-17
"immune_prop",395,0.0147087673581986,0.0242846372490941,0.0311168880141379,0.0397783298854234,0.0686661518133636,2022-07-24
"immune_prop",396,0.014740146670504,0.024342217833122,0.031199000211966,0.0398940042258889,0.0688428697522762,2022-07-31
"immune_prop",397,0.0147659791645336,0.0243912714862149,0.0312678625085191,0.0399938484759998,0.068994419785383,2022-08-07
"immune_prop",398,0.0147871021392438,0.0244327172556798,0.0313251615257341,0.0400791211629271,0.0691231621211612,2022-08-14
"immune_prop",399,0.0148043314784831,0.0244675679980876,0.0313726524211299,0.0401483980805002,0.0692318653462288,2022-08-21
"immune_prop",400,0.0148185846631828,0.0244971180126979,0.0314123834967815,0.040207057548991,0.0693241974020346,2022-08-28
"immune_prop",401,0.0148305204615624,0.0245223263874566,0.0314459010210631,0.0402573257817381,0.0694029451190648,2022-09-04
"immune_prop",402,0.0148406223151757,0.0245439322430579,0.0314744008165655,0.0403004939616271,0.0694703107117921,2022-09-11
"immune_prop",403,0.0148491128687323,0.0245622924047744,0.0314985291072161,0.0403372633693021,0.069527429356559,2022-09-18
"immune_prop",404,0.0148565382205831,0.0245783301034419,0.031519610628259,0.0403692831106658,0.0695770379772848,2022-09-25
"immune_prop",405,0.0148632879272257,0.0245927271792974,0.0315386247416283,0.040397808849262,0.0696211771089718,2022-10-02
"immune_prop",406,0.0148695205017559,0.0246057903324081,0.0315560452148558,0.040423472956371,0.0696608041336886,2022-10-09
"immune_prop",407,0.014875640248095,0.0246182328954964,0.0315728528701191,0.0404475627766102,0.069698000539405,2022-10-16
"immune_prop",408,0.0148814504624117,0.0246297687492531,0.0315887409996856,0.040469707330258,0.069731985588232,2022-10-23
"immune_prop",409,0.0148873986840614,0.024641170313704,0.0316047623081774,0.0404912570688849,0.0697649362599348,2022-10-30
"immune_prop",410,0.0148938114451966,0.0246530007009694,0.0316217096325763,0.0405131997281182,0.069798388049272,2022-11-06
"immune_prop",411,0.0149007573218067,0.0246653867223084,0.0316398308873009,0.0405357853817407,0.0698325775395247,2022-11-13
"immune_prop",412,0.0149086957676783,0.0246790938884235,0.0316602137213967,0.0405602893002318,0.0698694633417635,2022-11-20
"immune_prop",413,0.0149181090181523,0.0246949198008083,0.0316840126931547,0.0405880077921591,0.0699109743429725,2022-11-27
"immune_prop",414,0.0149294694434426,0.0247136453166145,0.0317123906364478,0.0406201648369445,0.0699588209667151,2022-12-04
"immune_prop",415,0.0149434930566593,0.0247364632990585,0.0317470704746877,0.0406585948577861,0.0700156362334941,2022-12-11
"immune_prop",416,0.0149610229530512,0.0247648003924063,0.0317901039826164,0.0407054148301606,0.0700843697700407,2022-12-18
"immune_prop",417,0.0149833131815926,0.0248008090502818,0.0318444940023482,0.0407637797500958,0.0701695444934002,2022-12-25
"immune_prop",418,0.0150118078745097,0.0248470324949127,0.031913745639607,0.0408372547543385,0.0702761362702254,2023-01-01
"immune_prop",419,0.0150403823859646,0.0248942370656049,0.0319816672164396,0.0409157550979149,0.0703875005147622,2023-01-08
"immune_prop",420,0.0150754034583287,0.024952870298146,0.0320643826796185,0.04101225812308,0.0705235076497353,2023-01-15
"immune_prop",421,0.0151152302561112,0.0250214084036579,0.0321573024086696,0.0411248511727526,0.0706806039601902,2023-01-22
"immune_prop",422,0.0151606656145784,0.0251030344208198,0.0322582249294745,0.0412579680904301,0.0708620089609925,2023-01-29
"immune_prop",423,0.0152122955448435,0.0251964135765471,0.0323644213752368,0.0414168838112982,0.0710705785465339,2023-02-05
"immune_prop",424,0.0152701761826085,0.0253016793191246,0.0324838176162516,0.0415952328759919,0.0713067099030385,2023-02-12
"immune_prop",425,0.0153347417981283,0.0254237686646821,0.0326257778451446,0.0417931112754086,0.0716233297401994,2023-02-19
"immune_prop",426,0.0154058974867908,0.0255622595302763,0.0327859750832515,0.0419994894463426,0.0720576944796397,2023-02-26
"immune_prop",427,0.0154828733883799,0.0257159200590258,0.0329571586778839,0.0422301413608719,0.0725333181411693,2023-03-05
"immune_prop",428,0.0155654821302124,0.0258859037719127,0.0331381988072443,0.042479677253012,0.0730473714621569,2023-03-12
"immune_prop",429,0.0156529476947903,0.0260679837103438,0.0333319796956717,0.0427363354039368,0.0735935189006705,2023-03-19
"immune_prop",430,0.0157442796498326,0.026254549469148,0.0335474212531719,0.0429890965626651,0.0741639476799983,2023-03-26
"immune_prop",431,0.0158384968118431,0.0264220343454864,0.0337677164610221,0.0432401689374985,0.0747497928522429,2023-04-02
"immune_prop",432,0.0159343015966764,0.0265961851672403,0.0339895623203694,0.043494653654197,0.0753426112519875,2023-04-09
"immune_prop",433,0.0160302108474571,0.0267758692401221,0.0342095150396676,0.0437386550930021,0.0759332562708663,2023-04-16
"immune_prop",434,0.0161253533475008,0.0269518590549535,0.0344256992352269,0.0440197507319032,0.0765156488925024,2023-04-23
"immune_prop",435,0.016218475394572,0.0271224594156945,0.0346356554763676,0.0442808244115245,0.0770825657890301,2023-04-30
"immune_prop",436,0.0163086839745954,0.0272866963061673,0.0348378691604696,0.0445250517946853,0.0776291196425595,2023-05-07
"immune_prop",437,0.0163949349169544,0.0274376854461595,0.0350306055335566,0.0447802228471056,0.0781502085045859,2023-05-14
"immune_prop",438,0.0164766477534596,0.0275737330675035,0.0352131491926902,0.0450050476625505,0.0786432871921648,2023-05-21
"immune_prop",439,0.0165533664977576,0.0276999032456444,0.035385012881724,0.0452357913800066,0.0791065891803659,2023-05-28
"immune_prop",440,0.0166245186955404,0.0278162930538113,0.0355453696509733,0.045492986674256,0.0795378271723025,2023-06-04
"immune_prop",441,0.0166902336122966,0.0279236515793509,0.0356947670961942,0.0457300924860299,0.0799379959448578,2023-06-11
"immune_prop",442,0.0167501513433737,0.0280217891856812,0.0358325644047926,0.0459464308755165,0.0803056058227134,2023-06-18
"immune_prop",443,0.0168045285909886,0.028111413641987,0.035959298456537,0.0461367290009515,0.0806419553299565,2023-06-25
"immune_prop",444,0.0168533199273023,0.028192594206969,0.0360747348790379,0.0463056137818642,0.0809467415895299,2023-07-02
"immune_prop",445,0.0168971630515639,0.0282664230114484,0.0361800048373371,0.0464556655095155,0.0812228339475955,2023-07-09
"immune_prop",446,0.016935999938249,0.0283327299793311,0.0362746885614442,0.0465800586897346,0.0814697085926436,2023-07-16
"immune_prop",447,0.0169703645400954,0.0283922633253735,0.0363596101246205,0.0466898336113854,0.0816897011734453,2023-07-23
"immune_prop",448,0.0170006384560252,0.028445471999296,0.036435278704176,0.0467863397889021,0.0818844830345608,2023-07-30
"immune_prop",449,0.0170272273945615,0.0284928268806951,0.0365022951337985,0.0468708879525939,0.0820559494461766,2023-08-06
"immune_prop",450,0.0170504735733722,0.0285346962195765,0.0365611835641002,0.0469445432576507,0.0822058172543634,2023-08-13
"immune_prop",451,0.0170708465941363,0.0285737636979847,0.0366095324184011,0.0470086803074918,0.0823365452869076,2023-08-20
"immune_prop",452,0.0170886369294773,0.0286101491151779,0.0366510970423007,0.047064161587702,0.0824498402242882,2023-08-27
"immune_prop",453,0.0171044143363465,0.0286427311019534,0.0366879339958437,0.0471126145124348,0.0825488409773494,2023-09-03
"immune_prop",454,0.0171183018793262,0.0286715287861735,0.0367201729925803,0.0471544392811361,0.0826345834188797,2023-09-10
"immune_prop",455,0.0171305999794311,0.0286969199999274,0.0367483775837079,0.0471905292904014,0.0827089801810274,2023-09-17
"immune_prop",456,0.0171417857980077,0.0287140224851028,0.0367735303039558,0.0472222670893371,0.0827747910420248,2023-09-24
"immune_prop",457,0.0171520178970996,0.0287283988053439,0.0367959565135731,0.0472501550355062,0.082833210367356,2023-10-01
"immune_prop",458,0.0171616833580331,0.0287413510022159,0.0368164860275741,0.047275316866788,0.0828864955033151,2023-10-08
"immune_prop",459,0.0171710337340782,0.0287533045320349,0.0368356621831014,0.0472984893781033,0.0829362020141195,2023-10-15
"immune_prop",460,0.0171799760027064,0.0287640965655647,0.0368532857576166,0.0473194421762528,0.0829821730864504,2023-10-22
"immune_prop",461,0.0171890189098779,0.0287745586768864,0.0368704394729564,0.047339581112544,0.0830271146851524,2023-10-29
"immune_prop",462,0.0171982717182113,0.0287848393727964,0.0368873363029688,0.047359188675691,0.0830717673641726,2023-11-05
"immune_prop",463,0.0172077273977571,0.0287948782617053,0.0369039247071731,0.047378204349441,0.0831162858499403,2023-11-12
"immune_prop",464,0.0172178925322838,0.0288054607101328,0.0369212383510272,0.0473979611866569,0.0831632966690349,2023-11-19
"immune_prop",465,0.0172290310787039,0.0288169537929791,0.0369359278212087,0.0474191084886651,0.0832142638808354,2023-11-26
"immune_prop",466,0.0172413889160614,0.028830435916396,0.0369504915107064,0.0474422390440481,0.0832705963522933,2023-12-03
"immune_prop",467,0.0172553693456607,0.0288477884790301,0.0369666533338539,0.0474683856447173,0.0833345216715578,2023-12-10
"immune_prop",468,0.0172710592470238,0.0288673909576911,0.0369842244236707,0.0474977369956707,0.0834068266773641,2023-12-17
"immune_prop",469,0.0172890287755301,0.0288901833886196,0.0370039859249936,0.0475318632786581,0.0834907486073838,2023-12-24
"immune_prop",470,0.0173099632254855,0.0289173205561382,0.0370268964737358,0.0475727341935528,0.0835902207158697,2023-12-31
"immune_prop",471,0.017334182705098,0.0289493754507025,0.0370530655642082,0.0476214331916663,0.0837075637349762,2024-01-07
"immune_prop",472,0.0173666839814461,0.028992216772496,0.0370941960125344,0.047683949365727,0.0838587511107858,2024-01-14
"immune_prop",473,0.0174053358886542,0.0290440402790826,0.0371438923197216,0.0477599516832199,0.0840404733792477,2024-01-21
"immune_prop",474,0.0174531578162715,0.0291101501333461,0.0372092399259965,0.047854300465617,0.0842637060342689,2024-01-28
"immune_prop",475,0.0175110453485885,0.0291944449808576,0.0372917952937302,0.0479694635565188,0.0845328876900313,2024-02-04
"immune_prop",476,0.0175801623551878,0.0292955272416886,0.0373942166604586,0.0481081050914038,0.0848526260775959,2024-02-11
"immune_prop",477,0.0176620044549593,0.0294156050325648,0.0375199538911103,0.0482993842004841,0.0852287522857832,2024-02-18
"immune_prop",478,0.017756770886493,0.029554695661832,0.0376697999948276,0.0485514400267104,0.0856605713702296,2024-02-25
"immune_prop",479,0.0178649732541693,0.0297133056212887,0.037845279607603,0.0487958389672691,0.0861486309098535,2024-03-03
"immune_prop",480,0.0179860632540965,0.0298901925179877,0.0380456739633272,0.0490722486584845,0.0866883720506714,2024-03-10
"immune_prop",481,0.0181188231992636,0.0300860961780411,0.0382688378173923,0.0494318536143033,0.0872723430637084,2024-03-17
"immune_prop",482,0.0182612266277692,0.030303170888416,0.0385109231051003,0.0498138615218403,0.0878887879033522,2024-03-24
"immune_prop",483,0.0184109141318323,0.0305307003965852,0.0387674313380736,0.0502104151121641,0.0885271976151736,2024-03-31
"immune_prop",484,0.0185645336238155,0.0307719057444352,0.0390318836488299,0.0505841738467398,0.089173200360951,2024-04-07
"immune_prop",485,0.0187187872673381,0.0310180956617045,0.0393446905192477,0.050939080653767,0.0898135373796746,2024-04-14
"immune_prop",486,0.0188704957197568,0.0312552355660455,0.0396867441156885,0.0512822867696793,0.0904364864356473,2024-04-21
"immune_prop",487,0.0190165055932926,0.0315020219261709,0.0400181568110296,0.0516393611176764,0.091031019019233,2024-04-28
"immune_prop",488,0.0191542986988595,0.0317341926149523,0.040332263951793,0.0519325040303802,0.0915892356892415,2024-05-05
"immune_prop",489,0.0192815014415026,0.0319231327927883,0.0406230008821552,0.0521792835146432,0.0921035447129308,2024-05-12
"immune_prop",490,0.0193970839518184,0.0320741253132712,0.0408874501366129,0.0524076943633845,0.0925720133078901,2024-05-19
"immune_prop",491,0.0195003111726484,0.0322226805772752,0.0411087432333448,0.0526863544293915,0.0929931180647277,2024-05-26
"immune_prop",492,0.0195910251114652,0.0323536686033534,0.041273109752623,0.0529335828238584,0.09336702424028,2024-06-02
"immune_prop",493,0.0196691112809642,0.0324670044889234,0.0414176596227904,0.0531487545388948,0.0936931174438196,2024-06-09
"immune_prop",494,0.0197356013429732,0.0325642909915325,0.0415438705043247,0.0533341951605114,0.0939754383650873,2024-06-16
"immune_prop",495,0.0197912565798591,0.0326465272583106,0.041652406713313,0.0534914270617827,0.0942161729120552,2024-06-23
"immune_prop",496,0.01983743732696,0.0327155982427301,0.0417450792652818,0.0536235892675542,0.0944200463887115,2024-06-30
"immune_prop",497,0.0198751459897446,0.0327727487276894,0.0418229455829739,0.0537329066962503,0.0945899953379144,2024-07-07
"immune_prop",498,0.0199056243903211,0.0328196130946044,0.0418876541278506,0.0538223415916881,0.0947301913920335,2024-07-14
"immune_prop",499,0.0199300089491391,0.0328576796034098,0.0419407754207652,0.0538946783469371,0.0948445209139704,2024-07-21
"immune_prop",500,0.0199491241562877,0.0328879707046707,0.0419833944135588,0.0539519650623874,0.0949356656679826,2024-07-28
"immune_prop",501,0.0199644227231016,0.0329126027879239,0.0420180912641751,0.0539980441344791,0.0950095917232265,2024-08-04
"immune_prop",502,0.0199763749236816,0.0329321320719489,0.0420455357712778,0.054034176980192,0.0950678635324053,2024-08-11
"immune_prop",503,0.0199856019011194,0.0329474183104891,0.0420668458904095,0.0540620875201958,0.095112995532462,2024-08-18
"immune_prop",504,0.0199925571046183,0.0329590916041887,0.0420828863714827,0.0540830799237756,0.0951468849141639,2024-08-25
"immune_prop",505,0.0199978003362103,0.0329679949286978,0.0420948153967887,0.0540987624681244,0.095172065086771,2024-09-01
"immune_prop",506,0.0200015151401695,0.0329743794508124,0.0421030423992481,0.0541097285789203,0.0951893640877881,2024-09-08
"immune_prop",507,0.0200040939814056,0.0329788612468887,0.0421084390181463,0.0541171306228389,0.0952006535529447,2024-09-15
"immune_prop",508,0.0200058539148792,0.0329819460184435,0.0421117254910273,0.0541219050566363,0.095207468592299,2024-09-22
"immune_prop",509,0.0200071199261087,0.0329841614579344,0.0421136361066593,0.0541249949973511,0.0952113855526017,2024-09-29
"immune_prop",510,0.0200080320327167,0.0329857355682967,0.0421145072605977,0.0541268273850172,0.0952130914356452,2024-10-06
"immune_prop",511,0.0200088993408115,0.0329871778371988,0.0421150197259967,0.05412827093288,0.0952140605469518,2024-10-13
"immune_prop",512,0.0200094712229173,0.0329880760331536,0.042114663516229,0.0541286651297452,0.0952130806257743,2024-10-20
"immune_prop",513,0.0200099886649581,0.0329888285003927,0.0421139507812931,0.0541286650352958,0.0952112512169817,2024-10-27
"immune_prop",514,0.0200107976088474,0.0329900062142201,0.0421136024630902,0.0541291956413405,0.0952101388161974,2024-11-03
"immune_prop",515,0.0200115271484029,0.0329909978657269,0.0421128197179946,0.0541292289299316,0.0952078611591038,2024-11-10
"immune_prop",516,0.0200125851403333,0.0329924758326844,0.0421124327372683,0.0541298290525148,0.0952061958395658,2024-11-17
"immune_prop",517,0.0200142616813215,0.0329949188475962,0.0421130157475048,0.0541317263148797,0.0952063048573837,2024-11-24
"immune_prop",518,0.0200166202763974,0.0329984337742517,0.0421146609579897,0.0541350217565969,0.0952082048346934,2024-12-01
"immune_prop",519,0.0200196944305925,0.033003081504547,0.0421173968565137,0.0541397177758929,0.0952116874127964,2024-12-08
"immune_prop",520,0.0200238805448348,0.0330095271491617,0.0421220216882747,0.0541467797309364,0.0952181701575105,2024-12-15
"immune_prop",521,0.0200293258402165,0.0330180341919527,0.042128825639078,0.0541564804375166,0.0952277660793659,2024-12-22
"immune_prop",522,0.0200368522401569,0.0330299911318835,0.0421395469960914,0.0541708990454909,0.0952436564513522,2024-12-29
"immune_prop",523,0.0200465088188821,0.0330455286431455,0.0421548410362685,0.0541878246957767,0.0952651911427442,2025-01-05
"immune_prop",524,0.0200536182023603,0.0330576925780305,0.0421695296207446,0.0542011255246272,0.0952852515797903,2025-01-12
"immune_prop",525,0.0200621123347942,0.0330724827090216,0.042188010744431,0.0542177787485425,0.095311131141034,2025-01-19
"immune_prop",526,0.0200705622129402,0.0330876949466695,0.0422078214141296,0.0542352381787521,0.0953403472164981,2025-01-26
"immune_prop",527,0.0200791101646715,0.0331035772601101,0.0422293094162694,0.0542538166231104,0.0953734708608125,2025-02-02
"immune_prop",528,0.0200876549223442,0.0331199291201103,0.0422521967842471,0.054273205051589,0.0954100588703363,2025-02-09
"immune_prop",529,0.0200961610575582,0.0331366488892412,0.0422763074783798,0.054293326952869,0.0954500958573919,2025-02-16
"immune_prop",530,0.0201045125169885,0.033153478364249,0.0423012114367409,0.0543138309803455,0.0954929370801822,2025-02-23
"immune_prop",531,0.0201126964173699,0.033170310730873,0.0423266309958881,0.0543346197812733,0.0955382797263555,2025-03-02
"immune_prop",532,0.0201207998842974,0.0331871944819215,0.0423524623879225,0.0543558474312915,0.0955861633418767,2025-03-09
"immune_prop",533,0.0201282626837857,0.0332031082367815,0.0423772293896235,0.0543759054468495,0.0956334443833445,2025-03-16
"immune_prop",534,0.0201355630015803,0.0332187494265112,0.0424016606462289,0.0543959866812346,0.0956818531708371,2025-03-23
"immune_prop",535,0.0201424458013835,0.0332336183859063,0.0424249824400709,0.0544153061065986,0.0957296193366055,2025-03-30
"immune_prop",536,0.0201489960378829,0.0332477931304821,0.042447192830828,0.0544340065583281,0.0957766134963931,2025-04-06
"immune_prop",537,0.0201553472921048,0.0332614507206536,0.0424684536496402,0.054452375459566,0.0958131877415479,2025-04-13
"immune_prop",538,0.0201611544936636,0.0332739968793715,0.0424879769247283,0.0544692746716096,0.0958442816115671,2025-04-20
"immune_prop",539,0.0201667289916807,0.0332859373651077,0.0425064086924945,0.0544849131087971,0.0958740730141542,2025-04-27
"immune_prop",540,0.0201718145024023,0.0332968549162549,0.0425232384068324,0.0544993299544966,0.0959013030031876,2025-05-04
"immune_prop",541,0.0201765743915273,0.0333070353777328,0.0425388678508476,0.0545129542398277,0.0959267518452778,2025-05-11
"immune_prop",542,0.0201811733738829,0.0333167738847001,0.0425537182039014,0.054526232769589,0.0959512366450467,2025-05-18
"immune_prop",543,0.0201853007376506,0.033325584509756,0.0425672146487761,0.0545383368800276,0.0959733310452311,2025-05-25
"immune_prop",544,0.0201890612067425,0.0333336681609907,0.0425796565866647,0.0545495645102016,0.0959935887032115,2025-06-01
"immune_prop",545,0.0201924554406514,0.0333410525997852,0.0425911157136957,0.0545599321156666,0.0960120628737024,2025-06-08
"immune_prop",546,0.020195552097918,0.0333478746392133,0.0426017939597586,0.0545696357515371,0.09602911629424,2025-06-15
"immune_prop",547,0.0201983410742523,0.0333545128564442,0.0426117104863363,0.0545786514873228,0.0960447174651776,2025-06-22
"immune_prop",548,0.0202008859475009,0.0333609789885879,0.0426210213392746,0.0545871452484035,0.0960591622924205,2025-06-29
"immune_prop",549,0.0202030609161815,0.033366647432865,0.0426294641098335,0.0545947609819213,0.09607182275499,2025-07-06
"immune_prop",550,0.0202050461873333,0.0333718273005095,0.0426365122391926,0.0546019595403006,0.0960835050826831,2025-07-13
"immune_prop",551,0.0202067579932938,0.0333763891833183,0.0426416419119099,0.0546084798108309,0.0960937443560268,2025-07-20
"immune_prop",552,0.0202080722578181,0.0333801350925078,0.0426459298869908,0.0546139455724556,0.0961018752290055,2025-07-27
"immune_prop",553,0.0202091555285823,0.0333833458677466,0.0426497055472917,0.0546187631259946,0.0961086139260909,2025-08-03
"immune_prop",554,0.0202099326258464,0.0333859026313822,0.042652786653568,0.0546226861668048,0.0961135346338009,2025-08-10
"immune_prop",555,0.0202104701664033,0.0333879210378169,0.0426552910078748,0.0546258557721081,0.0961169001945956,2025-08-17
"immune_prop",556,0.0202106244896164,0.0333891702083108,0.0426568953874032,0.0546278516796442,0.0961179922297023,2025-08-24
"immune_prop",557,0.020210657109678,0.0333900898153794,0.0426581360073389,0.0546293577448897,0.0961180399530154,2025-08-31
"immune_prop",558,0.0202103426336965,0.0333903164045454,0.0426585265381088,0.054629751572588,0.0961159767701173,2025-09-07
"immune_prop",559,0.0202096138898308,0.033389749100966,0.0426579199898018,0.0546281013447308,0.0961115055699883,2025-09-14
"immune_prop",560,0.0202086564070251,0.0333887055122374,0.042656707908179,0.0546256488391356,0.0961055438880176,2025-09-21
"immune_prop",561,0.0202076753727835,0.0333875364382879,0.0426553278654753,0.0546230161417442,0.0960991110836622,2025-09-28
"immune_prop",562,0.0202067225649211,0.0333863396527281,0.0426538973179993,0.0546203629761201,0.0960925012026906,2025-10-05
"immune_prop",563,0.0202056063567104,0.0333848109942307,0.0426520227826165,0.0546171920278824,0.0960848518957019,2025-10-12
"immune_prop",564,0.0202044729251377,0.0333833021013485,0.0426500259747448,0.0546139195920821,0.0960769063096413,2025-10-19
"immune_prop",565,0.0202032828985104,0.0333817540478499,0.0426478385258592,0.0546104608225883,0.096068523505316,2025-10-26
"immune_prop",566,0.0202020367509237,0.0333800757056406,0.0426454774439963,0.0546068391946305,0.0960597506021099,2025-11-02
"immune_prop",567,0.0202007325575294,0.0333782779162405,0.0426429558238082,0.0546030727418641,0.0960506230924438,2025-11-09
"immune_prop",568,0.0201993740281954,0.0333763816032659,0.0426402998624916,0.0545991963485026,0.0960412049235869,2025-11-16
"immune_prop",569,0.0201978956859466,0.0333742942683953,0.0426373910784676,0.0545950601351612,0.0960312350562453,2025-11-23
"immune_prop",570,0.0201965333676118,0.0333724223302826,0.0426347486225265,0.0545913314935252,0.0960218914376778,2025-11-30
"immune_prop",571,0.0201951938819505,0.0333706296330786,0.0426321987465871,0.0545877916374535,0.0960127962452743,2025-12-07
"immune_prop",572,0.0201940643519376,0.033369244224851,0.0426301610423512,0.0545849826911884,0.0960049145386003,2025-12-14
"immune_prop",573,0.0201927796061039,0.0333676822044941,0.0426278903931768,0.0545819566436318,0.0959965963312684,2025-12-21
"R0_t",1,1.36361450158905,1.57884698725946,1.69532120489509,1.8142506978745,2.07394860274182,2015-01-04
"R0_t",2,1.36123402962495,1.59336295964648,1.71038872834069,1.83373495977926,2.11383129853557,2015-01-11
"R0_t",3,1.35176714089032,1.59218929659327,1.71503005131655,1.84117338919399,2.13165762870859,2015-01-18
"R0_t",4,1.34116893498658,1.58108567084935,1.69686321341675,1.83036629070912,2.12704035503301,2015-01-25
"R0_t",5,1.32561606000396,1.56121510182137,1.67544941303188,1.80562410728212,2.10101581185772,2015-02-01
"R0_t",6,1.30608991071788,1.53011216003074,1.63998523643067,1.76577774670457,2.05587966568973,2015-02-08
"R0_t",7,1.28367231462397,1.49137002449139,1.59684119630276,1.72085738620123,2.00309027065643,2015-02-15
"R0_t",8,1.25948067913529,1.44751890916945,1.54931066477406,1.66456549198634,1.92791931774805,2015-02-22
"R0_t",9,1.22823864574938,1.39835016226899,1.49825557112243,1.60457790875508,1.84016765580709,2015-03-01
"R0_t",10,1.1924258278224,1.35675553542697,1.44566939493899,1.54155395887545,1.75906070044229,2015-03-08
"R0_t",11,1.1589925270536,1.3102062491599,1.39427095893297,1.47658619142804,1.67979069898173,2015-03-15
"R0_t",12,1.1288089456837,1.26545510146707,1.34576201021681,1.41586481658946,1.60769400270245,2015-03-22
"R0_t",13,1.1125109919544,1.22754708101658,1.29879590512374,1.36488404701919,1.53162955695903,2015-03-29
"R0_t",14,1.09300349188775,1.19525657184643,1.25857866593656,1.31354976784617,1.46119818898994,2015-04-05
"R0_t",15,1.07238635045518,1.1638066317542,1.22122167340863,1.26658878938276,1.39353685452648,2015-04-12
"R0_t",16,1.06162327123027,1.14064507046935,1.18848828093499,1.22662097181326,1.33014019718243,2015-04-19
"R0_t",17,1.04899906051406,1.12052852363452,1.16012571399631,1.19190579742477,1.271697627513,2015-04-26
"R0_t",18,1.03634379785036,1.10067928446653,1.13353526430082,1.16186168789211,1.22589806803929,2015-05-03
"R0_t",19,1.02614260540694,1.08238334125705,1.10970462856533,1.13792161369033,1.190202976422,2015-05-10
"R0_t",20,1.01736884745309,1.06534276217402,1.09020624155088,1.11598947178528,1.16061043608787,2015-05-17
"R0_t",21,1.00494604658938,1.04998102674265,1.07348681483911,1.10191804262507,1.14537905478843,2015-05-24
"R0_t",22,0.997278328504527,1.0331729565874,1.0573433630374,1.08700118641584,1.13583542789832,2015-05-31
"R0_t",23,0.980791427352715,1.0177860639999,1.04554932416995,1.07346386716961,1.12607467762376,2015-06-07
"R0_t",24,0.963518181308716,1.00425495095203,1.03390389627466,1.06057902446935,1.11485730844685,2015-06-14
"R0_t",25,0.947764852890296,0.99289879552016,1.02101221435659,1.05056844012283,1.10525445077175,2015-06-21
"R0_t",26,0.928911454813454,0.97922413661993,1.00640127985018,1.03760099450536,1.09317909260145,2015-06-28
"R0_t",27,0.910813516562119,0.96613747267133,0.994555051503729,1.02609343665589,1.08155097324756,2015-07-05
"R0_t",28,0.89664570949408,0.954065506280789,0.984009177392074,1.0135442467743,1.06806588777069,2015-07-12
"R0_t",29,0.882868742204804,0.939850947345555,0.971652586847083,0.9994865146368,1.05300125117424,2015-07-19
"R0_t",30,0.872496763625308,0.925370995167313,0.959214290067899,0.985742456795845,1.04301206369251,2015-07-26
"R0_t",31,0.860329354014666,0.915750305613035,0.947649007536112,0.973843230944101,1.03422809670502,2015-08-02
"R0_t",32,0.848338024524857,0.9053899614438,0.937579825279104,0.963881609695358,1.02101497465004,2015-08-09
"R0_t",33,0.848806336381139,0.900957513384061,0.93107485509739,0.957433568646274,1.01425233693003,2015-08-16
"R0_t",34,0.845482064123606,0.898528897030462,0.925145314304523,0.95278723406635,1.00813608629319,2015-08-23
"R0_t",35,0.850135807704707,0.900381377554851,0.924419082615306,0.951488422752578,0.99856516253596,2015-08-30
"R0_t",36,0.85580548513111,0.905953934177705,0.930938231852613,0.954089909660664,0.999982289266872,2015-09-06
"R0_t",37,0.868610616218851,0.916096414921808,0.941173123963585,0.963919635485887,1.00627547002825,2015-09-13
"R0_t",38,0.887972301995256,0.93169426437587,0.956163221333594,0.978233555569627,1.02098380487936,2015-09-20
"R0_t",39,0.912634179712513,0.95187843573387,0.97924497993644,1.00142070392872,1.0404418475423,2015-09-27
"R0_t",40,0.937109905892389,0.979015013055335,1.00585396550281,1.02934437746306,1.07118914111042,2015-10-04
"R0_t",41,0.96556514718406,1.01545752131421,1.04048120748277,1.06604149648929,1.11157201711885,2015-10-11
"R0_t",42,0.998337014784512,1.05381148920374,1.08235041878246,1.10745404648008,1.16028147569383,2015-10-18
"R0_t",43,1.03307849165734,1.09904436033344,1.12962891942391,1.15974011554608,1.21690397623135,2015-10-25
"R0_t",44,1.07742911907934,1.14986644572645,1.18364209178229,1.22181773656831,1.29485304536059,2015-11-01
"R0_t",45,1.11762881424683,1.2021498901985,1.24441526609408,1.28971749265835,1.37498181653137,2015-11-08
"R0_t",46,1.15828203998325,1.25821537199485,1.31008638762257,1.3607183196735,1.46816246809267,2015-11-15
"R0_t",47,1.20311772386223,1.31492824462666,1.37697927696047,1.43841087103044,1.56306271267148,2015-11-22
"R0_t",48,1.2450252377635,1.37149680549295,1.44259605441994,1.51039445412128,1.65498337579765,2015-11-29
"R0_t",49,1.28408372197465,1.42513941800638,1.50565079577325,1.58568085174973,1.74834193673026,2015-12-06
"R0_t",50,1.31419043406326,1.47697736344208,1.56313921698692,1.65268133562365,1.83927803551116,2015-12-13
"R0_t",51,1.34112106719629,1.51898429163003,1.61842010565141,1.71344393679508,1.9231478726526,2015-12-20
"R0_t",52,1.35434313153313,1.55225837408104,1.66308627020322,1.76274798275259,2.00388664528454,2015-12-27
"R0_t",53,1.62920586572938,1.73914064728205,1.80583439131601,1.86551742073951,2.00191586862826,2016-01-03
"R0_t",54,1.66058567737575,1.77001422877111,1.84189037138621,1.90225016414182,2.03941316263835,2016-01-10
"R0_t",55,1.66770770326925,1.78424765304552,1.8567752015056,1.91859812028672,2.05128268490151,2016-01-17
"R0_t",56,1.66446762370155,1.78100730526462,1.85225449098126,1.91521056482298,2.04076459338342,2016-01-24
"R0_t",57,1.6536170805145,1.76281099051612,1.82709424314635,1.89053849906407,2.01393605018129,2016-01-31
"R0_t",58,1.62040920243857,1.72261444649969,1.78487636234055,1.8486071652812,1.95721462280522,2016-02-07
"R0_t",59,1.57952560938755,1.66962737524427,1.72680355242562,1.79184491048972,1.89242263117409,2016-02-14
"R0_t",60,1.52000317701601,1.60879270627216,1.66084333749604,1.72124553741118,1.81307481177249,2016-02-21
"R0_t",61,1.44899889084847,1.53872175320055,1.59054679107472,1.64197867271704,1.72820277005824,2016-02-28
"R0_t",62,1.37825971911287,1.46541374191292,1.51625827465828,1.56039078063402,1.63438497751814,2016-03-06
"R0_t",63,1.30985117378915,1.39099773167146,1.43904164056549,1.47796638634504,1.54498684782555,2016-03-13
"R0_t",64,1.245974358181,1.31651317589641,1.35957495255397,1.39488813681034,1.45363661661526,2016-03-20
"R0_t",65,1.18669601908795,1.24632267908278,1.28403268434614,1.31670002168519,1.36794261221656,2016-03-27
"R0_t",66,1.13020236687544,1.17988703040251,1.2125212075913,1.24411882406575,1.29253670750403,2016-04-03
"R0_t",67,1.07704035091219,1.12115432159387,1.14834093509907,1.17311837236843,1.21901382790052,2016-04-10
"R0_t",68,1.02631777645281,1.06328358922301,1.08834207805375,1.10869884073666,1.15229387225809,2016-04-17
"R0_t",69,0.976840295998415,1.01466846835299,1.033237962668,1.05023297486206,1.09274317967975,2016-04-24
"R0_t",70,0.932938854436072,0.968950022246366,0.985655665351975,1.00241785163546,1.04004154332251,2016-05-01
"R0_t",71,0.893414692899557,0.925619435775267,0.942194207105731,0.959802428338477,0.993996013936504,2016-05-08
"R0_t",72,0.856464475154661,0.887207463155019,0.902458755463435,0.922531169502185,0.953536003584404,2016-05-15
"R0_t",73,0.819043046486036,0.850993818372932,0.867719922106177,0.889571881280326,0.924604859692959,2016-05-22
"R0_t",74,0.78497992217473,0.81857973064898,0.837512335770878,0.860618722779506,0.895118621386265,2016-05-29
"R0_t",75,0.75386890481701,0.788104825785367,0.810177703137973,0.83379955989793,0.875324647866759,2016-06-05
"R0_t",76,0.727525933285486,0.762330910947136,0.787307797468481,0.808221781806112,0.856843557211104,2016-06-12
"R0_t",77,0.701833747872798,0.740000461021366,0.765105164028391,0.787773570028126,0.834503997200194,2016-06-19
"R0_t",78,0.678384987523573,0.723141550332657,0.745347080776781,0.767367190001522,0.815303254958141,2016-06-26
"R0_t",79,0.65850351783202,0.704333250314497,0.727063974080367,0.750318029696622,0.79618484178552,2016-07-03
"R0_t",80,0.642367361092789,0.688657039968131,0.71163120107056,0.73487833275736,0.778965132797234,2016-07-10
"R0_t",81,0.628041793732246,0.676511322177141,0.697711925321862,0.72080731159728,0.764274065396692,2016-07-17
"R0_t",82,0.618745412335497,0.666551693431447,0.686513097919401,0.709575802263698,0.750906591421561,2016-07-24
"R0_t",83,0.613182200431933,0.657836613071246,0.67907019457903,0.699962439878775,0.741492905784933,2016-07-31
"R0_t",84,0.614490939970759,0.652741440285512,0.674070091394871,0.694085423261555,0.73368560180732,2016-08-07
"R0_t",85,0.614368333923587,0.652553964322618,0.671658778067181,0.692405470803141,0.731068072306604,2016-08-14
"R0_t",86,0.6204743148282,0.656046361552012,0.674188660935558,0.694563923941836,0.734955250696069,2016-08-21
"R0_t",87,0.633769519490494,0.664788440588829,0.681818426911581,0.702028720103099,0.735880867655576,2016-08-28
"R0_t",88,0.649848650132547,0.678756969415281,0.694396506197577,0.712674968500957,0.743508209726678,2016-09-04
"R0_t",89,0.67215307971997,0.697597494103901,0.714459182378099,0.730145757895718,0.760792748125321,2016-09-11
"R0_t",90,0.694215569653651,0.7237740351011,0.739966651133519,0.754123711628607,0.786629857920127,2016-09-18
"R0_t",91,0.722875375322742,0.754796800752987,0.771938237125141,0.786915974625982,0.81759387372138,2016-09-25
"R0_t",92,0.763927507465978,0.794562334634013,0.809369979207076,0.828105561551565,0.863978538425987,2016-10-02
"R0_t",93,0.802300103333333,0.839251705121113,0.85838162086845,0.87619814513575,0.918850093077106,2016-10-09
"R0_t",94,0.854995161194057,0.891197115597941,0.912661197446534,0.934865611188694,0.985530566832941,2016-10-16
"R0_t",95,0.90969252475011,0.952801046456643,0.976832079659809,1.0021332294379,1.06247332455061,2016-10-23
"R0_t",96,0.976592300629009,1.02128995729355,1.04846186213132,1.07760942504157,1.14818672216162,2016-10-30
"R0_t",97,1.05389196819561,1.10073904126914,1.12959062491357,1.16274747795071,1.24686005979686,2016-11-06
"R0_t",98,1.13097601783933,1.183582622065,1.21639433400316,1.25401143896211,1.34611616229772,2016-11-13
"R0_t",99,1.21140010724833,1.27139084739037,1.30785217067215,1.35153634197665,1.45076743918454,2016-11-20
"R0_t",100,1.30035610299828,1.36047249060082,1.40162899730434,1.45047357783671,1.5606249132071,2016-11-27
"R0_t",101,1.38496864661857,1.45144430029902,1.49445928554897,1.54689762810672,1.6688747328653,2016-12-04
"R0_t",102,1.46218509497265,1.53975679912643,1.58418839093298,1.64133323371027,1.76082365263423,2016-12-11
"R0_t",103,1.53325847892769,1.61728082967768,1.66955522305863,1.7273633132452,1.84209060445991,2016-12-18
"R0_t",104,1.58727600011373,1.6809334058874,1.73937753483072,1.80121547194019,1.92073766270247,2016-12-25
"R0_t",105,1.24613789485637,1.31408028311024,1.34909906011601,1.38361299501151,1.46224827160122,2017-01-01
"R0_t",106,1.26143401775812,1.32858365513589,1.36574832813131,1.40248636419968,1.48661260626477,2017-01-08
"R0_t",107,1.25508368552246,1.33415850660679,1.37250527023972,1.41138533822876,1.49718434602789,2017-01-15
"R0_t",108,1.24673318694824,1.32990495243606,1.3682186656551,1.40753660116361,1.49325245660843,2017-01-22
"R0_t",109,1.23423360899776,1.31360107556228,1.35172808932976,1.3908252626712,1.47740016801641,2017-01-29
"R0_t",110,1.20652893757467,1.28765430862922,1.32601188353694,1.36719948886264,1.44909399193699,2017-02-05
"R0_t",111,1.17712861728057,1.2574145493491,1.29357790302031,1.33447574295835,1.41637025514097,2017-02-12
"R0_t",112,1.14279580536663,1.22103510845603,1.25347628677549,1.2924174090557,1.37111200723643,2017-02-19
"R0_t",113,1.10702740828462,1.17938659158327,1.21196834866628,1.24490549576407,1.32050674043025,2017-02-26
"R0_t",114,1.0713646855894,1.13767899309383,1.16594364042163,1.19948220468013,1.26738387910578,2017-03-05
"R0_t",115,1.03638770399715,1.09590083393421,1.12238155567142,1.15232663924304,1.2145321960814,2017-03-12
"R0_t",116,0.997360459196637,1.05499761183053,1.078543268049,1.1066649607567,1.16001902139454,2017-03-19
"R0_t",117,0.967669535629508,1.014838515159,1.03767038553361,1.06268283230529,1.11392194408665,2017-03-26
"R0_t",118,0.937140921064858,0.978350423756255,1.00003664725081,1.02064390114987,1.06275373796197,2017-04-02
"R0_t",119,0.90551022500786,0.946083076294603,0.965298550569703,0.983798095700554,1.01786284846842,2017-04-09
"R0_t",120,0.883928143358487,0.916575015732649,0.934297943494326,0.950647691299181,0.978182419147001,2017-04-16
"R0_t",121,0.859584029573809,0.890807091767391,0.906262672201624,0.92156365066606,0.947292368348259,2017-04-23
"R0_t",122,0.836503464414255,0.866654067340852,0.881729886742119,0.897395840654252,0.918684797575879,2017-04-30
"R0_t",123,0.817959945888874,0.846238903501898,0.861364056894391,0.876706308505633,0.896804930554508,2017-05-07
"R0_t",124,0.800042864536219,0.827878894357148,0.843688012407288,0.858029434783454,0.880027246885596,2017-05-14
"R0_t",125,0.780108568303447,0.810459188807686,0.826390324129946,0.84216890999118,0.868779565456754,2017-05-21
"R0_t",126,0.761477128997635,0.795125861231716,0.810732286424365,0.829912195718255,0.858393840264094,2017-05-28
"R0_t",127,0.74769102060982,0.781188981405989,0.796898788472246,0.818777476753498,0.850470276399983,2017-06-04
"R0_t",128,0.73162890200972,0.767275687642705,0.784470510763526,0.806213498010998,0.841968671121679,2017-06-11
"R0_t",129,0.717935369149559,0.75495179456143,0.772597812913661,0.795688275040207,0.835293324805464,2017-06-18
"R0_t",130,0.70612794393684,0.742840720287128,0.762332983758683,0.785518440388958,0.825483459393949,2017-06-25
"R0_t",131,0.688188204611229,0.729517941001877,0.752706291279997,0.77384020023601,0.816039245193113,2017-07-02
"R0_t",132,0.676162750990118,0.719360793661738,0.74211028421113,0.762541524488087,0.802389205518685,2017-07-09
"R0_t",133,0.668473426922591,0.709340672282446,0.731380657825248,0.751750081089422,0.792900701576701,2017-07-16
"R0_t",134,0.662196755058295,0.699891969041725,0.720577363025825,0.740395505129237,0.78076577911693,2017-07-23
"R0_t",135,0.651883862155234,0.690854920943449,0.712475515495199,0.730518108598444,0.771668199645555,2017-07-30
"R0_t",136,0.651043463950099,0.683028833737209,0.705427292003191,0.723985917577577,0.762127958333698,2017-08-06
"R0_t",137,0.647216083066766,0.678712479742387,0.699803607378109,0.717469595765357,0.752913232159478,2017-08-13
"R0_t",138,0.644989016078289,0.677665086917733,0.696824284959739,0.715035187802996,0.747972819062497,2017-08-20
"R0_t",139,0.646737422855958,0.679433847656777,0.696770068245618,0.714895087162047,0.747353282879697,2017-08-27
"R0_t",140,0.651012030492147,0.684102354781059,0.700142742612775,0.717844466690051,0.750895347575751,2017-09-03
"R0_t",141,0.659874198635978,0.691737283504906,0.709022725842655,0.72510012709183,0.757419904009722,2017-09-10
"R0_t",142,0.673258396523445,0.704246242411837,0.720712739618521,0.737510086085208,0.766185954819456,2017-09-17
"R0_t",143,0.690650957899382,0.722728423927194,0.736761309909462,0.754548540196728,0.78730667243672,2017-09-24
"R0_t",144,0.714215027317367,0.744210678061958,0.760067926918921,0.776912344199176,0.810248281521252,2017-10-01
"R0_t",145,0.741475108045945,0.771754807026805,0.787811542634547,0.806472929144134,0.839465473661723,2017-10-08
"R0_t",146,0.776403368750699,0.804410151672904,0.820891162222758,0.839488279973445,0.87545028795926,2017-10-15
"R0_t",147,0.811144379368559,0.843417293577615,0.859810969175829,0.879352696149506,0.918075326301529,2017-10-22
"R0_t",148,0.852826080390958,0.886717898227625,0.904225704603523,0.923874485763906,0.964113522479476,2017-10-29
"R0_t",149,0.898806994048019,0.934633012330482,0.95292154303048,0.97292852659855,1.0158899315982,2017-11-05
"R0_t",150,0.947403933518712,0.985533285838019,1.00674231747851,1.02805838512697,1.07147478114877,2017-11-12
"R0_t",151,1.00023137742837,1.03870669664224,1.06072387496165,1.08671556402364,1.13084286984388,2017-11-19
"R0_t",152,1.05657020934946,1.09299481002441,1.11588068759232,1.14590272761019,1.19518875002652,2017-11-26
"R0_t",153,1.10346749904058,1.14721325103432,1.1720172369204,1.20304973627384,1.25355185039234,2017-12-03
"R0_t",154,1.14751844429884,1.19565336027761,1.22276020588375,1.25751571232333,1.31389832467695,2017-12-10
"R0_t",155,1.18383961568069,1.2393776862564,1.27208530542886,1.30659491486095,1.36886528324148,2017-12-17
"R0_t",156,1.21335467040137,1.27807461908887,1.31264624474873,1.34682255293187,1.4165869076057,2017-12-24
"R0_t",157,1.24121847614273,1.30985689246712,1.3441241754567,1.3778501982425,1.45506022690264,2017-12-31
"R0_t",158,1.38783358976994,1.47317950211049,1.51990891444244,1.57341449912061,1.65286675440059,2018-01-07
"R0_t",159,1.39329373380388,1.48019374352002,1.53295114067323,1.59015720133078,1.67294234760767,2018-01-14
"R0_t",160,1.39166835539592,1.4748723314193,1.529904082297,1.58964452358855,1.67571220284126,2018-01-21
"R0_t",161,1.37753146364057,1.4617627696544,1.51264851772293,1.57512617856242,1.66786487841689,2018-01-28
"R0_t",162,1.35059979176676,1.43545835668277,1.48509390990558,1.54746290704182,1.63976901091665,2018-02-04
"R0_t",163,1.31740318126116,1.40115085918668,1.45034628964915,1.50435094263074,1.59436724099565,2018-02-11
"R0_t",164,1.28056278103912,1.36057637425404,1.40448293855705,1.45625270850107,1.54615742583196,2018-02-18
"R0_t",165,1.23897315694255,1.31253690919103,1.35516324121333,1.40186098760792,1.48289660257408,2018-02-25
"R0_t",166,1.19036893886462,1.26433509470908,1.30057218573651,1.34522078217711,1.41688605659211,2018-03-04
"R0_t",167,1.14555820790968,1.21474676224869,1.2469257493847,1.28658136283143,1.34984424041865,2018-03-11
"R0_t",168,1.10676274495057,1.16249314105511,1.1957516790269,1.23015855989257,1.28989087454228,2018-03-18
"R0_t",169,1.06931522073422,1.11647437751527,1.14643596768428,1.17342994137009,1.22497305127375,2018-03-25
"R0_t",170,1.03178195527995,1.07164596178325,1.09801713365678,1.12239263996751,1.17269522532861,2018-04-01
"R0_t",171,0.995912412318793,1.03034368988748,1.05263691126232,1.07503669655982,1.12309782139322,2018-04-08
"R0_t",172,0.960705064487052,0.99379333408875,1.01281353624521,1.03337876260149,1.07106878033609,2018-04-15
"R0_t",173,0.927791238682382,0.96042385413468,0.9781075776728,0.99523444536127,1.02830747145683,2018-04-22
"R0_t",174,0.898285021306953,0.930487984418117,0.946363204112698,0.962502358669777,0.995019163772136,2018-04-29
"R0_t",175,0.871753249603967,0.903818210508942,0.918265828194179,0.935352391398864,0.961845946608132,2018-05-06
"R0_t",176,0.848074722011121,0.877758662581329,0.894830622351574,0.911483981760856,0.937041021794397,2018-05-13
"R0_t",177,0.825276430657769,0.856200539856463,0.873111335946346,0.887655145980507,0.916167472467772,2018-05-20
"R0_t",178,0.802520855518375,0.835024858752095,0.853167836497722,0.869260681170469,0.901372916745651,2018-05-27
"R0_t",179,0.785017396336081,0.817607732752073,0.834928509821889,0.85114756646211,0.884939323770494,2018-06-03
"R0_t",180,0.766510278817882,0.800266215204556,0.817826620496538,0.835110792429895,0.872769525409461,2018-06-10
"R0_t",181,0.751489184892398,0.783876654786386,0.80245376182302,0.820051223541618,0.861885349852686,2018-06-17
"R0_t",182,0.738715285576148,0.768469482704171,0.787298279276488,0.806751234670807,0.849244943710341,2018-06-24
"R0_t",183,0.723100981734858,0.756128006969981,0.773208520305431,0.793741613102293,0.834850640841826,2018-07-01
"R0_t",184,0.710072023725711,0.742095176362645,0.761104580112573,0.780592973281216,0.8198004278755,2018-07-08
"R0_t",185,0.699096774190343,0.729600949499544,0.749042964927927,0.767880237865292,0.804778899011187,2018-07-15
"R0_t",186,0.688436412368039,0.719410528641395,0.738153010098302,0.757558464272129,0.794102719578901,2018-07-22
"R0_t",187,0.679094891368171,0.709623644152408,0.728500985289067,0.747737071876385,0.780545073302933,2018-07-29
"R0_t",188,0.668608757665646,0.702718521731246,0.720795611240651,0.741444174933323,0.774280115284165,2018-08-05
"R0_t",189,0.66391815567654,0.698703238434444,0.716939713706248,0.735995430448788,0.766561325569648,2018-08-12
"R0_t",190,0.660378916784447,0.697242719929033,0.715950560434916,0.734518788706219,0.763788684947572,2018-08-19
"R0_t",191,0.662424829643063,0.698464639558686,0.717846585176265,0.734906318389209,0.765100190468591,2018-08-26
"R0_t",192,0.669027376096935,0.702808483200485,0.723824277414417,0.739933626663933,0.771958426014005,2018-09-02
"R0_t",193,0.675467232874219,0.712330022351207,0.733536642979194,0.749932634437434,0.782450252765775,2018-09-09
"R0_t",194,0.691667839342182,0.72804299945356,0.747147925117627,0.765138928980593,0.797751328788375,2018-09-16
"R0_t",195,0.709851139116972,0.74966138491011,0.767598887247507,0.786879249292331,0.816289636950446,2018-09-23
"R0_t",196,0.738890267956913,0.775216055878229,0.793451612452925,0.812738579143787,0.844999498015992,2018-09-30
"R0_t",197,0.767326947511604,0.807360901092541,0.826126377843904,0.844782697244196,0.882041097061321,2018-10-07
"R0_t",198,0.805747122865274,0.845654732069523,0.86325132768533,0.883258493881903,0.921123580973302,2018-10-14
"R0_t",199,0.852656041287467,0.889798909980027,0.907943587856003,0.929032089431772,0.969021240706703,2018-10-21
"R0_t",200,0.906022949723435,0.939203768765583,0.959665199639508,0.979781671542285,1.01831919331231,2018-10-28
"R0_t",201,0.96388704908124,0.995858576695171,1.01695891119077,1.03796010710731,1.0787295999289,2018-11-04
"R0_t",202,1.02144221880371,1.05671372759757,1.0778278615822,1.10051432127933,1.14189981867253,2018-11-11
"R0_t",203,1.08242839528988,1.12043555725571,1.14289496313244,1.16595666586245,1.21285981836025,2018-11-18
"R0_t",204,1.1434436696436,1.18491659757169,1.21310786041338,1.23357969416846,1.29011659426903,2018-11-25
"R0_t",205,1.20390797248132,1.24819739472907,1.27871508441701,1.30218793822108,1.36719793610379,2018-12-02
"R0_t",206,1.25935299384036,1.30737212315026,1.339250411822,1.37194863677602,1.4439243634954,2018-12-09
"R0_t",207,1.3050273925266,1.36189255059208,1.39708283344613,1.43386031206307,1.51311318932052,2018-12-16
"R0_t",208,1.3479475119666,1.40889720509447,1.446970922389,1.4886671273392,1.57007161758883,2018-12-23
"R0_t",209,1.37074948037887,1.44564539479192,1.48714522544451,1.53626598511953,1.6120937716112,2018-12-30
"R0_t",210,1.39232710057616,1.47258148865434,1.52330848436416,1.574897711834,1.66029447277374,2019-01-06
"R0_t",211,1.39693641138453,1.48109427461416,1.53160654198338,1.59118349285069,1.6763325927036,2019-01-13
"R0_t",212,1.39231407277175,1.47715946497359,1.53141088988693,1.59125751594175,1.6808432906649,2019-01-20
"R0_t",213,1.37488327210004,1.46235032453227,1.51919871979339,1.57222165275784,1.66964303622072,2019-01-27
"R0_t",214,1.34925813985708,1.44046537929593,1.49715878559101,1.54844202409219,1.64399585709295,2019-02-03
"R0_t",215,1.32148893507588,1.41216158365962,1.46462751795668,1.5110340031633,1.60455599298367,2019-02-10
"R0_t",216,1.2873560224955,1.37429772710937,1.42304412398361,1.47113481890837,1.56045196312303,2019-02-17
"R0_t",217,1.24768713930496,1.33410703149955,1.37845313903448,1.42444574966158,1.50642161471856,2019-02-24
"R0_t",218,1.209881845989,1.29077421995419,1.33136747785534,1.37565039501787,1.45230033953218,2019-03-03
"R0_t",219,1.17729411597493,1.25000408171891,1.28268970672775,1.3258934566528,1.39234031344561,2019-03-10
"R0_t",220,1.14233836262476,1.20881290615474,1.23857855968456,1.27849668103469,1.33409435200644,2019-03-17
"R0_t",221,1.11109435801175,1.16785274909038,1.1966384623418,1.22779261085362,1.28318780921233,2019-03-24
"R0_t",222,1.08349470186726,1.13176983642611,1.15660889037332,1.18243635154715,1.23379318440901,2019-03-31
"R0_t",223,1.05525935067254,1.10003364494091,1.12040777660697,1.1429313024953,1.18599369790483,2019-04-07
"R0_t",224,1.02908372659888,1.06843788943917,1.08845006163694,1.10790744512844,1.14590205944982,2019-04-14
"R0_t",225,1.01086841624155,1.04312679466543,1.05989113445496,1.07741363443812,1.11110325097036,2019-04-21
"R0_t",226,0.986244632822562,1.01948492193777,1.03653036897703,1.0537626644212,1.0825019374654,2019-04-28
"R0_t",227,0.965110852467923,0.99936669527583,1.01638419224118,1.03217039665925,1.05761925803608,2019-05-05
"R0_t",228,0.945458659145223,0.982273779561283,0.998812538771716,1.01552878458394,1.04130098019398,2019-05-12
"R0_t",229,0.928214911763057,0.96653935471874,0.983540915603277,1.00116139976837,1.02965216527343,2019-05-19
"R0_t",230,0.913602294402756,0.951370933950862,0.970141190594885,0.988241571757134,1.01679139932644,2019-05-26
"R0_t",231,0.902198334723026,0.938375213903852,0.957665475262653,0.978311776398222,1.007664937379,2019-06-02
"R0_t",232,0.889539631557408,0.926344388121503,0.945878938122925,0.967391662045292,0.999696577586914,2019-06-09
"R0_t",233,0.876027873383553,0.912759525382633,0.934370484934397,0.956778722442111,0.993622491322485,2019-06-16
"R0_t",234,0.862881585339884,0.901817474468219,0.924165427018998,0.945797921820056,0.9855022841351,2019-06-23
"R0_t",235,0.850201829712411,0.891380898501736,0.912252390131196,0.93388626143896,0.97535492229017,2019-06-30
"R0_t",236,0.837503322502969,0.88049722280035,0.901139547513608,0.922081646657796,0.9634989337501,2019-07-07
"R0_t",237,0.825211150060239,0.868282623691211,0.890187237354679,0.908815437108074,0.950669740133542,2019-07-14
"R0_t",238,0.814500687014314,0.857069237281915,0.879903568037633,0.898174497425654,0.936023142147403,2019-07-21
"R0_t",239,0.802046212437758,0.84429930767943,0.868715365773938,0.887689164036421,0.922332100587463,2019-07-28
"R0_t",240,0.793163913135051,0.836181004010659,0.856985937585314,0.87840114629742,0.912592492102585,2019-08-04
"R0_t",241,0.787454805167531,0.827817006038446,0.849780979309053,0.870016332144613,0.906427811286957,2019-08-11
"R0_t",242,0.782310903187381,0.823356514209536,0.843368576500882,0.862567641212839,0.904007304348276,2019-08-18
"R0_t",243,0.776374145765602,0.820688743044964,0.840624205372446,0.859319446115119,0.900243805464764,2019-08-25
"R0_t",244,0.779472984254957,0.820720469848933,0.841425250537813,0.86129643826486,0.902896399013184,2019-09-01
"R0_t",245,0.787337080750636,0.82702211242499,0.845221571844583,0.866837628818651,0.908431331467361,2019-09-08
"R0_t",246,0.794103079601234,0.836506285723602,0.854214388270872,0.87705513041677,0.917758646287686,2019-09-15
"R0_t",247,0.80632884327529,0.850346661345894,0.870495074539682,0.892142056107765,0.933565774185843,2019-09-22
"R0_t",248,0.828883878889723,0.871877133496832,0.890874975560215,0.914162361740099,0.955493766275684,2019-09-29
"R0_t",249,0.858043163176574,0.899038004491274,0.918114468166761,0.939228362444579,0.982633615873569,2019-10-06
"R0_t",250,0.892247589926095,0.931310783411581,0.950011606561436,0.970335233362056,1.01276378597429,2019-10-13
"R0_t",251,0.935235498851286,0.970648596144792,0.988912096673245,1.00806132986513,1.05175008004386,2019-10-20
"R0_t",252,0.978008987183188,1.01469276019478,1.03350102071782,1.05309048532003,1.09719707783977,2019-10-27
"R0_t",253,1.02709227892076,1.06373670645251,1.08290944208738,1.10272349631912,1.14853529352656,2019-11-03
"R0_t",254,1.08246783468577,1.11775956384557,1.13644459226504,1.15781456179767,1.20503669185153,2019-11-10
"R0_t",255,1.13560279375247,1.17342992826693,1.19343512068393,1.21583847296536,1.2674591985245,2019-11-17
"R0_t",256,1.1910518154474,1.22991683316186,1.25199007902338,1.27646901822076,1.33217304772158,2019-11-24
"R0_t",257,1.2386658411651,1.28461946538168,1.31075687199191,1.33994559964045,1.39046231113262,2019-12-01
"R0_t",258,1.28766595638229,1.338013931379,1.36923601776731,1.39858413275943,1.45942767150941,2019-12-08
"R0_t",259,1.32822840073492,1.3847167283503,1.42103968354368,1.45424148802711,1.51491181994486,2019-12-15
"R0_t",260,1.35599659856026,1.42323058099933,1.46332667614809,1.50304497100411,1.57412622251702,2019-12-22
"R0_t",261,1.37697050834439,1.45240515332538,1.49785433430445,1.54082432271999,1.62378085498458,2019-12-29
"R0_t",262,1.40140170172864,1.49529727920284,1.53965863907573,1.57787020091496,1.66677758746581,2020-01-05
"R0_t",263,1.41130313475625,1.51145627855539,1.55649844958457,1.59861544258746,1.69494351577569,2020-01-12
"R0_t",264,1.41275148274667,1.51165157187347,1.55864705230996,1.60302841169276,1.69928600158034,2020-01-19
"R0_t",265,1.40765735878359,1.49920276269979,1.54738837608425,1.59285508702535,1.68731007495387,2020-01-26
"R0_t",266,1.38717560650212,1.47430284448578,1.52308494067196,1.57043882196428,1.6730345286002,2020-02-02
"R0_t",267,1.36210587406138,1.43884232311877,1.48796570285246,1.53629551183031,1.63498270599371,2020-02-09
"R0_t",268,1.32128623236695,1.39717647118559,1.44400018118116,1.49035264749548,1.58015341519969,2020-02-16
"R0_t",269,1.27482488186186,1.34986581537075,1.39226534134251,1.43724422719289,1.52071661246001,2020-02-23
"R0_t",270,1.22803599915248,1.30043042807872,1.33783350148879,1.37927811914586,1.45770326056695,2020-03-01
"R0_t",271,1.17913252482504,1.24714077083,1.28139968872449,1.31951552113545,1.38445385046278,2020-03-08
"R0_t",272,1.13415834267694,1.1968698766809,1.22541693677321,1.25928384206041,1.3161775553892,2020-03-15
"R0_t",273,1.08982397069745,1.14454533224435,1.17207297513898,1.20159684781393,1.25140127274384,2020-03-22
"R0_t",274,1.04953057225911,1.09473170660128,1.1219699567686,1.14674815167738,1.19416656192795,2020-03-29
"R0_t",275,1.00794924446579,1.05028260744355,1.07387522725762,1.0935676357842,1.1398009914331,2020-04-05
"R0_t",276,0.972095688732609,1.00825236095656,1.0307475118438,1.04885003635732,1.08941464536954,2020-04-12
"R0_t",277,0.940822797492902,0.971138000598034,0.991370977844276,1.00717676487054,1.04479626080052,2020-04-19
"R0_t",278,0.907752225000055,0.935829058792151,0.953967293533408,0.971339555119397,1.00380233180886,2020-04-26
"R0_t",279,0.87791737039543,0.906124529075971,0.92401705887266,0.939800412037542,0.970010838776789,2020-05-03
"R0_t",280,0.851306218913816,0.879302913917101,0.895747361923386,0.912645764384686,0.939633074640485,2020-05-10
"R0_t",281,0.824605407804367,0.855226305853309,0.870864566797437,0.888141588722351,0.912627034071413,2020-05-17
"R0_t",282,0.799092536195074,0.832394890322091,0.850696376970565,0.866651674534171,0.892202024131551,2020-05-24
"R0_t",283,0.780967744552377,0.812075853045028,0.829536862328704,0.847088313273958,0.87557200274687,2020-05-31
"R0_t",284,0.760107300580837,0.792792061847289,0.811303505951826,0.829181146810516,0.860244348162365,2020-06-07
"R0_t",285,0.746545218235792,0.776288097881982,0.793877472939144,0.813234653330567,0.845880672837527,2020-06-14
"R0_t",286,0.731584129583904,0.758523409061003,0.777064473385717,0.797907902863914,0.831758685314457,2020-06-21
"R0_t",287,0.718424318505162,0.74432421031132,0.763972829386542,0.783154368901206,0.817097784861824,2020-06-28
"R0_t",288,0.703807988260846,0.730249519515181,0.751114872390372,0.769258420456756,0.804347644126602,2020-07-05
"R0_t",289,0.689237592326534,0.718625421750817,0.738459464034597,0.75695230808138,0.790247609535707,2020-07-12
"R0_t",290,0.679026554325567,0.707490407022503,0.72575507403039,0.745038144013796,0.779789061931675,2020-07-19
"R0_t",291,0.669269531113081,0.697554096945296,0.715387625186348,0.734384843864476,0.769736805107354,2020-07-26
"R0_t",292,0.66044250699227,0.691409537701985,0.708068822711648,0.725293576326575,0.76204878334611,2020-08-02
"R0_t",293,0.656753459475647,0.686376844223338,0.702325135051596,0.719198261999111,0.757978998244848,2020-08-09
"R0_t",294,0.655711299886002,0.683122144089499,0.70080723781991,0.716450193441312,0.756539173412365,2020-08-16
"R0_t",295,0.654707545384361,0.684264355671268,0.700353450019144,0.716824957569129,0.754410369111387,2020-08-23
"R0_t",296,0.658553939816233,0.689509800412506,0.704695359512058,0.721569094770856,0.760088228500288,2020-08-30
"R0_t",297,0.667295030224677,0.697767202832657,0.714938682431668,0.731382041722618,0.769381634971435,2020-09-06
"R0_t",298,0.6827638374744,0.71115482363441,0.728151509889936,0.746085433059787,0.781911027103359,2020-09-13
"R0_t",299,0.701328746241307,0.72976343762809,0.74737797771729,0.765859526223075,0.797490220916336,2020-09-20
"R0_t",300,0.72616426239342,0.754710855400149,0.773128654847779,0.792756638111525,0.822524782722666,2020-09-27
"R0_t",301,0.755728103126622,0.784225202193338,0.805250950279637,0.824142439975325,0.855705357404165,2020-10-04
"R0_t",302,0.790050126451085,0.822554248435018,0.842727744350631,0.860458948742201,0.893402493202163,2020-10-11
"R0_t",303,0.833900355931811,0.869441093655746,0.886889204750467,0.905794424414389,0.941571367309713,2020-10-18
"R0_t",304,0.88463453009129,0.919756737424015,0.938099073200273,0.957484174500048,0.994905199093714,2020-10-25
"R0_t",305,0.940997105327093,0.973697444359164,0.995127849803692,1.01529448624296,1.05905222017849,2020-11-01
"R0_t",306,0.999727364500252,1.03500185300229,1.05852196519977,1.07805995274533,1.12523756651724,2020-11-08
"R0_t",307,1.06109262277035,1.10153927614238,1.12417249283262,1.14661276487418,1.19096413435892,2020-11-15
"R0_t",308,1.12281720496462,1.1694069607206,1.19297049820157,1.2182643398432,1.26801050402725,2020-11-22
"R0_t",309,1.18658585796092,1.23883586888658,1.26241814879849,1.29311342272118,1.34726175805623,2020-11-29
"R0_t",310,1.23819499235723,1.30076163757207,1.33182897906093,1.36561650516179,1.42751662232043,2020-12-06
"R0_t",311,1.28921065382999,1.36219083662723,1.39723846215005,1.42706009757791,1.49477026287125,2020-12-13
"R0_t",312,1.33303341891365,1.41697016327137,1.45301840530006,1.48741233229127,1.55762863395804,2020-12-20
"R0_t",313,1.37625295051476,1.46077804013892,1.49998950802371,1.53703307179694,1.61027850391761,2020-12-27
"R0_t",314,1.33946798171794,1.4174882838768,1.45798964651628,1.50172648079074,1.59641822026118,2021-01-03
"R0_t",315,1.34663866554799,1.43388278889574,1.47737629069857,1.5210025269533,1.61813127367696,2021-01-10
"R0_t",316,1.34383695143718,1.43700488427266,1.4813443234263,1.5246061681638,1.62366753148893,2021-01-17
"R0_t",317,1.33456110535647,1.42630362187143,1.47399213827393,1.51639916539829,1.62050595157823,2021-01-24
"R0_t",318,1.32123429755285,1.40563956352587,1.45396893673218,1.49339209964693,1.60701468219418,2021-01-31
"R0_t",319,1.29804476305386,1.37549885442575,1.42256309284375,1.45960703587778,1.57373048693626,2021-02-07
"R0_t",320,1.26813744058444,1.33848048958735,1.3817977377186,1.41941424643735,1.52647664313724,2021-02-14
"R0_t",321,1.231973655632,1.29631131483892,1.33496901619682,1.37388013458195,1.4755621434017,2021-02-21
"R0_t",322,1.18826603446313,1.25119520571236,1.2843364001591,1.32423429729408,1.41705701352822,2021-02-28
"R0_t",323,1.13942647087841,1.20340244477871,1.23168978573991,1.27231326278275,1.35367414526717,2021-03-07
"R0_t",324,1.09337305354349,1.15671342181134,1.18363761915552,1.21920753351379,1.28627662843043,2021-03-14
"R0_t",325,1.05703089866752,1.10836407906825,1.13590921840725,1.16722241970458,1.22626853028533,2021-03-21
"R0_t",326,1.0148499248635,1.06636323534346,1.09026453413115,1.117901509917,1.17460015421274,2021-03-28
"R0_t",327,0.981022459241325,1.02525843296444,1.04807140312742,1.07066728140281,1.12112098012099,2021-04-04
"R0_t",328,0.950386617857732,0.990357989626564,1.008497906501,1.0286401973,1.07807669811569,2021-04-11
"R0_t",329,0.918503990859436,0.957817459404277,0.973295229201308,0.99050620187371,1.03509693107597,2021-04-18
"R0_t",330,0.890261251368871,0.926769805237908,0.941744551498003,0.958370424517222,1.00140834582165,2021-04-25
"R0_t",331,0.863068429257373,0.898468522324271,0.915277971622514,0.932544673688687,0.973821289339489,2021-05-02
"R0_t",332,0.843646558476112,0.87462983729419,0.890211620345414,0.910434502446767,0.945122388294155,2021-05-09
"R0_t",333,0.823609155229606,0.853219890576186,0.869360616954516,0.888031680225719,0.92308612509671,2021-05-16
"R0_t",334,0.8033999729642,0.833587179324079,0.851614360830697,0.86828035186586,0.903583251284909,2021-05-23
"R0_t",335,0.78214063785538,0.814965072487959,0.834864033323277,0.853188858990973,0.892749844802418,2021-05-30
"R0_t",336,0.761792508870444,0.798909280545446,0.817776343054362,0.837193948214749,0.879126451776159,2021-06-06
"R0_t",337,0.747859071813922,0.783795635903355,0.803291691381367,0.824383785851165,0.867836875295613,2021-06-13
"R0_t",338,0.726236360391034,0.768226740839751,0.79085956939101,0.810892595659622,0.859617545700883,2021-06-20
"R0_t",339,0.710548245000137,0.75464453749252,0.777200721484919,0.798717632499638,0.848681944000864,2021-06-27
"R0_t",340,0.695822228549261,0.742655784335942,0.764680022012967,0.785869258848394,0.837117073604162,2021-07-04
"R0_t",341,0.682911824724741,0.731433312052033,0.752246761916677,0.775793838254743,0.825189088005599,2021-07-11
"R0_t",342,0.670548835595894,0.720554532693136,0.741117444465618,0.763781731109698,0.815054207593385,2021-07-18
"R0_t",343,0.663267782811911,0.71057784445786,0.73078013947633,0.752712975317049,0.804626846362255,2021-07-25
"R0_t",344,0.65870373210243,0.702997319517172,0.722866576926523,0.745440991137379,0.790285609186422,2021-08-01
"R0_t",345,0.654698881882237,0.695687226160989,0.715977237788129,0.738519692549789,0.780464796060105,2021-08-08
"R0_t",346,0.652200715197962,0.692229257936203,0.711760689907166,0.732719616937181,0.776460162042777,2021-08-15
"R0_t",347,0.653310017118799,0.690826124688363,0.711124926645827,0.732950730468555,0.773041312160239,2021-08-22
"R0_t",348,0.659095565178189,0.694260605841461,0.712982544129825,0.736291799091309,0.771115343568972,2021-08-29
"R0_t",349,0.672688627470197,0.70144919688211,0.720486671926606,0.740660552232945,0.77283900157905,2021-09-05
"R0_t",350,0.686474000687545,0.713743691135428,0.731758888482284,0.751202403626764,0.782614203191005,2021-09-12
"R0_t",351,0.704134797792009,0.729937065068077,0.747566010021928,0.766137320577774,0.797175131474792,2021-09-19
"R0_t",352,0.72482796294943,0.751365611238942,0.769800467035282,0.787377064561162,0.816588415052188,2021-09-26
"R0_t",353,0.756055120073199,0.779186079937464,0.796877567100816,0.813329299502353,0.84246297715398,2021-10-03
"R0_t",354,0.7903644133867,0.814071813818735,0.830287205772573,0.846784302049901,0.875452662448271,2021-10-10
"R0_t",355,0.827466748916378,0.853851249851193,0.869163762927764,0.884460119679851,0.917664169089791,2021-10-17
"R0_t",356,0.869591759595615,0.897892654413669,0.915697852851544,0.930928944438883,0.967153671833527,2021-10-24
"R0_t",357,0.914959901803463,0.949854643554525,0.966893267774507,0.983161405114064,1.02112848684789,2021-10-31
"R0_t",358,0.9660252361831,1.00379994003752,1.02151196398282,1.04215773315314,1.0819397798725,2021-11-07
"R0_t",359,1.0217292352794,1.05992535431659,1.08342498103055,1.10399314356166,1.14989275424331,2021-11-14
"R0_t",360,1.07538560628246,1.121429859973,1.14698734227212,1.17130416854465,1.21814329618757,2021-11-21
"R0_t",361,1.13038103173334,1.18131423583635,1.21082653786555,1.23698805792374,1.29375933636829,2021-11-28
"R0_t",362,1.18607507959263,1.23538091408806,1.27350018245745,1.300399199753,1.36803579972232,2021-12-05
"R0_t",363,1.23219517182293,1.29146666527918,1.33033166454015,1.36051109777769,1.43246548986048,2021-12-12
"R0_t",364,1.27710317069814,1.34111614169989,1.38008816640448,1.41657999395724,1.49521796930996,2021-12-19
"R0_t",365,1.31230600948885,1.38054259865843,1.42042136887483,1.46327753528854,1.55108099858929,2021-12-26
"R0_t",366,1.62987857714486,1.71914451556226,1.77607541672443,1.82920082997115,1.93575785857655,2022-01-02
"R0_t",367,1.66037785676124,1.75236859785503,1.81084140379761,1.86220743512172,1.96690249855104,2022-01-09
"R0_t",368,1.67915417224534,1.769866679967,1.82499396960355,1.87695609130943,1.98044725785867,2022-01-16
"R0_t",369,1.67767371179599,1.76407719664278,1.8140729870343,1.86887042490755,1.96981350639003,2022-01-23
"R0_t",370,1.65911530349457,1.74496554990191,1.79329346902731,1.84728518057176,1.94109391014028,2022-01-30
"R0_t",371,1.63424001307589,1.70689152086453,1.7537909085192,1.80611470921229,1.90299879726157,2022-02-06
"R0_t",372,1.58338672196337,1.65701834898074,1.70124374067553,1.74723670817295,1.8622795310297,2022-02-13
"R0_t",373,1.52322247664979,1.59580957675811,1.63743760293851,1.68185069821573,1.79544876221087,2022-02-20
"R0_t",374,1.46105731640197,1.52798137475167,1.56954502946604,1.60605819628573,1.71627679402508,2022-02-27
"R0_t",375,1.39642409147992,1.4554823453439,1.49384644921338,1.52890311898999,1.62814201171487,2022-03-06
"R0_t",376,1.33178520101638,1.38467609308088,1.41803879505512,1.44943324969628,1.54009861622761,2022-03-13
"R0_t",377,1.26626101035886,1.31249186724879,1.34530761631425,1.37511706006188,1.45258744865593,2022-03-20
"R0_t",378,1.20086691280007,1.24171178209357,1.27268510357825,1.29998925822435,1.37458018480317,2022-03-27
"R0_t",379,1.13775654071251,1.17862263260989,1.20330716333808,1.22888380617332,1.29897016274117,2022-04-03
"R0_t",380,1.07567503489801,1.11924694226134,1.1413319805413,1.16394657334981,1.22673436572259,2022-04-10
"R0_t",381,1.02674314776311,1.06593117609854,1.08402515045814,1.10499844452132,1.15882468150414,2022-04-17
"R0_t",382,0.977798331273047,1.01425935061707,1.03280924873241,1.05193078858372,1.10228171962305,2022-04-24
"R0_t",383,0.930131875237584,0.967331893935079,0.986323290815719,1.0056579819691,1.05097380424822,2022-05-01
"R0_t",384,0.891093294349299,0.926821912331909,0.946162179436752,0.967532784258677,1.00853190176087,2022-05-08
"R0_t",385,0.854467154354566,0.888539807414805,0.90871850298309,0.931401135197945,0.971641760042874,2022-05-15
"R0_t",386,0.82079759925783,0.855197530784193,0.875637338137305,0.897945004963619,0.938411761570832,2022-05-22
"R0_t",387,0.785193897633857,0.826256669321894,0.847110777023349,0.869378351810984,0.906282158610481,2022-05-29
"R0_t",388,0.75075202559049,0.797845362233535,0.820967525919444,0.843313820001569,0.884613523641968,2022-06-05
"R0_t",389,0.722087681943863,0.772928938628389,0.79574644440242,0.821565945669788,0.864965058635607,2022-06-12
"R0_t",390,0.704179770076258,0.750986018970009,0.773543430835555,0.801044575944896,0.84484685651325,2022-06-19
"R0_t",391,0.678026880498243,0.730717033393678,0.753988596690567,0.7809526318657,0.829704529648618,2022-06-26
"R0_t",392,0.657146661789969,0.712838765502374,0.737447156941922,0.763865569408133,0.814651650125821,2022-07-03
"R0_t",393,0.643837336650413,0.696091564658351,0.721308563794762,0.747469630179483,0.79955973333762,2022-07-10
"R0_t",394,0.632060478579901,0.683342435906368,0.708042221014381,0.735889749467225,0.784183091858792,2022-07-17
"R0_t",395,0.624100769797776,0.671494171211364,0.696431117921468,0.723273474640486,0.774058848041454,2022-07-24
"R0_t",396,0.620409456685407,0.664226030777318,0.687884041554449,0.715121514856601,0.765449277389035,2022-07-31
"R0_t",397,0.61575332729451,0.659372026577445,0.682622145932289,0.709201285864316,0.757590952311817,2022-08-07
"R0_t",398,0.617213441782447,0.657995539279266,0.679842909793282,0.706916367698727,0.75201646416026,2022-08-14
"R0_t",399,0.622244460635835,0.660740150787578,0.682004061517692,0.707146350272643,0.74809191430653,2022-08-21
"R0_t",400,0.632611728351084,0.669834021650755,0.688391074624301,0.711917650622701,0.752078615283525,2022-08-28
"R0_t",401,0.646702959351464,0.683617994158733,0.700541555260567,0.723492954793293,0.763438208087595,2022-09-04
"R0_t",402,0.666241613109533,0.702534021230083,0.718766868499046,0.739483506368237,0.776072843809824,2022-09-11
"R0_t",403,0.694490147075212,0.726322556173068,0.74227014284228,0.761829101715813,0.793915284474266,2022-09-18
"R0_t",404,0.726252216149212,0.756340004323484,0.774522246458539,0.791183912545603,0.824995747593172,2022-09-25
"R0_t",405,0.765822392221036,0.794319973747824,0.813416772164168,0.830300053241369,0.86118445567469,2022-10-02
"R0_t",406,0.810404060470413,0.839806989580435,0.857966380178936,0.876162334165658,0.910936968954381,2022-10-09
"R0_t",407,0.854363970404992,0.892008334476331,0.91210392197582,0.930571036186751,0.974539344909809,2022-10-16
"R0_t",408,0.911352523255536,0.95217237598792,0.974033874031067,0.994733815228002,1.04031826647941,2022-10-23
"R0_t",409,0.980166237378197,1.01914632637599,1.04453986034694,1.06672144445293,1.12099644953755,2022-10-30
"R0_t",410,1.04641815601302,1.09245157153587,1.12301513169377,1.14618389335426,1.20518979676194,2022-11-06
"R0_t",411,1.12104370514588,1.17223686276372,1.20682060947678,1.2358941368732,1.30096597257924,2022-11-13
"R0_t",412,1.19958700833382,1.25844661288156,1.2948854468036,1.33058729415188,1.40386641161754,2022-11-20
"R0_t",413,1.28107705619567,1.34489676304765,1.38619436225779,1.4266600878471,1.50811100123939,2022-11-27
"R0_t",414,1.36203421226365,1.43437853856587,1.47766878346265,1.5243391305588,1.60997320997194,2022-12-04
"R0_t",415,1.43821669643293,1.51496237305426,1.56457749728879,1.61495981069601,1.70848769775118,2022-12-11
"R0_t",416,1.50828254166118,1.59190082666604,1.64154030301549,1.69768026469765,1.80319511842315,2022-12-18
"R0_t",417,1.57088587223041,1.65892451264082,1.71580510698767,1.76479221573451,1.88139735450552,2022-12-25
"R0_t",418,1.3103089524562,1.3736365917778,1.41510688827233,1.46307037646064,1.53876368982117,2023-01-01
"R0_t",419,1.31243288727504,1.3880985534359,1.43314120089396,1.48199607729309,1.56775258407016,2023-01-08
"R0_t",420,1.3120966224299,1.39241358991584,1.43879035371339,1.49126490822993,1.58947503129233,2023-01-15
"R0_t",421,1.3056856225142,1.3872642878204,1.43456884863131,1.48531019524043,1.58482635975131,2023-01-22
"R0_t",422,1.28745691038896,1.37164946775806,1.41830662291523,1.46989550964611,1.56863771656595,2023-01-29
"R0_t",423,1.26397425940641,1.34996981607289,1.39220192661394,1.44629440397631,1.53927922372384,2023-02-05
"R0_t",424,1.23445929877598,1.3196063547483,1.35938940720137,1.41100914967015,1.50995304152909,2023-02-12
"R0_t",425,1.20322037078855,1.28125358238778,1.3214096539034,1.36746809655946,1.45994351319973,2023-02-19
"R0_t",426,1.17197477151435,1.24140129242505,1.27935655123737,1.32164367838451,1.3948113821743,2023-02-26
"R0_t",427,1.13555694286447,1.19727379550664,1.23599731498599,1.27380262849584,1.34283863247184,2023-03-05
"R0_t",428,1.10151763347483,1.15550246123427,1.19085179715211,1.22869212036483,1.28738239373953,2023-03-12
"R0_t",429,1.06506436978047,1.11618786482385,1.14857193381387,1.17947753222607,1.24350856150785,2023-03-19
"R0_t",430,1.03199152417799,1.07810487060047,1.10727092704725,1.13373985617196,1.1973648394787,2023-03-26
"R0_t",431,1.00042043243002,1.04342332238058,1.06975133483452,1.09390072500569,1.1543970700948,2023-04-02
"R0_t",432,0.975641131344986,1.01264711396873,1.03601700889871,1.05606613678477,1.10998435346395,2023-04-09
"R0_t",433,0.948465263475875,0.983607785698795,1.00317701340049,1.02463857762734,1.07169265726519,2023-04-16
"R0_t",434,0.925932063267577,0.960075621508414,0.976192453279093,0.997124884346827,1.04077638762521,2023-04-23
"R0_t",435,0.905211418547867,0.936957625063668,0.954028591611186,0.974051392896435,1.00844474971528,2023-04-30
"R0_t",436,0.887184466774697,0.917930373912376,0.934337569464957,0.952501013586367,0.989287478858525,2023-05-07
"R0_t",437,0.872383005735131,0.899054779101585,0.918386309586027,0.936979607406866,0.97220826794786,2023-05-14
"R0_t",438,0.855763072450014,0.884635093692853,0.904004775383432,0.922827549944066,0.961196337109348,2023-05-21
"R0_t",439,0.838921394069459,0.871063676160569,0.890337340921463,0.9099465263286,0.949484162456258,2023-05-28
"R0_t",440,0.825430887402815,0.85755644656209,0.877374558339148,0.898479352252865,0.941441159409449,2023-06-04
"R0_t",441,0.813291780127245,0.845447206914841,0.866925764270655,0.888167936424974,0.931272820741325,2023-06-11
"R0_t",442,0.798010390099391,0.833658326892981,0.855787750203253,0.8775269953094,0.919625006420549,2023-06-18
"R0_t",443,0.784725581850118,0.82229933339795,0.844651826905411,0.867337626103527,0.90787429780546,2023-06-25
"R0_t",444,0.775057025373969,0.811132318410239,0.834947839422938,0.856399210727021,0.894736475066915,2023-07-02
"R0_t",445,0.763863052185493,0.799308810542067,0.823103403935704,0.84498763385663,0.885583403922873,2023-07-09
"R0_t",446,0.749172729901779,0.790221560375853,0.812447452727865,0.832470216672546,0.874061080031712,2023-07-16
"R0_t",447,0.73843083476477,0.78104658973459,0.802483720111336,0.824658681041455,0.861424344387024,2023-07-23
"R0_t",448,0.729062788822487,0.772838330068433,0.792359866228335,0.812875928372592,0.850453592692788,2023-07-30
"R0_t",449,0.724679747766325,0.763839264716454,0.781639589216622,0.805231036431968,0.838810165114113,2023-08-06
"R0_t",450,0.723573086736687,0.758598971572013,0.774316045447929,0.797521759149,0.830515598769017,2023-08-13
"R0_t",451,0.719454394453401,0.755329970038717,0.771364334654445,0.792730653411428,0.826229741104319,2023-08-20
"R0_t",452,0.719448418027935,0.752429471448219,0.770980682139824,0.789549046104424,0.823822765341656,2023-08-27
"R0_t",453,0.725667029596905,0.757418747340811,0.773470577498346,0.790969719917724,0.825743915034591,2023-09-03
"R0_t",454,0.731844375601755,0.764758302210224,0.781613125267884,0.796760302778123,0.833547991280859,2023-09-10
"R0_t",455,0.743119612385369,0.775018805862907,0.79261752951706,0.808058943004429,0.845706508978559,2023-09-17
"R0_t",456,0.760014162977712,0.791655140328208,0.809760881565693,0.824424397894647,0.864346453837325,2023-09-24
"R0_t",457,0.782797279773303,0.813327438744543,0.832009734911462,0.847477444213033,0.883640208246526,2023-10-01
"R0_t",458,0.810360543194418,0.84036112326039,0.858598559681682,0.875965563591091,0.90901872300398,2023-10-08
"R0_t",459,0.841521646473879,0.872309305434191,0.890783854822692,0.908504105815025,0.945933829292385,2023-10-15
"R0_t",460,0.880544928794459,0.91167456487723,0.931369994724254,0.946157924456127,0.988440889432878,2023-10-22
"R0_t",461,0.920511866780872,0.954565290094033,0.975102416797548,0.991892202258417,1.03820227470602,2023-10-29
"R0_t",462,0.965346787739912,1.00295158212911,1.02365881294404,1.04209189224108,1.08709478458302,2023-11-05
"R0_t",463,1.01565048857362,1.05547419404891,1.07629933019068,1.09802992303958,1.14227224372107,2023-11-12
"R0_t",464,1.06462021636894,1.10824206318469,1.13095013750625,1.1539426250122,1.20263989501224,2023-11-19
"R0_t",465,1.11666655546586,1.16189360344201,1.18585648805993,1.21208879422991,1.26867933418486,2023-11-26
"R0_t",466,1.16929179032567,1.21410931547263,1.24245259596069,1.27183524562859,1.33137701015151,2023-12-03
"R0_t",467,1.21148510718022,1.26723593330029,1.29272830345482,1.32967499651194,1.39319417159425,2023-12-10
"R0_t",468,1.24677465087791,1.30950107216349,1.33760574612512,1.37975016307896,1.44981771795182,2023-12-17
"R0_t",469,1.27566560921791,1.34578369738082,1.37877902483732,1.42412997807397,1.49870161420073,2023-12-24
"R0_t",470,1.30846828048604,1.37068413021454,1.41034213634356,1.45932341771683,1.53350115383372,2023-12-31
"R0_t",471,1.53168738541245,1.61729464270535,1.66806790522539,1.71175900742034,1.81112006847247,2024-01-07
"R0_t",472,1.54375216284207,1.63792895967887,1.68705451410694,1.7330856607724,1.8375339292523,2024-01-14
"R0_t",473,1.53678055529996,1.63623948260635,1.69145748388766,1.73597126916707,1.85182335023735,2024-01-21
"R0_t",474,1.5173659233327,1.62094178482711,1.67361060285629,1.72545435712271,1.8427907090319,2024-01-28
"R0_t",475,1.48702775038259,1.58936338316192,1.64156237066979,1.69564962920708,1.80933437900155,2024-02-04
"R0_t",476,1.44379427839985,1.54565746019394,1.59775329277805,1.64831449059719,1.75745469499218,2024-02-11
"R0_t",477,1.39615844432527,1.49001357269168,1.54396467419836,1.59350889020235,1.69660810831236,2024-02-18
"R0_t",478,1.34322648114718,1.42751331597294,1.4820650548829,1.52638489986849,1.62781943462844,2024-02-25
"R0_t",479,1.28535371508529,1.36577785057249,1.41317896336459,1.45698545694075,1.55816867263377,2024-03-03
"R0_t",480,1.23345519313697,1.29958951238872,1.34607244904653,1.3852943613316,1.47322927066531,2024-03-10
"R0_t",481,1.17537822401084,1.2364301450837,1.27577752419039,1.31439025365748,1.39131589074081,2024-03-17
"R0_t",482,1.11614220838083,1.17489260898978,1.20813044732355,1.24417976735182,1.31630907579962,2024-03-24
"R0_t",483,1.06106754343013,1.1143426537991,1.14573309310288,1.17608647567929,1.24328972357936,2024-03-31
"R0_t",484,1.01487061684057,1.05962782086249,1.08666686697519,1.11155166370405,1.17598847767052,2024-04-07
"R0_t",485,0.968284086425347,1.01056458746783,1.03164875364309,1.05449715143476,1.11638685369066,2024-04-14
"R0_t",486,0.920626171778307,0.964596625447172,0.980881546635358,1.0032608741554,1.06141109257105,2024-04-21
"R0_t",487,0.884493357266243,0.921636338184131,0.93905617841412,0.959172088016077,1.01285133085322,2024-04-28
"R0_t",488,0.845881701602435,0.884420465020758,0.90084015106603,0.920368418561395,0.969210002280665,2024-05-05
"R0_t",489,0.813517102458822,0.848385699459747,0.864812184548539,0.885869797632004,0.931592137448861,2024-05-12
"R0_t",490,0.781626557029285,0.816901526509474,0.833764505147746,0.85481302895451,0.9009531896715,2024-05-19
"R0_t",491,0.75428396296557,0.788366627843672,0.806911455304409,0.828269910661208,0.874398426543707,2024-05-26
"R0_t",492,0.724055857978594,0.762092101457203,0.780840517927093,0.804391783830386,0.854156500063205,2024-06-02
"R0_t",493,0.698254992397509,0.738599978943566,0.758506044334178,0.781539044097167,0.833303983938332,2024-06-09
"R0_t",494,0.676845767537161,0.717789280324147,0.739113757788308,0.761415318020108,0.815867309983314,2024-06-16
"R0_t",495,0.65879862722729,0.699931883312227,0.719518561633735,0.742294503709493,0.799614073096156,2024-06-23
"R0_t",496,0.636277122200995,0.682243443354491,0.702781926794057,0.724664667714914,0.782675044478861,2024-06-30
"R0_t",497,0.62510375916743,0.666107810823837,0.686985133402652,0.70893778618451,0.770019252368567,2024-07-07
"R0_t",498,0.616925975005242,0.652595806601386,0.674619692714202,0.695908794490389,0.755745434410199,2024-07-14
"R0_t",499,0.605445793402662,0.640958028500966,0.662809992523939,0.685013855310205,0.742914582184011,2024-07-21
"R0_t",500,0.599030003223163,0.632233254901867,0.655187909917594,0.674471712491837,0.732476134458587,2024-07-28
"R0_t",501,0.596174774407251,0.626093599355487,0.64743882438921,0.668682473499042,0.722294203181898,2024-08-04
"R0_t",502,0.595833417158493,0.624043210218157,0.644033647307848,0.665763037798855,0.715516258324675,2024-08-11
"R0_t",503,0.59767783533626,0.623573619393979,0.644436069780862,0.666261466443164,0.714313799207518,2024-08-18
"R0_t",504,0.603566599154424,0.630172673330492,0.649036549853814,0.670090632831481,0.712408543406907,2024-08-25
"R0_t",505,0.612066498180009,0.640305688280256,0.657777152733569,0.678964806737111,0.715188333361294,2024-09-01
"R0_t",506,0.628066501797622,0.654945248710854,0.671927593771396,0.69164806477669,0.728427834892836,2024-09-08
"R0_t",507,0.648270684583794,0.675005736348419,0.692382409542113,0.710755844482124,0.748374006083101,2024-09-15
"R0_t",508,0.670973860399056,0.701182899635946,0.719325245285391,0.73653122259533,0.772744293264575,2024-09-22
"R0_t",509,0.701601887030742,0.732823275059506,0.751395541547945,0.769302985542621,0.804701587101879,2024-09-29
"R0_t",510,0.737750027466464,0.771559311328808,0.790601936696136,0.80830193029557,0.843035810150581,2024-10-06
"R0_t",511,0.781830567251985,0.817775599032572,0.837231920842167,0.855697280245435,0.893129316909651,2024-10-13
"R0_t",512,0.832375591498434,0.87220044947459,0.89150945948781,0.911127452078264,0.953631723891386,2024-10-20
"R0_t",513,0.891369889475841,0.934587536781726,0.95305826031613,0.974027121415112,1.02384731046103,2024-10-27
"R0_t",514,0.953811835856667,1.00098925213715,1.02139544810247,1.04354698767468,1.09930775689767,2024-11-03
"R0_t",515,1.0260292617967,1.07409224384266,1.09725425063744,1.12005527105295,1.17817627102535,2024-11-10
"R0_t",516,1.10241783834197,1.15156878289147,1.17772508660254,1.20025590798305,1.2671381637823,2024-11-17
"R0_t",517,1.17863513410733,1.23259640776616,1.25988421903118,1.28874337830952,1.35942253602058,2024-11-24
"R0_t",518,1.2544308289717,1.31301535772947,1.34429801919491,1.37473021145112,1.44805388575657,2024-12-01
"R0_t",519,1.3288700363851,1.39242140020034,1.42701141585376,1.46115644568841,1.54149956831908,2024-12-08
"R0_t",520,1.39656116774432,1.46344704204052,1.50209730447611,1.53959504959127,1.61584634244601,2024-12-15
"R0_t",521,1.45135259164489,1.52360054912448,1.56815742513973,1.61033198585552,1.6973276519201,2024-12-22
"R0_t",522,1.49838493089305,1.57956222199422,1.62220905882572,1.6665309493353,1.75668101902668,2024-12-29
"R0_t",523,1.10465124659506,1.17817271085979,1.2217172997195,1.26373377018761,1.35373108632238,2025-01-05
"R0_t",524,1.10013145760041,1.1810854313593,1.22605168617607,1.26816415580551,1.35932070420777,2025-01-12
"R0_t",525,1.09416182900924,1.17633375899181,1.22210962251302,1.2653786896837,1.35974561188831,2025-01-19
"R0_t",526,1.08451915703429,1.16483854939737,1.21022053790522,1.25253275082589,1.3492112546424,2025-01-26
"R0_t",527,1.0692277378332,1.14640555191312,1.19316234631913,1.23559739068016,1.32966775159777,2025-02-02
"R0_t",528,1.05253877844211,1.12615196916358,1.17233812952042,1.21291966129112,1.30449320775188,2025-02-09
"R0_t",529,1.03529021454475,1.10233097939759,1.14621166107088,1.18511967873287,1.26934665648321,2025-02-16
"R0_t",530,1.01355076256575,1.07363052532108,1.11632304189442,1.15381381915861,1.24117831907194,2025-02-23
"R0_t",531,0.99021997326528,1.0496604075744,1.08775387946233,1.12013477476693,1.20983840699055,2025-03-02
"R0_t",532,0.96572214604149,1.02537239751212,1.0579480755836,1.08965487383031,1.17426518954267,2025-03-09
"R0_t",533,0.946855737017343,1.00056761578228,1.03119031507798,1.06066381123494,1.13924083836574,2025-03-16
"R0_t",534,0.933498462629497,0.979666358599146,1.00656743066376,1.03374882529856,1.10974555528628,2025-03-23
"R0_t",535,0.920714699133792,0.960911628986405,0.984591687141337,1.00942229327114,1.08137112048654,2025-03-30
"R0_t",536,0.903768842314149,0.946549794782123,0.966535004214206,0.989498843733298,1.05700944486421,2025-04-06
"R0_t",537,0.897950612531274,0.933186637300778,0.953073738861096,0.971800475745629,1.03927778416114,2025-04-13
"R0_t",538,0.894633244421786,0.922751275931754,0.942537736373905,0.959918839646452,1.02131997243664,2025-04-20
"R0_t",539,0.8875486574269,0.915989289928517,0.93420018763898,0.955215171842225,1.00583543379015,2025-04-27
"R0_t",540,0.882757763320952,0.910611622144847,0.929630550177629,0.949106426056522,0.995118775759991,2025-05-04
"R0_t",541,0.880094736798649,0.906749113446345,0.927397914485356,0.945587365728789,0.991274508290942,2025-05-11
"R0_t",542,0.878855974111042,0.906313702406772,0.926199573561065,0.944869754134841,0.985926473462963,2025-05-18
"R0_t",543,0.871613287505579,0.904910060865779,0.927525378224521,0.945729408242262,0.99090997643566,2025-05-25
"R0_t",544,0.872855235660553,0.904039886481779,0.927319466366343,0.946669501209463,0.991222394107741,2025-06-01
"R0_t",545,0.871978213948456,0.904049132770976,0.926235903475789,0.946995490981805,0.992042801998868,2025-06-08
"R0_t",546,0.86711624508633,0.902531596753591,0.926299535042427,0.947476110104521,0.992380396318398,2025-06-15
"R0_t",547,0.860509812314735,0.899620349468042,0.924487408394859,0.946037166315254,0.990846818610749,2025-06-22
"R0_t",548,0.853013990698597,0.895806654077346,0.920368947947956,0.943439643533958,0.987010473196093,2025-06-29
"R0_t",549,0.839963279495254,0.888346971361182,0.914656927346054,0.936124810694499,0.984249323254957,2025-07-06
"R0_t",550,0.83150967922686,0.882254082457913,0.907339871058679,0.927374965168963,0.977485629241438,2025-07-13
"R0_t",551,0.820004874114476,0.873262890673981,0.897523439128528,0.917475554824716,0.968553169166709,2025-07-20
"R0_t",552,0.811695053115646,0.864037554250381,0.888317886084011,0.907357005604118,0.958621988598571,2025-07-27
"R0_t",553,0.804970192303555,0.853252227532766,0.877062872138334,0.897045820325524,0.948059475935845,2025-08-03
"R0_t",554,0.796497802678699,0.842667488641614,0.865812967547052,0.885346909342287,0.932018235852671,2025-08-10
"R0_t",555,0.790829603830011,0.834259589164117,0.855938987178933,0.874034615585088,0.9230559980883,2025-08-17
"R0_t",556,0.783087153621541,0.827263785107895,0.848078533898012,0.866212904056479,0.912043854358267,2025-08-24
"R0_t",557,0.780845084623498,0.821038718709826,0.842093152809259,0.86081733587967,0.903892092643042,2025-08-31
"R0_t",558,0.780667370266279,0.817461162092899,0.840275927359718,0.858727522583084,0.899369985822781,2025-09-07
"R0_t",559,0.784803368262866,0.817827147078964,0.840742926196475,0.859130611952274,0.898273217171224,2025-09-14
"R0_t",560,0.788417017698419,0.823543725078977,0.844100563171724,0.863568271367905,0.898123236384644,2025-09-21
"R0_t",561,0.800618859122743,0.832465205160431,0.853015066854578,0.870251303532839,0.904303438746573,2025-09-28
"R0_t",562,0.819057274086579,0.846022562176659,0.866409702346753,0.883279190751815,0.916947666267783,2025-10-05
"R0_t",563,0.835680520348941,0.86580974319317,0.882332319215782,0.900600856855063,0.938123362494611,2025-10-12
"R0_t",564,0.86101252199433,0.888051485044846,0.904751910537952,0.921789221206039,0.96561031016367,2025-10-19
"R0_t",565,0.885862075317778,0.914103588401835,0.929928170230232,0.947956481753983,0.99942842465356,2025-10-26
"R0_t",566,0.908466831692216,0.94426538015084,0.959083702126624,0.980784689629639,1.02503952074358,2025-11-02
"R0_t",567,0.935897200687921,0.976386510438199,0.99317041077597,1.01729153550061,1.06740995833467,2025-11-09
"R0_t",568,0.968182884431706,1.00856565440367,1.02835089672938,1.05420793250261,1.10960941805859,2025-11-16
"R0_t",569,0.997448024602277,1.04161349416433,1.06371913140672,1.09118658745987,1.15218069713622,2025-11-23
"R0_t",570,1.02420466111879,1.07338043403169,1.09978091736114,1.13039698732474,1.20375140081233,2025-11-30
"R0_t",571,1.04374310630578,1.10359721119789,1.133747502742,1.16695521063731,1.25037777635769,2025-12-07
"R0_t",572,1.07167413773808,1.1300713557529,1.16397948487348,1.20021871684396,1.28887173321678,2025-12-14
"R0_t",573,1.08814898252186,1.15149937493219,1.18929276146549,1.22713630928842,1.31847380582213,2025-12-21
"R_eff_t",1,1.36361450158905,1.57884698725946,1.69532120489509,1.8142506978745,2.07394860274182,2015-01-04
"R_eff_t",2,1.36123393538692,1.59336284933821,1.71038860993075,1.83373483283007,2.11383115219535,2015-01-11
"R_eff_t",3,1.35176693561776,1.59218905095482,1.71502978495684,1.84117310095374,2.13165728903962,2015-01-18
"R_eff_t",4,1.34116856396538,1.58108521393678,1.69686271255661,1.83036573690994,2.12703967759006,2015-01-25
"R_eff_t",5,1.32561547294109,1.56121435059316,1.67544858460353,1.80562317321946,2.10101463785931,2015-02-01
"R_eff_t",6,1.30608905595767,1.53011103698595,1.63998398710669,1.76577633041874,2.05587779290934,2015-02-08
"R_eff_t",7,1.28367113926411,1.49136843677509,1.59683941273849,1.72085531899612,2.00308750620416,2015-02-15
"R_eff_t",8,1.25947913106305,1.447516776919,1.54930820121815,1.66456265174902,1.92791510196303,2015-02-22
"R_eff_t",9,1.22823662975534,1.39834749771857,1.49825242204028,1.60457410833077,1.84016211376196,2015-03-01
"R_eff_t",10,1.19242335301313,1.3567521374704,1.44566530119922,1.54154868243407,1.75905310769082,2015-03-08
"R_eff_t",11,1.15898955498325,1.31020192740386,1.39426607665466,1.47657987449852,1.67978147669252,2015-03-15
"R_eff_t",12,1.12880544064275,1.26544963087815,1.34575597745355,1.41585742165961,1.60768038980682,2015-03-22
"R_eff_t",13,1.1125066854991,1.2275411964155,1.29878832613032,1.36487501758975,1.53161580091918,2015-03-29
"R_eff_t",14,1.09299868941284,1.19524912965548,1.25856962126181,1.31353865901281,1.46118149578319,2015-04-05
"R_eff_t",15,1.07238088863098,1.1637978190351,1.2212120570179,1.2665765412245,1.39351686597064,2015-04-12
"R_eff_t",16,1.06161777161131,1.14063721795517,1.18847783687143,1.22660801421628,1.33011666458847,2015-04-19
"R_eff_t",17,1.04899267716816,1.12051681483964,1.16011109159343,1.1918873076474,1.27167087728139,2015-04-26
"R_eff_t",18,1.03633253501734,1.10066537976218,1.13351682031224,1.16184592546406,1.2258743637012,2015-05-03
"R_eff_t",19,1.02613359855875,1.08236725332781,1.10968262588284,1.13790319251389,1.19017569676711,2015-05-10
"R_eff_t",20,1.01735183026578,1.0653301232845,1.09019019148897,1.11596771390682,1.16059139199828,2015-05-17
"R_eff_t",21,1.00492996834586,1.04996005797056,1.07344449917214,1.10189285573375,1.14535204424894,2015-05-24
"R_eff_t",22,0.99726197694453,1.03314604046946,1.05732148796414,1.08696010401406,1.13580953551413,2015-05-31
"R_eff_t",23,0.980776088959716,1.0177357896285,1.04552069840664,1.07344645874827,1.12604384240985,2015-06-07
"R_eff_t",24,0.963499716779702,1.00423047420949,1.03387971044467,1.06055350739526,1.11483702108165,2015-06-14
"R_eff_t",25,0.947731329287372,0.992868965433615,1.02098273878961,1.05052720713384,1.10522760067636,2015-06-21
"R_eff_t",26,0.928865586397718,0.979197735340531,1.00636891135326,1.03756948675857,1.0931600036385,2015-06-28
"R_eff_t",27,0.910766202027227,0.966103011740433,0.994538354313288,1.02605416920551,1.08152671825174,2015-07-05
"R_eff_t",28,0.896548970614087,0.954026134705451,0.983978454062533,1.01351189854611,1.06803810218199,2015-07-12
"R_eff_t",29,0.882814914974328,0.939827298542339,0.971604984792546,0.99945591779789,1.05296932391484,2015-07-19
"R_eff_t",30,0.872448216432434,0.925345121639698,0.959173331285554,0.985703373943811,1.04298656783088,2015-07-26
"R_eff_t",31,0.860278364193287,0.915704918022267,0.947604546525244,0.973807681977039,1.03418923454354,2015-08-02
"R_eff_t",32,0.848302254233936,0.905348587580409,0.937537913229795,0.963842842255451,1.02098531258727,2015-08-09
"R_eff_t",33,0.848764389209572,0.900903769226388,0.93104639303268,0.957406203235983,1.01421430997837,2015-08-16
"R_eff_t",34,0.845417286493538,0.898486133366886,0.925112340099782,0.952735030537878,1.00810459107184,2015-08-23
"R_eff_t",35,0.850076078686883,0.900335961121379,0.924358720516638,0.951436966977523,0.998532197575564,2015-08-30
"R_eff_t",36,0.855737535792496,0.905891810320704,0.930897254665774,0.954037972135888,0.999931841854789,2015-09-06
"R_eff_t",37,0.868555726913494,0.91601813437905,0.941121988272209,0.963842970452862,1.00622880737146,2015-09-13
"R_eff_t",38,0.887909196730568,0.931640600700475,0.95609114254637,0.978189938995806,1.0209297168327,2015-09-20
"R_eff_t",39,0.91256802983106,0.951817670564192,0.979196661008908,1.00136387213937,1.04036348346409,2015-09-27
"R_eff_t",40,0.937049189800638,0.978963169883047,1.00577739376544,1.02928763941069,1.07111519658089,2015-10-04
"R_eff_t",41,0.965520237025848,1.01539597559581,1.04040711144878,1.06597465658346,1.11148613846395,2015-10-11
"R_eff_t",42,0.998302854496582,1.05375496561528,1.08228259725673,1.10737353987972,1.1600251830829,2015-10-18
"R_eff_t",43,1.03302765115622,1.09897638327937,1.12955281561945,1.15964143122939,1.21680815189417,2015-10-25
"R_eff_t",44,1.07737454157002,1.1498061103683,1.18357604986196,1.22172139221407,1.29474245920979,2015-11-01
"R_eff_t",45,1.11757602072021,1.20208367324059,1.24433246786951,1.28956477370417,1.37486183961808,2015-11-08
"R_eff_t",46,1.158232881661,1.25811992450517,1.30999054307836,1.36057083912547,1.46795871563595,2015-11-15
"R_eff_t",47,1.2030765912511,1.31483625726612,1.37684546429353,1.43828405109723,1.56271217406725,2015-11-22
"R_eff_t",48,1.24498512906695,1.37141602604942,1.4424555323987,1.5102596609491,1.65470341848525,2015-11-29
"R_eff_t",49,1.28404040423653,1.42503042114767,1.50551275599891,1.5855027377037,1.74805579874792,2015-12-06
"R_eff_t",50,1.31412892445928,1.47687098997098,1.56292520077368,1.65248415350552,1.83903258534918,2015-12-13
"R_eff_t",51,1.34107119757879,1.51883547639694,1.61819843220367,1.71320504957845,1.92274345897451,2015-12-20
"R_eff_t",52,1.35423504766863,1.55212649954918,1.66283559847932,1.76244650719002,2.00341296480407,2015-12-27
"R_eff_t",53,1.62871064182071,1.73887752696162,1.80556558071789,1.86531398103453,2.00175493473053,2016-01-03
"R_eff_t",54,1.66007055543644,1.76972113459363,1.84158397171884,1.90199517832681,2.03925606412089,2016-01-10
"R_eff_t",55,1.66720824588143,1.78380174695459,1.85642868453589,1.9183275507056,2.05117882525652,2016-01-17
"R_eff_t",56,1.6639697787443,1.78051045429267,1.85186053822436,1.91494136402976,2.04058056254886,2016-01-24
"R_eff_t",57,1.65304018414582,1.76210896544227,1.82673592692158,1.8902406742847,2.01369407662747,2016-01-31
"R_eff_t",58,1.61957030101251,1.7219574685707,1.78446474264071,1.84826724670998,1.9568764437821,2016-02-07
"R_eff_t",59,1.57887645908012,1.6687466698866,1.72615036942266,1.79144895833228,1.89162826796159,2016-02-14
"R_eff_t",60,1.5188218091887,1.60747487113514,1.65999167340836,1.72077657873186,1.81259273630015,2016-02-21
"R_eff_t",61,1.44801878377428,1.53792413679688,1.58948295452892,1.64110529397986,1.72792444164054,2016-02-28
"R_eff_t",62,1.3771473443772,1.46387934193825,1.51522164695337,1.5595745604471,1.63407238392218,2016-03-06
"R_eff_t",63,1.30865240359112,1.39012129890816,1.43781764369794,1.4764275038959,1.54454064025305,2016-03-13
"R_eff_t",64,1.24422965785718,1.31517522266154,1.35849961509895,1.39407339510585,1.45260820221685,2016-03-20
"R_eff_t",65,1.18468513662617,1.24507836819004,1.28218669657424,1.31528242021988,1.36727112516975,2016-03-27
"R_eff_t",66,1.12842422146496,1.17858481876953,1.21097864716685,1.2433997159941,1.29199576466129,2016-04-03
"R_eff_t",67,1.07536766242707,1.11939649919885,1.14723904424729,1.17162212591068,1.21805836388773,2016-04-10
"R_eff_t",68,1.02418585720549,1.06104912405189,1.0866084601795,1.10708316192541,1.15087302725783,2016-04-17
"R_eff_t",69,0.975191812432137,1.01315778198989,1.03111386739706,1.04877673193269,1.08941516867861,2016-04-24
"R_eff_t",70,0.930741145483807,0.96736429421359,0.983960727582181,1.00060744005927,1.03882011711511,2016-05-01
"R_eff_t",71,0.890784546826753,0.923806312431245,0.940273657160466,0.958128287121724,0.99026775685359,2016-05-08
"R_eff_t",72,0.85533947183531,0.885259147237819,0.900317686154673,0.92036379438886,0.951147484717401,2016-05-15
"R_eff_t",73,0.817721202315372,0.849107593773384,0.865399777471525,0.887224687244673,0.921164471981492,2016-05-22
"R_eff_t",74,0.783527823428515,0.816327290818014,0.835118546581475,0.85810587720849,0.891336353858001,2016-05-29
"R_eff_t",75,0.752111914770252,0.786504800658988,0.808040054140916,0.831935244472695,0.871567834638384,2016-06-05
"R_eff_t",76,0.724276447552929,0.760522215400035,0.7847415819622,0.80526545974056,0.852475082459444,2016-06-12
"R_eff_t",77,0.699662253933911,0.737591671105857,0.762337725273213,0.785078791644798,0.830504886175533,2016-06-19
"R_eff_t",78,0.676953390478467,0.72022346272574,0.742646261535165,0.76499865291793,0.810871342715605,2016-06-26
"R_eff_t",79,0.657311267961765,0.70248601148564,0.72492309521891,0.747447326852398,0.793688494602763,2016-07-03
"R_eff_t",80,0.640822089529917,0.68709118380499,0.709296244553185,0.732105365016688,0.775670749295566,2016-07-10
"R_eff_t",81,0.627184788413882,0.674211688059869,0.695838019926952,0.718709501763874,0.759845064542386,2016-07-17
"R_eff_t",82,0.618009939007373,0.664396739143276,0.684576366689271,0.70708635535723,0.748154101440216,2016-07-24
"R_eff_t",83,0.611998258355131,0.655354467092366,0.677538290338123,0.69748281878223,0.737957843306151,2016-07-31
"R_eff_t",84,0.612845599467642,0.651162479511295,0.672055261259809,0.692014228381802,0.730910805861482,2016-08-07
"R_eff_t",85,0.61236507978908,0.650481272683194,0.669393351305065,0.689396139044804,0.727470437370602,2016-08-14
"R_eff_t",86,0.618732813263815,0.653879175638527,0.671740811267349,0.69174933933633,0.729640918880377,2016-08-21
"R_eff_t",87,0.631980590688805,0.662475114234275,0.679531534488749,0.699410742980401,0.732367592204274,2016-08-28
"R_eff_t",88,0.647941954953047,0.676976256845267,0.691741404120868,0.709538191415026,0.741564785268175,2016-09-04
"R_eff_t",89,0.670468452839633,0.695557144986986,0.711393390503117,0.727243340222934,0.758460450709102,2016-09-11
"R_eff_t",90,0.69122567652458,0.720663514553423,0.736877354141991,0.751021431750368,0.783620335486646,2016-09-18
"R_eff_t",91,0.720852846349115,0.752028644085402,0.768276726204885,0.78450443140309,0.815465354378951,2016-09-25
"R_eff_t",92,0.761281624396859,0.790655964400737,0.806468963060237,0.825024450509773,0.861146050437538,2016-10-02
"R_eff_t",93,0.799094053455235,0.835713627913041,0.855029419886849,0.873388215675177,0.916881460323065,2016-10-09
"R_eff_t",94,0.848578963953315,0.887534115593161,0.909145582072594,0.930984113540397,0.983161818975995,2016-10-16
"R_eff_t",95,0.905774513875489,0.948722494866109,0.973416174991018,0.998809760500751,1.06074755007531,2016-10-23
"R_eff_t",96,0.972862464919342,1.01768296766784,1.04465151842003,1.07396623150799,1.14580661406845,2016-10-30
"R_eff_t",97,1.04753482759873,1.09574888421426,1.12536065068333,1.15891284473399,1.24366735346495,2016-11-06
"R_eff_t",98,1.12683975645453,1.17787131328642,1.21168586612584,1.25049201242031,1.34338807590256,2016-11-13
"R_eff_t",99,1.20384864030591,1.2658163698238,1.3030214643695,1.34829668465593,1.4476683362184,2016-11-20
"R_eff_t",100,1.29262026336317,1.35375647008799,1.39693260893251,1.44579079529283,1.55581609124263,2016-11-27
"R_eff_t",101,1.37465077746937,1.4443350182204,1.48941462399338,1.54156333784716,1.6643768367029,2016-12-04
"R_eff_t",102,1.45217908849059,1.53260809321594,1.57739384290368,1.63668557523269,1.75664069580634,2016-12-11
"R_eff_t",103,1.52370121581933,1.60843490915813,1.66315248284651,1.7221330177382,1.8370339050286,2016-12-18
"R_eff_t",104,1.57711910463906,1.67409986060115,1.7337976529653,1.79539400613528,1.91487453509815,2016-12-25
"R_eff_t",105,1.24296952029986,1.30776123033711,1.34292893001368,1.37684566494148,1.45502873001077,2017-01-01
"R_eff_t",106,1.25412021454177,1.32398715179677,1.35984388161391,1.39442999452112,1.47981372720174,2017-01-08
"R_eff_t",107,1.25054219047468,1.32885835738296,1.36655010750812,1.4043077180014,1.49053767944025,2017-01-15
"R_eff_t",108,1.24267261345226,1.323971342275,1.36203411217606,1.40265547726194,1.48639683065902,2017-01-22
"R_eff_t",109,1.22985234467371,1.3089051902795,1.34479079656387,1.38483572676857,1.46907720676931,2017-01-29
"R_eff_t",110,1.20200353937756,1.28325389462566,1.32077606594269,1.36087356412186,1.44061891136603,2017-02-05
"R_eff_t",111,1.1723285709786,1.25100908445089,1.28766908595982,1.32679010373463,1.40561762101764,2017-02-12
"R_eff_t",112,1.13943100447849,1.21571657594241,1.24847970196333,1.28495449703675,1.3615549046274,2017-02-19
"R_eff_t",113,1.10338139656742,1.17471030260582,1.20692496441718,1.23785343108324,1.31172045551484,2017-02-26
"R_eff_t",114,1.06773214084223,1.13273542697513,1.1606610402227,1.1939879525779,1.25684821013442,2017-03-05
"R_eff_t",115,1.03081665014584,1.09031859553321,1.11643326995967,1.14677392643583,1.20352788069723,2017-03-12
"R_eff_t",116,0.994483826463715,1.04929798752449,1.07237197586747,1.10019602826067,1.1501205311386,2017-03-19
"R_eff_t",117,0.964403041607272,1.00959292412571,1.03175049065967,1.05599285204112,1.10069963137225,2017-03-26
"R_eff_t",118,0.934967937382796,0.974230729175889,0.99458095464415,1.01486950434513,1.05078685758962,2017-04-02
"R_eff_t",119,0.90338252574663,0.941004535242788,0.960082299146691,0.977186257311844,1.00923421446315,2017-04-09
"R_eff_t",120,0.879632274036733,0.912167582140126,0.92927591438846,0.944577073134018,0.971225936497088,2017-04-16
"R_eff_t",121,0.856159617905052,0.885375170268604,0.90065713916504,0.915586230064952,0.939684414908989,2017-04-23
"R_eff_t",122,0.831729392294809,0.861997450011837,0.876531336542624,0.891690834867866,0.913507697637133,2017-04-30
"R_eff_t",123,0.813080250268544,0.840853725640094,0.855043539862874,0.870745213219795,0.891124599464387,2017-05-07
"R_eff_t",124,0.795019808381097,0.822128773705678,0.838249422543328,0.8525598144546,0.876118833179159,2017-05-14
"R_eff_t",125,0.773537071046983,0.804247015520718,0.821246970810753,0.836401756816288,0.864107634712324,2017-05-21
"R_eff_t",126,0.755645439934496,0.788913248245143,0.805568711081451,0.824250450709599,0.854844308638806,2017-05-28
"R_eff_t",127,0.74284582350186,0.775622390166786,0.792424854276463,0.812146528575077,0.845619872531991,2017-06-04
"R_eff_t",128,0.72655028208688,0.762094169619624,0.780004453105811,0.800872822407746,0.836219407540825,2017-06-11
"R_eff_t",129,0.711520678648126,0.750132139281222,0.767796467633765,0.789179109431344,0.830101159592049,2017-06-18
"R_eff_t",130,0.699338834999081,0.736585081129654,0.75711621598131,0.780114130150665,0.820362285727302,2017-06-25
"R_eff_t",131,0.685397274099092,0.723960798360641,0.748027102844423,0.768475586358327,0.809846836067422,2017-07-02
"R_eff_t",132,0.672675531896913,0.713031450064487,0.73695519211949,0.757408461190592,0.79860298619064,2017-07-09
"R_eff_t",133,0.663658770622923,0.702892632311949,0.726158801597253,0.745502835496443,0.786923793329928,2017-07-16
"R_eff_t",134,0.656054304142828,0.694489926254414,0.716360012551822,0.735058966100635,0.777132417718984,2017-07-23
"R_eff_t",135,0.649218013811729,0.685724791319652,0.70729758777545,0.725448758190768,0.767097708652818,2017-07-30
"R_eff_t",136,0.644087597358502,0.678710390631699,0.700340908793707,0.719160776967377,0.7555845231939,2017-08-06
"R_eff_t",137,0.641514221684732,0.674137475425891,0.694469027669243,0.712830003996432,0.748364328131496,2017-08-13
"R_eff_t",138,0.64005445336399,0.672174195199889,0.691719268541478,0.710491842802804,0.740985330408223,2017-08-20
"R_eff_t",139,0.642438290679703,0.675045185782097,0.692106136352795,0.709567892310742,0.741134608745033,2017-08-27
"R_eff_t",140,0.646059437405596,0.678922760940343,0.695335663733239,0.712936040248265,0.742473410137528,2017-09-03
"R_eff_t",141,0.654386984824883,0.686236226077287,0.703917640389527,0.720000849451141,0.748140200307798,2017-09-10
"R_eff_t",142,0.667743697552609,0.698946038004368,0.715636462339215,0.731941650041203,0.760510402427375,2017-09-17
"R_eff_t",143,0.684959997929065,0.716793998082664,0.73192676915935,0.749027677120943,0.781936638607934,2017-09-24
"R_eff_t",144,0.708487748615338,0.73810209426277,0.755318272124719,0.77216304995722,0.804694553052426,2017-10-01
"R_eff_t",145,0.732951248035277,0.765305613589841,0.782525934994328,0.800566239007144,0.834870419238184,2017-10-08
"R_eff_t",146,0.768058585684805,0.798672682640297,0.814987370309308,0.833556627829597,0.87025195503889,2017-10-15
"R_eff_t",147,0.80515683165682,0.837324420541328,0.853711509243317,0.874545992722744,0.911913939582451,2017-10-22
"R_eff_t",148,0.846287153468342,0.880730629445609,0.897468462236799,0.918011194806508,0.958105072089237,2017-10-29
"R_eff_t",149,0.891911275608915,0.927137425394001,0.946210819566509,0.967532351038596,1.00926161574768,2017-11-05
"R_eff_t",150,0.94052673234161,0.978748078605742,0.998230703995056,1.02131605339207,1.06357134055332,2017-11-12
"R_eff_t",151,0.992969508342434,1.03183991172858,1.05262021303778,1.07901942218139,1.12197379325954,2017-11-19
"R_eff_t",152,1.04605407996742,1.0857597638932,1.10800488144365,1.1381243594091,1.18377497248413,2017-11-26
"R_eff_t",153,1.09772517061136,1.13878574236654,1.1634073152061,1.19459050864273,1.24520856086759,2017-12-03
"R_eff_t",154,1.14130545499236,1.1870823040812,1.21378372043963,1.24805172635292,1.30376034856855,2017-12-10
"R_eff_t",155,1.17662090627383,1.23257538390514,1.2624142526383,1.29771591987069,1.35768315905166,2017-12-17
"R_eff_t",156,1.20812599219879,1.26923436928318,1.30279308971833,1.33781356655599,1.40938405722533,2017-12-24
"R_eff_t",157,1.23561349629453,1.2984554197578,1.33392132552722,1.36668751042073,1.44236741473845,2017-12-31
"R_eff_t",158,1.37742681856135,1.4624929331091,1.50740018668865,1.5628248912059,1.64065761743297,2018-01-07
"R_eff_t",159,1.38324996364409,1.46915317603077,1.51758933232117,1.57800209318554,1.65873758752539,2018-01-14
"R_eff_t",160,1.38101538614008,1.46639318885149,1.51884629004261,1.57724074821143,1.65749276994977,2018-01-21
"R_eff_t",161,1.36565726832829,1.44984803710359,1.50358002669227,1.56180420609303,1.64260031806574,2018-01-28
"R_eff_t",162,1.3426992598203,1.42679005958901,1.47504861387319,1.53407223592113,1.61722132993817,2018-02-04
"R_eff_t",163,1.30745093880116,1.3919943461994,1.44124209489918,1.49296955464464,1.57868162137868,2018-02-11
"R_eff_t",164,1.27151391141115,1.35082826077923,1.39331442500092,1.44351467896542,1.5254044595071,2018-02-18
"R_eff_t",165,1.23140974512209,1.30388694669636,1.34505747556123,1.39042896040866,1.46900940918997,2018-02-25
"R_eff_t",166,1.1830768440347,1.25492752999214,1.29154228984484,1.33344117324922,1.40497517683671,2018-03-04
"R_eff_t",167,1.13997346975001,1.20465123618581,1.23912156630697,1.2766959533502,1.33730567832046,2018-03-11
"R_eff_t",168,1.09865852294745,1.15474979490902,1.18725850908346,1.22013196136899,1.27318322738667,2018-03-18
"R_eff_t",169,1.06288997136464,1.10923916927426,1.13804819420032,1.16497485422822,1.21308308267836,2018-03-25
"R_eff_t",170,1.02524459513802,1.06422838142399,1.08966304412502,1.11238964643376,1.16024534699387,2018-04-01
"R_eff_t",171,0.989471755550197,1.02286543764879,1.04460401982622,1.06586469404826,1.10208011314354,2018-04-08
"R_eff_t",172,0.95324138668869,0.98581638865669,1.00528228246293,1.02347639134076,1.05734622647577,2018-04-15
"R_eff_t",173,0.921347732189186,0.953032654505903,0.970342117419321,0.987168971010247,1.01586132914529,2018-04-22
"R_eff_t",174,0.89191991139807,0.923507556890306,0.938561731076583,0.955588480067338,0.983633180950219,2018-04-29
"R_eff_t",175,0.866364070144898,0.895706175334984,0.910674283165796,0.927933667587248,0.953108399526026,2018-05-06
"R_eff_t",176,0.843111681512162,0.86981782416451,0.887507776399806,0.903530092465766,0.928102704590578,2018-05-13
"R_eff_t",177,0.819635433466447,0.847347898875762,0.865999654055077,0.88069778440322,0.907443941695511,2018-05-20
"R_eff_t",178,0.796681905413968,0.828257799648736,0.845954287903754,0.861017938506247,0.893126523803351,2018-05-27
"R_eff_t",179,0.77719633839056,0.810245317948636,0.827800751454965,0.844280536712198,0.878175735272852,2018-06-03
"R_eff_t",180,0.760502907298878,0.792890035803083,0.810016829850191,0.828290501180494,0.867269509197892,2018-06-10
"R_eff_t",181,0.74471830648482,0.778071921626684,0.795220068634927,0.81329775178429,0.85494936056303,2018-06-17
"R_eff_t",182,0.732474192606021,0.76303626571867,0.779981934046821,0.800437196348483,0.841140220015244,2018-06-24
"R_eff_t",183,0.716075473802414,0.749395951457558,0.767072446034858,0.786951740205054,0.828533185400386,2018-07-01
"R_eff_t",184,0.703958033653193,0.73559021018078,0.754086978779353,0.774473003053198,0.81365384126242,2018-07-08
"R_eff_t",185,0.692474343490233,0.722957868866786,0.742253205437006,0.761696370801789,0.797171383113184,2018-07-15
"R_eff_t",186,0.681519832890684,0.713127507429232,0.731705393487484,0.752057691441041,0.78502684196492,2018-07-22
"R_eff_t",187,0.672115694018337,0.703942372026252,0.722739146304627,0.741300630475451,0.775597388665145,2018-07-29
"R_eff_t",188,0.66171782668481,0.696818747774763,0.714671928964662,0.734380220111416,0.766573101808319,2018-08-05
"R_eff_t",189,0.65816660573473,0.692808954052746,0.710208895652991,0.729481171533106,0.759117652311992,2018-08-12
"R_eff_t",190,0.655571032829654,0.690484810729039,0.708616074772599,0.728371533653651,0.75715217144867,2018-08-19
"R_eff_t",191,0.658611992539843,0.691598151849875,0.711201808187182,0.728685460215276,0.759306387387562,2018-08-26
"R_eff_t",192,0.662952223832434,0.697157779103515,0.7165214171972,0.734433721258491,0.765534135146781,2018-09-02
"R_eff_t",193,0.670871873796185,0.706280970478183,0.726045516349723,0.742775559618476,0.775960276532831,2018-09-09
"R_eff_t",194,0.68358541621735,0.721300371837649,0.740736222747952,0.75881758562714,0.791002608108897,2018-09-16
"R_eff_t",195,0.702038310802629,0.741328601837124,0.761038273488163,0.779216125523608,0.811110012882299,2018-09-23
"R_eff_t",196,0.731798080071747,0.767760519240126,0.786661537620016,0.804897125063634,0.840182898935418,2018-09-30
"R_eff_t",197,0.759285289235186,0.799404864029363,0.818799132495395,0.836985005576069,0.875782393231935,2018-10-07
"R_eff_t",198,0.797517637653,0.83681948550823,0.855953033301353,0.87594236076875,0.915943128724096,2018-10-14
"R_eff_t",199,0.843238510668956,0.880650895516742,0.899967767294949,0.9210899453076,0.961826107043971,2018-10-21
"R_eff_t",200,0.893039982231425,0.929924417711187,0.950658362633241,0.972628779770146,1.01246396947376,2018-10-28
"R_eff_t",201,0.950752008136802,0.985922855395107,1.00696633248224,1.02905233451652,1.07088426129312,2018-11-04
"R_eff_t",202,1.01099160557282,1.04616593570279,1.06722696765116,1.09139538582185,1.13081925784961,2018-11-11
"R_eff_t",203,1.0678813707949,1.10998577790694,1.13347820656508,1.15541572829158,1.20510570910152,2018-11-18
"R_eff_t",204,1.13306434713037,1.17423155699783,1.20142264098706,1.22365669336658,1.28087835869172,2018-11-25
"R_eff_t",205,1.1913639222412,1.23724041416515,1.26735353023329,1.291945200537,1.35576456867995,2018-12-02
"R_eff_t",206,1.24657054822481,1.29687142674734,1.32977048562832,1.35869668679642,1.43127957943092,2018-12-09
"R_eff_t",207,1.29357660683933,1.35076153040197,1.3844908818876,1.42055305380764,1.5022358631073,2018-12-16
"R_eff_t",208,1.32911935526489,1.39700301431766,1.43467678960305,1.47429329882428,1.55985497716614,2018-12-23
"R_eff_t",209,1.35808808768413,1.43338991461316,1.47600638266537,1.51894880061946,1.60026019155377,2018-12-30
"R_eff_t",210,1.38373385205142,1.4615140532671,1.51191489067185,1.55874582279719,1.64803644767359,2019-01-06
"R_eff_t",211,1.3884204090909,1.46841061964361,1.5180260801019,1.57480281763059,1.65734325508042,2019-01-13
"R_eff_t",212,1.38162847043233,1.46416408906895,1.51497380235381,1.57606768159082,1.66070346754162,2019-01-20
"R_eff_t",213,1.36702959876565,1.45096628095441,1.50582754716563,1.5586014446616,1.64984067551422,2019-01-27
"R_eff_t",214,1.34301700181956,1.42944090233349,1.48020695260009,1.53456882379447,1.62617699769973,2019-02-03
"R_eff_t",215,1.31455679225941,1.40051444919233,1.45028950685219,1.49496034404907,1.58682125651013,2019-02-10
"R_eff_t",216,1.27850631131169,1.36240120117049,1.40799021455872,1.45653251184894,1.54165588385854,2019-02-17
"R_eff_t",217,1.23878236450231,1.32184045752379,1.36459606070011,1.41053456083705,1.4885811771729,2019-02-24
"R_eff_t",218,1.2047870978356,1.28030511300058,1.31763835730595,1.36306863938915,1.43047060434179,2019-03-03
"R_eff_t",219,1.17031447121836,1.23826160708656,1.27161495420461,1.31317710133685,1.37724032442167,2019-03-10
"R_eff_t",220,1.13330243816657,1.19785120677175,1.22763712019879,1.2645471353256,1.32053784615345,2019-03-17
"R_eff_t",221,1.10256364496754,1.15651640257511,1.18514018534537,1.21521868607817,1.26624141197686,2019-03-24
"R_eff_t",222,1.07749179507155,1.12152678847492,1.14543874423483,1.1705951663833,1.21830576735303,2019-03-31
"R_eff_t",223,1.04859580226955,1.0891514687349,1.10965474249932,1.13060411506251,1.17416865498139,2019-04-07
"R_eff_t",224,1.02187102854733,1.05962030894868,1.07812785970113,1.09520497093988,1.1314031985342,2019-04-14
"R_eff_t",225,1.00194346345947,1.03448949532619,1.05014274984081,1.0667283678849,1.09730844925426,2019-04-21
"R_eff_t",226,0.979568199340196,1.00879881490408,1.02621692752648,1.04343976903605,1.07041430073255,2019-04-28
"R_eff_t",227,0.956991708678266,0.98946398504075,1.00666651549775,1.0221760554173,1.04669768204533,2019-05-05
"R_eff_t",228,0.93516154592192,0.973029461790175,0.988904739109405,1.00545447226685,1.032568719286,2019-05-12
"R_eff_t",229,0.917815951308656,0.957153819035589,0.97263298567437,0.991591046594974,1.02076369215156,2019-05-19
"R_eff_t",230,0.904341263096959,0.941713103721599,0.959028351750035,0.979029906278446,1.00888701359044,2019-05-26
"R_eff_t",231,0.892889856691407,0.927917411172289,0.947635485331227,0.968300410841295,0.999071311949931,2019-06-02
"R_eff_t",232,0.880582655845049,0.914726984723777,0.936627135696692,0.957290977988411,0.992625342870555,2019-06-09
"R_eff_t",233,0.867518977775299,0.902020796526894,0.92531969441468,0.948249299785147,0.9873435346492,2019-06-16
"R_eff_t",234,0.853249201309523,0.891726311435459,0.915120123939431,0.935716054027173,0.97542302105133,2019-06-23
"R_eff_t",235,0.842681370815836,0.880468521949721,0.903545990853576,0.923805940845017,0.965765317007527,2019-06-30
"R_eff_t",236,0.825340530765019,0.870358262727965,0.891717320041462,0.911853567572862,0.954940035240803,2019-07-07
"R_eff_t",237,0.816803165048514,0.858903614088409,0.87894091623599,0.900229522452259,0.941193570754978,2019-07-14
"R_eff_t",238,0.807801428812125,0.846097601114182,0.86912899852854,0.888938599258085,0.927593875561917,2019-07-21
"R_eff_t",239,0.797411283718085,0.835736589266238,0.858297164754142,0.879346517804723,0.915210035362447,2019-07-28
"R_eff_t",240,0.786674334654901,0.826954312364485,0.847966542182767,0.867949882653825,0.907681190556862,2019-08-04
"R_eff_t",241,0.778985334571515,0.818392929221997,0.840458684494828,0.860979583875513,0.900976411267414,2019-08-11
"R_eff_t",242,0.773697044689889,0.814243334185499,0.83426232242179,0.853509272637813,0.896570856030203,2019-08-18
"R_eff_t",243,0.768185757130781,0.811000928837506,0.830829218831227,0.850762588048,0.893249729404947,2019-08-25
"R_eff_t",244,0.770384417702077,0.811511975548625,0.831436035629648,0.85179190548008,0.894967891111584,2019-09-01
"R_eff_t",245,0.775642524139424,0.8173251660602,0.835614648600064,0.8574367817278,0.897895730789223,2019-09-08
"R_eff_t",246,0.783268877458312,0.826432899025854,0.84475232153082,0.867569579569193,0.908470638916436,2019-09-15
"R_eff_t",247,0.798225764245791,0.840754479648806,0.861087972891048,0.883113496911384,0.925382585236242,2019-09-22
"R_eff_t",248,0.820711013212387,0.861504783146162,0.880492821797273,0.904249941686774,0.946156629622887,2019-09-29
"R_eff_t",249,0.846726559634095,0.888851970944261,0.906528993843232,0.930521484794728,0.97270579767593,2019-10-06
"R_eff_t",250,0.879596681349438,0.920586321438525,0.93920513420504,0.961080056486286,1.00199999403217,2019-10-13
"R_eff_t",251,0.920754128152505,0.957348172505601,0.977993325873489,0.996647107589124,1.04074161970218,2019-10-20
"R_eff_t",252,0.96660855219311,1.00067944571313,1.02181228945233,1.04255179438244,1.08521387939592,2019-10-27
"R_eff_t",253,1.01540531418625,1.05037708789055,1.0705073322623,1.09295544721375,1.13785924892581,2019-11-03
"R_eff_t",254,1.06792949314572,1.10365631382355,1.12396531288067,1.14546210572771,1.19298374449677,2019-11-10
"R_eff_t",255,1.12284080120926,1.15799197530559,1.18094407012532,1.20180758996003,1.25464145224423,2019-11-17
"R_eff_t",256,1.17498497163967,1.21445548821477,1.23866442559628,1.26152174034662,1.31732459474288,2019-11-24
"R_eff_t",257,1.22402842467302,1.26766987837522,1.29532236623211,1.32378662109158,1.37762076046303,2019-12-01
"R_eff_t",258,1.27318677883883,1.32153939577882,1.35290940980117,1.38225662544156,1.44239419604237,2019-12-08
"R_eff_t",259,1.31546647236799,1.36866760492205,1.40446809867921,1.43706773914975,1.50158966112015,2019-12-15
"R_eff_t",260,1.34533717318729,1.40651671923228,1.44598390410469,1.48525415758658,1.55499903308983,2019-12-22
"R_eff_t",261,1.36709008281252,1.43568840709894,1.48161474878694,1.521198036242,1.6081012607403,2019-12-29
"R_eff_t",262,1.38849339237311,1.47709855507414,1.52192416128199,1.55831985092161,1.64723625809728,2020-01-05
"R_eff_t",263,1.39848108779361,1.4966425526232,1.53709091600952,1.57922976069677,1.66634474774911,2020-01-12
"R_eff_t",264,1.39569968971543,1.49568473541677,1.53980139817229,1.58203908987204,1.67182970105438,2020-01-19
"R_eff_t",265,1.38589315867076,1.48146500077912,1.52654001586929,1.5730597620655,1.66515786144385,2020-01-26
"R_eff_t",266,1.37391872586463,1.45680018687253,1.50273338994465,1.5504935198104,1.63850914835628,2020-02-02
"R_eff_t",267,1.34631969328061,1.42286104999021,1.46619467951216,1.51702271314259,1.60205681863987,2020-02-09
"R_eff_t",268,1.30923400502117,1.3815922098721,1.42351947442288,1.46988739458876,1.55506159019408,2020-02-16
"R_eff_t",269,1.26195127429296,1.33395735496329,1.37576277428722,1.41616441420851,1.49568183006909,2020-02-23
"R_eff_t",270,1.21634027908351,1.28322120887659,1.32259684427798,1.35934606821874,1.43146330371643,2020-03-01
"R_eff_t",271,1.16470556759808,1.23195598840681,1.26594662623719,1.29809955817585,1.3610632769202,2020-03-08
"R_eff_t",272,1.12340226732282,1.1799194128208,1.20990012316737,1.2388933017735,1.28692410708767,2020-03-15
"R_eff_t",273,1.07944886749282,1.12792653760979,1.15692372419457,1.18299605261031,1.22627443223115,2020-03-22
"R_eff_t",274,1.03654683773037,1.07904053650135,1.10549815901592,1.12763670595548,1.16980068825436,2020-03-29
"R_eff_t",275,0.995828602695161,1.03446371680988,1.05921345722358,1.07727514118978,1.11511217252099,2020-04-05
"R_eff_t",276,0.959137165641383,0.992692111169489,1.01458751129669,1.03143078069901,1.07101314043605,2020-04-12
"R_eff_t",277,0.923195126169441,0.954838355547904,0.974307559041446,0.991630723418754,1.02523115876929,2020-04-19
"R_eff_t",278,0.893732821496009,0.920811854524052,0.938264931864778,0.955795203334536,0.983345827783978,2020-04-26
"R_eff_t",279,0.863384697750113,0.890500335460969,0.907684991765711,0.923718274453593,0.951311352382825,2020-05-03
"R_eff_t",280,0.832633944795261,0.86498290518897,0.878991239529732,0.895919978498269,0.920306290049929,2020-05-10
"R_eff_t",281,0.808596240153795,0.839461852068817,0.855514639950155,0.870357452346061,0.898509041630333,2020-05-17
"R_eff_t",282,0.785936219437146,0.817723764502178,0.834662590638741,0.848881205435461,0.878258986268194,2020-05-24
"R_eff_t",283,0.764937112995265,0.798007914629717,0.814012119775426,0.829163291248116,0.861667238088717,2020-05-31
"R_eff_t",284,0.745170944942583,0.779539805160833,0.794831590229434,0.812898384919946,0.843502224706895,2020-06-07
"R_eff_t",285,0.727475401314328,0.762049711389535,0.777998628845925,0.796569806532941,0.831320127899116,2020-06-14
"R_eff_t",286,0.714618344061717,0.745224707373817,0.76259304334502,0.782256001948259,0.815096796915777,2020-06-21
"R_eff_t",287,0.703002496454005,0.729685445902396,0.748763305470919,0.766193974785379,0.798825123231411,2020-06-28
"R_eff_t",288,0.690085144552402,0.715649120314846,0.734975639248912,0.753958435852611,0.78596848054787,2020-07-05
"R_eff_t",289,0.677471024802451,0.703187435327715,0.723070065718593,0.740937093512599,0.773685719677591,2020-07-12
"R_eff_t",290,0.665102156915924,0.692867612467201,0.711376239330209,0.730589590333816,0.761633351250704,2020-07-19
"R_eff_t",291,0.653595678714742,0.684191452781684,0.701365921378121,0.720109612661909,0.752011805139447,2020-07-26
"R_eff_t",292,0.64791499760364,0.676153645375997,0.693171714630064,0.711350883354778,0.744037051643596,2020-08-02
"R_eff_t",293,0.645749114032097,0.671277562721222,0.688218660927971,0.70539614994451,0.741839713938677,2020-08-09
"R_eff_t",294,0.64204608749649,0.669562811194087,0.684979261123182,0.701613107549776,0.738110944806634,2020-08-16
"R_eff_t",295,0.641908540835075,0.671170518866474,0.685742016409367,0.702366130539757,0.739805047875481,2020-08-23
"R_eff_t",296,0.645295148924198,0.675205384638996,0.689290380248417,0.707065092921419,0.742601228227207,2020-08-30
"R_eff_t",297,0.65222145205476,0.682704379310613,0.698626313240397,0.715699580392298,0.752134378185751,2020-09-06
"R_eff_t",298,0.666161110737483,0.696248375485474,0.712036925710375,0.731065642997701,0.763977136426408,2020-09-13
"R_eff_t",299,0.68586536100001,0.714139062807696,0.731846163046023,0.751716535467062,0.779558884119513,2020-09-20
"R_eff_t",300,0.707416551516769,0.737275022355989,0.757401970476651,0.776965553667189,0.808202786889933,2020-09-27
"R_eff_t",301,0.737249315296459,0.767379191294065,0.788171637081123,0.807897687087931,0.84040878412267,2020-10-04
"R_eff_t",302,0.772874841837717,0.805328203049757,0.82491849932302,0.844505607547173,0.878565369403186,2020-10-11
"R_eff_t",303,0.813716859873808,0.850083218559321,0.867413958433699,0.88906077717477,0.926749428366192,2020-10-18
"R_eff_t",304,0.862218021777296,0.896833639645859,0.916957194184617,0.938668268005176,0.97760132355655,2020-10-25
"R_eff_t",305,0.916322361148178,0.952037472777097,0.972708284199426,0.995378861482578,1.03626549352645,2020-11-01
"R_eff_t",306,0.974347910598304,1.0115740250685,1.03480810576916,1.05893173021143,1.10438581250773,2020-11-08
"R_eff_t",307,1.03441242498528,1.07373581540107,1.10014289236665,1.12709191189633,1.17161888629381,2020-11-15
"R_eff_t",308,1.09467707556394,1.13992297154621,1.16715484329094,1.19594838814662,1.24485283962147,2020-11-22
"R_eff_t",309,1.16087751532807,1.20857645981837,1.23666063603741,1.26711993060364,1.32103672467928,2020-11-29
"R_eff_t",310,1.21756132241969,1.27460490458608,1.30352351995403,1.33567938072417,1.39644038381129,2020-12-06
"R_eff_t",311,1.26773989607161,1.33389036539355,1.36572839144839,1.39881583408965,1.46721088210111,2020-12-13
"R_eff_t",312,1.31039418298149,1.38480940819817,1.42158066791882,1.45494562828586,1.53305481753297,2020-12-20
"R_eff_t",313,1.34353614719958,1.42823458006545,1.46607232351865,1.50280848116442,1.58257216606386,2020-12-27
"R_eff_t",314,1.30356261041597,1.38818404884507,1.42730121504314,1.46803297491383,1.55321461215809,2021-01-03
"R_eff_t",315,1.31422500407452,1.40524670952014,1.44377511154695,1.48691168871683,1.57096271964417,2021-01-10
"R_eff_t",316,1.32021042527663,1.4064963196481,1.44942066154777,1.4927798410295,1.57909297024826,2021-01-17
"R_eff_t",317,1.31528159639868,1.39826857919514,1.43954777512565,1.48263693554486,1.56981671672928,2021-01-24
"R_eff_t",318,1.29732622981484,1.38061722511961,1.41908970798626,1.46051353068357,1.55243001866356,2021-01-31
"R_eff_t",319,1.27274502152305,1.35040269128015,1.3893638983466,1.42863915773775,1.51938990155983,2021-02-07
"R_eff_t",320,1.2446872492267,1.31284069311676,1.35152013709728,1.38835026567074,1.47960686414379,2021-02-14
"R_eff_t",321,1.20603902442678,1.26888442689778,1.30567907749114,1.34215857194289,1.4280829646913,2021-02-21
"R_eff_t",322,1.15850027693451,1.22406252543825,1.25870404726881,1.29356802791327,1.37174433032834,2021-02-28
"R_eff_t",323,1.12075764968568,1.17906336746872,1.20847763719024,1.24266708845937,1.31159857254291,2021-03-07
"R_eff_t",324,1.07382862069235,1.13281309245314,1.15937197068733,1.18768763155075,1.24786154105653,2021-03-14
"R_eff_t",325,1.03138668617138,1.08572357691817,1.11168017025065,1.13645143533588,1.18929396939614,2021-03-21
"R_eff_t",326,0.998330151922933,1.04184238440577,1.06770892907321,1.0890334812868,1.13502495073617,2021-03-28
"R_eff_t",327,0.96451746376658,1.00236145715657,1.02455985144654,1.04443776331839,1.08233548627186,2021-04-04
"R_eff_t",328,0.934325176670859,0.966620245770219,0.985740104415361,1.00327517296404,1.03671618867821,2021-04-11
"R_eff_t",329,0.90252626129199,0.93536382691769,0.951163475769746,0.966503630672149,0.998190198643845,2021-04-18
"R_eff_t",330,0.876304499244722,0.906112327678879,0.920110063259941,0.935819690485281,0.964543432489334,2021-04-25
"R_eff_t",331,0.849841204570027,0.880068985008407,0.892856165370957,0.90695869454346,0.933775437431887,2021-05-02
"R_eff_t",332,0.828021528654544,0.855895583472101,0.869121420290953,0.883701989894266,0.907040994484142,2021-05-09
"R_eff_t",333,0.806689494305179,0.833961534551051,0.848598402668851,0.864330549511834,0.889541550071296,2021-05-16
"R_eff_t",334,0.786656664910015,0.814348876195195,0.830265709574433,0.846290018161547,0.872430461503932,2021-05-23
"R_eff_t",335,0.767878936228127,0.796471112449077,0.813010027480183,0.829985945868637,0.862080769490612,2021-05-30
"R_eff_t",336,0.749148268736034,0.78018577937834,0.797287780089855,0.817076509313311,0.851593243388837,2021-06-06
"R_eff_t",337,0.729055069506772,0.764338474971423,0.782606370139447,0.803681211633016,0.840135468417026,2021-06-13
"R_eff_t",338,0.71366705347236,0.750189172820846,0.76965280393845,0.790326390187314,0.832666491835328,2021-06-20
"R_eff_t",339,0.697913619101216,0.736279272444251,0.756450166073129,0.777692501731199,0.824365144371324,2021-06-27
"R_eff_t",340,0.68107762057944,0.724330852515181,0.744423203394079,0.763810032334642,0.814218999662869,2021-07-04
"R_eff_t",341,0.669318946815233,0.713279061510309,0.732435481113593,0.752694149031483,0.801733807816733,2021-07-11
"R_eff_t",342,0.660024312191359,0.702657256716682,0.720883239838267,0.742655621810075,0.79321437524538,2021-07-18
"R_eff_t",343,0.650905122643828,0.692587484176641,0.710799969148616,0.731925893103745,0.781903328717998,2021-07-25
"R_eff_t",344,0.647121193948568,0.683924778468911,0.703575103005204,0.724986862312882,0.772304374253245,2021-08-01
"R_eff_t",345,0.64333572893861,0.677278948014374,0.697233728894068,0.71729121924303,0.763100677000355,2021-08-08
"R_eff_t",346,0.63952207756479,0.673989983759388,0.693226549792115,0.713474691135831,0.752633567679719,2021-08-15
"R_eff_t",347,0.640160991228918,0.675091354974349,0.691148856268909,0.712634850951716,0.748998167545389,2021-08-22
"R_eff_t",348,0.645643555420138,0.677252658571504,0.69416327336395,0.714612813798842,0.750668075379581,2021-08-29
"R_eff_t",349,0.655266047971114,0.683151676357321,0.701759165875565,0.719238371639447,0.7526570954702,2021-09-05
"R_eff_t",350,0.666663760037144,0.695656004004455,0.712546179435388,0.729679905368663,0.761707339907966,2021-09-12
"R_eff_t",351,0.684875955878276,0.71135058796101,0.728001181818984,0.745536553110057,0.772984880962065,2021-09-19
"R_eff_t",352,0.708504645274488,0.732054702616218,0.748463897313528,0.765053124348526,0.793607829223702,2021-09-26
"R_eff_t",353,0.737443011486721,0.760542080972335,0.776812739688473,0.791032751342297,0.822292898135252,2021-10-03
"R_eff_t",354,0.769096675127999,0.793028339915101,0.807430660652345,0.823050296627366,0.854583271724944,2021-10-10
"R_eff_t",355,0.802021223740066,0.831156190876076,0.846014679856386,0.860529512478446,0.895012138850832,2021-10-17
"R_eff_t",356,0.844134289012923,0.875052235701484,0.890072188921796,0.904993375737112,0.942606318792079,2021-10-24
"R_eff_t",357,0.892778517490024,0.923583254026157,0.939872369252993,0.957567084751153,0.994725327278334,2021-10-31
"R_eff_t",358,0.938491096330414,0.97652785483906,0.994737597944503,1.01450355613036,1.0574410240263,2021-11-07
"R_eff_t",359,0.989295640251544,1.03298939136088,1.05380500073071,1.07422959878856,1.11783064768441,2021-11-14
"R_eff_t",360,1.04688652119073,1.09112169931663,1.11503271588755,1.13708157572024,1.19149508571692,2021-11-21
"R_eff_t",361,1.10047329826309,1.15047397148769,1.17555562782713,1.20104339484531,1.2613155604729,2021-11-28
"R_eff_t",362,1.1491745741135,1.2067763727091,1.23679256818096,1.26703404265599,1.32662651049914,2021-12-05
"R_eff_t",363,1.19981735981863,1.25945542956004,1.29280451581776,1.32432114135278,1.39049347211727,2021-12-12
"R_eff_t",364,1.2417994885103,1.30913052424731,1.34154597025722,1.37847794364924,1.44832869078368,2021-12-19
"R_eff_t",365,1.27155334474905,1.34679019791105,1.38406890466805,1.42062516824501,1.49229490831388,2021-12-26
"R_eff_t",366,1.58875966044801,1.67310060293795,1.72932475248862,1.77961124013973,1.88999475011766,2022-01-02
"R_eff_t",367,1.62063652067857,1.70668889462953,1.76179570635142,1.81308501800177,1.91591715569218,2022-01-09
"R_eff_t",368,1.63093327507418,1.72053084120456,1.77514523994267,1.82603031070299,1.92089954674213,2022-01-16
"R_eff_t",369,1.63614475003811,1.7149902527046,1.76776161861256,1.8187457246225,1.91321490572043,2022-01-23
"R_eff_t",370,1.62118881130683,1.69810588169919,1.74585849877203,1.79672588325572,1.88919002687864,2022-01-30
"R_eff_t",371,1.58222145900632,1.66499583556348,1.70988365354506,1.75219737442619,1.84890748346549,2022-02-06
"R_eff_t",372,1.52930206847351,1.61584105651893,1.65733384095961,1.69785197429372,1.78877488611383,2022-02-13
"R_eff_t",373,1.47783775963165,1.55364221735199,1.59683507460957,1.6346236117682,1.71455406807788,2022-02-20
"R_eff_t",374,1.41684712783054,1.48641280449888,1.5281486465044,1.56171467787035,1.63476620500364,2022-02-27
"R_eff_t",375,1.3560694237952,1.41799045040146,1.45413886823815,1.48690990199399,1.55697596697477,2022-03-06
"R_eff_t",376,1.29121888516084,1.34503775041028,1.38033593060308,1.41095167812146,1.47313797385429,2022-03-13
"R_eff_t",377,1.23097421881192,1.27363493241872,1.30719606857563,1.33702601810531,1.39162470399528,2022-03-20
"R_eff_t",378,1.16972439205133,1.20683357580792,1.23722110055301,1.263381665599,1.31480936862416,2022-03-27
"R_eff_t",379,1.10935551465883,1.14380291992362,1.17156343467722,1.1951982983577,1.24015824179157,2022-04-03
"R_eff_t",380,1.04994639536026,1.08646569453436,1.10924871734064,1.13013553390674,1.16969148718591,2022-04-10
"R_eff_t",381,1.00040000545354,1.03134769277104,1.05359742636831,1.07192219863494,1.10984866425738,2022-04-17
"R_eff_t",382,0.953180559105132,0.986459486439481,1.00256829415133,1.01989013169989,1.05542491275246,2022-04-24
"R_eff_t",383,0.909882455500181,0.941041774066938,0.957312101874705,0.973574551218359,1.00563205753671,2022-05-01
"R_eff_t",384,0.868631606731818,0.900526619929228,0.916662806101453,0.933587426554329,0.965013200027691,2022-05-08
"R_eff_t",385,0.833165210865454,0.86426882729725,0.8805890410027,0.897936268191384,0.927423220941305,2022-05-15
"R_eff_t",386,0.795773633827878,0.830901228686822,0.848959844941676,0.866794456272723,0.896251985526668,2022-05-22
"R_eff_t",387,0.764903440396209,0.801566196525911,0.819772560864425,0.837720088091953,0.871293889171666,2022-05-29
"R_eff_t",388,0.733703090998805,0.775449043856142,0.792819996763656,0.814058115645254,0.848678503300814,2022-06-05
"R_eff_t",389,0.704974256930483,0.749699540904323,0.768947299422456,0.79073860156529,0.828848611328839,2022-06-12
"R_eff_t",390,0.681179736003846,0.727170263939057,0.748765358367349,0.770700163985304,0.809487121906516,2022-06-19
"R_eff_t",391,0.660095133544299,0.706735015274883,0.730130876105207,0.753645040144611,0.795642488678461,2022-06-26
"R_eff_t",392,0.641239495380228,0.688685749956495,0.713501226558156,0.736101891821766,0.784731940836216,2022-07-03
"R_eff_t",393,0.627283847393813,0.673584843332236,0.698833856867145,0.720695539474527,0.767909012986793,2022-07-10
"R_eff_t",394,0.616811044415427,0.662196696940732,0.684943350060515,0.707764092834658,0.754141815781808,2022-07-17
"R_eff_t",395,0.608060261455952,0.65154353473146,0.674996051753767,0.697725929331457,0.741490709412715,2022-07-24
"R_eff_t",396,0.602213951314284,0.643296971554285,0.666406286052537,0.688608505583146,0.728299628328476,2022-07-31
"R_eff_t",397,0.600384051936036,0.639697711778634,0.660240190045689,0.682912006783118,0.719857647527035,2022-08-07
"R_eff_t",398,0.60074460846901,0.6383726650882,0.657485225194936,0.67916833677644,0.716730046584447,2022-08-14
"R_eff_t",399,0.601869690822733,0.641765812711992,0.660964753730511,0.681004342759236,0.718488219533095,2022-08-21
"R_eff_t",400,0.61577623901324,0.649547260836579,0.666119786815373,0.686415941505879,0.723055236476207,2022-08-28
"R_eff_t",401,0.627127027409395,0.661089567395503,0.678215350421336,0.69717592231555,0.731954411029844,2022-09-04
"R_eff_t",402,0.647096924099837,0.678758055261965,0.694770128706524,0.712797862436399,0.744258850396156,2022-09-11
"R_eff_t",403,0.671419350122889,0.702974728070715,0.718652916125755,0.733766387461704,0.764754931231199,2022-09-18
"R_eff_t",404,0.702162885069759,0.732227840033612,0.748763708017196,0.764146801916408,0.795170872154324,2022-09-25
"R_eff_t",405,0.738157537638178,0.767010316553142,0.785487980027934,0.800712730744885,0.834027966645158,2022-10-02
"R_eff_t",406,0.778879681601692,0.81010793437422,0.829213193394432,0.846694455859159,0.881288672714336,2022-10-09
"R_eff_t",407,0.822914742855213,0.861213405007457,0.880041373978616,0.900716795277027,0.941844652710967,2022-10-16
"R_eff_t",408,0.878277740802856,0.918134951925106,0.937728982660353,0.963188774315588,1.01032669453709,2022-10-23
"R_eff_t",409,0.941931356101032,0.981078988600745,1.00581076224143,1.03402519808689,1.09316098887936,2022-10-30
"R_eff_t",410,1.00799201117221,1.05214054471005,1.08185802537903,1.11530478010595,1.17542930438315,2022-11-06
"R_eff_t",411,1.07780129206619,1.12921161981035,1.16140229647087,1.20136159854457,1.26685977430954,2022-11-13
"R_eff_t",412,1.15162140197243,1.20927340010336,1.24791940577022,1.29266063814681,1.36339347643061,2022-11-20
"R_eff_t",413,1.2337025475271,1.29378349388335,1.33753867180308,1.38629783378023,1.4612064937266,2022-11-27
"R_eff_t",414,1.31082273353107,1.37774346281046,1.424148759262,1.47858946760187,1.56253793662727,2022-12-04
"R_eff_t",415,1.38585359759051,1.45644615171675,1.50749453828411,1.56531214279715,1.66504703336316,2022-12-11
"R_eff_t",416,1.45259534502566,1.53244318975593,1.58300976002585,1.64269182517924,1.75539842838293,2022-12-18
"R_eff_t",417,1.51553565248645,1.5993680065838,1.6515053708438,1.70768813060302,1.82420055981244,2022-12-25
"R_eff_t",418,1.27178590096719,1.33196022973048,1.3660145852075,1.40684844945516,1.47956912700792,2023-01-01
"R_eff_t",419,1.28174867158856,1.34390453281087,1.38360241877726,1.42675226946945,1.49818271706197,2023-01-08
"R_eff_t",420,1.28474434339796,1.34844562752936,1.39222115975845,1.43242979774414,1.51220490556953,2023-01-15
"R_eff_t",421,1.27756483555565,1.34389923433823,1.38499929100448,1.42738086592079,1.51054388241419,2023-01-22
"R_eff_t",422,1.26161812556673,1.32860996466352,1.36995636663687,1.41236735702672,1.49353986864243,2023-01-29
"R_eff_t",423,1.23703957072858,1.30669988676449,1.34450925591078,1.38655706063815,1.46754928021482,2023-02-05
"R_eff_t",424,1.21152704454943,1.27566478836833,1.31082701421808,1.35170150929769,1.43508202890746,2023-02-12
"R_eff_t",425,1.17814645989654,1.2423371847909,1.27454260533649,1.31256426674572,1.39132027127254,2023-02-19
"R_eff_t",426,1.14003992839837,1.20414980931284,1.23511639040194,1.26974804472651,1.33866965352583,2023-02-26
"R_eff_t",427,1.10245030163757,1.16137033852178,1.19200994870387,1.22368402115389,1.2818780057684,2023-03-05
"R_eff_t",428,1.06799636691966,1.12078748886035,1.14968161448887,1.17793467825193,1.22740176442313,2023-03-12
"R_eff_t",429,1.03707126903298,1.08132530798054,1.10912628610126,1.13157181507881,1.1794531777047,2023-03-19
"R_eff_t",430,1.00385557900591,1.04590879599091,1.0691901235242,1.08906340460264,1.13433443041365,2023-03-26
"R_eff_t",431,0.974935773071794,1.01129615324753,1.03144936324046,1.048426062509,1.09103757851456,2023-04-02
"R_eff_t",432,0.946026084706787,0.979066078084024,0.998160621227842,1.01345129965803,1.05429225493788,2023-04-09
"R_eff_t",433,0.919411005335343,0.950795470576057,0.967438096188183,0.984063176392274,1.01812928526905,2023-04-16
"R_eff_t",434,0.896702178281084,0.925722185320587,0.940401249945084,0.957754382880088,0.984729792653256,2023-04-23
"R_eff_t",435,0.880066833801328,0.904791486213852,0.919342178634862,0.935263545599061,0.959437353809033,2023-04-30
"R_eff_t",436,0.859689636636866,0.886239108235014,0.90102905214523,0.91679589674499,0.938054779073951,2023-05-07
"R_eff_t",437,0.84355003383783,0.869249393344725,0.884272769423451,0.899466482014999,0.923336739233123,2023-05-14
"R_eff_t",438,0.825525635537896,0.852521668928558,0.86986618229084,0.884780615038101,0.910462894197004,2023-05-21
"R_eff_t",439,0.810546853516819,0.840374882995703,0.85622544662088,0.873471517820588,0.90348004636469,2023-05-28
"R_eff_t",440,0.796791871892883,0.825870235102327,0.843433481327142,0.862183718847726,0.895180394819112,2023-06-04
"R_eff_t",441,0.784213448564163,0.814272325537222,0.832016267053809,0.850683986282317,0.891382455986564,2023-06-11
"R_eff_t",442,0.773699743591693,0.80393379869229,0.822134236043445,0.842274505274892,0.878644515188308,2023-06-18
"R_eff_t",443,0.759226355506168,0.79312840306716,0.810699091532381,0.831326272494963,0.86674778465463,2023-06-25
"R_eff_t",444,0.748448777582038,0.781467606006346,0.800013980529649,0.821189184358067,0.857295176183233,2023-07-02
"R_eff_t",445,0.735278987046959,0.771477098236685,0.789125551142273,0.809815276627097,0.845443673849705,2023-07-09
"R_eff_t",446,0.723510486837514,0.760988317957108,0.779656446032254,0.798331138783911,0.834740223390753,2023-07-16
"R_eff_t",447,0.715827353684001,0.751860861043342,0.769766273121775,0.787255606053525,0.822711448990526,2023-07-23
"R_eff_t",448,0.707028793155577,0.743752258488034,0.759955938600627,0.776595153402904,0.812252883576383,2023-07-30
"R_eff_t",449,0.698583975592696,0.736528692895027,0.752111464511221,0.768942331939789,0.802300736281433,2023-08-06
"R_eff_t",450,0.694839271777697,0.729566365584315,0.744763035309896,0.761704629727243,0.79644301323034,2023-08-13
"R_eff_t",451,0.694825962507261,0.726431141005162,0.742371610245573,0.756791525254944,0.792871120634078,2023-08-20
"R_eff_t",452,0.696422017270819,0.726136815357991,0.741421514344841,0.756760274364094,0.789162908908186,2023-08-27
"R_eff_t",453,0.700321001564066,0.728155047519284,0.744326939769722,0.75892771790861,0.791326922469175,2023-09-03
"R_eff_t",454,0.704509452212109,0.733852300856246,0.750320168139755,0.764938470801389,0.796257026485642,2023-09-10
"R_eff_t",455,0.715146876633151,0.744491733538665,0.760553245621709,0.77690347962386,0.806118334565627,2023-09-17
"R_eff_t",456,0.731323581975776,0.760415373191986,0.776559677723672,0.792170613619838,0.823422593625899,2023-09-24
"R_eff_t",457,0.752177223346453,0.781030573426263,0.796623031779843,0.81294187222015,0.845926032942021,2023-10-01
"R_eff_t",458,0.776794892049071,0.807339576319391,0.822973844231825,0.840514186658342,0.875020202392572,2023-10-08
"R_eff_t",459,0.807083816493132,0.838946728881233,0.855336139207944,0.873288582573779,0.907855183623471,2023-10-15
"R_eff_t",460,0.843698697484953,0.875672603472441,0.892206764979239,0.910834292533481,0.95037356520894,2023-10-22
"R_eff_t",461,0.880970472014316,0.916637766362139,0.934885176510264,0.953288802573069,0.996967975027177,2023-10-29
"R_eff_t",462,0.926266351290865,0.962792122452201,0.982657169713421,1.00167049059507,1.04365848092297,2023-11-05
"R_eff_t",463,0.976442174111,1.01238509349395,1.03189360012749,1.05498982845704,1.09344261952688,2023-11-12
"R_eff_t",464,1.02627007922893,1.06457309851504,1.08572284909236,1.10905398059002,1.15429727552718,2023-11-19
"R_eff_t",465,1.0715618214924,1.11704629251849,1.13961409191002,1.16572337680171,1.21371418767739,2023-11-26
"R_eff_t",466,1.11843686419844,1.1692862027317,1.19258842436127,1.2203408673743,1.27817570927831,2023-12-03
"R_eff_t",467,1.16218206378389,1.21654750946543,1.24331271160512,1.26847322788639,1.32958150462514,2023-12-10
"R_eff_t",468,1.20377627545793,1.25903997015157,1.28744239929368,1.31724696136601,1.38093271433123,2023-12-17
"R_eff_t",469,1.23094825945379,1.29543348684257,1.32520748806571,1.35887704396896,1.42463143693545,2023-12-24
"R_eff_t",470,1.26190452431822,1.32045033880222,1.35378400347575,1.39308123809713,1.46245865616181,2023-12-31
"R_eff_t",471,1.46769656616468,1.55554790030001,1.59861768535841,1.64411200241136,1.73040225782472,2024-01-07
"R_eff_t",472,1.48404518919455,1.57323713254785,1.61810992015903,1.66286633032483,1.74965368001971,2024-01-14
"R_eff_t",473,1.48221788943329,1.5741224134224,1.62287548749367,1.66539240166363,1.75839073846437,2024-01-21
"R_eff_t",474,1.46655123926188,1.55929803353192,1.60967793732589,1.64925995359795,1.74786536877043,2024-01-28
"R_eff_t",475,1.43350437492932,1.53110325708049,1.58055746015081,1.61964519481486,1.71115049804516,2024-02-04
"R_eff_t",476,1.39316764373919,1.4880885059148,1.53557034856869,1.57788485248824,1.66613830790536,2024-02-11
"R_eff_t",477,1.34601899423904,1.4348975313681,1.4828364118011,1.52028354322851,1.60950997044666,2024-02-18
"R_eff_t",478,1.29441103241006,1.37544044232309,1.42199419766389,1.46047267958629,1.54100266669299,2024-02-25
"R_eff_t",479,1.24181606925326,1.31278291327314,1.35751325922126,1.39369311959341,1.46702782918768,2024-03-03
"R_eff_t",480,1.1886766115236,1.25135286676698,1.29221436721563,1.32354648688295,1.39089258865626,2024-03-10
"R_eff_t",481,1.1335010573456,1.18792490432827,1.22474376025936,1.25437049318519,1.315564088632,2024-03-17
"R_eff_t",482,1.07935202053566,1.12761921869554,1.15996016510234,1.18694313233766,1.23775870992266,2024-03-24
"R_eff_t",483,1.02732282066185,1.07174240892804,1.09813992250305,1.12345964590969,1.16938584683111,2024-03-31
"R_eff_t",484,0.980264514761975,1.0173877093877,1.04127099559699,1.06382558791942,1.10601272530513,2024-04-07
"R_eff_t",485,0.934666292363394,0.971105524633892,0.989706510730331,1.00746520608412,1.04304729588143,2024-04-14
"R_eff_t",486,0.889952425377693,0.926612081763098,0.942233266786224,0.95978298804637,0.993431325214031,2024-04-21
"R_eff_t",487,0.854171071841288,0.885987896491819,0.899719261573669,0.915867752460645,0.94659173448882,2024-04-28
"R_eff_t",488,0.817760515292438,0.849325755065623,0.861594573860039,0.877625343425042,0.904047268470618,2024-05-05
"R_eff_t",489,0.783455748771108,0.816288000224637,0.828718467286033,0.843213481560529,0.869196957885563,2024-05-12
"R_eff_t",490,0.756446658219769,0.784700077520383,0.798647885192351,0.813027068552527,0.839372852008199,2024-05-19
"R_eff_t",491,0.727558975232938,0.756862960410013,0.771944856469385,0.786854450346851,0.814327120970949,2024-05-26
"R_eff_t",492,0.70136078917468,0.731924174593271,0.747668770754003,0.76522913238204,0.790716459062631,2024-06-02
"R_eff_t",493,0.679227306240592,0.708949874751154,0.725767184697824,0.74422701714719,0.77266861544416,2024-06-09
"R_eff_t",494,0.657088007607704,0.688157462293027,0.705807265440076,0.724274720790192,0.755609600531139,2024-06-16
"R_eff_t",495,0.640827861756072,0.670236833018301,0.687870606962322,0.706293310290776,0.741843444355103,2024-06-23
"R_eff_t",496,0.621122688598641,0.654283846336306,0.671242980967955,0.690255307931953,0.727388197322366,2024-06-30
"R_eff_t",497,0.605954414951009,0.640667445775558,0.656753033330478,0.675162522160796,0.714584272028858,2024-07-07
"R_eff_t",498,0.595151432506749,0.628160816382084,0.644151981783271,0.662553799295917,0.699741709463062,2024-07-14
"R_eff_t",499,0.585030588176766,0.616913874215431,0.633952359650748,0.650074033252628,0.691222687206612,2024-07-21
"R_eff_t",500,0.577339978617857,0.607979363718765,0.62517010999035,0.64194668783482,0.67933966098918,2024-07-28
"R_eff_t",501,0.573073154688083,0.602628514883001,0.618197202946208,0.636117033592307,0.671360651474752,2024-08-04
"R_eff_t",502,0.572094604790852,0.599584640252947,0.615112704424763,0.63265834249696,0.666097389608021,2024-08-11
"R_eff_t",503,0.573947057268898,0.600584557813244,0.616611022125035,0.632929017490955,0.663818298796718,2024-08-18
"R_eff_t",504,0.577407351109777,0.605326786700688,0.620708187208474,0.637194635118042,0.669687689752304,2024-08-25
"R_eff_t",505,0.58929054967432,0.614965379325421,0.629770638492418,0.645950323325064,0.67129538698375,2024-09-01
"R_eff_t",506,0.602307105329133,0.628225229449161,0.643823387899198,0.659075577630482,0.684869402850371,2024-09-08
"R_eff_t",507,0.619103059354777,0.64719144955915,0.661272383100265,0.677657294267425,0.703722903974488,2024-09-15
"R_eff_t",508,0.64305874725786,0.670284863082816,0.686779617078139,0.701881836633333,0.731081620796919,2024-09-22
"R_eff_t",509,0.673923292119098,0.700166088492186,0.717356110331913,0.735011241790631,0.766578904257192,2024-09-29
"R_eff_t",510,0.709662052883264,0.73624832787642,0.754763262389958,0.77309071710648,0.803639818797265,2024-10-06
"R_eff_t",511,0.747949772940795,0.779823903596988,0.798759403815779,0.817699995235393,0.854330113223541,2024-10-13
"R_eff_t",512,0.795027933449452,0.830583555630444,0.849863778566653,0.869247619850445,0.914960317503008,2024-10-20
"R_eff_t",513,0.851202690799968,0.888099517198214,0.910004609374958,0.9304260027671,0.979210441340562,2024-10-27
"R_eff_t",514,0.916500937443175,0.950493136797362,0.97665853022625,0.998204594611896,1.05028045619686,2024-11-03
"R_eff_t",515,0.980693422779878,1.01856028689507,1.0478142079736,1.07025177645303,1.12722140777984,2024-11-10
"R_eff_t",516,1.05191225165753,1.09417719691316,1.12224423581682,1.15152900354201,1.21489906259459,2024-11-17
"R_eff_t",517,1.12084548358695,1.17163438759202,1.20095248978611,1.2337095681476,1.29875630528153,2024-11-24
"R_eff_t",518,1.19300031186278,1.25046842910418,1.28150863242258,1.3135395963449,1.39036596579185,2024-12-01
"R_eff_t",519,1.26161330449787,1.32554664725775,1.36029308553757,1.39264865753705,1.47138720345114,2024-12-08
"R_eff_t",520,1.32406318741795,1.39561448705813,1.43311896951827,1.46842630684749,1.55161672341633,2024-12-15
"R_eff_t",521,1.37751336115762,1.45761263309359,1.49633787816116,1.53628698319756,1.61466872493069,2024-12-22
"R_eff_t",522,1.42405994286662,1.50752986459779,1.5477244474467,1.5931996622433,1.66839134572618,2024-12-29
"R_eff_t",523,1.07004999424367,1.12809014760666,1.16465307090675,1.20436678775842,1.27568912902247,2025-01-05
"R_eff_t",524,1.06587153671828,1.13016868971386,1.16823664929823,1.20844060450899,1.2820165003269,2025-01-12
"R_eff_t",525,1.0579523005359,1.12672641256164,1.16563610972866,1.20399779187135,1.27597653311603,2025-01-19
"R_eff_t",526,1.04707115710263,1.11494442837956,1.15681757089023,1.19301339873732,1.26137358183423,2025-01-26
"R_eff_t",527,1.03284819563009,1.10031925594569,1.13954644358871,1.17413175529798,1.24947589046087,2025-02-02
"R_eff_t",528,1.01417143197024,1.08131225387212,1.11771367284353,1.15060881902621,1.22560972771642,2025-02-09
"R_eff_t",529,0.996309532335853,1.05763426066212,1.09416964813668,1.12300565528989,1.19488831176921,2025-02-16
"R_eff_t",530,0.976324460608968,1.03411000643486,1.06611082703313,1.09413811517312,1.16239538406382,2025-02-23
"R_eff_t",531,0.955450647050266,1.01016955138914,1.03783617889537,1.06430501043692,1.125977457198,2025-03-02
"R_eff_t",532,0.936749008844972,0.985671846295548,1.0094966462939,1.0355790241176,1.08995977794672,2025-03-09
"R_eff_t",533,0.918927145633228,0.961164665375776,0.984563259193831,1.00933298606297,1.05552978343689,2025-03-16
"R_eff_t",534,0.904214596978945,0.940214992311512,0.961751044129592,0.982998265969087,1.03104578644615,2025-03-23
"R_eff_t",535,0.888656940318409,0.922563566847054,0.941911797722921,0.960207277236877,0.997794549234208,2025-03-30
"R_eff_t",536,0.878734574132754,0.905874118413262,0.924538162082315,0.942031900973145,0.975339283045761,2025-04-06
"R_eff_t",537,0.869084901423606,0.892982220513601,0.909988566489149,0.92761862278077,0.957839848576401,2025-04-13
"R_eff_t",538,0.86177441314328,0.884531796874939,0.898624245559097,0.917091189015906,0.945703126092592,2025-04-20
"R_eff_t",539,0.854174981013562,0.876569579418445,0.891952821846474,0.90965786494195,0.934382930181964,2025-04-27
"R_eff_t",540,0.849557070452177,0.872972188825516,0.888108600402338,0.902877213131026,0.930006537401469,2025-05-04
"R_eff_t",541,0.84146650221616,0.868826438418255,0.887092883075373,0.900359548472949,0.927164246837079,2025-05-11
"R_eff_t",542,0.838538057615336,0.868751930155039,0.885837121841342,0.899848514036922,0.929043763658428,2025-05-18
"R_eff_t",543,0.83544566269299,0.868741547320079,0.883909632512191,0.900952415413673,0.933078188792543,2025-05-25
"R_eff_t",544,0.833739552789507,0.868514416560624,0.882576487101375,0.902102127869923,0.936020822274972,2025-06-01
"R_eff_t",545,0.83243454240205,0.86551549822858,0.881739305614173,0.902486779944607,0.939609707010116,2025-06-08
"R_eff_t",546,0.828022607483877,0.86401320965365,0.882669038753273,0.902466933770989,0.941843055405409,2025-06-15
"R_eff_t",547,0.827339145815806,0.859928586349243,0.880343006384526,0.901760318180204,0.941454970168167,2025-06-22
"R_eff_t",548,0.820483250016842,0.855552206974567,0.877638503440047,0.897028799303866,0.934580064181731,2025-06-29
"R_eff_t",549,0.814014216416179,0.850694683994361,0.872535381195357,0.891758197850009,0.927631020273654,2025-07-06
"R_eff_t",550,0.801445954436853,0.844516340308501,0.865019537416339,0.883838447854369,0.921145659276935,2025-07-13
"R_eff_t",551,0.792946378667643,0.834730305453517,0.857114761039619,0.874379751828313,0.911429807255771,2025-07-20
"R_eff_t",552,0.783962019021849,0.826787617651139,0.847520565712779,0.86498658339572,0.89818665591896,2025-07-27
"R_eff_t",553,0.774839519927892,0.816609028807158,0.8370173423042,0.85522839555939,0.886909623626999,2025-08-03
"R_eff_t",554,0.765785175622666,0.808930011307285,0.826725545339535,0.843853938844822,0.873658869707491,2025-08-10
"R_eff_t",555,0.758785374467443,0.799899235809908,0.81656182194313,0.835229740442696,0.861664284971021,2025-08-17
"R_eff_t",556,0.751775801920726,0.793322074725698,0.809451913246387,0.827334139201789,0.85365162813454,2025-08-24
"R_eff_t",557,0.749268864316772,0.787396396437605,0.80389025301801,0.821724892695374,0.845539900797601,2025-08-31
"R_eff_t",558,0.749651046240218,0.784286781526369,0.800598636284733,0.816857460934254,0.843074387577648,2025-09-07
"R_eff_t",559,0.751999332557711,0.784938764470914,0.801092399851195,0.817374161593997,0.842458293364031,2025-09-14
"R_eff_t",560,0.759066355304742,0.789957988819405,0.807013152121906,0.820157369475399,0.847662766741966,2025-09-21
"R_eff_t",561,0.76951072495561,0.797854624074035,0.813703276922768,0.82780141544396,0.858471123447918,2025-09-28
"R_eff_t",562,0.782952640155031,0.81081977357505,0.825979312182827,0.840596425502675,0.871381329725328,2025-10-05
"R_eff_t",563,0.80220989175579,0.827651449241931,0.842553551496132,0.855945614943203,0.887808886369615,2025-10-12
"R_eff_t",564,0.820608597108403,0.848285259360111,0.862947479131439,0.878049916609249,0.910027612917371,2025-10-19
"R_eff_t",565,0.846400642321936,0.873214961995345,0.889350265451743,0.903237581339973,0.938912226138467,2025-10-26
"R_eff_t",566,0.871506027953163,0.900477590950947,0.918559843577871,0.933082806002471,0.971713421459309,2025-11-02
"R_eff_t",567,0.899842510732606,0.931779126400495,0.949338804060072,0.966872423144889,1.0063107980668,2025-11-09
"R_eff_t",568,0.929506200576874,0.964141199993806,0.981544245293305,1.00178477579467,1.04444483350592,2025-11-16
"R_eff_t",569,0.958592878222066,0.996825323952951,1.01501855135356,1.03814024679782,1.08399399374832,2025-11-23
"R_eff_t",570,0.987716161366539,1.02813963746605,1.04855852839116,1.07558239131517,1.12505773550253,2025-11-30
"R_eff_t",571,1.01302518926058,1.05568917087666,1.08099495050469,1.10852403940446,1.16734362699766,2025-12-07
"R_eff_t",572,1.03417120256361,1.08193713973534,1.10871837729993,1.13935856762094,1.20606631744838,2025-12-14
"R_eff_t",573,1.05526295061018,1.10350739301648,1.13283064050109,1.16443467774104,1.24064081910195,2025-12-21
"expected_reported_cases",1,0.0630029021891848,0.106902115936469,0.137666128925086,0.179379963599882,0.287661261566451,2015-01-04
"expected_reported_cases",2,0.0815223662159282,0.134906117656559,0.171754021693088,0.221129220659836,0.348873476333227,2015-01-11
"expected_reported_cases",3,0.143695620907504,0.225550679727385,0.280903342447911,0.351589370171282,0.543524404581439,2015-01-18
"expected_reported_cases",4,0.212845669459094,0.324234783646818,0.398653221973074,0.488591136502062,0.725273877211399,2015-01-25
"expected_reported_cases",5,0.308795752425576,0.445646608618672,0.542850225058518,0.648207125569027,0.931340419986947,2015-02-01
"expected_reported_cases",6,0.440267377771804,0.593471785728043,0.714354094211413,0.846935898377943,1.16580593260314,2015-02-08
"expected_reported_cases",7,0.603285692424991,0.775938006488084,0.914030967443067,1.06187918363761,1.43531255345592,2015-02-15
"expected_reported_cases",8,0.772392881901121,0.982018565421958,1.13388730348942,1.30695453099798,1.72248478670276,2015-02-22
"expected_reported_cases",9,0.962430405517998,1.20444350034384,1.38125905866039,1.58080700883855,2.04028000611903,2015-03-01
"expected_reported_cases",10,1.14074703521555,1.42824840341034,1.64491175612201,1.8668224677025,2.3301029223596,2015-03-08
"expected_reported_cases",11,1.32717468885507,1.67923460378072,1.92151495881454,2.16802539946889,2.71067731324886,2015-03-15
"expected_reported_cases",12,1.54561514965809,1.93478433199046,2.19542813335862,2.48894903895012,3.09840872081691,2015-03-22
"expected_reported_cases",13,1.74855087078605,2.18478504901306,2.46958795104551,2.80855037819201,3.43134692900031,2015-03-29
"expected_reported_cases",14,1.94449953038064,2.42386042540376,2.73466175249541,3.09264434222568,3.76047778872706,2015-04-05
"expected_reported_cases",15,2.15563668914589,2.6564349404868,2.98634223538371,3.39041321300956,4.10805004809849,2015-04-12
"expected_reported_cases",16,2.31251892526255,2.8766047129299,3.22546326051103,3.64088093853624,4.46901458576685,2015-04-19
"expected_reported_cases",17,2.49966749782322,3.09428925532371,3.45373820711233,3.87581635937767,4.83905667350432,2015-04-26
"expected_reported_cases",18,2.6466908412472,3.27882867937595,3.65552411872407,4.08700914383099,5.11327348114539,2015-05-03
"expected_reported_cases",19,2.78454586997979,3.45887408833134,3.85966082958842,4.27466720232768,5.32428346272219,2015-05-10
"expected_reported_cases",20,2.91109629857067,3.62252897463338,4.03807973188256,4.44385046105129,5.5256425218315,2015-05-17
"expected_reported_cases",21,3.03110447807982,3.79061262690048,4.18169579721892,4.58604059715198,5.67738377656846,2015-05-24
"expected_reported_cases",22,3.21034714193378,3.94459264153393,4.32734878674581,4.7112389496335,5.80173779184978,2015-05-31
"expected_reported_cases",23,3.39483948343099,4.07393281946305,4.42604971097121,4.82493144431536,5.86458943296551,2015-06-07
"expected_reported_cases",24,3.47891944518033,4.17003640813866,4.53132222143178,4.92085145826811,5.80400874715674,2015-06-14
"expected_reported_cases",25,3.59387643923034,4.25910672832393,4.60579601464537,5.02428410040608,5.74621665889919,2015-06-21
"expected_reported_cases",26,3.69089861164223,4.32204240399181,4.65040834984617,5.04233138550988,5.77064471482345,2015-06-28
"expected_reported_cases",27,3.76892283192769,4.32741219939533,4.65850063141578,5.08350445279293,5.77285377129956,2015-07-05
"expected_reported_cases",28,3.8087013669365,4.33107915204267,4.66886900373293,5.08334621721274,5.76440575077855,2015-07-12
"expected_reported_cases",29,3.79936244591932,4.29988644225356,4.6392584060822,5.04345131753387,5.85958270870655,2015-07-19
"expected_reported_cases",30,3.75537023467047,4.2414421400258,4.58446785709414,4.99033156048233,5.83341670603059,2015-07-26
"expected_reported_cases",31,3.66299091507593,4.17346512218173,4.55142156388478,4.91021935543836,5.86397204649534,2015-08-02
"expected_reported_cases",32,3.53624656488985,4.09727941776856,4.46660222321657,4.86311673323419,5.83178095922154,2015-08-09
"expected_reported_cases",33,3.39668642154938,4.02392593970542,4.3831437400089,4.79582822227294,5.87077901750698,2015-08-16
"expected_reported_cases",34,3.28726995158859,3.94011621972263,4.32608138552123,4.73812162155127,5.79966144393195,2015-08-23
"expected_reported_cases",35,3.19246890978518,3.84930689430912,4.25669913888109,4.68415181271144,5.74039550671012,2015-08-30
"expected_reported_cases",36,3.11724067607727,3.79581857447904,4.22398730385671,4.63730193541753,5.68916099741787,2015-09-06
"expected_reported_cases",37,3.05071510602609,3.75825825962755,4.20791669970845,4.64188157707567,5.69969242413209,2015-09-13
"expected_reported_cases",38,3.00096768886746,3.75077305122031,4.23337780156557,4.68519207155599,5.75847658455856,2015-09-20
"expected_reported_cases",39,2.98677809684583,3.7823465559709,4.29595984840034,4.77466518140864,5.87663472900776,2015-09-27
"expected_reported_cases",40,3.06340094107761,3.87093785519701,4.42072548727256,4.91142823213547,6.0405239570087,2015-10-04
"expected_reported_cases",41,3.18546584498366,4.06719397264669,4.61020622451776,5.09888676013863,6.20103987414923,2015-10-11
"expected_reported_cases",42,3.38242687087121,4.33273391760183,4.86769336912716,5.44309682275385,6.51557288229972,2015-10-18
"expected_reported_cases",43,3.71759447647806,4.71058183324253,5.24224117873555,5.88793258366266,7.06380601702084,2015-10-25
"expected_reported_cases",44,4.17628770298381,5.20317746012884,5.75945702747336,6.51634895735429,7.73235604242846,2015-11-01
"expected_reported_cases",45,4.71035595168658,5.81180608733824,6.42877165652757,7.28814178470923,8.65275410348462,2015-11-08
"expected_reported_cases",46,5.47121336134952,6.60551302005566,7.38578895724147,8.38162148315309,10.0028720986678,2015-11-15
"expected_reported_cases",47,6.43728666805556,7.70155717842704,8.61380697637371,9.72612964517779,11.6153275746864,2015-11-22
"expected_reported_cases",48,7.53230716927368,9.05365497754486,10.264435282553,11.563898387076,14.1950456231008,2015-11-29
"expected_reported_cases",49,8.81260074730219,11.0309631788531,12.4953447966865,13.8887181754293,17.6464366008391,2015-12-06
"expected_reported_cases",50,10.2683683331995,13.4620002524472,15.3430262648998,17.2274029299932,22.3060976709926,2015-12-13
"expected_reported_cases",51,11.9847440225406,16.2780036772152,18.8675860313198,21.9655969941199,29.3375294357542,2015-12-20
"expected_reported_cases",52,13.9222913866993,19.9497928460093,23.4981949775387,28.1848242044998,38.5305181602482,2015-12-27
"expected_reported_cases",53,22.3645125363519,28.0844719248711,31.557052714167,36.0318778218831,44.8454604558943,2016-01-03
"expected_reported_cases",54,28.1976247487421,35.7561819282517,40.3696026411582,46.2759910408273,59.2024258363141,2016-01-10
"expected_reported_cases",55,38.5786305836204,47.4551504468974,52.9537423980816,59.4673780418987,74.0863966761954,2016-01-17
"expected_reported_cases",56,51.2735419796827,62.3614808948719,68.4780684138934,76.3121765449264,93.5374210626256,2016-01-24
"expected_reported_cases",57,67.9113578070629,80.1678361497946,87.7245298439352,97.3131487544447,116.340772605212,2016-01-31
"expected_reported_cases",58,87.3662033748337,102.212299293432,110.327553676517,121.976671267005,145.316926630666,2016-02-07
"expected_reported_cases",59,109.59402121999,127.494004959392,137.741870527136,150.702325502861,179.878011895367,2016-02-14
"expected_reported_cases",60,133.570087499116,155.29508478541,167.728525118747,184.464459250021,219.234588919429,2016-02-21
"expected_reported_cases",61,157.983254998731,185.560503648572,200.148333918461,218.424566141876,261.726441219618,2016-02-28
"expected_reported_cases",62,184.836585900942,215.747256310459,232.924408621223,253.053279537849,307.99957796279,2016-03-06
"expected_reported_cases",63,209.172784862357,243.382880452408,265.362018329031,287.38932535837,352.642525326844,2016-03-13
"expected_reported_cases",64,231.19150047804,269.122871847833,294.538458400537,320.076746259532,396.948443074696,2016-03-20
"expected_reported_cases",65,250.778228513209,289.080541950973,318.382112833883,346.550489223359,438.148833181512,2016-03-27
"expected_reported_cases",66,260.701721020883,307.530244064851,336.656670306168,368.869483147823,468.249257204163,2016-04-03
"expected_reported_cases",67,268.73637132795,317.521542961171,349.620430361306,383.311327541444,486.093460454473,2016-04-10
"expected_reported_cases",68,273.351392355801,322.004318406119,354.061449546674,386.623249378258,493.79497262849,2016-04-17
"expected_reported_cases",69,270.071024855589,318.572507973125,351.544166559765,384.313919905212,491.356932241747,2016-04-24
"expected_reported_cases",70,262.234751879867,310.081136971804,344.026162575448,376.511146398605,474.207890583341,2016-05-01
"expected_reported_cases",71,250.9286339386,296.701117119491,331.2402060739,362.228618849677,452.205517520464,2016-05-08
"expected_reported_cases",72,238.931526610432,281.502818690387,311.933865640883,341.580356462322,424.701608301272,2016-05-15
"expected_reported_cases",73,223.373161987195,262.91464291234,292.29406490823,317.149442694112,392.113960271374,2016-05-22
"expected_reported_cases",74,204.089817380616,242.313402597342,267.322896512227,291.291210545088,357.793158516096,2016-05-29
"expected_reported_cases",75,187.036939970737,222.440496118759,241.834616505783,264.685794317103,321.402222257853,2016-06-05
"expected_reported_cases",76,172.050002621934,200.136985651945,217.332202366337,237.345757842995,286.612608048783,2016-06-12
"expected_reported_cases",77,151.709504191061,178.595142515866,193.627470154601,209.613144612976,250.078736342636,2016-06-19
"expected_reported_cases",78,136.134298407944,156.634577795579,170.673369893329,185.300834388248,217.159114402579,2016-06-26
"expected_reported_cases",79,119.604771978096,136.613247799748,149.809127079259,161.687505237122,188.909908163919,2016-07-03
"expected_reported_cases",80,102.064406966104,118.35083505337,130.154616500798,140.832714159177,164.048637152831,2016-07-10
"expected_reported_cases",81,86.0046240872271,101.57562895019,112.486117349553,121.552783010677,142.631069267112,2016-07-17
"expected_reported_cases",82,72.5902135970935,87.0354647779414,96.3046739913451,105.250364430569,123.946613189685,2016-07-24
"expected_reported_cases",83,61.6068121666661,74.2105234490902,82.4624432895911,90.8398619423416,108.063376990734,2016-07-31
"expected_reported_cases",84,51.5512948114575,64.076482198348,70.5570289731635,77.8400215421455,92.1381388070026,2016-08-07
"expected_reported_cases",85,43.2632017455351,55.028539520825,60.4788161595203,66.8581439336604,79.4078502665638,2016-08-14
"expected_reported_cases",86,36.3582666704596,47.4907389418254,52.1753288058836,57.7935980274353,69.1070942038636,2016-08-21
"expected_reported_cases",87,31.3964589997672,41.1633543538137,45.1373404860588,50.4465128428254,60.4827803736249,2016-08-28
"expected_reported_cases",88,27.4065914591643,35.9767759350388,39.7649928230264,44.0179526368427,52.9828124708709,2016-09-04
"expected_reported_cases",89,24.1620841441633,31.939272330383,35.3011849823268,39.4717718360585,47.514444389748,2016-09-11
"expected_reported_cases",90,22.1893280965002,28.7274495286021,31.8947517292541,35.5068538298567,42.752189439403,2016-09-18
"expected_reported_cases",91,20.7356700611178,26.2810558363767,29.2577445706914,32.5818261304788,39.2780711530706,2016-09-25
"expected_reported_cases",92,19.7379525456104,24.702243426497,27.4008084029321,30.4919935003124,36.8057391429094,2016-10-02
"expected_reported_cases",93,19.3112580883502,23.8640147457753,26.4578100011075,29.4252392308565,34.9316666284459,2016-10-09
"expected_reported_cases",94,19.3691570643391,23.7782905652412,26.2884887954969,29.1059512779358,34.5769614450797,2016-10-16
"expected_reported_cases",95,20.2706128105155,24.2833123639466,26.7012952689133,29.5122513303798,35.2122843732189,2016-10-23
"expected_reported_cases",96,21.5799415802026,25.5685139834905,28.0921837901837,30.7283016313794,37.1072361840664,2016-10-30
"expected_reported_cases",97,23.71889171369,27.8824804705025,30.3578960295754,33.092203542352,39.6242723196978,2016-11-06
"expected_reported_cases",98,26.4254334576032,31.1765797902702,33.8558676971825,36.8135086153868,43.5729531866581,2016-11-13
"expected_reported_cases",99,30.6890796228409,35.733159605509,38.7642059994304,42.0669895160297,50.3824045445627,2016-11-20
"expected_reported_cases",100,35.842558833309,42.0707622835245,45.8042942393539,49.5808377259155,58.6540672323438,2016-11-27
"expected_reported_cases",101,42.9359492667735,50.9730587877496,55.5363594933017,60.2238920389664,71.2813010665328,2016-12-04
"expected_reported_cases",102,51.9332357296662,62.7648132168118,68.9404732596795,74.8662743678511,89.9116908722916,2016-12-11
"expected_reported_cases",103,65.4142750886935,78.4228596245525,86.3450749393685,95.3399308679504,116.472520414247,2016-12-18
"expected_reported_cases",104,83.560938534922,99.3653954605496,110.529806815141,122.941412561737,154.959241680122,2016-12-25
"expected_reported_cases",105,84.6711316600781,98.17379769026,107.09239756842,116.535002258966,137.683939233143,2017-01-01
"expected_reported_cases",106,104.082856790917,119.978276434012,130.970574398478,142.924943549208,170.206081715419,2017-01-08
"expected_reported_cases",107,118.510127399415,135.233135174832,147.013292304297,160.109315752027,187.488969029533,2017-01-15
"expected_reported_cases",108,135.977611645539,153.603873748697,166.43837892672,181.232438464933,208.097444721939,2017-01-22
"expected_reported_cases",109,153.14218710627,173.348837411337,187.747650112241,203.636329636248,234.277524583968,2017-01-29
"expected_reported_cases",110,167.555467345143,193.210261645681,209.459729914386,225.805792025629,260.848373875847,2017-02-05
"expected_reported_cases",111,181.290565701699,211.754452019332,229.424813501657,247.430347477759,287.160011289116,2017-02-12
"expected_reported_cases",112,195.791050354184,228.593665928652,248.121300071833,267.502495006452,311.293822210864,2017-02-19
"expected_reported_cases",113,204.93089691788,243.594625513056,264.696876159753,285.77497339092,337.179662284346,2017-02-26
"expected_reported_cases",114,209.803615677259,254.885236402899,278.500643112771,299.37069361736,362.549709022704,2017-03-05
"expected_reported_cases",115,212.189857388396,261.997267420769,285.327838392467,309.999761423096,384.517211204493,2017-03-12
"expected_reported_cases",116,212.229665932723,262.286408266716,289.101989740608,315.61553260014,395.215586100675,2017-03-19
"expected_reported_cases",117,211.660077694844,260.589242424116,288.491577519825,317.206735707897,398.994459534955,2017-03-26
"expected_reported_cases",118,206.028626225161,257.117355794035,283.734280023918,314.172348814327,388.886921376779,2017-04-02
"expected_reported_cases",119,199.147052376205,249.596132132769,273.70905469066,305.581073710431,380.795079696106,2017-04-09
"expected_reported_cases",120,190.712699565523,238.391310331392,262.47990257416,292.770227760915,363.590409833886,2017-04-16
"expected_reported_cases",121,183.18138926953,225.291625645912,248.877093394673,277.180350332749,343.939437732692,2017-04-23
"expected_reported_cases",122,173.282037731283,211.758346082147,233.757371774725,259.323838498566,319.859436935462,2017-04-30
"expected_reported_cases",123,163.075187496675,197.659827406621,218.081429583335,240.635856870295,298.684101437634,2017-05-07
"expected_reported_cases",124,152.794179440241,183.204421683966,202.099755518892,220.840114412927,272.97946748584,2017-05-14
"expected_reported_cases",125,141.707638186467,168.8614620057,186.099140077282,202.605508922653,248.179789542178,2017-05-21
"expected_reported_cases",126,131.389455950571,154.935302018312,170.33742109075,184.594484102707,222.917856372599,2017-05-28
"expected_reported_cases",127,121.304859257144,140.72645537011,154.564923114075,167.087286997165,199.999442274935,2017-06-04
"expected_reported_cases",128,111.452103803944,127.780417051317,139.500337041733,150.816989178012,178.164596597238,2017-06-11
"expected_reported_cases",129,100.881152840458,115.789316367186,124.859613420587,134.782343999744,157.613777106575,2017-06-18
"expected_reported_cases",130,89.8661437245101,103.451950117401,111.565057773257,119.389662502269,136.849584179479,2017-06-25
"expected_reported_cases",131,81.543070867231,92.5055181200092,99.0008145515379,105.435207970334,119.841242227034,2017-07-02
"expected_reported_cases",132,72.6682120031291,82.0067537905894,87.3906877704597,92.6482757481691,104.632316939876,2017-07-09
"expected_reported_cases",133,64.9982099051856,71.9898533947273,76.4532168959875,81.2432859518958,90.9957569748062,2017-07-16
"expected_reported_cases",134,56.9285529739924,62.81973639776,66.8633805615834,70.9882447282187,79.5336780960195,2017-07-23
"expected_reported_cases",135,49.3752565525659,54.4781715064721,58.2241760448917,61.8039709606156,69.476108713602,2017-07-30
"expected_reported_cases",136,42.8541156068046,47.2607548282821,50.4891938948839,53.7761160855633,60.3868021653285,2017-08-06
"expected_reported_cases",137,36.9272783133248,40.8244267786303,43.9235235304822,46.6612738338841,52.8044880657063,2017-08-13
"expected_reported_cases",138,31.7255983351379,35.2991133764401,38.0036136651246,40.6590014966447,46.1996478716217,2017-08-20
"expected_reported_cases",139,26.9096772771391,30.4665473381172,32.9343698292179,35.3388806830917,40.5839335615517,2017-08-27
"expected_reported_cases",140,23.0251229890682,26.5188365807635,28.8510514280312,30.8926181032812,35.7620100736962,2017-09-03
"expected_reported_cases",141,19.9171717439388,23.3530020889742,25.3933163628345,27.290739251118,32.045506926371,2017-09-10
"expected_reported_cases",142,17.5427135845061,20.5920563323629,22.5601158424181,24.3484200168759,28.9534635322907,2017-09-17
"expected_reported_cases",143,15.612484458355,18.4676396574258,20.2753649223103,21.9963845511144,26.0189197431528,2017-09-24
"expected_reported_cases",144,13.9502594988588,16.7803974997976,18.4213109759062,20.103931712093,24.1636747837196,2017-10-01
"expected_reported_cases",145,12.8246089647216,15.4980420716036,17.0594156954535,18.750460549774,22.2256982157733,2017-10-08
"expected_reported_cases",146,11.985201046159,14.5946888000951,16.0578937964455,17.6818167566497,21.1953652296326,2017-10-15
"expected_reported_cases",147,11.4233261896033,14.0204298056776,15.4804317965091,17.0082324889091,20.5607423758538,2017-10-22
"expected_reported_cases",148,11.2777461936002,13.7520220842255,15.1857244459042,16.6619299620673,20.1909924651082,2017-10-29
"expected_reported_cases",149,11.1685716132489,13.7914073429221,15.2236782788863,16.6856282562973,20.2073870087786,2017-11-05
"expected_reported_cases",150,11.3921801241191,14.126427343334,15.7108475651628,17.2917758901471,20.631322253893,2017-11-12
"expected_reported_cases",151,11.9348869460771,14.8019621062304,16.3456701487845,18.0632447820505,21.7876318561088,2017-11-19
"expected_reported_cases",152,12.8246218121368,15.6812570356949,17.486229957322,19.3435671642443,23.4950898211081,2017-11-26
"expected_reported_cases",153,13.9989824757142,17.0933727558375,18.9644592967867,20.9883880285069,25.7699408820037,2017-12-03
"expected_reported_cases",154,15.3930321790316,18.7538042756674,20.8154863445235,23.2571699760083,28.7838501549123,2017-12-10
"expected_reported_cases",155,17.4786496807369,20.9822192293183,23.1885188702247,26.0451672855653,32.0168517629395,2017-12-17
"expected_reported_cases",156,19.4876925255152,23.6907927519654,26.1757260081694,29.3698440213695,36.6116529935793,2017-12-24
"expected_reported_cases",157,22.2668354137824,26.7744465333752,29.7542483898688,33.7003534013398,41.5885299701131,2017-12-31
"expected_reported_cases",158,29.5617436224015,34.6124648300333,37.9313423129018,41.6495536065466,49.6104238969775,2018-01-07
"expected_reported_cases",159,34.5562577513231,40.2867939646341,44.0971534356658,48.0429407792763,56.8807148839018,2018-01-14
"expected_reported_cases",160,42.0265908879694,48.3710752896638,52.8905529488162,57.3108066737586,66.8712642345493,2018-01-21
"expected_reported_cases",161,49.9805832006398,57.2782118671391,62.2233777822536,67.7473857965081,77.1095996211833,2018-01-28
"expected_reported_cases",162,58.9985101984408,66.9137054418992,72.3845978926484,78.4840279812634,90.9902973163815,2018-02-04
"expected_reported_cases",163,68.7223441488219,76.9078198455647,83.259648510573,90.558258444195,106.146330365611,2018-02-11
"expected_reported_cases",164,77.3605693156092,86.7846561023079,94.2512227027847,102.963760082416,121.13043180693,2018-02-18
"expected_reported_cases",165,85.3085780148653,96.2057914261055,104.754374224457,114.897310906343,135.663900248214,2018-02-25
"expected_reported_cases",166,92.264588879883,105.148786374899,114.504779785531,126.071816158181,150.593574671032,2018-03-04
"expected_reported_cases",167,98.3657134322475,112.676946231565,123.457417891192,136.194394439342,163.465412692155,2018-03-11
"expected_reported_cases",168,102.700279311227,118.621772745517,130.177780570448,143.556806540591,172.204507803493,2018-03-18
"expected_reported_cases",169,105.099508356937,122.193725467248,135.199158967972,148.267477453981,180.222302383939,2018-03-25
"expected_reported_cases",170,106.656685278309,124.362133316616,137.898607459571,152.234311769752,185.373382574252,2018-04-01
"expected_reported_cases",171,106.607115687173,124.653972664399,138.065154265046,153.017651208412,186.296314991326,2018-04-08
"expected_reported_cases",172,105.609288944055,122.557576991565,136.6459217667,151.246978401728,184.271523613025,2018-04-15
"expected_reported_cases",173,102.663081916035,119.092784289084,133.668196018743,147.585407057998,180.215549026221,2018-04-22
"expected_reported_cases",174,98.710908147306,114.544054203588,128.8101701524,142.180286529082,172.781723042087,2018-04-29
"expected_reported_cases",175,94.5606534095307,109.727616585235,122.627421113534,136.092872228837,164.241365643826,2018-05-06
"expected_reported_cases",176,89.8404579558031,104.152459942614,115.671164109769,128.920195268952,154.422948871303,2018-05-13
"expected_reported_cases",177,84.331602825807,98.3880669713202,107.847723162625,120.651229309677,143.441896072554,2018-05-20
"expected_reported_cases",178,78.4520887944475,91.5886176761279,99.8624689877698,111.789367238661,130.745614244837,2018-05-27
"expected_reported_cases",179,72.4933571007671,84.8985658372086,91.9610265146404,102.645699212127,118.096313989004,2018-06-03
"expected_reported_cases",180,66.4964792127114,78.0184818788472,84.3396517333955,93.7392149259256,106.400014115232,2018-06-10
"expected_reported_cases",181,60.975907078154,70.88785984983,76.7059545704704,84.4657771480417,96.6973685798544,2018-06-17
"expected_reported_cases",182,55.1006446248205,64.0196980804812,69.086783314179,75.6004442524709,86.1926253849855,2018-06-24
"expected_reported_cases",183,50.1616826259108,57.7255606980749,62.0825573627151,67.5088610823797,76.1096969789396,2018-07-01
"expected_reported_cases",184,45.1411117388869,51.5774740956817,55.594491000423,59.8474596832784,67.2424597123069,2018-07-08
"expected_reported_cases",185,40.2617832276961,45.8087672715656,49.2615610239726,52.8131400225471,58.9229777877524,2018-07-15
"expected_reported_cases",186,35.7876763137686,40.3750853830429,43.4796866404622,46.401099034704,51.6367894737178,2018-07-22
"expected_reported_cases",187,31.1865586667512,35.583672692579,38.1544802610616,40.7312280481246,45.3614028800896,2018-07-29
"expected_reported_cases",188,27.0603374501907,31.3688197138678,33.5919501571114,35.7529539073462,39.9417917662949,2018-08-05
"expected_reported_cases",189,23.9764615663055,27.3105521295098,29.2482538318214,31.1805954719916,35.02554448817,2018-08-12
"expected_reported_cases",190,20.9388709599977,23.8363613356402,25.5716153370989,27.4024863231918,30.6622150894352,2018-08-19
"expected_reported_cases",191,18.2483511219501,20.917978104959,22.5883019026619,24.0988032787981,27.1945364508965,2018-08-26
"expected_reported_cases",192,15.967318737125,18.4461779133336,19.9571320948974,21.3498030768585,24.1657696234961,2018-09-02
"expected_reported_cases",193,14.1361622633243,16.4372485212563,17.8147423338127,19.0898872766115,21.7173887950195,2018-09-09
"expected_reported_cases",194,12.6134695051325,14.7977452456433,16.0203040223548,17.2281031139242,19.9104260562023,2018-09-16
"expected_reported_cases",195,11.328489224568,13.4553539281118,14.6575155016204,15.7392451851521,18.4396166160573,2018-09-23
"expected_reported_cases",196,10.2990289930772,12.3889524604107,13.5854218845308,14.6519108767123,17.3725844683093,2018-09-30
"expected_reported_cases",197,9.61961243841082,11.6365702643087,12.8261506518722,13.8745468409319,16.4816290947168,2018-10-07
"expected_reported_cases",198,9.15368925851021,11.1651255209431,12.3250775929954,13.4263210858124,16.1444036852706,2018-10-14
"expected_reported_cases",199,9.01137248752981,10.9356154008372,12.0648663212612,13.2272867726425,15.9769395032223,2018-10-21
"expected_reported_cases",200,8.95487517295957,10.920842343265,12.1323932795238,13.394942422954,16.1838938259894,2018-10-28
"expected_reported_cases",201,9.28291101906502,11.2282488673298,12.5442629456682,13.8271458336551,16.7891782878749,2018-11-04
"expected_reported_cases",202,9.78246131057645,11.8439609860047,13.2456604878396,14.6789379085294,17.7804795727028,2018-11-11
"expected_reported_cases",203,10.3851293278459,12.8685151610993,14.2348922712177,15.8741801705196,19.5770972773492,2018-11-18
"expected_reported_cases",204,11.4693654831244,14.2331184372642,15.7015411679713,17.4625123270539,21.5937491728191,2018-11-25
"expected_reported_cases",205,13.0035640826446,15.9609363944358,17.7308073245119,19.6082023767173,24.3186456496071,2018-12-02
"expected_reported_cases",206,14.6534258888534,18.1354230543826,20.3342598728118,22.5173252340371,27.9374119914248,2018-12-09
"expected_reported_cases",207,17.0218211761948,21.1578839917505,23.5801881758918,26.2473605752304,32.6837675295976,2018-12-16
"expected_reported_cases",208,20.2245360512079,25.144807647497,27.7233179762872,30.8718810593199,39.0980027265324,2018-12-23
"expected_reported_cases",209,24.2715307515246,29.5071988440086,33.2032390910669,36.9838748669454,46.5589777890005,2018-12-30
"expected_reported_cases",210,30.1666745376104,36.2739657668373,39.5184518021578,43.5609328054379,53.177050116094,2019-01-06
"expected_reported_cases",211,36.0515513352095,43.1148014041508,47.0198383902788,51.1824203282029,63.0337219706684,2019-01-13
"expected_reported_cases",212,44.0750457362897,51.5317786496311,55.8467228415204,60.8609275009376,73.537252099777,2019-01-20
"expected_reported_cases",213,52.5842139032857,60.8147931172934,66.0014338121843,71.6030679016805,85.8287815656817,2019-01-27
"expected_reported_cases",214,62.03532647567,70.967613462652,77.228390442077,83.6192855292066,99.4300092497721,2019-02-03
"expected_reported_cases",215,71.8196755993285,82.7112886201675,89.5668799925975,96.5722782438853,114.147677897442,2019-02-10
"expected_reported_cases",216,81.104151627953,93.98267911148,102.213243636979,109.78841348699,130.596099598788,2019-02-17
"expected_reported_cases",217,90.3214163795129,105.34556664825,114.983667746108,124.329942645629,146.661139923882,2019-02-24
"expected_reported_cases",218,98.5928942308862,116.519943155407,126.196730549296,138.541358984457,164.648544592805,2019-03-03
"expected_reported_cases",219,106.55171993873,125.907177063458,136.994929301138,151.857554952155,180.241467746641,2019-03-10
"expected_reported_cases",220,113.231499460195,134.64618149401,147.413939447459,163.40764354067,193.45603456787,2019-03-17
"expected_reported_cases",221,118.72747846853,141.827403965074,155.823452516184,173.868025937952,205.949023589686,2019-03-24
"expected_reported_cases",222,123.061582417478,148.265299383124,162.161513220019,181.714109852879,216.605427317457,2019-03-31
"expected_reported_cases",223,126.473149547148,152.606365891027,168.279504012471,187.60127427406,224.752846446091,2019-04-07
"expected_reported_cases",224,129.431678303074,156.079645079604,171.396768037845,191.559464325265,227.19891566145,2019-04-14
"expected_reported_cases",225,129.975466116195,158.122340661511,173.677562350365,192.93396533317,230.19820557455,2019-04-21
"expected_reported_cases",226,130.073768807166,159.075196979175,173.679731600951,193.063745440995,230.833941151317,2019-04-28
"expected_reported_cases",227,130.419072349935,158.199716770747,172.552252572898,191.251737753287,226.767285663821,2019-05-05
"expected_reported_cases",228,129.652016404392,156.608442577502,170.905596132604,188.625436635962,222.730878335478,2019-05-12
"expected_reported_cases",229,129.060680021655,154.211588628984,167.905733147822,184.797010208063,216.305913509976,2019-05-19
"expected_reported_cases",230,128.661065468787,151.784563739499,164.420298196775,179.563062792966,207.478789405412,2019-05-26
"expected_reported_cases",231,127.324990579827,148.196977511635,160.145077340889,173.856737135859,200.409770108996,2019-06-02
"expected_reported_cases",232,125.753872983506,144.887807798166,155.554979587228,168.775482082342,189.43705539733,2019-06-09
"expected_reported_cases",233,123.772538219912,140.422323538476,150.274964641714,161.812745768635,182.471038934606,2019-06-16
"expected_reported_cases",234,120.313338073699,135.709395859745,144.669015252451,154.510249696427,174.197261081848,2019-06-23
"expected_reported_cases",235,116.964078037713,130.104588734037,137.549499031655,146.015112490695,165.501647849099,2019-06-30
"expected_reported_cases",236,112.250930743765,123.724230291782,130.835309624371,138.842642962156,155.584920666305,2019-07-07
"expected_reported_cases",237,106.943024639475,116.908909432371,123.850553521498,130.917364156542,146.294801051217,2019-07-14
"expected_reported_cases",238,100.486014957314,109.942007915959,116.455594405204,123.153777378501,136.608119439023,2019-07-21
"expected_reported_cases",239,93.8384965338914,102.954885504485,108.967799258094,115.254458811842,128.747403804927,2019-07-28
"expected_reported_cases",240,87.7436101335877,96.1105987284532,101.540423702412,108.156626147858,120.229269589801,2019-08-04
"expected_reported_cases",241,80.356767419613,88.9045451530064,94.3128618415879,101.148739315918,112.447953193841,2019-08-11
"expected_reported_cases",242,73.9262134926633,81.9712236662589,87.7981931669659,94.1787214527819,105.598751038008,2019-08-18
"expected_reported_cases",243,67.9607493041689,76.0359486852851,81.8587053236585,87.7724979342571,99.1447638215138,2019-08-25
"expected_reported_cases",244,61.8016951024271,70.8341807807222,76.3201867219065,81.3633269331252,93.5728329653292,2019-09-01
"expected_reported_cases",245,56.7893746095794,66.2772810836523,71.1083852415595,76.5784494618034,89.6776086236385,2019-09-08
"expected_reported_cases",246,52.5496372014478,62.2811768250673,67.36320886589,72.7075706890153,85.3271071128769,2019-09-15
"expected_reported_cases",247,49.5226347608956,58.8313523315474,64.041266837096,69.3765834629402,82.6386265073356,2019-09-22
"expected_reported_cases",248,47.1483755190852,56.207013793776,61.5639232036504,66.9646118832261,82.3805819876218,2019-09-29
"expected_reported_cases",249,45.2156494589845,54.8434017179299,59.8066454526216,65.3669688913281,82.7541354948264,2019-10-06
"expected_reported_cases",250,44.3467792845925,53.9894513623077,59.2427468327531,64.9278069095339,83.0016407163547,2019-10-13
"expected_reported_cases",251,44.2709807692154,54.4559557426841,59.862227038179,66.0063084045812,84.699029465579,2019-10-20
"expected_reported_cases",252,45.0932814778184,55.7830153033624,61.7036974210488,67.9681564171475,87.6277267802199,2019-10-27
"expected_reported_cases",253,46.8823537691255,58.5701297353418,64.6565355847953,71.3480554080124,92.9442930882683,2019-11-03
"expected_reported_cases",254,49.7785536396798,62.2721785461892,69.1338564694903,76.0037792613186,99.4071086950933,2019-11-10
"expected_reported_cases",255,54.370009165668,67.6887688875697,75.3203769486228,83.043523283468,107.637860052236,2019-11-17
"expected_reported_cases",256,60.5843694745722,75.1651327521924,83.9653864748045,92.4769983161152,120.105493290906,2019-11-24
"expected_reported_cases",257,69.6094105652704,84.7294135929097,95.3416503621447,104.747416728971,138.82908248118,2019-12-01
"expected_reported_cases",258,81.0244044099219,97.5539787504545,108.761522426845,120.502379229113,158.322288627839,2019-12-08
"expected_reported_cases",259,94.1801675197025,113.657637200727,125.77756058182,140.270960225036,182.175896966838,2019-12-15
"expected_reported_cases",260,110.623910122129,133.814883428634,148.274392048678,165.580482748959,215.972178573262,2019-12-22
"expected_reported_cases",261,131.072519210042,158.82524266172,175.519689131088,196.838234243742,259.729429734557,2019-12-29
"expected_reported_cases",262,162.434285159457,194.008924424819,211.344951050169,231.711893509648,287.282975890858,2020-01-05
"expected_reported_cases",263,194.979203853579,233.977601607483,252.758138953502,277.297604681368,342.499275441493,2020-01-12
"expected_reported_cases",264,238.615651745726,284.321435554156,302.179767973791,330.007155624253,398.007054409971,2020-01-19
"expected_reported_cases",265,286.430430707434,337.324140094735,360.331121320511,389.640491824438,474.61489562364,2020-01-26
"expected_reported_cases",266,340.156322800747,395.928797319474,425.407149086768,456.776001551688,548.334405995352,2020-02-02
"expected_reported_cases",267,400.777142427068,458.672275655703,494.271645535286,532.492500046625,625.118969385727,2020-02-09
"expected_reported_cases",268,462.004442950579,522.481493711411,569.209858880018,612.169355829952,710.40013384651,2020-02-16
"expected_reported_cases",269,511.095003790469,588.44103982064,640.340729403667,687.899793704022,797.313623956037,2020-02-23
"expected_reported_cases",270,558.677895174623,648.199077034075,707.53388475455,762.20592122743,886.27256768225,2020-03-01
"expected_reported_cases",271,610.897630636907,696.885193396209,764.6845552773,825.160891261961,967.92944749515,2020-03-08
"expected_reported_cases",272,636.617145290165,735.635332976346,807.75326558646,878.59087094715,1038.25460731994,2020-03-15
"expected_reported_cases",273,659.343324804591,766.765509311243,837.806620690355,918.915666100103,1092.6848680792,2020-03-22
"expected_reported_cases",274,677.138514239606,786.145489378019,854.107247092904,942.382310203911,1122.93940713591,2020-03-29
"expected_reported_cases",275,675.679803088314,792.270664385392,856.675364993188,946.279046209646,1126.82756822265,2020-04-05
"expected_reported_cases",276,664.708478746326,783.477235229097,847.059505921742,933.921697655997,1101.99006817661,2020-04-12
"expected_reported_cases",277,646.359052644524,763.482369499511,827.381325704509,912.933448518324,1080.30811264219,2020-04-19
"expected_reported_cases",278,627.597840865632,731.793343600167,792.892291269918,875.837995099555,1042.68723349169,2020-04-26
"expected_reported_cases",279,597.314825549714,691.695255450624,751.372689051713,829.630349018374,994.851865802436,2020-05-03
"expected_reported_cases",280,566.329579300123,650.418821655667,703.85015157799,778.64777414015,937.860240541541,2020-05-10
"expected_reported_cases",281,524.605682351549,610.26020058998,657.471580077505,724.475648031327,868.781440397326,2020-05-17
"expected_reported_cases",282,485.255958657976,565.01598476239,608.003585942868,664.551239337347,799.672345097885,2020-05-24
"expected_reported_cases",283,449.886924864866,519.192391531019,557.048072196267,605.556675411388,727.366107449468,2020-05-31
"expected_reported_cases",284,408.848644273627,469.854350774686,503.694439069628,548.117313523412,658.743705985171,2020-06-07
"expected_reported_cases",285,368.326400282709,424.253775735768,454.578229052977,490.95737855188,584.777639363422,2020-06-14
"expected_reported_cases",286,330.431313731724,378.084959591237,406.988769884669,437.62322733337,517.419098910858,2020-06-21
"expected_reported_cases",287,294.506728105972,337.042334447674,361.521174887558,387.631758108996,453.850924557563,2020-06-28
"expected_reported_cases",288,258.65884507535,297.336270992605,317.703088490363,339.853397286071,394.944248708626,2020-07-05
"expected_reported_cases",289,226.787827628467,261.415660655263,278.81201104319,296.992306927736,344.826367315676,2020-07-12
"expected_reported_cases",290,198.148263393613,227.043503952489,243.077315377258,259.005987250162,296.860937941834,2020-07-19
"expected_reported_cases",291,172.277679503656,196.760820448968,210.708413942046,224.541144476267,254.500054976789,2020-07-26
"expected_reported_cases",292,149.104800443766,170.361524823073,182.306996500986,194.455627383761,219.501935363901,2020-08-02
"expected_reported_cases",293,129.712070578045,146.556385550704,156.798416409377,168.195628232015,189.380701505778,2020-08-09
"expected_reported_cases",294,112.56017863011,126.341477004093,135.406848605464,145.181574135779,165.075750251365,2020-08-16
"expected_reported_cases",295,96.8337248029231,109.46847085782,117.165412773207,125.694076460027,143.329865564956,2020-08-23
"expected_reported_cases",296,83.7351872169961,94.6022384644678,101.690518507631,109.418067430195,126.568689802992,2020-08-30
"expected_reported_cases",297,72.3145897017707,83.0647950563319,89.2211047725391,95.9510787467233,112.153852146103,2020-09-06
"expected_reported_cases",298,63.7163275283537,73.4637769846964,78.9150952615162,84.7428124175495,100.362976510573,2020-09-13
"expected_reported_cases",299,57.1771237397207,65.6826763076065,70.6862653348672,76.3535871571413,90.7303377766815,2020-09-20
"expected_reported_cases",300,51.6786922082206,59.5177655821397,64.3658586010677,69.4851060636926,83.426145227458,2020-09-27
"expected_reported_cases",301,47.7865234845261,55.1882880832975,59.7979259299002,64.5124422591195,78.4622028569769,2020-10-04
"expected_reported_cases",302,45.1677260247673,51.9213872061604,56.6128659520703,61.1999467245512,74.832538863008,2020-10-11
"expected_reported_cases",303,43.5248316249727,50.1058773532627,54.637110835515,59.5772367653754,73.1697530602636,2020-10-18
"expected_reported_cases",304,42.5261155862506,49.4271905692647,54.0969241835381,59.265564159555,73.4916073147947,2020-10-25
"expected_reported_cases",305,42.3842527873016,50.0267186217341,54.7608225028966,60.1276518695525,74.2595386560393,2020-11-01
"expected_reported_cases",306,43.4410310755537,52.0154993527346,57.131511911715,62.2928392792189,77.9394458162567,2020-11-08
"expected_reported_cases",307,46.3558728126236,55.3386670319482,60.967703181882,66.7343760008701,83.05835850657,2020-11-15
"expected_reported_cases",308,49.8387352468548,60.1838402189436,66.42833490885,73.2273239716777,89.8783627341541,2020-11-22
"expected_reported_cases",309,55.6356685171712,67.3182913650228,74.0755828966392,82.1309078185011,99.6612449990204,2020-11-29
"expected_reported_cases",310,62.6789847226425,76.5980753464545,84.5409733090884,93.4596685340949,111.843002347035,2020-12-06
"expected_reported_cases",311,71.472671724022,88.3169727300591,97.4036912341849,107.739207730382,129.120908228012,2020-12-13
"expected_reported_cases",312,83.7909994374182,102.670850423863,114.71604833621,127.253357079187,152.830430703897,2020-12-20
"expected_reported_cases",313,98.514594201968,121.95019264351,135.65002697934,151.501222911863,182.149150962055,2020-12-27
"expected_reported_cases",314,117.606957653335,139.082071378674,154.893016350818,167.851680454233,200.866947861269,2021-01-03
"expected_reported_cases",315,139.99638675769,165.050982821862,182.368736298568,197.72879426255,236.084785151917,2021-01-10
"expected_reported_cases",316,164.99860664704,192.716346454377,211.183731944487,228.658482941603,272.185301025761,2021-01-17
"expected_reported_cases",317,194.295146324925,224.232341660918,242.945844337569,265.298844202881,316.984024865573,2021-01-24
"expected_reported_cases",318,226.745565220606,259.072341069213,278.692046812521,304.181155229494,360.127336838967,2021-01-31
"expected_reported_cases",319,257.883050099837,294.218493079892,313.458175700977,344.578798239446,405.880292131681,2021-02-07
"expected_reported_cases",320,286.502381579304,328.617091081348,350.596495198241,386.589938190667,456.368233960522,2021-02-14
"expected_reported_cases",321,313.162183215532,361.032224458899,388.920209770472,425.27956475118,498.828007176695,2021-02-21
"expected_reported_cases",322,332.042596385414,388.834238972427,423.352431193731,460.338593389261,549.73432435726,2021-02-28
"expected_reported_cases",323,354.189596947962,413.013063434351,449.370545226902,486.701726723112,586.16638214747,2021-03-07
"expected_reported_cases",324,367.51041433327,428.738070071917,471.419301998986,511.842291309457,611.782887787573,2021-03-14
"expected_reported_cases",325,375.202429704582,439.375069578315,484.076509141661,526.480806385261,634.878455637777,2021-03-21
"expected_reported_cases",326,372.866851594184,445.550319362712,489.504423971465,536.30710737079,643.711949563527,2021-03-28
"expected_reported_cases",327,370.361024163453,442.561937043352,488.015112225079,535.707713561419,638.964588131745,2021-04-04
"expected_reported_cases",328,360.306107507797,433.477143827239,476.154042976169,525.793552633354,621.886569483033,2021-04-11
"expected_reported_cases",329,346.960931583905,418.677589962998,459.289324847094,508.925255562,606.400855565135,2021-04-18
"expected_reported_cases",330,332.340380471331,399.023466992355,438.955301379128,484.790656309982,570.533731265611,2021-04-25
"expected_reported_cases",331,315.740676734335,377.873486993716,415.01852981865,457.790920036594,543.575443016316,2021-05-02
"expected_reported_cases",332,295.963540251463,355.482464626549,387.9660973512,428.244272934074,504.122316958281,2021-05-09
"expected_reported_cases",333,279.673630602396,330.294515955699,360.538401476871,395.898204719644,469.319577731237,2021-05-16
"expected_reported_cases",334,261.939014548505,304.074277670628,333.358152234768,364.125909070987,435.733283348838,2021-05-23
"expected_reported_cases",335,242.112443243018,277.983228514398,305.072288561263,332.702094460519,390.01179335802,2021-05-30
"expected_reported_cases",336,220.596179500483,252.608430998728,277.929340060363,302.243839436242,355.433389527287,2021-06-06
"expected_reported_cases",337,203.453089335174,229.258580035187,250.892818737896,271.214777294077,318.342885833344,2021-06-13
"expected_reported_cases",338,183.349595604657,206.937815771699,223.613556347597,241.655725433012,279.136917894864,2021-06-20
"expected_reported_cases",339,165.277549137555,184.715576974407,200.375542703948,215.459116782688,246.148514796785,2021-06-27
"expected_reported_cases",340,144.923588001891,163.939070670973,178.249553300191,191.025973655185,217.679739602458,2021-07-04
"expected_reported_cases",341,128.161339636203,143.885968543517,156.425804891764,168.134716851983,192.39580872884,2021-07-11
"expected_reported_cases",342,110.621014581171,125.271603941963,137.267453571902,147.655600115033,170.198131851081,2021-07-18
"expected_reported_cases",343,95.17715046219,109.000520364831,119.486972564585,129.885444287337,148.859751015671,2021-07-25
"expected_reported_cases",344,82.2835892384556,94.5796891350983,104.047093806428,113.431528763707,131.228294550749,2021-08-01
"expected_reported_cases",345,71.0152717454017,81.9973821146931,90.552178201187,98.4564203557883,114.952092361813,2021-08-08
"expected_reported_cases",346,60.0362332647559,71.1257588736788,78.7809959756055,85.6237786334001,99.701301434588,2021-08-15
"expected_reported_cases",347,52.0558659767751,61.5588897393245,68.4550175804416,74.6887373831703,87.6567037523434,2021-08-22
"expected_reported_cases",348,44.2191293767944,53.3809527503299,59.4648438172883,65.3070836757524,77.1991678190897,2021-08-29
"expected_reported_cases",349,38.0897025142292,46.6219495591629,51.9747744467446,57.3675248438414,68.7701270084687,2021-09-05
"expected_reported_cases",350,33.4131578159387,41.072480595971,45.8466779738642,50.8715648572758,61.4689806122961,2021-09-12
"expected_reported_cases",351,29.5857983332839,36.6601875142713,40.890953737002,45.5475303580144,54.9964240170952,2021-09-19
"expected_reported_cases",352,26.7651819515083,33.2715617185101,36.9772048473154,41.4170473299611,49.7502126100395,2021-09-26
"expected_reported_cases",353,24.4833392414267,30.4723798784122,34.0149318387993,38.0638577533553,45.4704288058331,2021-10-03
"expected_reported_cases",354,23.3169917660287,28.6529527004783,31.9195034203911,35.7528310545619,42.3463070632485,2021-10-10
"expected_reported_cases",355,22.697752659097,27.4170492221607,30.5673030780219,34.1403360709691,40.1794346907966,2021-10-17
"expected_reported_cases",356,22.5920651805298,26.9645227571567,29.9938301584395,33.1281719343075,38.8201203292518,2021-10-24
"expected_reported_cases",357,23.1277518867459,27.1066117892535,30.0125205616465,32.9012122923282,38.6374938006,2021-10-31
"expected_reported_cases",358,23.9292241180863,27.7727328197629,30.6827656789082,33.4912553211241,39.3792941795248,2021-11-07
"expected_reported_cases",359,25.0893834411901,29.2221545443998,32.3198081187488,34.8965873983166,40.4434715269639,2021-11-14
"expected_reported_cases",360,26.8998438969255,31.2836277069645,34.3991501247501,37.1787276972549,42.8292962517023,2021-11-21
"expected_reported_cases",361,29.2675387617195,34.2142828726781,37.5366807380447,40.3503785179823,46.8296341284865,2021-11-28
"expected_reported_cases",362,32.7568383259726,38.0731928005467,41.56341407642,44.7067591711039,51.9726697243789,2021-12-05
"expected_reported_cases",363,36.9642242836426,43.0025825522748,47.1017356578506,50.7832439537601,58.855277700936,2021-12-12
"expected_reported_cases",364,42.2916097386341,49.194298871021,53.6157422971098,58.3680051335735,67.4727717268126,2021-12-19
"expected_reported_cases",365,48.5458903032321,56.957937158563,61.7495858938845,67.6181453907245,79.0586206147549,2021-12-26
"expected_reported_cases",366,72.502094457793,82.2594211021637,87.7076624814603,95.0612781758809,104.793882196743,2022-01-02
"expected_reported_cases",367,88.6969298785623,99.7309380743808,107.431484698683,115.568138463052,128.187998575193,2022-01-09
"expected_reported_cases",368,115.608468842763,129.498389714631,138.709635980798,147.16066753096,163.906169278787,2022-01-16
"expected_reported_cases",369,146.542376456451,163.112171673316,176.237727381403,186.60679207432,210.214117460304,2022-01-23
"expected_reported_cases",370,182.776396059468,205.42915459432,219.876632431873,234.949512138163,266.328346157614,2022-01-30
"expected_reported_cases",371,225.601820667091,253.271817758099,271.419346574093,292.297486756226,335.201318412049,2022-02-06
"expected_reported_cases",372,272.354158260465,309.405342492058,331.808209370742,359.217853390388,407.70190357723,2022-02-13
"expected_reported_cases",373,321.728473001004,370.096215040156,398.442980094745,432.526572823713,500.994034865113,2022-02-20
"expected_reported_cases",374,371.542045625863,433.712560556776,466.701138608519,510.20017593387,597.750981509713,2022-02-27
"expected_reported_cases",375,416.638021145115,495.817828286952,530.751480368263,584.08397379241,703.079548914194,2022-03-06
"expected_reported_cases",376,462.847083806752,552.860955042488,592.743860389505,655.929322367358,796.011675197205,2022-03-13
"expected_reported_cases",377,500.802876519106,598.392688649272,646.055541156055,718.554630677965,875.13707406543,2022-03-20
"expected_reported_cases",378,528.97442171826,636.124457319666,689.553937970531,770.303313876313,945.143542957838,2022-03-27
"expected_reported_cases",379,548.603605139885,661.074228181155,720.893690854446,804.973159722749,1000.60263196933,2022-04-03
"expected_reported_cases",380,559.308386105744,674.152678999289,737.767434395022,824.939305478958,1024.51618657779,2022-04-10
"expected_reported_cases",381,555.309319854672,674.605130073364,737.372420936421,829.107164049955,1024.70946039639,2022-04-17
"expected_reported_cases",382,547.961829242478,661.521988221312,724.993770429837,813.200080541449,1002.64970732952,2022-04-24
"expected_reported_cases",383,533.022160311927,639.322747234866,700.560383670717,781.201946172166,973.497081109918,2022-05-01
"expected_reported_cases",384,513.269302819551,605.860814532183,663.327943158438,738.831426193843,920.926866348904,2022-05-08
"expected_reported_cases",385,485.239255581564,570.106065592984,621.97380336671,690.107789422459,852.602998895332,2022-05-15
"expected_reported_cases",386,451.028197684976,529.090846696635,574.265930977319,637.475255974444,791.074010408274,2022-05-22
"expected_reported_cases",387,411.726998041231,484.842929326842,523.593156958113,580.117465824225,707.340464714592,2022-05-29
"expected_reported_cases",388,371.8733041091,436.854808088465,474.416603628542,520.149027645252,638.128217842987,2022-06-05
"expected_reported_cases",389,336.218718505272,390.543607407438,423.573141875866,461.628288476008,567.765026533743,2022-06-12
"expected_reported_cases",390,303.67314175084,346.165218758943,375.709628790066,404.978529719659,496.70402526222,2022-06-19
"expected_reported_cases",391,268.610761280925,302.322767707043,329.559373549292,354.604136710956,433.733324040436,2022-06-26
"expected_reported_cases",392,232.409661584618,264.108276323866,286.217470064397,307.017381420579,375.140811721112,2022-07-03
"expected_reported_cases",393,200.173966935728,228.681321039899,247.742273961696,264.703750681352,323.415555192865,2022-07-10
"expected_reported_cases",394,170.17636103624,195.192769181579,212.690389631245,227.452243889824,278.585796041138,2022-07-17
"expected_reported_cases",395,144.205669797824,167.29547297324,181.071516773486,195.358859782032,237.367231450621,2022-07-24
"expected_reported_cases",396,120.991889942515,141.164751966789,153.517996649898,168.874490983009,201.402001783978,2022-07-31
"expected_reported_cases",397,101.73682509813,120.013341110245,130.270244393363,143.663887731569,172.921249959422,2022-08-07
"expected_reported_cases",398,85.5827994170439,101.820468532093,111.33085829166,122.928403162133,148.220429363423,2022-08-14
"expected_reported_cases",399,72.1105271900406,86.8907240661484,95.5053512465707,105.479308410332,126.427069228626,2022-08-21
"expected_reported_cases",400,61.3047134890127,74.1357374873611,81.9456871050993,91.1528013078306,109.055533812915,2022-08-28
"expected_reported_cases",401,53.1919816349702,64.2567560698269,71.2475940079858,79.3776862347088,95.6251677437098,2022-09-04
"expected_reported_cases",402,46.3272967393741,56.57519822888,62.7845345579984,69.6417379760862,84.2582233079943,2022-09-11
"expected_reported_cases",403,41.0909031835737,50.3525342247997,56.1145870144098,62.1710793970364,75.6047516000231,2022-09-18
"expected_reported_cases",404,37.4868867178525,45.8037065866126,50.8262885343226,56.5444535666777,68.20746321477,2022-09-25
"expected_reported_cases",405,35.1727803326304,42.6156168360102,47.2438812005616,52.2642140218045,63.562185514787,2022-10-02
"expected_reported_cases",406,33.9623779579688,40.7054579000124,45.0093834210977,49.5497517685122,60.4331569672499,2022-10-09
"expected_reported_cases",407,33.2268795019753,39.9596959897922,43.7928915297531,48.3265718649819,58.4523396070074,2022-10-16
"expected_reported_cases",408,33.3117317303589,40.3126389757319,44.0156252331084,48.3701110200088,57.9937629919018,2022-10-23
"expected_reported_cases",409,34.6358701441765,41.774362093391,45.16467957861,49.6942285748735,59.5279628840059,2022-10-30
"expected_reported_cases",410,37.573756110151,44.548372880974,48.1319577624228,52.5079959841608,62.4764899820837,2022-11-06
"expected_reported_cases",411,41.4546061459723,48.8907225523578,52.8040349370558,57.5017107276553,68.1962988894778,2022-11-13
"expected_reported_cases",412,46.5061957317306,54.8781350499792,59.4834043337985,64.8815836908007,75.7633861989174,2022-11-20
"expected_reported_cases",413,54.1385270554431,63.2533121013488,68.8877816776917,75.7650662660519,86.6284726956183,2022-11-27
"expected_reported_cases",414,63.2536520736712,74.7438232502323,82.1085880228786,90.1596520734947,102.081036027898,2022-12-04
"expected_reported_cases",415,75.7865440883152,90.3334638167328,99.1214204888798,110.05644150955,124.597613423662,2022-12-11
"expected_reported_cases",416,92.582968925703,111.352568511274,122.521833738392,135.869424090766,159.073563746483,2022-12-18
"expected_reported_cases",417,113.955831494357,138.385858396274,152.52204675672,170.493757309305,202.257480564243,2022-12-25
"expected_reported_cases",418,124.045042890438,143.046000554977,156.092563150058,169.179660500229,193.59858182262,2023-01-01
"expected_reported_cases",419,149.901923009967,173.720955406857,189.033516544634,204.803550994657,236.314232798842,2023-01-08
"expected_reported_cases",420,171.937174454559,197.932906228187,214.03957207408,230.173661254851,262.975046657707,2023-01-15
"expected_reported_cases",421,199.627819279569,227.286990366249,244.821925739928,261.119223580005,301.024468231575,2023-01-22
"expected_reported_cases",422,227.58427515332,257.909558470432,277.762506010157,297.023463690153,337.779168932161,2023-01-29
"expected_reported_cases",423,255.877624512279,289.796189707969,310.997718897619,332.958085562047,376.862755226696,2023-02-05
"expected_reported_cases",424,285.603787696135,319.835299970316,344.959334648351,369.677274892714,419.182683086814,2023-02-12
"expected_reported_cases",425,307.955695192107,347.564547392266,376.679420481126,404.69919858894,462.514436679988,2023-02-19
"expected_reported_cases",426,326.818184875055,372.116378180458,404.208194201233,436.483062112392,502.72170446437,2023-02-26
"expected_reported_cases",427,341.980057085588,393.396796436838,427.374316400338,461.01109843595,537.462991256656,2023-03-05
"expected_reported_cases",428,349.918404526488,411.04794473338,443.510091193918,481.519186354776,565.495125573646,2023-03-12
"expected_reported_cases",429,355.273255671259,422.805203613913,456.268896719573,494.887650475142,584.108460115586,2023-03-19
"expected_reported_cases",430,355.337920583748,425.907461922459,463.229809808435,501.931304838055,595.963017638623,2023-03-26
"expected_reported_cases",431,351.624488922365,423.157499335338,461.821771185771,502.460534045632,602.431681445499,2023-04-02
"expected_reported_cases",432,344.419426547237,416.022203473155,456.73788743064,497.498980190951,602.385620199828,2023-04-09
"expected_reported_cases",433,335.877563756273,406.132191634418,447.273747262007,485.492305791914,592.630377869517,2023-04-16
"expected_reported_cases",434,327.242883685093,391.823422865817,432.164133959686,469.617182578422,574.235011726114,2023-04-23
"expected_reported_cases",435,316.529051635039,377.357188836593,414.348854795444,451.523376975433,550.649240419456,2023-04-30
"expected_reported_cases",436,302.534025111465,358.935539350478,392.695440741351,429.154836355573,516.993899166659,2023-05-07
"expected_reported_cases",437,287.501242700095,342.276775944394,370.980100608503,404.278805289846,482.361775774857,2023-05-14
"expected_reported_cases",438,268.912958247947,321.692653409185,350.445126981957,379.843304306564,455.285399904873,2023-05-21
"expected_reported_cases",439,251.682931809975,302.450174579514,327.042600453868,355.503084867537,421.149508391281,2023-05-28
"expected_reported_cases",440,239.135955856681,282.633897445266,304.895288507044,330.954198790461,390.945958512566,2023-06-04
"expected_reported_cases",441,224.224012089652,261.396661547385,282.31793465438,305.221478340391,361.627280941012,2023-06-11
"expected_reported_cases",442,209.273103579207,241.108644962945,259.631026645729,279.645506437778,327.818265867773,2023-06-18
"expected_reported_cases",443,195.091324421943,221.575166265201,238.293477167642,255.967885939556,297.551450184379,2023-06-25
"expected_reported_cases",444,178.920367754917,201.996551814422,216.433003158695,232.097893500173,269.110769990256,2023-07-02
"expected_reported_cases",445,163.194602772144,182.820327227677,196.719652754146,210.876879046279,244.530322075636,2023-07-09
"expected_reported_cases",446,145.770551300775,165.347820624205,178.049910192074,191.076926023807,219.699779689679,2023-07-16
"expected_reported_cases",447,130.986418030047,148.448235575259,159.819853566136,170.802964509433,196.120202528027,2023-07-23
"expected_reported_cases",448,117.797538111886,132.470131814029,142.97864162334,154.024557720743,174.222685061923,2023-07-30
"expected_reported_cases",449,104.861455716522,118.746227760424,127.338019160482,137.197650334904,154.73868690768,2023-08-06
"expected_reported_cases",450,92.8620975623479,105.653851846919,113.261533500519,122.280324427962,137.857680882443,2023-08-13
"expected_reported_cases",451,82.373499422063,93.4939277261672,100.577678848276,108.582539686013,122.345231843279,2023-08-20
"expected_reported_cases",452,72.5334806544053,83.6537467141318,89.5491544615957,96.2951956458705,109.086204929655,2023-08-27
"expected_reported_cases",453,64.9247703872257,74.96337145642,80.395532412979,86.2159267395458,98.4085223324764,2023-09-03
"expected_reported_cases",454,58.0767749785858,67.2695661851153,71.8214701994423,77.4879956365966,88.8399164364237,2023-09-10
"expected_reported_cases",455,52.3260954953043,60.7285975510809,65.0158262415754,70.1477323143986,80.7137093803022,2023-09-17
"expected_reported_cases",456,47.877245816064,55.3164803815272,59.675157293378,64.5616495252324,73.8458991590386,2023-09-24
"expected_reported_cases",457,43.9544009604179,51.0438610044705,55.0410797054763,59.9554964511364,69.3441199832461,2023-10-01
"expected_reported_cases",458,41.5795500646531,48.0080364271016,51.7224343968982,56.5092403156916,66.1733688470125,2023-10-08
"expected_reported_cases",459,39.7411921591092,45.7916079394366,49.4073195727652,54.001566119294,64.0253905173069,2023-10-15
"expected_reported_cases",460,38.5260836828056,44.3861504677497,47.94691621752,52.701495923974,63.0086010089002,2023-10-22
"expected_reported_cases",461,38.1538821072931,44.06084017315,47.6105754603013,52.6651926650099,63.123726154277,2023-10-29
"expected_reported_cases",462,38.2277070074778,44.5074664518186,48.0322903832571,53.1478760819064,64.545517947724,2023-11-05
"expected_reported_cases",463,39.5782949595525,46.1472948586517,49.7401542342241,54.9524425256498,66.9687391233821,2023-11-12
"expected_reported_cases",464,41.4099159592072,48.5449893068169,52.360774345885,58.2168719073976,71.5728260871495,2023-11-19
"expected_reported_cases",465,44.1280854791436,52.2400372175938,56.4487384053898,62.8231343491061,77.8969290047803,2023-11-26
"expected_reported_cases",466,47.0750191428578,56.7111656722184,62.0730908842495,68.7814180494639,85.1052050678424,2023-12-03
"expected_reported_cases",467,51.7740976926945,62.8781494252106,69.1423787073248,76.3074375466503,95.413916836095,2023-12-10
"expected_reported_cases",468,58.2955858293786,70.7138233989161,77.5773738552592,86.3806713112763,108.763510149581,2023-12-17
"expected_reported_cases",469,64.8804920999773,80.2276926906186,88.1705429419731,98.4911152640184,122.39379998662,2023-12-24
"expected_reported_cases",470,73.2801844540048,91.4051674962378,101.101529271751,113.707096189773,140.431368025297,2023-12-31
"expected_reported_cases",471,102.542391529442,122.260030906042,134.91937400463,148.25739443332,176.565169214378,2024-01-07
"expected_reported_cases",472,122.80119448603,145.244397008227,159.086058590683,175.647911310127,204.628901913471,2024-01-14
"expected_reported_cases",473,155.014162718968,179.293979839418,197.011408003409,215.138869834868,250.137177229503,2024-01-21
"expected_reported_cases",474,190.980456349423,219.243710168538,238.935400291781,260.140026925023,299.353010096597,2024-01-28
"expected_reported_cases",475,227.875297282114,264.203925642681,287.282140758624,310.899038410602,353.02318208579,2024-02-04
"expected_reported_cases",476,271.344144309184,311.871353553411,338.652499450576,367.308649858219,414.11948181725,2024-02-11
"expected_reported_cases",477,314.006559639742,361.016774637186,393.449946687359,424.751715154882,477.568005866354,2024-02-18
"expected_reported_cases",478,351.330639274292,410.254680377675,447.517986524394,481.047790370443,543.418862555936,2024-02-25
"expected_reported_cases",479,385.907441483843,453.519655413473,497.39324620094,539.651482921972,610.07707959274,2024-03-03
"expected_reported_cases",480,416.062846884825,492.729872562564,537.895770778535,588.033651925581,673.409724661703,2024-03-10
"expected_reported_cases",481,439.068088950059,525.353535231222,572.389462168063,623.85875115123,729.875836035798,2024-03-17
"expected_reported_cases",482,455.759774987536,543.270759918156,598.399742203839,648.930880041366,772.204263586157,2024-03-24
"expected_reported_cases",483,454.871190369206,550.14524847465,607.606965031267,660.954912153935,797.333913879746,2024-03-31
"expected_reported_cases",484,446.683474946493,541.374105880259,604.943592377661,659.386964524635,804.5442536925,2024-04-07
"expected_reported_cases",485,438.679742790942,526.116810006696,590.07905123651,647.537934937664,791.77408675431,2024-04-14
"expected_reported_cases",486,417.241066788427,505.465828688819,565.728132374734,621.148942709834,760.775957850247,2024-04-21
"expected_reported_cases",487,391.3943977438,477.507463603114,532.695415134437,584.784166936311,714.266127221811,2024-04-28
"expected_reported_cases",488,367.019543420051,442.306204438621,494.943178884467,544.000529735522,665.981587045869,2024-05-05
"expected_reported_cases",489,342.601308182524,405.174003004542,450.671928715028,498.700967944988,600.39429631337,2024-05-12
"expected_reported_cases",490,313.563412653874,365.706499056351,405.78650554261,448.653123080861,537.718395800754,2024-05-19
"expected_reported_cases",491,285.326338420323,327.920338438365,361.280773382484,398.512059893364,479.276986096633,2024-05-26
"expected_reported_cases",492,254.365331609298,291.175475330982,318.667646593581,350.193283244239,421.616419502047,2024-06-02
"expected_reported_cases",493,223.884263941987,255.404539075709,279.637819994698,305.415042879677,362.915190835481,2024-06-09
"expected_reported_cases",494,194.668904348843,221.15409722887,241.092120013571,262.345154771359,308.131297318131,2024-06-16
"expected_reported_cases",495,167.737969844799,190.829513145383,207.343483323555,224.716194931129,263.884574427071,2024-06-23
"expected_reported_cases",496,143.277412333207,162.150414428391,176.242467842619,190.073252047949,223.416952011693,2024-06-30
"expected_reported_cases",497,121.683085816883,136.781553538861,148.723957204816,160.090701012739,186.686176111399,2024-07-07
"expected_reported_cases",498,102.157916211589,114.529518152218,124.772755927405,133.74640278307,155.977162051748,2024-07-14
"expected_reported_cases",499,84.7959088502778,96.0548686783592,103.793688126108,111.451653042489,129.971231833967,2024-07-21
"expected_reported_cases",500,70.0964205535652,79.7176559410981,85.9568232564665,92.9067905257867,107.638254738224,2024-07-28
"expected_reported_cases",501,57.6193743977436,66.2195591708519,72.0146233266613,77.195390571158,88.6426432253048,2024-08-04
"expected_reported_cases",502,47.6123482472426,54.8802345520883,59.8590061342971,64.3448679129141,74.3597664825575,2024-08-11
"expected_reported_cases",503,38.9612561664801,45.7524913605043,49.6908484017869,53.6357633941471,62.6862541203137,2024-08-18
"expected_reported_cases",504,32.7439531379047,38.4027050021174,41.5855121083732,45.0368433442497,53.0846159075882,2024-08-25
"expected_reported_cases",505,27.5471142053493,32.4669438627928,35.1397091854506,38.1235562590458,45.2118878291616,2024-09-01
"expected_reported_cases",506,23.2286476194245,27.7350105123173,29.9829577903593,32.4188447981263,38.6233514627926,2024-09-08
"expected_reported_cases",507,19.9844631970868,23.9422666445936,25.9222814900913,28.1083499694596,33.8744760347912,2024-09-15
"expected_reported_cases",508,17.5467735234249,21.05624969984,22.9063177642426,24.6745374256789,29.6621083345897,2024-09-22
"expected_reported_cases",509,16.0430984786918,18.9624923141798,20.5668835704425,22.1059695984571,26.2059910143096,2024-09-29
"expected_reported_cases",510,14.6920436692515,17.5132246128571,18.853321727622,20.2342101641386,24.0157994038787,2024-10-06
"expected_reported_cases",511,13.7101348913913,16.4526561673613,17.7792741729322,19.0301700003245,22.8862444439308,2024-10-13
"expected_reported_cases",512,13.0789878438275,15.8389767249112,17.1031675351961,18.3727785272235,21.9291128681405,2024-10-20
"expected_reported_cases",513,13.0374149244556,15.6923856390027,17.0182610769913,18.3686367690042,21.7855489210803,2024-10-27
"expected_reported_cases",514,13.2274691255076,15.9210849468586,17.2518450015046,18.8634993497516,22.1168530493422,2024-11-03
"expected_reported_cases",515,14.1092551188392,16.7313593447085,18.0245968755134,19.8864913886263,23.291284721223,2024-11-10
"expected_reported_cases",516,15.409244878808,18.0602796893936,19.4711976926576,21.5256339949157,25.2427953786009,2024-11-17
"expected_reported_cases",517,16.8553861146511,19.9434368841575,21.5663277728613,23.8781549582047,28.1236423641687,2024-11-24
"expected_reported_cases",518,18.9388766034501,22.5289157621704,24.6365191780646,27.2232831649906,32.2687511213875,2024-12-01
"expected_reported_cases",519,21.8216618843312,26.0120981527648,28.5654593283923,31.6400392166624,38.7536424626996,2024-12-08
"expected_reported_cases",520,25.6074334932164,30.6725247097711,33.5510320740936,37.6878133654992,46.5323343407165,2024-12-15
"expected_reported_cases",521,30.3166621341802,36.9299924363601,40.4543977181727,45.2519205721901,56.8708993689406,2024-12-22
"expected_reported_cases",522,36.0574771745353,44.4817944989188,49.2512461343633,54.981330719868,70.8948260240464,2024-12-29
"expected_reported_cases",523,34.5628518997083,40.8765748224268,44.2796254941468,48.8988605030265,57.7802938833742,2025-01-05
"expected_reported_cases",524,40.3126904402666,46.9793508596249,50.8858194396242,56.0969852520931,66.8257275519665,2025-01-12
"expected_reported_cases",525,43.1818279613046,49.5968584275409,53.5734888926164,58.5535055776789,68.7199393312933,2025-01-19
"expected_reported_cases",526,46.1449160017322,52.4446832705252,56.7422362462511,61.4343054803386,72.397973076346,2025-01-26
"expected_reported_cases",527,48.4742510911008,55.0182771756096,59.4803659874549,64.4671337315518,75.881790562436,2025-02-02
"expected_reported_cases",528,49.8312088232401,57.2025033852331,61.9633582309511,67.1291442677108,77.2778531389708,2025-02-09
"expected_reported_cases",529,50.6392932475431,58.8257866556314,63.5843234167438,69.1659232462313,79.5865784102115,2025-02-16
"expected_reported_cases",530,51.1126492556593,59.7425120305736,64.4454139651751,69.8971926772174,81.6059680633021,2025-02-23
"expected_reported_cases",531,51.1879515383307,59.8864156843787,64.8921489660284,70.4220268047631,81.9099889303914,2025-03-02
"expected_reported_cases",532,50.5386985699376,59.3352033854606,64.4142446697991,70.4901578345184,82.3683600873526,2025-03-09
"expected_reported_cases",533,49.0759701856214,58.2632783664266,63.5460180127132,69.4219092278761,82.5202999069228,2025-03-16
"expected_reported_cases",534,47.5517538909717,56.7450255594241,62.0076594739535,67.5088826736364,80.9375084602339,2025-03-23
"expected_reported_cases",535,46.5133399921304,54.9943964139568,60.347455709182,65.870195315057,79.9923669136674,2025-03-30
"expected_reported_cases",536,44.7482338000381,52.9214531343947,58.0693552440854,63.8392316662067,77.1479474368162,2025-04-06
"expected_reported_cases",537,42.9065180260395,50.7939369231519,55.7333367219359,61.3390918358968,74.2220617713048,2025-04-13
"expected_reported_cases",538,41.0493510610949,48.444998257735,53.4145385817439,58.6407056948308,70.9147574619487,2025-04-20
"expected_reported_cases",539,39.4287196293925,46.1396790451963,50.8249954317952,55.9022918586771,67.4879163376876,2025-04-27
"expected_reported_cases",540,37.9820637822468,44.1853509776989,48.3863335914042,53.4800571659047,64.8729674895545,2025-05-04
"expected_reported_cases",541,36.379100106242,41.9205927460267,46.0897661732399,51.0091292832701,61.1330749353558,2025-05-11
"expected_reported_cases",542,35.2841090181458,40.0988155736876,43.8446932551145,48.4704102841218,57.913855392921,2025-05-18
"expected_reported_cases",543,33.7704622991906,38.5097807520011,41.7516147462957,46.1474956420372,54.7606813198493,2025-05-25
"expected_reported_cases",544,32.2674241868719,36.8824290291295,39.7220181651189,43.8867571218189,51.8348947838498,2025-06-01
"expected_reported_cases",545,31.0755110190774,35.1351421478913,37.7901687932845,41.7376349414948,48.7780482832771,2025-06-08
"expected_reported_cases",546,29.7954860013276,33.4811763803378,36.185371785969,39.811174625911,46.0098802936311,2025-06-15
"expected_reported_cases",547,28.6678999333507,31.9406127577671,34.29925924457,37.7543444857767,43.577211700947,2025-06-22
"expected_reported_cases",548,27.1999718178621,30.5005623511557,32.6643328772056,35.5016973286846,41.1063419141555,2025-06-29
"expected_reported_cases",549,25.5968965449276,28.9163141440553,30.8693514400468,33.484967790563,38.6094785560366,2025-07-06
"expected_reported_cases",550,24.0919952844906,27.2044288562292,29.1823012579528,31.3835504356847,36.4594801743766,2025-07-13
"expected_reported_cases",551,22.6975413762052,25.4648115467305,27.4868175512744,29.4241274588714,34.2813526393815,2025-07-20
"expected_reported_cases",552,21.2888193049355,23.8079031783124,25.665457751507,27.5627910586659,32.0683869099717,2025-07-27
"expected_reported_cases",553,19.641400406299,22.100205573771,23.6760828570333,25.6639473871561,29.7441210659719,2025-08-03
"expected_reported_cases",554,18.2103607120216,20.5375159184234,21.945703488208,23.7967693684547,27.6105559571505,2025-08-10
"expected_reported_cases",555,16.7844115990551,18.9822616494528,20.2122413427277,21.9409511089032,25.36701150901,2025-08-17
"expected_reported_cases",556,15.4075597542663,17.4261631542114,18.4986732593104,20.2313733406119,23.4403537292094,2025-08-24
"expected_reported_cases",557,14.0045640619261,15.9688732927001,17.045553455439,18.6418338151654,21.7564283798227,2025-08-31
"expected_reported_cases",558,12.6430616776947,14.6351253806263,15.6830572443615,17.0634307837132,19.8558978488652,2025-09-07
"expected_reported_cases",559,11.5961934062995,13.4313364181615,14.4965334586976,15.7282706829528,18.3350039643351,2025-09-14
"expected_reported_cases",560,10.638448616502,12.3550954840927,13.4117374496527,14.4995357312175,17.0242889953287,2025-09-21
"expected_reported_cases",561,9.8553837011229,11.4522992156133,12.5492001935167,13.5632658665532,16.1199543366108,2025-09-28
"expected_reported_cases",562,9.13244708690276,10.6965415536887,11.7701190356874,12.7770552525188,15.1602542207792,2025-10-05
"expected_reported_cases",563,8.57367577615387,10.1098753469195,11.1859861177216,12.1603954593116,14.7642385500606,2025-10-12
"expected_reported_cases",564,8.24893644798721,9.66495930197198,10.7022752461416,11.788075000679,14.2173759239003,2025-10-19
"expected_reported_cases",565,7.90145757462735,9.39461558995203,10.3649116252252,11.4892798812386,13.8430389438391,2025-10-26
"expected_reported_cases",566,7.7358920634943,9.21036543249948,10.1726720770504,11.2912165938804,13.784893736455,2025-11-02
"expected_reported_cases",567,7.68354042168279,9.13662189186486,10.1508443965233,11.3036693282439,13.8371488098526,2025-11-09
"expected_reported_cases",568,7.76871010825534,9.24370821024102,10.3060990864364,11.4425396207129,14.1779103985287,2025-11-16
"expected_reported_cases",569,7.9122551608703,9.53572575145517,10.5534110643376,11.7937590580146,14.7976566744476,2025-11-23
"expected_reported_cases",570,8.17384927602242,9.83131476525147,10.9131137951734,12.3409863526994,15.5237175088945,2025-11-30
"expected_reported_cases",571,8.53307846174856,10.2983681465145,11.4664106432274,13.0111040742074,16.3987768602848,2025-12-07
"expected_reported_cases",572,8.91467108189515,10.8005956249351,12.1635580247064,13.7113083394842,17.5635994091875,2025-12-14
"expected_reported_cases",573,9.34562034222106,11.3949016001142,12.8187975945426,14.681197850142,18.9176346811298,2025-12-21
"posterior_predictive_cases",1,0,0,0,0,1,2015-01-04
"posterior_predictive_cases",2,0,0,0,0,1,2015-01-11
"posterior_predictive_cases",3,0,0,0,0,2,2015-01-18
"posterior_predictive_cases",4,0,0,0,1,2,2015-01-25
"posterior_predictive_cases",5,0,0,0,1,2,2015-02-01
"posterior_predictive_cases",6,0,0,0,1,3,2015-02-08
"posterior_predictive_cases",7,0,0,1,1.25,3,2015-02-15
"posterior_predictive_cases",8,0,0,1,2,4.02499999999998,2015-02-22
"posterior_predictive_cases",9,0,0,1,2,6,2015-03-01
"posterior_predictive_cases",10,0,0,1,2,5,2015-03-08
"posterior_predictive_cases",11,0,1,1,3,6,2015-03-15
"posterior_predictive_cases",12,0,1,2,3,7,2015-03-22
"posterior_predictive_cases",13,0,1,2,3,7.02499999999998,2015-03-29
"posterior_predictive_cases",14,0,1,2,4,7,2015-04-05
"posterior_predictive_cases",15,0,1,2,4,9,2015-04-12
"posterior_predictive_cases",16,0,1,2,5,11,2015-04-19
"posterior_predictive_cases",17,0,1,3,5,11.025,2015-04-26
"posterior_predictive_cases",18,0,1,3,5,13,2015-05-03
"posterior_predictive_cases",19,0,2,3,5,11,2015-05-10
"posterior_predictive_cases",20,0,2,4,6,12,2015-05-17
"posterior_predictive_cases",21,0,2,4,5.25,12,2015-05-24
"posterior_predictive_cases",22,0,2,4,6,13.025,2015-05-31
"posterior_predictive_cases",23,0,2,4,6,14,2015-06-07
"posterior_predictive_cases",24,0,2,4,7,14,2015-06-14
"posterior_predictive_cases",25,0,2,4,7,14,2015-06-21
"posterior_predictive_cases",26,0,2,4,6,13,2015-06-28
"posterior_predictive_cases",27,0,2,4,7,15,2015-07-05
"posterior_predictive_cases",28,0,2,4,7,15,2015-07-12
"posterior_predictive_cases",29,0,2,4,7,14,2015-07-19
"posterior_predictive_cases",30,0,2,4,6,15,2015-07-26
"posterior_predictive_cases",31,0,2,4,6,14,2015-08-02
"posterior_predictive_cases",32,0,2,4,7,14.025,2015-08-09
"posterior_predictive_cases",33,0,2,3,6,12,2015-08-16
"posterior_predictive_cases",34,0,2,4,6,11.025,2015-08-23
"posterior_predictive_cases",35,0,2,4,6,13,2015-08-30
"posterior_predictive_cases",36,0,2,4,6,13.025,2015-09-06
"posterior_predictive_cases",37,0,2,3,6,11,2015-09-13
"posterior_predictive_cases",38,0,2,4,6,11,2015-09-20
"posterior_predictive_cases",39,0,2,4,6,12.025,2015-09-27
"posterior_predictive_cases",40,0,2,4,6,13,2015-10-04
"posterior_predictive_cases",41,0,2,4,7,15,2015-10-11
"posterior_predictive_cases",42,0,2,4,7,16,2015-10-18
"posterior_predictive_cases",43,0,2,5,7,15,2015-10-25
"posterior_predictive_cases",44,0,3,5,8,17,2015-11-01
"posterior_predictive_cases",45,0.975000000000001,3,6,10,19,2015-11-08
"posterior_predictive_cases",46,1,4,7,10,21.05,2015-11-15
"posterior_predictive_cases",47,1,4,8,11,25.025,2015-11-22
"posterior_predictive_cases",48,1,6,10,14,27.025,2015-11-29
"posterior_predictive_cases",49,2,6,11,16,32.025,2015-12-06
"posterior_predictive_cases",50,2.975,8,14,21,44.05,2015-12-13
"posterior_predictive_cases",51,2,9,15,25,52.05,2015-12-20
"posterior_predictive_cases",52,4,12.75,22,33,62.05,2015-12-27
"posterior_predictive_cases",53,5,16,25,39,80,2016-01-03
"posterior_predictive_cases",54,9,25,38,55,97.05,2016-01-10
"posterior_predictive_cases",55,11,29.75,46,71.25,135.225,2016-01-17
"posterior_predictive_cases",56,10,40,62.5,90,167.225,2016-01-24
"posterior_predictive_cases",57,16,51.75,78.5,122,210.05,2016-01-31
"posterior_predictive_cases",58,24.975,65,102,152,278.05,2016-02-07
"posterior_predictive_cases",59,24.975,76,123.5,184,340.075,2016-02-14
"posterior_predictive_cases",60,36.9,93.75,145,208.25,409.2,2016-02-21
"posterior_predictive_cases",61,36.975,111.75,173.5,262.5,465.075,2016-02-28
"posterior_predictive_cases",62,54,144.5,220,308,555.225,2016-03-06
"posterior_predictive_cases",63,44.975,148.75,237,325.25,585.075,2016-03-13
"posterior_predictive_cases",64,62.925,166,268,403,715.774999999999,2016-03-20
"posterior_predictive_cases",65,71.925,195.75,279.5,424,828.749999999999,2016-03-27
"posterior_predictive_cases",66,65.925,189.75,317.5,480.75,957.475,2016-04-03
"posterior_predictive_cases",67,65.95,178,287.5,432,832.049999999999,2016-04-10
"posterior_predictive_cases",68,74.925,198.75,306.5,466.25,913.175,2016-04-17
"posterior_predictive_cases",69,69,178,302,464.25,960.325,2016-04-24
"posterior_predictive_cases",70,60.85,186.5,302.5,452,933.025,2016-05-01
"posterior_predictive_cases",71,62.975,201,299.5,428.75,850.45,2016-05-08
"posterior_predictive_cases",72,74.925,174,275.5,419,754.049999999999,2016-05-15
"posterior_predictive_cases",73,62,181,278,410.25,818.1,2016-05-22
"posterior_predictive_cases",74,47.925,155.75,241,342.25,673.175,2016-05-29
"posterior_predictive_cases",75,40.975,138,207,320.25,593.525,2016-06-05
"posterior_predictive_cases",76,38.975,130,190,310,542.1,2016-06-12
"posterior_predictive_cases",77,36.95,111.75,171,254,458.125,2016-06-19
"posterior_predictive_cases",78,32.9,95,151,224,439.949999999999,2016-06-26
"posterior_predictive_cases",79,33,86,140,212,423.075,2016-07-03
"posterior_predictive_cases",80,23.975,73,113.5,168.25,362.724999999999,2016-07-10
"posterior_predictive_cases",81,20,59,97,137.5,274,2016-07-17
"posterior_predictive_cases",82,19.975,56,87,122.25,256.2,2016-07-24
"posterior_predictive_cases",83,12.975,46,72,113,195.1,2016-07-31
"posterior_predictive_cases",84,13.975,38,63.5,92.25,175.1,2016-08-07
"posterior_predictive_cases",85,7,35,55,81,152.05,2016-08-14
"posterior_predictive_cases",86,11,31,47,69.25,142.05,2016-08-21
"posterior_predictive_cases",87,7,23,38,54,112.15,2016-08-28
"posterior_predictive_cases",88,6.975,19,33.5,52.25,107.1,2016-09-04
"posterior_predictive_cases",89,6.975,20,30,47,89.0999999999999,2016-09-11
"posterior_predictive_cases",90,4.975,18,28,44,87.05,2016-09-18
"posterior_predictive_cases",91,4,15,24,37,76,2016-09-25
"posterior_predictive_cases",92,3.975,15,25,38.25,73,2016-10-02
"posterior_predictive_cases",93,5,15,23,35,66,2016-10-09
"posterior_predictive_cases",94,4,14,21,33,66.0749999999999,2016-10-16
"posterior_predictive_cases",95,4.975,16,25,35.25,65.025,2016-10-23
"posterior_predictive_cases",96,4,15,24,37.25,68.05,2016-10-30
"posterior_predictive_cases",97,5,18,27,40.25,84.025,2016-11-06
"posterior_predictive_cases",98,6.975,20,29,48,82.1749999999998,2016-11-13
"posterior_predictive_cases",99,9,21,33.5,52,105.075,2016-11-20
"posterior_predictive_cases",100,7,26,41,60.25,115.025,2016-11-27
"posterior_predictive_cases",101,10.975,30,50,72,132.05,2016-12-04
"posterior_predictive_cases",102,16,38,63,89.25,177.275,2016-12-11
"posterior_predictive_cases",103,15.975,50,75,111,223,2016-12-18
"posterior_predictive_cases",104,18.925,57,95,145,256.125,2016-12-25
"posterior_predictive_cases",105,25.975,61.75,94,142,275.15,2017-01-01
"posterior_predictive_cases",106,24,71.75,115,175.25,338.05,2017-01-08
"posterior_predictive_cases",107,27.9,83.75,134.5,192,348.1,2017-01-15
"posterior_predictive_cases",108,38.95,97.75,152,225,486.1,2017-01-22
"posterior_predictive_cases",109,40.975,109,168.5,246,472.025,2017-01-29
"posterior_predictive_cases",110,39.925,123.75,191,296.5,500.125,2017-02-05
"posterior_predictive_cases",111,41.875,127,196.5,302.5,545.075,2017-02-12
"posterior_predictive_cases",112,41.9,143.75,212,331,649.175,2017-02-19
"posterior_predictive_cases",113,59.9,155,226,363,647.649999999999,2017-02-26
"posterior_predictive_cases",114,59.975,160,260,370.75,685.05,2017-03-05
"posterior_predictive_cases",115,54.95,154.75,268.5,403,676.824999999999,2017-03-12
"posterior_predictive_cases",116,62.975,166.75,268,407.75,753.049999999999,2017-03-19
"posterior_predictive_cases",117,49,163.75,252,349.5,689.05,2017-03-26
"posterior_predictive_cases",118,51.95,154.75,246.5,365.25,712.225,2017-04-02
"posterior_predictive_cases",119,55.975,155,244,403.25,688.275,2017-04-09
"posterior_predictive_cases",120,52.95,149,227,329.25,650,2017-04-16
"posterior_predictive_cases",121,43.925,140,217.5,319.5,600.275,2017-04-23
"posterior_predictive_cases",122,50.85,131,209,288.25,549.1,2017-04-30
"posterior_predictive_cases",123,40,122,191,282.75,547.25,2017-05-07
"posterior_predictive_cases",124,37.925,116.75,183.5,271.75,517.075,2017-05-14
"posterior_predictive_cases",125,33.925,107,185.5,254,451,2017-05-21
"posterior_predictive_cases",126,35,100,157,225,433.1,2017-05-28
"posterior_predictive_cases",127,25.975,89.75,141,209.25,381.125,2017-06-04
"posterior_predictive_cases",128,20,66.75,118,183.25,306.275,2017-06-11
"posterior_predictive_cases",129,22.975,73.75,111.5,170,339.05,2017-06-18
"posterior_predictive_cases",130,22,64.75,97,141.25,256.05,2017-06-25
"posterior_predictive_cases",131,15,52,83,124,241.025,2017-07-02
"posterior_predictive_cases",132,16,51,79,120,210.075,2017-07-09
"posterior_predictive_cases",133,13.975,44,70,96.25,192.15,2017-07-16
"posterior_predictive_cases",134,11.975,36,58,81,157,2017-07-23
"posterior_predictive_cases",135,13,32,53,78.5,145.025,2017-07-30
"posterior_predictive_cases",136,8,28,45.5,64.25,123.05,2017-08-06
"posterior_predictive_cases",137,8,24,39,60,105.15,2017-08-13
"posterior_predictive_cases",138,6,19,33,50,107.025,2017-08-20
"posterior_predictive_cases",139,5,18,29,45.25,83.025,2017-08-27
"posterior_predictive_cases",140,5.975,17,25,39.25,72.05,2017-09-03
"posterior_predictive_cases",141,2.975,13,23,32,64.025,2017-09-10
"posterior_predictive_cases",142,4,11,20,30,62.05,2017-09-17
"posterior_predictive_cases",143,2,10,17,27,52,2017-09-24
"posterior_predictive_cases",144,3,10.75,17,26,45,2017-10-01
"posterior_predictive_cases",145,2,9,15,23,44,2017-10-08
"posterior_predictive_cases",146,1.975,9,14,22,42,2017-10-15
"posterior_predictive_cases",147,2,9,14,20,40.0749999999999,2017-10-22
"posterior_predictive_cases",148,1.975,8,14,22,42.05,2017-10-29
"posterior_predictive_cases",149,2,8,14,21.25,37,2017-11-05
"posterior_predictive_cases",150,2,9,14,21,40,2017-11-12
"posterior_predictive_cases",151,2,9,14,22,43,2017-11-19
"posterior_predictive_cases",152,2,10,15,23,45,2017-11-26
"posterior_predictive_cases",153,2,9,17,27,51.025,2017-12-03
"posterior_predictive_cases",154,3,11,17,27,54,2017-12-10
"posterior_predictive_cases",155,4,13.75,21.5,33,63,2017-12-17
"posterior_predictive_cases",156,4.975,15,25,37,64.1499999999999,2017-12-24
"posterior_predictive_cases",157,3,14,26,38.25,76,2017-12-31
"posterior_predictive_cases",158,6,20,34,53.25,96,2018-01-07
"posterior_predictive_cases",159,6.975,23,40,57,111,2018-01-14
"posterior_predictive_cases",160,11.975,31,48.5,74,148.025,2018-01-21
"posterior_predictive_cases",161,11,33,53,80,159.15,2018-01-28
"posterior_predictive_cases",162,15.975,40.75,62,91.5,197,2018-02-04
"posterior_predictive_cases",163,18.975,50.75,76,116,194.175,2018-02-11
"posterior_predictive_cases",164,16.975,54.75,85,130.25,252.35,2018-02-18
"posterior_predictive_cases",165,26.85,62,100,154.25,257.25,2018-02-25
"posterior_predictive_cases",166,24.975,65.75,101.5,149.25,315,2018-03-04
"posterior_predictive_cases",167,21.975,69.75,106,160,291.025,2018-03-11
"posterior_predictive_cases",168,26.95,73,120,169.25,333,2018-03-18
"posterior_predictive_cases",169,26.975,76,123.5,173.25,349.425,2018-03-25
"posterior_predictive_cases",170,27.95,77,120.5,187.25,345.025,2018-04-01
"posterior_predictive_cases",171,29,78.75,125,188,359.125,2018-04-08
"posterior_predictive_cases",172,30,79,121,183,331.025,2018-04-15
"posterior_predictive_cases",173,26.975,75.75,123,182,346.15,2018-04-22
"posterior_predictive_cases",174,28.975,67.75,112,172.25,318.3,2018-04-29
"posterior_predictive_cases",175,24.975,64,109,167.25,308.275,2018-05-06
"posterior_predictive_cases",176,24.975,67,104,145.25,316.025,2018-05-13
"posterior_predictive_cases",177,22,62,96.5,142.25,292.4,2018-05-20
"posterior_predictive_cases",178,20,55.75,88.5,129,263.15,2018-05-27
"posterior_predictive_cases",179,20,55.75,88,131.25,241.05,2018-06-03
"posterior_predictive_cases",180,13.975,44,71,113.25,201.075,2018-06-10
"posterior_predictive_cases",181,18.975,44,67,94,195,2018-06-17
"posterior_predictive_cases",182,10,36,63,95,175.175,2018-06-24
"posterior_predictive_cases",183,13,34,51,78,146.025,2018-07-01
"posterior_predictive_cases",184,10.975,32,48,71.25,146.175,2018-07-08
"posterior_predictive_cases",185,8.975,29,46,67,128.05,2018-07-15
"posterior_predictive_cases",186,9.975,23.75,37.5,56.25,96.025,2018-07-22
"posterior_predictive_cases",187,7,20,34,49.25,96.025,2018-07-29
"posterior_predictive_cases",188,4.975,19,31,46.25,89.05,2018-08-05
"posterior_predictive_cases",189,4.975,16,25,39,78.025,2018-08-12
"posterior_predictive_cases",190,4,15,24,35,61,2018-08-19
"posterior_predictive_cases",191,4,12,21,31.25,65,2018-08-26
"posterior_predictive_cases",192,2,10,18,27,50.05,2018-09-02
"posterior_predictive_cases",193,3,10,16,25,44,2018-09-09
"posterior_predictive_cases",194,3,10,15,24,41,2018-09-16
"posterior_predictive_cases",195,2,8,13,20,39,2018-09-23
"posterior_predictive_cases",196,2,8,11,18,36.025,2018-09-30
"posterior_predictive_cases",197,2,7,12,17,33,2018-10-07
"posterior_predictive_cases",198,1,6,11,18,33.025,2018-10-14
"posterior_predictive_cases",199,2,6,10,17,32.025,2018-10-21
"posterior_predictive_cases",200,1,6,10,17,32,2018-10-28
"posterior_predictive_cases",201,1,6,10,15,30,2018-11-04
"posterior_predictive_cases",202,1,7,11,17,33,2018-11-11
"posterior_predictive_cases",203,1,7,13,20,40.025,2018-11-18
"posterior_predictive_cases",204,2,9,14,23,42,2018-11-25
"posterior_predictive_cases",205,2,9,15,23.25,51.025,2018-12-02
"posterior_predictive_cases",206,2,10,18,27,51,2018-12-09
"posterior_predictive_cases",207,3.975,13,21,32,63.05,2018-12-16
"posterior_predictive_cases",208,4,17,27.5,42,71.1499999999999,2018-12-23
"posterior_predictive_cases",209,5,17,29,44,82.025,2018-12-30
"posterior_predictive_cases",210,6,20,33,51,114.175,2019-01-06
"posterior_predictive_cases",211,5.975,27,42,61,119,2019-01-13
"posterior_predictive_cases",212,11.975,32,50.5,77.25,138.05,2019-01-20
"posterior_predictive_cases",213,9.975,34.75,55,85,165.05,2019-01-27
"posterior_predictive_cases",214,15.95,45,66.5,103.25,201.175,2019-02-03
"posterior_predictive_cases",215,18,49.75,80.5,123,239.1,2019-02-10
"posterior_predictive_cases",216,17.975,57,95,145.25,268.05,2019-02-17
"posterior_predictive_cases",217,23.975,73,105,146,277.125,2019-02-24
"posterior_predictive_cases",218,22,72,115,170,310.075,2019-03-03
"posterior_predictive_cases",219,29,77,129.5,188,367.425,2019-03-10
"posterior_predictive_cases",220,28.975,85,141,196,404.05,2019-03-17
"posterior_predictive_cases",221,34.975,89,143,204.75,354.05,2019-03-24
"posterior_predictive_cases",222,30.95,95.75,152,223.5,434.1,2019-03-31
"posterior_predictive_cases",223,30.975,97.75,156,235.5,464.05,2019-04-07
"posterior_predictive_cases",224,31.95,99,155.5,222.25,452.15,2019-04-14
"posterior_predictive_cases",225,41,103,149,225,444.175,2019-04-21
"posterior_predictive_cases",226,32.975,89.75,145.5,226.25,428.1,2019-04-28
"posterior_predictive_cases",227,32.975,98.75,152.5,238.25,433.225,2019-05-05
"posterior_predictive_cases",228,32,102.75,158,228,409.45,2019-05-12
"posterior_predictive_cases",229,30.975,92.75,146,218,398.2,2019-05-19
"posterior_predictive_cases",230,36.975,94.5,146,217,408.225,2019-05-26
"posterior_predictive_cases",231,38.975,102,153,216.25,417.125,2019-06-02
"posterior_predictive_cases",232,25.85,81.75,128,196.5,377,2019-06-09
"posterior_predictive_cases",233,28.975,84,135,203,391.05,2019-06-16
"posterior_predictive_cases",234,26.975,87,123.5,189.5,365.05,2019-06-23
"posterior_predictive_cases",235,28.975,75,120,184.25,311.2,2019-06-30
"posterior_predictive_cases",236,29.95,78,121.5,177.25,355.175,2019-07-07
"posterior_predictive_cases",237,24,70.75,111,160,281.15,2019-07-14
"posterior_predictive_cases",238,21,65,107,160.25,275.2,2019-07-21
"posterior_predictive_cases",239,23,59.5,96,139.25,238.025,2019-07-28
"posterior_predictive_cases",240,20.95,53.75,88.5,134.25,245.05,2019-08-04
"posterior_predictive_cases",241,18.975,47,83,117.25,239,2019-08-11
"posterior_predictive_cases",242,18,50,80,119.25,202.075,2019-08-18
"posterior_predictive_cases",243,19.95,47,72.5,112,222.125,2019-08-25
"posterior_predictive_cases",244,14.975,44,67.5,102.5,195.025,2019-09-01
"posterior_predictive_cases",245,13,40,63,94,177,2019-09-08
"posterior_predictive_cases",246,12,36,59,87,154.025,2019-09-15
"posterior_predictive_cases",247,12,38,59,84,160.35,2019-09-22
"posterior_predictive_cases",248,12,32.75,50,74,144.025,2019-09-29
"posterior_predictive_cases",249,10,32.75,53,76,149,2019-10-06
"posterior_predictive_cases",250,10,33,51,77,155.05,2019-10-13
"posterior_predictive_cases",251,14.975,35,55,83.25,177.1,2019-10-20
"posterior_predictive_cases",252,11,37,55,83,166.1,2019-10-27
"posterior_predictive_cases",253,10,39.75,60,93.5,179.125,2019-11-03
"posterior_predictive_cases",254,10,39,65.5,100,186.025,2019-11-10
"posterior_predictive_cases",255,14,44,68.5,100,195.05,2019-11-17
"posterior_predictive_cases",256,14.975,49,77,116.5,224.075,2019-11-24
"posterior_predictive_cases",257,17,53.75,83.5,121.25,233.025,2019-12-01
"posterior_predictive_cases",258,16.95,55,94,138.75,250.025,2019-12-08
"posterior_predictive_cases",259,23.975,74,120,176,353.075,2019-12-15
"posterior_predictive_cases",260,22.975,80.75,127.5,204,369.025,2019-12-22
"posterior_predictive_cases",261,35.975,108.75,167,252,453.4,2019-12-29
"posterior_predictive_cases",262,38.9,115,189.5,291.25,539.125,2020-01-05
"posterior_predictive_cases",263,38.975,142,224.5,358.25,674.45,2020-01-12
"posterior_predictive_cases",264,65.975,188.5,281,406,770.425,2020-01-19
"posterior_predictive_cases",265,74.95,198.5,313,453,928.175,2020-01-26
"posterior_predictive_cases",266,89,233.75,365,564.5,1111.125,2020-02-02
"posterior_predictive_cases",267,95.975,276.75,474.5,648,1287.55,2020-02-09
"posterior_predictive_cases",268,111.925,304.5,490,712,1345.2,2020-02-16
"posterior_predictive_cases",269,144.975,364,575,836.75,1613.625,2020-02-23
"posterior_predictive_cases",270,123.975,366.25,608,950,1670.65,2020-03-01
"posterior_predictive_cases",271,171.75,409,674.5,958.5,1904.2,2020-03-08
"posterior_predictive_cases",272,163.65,452.75,743,1095,1981.15,2020-03-15
"posterior_predictive_cases",273,211.95,474,797.5,1118,2075.7,2020-03-22
"posterior_predictive_cases",274,192.925,525,809.5,1116,1977.225,2020-03-29
"posterior_predictive_cases",275,167.875,476,758.5,1100.75,2083.3,2020-04-05
"posterior_predictive_cases",276,160.825,457.75,746,1147,2279.15,2020-04-12
"posterior_predictive_cases",277,150.6,479,747.5,1119,2139.225,2020-04-19
"posterior_predictive_cases",278,162.875,427.75,662,1015,1827.1,2020-04-26
"posterior_predictive_cases",279,138.925,455.75,707,985,1923.475,2020-05-03
"posterior_predictive_cases",280,142.625,395.5,638,948.25,1762.025,2020-05-10
"posterior_predictive_cases",281,146,369.25,584.5,904.75,1741.825,2020-05-17
"posterior_predictive_cases",282,109.9,323.75,513.5,777.5,1400.6,2020-05-24
"posterior_predictive_cases",283,109.8,307,479.5,748,1396.025,2020-05-31
"posterior_predictive_cases",284,110.725,280.5,439,648.5,1258.625,2020-06-07
"posterior_predictive_cases",285,112.95,262,407.5,613.5,1166.025,2020-06-14
"posterior_predictive_cases",286,79.975,231.75,372,544.5,997.374999999999,2020-06-21
"posterior_predictive_cases",287,69.95,196.5,300,460.25,845.025,2020-06-28
"posterior_predictive_cases",288,63.975,166.75,277.5,398.5,896.2,2020-07-05
"posterior_predictive_cases",289,50.9,144.5,256,375,683.15,2020-07-12
"posterior_predictive_cases",290,58.875,131,221,332.5,596.05,2020-07-19
"posterior_predictive_cases",291,48.925,120,185,285,566.324999999999,2020-07-26
"posterior_predictive_cases",292,35,100.75,161.5,245,445.15,2020-08-02
"posterior_predictive_cases",293,34.925,87,135,208,369.125,2020-08-09
"posterior_predictive_cases",294,26,81,121,180.5,325.225,2020-08-16
"posterior_predictive_cases",295,17.975,62.75,103.5,152,295.2,2020-08-23
"posterior_predictive_cases",296,19.975,57.75,90,133.25,255.075,2020-08-30
"posterior_predictive_cases",297,16,52,83,122,211,2020-09-06
"posterior_predictive_cases",298,11,40.75,66,102,187.05,2020-09-13
"posterior_predictive_cases",299,11.975,42,66,100,183.125,2020-09-20
"posterior_predictive_cases",300,12.975,35,58,87.25,153.05,2020-09-27
"posterior_predictive_cases",301,11.95,36,54,79,151.125,2020-10-04
"posterior_predictive_cases",302,11,29,47,72,146.075,2020-10-11
"posterior_predictive_cases",303,11,32,48.5,72,147.025,2020-10-18
"posterior_predictive_cases",304,10.975,28,46,68,125.025,2020-10-25
"posterior_predictive_cases",305,10,34,51,76,135,2020-11-01
"posterior_predictive_cases",306,11.975,32,50,77,151.05,2020-11-08
"posterior_predictive_cases",307,11.975,32.75,53,77.25,155.175,2020-11-15
"posterior_predictive_cases",308,11,37,59,86,160.025,2020-11-22
"posterior_predictive_cases",309,10,40.75,64,94,193,2020-11-29
"posterior_predictive_cases",310,17.975,44,74,111,216.175,2020-12-06
"posterior_predictive_cases",311,21.975,54.75,89,126,236,2020-12-13
"posterior_predictive_cases",312,21,68,112,159,313,2020-12-20
"posterior_predictive_cases",313,23.95,77,121,173,383.45,2020-12-27
"posterior_predictive_cases",314,29.975,83.75,136,209.25,435.075,2021-01-03
"posterior_predictive_cases",315,30.975,98,157.5,241.5,456.1,2021-01-10
"posterior_predictive_cases",316,45.925,119,179,279.25,486.2,2021-01-17
"posterior_predictive_cases",317,39.975,120.75,202,305,614.1,2021-01-24
"posterior_predictive_cases",318,48.975,150.75,239,366,646.45,2021-01-31
"posterior_predictive_cases",319,63,171.75,275,403,849.649999999999,2021-02-07
"posterior_predictive_cases",320,63.925,197.75,306,476,881.275,2021-02-14
"posterior_predictive_cases",321,86.975,233,345.5,518.25,966.05,2021-02-21
"posterior_predictive_cases",322,74.95,250.75,359.5,536,975.075,2021-02-28
"posterior_predictive_cases",323,100.925,265,423,619,1059.45,2021-03-07
"posterior_predictive_cases",324,89.925,258.75,438,642.25,1193.075,2021-03-14
"posterior_predictive_cases",325,91.95,261,435.5,632.25,1103.475,2021-03-21
"posterior_predictive_cases",326,97.875,295.25,434,665.25,1332.4,2021-03-28
"posterior_predictive_cases",327,98.95,289,455,650,1247.375,2021-04-04
"posterior_predictive_cases",328,83,256.75,404.5,626.25,1313.175,2021-04-11
"posterior_predictive_cases",329,91.8,254,419,632.5,1222,2021-04-18
"posterior_predictive_cases",330,86,239.75,384,598.5,1076.475,2021-04-25
"posterior_predictive_cases",331,79.95,231.75,371,569.5,928,2021-05-02
"posterior_predictive_cases",332,83.675,230.5,352,518.75,1052.2,2021-05-09
"posterior_predictive_cases",333,65,187.75,308,472,939.2,2021-05-16
"posterior_predictive_cases",334,63.975,190.75,302,445,836.175,2021-05-23
"posterior_predictive_cases",335,49.975,160,272.5,421.25,804.325,2021-05-30
"posterior_predictive_cases",336,47.9,154,253,379.25,708.05,2021-06-06
"posterior_predictive_cases",337,45.95,141.75,227,328,525.05,2021-06-13
"posterior_predictive_cases",338,47,132.75,210,291,576,2021-06-20
"posterior_predictive_cases",339,32.975,109.75,170,255,491.125,2021-06-27
"posterior_predictive_cases",340,32.95,104.75,164,221.5,464.125,2021-07-04
"posterior_predictive_cases",341,24.975,81,132,199,352.724999999999,2021-07-11
"posterior_predictive_cases",342,30,80,119,177,355.05,2021-07-18
"posterior_predictive_cases",343,27.975,66,107,155.5,317.275,2021-07-25
"posterior_predictive_cases",344,21.95,56,92,136,253.025,2021-08-01
"posterior_predictive_cases",345,20,51,80,116.25,227.2,2021-08-08
"posterior_predictive_cases",346,16,44,76,110,199.225,2021-08-15
"posterior_predictive_cases",347,13,33,59,88,187.025,2021-08-22
"posterior_predictive_cases",348,11,33,49,76.25,149.15,2021-08-29
"posterior_predictive_cases",349,8,28,44,65.25,128.025,2021-09-05
"posterior_predictive_cases",350,9.975,26,39,59,119.025,2021-09-12
"posterior_predictive_cases",351,6.975,22,33,55,109.025,2021-09-19
"posterior_predictive_cases",352,7,21,33.5,48.25,92.0999999999999,2021-09-26
"posterior_predictive_cases",353,6,19,30,46,87.0749999999999,2021-10-03
"posterior_predictive_cases",354,6,18,27,41,79.0749999999999,2021-10-10
"posterior_predictive_cases",355,5,15.75,25,39.25,79,2021-10-17
"posterior_predictive_cases",356,5,16,25,39,78.0749999999999,2021-10-24
"posterior_predictive_cases",357,5,14.75,25.5,37,75.05,2021-10-31
"posterior_predictive_cases",358,5,16,25,39.25,84.025,2021-11-07
"posterior_predictive_cases",359,5,16,28,44,87.0999999999999,2021-11-14
"posterior_predictive_cases",360,6,19,29,44,85,2021-11-21
"posterior_predictive_cases",361,5.975,20,33,49,91,2021-11-28
"posterior_predictive_cases",362,8,23,37.5,58,121,2021-12-05
"posterior_predictive_cases",363,8.975,27,41,62,134.075,2021-12-12
"posterior_predictive_cases",364,8.975,28,46.5,72,156.2,2021-12-19
"posterior_predictive_cases",365,9.975,34.75,55,83.25,151.05,2021-12-26
"posterior_predictive_cases",366,14,48,78,116.25,224.025,2022-01-02
"posterior_predictive_cases",367,20.975,57,94,142,258.1,2022-01-09
"posterior_predictive_cases",368,26,75.75,114,186,311,2022-01-16
"posterior_predictive_cases",369,31.975,97,156.5,226.25,436,2022-01-23
"posterior_predictive_cases",370,40.875,116.75,193,282,510.275,2022-01-30
"posterior_predictive_cases",371,51.875,152.5,243.5,368.25,682.025,2022-02-06
"posterior_predictive_cases",372,66.825,178,281.5,434.5,894.699999999999,2022-02-13
"posterior_predictive_cases",373,87.95,245.5,363,534.75,908.025,2022-02-20
"posterior_predictive_cases",374,89.975,267.75,414.5,610,1100.125,2022-02-27
"posterior_predictive_cases",375,81.925,282,444,662.25,1348.075,2022-03-06
"posterior_predictive_cases",376,102.875,329.5,520,762.25,1639.525,2022-03-13
"posterior_predictive_cases",377,143.9,402.75,608,882,1567.125,2022-03-20
"posterior_predictive_cases",378,159.775,414.75,573.5,850,1712.375,2022-03-27
"posterior_predictive_cases",379,118.825,380.25,638.5,902.75,2062.775,2022-04-03
"posterior_predictive_cases",380,176.975,439,653.5,949.25,1804.2,2022-04-10
"posterior_predictive_cases",381,173.9,392,656,1000.25,2013.15,2022-04-17
"posterior_predictive_cases",382,141.95,405.75,662.5,956.75,1786.45,2022-04-24
"posterior_predictive_cases",383,109.925,409.75,614.5,916.25,1629.325,2022-05-01
"posterior_predictive_cases",384,124.825,362,591,856.5,1521.4,2022-05-08
"posterior_predictive_cases",385,139.85,383.25,577.5,896,1504.2,2022-05-15
"posterior_predictive_cases",386,114.95,339.75,524.5,780,1523.15,2022-05-22
"posterior_predictive_cases",387,94.975,304.5,436,637.75,1237.95,2022-05-29
"posterior_predictive_cases",388,88.975,284.25,451,641.25,1119.925,2022-06-05
"posterior_predictive_cases",389,65.975,239.5,377.5,587.75,971.35,2022-06-12
"posterior_predictive_cases",390,61.975,211.5,336,474.5,979.649999999999,2022-06-19
"posterior_predictive_cases",391,79.95,181,297,428,878.849999999999,2022-06-26
"posterior_predictive_cases",392,52.975,162,258,379.25,712.999999999999,2022-07-03
"posterior_predictive_cases",393,41.925,134.75,217.5,321.25,606.549999999999,2022-07-10
"posterior_predictive_cases",394,52.95,127,188.5,278,589.175,2022-07-17
"posterior_predictive_cases",395,34.975,100.5,151.5,244.25,453.175,2022-07-24
"posterior_predictive_cases",396,27,84.75,131,206,386.175,2022-07-31
"posterior_predictive_cases",397,31.975,69.75,110.5,165.25,309.2,2022-08-07
"posterior_predictive_cases",398,19.95,56,95,149.25,266.175,2022-08-14
"posterior_predictive_cases",399,18.95,55,89,126.25,237.624999999999,2022-08-21
"posterior_predictive_cases",400,13,48,74,106,197.1,2022-08-28
"posterior_predictive_cases",401,16,43,69,95,178.05,2022-09-04
"posterior_predictive_cases",402,8.975,35.75,58,92,181.1,2022-09-11
"posterior_predictive_cases",403,10,31,50,80,163.15,2022-09-18
"posterior_predictive_cases",404,8.975,28,44,69.25,121.075,2022-09-25
"posterior_predictive_cases",405,9,27,43,64,118.2,2022-10-02
"posterior_predictive_cases",406,6,25,39,59,123.025,2022-10-09
"posterior_predictive_cases",407,7.975,24,39.5,59,116,2022-10-16
"posterior_predictive_cases",408,7,25,37,57,106,2022-10-23
"posterior_predictive_cases",409,8,26,39,61,111.025,2022-10-30
"posterior_predictive_cases",410,8.975,27,47.5,70,115.025,2022-11-06
"posterior_predictive_cases",411,10,29,47,71.25,149.025,2022-11-13
"posterior_predictive_cases",412,10,34,51.5,82,170,2022-11-20
"posterior_predictive_cases",413,12,33,55.5,83,166.075,2022-11-27
"posterior_predictive_cases",414,17,48,75,110,200.075,2022-12-04
"posterior_predictive_cases",415,20.975,57,90,132.25,244,2022-12-11
"posterior_predictive_cases",416,19,64,107.5,156.5,287.15,2022-12-18
"posterior_predictive_cases",417,27.975,83,133.5,205.5,384.05,2022-12-25
"posterior_predictive_cases",418,20,87.75,141,212.25,378.35,2023-01-01
"posterior_predictive_cases",419,45.975,109,175.5,242,555.2,2023-01-08
"posterior_predictive_cases",420,33,122,192,284.25,547.175,2023-01-15
"posterior_predictive_cases",421,49,142,204.5,325.5,601.674999999999,2023-01-22
"posterior_predictive_cases",422,55,166,256,371.25,695.1,2023-01-29
"posterior_predictive_cases",423,67.975,180,293.5,430.5,738.175,2023-02-05
"posterior_predictive_cases",424,53.975,180.5,293,427.25,865.275,2023-02-12
"posterior_predictive_cases",425,83.975,222.75,344,503.5,961.175,2023-02-19
"posterior_predictive_cases",426,79.95,236,382,537.75,935,2023-02-26
"posterior_predictive_cases",427,96.95,242.75,384.5,582.5,983.599999999999,2023-03-05
"posterior_predictive_cases",428,87.975,256.25,379,538.75,1052.55,2023-03-12
"posterior_predictive_cases",429,81.85,286,404.5,605,1073.05,2023-03-19
"posterior_predictive_cases",430,93.975,254.75,437.5,646.25,1188.175,2023-03-26
"posterior_predictive_cases",431,97.925,242,392.5,586.25,1105.125,2023-04-02
"posterior_predictive_cases",432,79.9,226.25,361,573.5,1155.05,2023-04-09
"posterior_predictive_cases",433,78.975,270.25,412,570.75,1006.35,2023-04-16
"posterior_predictive_cases",434,86.95,223.75,361,526.25,1043.025,2023-04-23
"posterior_predictive_cases",435,90.925,235.75,402.5,582,1009.625,2023-04-30
"posterior_predictive_cases",436,88.925,236,386,533,1082.15,2023-05-07
"posterior_predictive_cases",437,85.875,214,323,490.25,901.15,2023-05-14
"posterior_predictive_cases",438,84.875,199,307,463.75,852.599999999999,2023-05-21
"posterior_predictive_cases",439,64.975,207,315.5,447.75,843.025,2023-05-28
"posterior_predictive_cases",440,70.875,174.75,278.5,400,692.1,2023-06-04
"posterior_predictive_cases",441,58.925,166,272,385.5,691.175,2023-06-11
"posterior_predictive_cases",442,44.925,145.75,218.5,352,711.075,2023-06-18
"posterior_predictive_cases",443,54.925,139,204,297.25,572.5,2023-06-25
"posterior_predictive_cases",444,48.975,122.5,203.5,284,574.05,2023-07-02
"posterior_predictive_cases",445,42,114,170.5,249.25,466.05,2023-07-09
"posterior_predictive_cases",446,46,106.75,161,239,410.175,2023-07-16
"posterior_predictive_cases",447,31.925,93,143.5,209.25,382.25,2023-07-23
"posterior_predictive_cases",448,22.925,81,129.5,185.25,394.15,2023-07-30
"posterior_predictive_cases",449,22.975,74,111,164.5,345.125,2023-08-06
"posterior_predictive_cases",450,27,65.75,103.5,146,290.025,2023-08-13
"posterior_predictive_cases",451,14.975,53,85.5,128.25,257.1,2023-08-20
"posterior_predictive_cases",452,16.975,46.75,81.5,117,225.075,2023-08-27
"posterior_predictive_cases",453,17.95,45,70.5,107.5,198.1,2023-09-03
"posterior_predictive_cases",454,10.975,38,64,93.25,165.025,2023-09-10
"posterior_predictive_cases",455,9.95,35.75,59,89,169.175,2023-09-17
"posterior_predictive_cases",456,10,34,55,81,133,2023-09-24
"posterior_predictive_cases",457,11,32,52,77,135.075,2023-10-01
"posterior_predictive_cases",458,9.975,34,52,73,133.025,2023-10-08
"posterior_predictive_cases",459,9,28,45,66.25,126.125,2023-10-15
"posterior_predictive_cases",460,10,29,43.5,68,128.025,2023-10-22
"posterior_predictive_cases",461,8.975,27,42,67.25,118.025,2023-10-29
"posterior_predictive_cases",462,9,28,44,66,132.025,2023-11-05
"posterior_predictive_cases",463,9,27,43.5,64,131.025,2023-11-12
"posterior_predictive_cases",464,10.975,29,48,69.25,137.15,2023-11-19
"posterior_predictive_cases",465,11,32.75,51,74,141.35,2023-11-26
"posterior_predictive_cases",466,10.975,37,55,78,155.025,2023-12-03
"posterior_predictive_cases",467,11.975,43,63.5,99.25,182.1,2023-12-10
"posterior_predictive_cases",468,13.975,47.75,70,104,198.15,2023-12-17
"posterior_predictive_cases",469,15,49,73,117,228.025,2023-12-24
"posterior_predictive_cases",470,23.95,60.75,94.5,146,234.025,2023-12-31
"posterior_predictive_cases",471,31.95,82.75,126,186.25,346.1,2024-01-07
"posterior_predictive_cases",472,23.975,88.75,139,215.25,436.25,2024-01-14
"posterior_predictive_cases",473,38.975,108.75,175.5,267.25,520.475,2024-01-21
"posterior_predictive_cases",474,51.975,129.75,216,321,598.3,2024-01-28
"posterior_predictive_cases",475,60.95,156.75,256,366.75,720.025,2024-02-04
"posterior_predictive_cases",476,75.975,195,306.5,445.25,856.1,2024-02-11
"posterior_predictive_cases",477,80,209.75,339.5,514,943.2,2024-02-18
"posterior_predictive_cases",478,79.9,247.75,388.5,533.25,1112.35,2024-02-25
"posterior_predictive_cases",479,93.975,274,418.5,636.75,1160.625,2024-03-03
"posterior_predictive_cases",480,101.875,312,457.5,699.75,1421.075,2024-03-10
"posterior_predictive_cases",481,108.675,318.25,500.5,726.75,1327.95,2024-03-17
"posterior_predictive_cases",482,126.825,330.75,512.5,762,1533.175,2024-03-24
"posterior_predictive_cases",483,146.975,348.75,531,780.5,1476.3,2024-03-31
"posterior_predictive_cases",484,92.975,322.75,527.5,817.25,1700.9,2024-04-07
"posterior_predictive_cases",485,105,329.75,529.5,755,1587.275,2024-04-14
"posterior_predictive_cases",486,113.975,302.75,491.5,748.5,1478.45,2024-04-21
"posterior_predictive_cases",487,93.95,309,499.5,737,1302,2024-04-28
"posterior_predictive_cases",488,106.975,278.5,443.5,650.75,1249.1,2024-05-05
"posterior_predictive_cases",489,78.925,234,383,561.5,1099.5,2024-05-12
"posterior_predictive_cases",490,81.925,242.75,355.5,516.5,918.999999999999,2024-05-19
"posterior_predictive_cases",491,72.9,214.75,331.5,459.25,928.3,2024-05-26
"posterior_predictive_cases",492,48,170.75,286.5,417.75,873.574999999999,2024-06-02
"posterior_predictive_cases",493,64,158,253.5,384,710.25,2024-06-09
"posterior_predictive_cases",494,44.925,135.75,214,319.75,530.3,2024-06-16
"posterior_predictive_cases",495,34.925,111.75,180.5,274.25,501.075,2024-06-23
"posterior_predictive_cases",496,33.95,102,162.5,229.25,443.25,2024-06-30
"posterior_predictive_cases",497,28.975,84.75,129.5,194.25,377.075,2024-07-07
"posterior_predictive_cases",498,22.975,73.75,117.5,160.25,293.125,2024-07-14
"posterior_predictive_cases",499,18,56.75,90,139,256.1,2024-07-21
"posterior_predictive_cases",500,12.975,49,77,110,220,2024-07-28
"posterior_predictive_cases",501,15,42,64,96,210.15,2024-08-04
"posterior_predictive_cases",502,10,31,51,78.25,166.075,2024-08-11
"posterior_predictive_cases",503,5.975,26,39,61.25,112.025,2024-08-18
"posterior_predictive_cases",504,6,26,39.5,57,111,2024-08-25
"posterior_predictive_cases",505,6,19.75,31,50.25,97.025,2024-09-01
"posterior_predictive_cases",506,5,16,26,39,77,2024-09-08
"posterior_predictive_cases",507,5,14,24,35,75.025,2024-09-15
"posterior_predictive_cases",508,3.975,11,19,30,57.05,2024-09-22
"posterior_predictive_cases",509,3,12,18,28,48,2024-09-29
"posterior_predictive_cases",510,3,10,17,24.25,49,2024-10-06
"posterior_predictive_cases",511,3,10,16,25,46.05,2024-10-13
"posterior_predictive_cases",512,2.975,10,15,22,45,2024-10-20
"posterior_predictive_cases",513,2,9,15,23,45,2024-10-27
"posterior_predictive_cases",514,2,10,15,23,44.025,2024-11-03
"posterior_predictive_cases",515,2,10,15,24,53.05,2024-11-10
"posterior_predictive_cases",516,3,11,17,26.25,49.05,2024-11-17
"posterior_predictive_cases",517,4,12.75,19,28,57.025,2024-11-24
"posterior_predictive_cases",518,2.975,13,20,32,66.0749999999999,2024-12-01
"posterior_predictive_cases",519,5,14,24,37,73.025,2024-12-08
"posterior_predictive_cases",520,5,18,30,41,86.1499999999999,2024-12-15
"posterior_predictive_cases",521,8.975,24,38,57,106.025,2024-12-22
"posterior_predictive_cases",522,10,29,46.5,69,120.075,2024-12-29
"posterior_predictive_cases",523,5,26,42,60,126.025,2025-01-05
"posterior_predictive_cases",524,9,28.75,46,72,126.15,2025-01-12
"posterior_predictive_cases",525,7.95,30,46.5,73,136.075,2025-01-19
"posterior_predictive_cases",526,9.975,33,52,80,155.1,2025-01-26
"posterior_predictive_cases",527,10,33.75,54,82,162.125,2025-02-02
"posterior_predictive_cases",528,13,34.75,54,85.25,162,2025-02-09
"posterior_predictive_cases",529,8.975,31,53,86.5,166.025,2025-02-16
"posterior_predictive_cases",530,12,35.75,55,83.25,148.175,2025-02-23
"posterior_predictive_cases",531,11.95,38,58.5,82,172.05,2025-03-02
"posterior_predictive_cases",532,13,36,60,89,155.15,2025-03-09
"posterior_predictive_cases",533,11.975,34.75,54.5,77.25,169.05,2025-03-16
"posterior_predictive_cases",534,13,38,55.5,81,151.15,2025-03-23
"posterior_predictive_cases",535,11.975,31.75,52.5,80,154.025,2025-03-30
"posterior_predictive_cases",536,12.975,34,51,77,161.075,2025-04-06
"posterior_predictive_cases",537,11,31,49.5,75,144.125,2025-04-13
"posterior_predictive_cases",538,10,30.75,45,70,137.025,2025-04-20
"posterior_predictive_cases",539,11,28,46,64.25,122.05,2025-04-27
"posterior_predictive_cases",540,9,27,42,67,132.075,2025-05-04
"posterior_predictive_cases",541,9.975,25,40,60.25,109.15,2025-05-11
"posterior_predictive_cases",542,5.975,23,37,56,115.1,2025-05-18
"posterior_predictive_cases",543,6,22.75,37,56.25,112,2025-05-25
"posterior_predictive_cases",544,5,20,34,55,108.025,2025-06-01
"posterior_predictive_cases",545,5,21,34,52,95.1749999999998,2025-06-08
"posterior_predictive_cases",546,6,20,31,47.25,93.025,2025-06-15
"posterior_predictive_cases",547,7.975,19,31,47,87.0999999999999,2025-06-22
"posterior_predictive_cases",548,6,18,29,43,84.025,2025-06-29
"posterior_predictive_cases",549,5,20,30,45,74,2025-07-06
"posterior_predictive_cases",550,6,14,25,38,72.0749999999999,2025-07-13
"posterior_predictive_cases",551,4,15,24,36,67,2025-07-20
"posterior_predictive_cases",552,4,13,21,32,66.05,2025-07-27
"posterior_predictive_cases",553,5,13,21,32,59.025,2025-08-03
"posterior_predictive_cases",554,3,11,19,30,59,2025-08-10
"posterior_predictive_cases",555,3,10,17,27,48.025,2025-08-17
"posterior_predictive_cases",556,3,10,16,25,48.0749999999999,2025-08-24
"posterior_predictive_cases",557,2,10,16,23,47.025,2025-08-31
"posterior_predictive_cases",558,2,8,14,20.25,41,2025-09-07
"posterior_predictive_cases",559,1,7,12,19,43.025,2025-09-14
"posterior_predictive_cases",560,1.975,7,12,18,38.025,2025-09-21
"posterior_predictive_cases",561,1,6,10,16,34,2025-09-28
"posterior_predictive_cases",562,2,6,11,15,27,2025-10-05
"posterior_predictive_cases",563,1,6,10,16,31,2025-10-12
"posterior_predictive_cases",564,1,6,10,15,28,2025-10-19
"posterior_predictive_cases",565,1,5,8,13,28.025,2025-10-26
"posterior_predictive_cases",566,1,5,8,13,29,2025-11-02
"posterior_predictive_cases",567,1,5,10,15,30,2025-11-09
"posterior_predictive_cases",568,1,5,9,14,29,2025-11-16
"posterior_predictive_cases",569,1,5,9,15,30,2025-11-23
"posterior_predictive_cases",570,2,6,9,14,32.025,2025-11-30
"posterior_predictive_cases",571,1,6,9,15,34.025,2025-12-07
"posterior_predictive_cases",572,2,6,10,16,31,2025-12-14
"posterior_predictive_cases",573,2,7,11,17,35.025,2025-12-21
