segmentation_definition,state,wave_id,onset_week,peak_week,end_week,wave_end_censored,peak_incidence_raw,peak_incidence_smooth,peak_cases,preceding_trough_week,preceding_trough_incidence,trough_ratio,trough_duration_weeks,duration_weeks,weeks_onset_to_peak,total_cases,cumulative_incidence_per_100k,first4_cases,first6_cases,first8_cases,first4_nonzero_weeks,first6_nonzero_weeks,first8_nonzero_weeks,re4_prefit_eligible,re6_prefit_eligible,re8_prefit_eligible,early_peak_flag,reporting_anomaly_flag,n_candidate_peaks_in_segment,qc_duration_gt104,qc_peak_late_gt52,qc_multiple_peaks,qc_no_meaningful_fall,reason_re6_not_eligible,candidate_wave,major_epidemic_abs50,major_epidemic_abs100,major_epidemic_abs200,major_epidemic_inc2,major_epidemic_inc5,major_epidemic_inc10,major_epidemic_primary,reason_not_major,wave_order,is_recurrence
permissive,AC,AC_wave_01,2016-01-24,2016-01-31,2016-02-14,FALSE,0.11957517332421373,0.039858391108071246,1,2016-01-17,0,NA,NA,4,1,1,0.11957517332421373,1,1,1,1,1,1,FALSE,FALSE,FALSE,TRUE,TRUE,1,FALSE,FALSE,FALSE,FALSE,too few nonzero raw incidence weeks; fewer than 30 raw cases; one week contains >=80% of early-window cases (backlog screen),TRUE,FALSE,FALSE,FALSE,FALSE,FALSE,FALSE,FALSE,fewer than 100 total cases and cumulative incidence below 5/100k,NA,NA
permissive,AC,AC_wave_02,2016-03-20,2016-06-05,2016-07-17,FALSE,1.315326906566351,0.9964597777017812,11,2016-02-14,0,0,5,18,11,49,5.859183492886473,5,10,17,3,5,7,FALSE,FALSE,FALSE,FALSE,FALSE,1,FALSE,FALSE,FALSE,FALSE,fewer than 30 raw cases,TRUE,FALSE,FALSE,FALSE,TRUE,TRUE,FALSE,FALSE,fewer than 100 total cases,NA,NA
permissive,AC,AC_wave_03,2016-08-28,2016-10-02,2016-10-23,FALSE,0,0.07971678221614249,0,2016-07-17,0,0,6,9,5,3,0.3587255199726412,1,2,3,1,2,3,FALSE,FALSE,FALSE,FALSE,FALSE,1,FALSE,FALSE,FALSE,FALSE,too few nonzero raw incidence weeks; fewer than 30 raw cases,TRUE,FALSE,FALSE,FALSE,FALSE,FALSE,FALSE,FALSE,fewer than 100 total cases and cumulative incidence below 5/100k,NA,NA
permissive,AC,AC_wave_04,2016-11-06,2017-01-15,2017-04-02,FALSE,0.3552414694681798,0.5525978413949464,3,2016-10-23,0,0,2,22,10,36,4.274511135299696,4,7,10,2,4,6,FALSE,FALSE,FALSE,FALSE,FALSE,3,FALSE,FALSE,TRUE,FALSE,fewer than 30 raw cases,TRUE,FALSE,FALSE,FALSE,TRUE,FALSE,FALSE,FALSE,fewer than 100 total cases and cumulative incidence below 5/100k,NA,NA
permissive,AC,AC_wave_05,2017-04-30,2017-06-04,2017-08-13,FALSE,0.23682764631211992,0.2762989206974732,2,2017-04-02,0.07894254877070664,0.28571428571428575,4,16,5,19,2.249862639965139,6,10,13,3,5,6,FALSE,FALSE,FALSE,FALSE,FALSE,2,FALSE,FALSE,TRUE,FALSE,fewer than 30 raw cases,TRUE,FALSE,FALSE,FALSE,TRUE,FALSE,FALSE,FALSE,fewer than 100 total cases and cumulative incidence below 5/100k,NA,NA
permissive,AC,AC_wave_06,2017-08-20,2017-10-08,2017-11-19,FALSE,0.47365529262423983,0.31577019508282655,4,2017-08-13,0,0,10,14,7,13,1.5393797010287795,2,3,9,2,3,5,FALSE,FALSE,FALSE,FALSE,FALSE,1,FALSE,FALSE,FALSE,FALSE,too few nonzero raw incidence weeks; fewer than 30 raw cases,TRUE,FALSE,FALSE,FALSE,FALSE,FALSE,FALSE,FALSE,fewer than 100 total cases and cumulative incidence below 5/100k,NA,NA
permissive,AC,AC_wave_07,2017-11-26,2018-02-25,2018-05-06,FALSE,0.35231778124354085,0.5871963020725681,3,2017-11-19,0.03947127438535332,0.125,6,24,13,52,6.115612606228625,6,9,16,4,6,8,FALSE,FALSE,FALSE,FALSE,FALSE,1,FALSE,FALSE,FALSE,FALSE,fewer than 30 raw cases,TRUE,TRUE,FALSE,FALSE,TRUE,TRUE,FALSE,FALSE,fewer than 100 total cases,NA,NA
permissive,AC,AC_wave_08,2018-05-27,2018-10-28,2019-03-31,FALSE,2.9359815103628404,2.113906687461245,25,2018-05-06,0.039146420138171205,0.06666666666666667,11,45,22,232,27.211660962308688,9,14,17,4,6,8,FALSE,FALSE,FALSE,FALSE,FALSE,4,FALSE,FALSE,TRUE,FALSE,fewer than 30 raw cases,TRUE,TRUE,TRUE,TRUE,TRUE,TRUE,TRUE,TRUE,NA,1,FALSE
permissive,AC,AC_wave_09,2019-05-19,2019-05-26,2019-06-09,FALSE,0.11656112057198874,0.03885370685732958,1,2019-03-31,0,0,7,4,1,1,0.11656112057198874,1,1,2,1,1,2,FALSE,FALSE,FALSE,TRUE,TRUE,1,FALSE,FALSE,FALSE,FALSE,too few nonzero raw incidence weeks; fewer than 30 raw cases; one week contains >=80% of early-window cases (backlog screen),TRUE,FALSE,FALSE,FALSE,FALSE,FALSE,FALSE,FALSE,fewer than 100 total cases and cumulative incidence below 5/100k,NA,NA
permissive,AC,AC_wave_10,2019-06-30,2019-07-07,2019-07-21,FALSE,0.11656112057198874,0.03885370685732958,1,2019-06-09,0,0,3,4,1,1,0.11656112057198874,1,1,1,1,1,1,FALSE,FALSE,FALSE,TRUE,TRUE,1,FALSE,FALSE,FALSE,FALSE,too few nonzero raw incidence weeks; fewer than 30 raw cases; one week contains >=80% of early-window cases (backlog screen),TRUE,FALSE,FALSE,FALSE,FALSE,FALSE,FALSE,FALSE,fewer than 100 total cases and cumulative incidence below 5/100k,NA,NA
permissive,AC,AC_wave_11,2019-10-27,2019-12-08,2019-12-29,FALSE,0.23312224114397748,0.1554148274293183,2,2019-07-21,0,0,14,10,6,5,0.58280560285994365,1,2,5,1,2,4,FALSE,FALSE,FALSE,FALSE,FALSE,1,FALSE,FALSE,FALSE,FALSE,too few nonzero raw incidence weeks; fewer than 30 raw cases,TRUE,FALSE,FALSE,FALSE,FALSE,FALSE,FALSE,FALSE,fewer than 100 total cases and cumulative incidence below 5/100k,NA,NA
permissive,AC,AC_wave_12,2020-01-05,2020-02-09,2020-03-22,FALSE,0.4631468279652687,0.1929778449855286,4,2019-12-29,0,0,3,12,5,11,1.2736537769044889,4,8,9,3,4,5,FALSE,FALSE,FALSE,FALSE,FALSE,1,FALSE,FALSE,FALSE,FALSE,fewer than 30 raw cases,TRUE,FALSE,FALSE,FALSE,FALSE,FALSE,FALSE,FALSE,fewer than 100 total cases and cumulative incidence below 5/100k,NA,NA
permissive,AC,AC_wave_13,2020-04-05,2020-05-17,2020-06-14,FALSE,0.23157341398263434,0.30876455197684577,2,2020-03-22,0,0,10,11,6,13,1.505227190887123,1,5,10,1,3,5,FALSE,FALSE,FALSE,FALSE,FALSE,1,FALSE,FALSE,FALSE,FALSE,too few nonzero raw incidence weeks; fewer than 30 raw cases,TRUE,FALSE,FALSE,FALSE,FALSE,FALSE,FALSE,FALSE,fewer than 100 total cases and cumulative incidence below 5/100k,NA,NA
permissive,AC,AC_wave_14,2020-06-28,2020-07-12,2020-08-16,FALSE,0.34736012097395147,0.3473601209739515,3,2020-06-14,0.07719113799421144,0.25,4,8,2,12,1.389440483895806,10,12,12,4,6,6,FALSE,FALSE,FALSE,TRUE,FALSE,1,FALSE,FALSE,FALSE,FALSE,fewer than 30 raw cases,TRUE,FALSE,FALSE,FALSE,FALSE,FALSE,FALSE,FALSE,fewer than 100 total cases and cumulative incidence below 5/100k,NA,NA
permissive,AC,AC_wave_15,2020-08-23,2020-11-08,2020-11-29,FALSE,0.11578670699131717,0.27016898297974,1,2020-08-16,0,0,14,15,11,10,1.1578670699131717,1,2,2,1,2,2,FALSE,FALSE,FALSE,FALSE,FALSE,1,FALSE,FALSE,FALSE,FALSE,too few nonzero raw incidence weeks; fewer than 30 raw cases,TRUE,FALSE,FALSE,FALSE,FALSE,FALSE,FALSE,FALSE,fewer than 100 total cases and cumulative incidence below 5/100k,NA,NA
permissive,AC,AC_wave_16,2020-12-13,2021-03-07,2021-04-11,FALSE,2.4183908257768216,2.610326605600379,21,2020-11-29,0.03859556899710572,0.14285714285714288,2,18,12,162,18.658033516141316,9,45,56,3,5,7,FALSE,TRUE,TRUE,FALSE,FALSE,2,FALSE,FALSE,TRUE,FALSE,NA,TRUE,TRUE,TRUE,FALSE,TRUE,TRUE,TRUE,TRUE,NA,2,TRUE
permissive,AC,AC_wave_17,2021-04-18,2021-05-30,2021-08-01,FALSE,0.23032293578826873,0.30709724771769165,2,2021-04-11,0.038387155964711456,0.125,3,16,6,21,2.4183908257768216,4,7,14,2,4,6,FALSE,FALSE,FALSE,FALSE,FALSE,1,FALSE,FALSE,FALSE,FALSE,fewer than 30 raw cases,TRUE,FALSE,FALSE,FALSE,TRUE,FALSE,FALSE,FALSE,fewer than 100 total cases and cumulative incidence below 5/100k,NA,NA
permissive,AC,AC_wave_18,2021-09-05,2021-10-31,2021-11-28,FALSE,0.8061302752589407,0.5758073394706719,7,2021-08-01,0,0,9,13,8,27,3.109359633141628,5,9,14,3,5,7,FALSE,FALSE,FALSE,FALSE,FALSE,2,FALSE,FALSE,TRUE,FALSE,fewer than 30 raw cases,TRUE,FALSE,FALSE,FALSE,TRUE,FALSE,FALSE,FALSE,fewer than 100 total cases and cumulative incidence below 5/100k,NA,NA
permissive,AC,AC_wave_19,2021-12-12,2022-02-20,2022-05-01,FALSE,0.11460451129198249,0.15280601505597666,1,2021-11-28,0,0,6,21,10,12,1.3758110921059417,1,3,4,1,3,4,FALSE,FALSE,FALSE,FALSE,FALSE,3,FALSE,FALSE,TRUE,FALSE,too few nonzero raw incidence weeks; fewer than 30 raw cases,TRUE,FALSE,FALSE,FALSE,FALSE,FALSE,FALSE,FALSE,fewer than 100 total cases and cumulative incidence below 5/100k,NA,NA
permissive,AC,AC_wave_20,2022-05-22,2022-06-05,2022-07-17,FALSE,0,0.07640300752798833,0,2022-05-01,0,0,3,9,2,4,0.45841804516792994,2,2,4,2,2,3,FALSE,FALSE,FALSE,TRUE,FALSE,2,FALSE,FALSE,TRUE,FALSE,too few nonzero raw incidence weeks; fewer than 30 raw cases,TRUE,FALSE,FALSE,FALSE,FALSE,FALSE,FALSE,FALSE,fewer than 100 total cases and cumulative incidence below 5/100k,NA,NA
permissive,AC,AC_wave_21,2022-09-04,2022-09-11,2022-09-25,FALSE,0.11460451129198249,0.038201503763994164,1,2022-07-17,0,0,7,4,1,1,0.11460451129198249,1,1,1,1,1,1,FALSE,FALSE,FALSE,TRUE,TRUE,1,FALSE,FALSE,FALSE,FALSE,too few nonzero raw incidence weeks; fewer than 30 raw cases; one week contains >=80% of early-window cases (backlog screen),TRUE,FALSE,FALSE,FALSE,FALSE,FALSE,FALSE,FALSE,fewer than 100 total cases and cumulative incidence below 5/100k,NA,NA
permissive,AC,AC_wave_22,2022-10-30,2022-11-06,2022-11-20,FALSE,0.11460451129198249,0.038201503763994164,1,2022-09-25,0,0,5,4,1,1,0.11460451129198249,1,1,1,1,1,1,FALSE,FALSE,FALSE,TRUE,TRUE,1,FALSE,FALSE,FALSE,FALSE,too few nonzero raw incidence weeks; fewer than 30 raw cases; one week contains >=80% of early-window cases (backlog screen),TRUE,FALSE,FALSE,FALSE,FALSE,FALSE,FALSE,FALSE,fewer than 100 total cases and cumulative incidence below 5/100k,NA,NA
permissive,AC,AC_wave_23,2023-02-05,2023-02-19,2023-03-12,FALSE,0.22815891724904233,0.1901324310408686,2,2022-11-20,0,0,11,6,2,6,0.684476751747127,5,6,6,3,4,4,FALSE,FALSE,FALSE,TRUE,FALSE,1,FALSE,FALSE,FALSE,FALSE,fewer than 30 raw cases,TRUE,FALSE,FALSE,FALSE,FALSE,FALSE,FALSE,FALSE,fewer than 100 total cases and cumulative incidence below 5/100k,NA,NA
permissive,AC,AC_wave_24,2023-03-26,2023-04-09,2023-06-04,FALSE,0.3422383758735634,0.3042118896653897,3,2023-03-12,0.03802648620817372,0.19999999999999998,4,11,2,12,1.368953503494254,8,8,11,3,3,5,FALSE,FALSE,FALSE,TRUE,FALSE,2,FALSE,FALSE,TRUE,FALSE,too few nonzero raw incidence weeks; fewer than 30 raw cases,TRUE,FALSE,FALSE,FALSE,FALSE,FALSE,FALSE,FALSE,fewer than 100 total cases and cumulative incidence below 5/100k,NA,NA
permissive,AC,AC_wave_25,2023-07-02,2023-07-09,2023-08-20,FALSE,0.22815891724904233,0.07605297241634744,2,2023-06-04,0,0,4,8,1,4,0.45631783449808466,2,4,4,1,2,2,FALSE,FALSE,FALSE,TRUE,FALSE,2,FALSE,FALSE,TRUE,FALSE,too few nonzero raw incidence weeks; fewer than 30 raw cases,TRUE,FALSE,FALSE,FALSE,FALSE,FALSE,FALSE,FALSE,fewer than 100 total cases and cumulative incidence below 5/100k,NA,NA
permissive,AC,AC_wave_26,2023-10-08,2023-10-15,2023-10-29,FALSE,0.11407945862452117,0.03802648620817372,1,2023-08-20,0,0,7,4,1,1,0.11407945862452117,1,1,3,1,1,2,FALSE,FALSE,FALSE,TRUE,TRUE,1,FALSE,FALSE,FALSE,FALSE,too few nonzero raw incidence weeks; fewer than 30 raw cases; one week contains >=80% of early-window cases (backlog screen),TRUE,FALSE,FALSE,FALSE,FALSE,FALSE,FALSE,FALSE,fewer than 100 total cases and cumulative incidence below 5/100k,NA,NA
permissive,AC,AC_wave_27,2023-11-19,2024-01-07,2024-02-11,FALSE,1.3626592749971327,2.201514887423137,12,2023-10-29,0,0,3,13,7,93,10.584212738091983,8,10,57,3,4,6,FALSE,FALSE,TRUE,FALSE,FALSE,1,FALSE,FALSE,FALSE,FALSE,fewer than 30 raw cases,TRUE,TRUE,FALSE,FALSE,TRUE,TRUE,TRUE,FALSE,fewer than 100 total cases,NA,NA
permissive,AC,AC_wave_28,2024-02-18,2024-03-10,2024-05-05,FALSE,1.0219944562478496,1.0598461027755477,9,2024-02-11,0.34066481874928317,0.3214285714285714,2,12,3,62,7.040406254151852,29,43,51,4,6,8,TRUE,TRUE,TRUE,TRUE,FALSE,1,FALSE,FALSE,FALSE,FALSE,NA,TRUE,TRUE,FALSE,FALSE,TRUE,TRUE,FALSE,FALSE,fewer than 100 total cases,NA,NA
permissive,AC,AC_wave_29,2024-05-19,2024-06-02,2024-10-13,FALSE,0.567774697915472,0.7191812840262646,5,2024-05-05,0.2649615256938869,0.3684210526315789,2,22,2,63,7.153961193734947,22,32,38,4,6,8,TRUE,TRUE,FALSE,TRUE,FALSE,2,FALSE,FALSE,TRUE,FALSE,NA,TRUE,TRUE,FALSE,FALSE,TRUE,TRUE,FALSE,FALSE,fewer than 100 total cases,NA,NA
permissive,AC,AC_wave_30,2024-12-08,2025-01-19,2025-05-04,FALSE,0.5653729426078619,0.6030644721150527,5,2024-10-13,0,0,18,22,6,40,4.526345998293549,7,16,24,2,4,6,FALSE,FALSE,FALSE,FALSE,FALSE,2,FALSE,FALSE,TRUE,FALSE,fewer than 30 raw cases,TRUE,FALSE,FALSE,FALSE,TRUE,FALSE,FALSE,FALSE,fewer than 100 total cases and cumulative incidence below 5/100k,NA,NA
permissive,AC,AC_wave_31,2025-05-25,2025-06-29,2025-08-17,FALSE,0,0.15076611802876316,0,2025-05-04,0.03769152950719079,0.25,3,13,5,9,1.0176712966941515,2,5,7,1,2,4,FALSE,FALSE,FALSE,FALSE,FALSE,3,FALSE,FALSE,TRUE,FALSE,too few nonzero raw incidence weeks; fewer than 30 raw cases,TRUE,FALSE,FALSE,FALSE,FALSE,FALSE,FALSE,FALSE,fewer than 100 total cases and cumulative incidence below 5/100k,NA,NA
permissive,AL,AL_wave_01,2015-03-29,2015-04-12,2015-06-28,FALSE,0,0.020956597419781814,0,2015-03-22,0,NA,NA,14,2,5,0.1571744806483636,2,2,4,2,2,4,FALSE,FALSE,FALSE,TRUE,FALSE,2,FALSE,FALSE,TRUE,FALSE,too few nonzero raw incidence weeks; fewer than 30 raw cases,TRUE,FALSE,FALSE,FALSE,FALSE,FALSE,FALSE,FALSE,fewer than 100 total cases and cumulative incidence below 5/100k,NA,NA
permissive,AL,AL_wave_02,2015-07-12,2015-07-26,2015-08-23,FALSE,0,0.010478298709890907,0,2015-06-28,0,0,2,7,2,2,0.06286979225934544,1,2,2,1,2,2,FALSE,FALSE,FALSE,TRUE,FALSE,1,FALSE,FALSE,FALSE,FALSE,too few nonzero raw incidence weeks; fewer than 30 raw cases,TRUE,FALSE,FALSE,FALSE,FALSE,FALSE,FALSE,FALSE,fewer than 100 total cases and cumulative incidence below 5/100k,NA,NA
permissive,AL,AL_wave_03,2015-11-29,2016-05-29,2017-02-19,FALSE,17.62912708216616,19.3439413416414,562,2015-08-23,0,0,7,65,26,9490,297.68658918918004,55,91,134,4,6,8,TRUE,TRUE,TRUE,FALSE,FALSE,4,FALSE,FALSE,TRUE,FALSE,NA,TRUE,TRUE,TRUE,TRUE,TRUE,TRUE,TRUE,TRUE,NA,1,FALSE
permissive,AL,AL_wave_04,2017-02-26,2017-03-26,2017-10-29,FALSE,0.5010718239484147,0.41755985329034556,16,2017-02-19,0.12526795598710366,0.3,2,36,4,298,9.332462721039223,36,59,83,4,6,8,TRUE,TRUE,TRUE,FALSE,FALSE,7,FALSE,FALSE,TRUE,FALSE,NA,TRUE,TRUE,TRUE,TRUE,TRUE,TRUE,FALSE,TRUE,NA,2,TRUE
permissive,AL,AL_wave_05,2017-11-05,2018-04-08,2018-05-20,FALSE,0.15624375024999,0.15624375024999,5,2017-10-29,0.04175598532903455,0.26724899563806537,2,29,22,76,2.37647449957574,7,15,20,4,6,8,FALSE,FALSE,FALSE,FALSE,FALSE,1,FALSE,FALSE,FALSE,FALSE,fewer than 30 raw cases,TRUE,TRUE,FALSE,FALSE,TRUE,FALSE,FALSE,FALSE,fewer than 100 total cases and cumulative incidence below 5/100k,NA,NA
permissive,AL,AL_wave_06,2018-05-27,2018-07-22,2018-09-23,FALSE,0.28123875044998203,0.26040625041665,9,2018-05-20,0.020832500033331997,0.13333333333333333,4,18,8,95,2.96863125474981,18,26,41,4,6,8,FALSE,FALSE,TRUE,FALSE,FALSE,3,FALSE,FALSE,TRUE,FALSE,fewer than 30 raw cases,TRUE,TRUE,FALSE,FALSE,TRUE,FALSE,FALSE,FALSE,fewer than 100 total cases and cumulative incidence below 5/100k,NA,NA
permissive,AL,AL_wave_07,2018-11-04,2019-07-07,2019-11-03,FALSE,2.3062270623902985,2.60749095792777,74,2018-09-23,0.062497500099995995,0.24,7,53,35,1528,47.62314493857137,24,27,29,4,6,7,TRUE,FALSE,FALSE,FALSE,FALSE,3,FALSE,FALSE,TRUE,FALSE,fewer than 30 raw cases,TRUE,TRUE,TRUE,TRUE,TRUE,TRUE,TRUE,TRUE,NA,3,TRUE
permissive,AL,AL_wave_08,2019-11-10,2020-05-03,2020-05-24,FALSE,0.27995320426661124,0.21774138109625318,9,2019-11-03,0.07271887133663102,0.33396900015291736,2,29,25,72,2.240634056923158,12,15,17,4,6,8,FALSE,FALSE,FALSE,FALSE,FALSE,2,FALSE,FALSE,TRUE,FALSE,fewer than 30 raw cases,TRUE,TRUE,FALSE,FALSE,TRUE,FALSE,FALSE,FALSE,fewer than 100 total cases and cumulative incidence below 5/100k,NA,NA
permissive,AL,AL_wave_09,2020-05-31,2020-07-26,2020-11-22,FALSE,0.27995320426661124,0.24884729268143221,9,2020-05-24,0.062211823170358053,0.2857142857142857,2,26,8,89,2.7684261310809335,14,22,33,4,6,8,FALSE,FALSE,FALSE,FALSE,FALSE,3,FALSE,FALSE,TRUE,FALSE,fewer than 30 raw cases,TRUE,TRUE,FALSE,FALSE,TRUE,FALSE,FALSE,FALSE,fewer than 100 total cases and cumulative incidence below 5/100k,NA,NA
permissive,AL,AL_wave_10,2020-11-29,2021-02-28,2021-03-28,FALSE,0.21753864962572475,0.13466678310163913,7,2020-11-22,0,0,14,18,13,26,0.8080586218871286,2,3,3,2,3,3,FALSE,FALSE,FALSE,FALSE,FALSE,1,FALSE,FALSE,FALSE,FALSE,too few nonzero raw incidence weeks; fewer than 30 raw cases,TRUE,FALSE,FALSE,FALSE,FALSE,FALSE,FALSE,FALSE,fewer than 100 total cases and cumulative incidence below 5/100k,NA,NA
permissive,AL,AL_wave_11,2021-04-18,2021-07-25,2021-10-10,FALSE,0.5593850990375779,0.7458467987167705,18,2021-03-28,0.010358983315510703,0.07692307692307693,6,26,14,326,10.131085682569466,8,20,36,4,6,8,FALSE,FALSE,FALSE,FALSE,FALSE,1,FALSE,FALSE,FALSE,FALSE,fewer than 30 raw cases,TRUE,TRUE,TRUE,TRUE,TRUE,TRUE,TRUE,TRUE,NA,4,TRUE
permissive,AL,AL_wave_12,2021-10-24,2021-11-07,2022-01-02,FALSE,1.3673857976474126,0.9737444316580061,44,2021-10-10,0.20717966631021406,0.27777777777777785,3,11,2,174,5.407356730389022,104,132,161,4,6,8,TRUE,TRUE,TRUE,TRUE,FALSE,1,FALSE,FALSE,FALSE,FALSE,NA,TRUE,TRUE,TRUE,FALSE,TRUE,TRUE,FALSE,TRUE,NA,5,TRUE
permissive,AL,AL_wave_13,2022-03-20,2022-06-26,2023-10-29,FALSE,21.470422550965843,20.041132482450028,691,2022-01-02,0.1346505029478569,0.1382811532165436,8,85,14,11206,348.18566100146444,265,638,1342,4,6,8,TRUE,TRUE,TRUE,FALSE,FALSE,8,FALSE,FALSE,TRUE,FALSE,NA,TRUE,TRUE,TRUE,TRUE,TRUE,TRUE,TRUE,TRUE,NA,6,TRUE
permissive,AL,AL_wave_14,2023-11-05,2024-02-25,2024-04-21,FALSE,0.6832077473274155,0.6107463195805685,22,2023-10-29,0.09320802446524226,0.15261332156574126,13,25,16,227,7.050010624054351,16,28,32,4,6,8,FALSE,FALSE,FALSE,FALSE,FALSE,7,FALSE,FALSE,TRUE,FALSE,fewer than 30 raw cases,TRUE,TRUE,TRUE,TRUE,TRUE,TRUE,FALSE,TRUE,NA,7,TRUE
permissive,AL,AL_wave_15,2025-03-16,2025-08-03,2025-12-28,FALSE,7.016785641545332,7.699835571253285,226,2024-04-21,0.22773591577580518,0.3728813559322034,2,42,20,3891,120.80669438607472,80,114,171,4,6,8,TRUE,TRUE,TRUE,FALSE,FALSE,3,FALSE,FALSE,TRUE,FALSE,NA,TRUE,TRUE,TRUE,TRUE,TRUE,TRUE,TRUE,TRUE,NA,8,TRUE
permissive,AM,AM_wave_01,2016-02-21,2016-07-03,2016-09-25,FALSE,0.07663684812058348,0.08515205346731497,3,2016-02-14,0,NA,NA,32,19,57,1.4561001142910863,2,4,5,2,4,5,FALSE,FALSE,FALSE,FALSE,FALSE,4,FALSE,FALSE,TRUE,FALSE,fewer than 30 raw cases,TRUE,TRUE,FALSE,FALSE,FALSE,FALSE,FALSE,FALSE,fewer than 100 total cases and cumulative incidence below 5/100k,NA,NA
permissive,AM,AM_wave_02,2016-10-02,2016-12-04,2017-09-17,FALSE,0.20436492832155598,0.19584972297482448,8,2016-09-25,0.008515205346731499,0.10000000000000002,3,51,9,128,3.241499440157122,6,9,15,2,4,6,FALSE,FALSE,FALSE,FALSE,FALSE,6,FALSE,FALSE,TRUE,FALSE,fewer than 30 raw cases,TRUE,TRUE,TRUE,FALSE,TRUE,FALSE,FALSE,FALSE,cumulative incidence below 5/100k,NA,NA
permissive,AM,AM_wave_03,2017-10-22,2017-11-26,2017-12-17,FALSE,0.02521221118151481,0.016808140787676538,1,2017-09-17,0,0,5,9,5,3,0.07563663354454442,1,2,3,1,2,3,FALSE,FALSE,FALSE,FALSE,FALSE,1,FALSE,FALSE,FALSE,FALSE,too few nonzero raw incidence weeks; fewer than 30 raw cases,TRUE,FALSE,FALSE,FALSE,FALSE,FALSE,FALSE,FALSE,fewer than 100 total cases and cumulative incidence below 5/100k,NA,NA
permissive,AM,AM_wave_04,2018-03-11,2018-03-25,2018-04-22,FALSE,0,0.008295004192709869,0,2017-12-17,0,0,12,7,2,2,0.049770025156259216,1,2,2,1,2,2,FALSE,FALSE,FALSE,TRUE,FALSE,1,FALSE,FALSE,FALSE,FALSE,too few nonzero raw incidence weeks; fewer than 30 raw cases,TRUE,FALSE,FALSE,FALSE,FALSE,FALSE,FALSE,FALSE,fewer than 100 total cases and cumulative incidence below 5/100k,NA,NA
permissive,AM,AM_wave_05,2018-07-01,2018-07-29,2018-08-19,FALSE,0.049770025156259216,0.024885012578129608,2,2018-04-22,0,0,10,8,4,4,0.09954005031251843,1,4,4,1,3,3,FALSE,FALSE,FALSE,FALSE,FALSE,1,FALSE,FALSE,FALSE,FALSE,too few nonzero raw incidence weeks; fewer than 30 raw cases,TRUE,FALSE,FALSE,FALSE,FALSE,FALSE,FALSE,FALSE,fewer than 100 total cases and cumulative incidence below 5/100k,NA,NA
permissive,AM,AM_wave_06,2018-09-16,2018-09-23,2018-10-07,FALSE,0.024885012578129608,0.008295004192709869,1,2018-08-19,0,0,4,4,1,1,0.024885012578129608,1,1,1,1,1,1,FALSE,FALSE,FALSE,TRUE,TRUE,1,FALSE,FALSE,FALSE,FALSE,too few nonzero raw incidence weeks; fewer than 30 raw cases; one week contains >=80% of early-window cases (backlog screen),TRUE,FALSE,FALSE,FALSE,FALSE,FALSE,FALSE,FALSE,fewer than 100 total cases and cumulative incidence below 5/100k,NA,NA
permissive,AM,AM_wave_07,2018-12-30,2019-03-17,2019-04-21,FALSE,0.12275119805169298,0.05728389242412339,5,2018-10-07,0,0,12,17,11,16,0.39280383376541755,2,2,6,1,1,3,FALSE,FALSE,FALSE,FALSE,TRUE,1,FALSE,FALSE,FALSE,FALSE,too few nonzero raw incidence weeks; fewer than 30 raw cases; one week contains >=80% of early-window cases (backlog screen),TRUE,FALSE,FALSE,FALSE,FALSE,FALSE,FALSE,FALSE,fewer than 100 total cases and cumulative incidence below 5/100k,NA,NA
permissive,AM,AM_wave_08,2019-04-28,2019-05-26,2019-07-14,FALSE,0.12275119805169298,0.1309346112551392,5,2019-04-21,0.0081834132034462,0.14285714285714288,3,12,4,28,0.6874067090894806,16,25,27,4,6,7,FALSE,FALSE,FALSE,FALSE,FALSE,1,FALSE,FALSE,FALSE,FALSE,fewer than 30 raw cases,TRUE,FALSE,FALSE,FALSE,FALSE,FALSE,FALSE,FALSE,fewer than 100 total cases and cumulative incidence below 5/100k,NA,NA
permissive,AM,AM_wave_09,2019-12-01,2019-12-15,2020-03-01,FALSE,0,0.0163668264068924,0,2019-07-14,0,0,20,14,2,4,0.09762972755600265,2,2,3,2,2,3,FALSE,FALSE,FALSE,TRUE,FALSE,2,FALSE,FALSE,TRUE,FALSE,too few nonzero raw incidence weeks; fewer than 30 raw cases,TRUE,FALSE,FALSE,FALSE,FALSE,FALSE,FALSE,FALSE,fewer than 100 total cases and cumulative incidence below 5/100k,NA,NA
permissive,AM,AM_wave_10,2020-03-29,2020-04-05,2020-04-19,FALSE,0.024264624167662726,0.008088208055887575,1,2020-03-01,0,0,4,4,1,1,0.024264624167662726,1,1,1,1,1,1,FALSE,FALSE,FALSE,TRUE,TRUE,1,FALSE,FALSE,FALSE,FALSE,too few nonzero raw incidence weeks; fewer than 30 raw cases; one week contains >=80% of early-window cases (backlog screen),TRUE,FALSE,FALSE,FALSE,FALSE,FALSE,FALSE,FALSE,fewer than 100 total cases and cumulative incidence below 5/100k,NA,NA
permissive,AM,AM_wave_11,2020-05-24,2020-07-19,2020-08-09,FALSE,0.024264624167662726,0.024264624167662726,1,2020-04-19,0,0,5,12,8,5,0.12132312083831363,1,2,2,1,2,2,FALSE,FALSE,FALSE,FALSE,FALSE,1,FALSE,FALSE,FALSE,FALSE,too few nonzero raw incidence weeks; fewer than 30 raw cases,TRUE,FALSE,FALSE,FALSE,FALSE,FALSE,FALSE,FALSE,fewer than 100 total cases and cumulative incidence below 5/100k,NA,NA
permissive,AM,AM_wave_12,2020-09-20,2020-09-27,2020-10-11,FALSE,0.024264624167662726,0.008088208055887575,1,2020-08-09,0,0,6,4,1,1,0.024264624167662726,1,1,1,1,1,1,FALSE,FALSE,FALSE,TRUE,TRUE,1,FALSE,FALSE,FALSE,FALSE,too few nonzero raw incidence weeks; fewer than 30 raw cases; one week contains >=80% of early-window cases (backlog screen),TRUE,FALSE,FALSE,FALSE,FALSE,FALSE,FALSE,FALSE,fewer than 100 total cases and cumulative incidence below 5/100k,NA,NA
permissive,AM,AM_wave_13,2020-12-13,2020-12-27,2021-02-07,FALSE,0,0.032126594474391555,0,2020-10-11,0,0,9,9,2,6,0.14445655626018264,4,5,6,2,3,4,FALSE,FALSE,FALSE,TRUE,FALSE,1,FALSE,FALSE,FALSE,FALSE,too few nonzero raw incidence weeks; fewer than 30 raw cases,TRUE,FALSE,FALSE,FALSE,FALSE,FALSE,FALSE,FALSE,fewer than 100 total cases and cumulative incidence below 5/100k,NA,NA
permissive,AM,AM_wave_14,2021-03-07,2021-06-06,2021-11-07,FALSE,0.16826870492952786,0.1842942958751972,7,2021-02-07,0,0,7,36,13,115,2.764414438127958,5,7,9,3,5,6,FALSE,FALSE,FALSE,FALSE,FALSE,4,FALSE,FALSE,TRUE,FALSE,fewer than 30 raw cases,TRUE,TRUE,TRUE,FALSE,TRUE,FALSE,FALSE,FALSE,cumulative incidence below 5/100k,NA,NA
permissive,AM,AM_wave_15,2022-01-30,2022-04-24,2022-07-03,FALSE,0.11905354337870623,0.33334992146037745,5,2021-11-07,0,0,27,23,12,121,2.881095749764691,13,21,34,3,5,7,FALSE,FALSE,FALSE,FALSE,FALSE,1,FALSE,FALSE,FALSE,FALSE,fewer than 30 raw cases,TRUE,TRUE,TRUE,FALSE,TRUE,FALSE,FALSE,FALSE,cumulative incidence below 5/100k,NA,NA
permissive,AM,AM_wave_16,2022-07-10,2022-07-24,2022-08-21,FALSE,0.047621417351482495,0.047621417351482495,2,2022-07-03,0.007936902891913749,0.16666666666666666,2,7,2,7,0.16667496073018873,6,7,7,3,4,4,FALSE,FALSE,FALSE,TRUE,FALSE,1,FALSE,FALSE,FALSE,FALSE,fewer than 30 raw cases,TRUE,FALSE,FALSE,FALSE,FALSE,FALSE,FALSE,FALSE,fewer than 100 total cases and cumulative incidence below 5/100k,NA,NA
permissive,AM,AM_wave_17,2022-08-28,2022-09-04,2022-10-16,FALSE,0.047621417351482495,0.031747611567654994,2,2022-08-21,0,0,2,8,1,7,0.16667496073018873,4,7,7,2,4,4,FALSE,FALSE,FALSE,TRUE,FALSE,1,FALSE,FALSE,FALSE,FALSE,fewer than 30 raw cases,TRUE,FALSE,FALSE,FALSE,FALSE,FALSE,FALSE,FALSE,fewer than 100 total cases and cumulative incidence below 5/100k,NA,NA
permissive,AM,AM_wave_18,2022-10-23,2022-11-13,2022-12-18,FALSE,0,0.023810708675741248,0,2022-10-16,0,0,2,9,3,5,0.11905354337870624,2,4,5,2,3,4,FALSE,FALSE,FALSE,TRUE,FALSE,2,FALSE,FALSE,TRUE,FALSE,too few nonzero raw incidence weeks; fewer than 30 raw cases,TRUE,FALSE,FALSE,FALSE,FALSE,FALSE,FALSE,FALSE,fewer than 100 total cases and cumulative incidence below 5/100k,NA,NA
permissive,AM,AM_wave_19,2023-01-01,2023-04-02,2023-10-29,FALSE,0.3301442187856305,0.22795672249484011,14,2022-12-18,0,0,6,44,13,188,4.4333652236927525,2,4,5,2,3,4,FALSE,FALSE,FALSE,FALSE,FALSE,4,FALSE,FALSE,TRUE,FALSE,too few nonzero raw incidence weeks; fewer than 30 raw cases,TRUE,TRUE,TRUE,FALSE,TRUE,FALSE,FALSE,FALSE,cumulative incidence below 5/100k,NA,NA
permissive,AM,AM_wave_20,2023-11-12,2024-01-21,2024-02-25,FALSE,0.023357887923715008,0.03892981320619168,1,2023-10-29,0.007860576637753108,0.20191662868043006,2,16,10,11,0.25783213511904235,2,4,4,2,3,3,FALSE,FALSE,FALSE,FALSE,FALSE,1,FALSE,FALSE,FALSE,FALSE,too few nonzero raw incidence weeks; fewer than 30 raw cases,TRUE,FALSE,FALSE,FALSE,FALSE,FALSE,FALSE,FALSE,fewer than 100 total cases and cumulative incidence below 5/100k,NA,NA
permissive,AM,AM_wave_21,2024-03-10,2024-03-17,2024-05-26,FALSE,0.023357887923715008,0.023357887923715008,1,2024-02-25,0,0,5,12,1,6,0.14014732754229003,3,3,4,2,2,3,FALSE,FALSE,FALSE,TRUE,FALSE,2,FALSE,FALSE,TRUE,FALSE,too few nonzero raw incidence weeks; fewer than 30 raw cases,TRUE,FALSE,FALSE,FALSE,FALSE,FALSE,FALSE,FALSE,fewer than 100 total cases and cumulative incidence below 5/100k,NA,NA
permissive,AM,AM_wave_22,2024-06-23,2024-06-30,2024-07-14,FALSE,0.023357887923715008,0.007785962641238336,1,2024-05-26,0,0,4,4,1,1,0.023357887923715008,1,1,2,1,1,2,FALSE,FALSE,FALSE,TRUE,TRUE,1,FALSE,FALSE,FALSE,FALSE,too few nonzero raw incidence weeks; fewer than 30 raw cases; one week contains >=80% of early-window cases (backlog screen),TRUE,FALSE,FALSE,FALSE,FALSE,FALSE,FALSE,FALSE,fewer than 100 total cases and cumulative incidence below 5/100k,NA,NA
permissive,AM,AM_wave_23,2024-08-04,2024-08-18,2024-10-06,FALSE,0.07007366377114502,0.038929813206191675,3,2024-07-14,0,0,3,10,2,11,0.25693676716086505,5,8,10,3,4,6,FALSE,FALSE,FALSE,TRUE,FALSE,2,FALSE,FALSE,TRUE,FALSE,fewer than 30 raw cases,TRUE,FALSE,FALSE,FALSE,FALSE,FALSE,FALSE,FALSE,fewer than 100 total cases and cumulative incidence below 5/100k,NA,NA
permissive,AM,AM_wave_24,2024-10-20,2024-11-24,2024-12-22,FALSE,0.07007366377114502,0.062287701129906684,3,2024-10-06,0.007785962641238336,0.20000000000000004,2,10,5,17,0.3970840947031551,6,12,17,4,6,8,FALSE,FALSE,FALSE,FALSE,FALSE,1,FALSE,FALSE,FALSE,FALSE,fewer than 30 raw cases,TRUE,FALSE,FALSE,FALSE,FALSE,FALSE,FALSE,FALSE,fewer than 100 total cases and cumulative incidence below 5/100k,NA,NA
permissive,AM,AM_wave_25,2024-12-29,2025-02-09,2025-05-04,FALSE,0.06941847679201484,0.19282910220004124,3,2024-12-22,0.015571925282476673,0.25000000000000006,2,19,6,80,1.8515961724398158,18,31,47,4,6,8,FALSE,TRUE,TRUE,FALSE,FALSE,3,FALSE,FALSE,TRUE,FALSE,NA,TRUE,TRUE,FALSE,FALSE,FALSE,FALSE,FALSE,FALSE,fewer than 100 total cases and cumulative incidence below 5/100k,NA,NA
permissive,AM,AM_wave_26,2025-05-11,2025-08-10,2025-12-28,FALSE,0.09255796905601979,0.10798429723202309,4,2025-05-04,0.030852656352006597,0.2857142857142857,2,34,13,82,1.8974383656484055,8,14,22,3,5,7,FALSE,FALSE,FALSE,FALSE,FALSE,3,FALSE,FALSE,TRUE,FALSE,fewer than 30 raw cases,TRUE,TRUE,FALSE,FALSE,FALSE,FALSE,FALSE,FALSE,fewer than 100 total cases and cumulative incidence below 5/100k,NA,NA
permissive,AP,AP_wave_01,2015-11-15,2015-11-22,2016-01-03,FALSE,0.13385984873837092,0.044619949579456974,1,2015-11-08,0,NA,NA,8,1,2,0.26771969747674185,1,2,2,1,2,2,FALSE,FALSE,FALSE,TRUE,FALSE,2,FALSE,FALSE,TRUE,FALSE,too few nonzero raw incidence weeks; fewer than 30 raw cases,TRUE,FALSE,FALSE,FALSE,FALSE,FALSE,FALSE,FALSE,fewer than 100 total cases and cumulative incidence below 5/100k,NA,NA
permissive,AP,AP_wave_02,2016-02-07,2016-02-14,2016-03-06,FALSE,0.26421894238441745,0.13210947119220873,2,2016-01-03,0,0,5,5,1,3,0.3963284135766262,3,3,4,2,2,3,FALSE,FALSE,FALSE,TRUE,FALSE,1,FALSE,FALSE,FALSE,FALSE,too few nonzero raw incidence weeks; fewer than 30 raw cases,TRUE,FALSE,FALSE,FALSE,FALSE,FALSE,FALSE,FALSE,fewer than 100 total cases and cumulative incidence below 5/100k,NA,NA
permissive,AP,AP_wave_03,2016-03-20,2016-08-07,2016-08-28,FALSE,1.1889852407298784,1.1009122599350727,9,2016-03-06,0,0,4,24,20,100,13.210947119220872,3,9,18,3,5,7,FALSE,FALSE,FALSE,FALSE,FALSE,3,FALSE,FALSE,TRUE,FALSE,fewer than 30 raw cases,TRUE,TRUE,TRUE,FALSE,TRUE,TRUE,TRUE,TRUE,NA,1,FALSE
permissive,AP,AP_wave_04,2016-09-04,2016-10-02,2017-01-15,FALSE,1.5853136543065045,1.36513120231949,12,2016-08-28,0.3082554327818203,0.27999999999999997,3,20,4,80,10.558357127648641,15,39,49,4,6,8,FALSE,TRUE,TRUE,FALSE,FALSE,2,FALSE,FALSE,TRUE,FALSE,NA,TRUE,TRUE,FALSE,FALSE,TRUE,TRUE,TRUE,FALSE,fewer than 100 total cases,NA,NA
permissive,AP,AP_wave_05,2017-01-29,2017-05-28,2017-10-01,FALSE,1.436860433827352,1.26269553275737,11,2017-01-15,0.08708245053499103,0.06896551724137931,16,36,17,190,24.818498402472443,11,20,32,4,6,8,FALSE,FALSE,FALSE,FALSE,FALSE,4,FALSE,FALSE,TRUE,FALSE,fewer than 30 raw cases,TRUE,TRUE,TRUE,FALSE,TRUE,TRUE,TRUE,TRUE,NA,2,TRUE
permissive,AP,AP_wave_06,2017-10-08,2018-01-28,2018-02-18,FALSE,0.5176090602289903,0.7332795019910695,4,2017-10-01,0.17416490106998206,0.2375150274855265,3,20,16,43,5.588725612366425,9,10,10,4,5,5,FALSE,FALSE,FALSE,FALSE,FALSE,2,FALSE,FALSE,TRUE,FALSE,fewer than 30 raw cases,TRUE,FALSE,FALSE,FALSE,TRUE,TRUE,FALSE,FALSE,fewer than 100 total cases,NA,NA
permissive,AP,AP_wave_07,2018-02-25,2018-04-15,2018-06-10,FALSE,1.2940226505724757,1.207754473867644,10,2018-02-18,0.2156704417620793,0.2941176470588236,2,16,7,83,10.740387999751547,14,24,44,4,6,8,FALSE,FALSE,TRUE,FALSE,FALSE,1,FALSE,FALSE,FALSE,FALSE,fewer than 30 raw cases,TRUE,TRUE,FALSE,FALSE,TRUE,TRUE,TRUE,FALSE,fewer than 100 total cases,NA,NA
permissive,AP,AP_wave_08,2018-06-24,2018-07-29,2019-01-13,FALSE,0.905815855400733,0.6901454136386537,7,2018-06-10,0.17253635340966345,0.25000000000000006,3,30,5,64,8.280635328964738,9,19,26,4,6,8,FALSE,FALSE,FALSE,FALSE,FALSE,4,FALSE,FALSE,TRUE,FALSE,fewer than 30 raw cases,TRUE,TRUE,FALSE,FALSE,TRUE,TRUE,FALSE,FALSE,fewer than 100 total cases,NA,NA
permissive,AP,AP_wave_09,2019-01-20,2019-03-17,2019-04-28,FALSE,0.5131705214325668,0.4276421011938057,4,2019-01-13,0.08552842023876113,0.19999999999999998,13,15,8,20,2.5658526071628343,5,7,11,4,6,7,FALSE,FALSE,FALSE,FALSE,FALSE,1,FALSE,FALSE,FALSE,FALSE,fewer than 30 raw cases,TRUE,FALSE,FALSE,FALSE,TRUE,FALSE,FALSE,FALSE,fewer than 100 total cases and cumulative incidence below 5/100k,NA,NA
permissive,AP,AP_wave_10,2019-06-09,2019-06-23,2019-08-11,FALSE,0,0.08552842023876113,0,2019-04-28,0,0,6,10,2,4,0.5131705214325668,2,2,4,2,2,4,FALSE,FALSE,FALSE,TRUE,FALSE,2,FALSE,FALSE,TRUE,FALSE,too few nonzero raw incidence weeks; fewer than 30 raw cases,TRUE,FALSE,FALSE,FALSE,FALSE,FALSE,FALSE,FALSE,fewer than 100 total cases and cumulative incidence below 5/100k,NA,NA
permissive,AP,AP_wave_11,2019-10-20,2019-10-27,2019-11-10,FALSE,0.1282926303581417,0.042764210119380565,1,2019-08-11,0,0,10,4,1,1,0.1282926303581417,1,1,1,1,1,1,FALSE,FALSE,FALSE,TRUE,TRUE,1,FALSE,FALSE,FALSE,FALSE,too few nonzero raw incidence weeks; fewer than 30 raw cases; one week contains >=80% of early-window cases (backlog screen),TRUE,FALSE,FALSE,FALSE,FALSE,FALSE,FALSE,FALSE,fewer than 100 total cases and cumulative incidence below 5/100k,NA,NA
permissive,AP,AP_wave_12,2019-12-22,2020-01-19,2020-03-01,FALSE,0.2546041986778404,0.1273020993389202,2,2019-11-10,0,0,6,11,4,6,0.7648031270527427,2,5,5,2,4,4,FALSE,FALSE,FALSE,FALSE,FALSE,1,FALSE,FALSE,FALSE,FALSE,fewer than 30 raw cases,TRUE,FALSE,FALSE,FALSE,FALSE,FALSE,FALSE,FALSE,fewer than 100 total cases and cumulative incidence below 5/100k,NA,NA
permissive,AP,AP_wave_13,2020-11-01,2020-11-08,2020-11-22,FALSE,0.2546041986778404,0.0848680662259468,2,2020-03-01,0,0,35,4,1,2,0.2546041986778404,2,2,2,1,1,1,FALSE,FALSE,FALSE,TRUE,TRUE,1,FALSE,FALSE,FALSE,FALSE,too few nonzero raw incidence weeks; fewer than 30 raw cases; one week contains >=80% of early-window cases (backlog screen),TRUE,FALSE,FALSE,FALSE,FALSE,FALSE,FALSE,FALSE,fewer than 100 total cases and cumulative incidence below 5/100k,NA,NA
permissive,AP,AP_wave_14,2020-12-27,2021-01-10,2021-02-07,FALSE,0.25288574242828477,0.2107381186902373,2,2020-11-22,0,0,5,7,2,6,0.7586572272848543,5,6,6,3,4,4,FALSE,FALSE,FALSE,TRUE,FALSE,1,FALSE,FALSE,FALSE,FALSE,fewer than 30 raw cases,TRUE,FALSE,FALSE,FALSE,FALSE,FALSE,FALSE,FALSE,fewer than 100 total cases and cumulative incidence below 5/100k,NA,NA
permissive,AP,AP_wave_15,2021-02-14,2021-04-11,2021-05-02,FALSE,0.12644287121414238,0.2107381186902373,1,2021-02-07,0,0,4,12,8,11,1.3908715833555663,4,5,7,2,3,5,FALSE,FALSE,FALSE,FALSE,FALSE,2,FALSE,FALSE,TRUE,FALSE,too few nonzero raw incidence weeks; fewer than 30 raw cases,TRUE,FALSE,FALSE,FALSE,FALSE,FALSE,FALSE,FALSE,fewer than 100 total cases and cumulative incidence below 5/100k,NA,NA
permissive,AP,AP_wave_16,2021-05-16,2021-08-01,2021-10-10,FALSE,0.8851000984989966,1.1379858409272814,7,2021-05-02,0.04214762373804746,0.19999999999999998,3,22,11,57,7.2072436592061155,5,8,11,3,5,7,FALSE,FALSE,FALSE,FALSE,FALSE,2,FALSE,FALSE,TRUE,FALSE,fewer than 30 raw cases,TRUE,TRUE,FALSE,FALSE,TRUE,TRUE,FALSE,FALSE,fewer than 100 total cases,NA,NA
permissive,AP,AP_wave_17,2021-12-12,2022-03-13,2022-03-27,FALSE,0.3771416933913461,0.12571389779711536,3,2021-10-10,0,0,11,16,13,9,1.1321540535910652,2,3,4,2,3,4,FALSE,FALSE,FALSE,FALSE,FALSE,2,FALSE,FALSE,TRUE,FALSE,too few nonzero raw incidence weeks; fewer than 30 raw cases,TRUE,FALSE,FALSE,FALSE,FALSE,FALSE,FALSE,FALSE,fewer than 100 total cases and cumulative incidence below 5/100k,NA,NA
permissive,AP,AP_wave_18,2022-04-17,2022-05-15,2022-07-24,FALSE,0.25142779559423073,0.2933324281932692,2,2022-03-27,0,0,5,15,4,16,2.011422364753846,4,8,10,2,4,5,FALSE,FALSE,FALSE,FALSE,FALSE,1,FALSE,FALSE,FALSE,FALSE,fewer than 30 raw cases,TRUE,FALSE,FALSE,FALSE,TRUE,FALSE,FALSE,FALSE,fewer than 100 total cases and cumulative incidence below 5/100k,NA,NA
permissive,AP,AP_wave_19,2022-11-20,2022-11-27,2022-12-11,FALSE,0.12571389779711536,0.041904632599038455,1,2022-07-24,0,0,17,4,1,1,0.12571389779711536,1,1,1,1,1,1,FALSE,FALSE,FALSE,TRUE,TRUE,1,FALSE,FALSE,FALSE,FALSE,too few nonzero raw incidence weeks; fewer than 30 raw cases; one week contains >=80% of early-window cases (backlog screen),TRUE,FALSE,FALSE,FALSE,FALSE,FALSE,FALSE,FALSE,fewer than 100 total cases and cumulative incidence below 5/100k,NA,NA
permissive,AP,AP_wave_20,2023-01-15,2023-01-22,2023-02-05,FALSE,0.12513702504242144,0.04171234168080715,1,2022-12-11,0,0,5,4,1,1,0.12513702504242144,1,1,3,1,1,3,FALSE,FALSE,FALSE,TRUE,TRUE,1,FALSE,FALSE,FALSE,FALSE,too few nonzero raw incidence weeks; fewer than 30 raw cases; one week contains >=80% of early-window cases (backlog screen),TRUE,FALSE,FALSE,FALSE,FALSE,FALSE,FALSE,FALSE,fewer than 100 total cases and cumulative incidence below 5/100k,NA,NA
permissive,AP,AP_wave_21,2023-02-19,2023-02-26,2023-03-19,FALSE,0.12513702504242144,0.0834246833616143,1,2023-02-05,0,0,2,5,1,2,0.2502740500848429,2,2,2,2,2,2,FALSE,FALSE,FALSE,TRUE,FALSE,1,FALSE,FALSE,FALSE,FALSE,too few nonzero raw incidence weeks; fewer than 30 raw cases,TRUE,FALSE,FALSE,FALSE,FALSE,FALSE,FALSE,FALSE,fewer than 100 total cases and cumulative incidence below 5/100k,NA,NA
permissive,AP,AP_wave_22,2023-04-16,2023-05-14,2023-07-09,FALSE,0.12513702504242144,0.20856170840403573,1,2023-03-19,0,0,4,13,4,8,1.0010962003393715,3,6,7,2,4,5,FALSE,FALSE,FALSE,FALSE,FALSE,1,FALSE,FALSE,FALSE,FALSE,fewer than 30 raw cases,TRUE,FALSE,FALSE,FALSE,FALSE,FALSE,FALSE,FALSE,fewer than 100 total cases and cumulative incidence below 5/100k,NA,NA
permissive,AP,AP_wave_23,2023-07-16,2023-07-30,2023-08-27,FALSE,0.12513702504242144,0.1668493667232286,1,2023-07-09,0,0,6,7,2,5,0.6256851252121072,4,5,5,3,4,4,FALSE,FALSE,FALSE,TRUE,FALSE,1,FALSE,FALSE,FALSE,FALSE,fewer than 30 raw cases,TRUE,FALSE,FALSE,FALSE,FALSE,FALSE,FALSE,FALSE,fewer than 100 total cases and cumulative incidence below 5/100k,NA,NA
permissive,AP,AP_wave_24,2023-09-03,2024-02-25,2024-06-30,FALSE,3.363073699891759,2.698762845592152,27,2023-08-27,0,0,2,44,25,217,27.043616380846377,5,8,10,3,4,6,FALSE,FALSE,FALSE,FALSE,FALSE,6,FALSE,FALSE,TRUE,FALSE,fewer than 30 raw cases,TRUE,TRUE,TRUE,TRUE,TRUE,TRUE,TRUE,TRUE,NA,3,TRUE
permissive,AP,AP_wave_25,2024-07-14,2024-07-28,2024-12-15,FALSE,1.3701411369929388,0.9549468530556846,11,2024-06-30,0.20759714196862708,0.21739130434782608,5,23,2,46,5.729681118334108,24,27,31,4,5,6,TRUE,FALSE,FALSE,TRUE,FALSE,3,FALSE,FALSE,TRUE,FALSE,fewer than 30 raw cases,TRUE,FALSE,FALSE,FALSE,TRUE,TRUE,FALSE,FALSE,fewer than 100 total cases,NA,NA
permissive,AP,AP_wave_26,2024-12-22,2025-03-02,2025-04-27,FALSE,0.495959787580423,0.37196984068531724,4,2024-12-15,0,0,10,19,10,36,4.464774764795948,5,11,17,3,5,7,FALSE,FALSE,FALSE,FALSE,FALSE,4,FALSE,FALSE,TRUE,FALSE,fewer than 30 raw cases,TRUE,FALSE,FALSE,FALSE,TRUE,FALSE,FALSE,FALSE,fewer than 100 total cases and cumulative incidence below 5/100k,NA,NA
permissive,AP,AP_wave_27,2025-05-18,2025-08-10,2025-10-19,FALSE,0.12398994689510574,0.2479798937902115,1,2025-04-27,0,0,9,23,12,22,2.7277788316923264,2,3,5,2,3,4,FALSE,FALSE,FALSE,FALSE,FALSE,3,FALSE,FALSE,TRUE,FALSE,too few nonzero raw incidence weeks; fewer than 30 raw cases,TRUE,FALSE,FALSE,FALSE,TRUE,FALSE,FALSE,FALSE,fewer than 100 total cases and cumulative incidence below 5/100k,NA,NA
permissive,AP,AP_wave_28,2025-11-16,2025-11-23,2025-12-21,FALSE,0.12398994689510574,0.12398994689510574,1,2025-10-19,0,0,5,6,1,3,0.37196984068531724,3,3,NA,2,2,NA,FALSE,FALSE,FALSE,TRUE,FALSE,1,FALSE,FALSE,FALSE,FALSE,too few nonzero raw incidence weeks; fewer than 30 raw cases,TRUE,FALSE,FALSE,FALSE,FALSE,FALSE,FALSE,FALSE,fewer than 100 total cases and cumulative incidence below 5/100k,NA,NA
permissive,BA,BA_wave_01,2015-03-22,2015-08-02,2015-08-23,FALSE,0.1174808214286677,0.09444536624657598,17,2015-03-15,0.00460709103641834,NA,NA,23,19,142,0.9813103907571066,9,16,20,4,6,8,FALSE,FALSE,FALSE,FALSE,FALSE,4,FALSE,FALSE,TRUE,FALSE,fewer than 30 raw cases,TRUE,TRUE,TRUE,FALSE,FALSE,FALSE,FALSE,FALSE,cumulative incidence below 5/100k,NA,NA
permissive,BA,BA_wave_02,2015-08-30,2015-11-08,2015-12-06,FALSE,0.07601700210090262,0.057588637955229255,11,2015-08-23,0.01842836414567336,0.32,2,15,10,83,0.5735828340340834,16,25,37,4,6,8,FALSE,FALSE,FALSE,FALSE,FALSE,1,FALSE,FALSE,FALSE,FALSE,fewer than 30 raw cases,TRUE,TRUE,FALSE,FALSE,FALSE,FALSE,FALSE,FALSE,fewer than 100 total cases and cumulative incidence below 5/100k,NA,NA
permissive,BA,BA_wave_03,2016-01-03,2016-03-06,2016-04-24,FALSE,3.4624999552559643,3.5841119483829136,503,2015-12-06,0.020731909663882532,0.36,2,17,9,3609,24.843265086518443,94,238,478,4,6,8,TRUE,TRUE,TRUE,FALSE,FALSE,1,FALSE,FALSE,FALSE,FALSE,NA,TRUE,TRUE,TRUE,TRUE,TRUE,TRUE,TRUE,TRUE,NA,1,FALSE
permissive,BA,BA_wave_04,2016-05-01,2016-05-15,2016-08-28,FALSE,2.615805135183433,2.434534428447037,380,2016-04-24,0.8834078746014224,0.3628652214891611,2,18,2,2319,15.963295022343106,1214,1723,1944,4,6,8,TRUE,TRUE,TRUE,TRUE,FALSE,2,FALSE,FALSE,TRUE,FALSE,NA,TRUE,TRUE,TRUE,TRUE,TRUE,TRUE,TRUE,TRUE,NA,2,TRUE
permissive,BA,BA_wave_05,2016-10-02,2017-01-22,2017-10-22,FALSE,2.414482725885148,2.5539556863766197,352,2016-08-28,0.10555003177055956,0.04335532516493873,28,56,16,6710,46.03899401531476,123,201,272,4,6,8,TRUE,TRUE,TRUE,FALSE,FALSE,2,FALSE,FALSE,TRUE,FALSE,NA,TRUE,TRUE,TRUE,TRUE,TRUE,TRUE,TRUE,TRUE,NA,3,TRUE
permissive,BA,BA_wave_06,2017-11-05,2018-05-27,2018-07-08,FALSE,1.0251046768555694,1.1412832068992005,150,2017-10-22,0.0342966296290504,0.030050936894298417,30,36,29,2685,18.352889685516132,69,92,113,4,6,8,TRUE,TRUE,TRUE,FALSE,FALSE,6,FALSE,FALSE,TRUE,FALSE,NA,TRUE,TRUE,TRUE,TRUE,TRUE,TRUE,TRUE,TRUE,NA,4,TRUE
permissive,BA,BA_wave_07,2018-07-22,2019-05-26,2019-12-15,FALSE,2.4569104861075663,2.5499237178069296,361,2018-07-08,0.3918177875981287,0.343313373253493,3,74,44,6447,43.89592084928365,317,429,494,4,6,8,TRUE,TRUE,TRUE,FALSE,FALSE,3,FALSE,FALSE,TRUE,FALSE,NA,TRUE,TRUE,TRUE,TRUE,TRUE,TRUE,TRUE,TRUE,NA,5,TRUE
permissive,BA,BA_wave_08,2020-01-05,2020-05-17,2020-12-20,FALSE,7.994005648419292,8.079889791659307,1179,2019-12-15,0.3085316953930093,0.12099644128113879,25,51,19,18936,128.3922739257572,408,770,1176,4,6,8,TRUE,TRUE,TRUE,FALSE,FALSE,2,FALSE,FALSE,TRUE,FALSE,NA,TRUE,TRUE,TRUE,TRUE,TRUE,TRUE,TRUE,TRUE,NA,6,TRUE
permissive,BA,BA_wave_09,2020-12-27,2021-03-14,2021-10-24,FALSE,5.612556438312257,5.2248617767099645,830,2020-12-20,0.1039650155010708,0.019898137011872565,28,44,11,9557,64.62574475485854,397,834,1426,4,6,8,TRUE,TRUE,TRUE,FALSE,FALSE,1,FALSE,FALSE,FALSE,FALSE,NA,TRUE,TRUE,TRUE,TRUE,TRUE,TRUE,TRUE,TRUE,NA,7,TRUE
permissive,BA,BA_wave_10,2021-11-21,2022-03-06,2022-10-02,FALSE,6.839354632285441,6.107933027977191,1013,2021-10-24,0.08565347174934368,0.01639344262295082,36,46,15,13987,94.43951405746138,287,485,942,4,6,8,TRUE,TRUE,TRUE,FALSE,FALSE,3,FALSE,FALSE,TRUE,FALSE,NA,TRUE,TRUE,TRUE,TRUE,TRUE,TRUE,TRUE,TRUE,NA,8,TRUE
permissive,BA,BA_wave_11,2022-10-16,2023-05-07,2023-12-24,FALSE,2.92673597591067,3.003163797094205,434,2022-10-02,0.16878960099421125,0.0562039277236654,26,63,29,12747,85.96957738962342,161,307,614,4,6,8,TRUE,TRUE,TRUE,FALSE,FALSE,5,FALSE,FALSE,TRUE,FALSE,NA,TRUE,TRUE,TRUE,TRUE,TRUE,TRUE,TRUE,TRUE,NA,9,TRUE
permissive,BA,BA_wave_12,2024-01-07,2024-03-10,2024-09-29,FALSE,9.669699625864776,9.431772940548697,1436,2023-12-24,0.1416162568989034,0.047155688622754495,29,39,9,13009,87.59966743236411,360,870,2414,4,6,8,TRUE,TRUE,TRUE,FALSE,FALSE,2,FALSE,FALSE,TRUE,FALSE,NA,TRUE,TRUE,TRUE,TRUE,TRUE,TRUE,TRUE,TRUE,NA,10,TRUE
permissive,BA,BA_wave_13,2024-10-06,2025-03-23,2025-08-10,FALSE,0.4370950608459861,0.42140446891818145,65,2024-09-29,0.15936598733435448,0.37817820903388777,2,45,24,1674,11.260415847512501,111,174,268,4,6,8,TRUE,TRUE,TRUE,FALSE,FALSE,5,FALSE,FALSE,TRUE,FALSE,NA,TRUE,TRUE,TRUE,TRUE,TRUE,TRUE,TRUE,TRUE,NA,11,TRUE
permissive,CE,CE_wave_01,2015-02-22,2015-04-19,2015-06-28,FALSE,0.022685464447453545,0.022685464447453545,2,2015-02-15,0,NA,NA,19,8,20,0.22685464447453546,5,7,9,3,5,7,FALSE,FALSE,FALSE,FALSE,FALSE,3,FALSE,FALSE,TRUE,FALSE,fewer than 30 raw cases,TRUE,FALSE,FALSE,FALSE,FALSE,FALSE,FALSE,FALSE,fewer than 100 total cases and cumulative incidence below 5/100k,NA,NA
permissive,CE,CE_wave_02,2016-02-28,2016-05-29,2016-12-18,FALSE,25.19959635566052,23.580480966678756,2236,2015-06-28,0,0,28,43,13,30684,345.8069832634559,466,1050,2213,4,6,8,TRUE,TRUE,TRUE,FALSE,FALSE,3,FALSE,FALSE,TRUE,FALSE,NA,TRUE,TRUE,TRUE,TRUE,TRUE,TRUE,TRUE,TRUE,NA,1,FALSE
permissive,CE,CE_wave_03,2017-01-22,2017-04-23,2018-07-01,FALSE,97.28620566317323,107.92770147575024,8682,2016-12-18,1.483876052547094,0.06292815039031384,30,76,13,107762,1207.4523529561145,1999,4266,9424,4,6,8,TRUE,TRUE,TRUE,FALSE,FALSE,8,FALSE,FALSE,TRUE,FALSE,NA,TRUE,TRUE,TRUE,TRUE,TRUE,TRUE,TRUE,TRUE,NA,2,TRUE
permissive,CE,CE_wave_04,2018-07-08,2019-04-28,2019-07-21,FALSE,0.6529704455615772,0.6455922484365877,59,2018-07-01,0.23765419858473955,0.36811811040213066,2,55,42,1293,14.331982275012221,80,114,142,4,6,8,TRUE,TRUE,TRUE,FALSE,FALSE,4,FALSE,FALSE,TRUE,FALSE,NA,TRUE,TRUE,TRUE,TRUE,TRUE,TRUE,TRUE,TRUE,NA,3,TRUE
permissive,CE,CE_wave_05,2019-07-28,2020-08-02,2020-12-20,FALSE,0.429093460846707,0.40342120250545105,39,2019-07-21,0.1364966468123071,0.3383477268041279,5,74,53,1222,13.458622182777681,66,88,103,4,6,8,TRUE,TRUE,TRUE,FALSE,FALSE,4,FALSE,TRUE,TRUE,FALSE,NA,TRUE,TRUE,TRUE,TRUE,TRUE,TRUE,TRUE,TRUE,NA,4,TRUE
permissive,CE,CE_wave_06,2021-01-03,2021-07-18,2021-09-19,FALSE,0.4381391354638579,0.4417902949260567,40,2020-12-20,0.03667465477322282,0.0909090909090909,24,38,28,812,8.894224449916315,26,51,71,4,6,8,TRUE,TRUE,TRUE,FALSE,FALSE,3,FALSE,FALSE,TRUE,FALSE,NA,TRUE,TRUE,TRUE,TRUE,TRUE,TRUE,FALSE,TRUE,NA,5,TRUE
permissive,CE,CE_wave_07,2022-01-16,2022-05-15,2022-12-18,FALSE,38.42646831726228,36.23285282968212,3521,2021-09-19,0.13144174063915737,0.2975206611570248,3,49,17,50856,555.017458887444,962,2170,4732,4,6,8,TRUE,TRUE,TRUE,FALSE,FALSE,2,FALSE,FALSE,TRUE,FALSE,NA,TRUE,TRUE,TRUE,TRUE,TRUE,TRUE,TRUE,TRUE,NA,6,TRUE
permissive,CE,CE_wave_08,2022-12-25,2023-03-05,2023-12-17,FALSE,1.0982233573188214,1.051104863440456,101,2022-12-18,0.2655620739524895,0.2526504092876679,7,52,10,2017,21.93228677492706,116,200,344,4,6,8,TRUE,TRUE,TRUE,FALSE,FALSE,3,FALSE,FALSE,TRUE,FALSE,NA,TRUE,TRUE,TRUE,TRUE,TRUE,TRUE,TRUE,TRUE,NA,7,TRUE
permissive,CE,CE_wave_09,2023-12-24,2024-04-07,2024-12-15,FALSE,0.6931165726771714,0.5884270903457237,64,2023-12-17,0.03986949482015523,0.06775604909136722,26,52,15,893,9.671621251667734,33,62,107,4,6,8,TRUE,TRUE,TRUE,FALSE,FALSE,5,FALSE,FALSE,TRUE,FALSE,NA,TRUE,TRUE,TRUE,TRUE,TRUE,TRUE,FALSE,TRUE,NA,8,TRUE
permissive,CE,CE_wave_10,2024-12-22,2025-05-04,2025-07-20,FALSE,0.4315536492392356,0.4639201729321783,40,2024-12-15,0.021659892896161607,0.04668883605397371,40,31,19,537,5.793936582773537,15,26,43,3,5,7,FALSE,FALSE,TRUE,FALSE,FALSE,4,FALSE,FALSE,TRUE,FALSE,fewer than 30 raw cases,TRUE,TRUE,TRUE,TRUE,TRUE,TRUE,FALSE,TRUE,NA,9,TRUE
permissive,DF,DF_wave_01,2016-01-03,2016-03-20,2016-07-17,FALSE,0.10624847267820525,0.16527540194387483,3,2015-12-27,0,NA,NA,29,11,59,2.0895532960047034,1,2,3,1,2,3,FALSE,FALSE,FALSE,FALSE,FALSE,2,FALSE,FALSE,TRUE,FALSE,too few nonzero raw incidence weeks; fewer than 30 raw cases,TRUE,TRUE,FALSE,FALSE,TRUE,FALSE,FALSE,FALSE,fewer than 100 total cases and cumulative incidence below 5/100k,NA,NA
permissive,DF,DF_wave_02,2016-09-11,2016-09-18,2016-10-02,FALSE,0.0708323151188035,0.023610771706267835,2,2016-07-17,0,0,8,4,1,2,0.0708323151188035,2,2,3,1,1,2,FALSE,FALSE,FALSE,TRUE,TRUE,1,FALSE,FALSE,FALSE,FALSE,too few nonzero raw incidence weeks; fewer than 30 raw cases; one week contains >=80% of early-window cases (backlog screen),TRUE,FALSE,FALSE,FALSE,FALSE,FALSE,FALSE,FALSE,fewer than 100 total cases and cumulative incidence below 5/100k,NA,NA
permissive,DF,DF_wave_03,2016-10-16,2016-10-30,2016-11-20,FALSE,0,0.023610771706267835,0,2016-10-02,0,0,2,6,2,2,0.0708323151188035,2,2,2,2,2,2,FALSE,FALSE,FALSE,TRUE,FALSE,1,FALSE,FALSE,FALSE,FALSE,too few nonzero raw incidence weeks; fewer than 30 raw cases,TRUE,FALSE,FALSE,FALSE,FALSE,FALSE,FALSE,FALSE,fewer than 100 total cases and cumulative incidence below 5/100k,NA,NA
permissive,DF,DF_wave_04,2016-12-18,2017-01-01,2017-02-12,FALSE,0.10525156175775721,0.08219462945173829,3,2016-11-20,0,0,4,9,2,13,0.4570870118707293,7,10,13,3,4,6,FALSE,FALSE,FALSE,TRUE,FALSE,2,FALSE,FALSE,TRUE,FALSE,fewer than 30 raw cases,TRUE,FALSE,FALSE,FALSE,FALSE,FALSE,FALSE,FALSE,fewer than 100 total cases and cumulative incidence below 5/100k,NA,NA
permissive,DF,DF_wave_05,2017-02-19,2017-03-12,2017-04-02,FALSE,0.03508385391925241,0.07016770783850482,1,2017-02-12,0.011694617973084137,0.16666666666666669,2,7,3,8,0.28067083135401927,4,8,8,3,4,4,FALSE,FALSE,FALSE,TRUE,FALSE,1,FALSE,FALSE,FALSE,FALSE,fewer than 30 raw cases,TRUE,FALSE,FALSE,FALSE,FALSE,FALSE,FALSE,FALSE,fewer than 100 total cases and cumulative incidence below 5/100k,NA,NA
permissive,DF,DF_wave_06,2017-04-09,2017-04-23,2017-05-07,FALSE,0.10525156175775721,0.05847308986542068,3,2017-04-02,0,0,2,5,2,6,0.21050312351551442,5,6,8,3,4,6,FALSE,FALSE,FALSE,TRUE,FALSE,2,FALSE,FALSE,TRUE,FALSE,fewer than 30 raw cases,TRUE,FALSE,FALSE,FALSE,FALSE,FALSE,FALSE,FALSE,fewer than 100 total cases and cumulative incidence below 5/100k,NA,NA
permissive,DF,DF_wave_07,2017-06-04,2017-07-16,2017-08-06,FALSE,0.07016770783850482,0.05847308986542068,2,2017-05-07,0.023389235946168273,0.4,4,10,6,11,0.38592239311177645,4,6,11,2,3,5,FALSE,FALSE,FALSE,FALSE,FALSE,1,FALSE,FALSE,FALSE,FALSE,too few nonzero raw incidence weeks; fewer than 30 raw cases,TRUE,FALSE,FALSE,FALSE,FALSE,FALSE,FALSE,FALSE,fewer than 100 total cases and cumulative incidence below 5/100k,NA,NA
permissive,DF,DF_wave_08,2017-09-24,2017-10-01,2017-10-15,FALSE,0.07016770783850482,0.023389235946168273,2,2017-08-06,0,0,7,4,1,2,0.07016770783850482,2,2,2,1,1,1,FALSE,FALSE,FALSE,TRUE,TRUE,1,FALSE,FALSE,FALSE,FALSE,too few nonzero raw incidence weeks; fewer than 30 raw cases; one week contains >=80% of early-window cases (backlog screen),TRUE,FALSE,FALSE,FALSE,FALSE,FALSE,FALSE,FALSE,fewer than 100 total cases and cumulative incidence below 5/100k,NA,NA
permissive,DF,DF_wave_09,2017-11-12,2017-11-19,2017-12-03,FALSE,0.03508385391925241,0.011694617973084137,1,2017-10-15,0,0,4,4,1,1,0.03508385391925241,1,1,1,1,1,1,FALSE,FALSE,FALSE,TRUE,TRUE,1,FALSE,FALSE,FALSE,FALSE,too few nonzero raw incidence weeks; fewer than 30 raw cases; one week contains >=80% of early-window cases (backlog screen),TRUE,FALSE,FALSE,FALSE,FALSE,FALSE,FALSE,FALSE,fewer than 100 total cases and cumulative incidence below 5/100k,NA,NA
permissive,DF,DF_wave_10,2018-02-11,2018-02-18,2018-06-10,FALSE,0.06955522563193531,0.0231850752106451,2,2017-12-03,0,0,10,18,1,8,0.27822090252774123,2,4,4,1,3,3,FALSE,FALSE,FALSE,TRUE,FALSE,3,FALSE,FALSE,TRUE,FALSE,too few nonzero raw incidence weeks; fewer than 30 raw cases,TRUE,FALSE,FALSE,FALSE,FALSE,FALSE,FALSE,FALSE,fewer than 100 total cases and cumulative incidence below 5/100k,NA,NA
permissive,DF,DF_wave_11,2018-08-05,2018-08-12,2018-08-26,FALSE,0.034777612815967654,0.01159253760532255,1,2018-06-10,0,0,8,4,1,1,0.034777612815967654,1,1,1,1,1,1,FALSE,FALSE,FALSE,TRUE,TRUE,1,FALSE,FALSE,FALSE,FALSE,too few nonzero raw incidence weeks; fewer than 30 raw cases; one week contains >=80% of early-window cases (backlog screen),TRUE,FALSE,FALSE,FALSE,FALSE,FALSE,FALSE,FALSE,fewer than 100 total cases and cumulative incidence below 5/100k,NA,NA
permissive,DF,DF_wave_12,2018-12-09,2019-01-06,2019-02-03,FALSE,0.0344862310274,0.03458335829025588,1,2018-08-26,0,0,15,9,4,5,0.1730139187141353,2,4,5,2,4,5,FALSE,FALSE,FALSE,FALSE,FALSE,1,FALSE,FALSE,FALSE,FALSE,fewer than 30 raw cases,TRUE,FALSE,FALSE,FALSE,FALSE,FALSE,FALSE,FALSE,fewer than 100 total cases and cumulative incidence below 5/100k,NA,NA
permissive,DF,DF_wave_13,2019-02-17,2019-06-02,2019-06-30,FALSE,0.2758898482192,0.19542197582193332,8,2019-02-03,0,0,3,20,15,30,1.034586930822,2,3,6,1,2,4,FALSE,FALSE,FALSE,FALSE,FALSE,3,FALSE,FALSE,TRUE,FALSE,too few nonzero raw incidence weeks; fewer than 30 raw cases,TRUE,FALSE,FALSE,FALSE,FALSE,FALSE,FALSE,FALSE,fewer than 100 total cases and cumulative incidence below 5/100k,NA,NA
permissive,DF,DF_wave_14,2019-07-07,2019-07-21,2019-08-11,FALSE,0.0344862310274,0.04598164136986666,1,2019-06-30,0,0,2,6,2,4,0.1379449241096,4,4,4,3,3,3,FALSE,FALSE,FALSE,TRUE,FALSE,1,FALSE,FALSE,FALSE,FALSE,too few nonzero raw incidence weeks; fewer than 30 raw cases,TRUE,FALSE,FALSE,FALSE,FALSE,FALSE,FALSE,FALSE,fewer than 100 total cases and cumulative incidence below 5/100k,NA,NA
permissive,DF,DF_wave_15,2019-08-25,2019-09-01,2019-09-15,FALSE,0.0344862310274,0.011495410342466665,1,2019-08-11,0,0,2,4,1,1,0.0344862310274,1,1,2,1,1,2,FALSE,FALSE,FALSE,TRUE,TRUE,1,FALSE,FALSE,FALSE,FALSE,too few nonzero raw incidence weeks; fewer than 30 raw cases; one week contains >=80% of early-window cases (backlog screen),TRUE,FALSE,FALSE,FALSE,FALSE,FALSE,FALSE,FALSE,fewer than 100 total cases and cumulative incidence below 5/100k,NA,NA
permissive,DF,DF_wave_16,2019-09-29,2019-10-13,2019-11-03,FALSE,0,0.02299082068493333,0,2019-09-15,0,0,2,6,2,2,0.0689724620548,2,2,2,2,2,2,FALSE,FALSE,FALSE,TRUE,FALSE,1,FALSE,FALSE,FALSE,FALSE,too few nonzero raw incidence weeks; fewer than 30 raw cases,TRUE,FALSE,FALSE,FALSE,FALSE,FALSE,FALSE,FALSE,fewer than 100 total cases and cumulative incidence below 5/100k,NA,NA
permissive,DF,DF_wave_17,2020-01-19,2020-01-26,2020-02-09,FALSE,0.03422996443164396,0.01140998814388132,1,2019-11-03,0,0,11,4,1,1,0.03422996443164396,1,1,4,1,1,3,FALSE,FALSE,FALSE,TRUE,TRUE,1,FALSE,FALSE,FALSE,FALSE,too few nonzero raw incidence weeks; fewer than 30 raw cases; one week contains >=80% of early-window cases (backlog screen),TRUE,FALSE,FALSE,FALSE,FALSE,FALSE,FALSE,FALSE,fewer than 100 total cases and cumulative incidence below 5/100k,NA,NA
permissive,DF,DF_wave_18,2020-02-23,2020-04-26,2020-06-21,FALSE,0.06845992886328792,0.14832984587045717,2,2020-02-09,0,0,2,18,9,28,0.9584390040860309,4,6,8,3,4,6,FALSE,FALSE,FALSE,FALSE,FALSE,2,FALSE,FALSE,TRUE,FALSE,fewer than 30 raw cases,TRUE,FALSE,FALSE,FALSE,FALSE,FALSE,FALSE,FALSE,fewer than 100 total cases and cumulative incidence below 5/100k,NA,NA
permissive,DF,DF_wave_19,2020-07-05,2020-07-19,2020-08-02,FALSE,0.10268989329493187,0.06845992886328792,3,2020-06-21,0,0,3,5,2,6,0.20537978658986375,6,6,11,3,3,5,FALSE,FALSE,FALSE,TRUE,FALSE,1,FALSE,FALSE,FALSE,FALSE,too few nonzero raw incidence weeks; fewer than 30 raw cases,TRUE,FALSE,FALSE,FALSE,FALSE,FALSE,FALSE,FALSE,fewer than 100 total cases and cumulative incidence below 5/100k,NA,NA
permissive,DF,DF_wave_20,2020-08-09,2020-08-23,2020-09-06,FALSE,0.10268989329493187,0.07986991700716924,3,2020-08-02,0.01140998814388132,0.16666666666666666,2,5,2,7,0.23960975102150772,7,7,12,3,3,5,FALSE,FALSE,FALSE,TRUE,FALSE,1,FALSE,FALSE,FALSE,FALSE,too few nonzero raw incidence weeks; fewer than 30 raw cases,TRUE,FALSE,FALSE,FALSE,FALSE,FALSE,FALSE,FALSE,fewer than 100 total cases and cumulative incidence below 5/100k,NA,NA
permissive,DF,DF_wave_21,2020-09-20,2020-09-27,2020-10-25,FALSE,0.10268989329493187,0.06845992886328792,3,2020-09-06,0.02281997628776264,0.3333333333333333,2,6,1,8,0.27383971545315167,7,8,12,4,5,6,FALSE,FALSE,FALSE,TRUE,FALSE,3,FALSE,FALSE,TRUE,FALSE,fewer than 30 raw cases,TRUE,FALSE,FALSE,FALSE,FALSE,FALSE,FALSE,FALSE,fewer than 100 total cases and cumulative incidence below 5/100k,NA,NA
permissive,DF,DF_wave_22,2020-11-01,2021-05-16,2021-10-31,FALSE,0.37440117085457064,0.37440117085457064,11,2020-10-25,0.01140998814388132,0.16666666666666666,2,53,28,112,3.813632603532729,4,7,8,1,3,4,FALSE,FALSE,FALSE,FALSE,FALSE,4,FALSE,FALSE,TRUE,FALSE,too few nonzero raw incidence weeks; fewer than 30 raw cases,TRUE,TRUE,TRUE,FALSE,TRUE,FALSE,FALSE,FALSE,cumulative incidence below 5/100k,NA,NA
permissive,DF,DF_wave_23,2021-11-07,2022-05-01,2022-11-06,FALSE,0.9145021754990641,0.7903105220362283,27,2021-10-31,0.011345490025896082,0.030303030303030307,29,53,25,471,15.954476567016515,7,8,9,2,3,4,FALSE,FALSE,FALSE,FALSE,FALSE,6,FALSE,FALSE,TRUE,FALSE,too few nonzero raw incidence weeks; fewer than 30 raw cases,TRUE,TRUE,TRUE,TRUE,TRUE,TRUE,TRUE,TRUE,NA,1,FALSE
permissive,DF,DF_wave_24,2022-11-13,2023-05-07,2023-08-06,FALSE,1.0446352420167122,0.9098435978855236,31,2022-11-06,0.03387045094440978,0.04285714285714286,27,39,25,515,17.35683974065312,9,14,22,3,5,6,FALSE,FALSE,FALSE,FALSE,FALSE,6,FALSE,FALSE,TRUE,FALSE,fewer than 30 raw cases,TRUE,TRUE,TRUE,TRUE,TRUE,TRUE,TRUE,TRUE,NA,2,TRUE
permissive,DF,DF_wave_25,2023-08-13,2024-01-07,2024-02-11,FALSE,0.46935481816188585,0.3357711421793344,14,2023-08-06,0.05616318505466194,0.1672662656181017,17,27,21,110,3.7010755066212555,10,17,23,4,6,8,FALSE,FALSE,FALSE,FALSE,FALSE,1,FALSE,FALSE,FALSE,FALSE,fewer than 30 raw cases,TRUE,TRUE,TRUE,FALSE,TRUE,FALSE,FALSE,FALSE,cumulative incidence below 5/100k,NA,NA
permissive,DF,DF_wave_26,2024-02-18,2024-03-10,2024-09-08,FALSE,1.3074884220223961,0.9945852099144724,39,2024-02-11,0.06705068830884084,0.1996916348249763,3,30,3,275,9.219469642465615,69,116,153,4,6,8,TRUE,TRUE,TRUE,TRUE,FALSE,3,FALSE,FALSE,TRUE,FALSE,NA,TRUE,TRUE,TRUE,TRUE,TRUE,TRUE,FALSE,TRUE,NA,3,TRUE
permissive,DF,DF_wave_27,2024-09-15,2024-10-27,2024-12-29,FALSE,0.13410137661768168,0.17880183549024223,4,2024-09-08,0.03352534415442042,0.1875,4,16,6,47,1.5756911752577596,8,14,27,4,6,8,FALSE,FALSE,FALSE,FALSE,FALSE,2,FALSE,FALSE,TRUE,FALSE,fewer than 30 raw cases,TRUE,FALSE,FALSE,FALSE,FALSE,FALSE,FALSE,FALSE,fewer than 100 total cases and cumulative incidence below 5/100k,NA,NA
permissive,DF,DF_wave_28,2025-01-05,2025-02-16,2025-06-22,FALSE,0.30031042087170773,0.25581998814997325,9,2024-12-29,0.055665547439874626,0.31132536915658493,2,25,6,122,4.070874594038705,19,31,47,4,6,8,FALSE,TRUE,TRUE,FALSE,FALSE,6,FALSE,FALSE,TRUE,FALSE,NA,TRUE,TRUE,TRUE,FALSE,TRUE,FALSE,FALSE,FALSE,cumulative incidence below 5/100k,NA,NA
permissive,DF,DF_wave_29,2025-06-29,2025-11-23,2025-12-28,FALSE,0.23357477178910602,0.3448008535934422,7,2025-06-22,0.08898086544346896,0.34782608695652173,2,27,21,108,3.603725050460493,13,18,22,4,6,8,FALSE,FALSE,FALSE,FALSE,FALSE,1,FALSE,FALSE,FALSE,FALSE,fewer than 30 raw cases,TRUE,TRUE,TRUE,FALSE,TRUE,FALSE,FALSE,FALSE,cumulative incidence below 5/100k,NA,NA
permissive,ES,ES_wave_01,2015-12-20,2016-03-06,2016-07-17,FALSE,0.07750195692441234,0.07750195692441234,3,2015-12-13,0,NA,NA,31,11,66,1.7057876832745789,6,9,15,2,3,5,FALSE,FALSE,FALSE,FALSE,FALSE,6,FALSE,FALSE,TRUE,FALSE,too few nonzero raw incidence weeks; fewer than 30 raw cases,TRUE,TRUE,FALSE,FALSE,FALSE,FALSE,FALSE,FALSE,fewer than 100 total cases and cumulative incidence below 5/100k,NA,NA
permissive,ES,ES_wave_02,2016-10-30,2017-03-12,2017-10-01,FALSE,1.152501273513907,0.9390751117520725,45,2016-07-17,0.017222657094313854,0.22222222222222224,3,49,19,702,17.982585406497762,6,9,12,3,5,7,FALSE,FALSE,FALSE,FALSE,FALSE,5,FALSE,FALSE,TRUE,FALSE,fewer than 30 raw cases,TRUE,TRUE,TRUE,TRUE,TRUE,TRUE,TRUE,TRUE,NA,1,FALSE
permissive,ES,ES_wave_03,2017-10-15,2018-06-24,2018-10-28,FALSE,0.6603813600757305,0.6095827939160589,26,2017-10-01,0.05975932529331371,0.0980331562664525,37,55,36,566,14.388493746750534,19,28,34,4,6,8,FALSE,FALSE,FALSE,FALSE,FALSE,6,FALSE,FALSE,TRUE,FALSE,fewer than 30 raw cases,TRUE,TRUE,TRUE,TRUE,TRUE,TRUE,TRUE,TRUE,NA,2,TRUE
permissive,ES,ES_wave_04,2018-12-16,2019-05-05,2019-09-22,FALSE,1.964731062322529,1.8891644830024317,78,2018-10-28,0.05079856615967157,0.08333333333333333,19,41,20,1132,28.518628999498844,30,48,70,4,6,8,TRUE,TRUE,TRUE,FALSE,FALSE,4,FALSE,FALSE,TRUE,FALSE,NA,TRUE,TRUE,TRUE,TRUE,TRUE,TRUE,TRUE,TRUE,NA,3,TRUE
permissive,ES,ES_wave_05,2019-11-24,2020-01-19,2020-04-19,FALSE,10.771049717516101,10.396187198345007,431,2019-09-22,0.31066260387151096,0.16444444444444442,18,22,8,4910,122.88539886454986,336,911,1684,4,6,8,TRUE,TRUE,TRUE,FALSE,FALSE,1,FALSE,FALSE,FALSE,FALSE,NA,TRUE,TRUE,TRUE,TRUE,TRUE,TRUE,TRUE,TRUE,NA,4,TRUE
permissive,ES,ES_wave_06,2020-05-31,2020-06-14,2020-07-12,FALSE,0,0.008330278203802088,0,2020-04-19,0,0,6,7,2,2,0.04998166922281253,1,2,2,1,2,2,FALSE,FALSE,FALSE,TRUE,FALSE,1,FALSE,FALSE,FALSE,FALSE,too few nonzero raw incidence weeks; fewer than 30 raw cases,TRUE,FALSE,FALSE,FALSE,FALSE,FALSE,FALSE,FALSE,fewer than 100 total cases and cumulative incidence below 5/100k,NA,NA
permissive,ES,ES_wave_07,2021-05-02,2021-05-09,2021-05-23,FALSE,0.024829045812320715,0.008276348604106904,1,2020-07-12,0,0,42,4,1,1,0.024829045812320715,1,1,1,1,1,1,FALSE,FALSE,FALSE,TRUE,TRUE,1,FALSE,FALSE,FALSE,FALSE,too few nonzero raw incidence weeks; fewer than 30 raw cases; one week contains >=80% of early-window cases (backlog screen),TRUE,FALSE,FALSE,FALSE,FALSE,FALSE,FALSE,FALSE,fewer than 100 total cases and cumulative incidence below 5/100k,NA,NA
permissive,ES,ES_wave_08,2021-12-26,2022-04-03,2022-09-11,FALSE,1.7033197207641833,1.7609199045581412,69,2021-05-23,0,0,31,38,14,941,23.229331264334732,38,66,90,3,5,7,FALSE,TRUE,TRUE,FALSE,FALSE,2,FALSE,FALSE,TRUE,FALSE,NA,TRUE,TRUE,TRUE,TRUE,TRUE,TRUE,TRUE,TRUE,NA,5,TRUE
permissive,ES,ES_wave_09,2022-10-09,2023-06-04,2023-12-24,FALSE,3.9744184836955614,4.187041694757464,162,2022-09-11,0.07405737916366015,0.042056074766355145,33,64,34,5075,124.52750767640045,27,46,62,4,6,8,TRUE,TRUE,TRUE,FALSE,FALSE,3,FALSE,FALSE,TRUE,FALSE,NA,TRUE,TRUE,TRUE,TRUE,TRUE,TRUE,TRUE,TRUE,NA,6,TRUE
permissive,ES,ES_wave_10,2024-01-07,2024-03-17,2024-09-29,FALSE,16.844911508146136,15.918563263125074,691,2023-12-24,0.5806249225151953,0.13867187500000003,9,39,10,11835,288.5087231532699,418,854,1767,4,6,8,TRUE,TRUE,TRUE,FALSE,FALSE,4,FALSE,FALSE,TRUE,FALSE,NA,TRUE,TRUE,TRUE,TRUE,TRUE,TRUE,TRUE,TRUE,NA,7,TRUE
permissive,ES,ES_wave_11,2024-10-20,2025-01-05,2025-03-16,FALSE,3.343951591212095,4.2448555751119486,138,2024-09-29,1.0319844484006557,0.24311414844153784,12,22,11,1958,47.58102456669821,181,310,509,4,6,8,TRUE,TRUE,TRUE,FALSE,FALSE,4,FALSE,FALSE,TRUE,FALSE,NA,TRUE,TRUE,TRUE,TRUE,TRUE,TRUE,TRUE,TRUE,NA,8,TRUE
permissive,GO,GO_wave_01,2015-07-26,2015-08-02,2015-08-16,FALSE,0.015081980366579598,0.005027326788859866,1,2015-07-19,0,NA,NA,4,1,1,0.015081980366579598,1,1,1,1,1,1,FALSE,FALSE,FALSE,TRUE,TRUE,1,FALSE,FALSE,FALSE,FALSE,too few nonzero raw incidence weeks; fewer than 30 raw cases; one week contains >=80% of early-window cases (backlog screen),TRUE,FALSE,FALSE,FALSE,FALSE,FALSE,FALSE,FALSE,fewer than 100 total cases and cumulative incidence below 5/100k,NA,NA
permissive,GO,GO_wave_02,2015-11-08,2015-11-15,2015-11-29,FALSE,0.015081980366579598,0.005027326788859866,1,2015-08-16,0,0,12,4,1,1,0.015081980366579598,1,1,1,1,1,1,FALSE,FALSE,FALSE,TRUE,TRUE,1,FALSE,FALSE,FALSE,FALSE,too few nonzero raw incidence weeks; fewer than 30 raw cases; one week contains >=80% of early-window cases (backlog screen),TRUE,FALSE,FALSE,FALSE,FALSE,FALSE,FALSE,FALSE,fewer than 100 total cases and cumulative incidence below 5/100k,NA,NA
permissive,GO,GO_wave_03,2016-01-10,2016-02-07,2016-02-28,FALSE,0.04463951582195559,0.02975967721463706,3,2015-11-29,0,0,6,8,4,7,0.10415887025122972,3,7,7,2,4,4,FALSE,FALSE,FALSE,FALSE,FALSE,1,FALSE,FALSE,FALSE,FALSE,fewer than 30 raw cases,TRUE,FALSE,FALSE,FALSE,FALSE,FALSE,FALSE,FALSE,fewer than 100 total cases and cumulative incidence below 5/100k,NA,NA
permissive,GO,GO_wave_04,2016-03-06,2016-05-08,2016-08-28,FALSE,0.02975967721463706,0.04463951582195559,2,2016-02-28,0,0,7,26,9,22,0.32735644936100766,2,3,6,2,3,4,FALSE,FALSE,FALSE,FALSE,FALSE,3,FALSE,FALSE,TRUE,FALSE,too few nonzero raw incidence weeks; fewer than 30 raw cases,TRUE,FALSE,FALSE,FALSE,FALSE,FALSE,FALSE,FALSE,fewer than 100 total cases and cumulative incidence below 5/100k,NA,NA
permissive,GO,GO_wave_05,2016-09-04,2017-01-29,2017-04-16,FALSE,0.058775713640021085,0.05387773750335266,4,2016-08-28,0,0,30,33,21,44,0.6485778622106778,2,3,3,1,2,2,FALSE,FALSE,FALSE,FALSE,FALSE,3,FALSE,FALSE,TRUE,FALSE,too few nonzero raw incidence weeks; fewer than 30 raw cases,TRUE,FALSE,FALSE,FALSE,FALSE,FALSE,FALSE,FALSE,fewer than 100 total cases and cumulative incidence below 5/100k,NA,NA
permissive,GO,GO_wave_06,2017-04-23,2017-04-30,2017-07-30,FALSE,0.04408178523001582,0.02448988068334212,3,2017-04-16,0.004897976136668424,0.19999999999999998,2,15,1,12,0.17632714092006327,5,8,9,3,5,6,FALSE,FALSE,FALSE,TRUE,FALSE,2,FALSE,FALSE,TRUE,FALSE,fewer than 30 raw cases,TRUE,FALSE,FALSE,FALSE,FALSE,FALSE,FALSE,FALSE,fewer than 100 total cases and cumulative incidence below 5/100k,NA,NA
permissive,GO,GO_wave_07,2017-09-17,2017-10-01,2017-11-26,FALSE,0,0.004897976136668424,0,2017-07-30,0,0,7,11,2,3,0.04408178523001581,1,2,2,1,2,2,FALSE,FALSE,FALSE,TRUE,FALSE,2,FALSE,FALSE,TRUE,FALSE,too few nonzero raw incidence weeks; fewer than 30 raw cases,TRUE,FALSE,FALSE,FALSE,FALSE,FALSE,FALSE,FALSE,fewer than 100 total cases and cumulative incidence below 5/100k,NA,NA
permissive,GO,GO_wave_08,2017-12-10,2017-12-24,2018-01-14,FALSE,0.014693928410005271,0.014693928410005271,1,2017-11-26,0,0,2,6,2,3,0.04408178523001581,3,3,3,3,3,3,FALSE,FALSE,FALSE,TRUE,FALSE,1,FALSE,FALSE,FALSE,FALSE,too few nonzero raw incidence weeks; fewer than 30 raw cases,TRUE,FALSE,FALSE,FALSE,FALSE,FALSE,FALSE,FALSE,fewer than 100 total cases and cumulative incidence below 5/100k,NA,NA
permissive,GO,GO_wave_09,2018-02-04,2018-02-11,2018-03-04,FALSE,0.014517062338878754,0.009678041559252502,1,2018-01-14,0,0,3,5,1,2,0.029034124677757508,2,2,2,2,2,2,FALSE,FALSE,FALSE,TRUE,FALSE,1,FALSE,FALSE,FALSE,FALSE,too few nonzero raw incidence weeks; fewer than 30 raw cases,TRUE,FALSE,FALSE,FALSE,FALSE,FALSE,FALSE,FALSE,fewer than 100 total cases and cumulative incidence below 5/100k,NA,NA
permissive,GO,GO_wave_10,2018-04-01,2018-04-29,2018-07-08,FALSE,0.029034124677757508,0.014517062338878754,2,2018-03-04,0,0,4,15,4,6,0.08710237403327252,1,4,4,1,3,3,FALSE,FALSE,FALSE,FALSE,FALSE,2,FALSE,FALSE,TRUE,FALSE,too few nonzero raw incidence weeks; fewer than 30 raw cases,TRUE,FALSE,FALSE,FALSE,FALSE,FALSE,FALSE,FALSE,fewer than 100 total cases and cumulative incidence below 5/100k,NA,NA
permissive,GO,GO_wave_11,2018-10-07,2018-10-21,2018-11-18,FALSE,0,0.004839020779626251,0,2018-07-08,0,0,13,7,2,2,0.029034124677757508,1,2,2,1,2,2,FALSE,FALSE,FALSE,TRUE,FALSE,1,FALSE,FALSE,FALSE,FALSE,too few nonzero raw incidence weeks; fewer than 30 raw cases,TRUE,FALSE,FALSE,FALSE,FALSE,FALSE,FALSE,FALSE,fewer than 100 total cases and cumulative incidence below 5/100k,NA,NA
permissive,GO,GO_wave_12,2019-02-03,2019-02-10,2019-02-24,FALSE,0.014337460227885328,0.0047791534092951095,1,2018-11-18,0,0,11,4,1,1,0.014337460227885328,1,1,1,1,1,1,FALSE,FALSE,FALSE,TRUE,TRUE,1,FALSE,FALSE,FALSE,FALSE,too few nonzero raw incidence weeks; fewer than 30 raw cases; one week contains >=80% of early-window cases (backlog screen),TRUE,FALSE,FALSE,FALSE,FALSE,FALSE,FALSE,FALSE,fewer than 100 total cases and cumulative incidence below 5/100k,NA,NA
permissive,GO,GO_wave_13,2019-03-24,2019-03-31,2019-04-14,FALSE,0.014337460227885328,0.0047791534092951095,1,2019-02-24,0,0,4,4,1,1,0.014337460227885328,1,1,1,1,1,1,FALSE,FALSE,FALSE,TRUE,TRUE,1,FALSE,FALSE,FALSE,FALSE,too few nonzero raw incidence weeks; fewer than 30 raw cases; one week contains >=80% of early-window cases (backlog screen),TRUE,FALSE,FALSE,FALSE,FALSE,FALSE,FALSE,FALSE,fewer than 100 total cases and cumulative incidence below 5/100k,NA,NA
permissive,GO,GO_wave_14,2019-06-09,2019-06-16,2019-06-30,FALSE,0.014337460227885328,0.0047791534092951095,1,2019-04-14,0,0,8,4,1,1,0.014337460227885328,1,1,1,1,1,1,FALSE,FALSE,FALSE,TRUE,TRUE,1,FALSE,FALSE,FALSE,FALSE,too few nonzero raw incidence weeks; fewer than 30 raw cases; one week contains >=80% of early-window cases (backlog screen),TRUE,FALSE,FALSE,FALSE,FALSE,FALSE,FALSE,FALSE,fewer than 100 total cases and cumulative incidence below 5/100k,NA,NA
permissive,GO,GO_wave_15,2019-10-27,2019-11-03,2019-11-17,FALSE,0.014337460227885328,0.0047791534092951095,1,2019-06-30,0,0,17,4,1,1,0.014337460227885328,1,1,1,1,1,1,FALSE,FALSE,FALSE,TRUE,TRUE,1,FALSE,FALSE,FALSE,FALSE,too few nonzero raw incidence weeks; fewer than 30 raw cases; one week contains >=80% of early-window cases (backlog screen),TRUE,FALSE,FALSE,FALSE,FALSE,FALSE,FALSE,FALSE,fewer than 100 total cases and cumulative incidence below 5/100k,NA,NA
permissive,GO,GO_wave_16,2021-01-17,2021-05-23,2021-08-29,FALSE,0.28034943875444107,0.3130568732757925,20,2019-11-17,0,0,58,33,18,304,4.261311469067504,5,7,13,2,3,5,FALSE,FALSE,FALSE,FALSE,FALSE,2,FALSE,FALSE,TRUE,FALSE,too few nonzero raw incidence weeks; fewer than 30 raw cases,TRUE,TRUE,TRUE,TRUE,TRUE,FALSE,FALSE,FALSE,cumulative incidence below 5/100k,NA,NA
permissive,GO,GO_wave_17,2021-11-07,2022-03-27,2022-12-18,FALSE,2.8883858283571167,2.670831126541757,208,2021-08-29,0.018689962583629406,0.05970149253731344,20,59,20,4142,57.53479031040748,34,91,130,4,6,8,TRUE,TRUE,TRUE,FALSE,FALSE,2,FALSE,FALSE,TRUE,FALSE,NA,TRUE,TRUE,TRUE,TRUE,TRUE,TRUE,TRUE,TRUE,NA,1,FALSE
permissive,GO,GO_wave_18,2022-12-25,2023-05-07,2023-10-01,FALSE,1.4571522324053336,1.4846456707526041,106,2022-12-18,0.06017470475743994,0.040531357712400073,32,41,19,1901,26.133072153700578,58,123,205,4,6,8,TRUE,TRUE,TRUE,FALSE,FALSE,2,FALSE,FALSE,TRUE,FALSE,NA,TRUE,TRUE,TRUE,TRUE,TRUE,TRUE,TRUE,TRUE,NA,2,TRUE
permissive,GO,GO_wave_19,2023-10-29,2024-03-03,2024-10-13,FALSE,6.761460437361735,6.883901370835086,497,2023-10-01,0.12372047256271701,0.08333333333333333,20,51,18,11045,150.39473784938383,124,273,583,4,6,8,TRUE,TRUE,TRUE,FALSE,FALSE,4,FALSE,FALSE,TRUE,FALSE,NA,TRUE,TRUE,TRUE,TRUE,TRUE,TRUE,TRUE,TRUE,NA,3,TRUE
permissive,GO,GO_wave_20,2024-10-20,2025-05-11,2025-09-14,FALSE,1.2527565695968912,1.342559907919249,93,2024-10-13,0.12244093347335135,0.09119960513577008,26,48,29,1988,26.804958544059332,57,98,132,4,6,8,TRUE,TRUE,TRUE,FALSE,FALSE,2,FALSE,FALSE,TRUE,FALSE,NA,TRUE,TRUE,TRUE,TRUE,TRUE,TRUE,TRUE,TRUE,NA,4,TRUE
permissive,GO,GO_wave_21,2025-09-21,2025-12-07,NA,TRUE,0.4445265246956711,0.529839696101911,33,2025-09-14,0.09878367215459358,0.18644067796610173,12,15,11,316,4.256678236479759,39,66,91,4,6,8,TRUE,TRUE,TRUE,FALSE,FALSE,1,FALSE,FALSE,FALSE,TRUE,NA,TRUE,TRUE,TRUE,TRUE,TRUE,FALSE,FALSE,FALSE,cumulative incidence below 5/100k,NA,NA
permissive,MA,MA_wave_01,2015-03-22,2015-04-26,2015-06-07,FALSE,0,0.01951767149494824,0,2015-03-15,0,NA,NA,12,5,7,0.10246777534847826,2,4,6,1,2,3,FALSE,FALSE,FALSE,FALSE,FALSE,2,FALSE,FALSE,TRUE,FALSE,too few nonzero raw incidence weeks; fewer than 30 raw cases,TRUE,FALSE,FALSE,FALSE,FALSE,FALSE,FALSE,FALSE,fewer than 100 total cases and cumulative incidence below 5/100k,NA,NA
permissive,MA,MA_wave_02,2016-02-07,2016-04-24,2016-10-02,FALSE,12.675050459812953,12.199129024923424,870,2015-06-07,0,0,23,35,11,7084,103.20696259461488,126,495,1133,4,6,8,TRUE,TRUE,TRUE,FALSE,FALSE,3,FALSE,FALSE,TRUE,FALSE,NA,TRUE,TRUE,TRUE,TRUE,TRUE,TRUE,TRUE,TRUE,NA,1,FALSE
permissive,MA,MA_wave_03,2016-12-04,2017-04-09,2017-10-01,FALSE,4.208769479164777,4.847341400141501,290,2016-10-02,0.02428170586171063,0.005009283204397736,33,44,18,4975,72.20507938125847,52,136,279,4,6,8,TRUE,TRUE,TRUE,FALSE,FALSE,3,FALSE,FALSE,TRUE,FALSE,NA,TRUE,TRUE,TRUE,TRUE,TRUE,TRUE,TRUE,TRUE,NA,2,TRUE
permissive,MA,MA_wave_04,2017-10-15,2018-04-29,2018-12-09,FALSE,0.37588463001965006,0.3807036637378507,26,2017-10-01,0.14029231597215924,0.3685079218695498,2,61,28,632,9.144154546132308,60,96,104,4,6,8,TRUE,TRUE,TRUE,FALSE,FALSE,5,FALSE,FALSE,TRUE,FALSE,NA,TRUE,TRUE,TRUE,TRUE,TRUE,TRUE,FALSE,TRUE,NA,3,TRUE
permissive,MA,MA_wave_05,2018-12-23,2019-03-17,2019-09-15,FALSE,0.7053683570315508,0.7293604780190186,49,2018-12-09,0.03855226974560513,0.10126582278481013,31,39,12,564,8.11961385634241,42,51,67,4,6,8,TRUE,TRUE,TRUE,FALSE,FALSE,6,FALSE,FALSE,TRUE,FALSE,NA,TRUE,TRUE,TRUE,TRUE,TRUE,TRUE,FALSE,TRUE,NA,4,TRUE
permissive,MA,MA_wave_06,2019-09-22,2020-02-02,2020-06-14,FALSE,0.11476135090176601,0.11954307385600627,8,2019-09-15,0.038387393579948345,0.3211176719965163,2,39,19,151,2.1682248549207483,17,27,28,3,5,6,FALSE,FALSE,FALSE,FALSE,FALSE,2,FALSE,FALSE,TRUE,FALSE,fewer than 30 raw cases,TRUE,TRUE,TRUE,FALSE,TRUE,FALSE,FALSE,FALSE,cumulative incidence below 5/100k,NA,NA
permissive,MA,MA_wave_07,2020-07-05,2020-08-16,2020-10-11,FALSE,0.043035506588162256,0.05259895249664275,3,2020-06-14,0.019126891816961002,0.36363636363636365,3,15,6,33,0.4733905724697848,8,15,21,4,6,8,FALSE,FALSE,FALSE,FALSE,FALSE,4,FALSE,FALSE,TRUE,FALSE,fewer than 30 raw cases,TRUE,FALSE,FALSE,FALSE,FALSE,FALSE,FALSE,FALSE,fewer than 100 total cases and cumulative incidence below 5/100k,NA,NA
permissive,MA,MA_wave_08,2020-10-25,2021-01-10,2021-03-21,FALSE,0.028619861554281718,0.04292979233142258,2,2020-10-11,0.009563445908480501,0.2227694425971055,4,22,11,33,0.47261533458702715,6,7,8,3,4,5,FALSE,FALSE,FALSE,FALSE,FALSE,3,FALSE,FALSE,TRUE,FALSE,fewer than 30 raw cases,TRUE,FALSE,FALSE,FALSE,FALSE,FALSE,FALSE,FALSE,fewer than 100 total cases and cumulative incidence below 5/100k,NA,NA
permissive,MA,MA_wave_09,2021-04-04,2021-06-27,2021-08-29,FALSE,0.057239723108563435,0.08108960773713153,4,2021-03-21,0,0,6,22,12,44,0.6296369541941979,5,6,10,2,3,5,FALSE,FALSE,FALSE,FALSE,FALSE,2,FALSE,FALSE,TRUE,FALSE,too few nonzero raw incidence weeks; fewer than 30 raw cases,TRUE,FALSE,FALSE,FALSE,FALSE,FALSE,FALSE,FALSE,fewer than 100 total cases and cumulative incidence below 5/100k,NA,NA
permissive,MA,MA_wave_10,2021-09-05,2021-10-03,2021-11-14,FALSE,0.04292979233142258,0.10016951543998602,3,2021-08-29,0.00953995385142724,0.11764705882352942,7,11,4,41,0.5867071618627753,15,27,29,4,6,7,FALSE,FALSE,FALSE,FALSE,FALSE,1,FALSE,FALSE,FALSE,FALSE,fewer than 30 raw cases,TRUE,FALSE,FALSE,FALSE,FALSE,FALSE,FALSE,FALSE,fewer than 100 total cases and cumulative incidence below 5/100k,NA,NA
permissive,MA,MA_wave_11,2021-11-28,2022-03-13,2022-11-06,FALSE,1.0574318381580565,0.9574045021160782,74,2021-11-14,0.03338983847999534,0.3333333333333333,2,50,15,1732,24.75112390002272,54,97,141,4,6,8,TRUE,TRUE,TRUE,FALSE,FALSE,7,FALSE,FALSE,TRUE,FALSE,NA,TRUE,TRUE,TRUE,TRUE,TRUE,TRUE,TRUE,TRUE,NA,5,TRUE
permissive,MA,MA_wave_12,2022-11-27,2023-04-30,2023-12-17,FALSE,1.9562390746903502,1.7372926089099217,137,2022-11-06,0.10955374899835721,0.11442786069651742,17,56,22,2780,39.69656581110991,53,84,142,4,6,8,TRUE,TRUE,TRUE,FALSE,FALSE,4,FALSE,FALSE,TRUE,FALSE,NA,TRUE,TRUE,TRUE,TRUE,TRUE,TRUE,TRUE,TRUE,NA,6,TRUE
permissive,MA,MA_wave_13,2023-12-31,2024-04-07,2024-12-29,FALSE,0.9841733514383195,0.9033475206438681,69,2023-12-17,0.03807764622268321,0.04215171387811312,24,53,14,800,11.410815671922766,27,51,118,4,6,8,TRUE,TRUE,TRUE,FALSE,FALSE,5,FALSE,FALSE,TRUE,FALSE,NA,TRUE,TRUE,TRUE,TRUE,TRUE,TRUE,TRUE,TRUE,NA,7,TRUE
permissive,MA,MA_wave_14,2025-01-05,2025-05-04,2025-12-28,FALSE,0.34196749000564386,0.3657152323671469,24,2024-12-29,0.028516939484472127,0.0779758045621779,39,52,17,482,6.8678470909466816,23,36,53,4,6,8,TRUE,TRUE,TRUE,FALSE,FALSE,5,FALSE,FALSE,TRUE,FALSE,NA,TRUE,TRUE,TRUE,TRUE,TRUE,TRUE,FALSE,TRUE,NA,8,TRUE
permissive,MG,MG_wave_01,2015-01-18,2015-01-18,2015-02-08,FALSE,0,0.0032567662698150413,0,2015-01-11,0.0016283831349075207,NA,NA,4,0,1,0.004885149404722562,1,1,1,1,1,1,FALSE,FALSE,FALSE,TRUE,TRUE,1,FALSE,FALSE,FALSE,FALSE,too few nonzero raw incidence weeks; fewer than 30 raw cases; too few nonzero renewal infectiousness contributions; one week contains >=80% of early-window cases (backlog screen),TRUE,FALSE,FALSE,FALSE,FALSE,FALSE,FALSE,FALSE,fewer than 100 total cases and cumulative incidence below 5/100k,NA,NA
permissive,MG,MG_wave_02,2015-05-03,2015-05-10,2015-05-24,FALSE,0.004885149404722562,0.0016283831349075207,1,2015-02-08,0,0,12,4,1,1,0.004885149404722562,1,1,1,1,1,1,FALSE,FALSE,FALSE,TRUE,TRUE,1,FALSE,FALSE,FALSE,FALSE,too few nonzero raw incidence weeks; fewer than 30 raw cases; one week contains >=80% of early-window cases (backlog screen),TRUE,FALSE,FALSE,FALSE,FALSE,FALSE,FALSE,FALSE,fewer than 100 total cases and cumulative incidence below 5/100k,NA,NA
permissive,MG,MG_wave_03,2015-08-02,2015-08-09,2015-08-23,FALSE,0.004885149404722562,0.0016283831349075207,1,2015-05-24,0,0,10,4,1,1,0.004885149404722562,1,1,1,1,1,1,FALSE,FALSE,FALSE,TRUE,TRUE,1,FALSE,FALSE,FALSE,FALSE,too few nonzero raw incidence weeks; fewer than 30 raw cases; one week contains >=80% of early-window cases (backlog screen),TRUE,FALSE,FALSE,FALSE,FALSE,FALSE,FALSE,FALSE,fewer than 100 total cases and cumulative incidence below 5/100k,NA,NA
permissive,MG,MG_wave_04,2015-11-01,2016-02-21,2016-07-31,FALSE,0.03885726986490493,0.04695253442009346,8,2015-08-23,0,0,10,40,16,149,0.7239125859351204,1,3,6,1,3,5,FALSE,FALSE,FALSE,FALSE,FALSE,2,FALSE,FALSE,TRUE,FALSE,too few nonzero raw incidence weeks; fewer than 30 raw cases,TRUE,TRUE,TRUE,FALSE,FALSE,FALSE,FALSE,FALSE,cumulative incidence below 5/100k,NA,NA
permissive,MG,MG_wave_05,2017-01-01,2017-03-12,2017-10-01,FALSE,6.112586695445272,6.478214410825003,1265,2016-07-31,0,0,30,40,10,13499,65.22830656270018,413,1070,2491,4,6,8,TRUE,TRUE,TRUE,FALSE,FALSE,4,FALSE,FALSE,TRUE,FALSE,NA,TRUE,TRUE,TRUE,TRUE,TRUE,TRUE,TRUE,TRUE,NA,1,FALSE
permissive,MG,MG_wave_06,2017-12-17,2018-04-08,2018-10-28,FALSE,5.124694982096739,4.836250611622251,1066,2017-10-01,0.06925987560056567,0.014320985648287864,45,46,16,11137,53.544870131151804,363,786,1090,4,6,8,TRUE,TRUE,TRUE,FALSE,FALSE,4,FALSE,FALSE,TRUE,FALSE,NA,TRUE,TRUE,TRUE,TRUE,TRUE,TRUE,TRUE,TRUE,NA,2,TRUE
permissive,MG,MG_wave_07,2018-11-11,2019-05-12,2019-10-13,FALSE,0.40159200633023745,0.470117626458016,84,2018-10-28,0.03685678067174014,0.07839906142092216,26,49,26,1805,8.63252695781938,66,88,116,4,6,8,TRUE,TRUE,TRUE,FALSE,FALSE,5,FALSE,FALSE,TRUE,FALSE,NA,TRUE,TRUE,TRUE,TRUE,TRUE,TRUE,FALSE,TRUE,NA,3,TRUE
permissive,MG,MG_wave_08,2019-11-03,2020-05-03,2020-08-09,FALSE,0.45169246551767833,0.4532773513616,95,2019-10-13,0.027091524236563636,0.05976809596857949,30,41,26,1515,7.205637932718263,38,64,78,4,6,8,TRUE,TRUE,TRUE,FALSE,FALSE,2,FALSE,FALSE,TRUE,FALSE,NA,TRUE,TRUE,TRUE,TRUE,TRUE,TRUE,FALSE,TRUE,NA,4,TRUE
permissive,MG,MG_wave_09,2020-09-13,2021-04-25,2021-10-03,FALSE,1.2596476102661658,1.2659616333752695,266,2020-08-09,0.06022566206902377,0.13286713286713286,20,56,32,5963,28.25787221842311,98,155,211,4,6,8,TRUE,TRUE,TRUE,FALSE,FALSE,3,FALSE,FALSE,TRUE,FALSE,NA,TRUE,TRUE,TRUE,TRUE,TRUE,TRUE,TRUE,TRUE,NA,5,TRUE
permissive,MG,MG_wave_10,2021-12-26,2022-04-03,2022-08-28,FALSE,2.5308804002719563,2.5481936368409808,536,2021-10-03,0.02999160976824205,0.023690773067331673,34,36,14,6051,28.57163075838348,163,323,482,4,6,8,TRUE,TRUE,TRUE,FALSE,FALSE,2,FALSE,FALSE,TRUE,FALSE,NA,TRUE,TRUE,TRUE,TRUE,TRUE,TRUE,TRUE,TRUE,NA,6,TRUE
permissive,MG,MG_wave_11,2022-11-13,2023-04-02,2023-08-27,FALSE,16.882064775828347,18.256350506116018,3587,2022-08-28,0.10387941941414747,0.04076590487955529,28,42,20,78201,368.1169132884775,1175,3352,6554,4,6,8,TRUE,TRUE,TRUE,FALSE,FALSE,1,FALSE,FALSE,FALSE,FALSE,NA,TRUE,TRUE,TRUE,TRUE,TRUE,TRUE,TRUE,TRUE,NA,7,TRUE
permissive,MG,MG_wave_12,2023-10-29,2024-02-18,2024-10-13,FALSE,51.33498393800294,50.34855434835438,10946,2023-08-27,0.46750815939009827,0.025607974563891037,28,51,16,157959,741.0257035186452,2463,4684,8197,4,6,8,TRUE,TRUE,TRUE,FALSE,FALSE,1,FALSE,FALSE,FALSE,FALSE,NA,TRUE,TRUE,TRUE,TRUE,TRUE,TRUE,TRUE,TRUE,NA,8,TRUE
permissive,MG,MG_wave_13,2024-11-10,2025-02-09,2025-12-28,FALSE,4.4125673845549205,3.9342276292377028,944,2024-10-13,0.5471479498843118,0.1390737907024275,25,60,13,19388,90.6498542564983,752,1208,1544,4,6,8,TRUE,TRUE,TRUE,FALSE,FALSE,4,FALSE,FALSE,TRUE,FALSE,NA,TRUE,TRUE,TRUE,TRUE,TRUE,TRUE,TRUE,TRUE,NA,9,TRUE
permissive,MS,MS_wave_01,2015-11-08,2015-12-13,2016-04-03,FALSE,0.18847022113964929,0.25129362818619905,5,2015-11-01,0,NA,NA,22,5,49,1.8420943405648789,13,25,38,3,5,7,FALSE,FALSE,FALSE,FALSE,FALSE,3,FALSE,FALSE,TRUE,FALSE,fewer than 30 raw cases,TRUE,FALSE,FALSE,FALSE,FALSE,FALSE,FALSE,FALSE,fewer than 100 total cases and cumulative incidence below 5/100k,NA,NA
permissive,MS,MS_wave_02,2016-04-10,2016-07-24,2016-08-14,FALSE,0.03724733271850403,0.049663110291338707,1,2016-04-03,0,0,15,19,15,9,0.3352259944665362,1,2,3,1,2,3,FALSE,FALSE,FALSE,FALSE,FALSE,1,FALSE,FALSE,FALSE,FALSE,too few nonzero raw incidence weeks; fewer than 30 raw cases,TRUE,FALSE,FALSE,FALSE,FALSE,FALSE,FALSE,FALSE,fewer than 100 total cases and cumulative incidence below 5/100k,NA,NA
permissive,MS,MS_wave_03,2016-08-28,2016-09-11,2016-12-11,FALSE,0,0.024831555145669353,0,2016-08-14,0,0,2,16,2,6,0.22348399631102417,2,3,3,2,3,3,FALSE,FALSE,FALSE,TRUE,FALSE,2,FALSE,FALSE,TRUE,FALSE,too few nonzero raw incidence weeks; fewer than 30 raw cases,TRUE,FALSE,FALSE,FALSE,FALSE,FALSE,FALSE,FALSE,fewer than 100 total cases and cumulative incidence below 5/100k,NA,NA
permissive,MS,MS_wave_04,2016-12-25,2017-01-01,2017-02-12,FALSE,0.11047457298815674,0.07364971532543783,3,2016-12-11,0,0,2,8,1,10,0.36824857662718913,6,10,10,2,4,4,FALSE,FALSE,FALSE,TRUE,FALSE,1,FALSE,FALSE,FALSE,FALSE,fewer than 30 raw cases,TRUE,FALSE,FALSE,FALSE,FALSE,FALSE,FALSE,FALSE,fewer than 100 total cases and cumulative incidence below 5/100k,NA,NA
permissive,MS,MS_wave_05,2017-02-26,2017-10-15,2017-12-03,FALSE,0.3682485766271892,0.27004895619327207,10,2017-02-12,0,0,3,41,33,95,3.498361477958297,7,9,12,3,5,6,FALSE,FALSE,FALSE,FALSE,FALSE,5,FALSE,FALSE,TRUE,FALSE,fewer than 30 raw cases,TRUE,TRUE,FALSE,FALSE,TRUE,FALSE,FALSE,FALSE,fewer than 100 total cases and cumulative incidence below 5/100k,NA,NA
permissive,MS,MS_wave_06,2017-12-10,2018-03-11,2018-07-29,FALSE,0.3641447096510365,0.5462170644765547,10,2017-12-03,0.012274952554239639,0.04545454545454545,5,34,13,187,6.814841097543381,13,17,24,3,5,7,FALSE,FALSE,FALSE,FALSE,FALSE,4,FALSE,FALSE,TRUE,FALSE,fewer than 30 raw cases,TRUE,TRUE,TRUE,FALSE,TRUE,TRUE,FALSE,TRUE,NA,1,FALSE
permissive,MS,MS_wave_07,2018-08-05,2018-09-09,2018-11-18,FALSE,0.2184868257906219,0.1456578838604146,6,2018-07-29,0.024276313976735766,0.16666666666666669,4,16,5,36,1.3109209547437313,4,14,20,4,6,8,FALSE,FALSE,FALSE,FALSE,FALSE,3,FALSE,FALSE,TRUE,FALSE,fewer than 30 raw cases,TRUE,FALSE,FALSE,FALSE,FALSE,FALSE,FALSE,FALSE,fewer than 100 total cases and cumulative incidence below 5/100k,NA,NA
permissive,MS,MS_wave_08,2018-12-02,2019-03-24,2019-05-19,FALSE,0.07201943948710636,0.132035639059695,2,2018-11-18,0.024276313976735766,0.18386182813687243,6,25,16,52,1.8757434364371692,4,9,13,2,4,6,FALSE,FALSE,FALSE,FALSE,FALSE,4,FALSE,FALSE,TRUE,FALSE,fewer than 30 raw cases,TRUE,TRUE,FALSE,FALSE,FALSE,FALSE,FALSE,FALSE,fewer than 100 total cases and cumulative incidence below 5/100k,NA,NA
permissive,MS,MS_wave_09,2019-05-26,2019-06-30,2019-07-21,FALSE,0,0.060016199572588635,0,2019-05-19,0,0,3,9,5,9,0.32408747769197865,4,6,9,3,4,5,FALSE,FALSE,FALSE,FALSE,FALSE,1,FALSE,FALSE,FALSE,FALSE,fewer than 30 raw cases,TRUE,FALSE,FALSE,FALSE,FALSE,FALSE,FALSE,FALSE,fewer than 100 total cases and cumulative incidence below 5/100k,NA,NA
permissive,MS,MS_wave_10,2019-09-15,2019-09-29,2019-11-24,FALSE,0.07201943948710636,0.060016199572588635,2,2019-07-21,0,0,9,11,2,8,0.28807775794842544,5,6,7,3,4,5,FALSE,FALSE,FALSE,TRUE,FALSE,1,FALSE,FALSE,FALSE,FALSE,fewer than 30 raw cases,TRUE,FALSE,FALSE,FALSE,FALSE,FALSE,FALSE,FALSE,fewer than 100 total cases and cumulative incidence below 5/100k,NA,NA
permissive,MS,MS_wave_11,2019-12-01,2020-02-02,2020-05-03,FALSE,0.4987769277193852,0.2731397461320443,14,2019-11-24,0,0,8,23,9,68,2.424927569790025,5,16,19,3,5,7,FALSE,FALSE,FALSE,FALSE,FALSE,2,FALSE,FALSE,TRUE,FALSE,fewer than 30 raw cases,TRUE,TRUE,FALSE,FALSE,TRUE,FALSE,FALSE,FALSE,fewer than 100 total cases and cumulative incidence below 5/100k,NA,NA
permissive,MS,MS_wave_12,2020-05-24,2020-05-24,2020-06-28,FALSE,0,0.035626923408527515,0,2020-05-03,0.011875641136175839,0.33333333333333337,3,6,0,4,0.14250769363411006,3,4,4,2,3,3,FALSE,FALSE,FALSE,TRUE,FALSE,3,FALSE,FALSE,TRUE,FALSE,too few nonzero raw incidence weeks; fewer than 30 raw cases,TRUE,FALSE,FALSE,FALSE,FALSE,FALSE,FALSE,FALSE,fewer than 100 total cases and cumulative incidence below 5/100k,NA,NA
permissive,MS,MS_wave_13,2020-07-12,2021-03-21,2021-05-16,FALSE,0.24718011626646438,0.28249156144738785,7,2020-06-28,0.011875641136175839,0.33333333333333337,2,45,36,71,2.5083745207559835,2,3,4,1,2,3,FALSE,FALSE,FALSE,FALSE,FALSE,2,FALSE,FALSE,TRUE,FALSE,too few nonzero raw incidence weeks; fewer than 30 raw cases,TRUE,TRUE,FALSE,FALSE,TRUE,FALSE,FALSE,FALSE,fewer than 100 total cases and cumulative incidence below 5/100k,NA,NA
permissive,MS,MS_wave_14,2021-06-13,2021-06-27,2021-09-26,FALSE,0.10593433554277046,0.12947529899671945,3,2021-05-16,0.04708192690789798,0.36363636363636365,4,16,2,26,0.9180975747040107,11,17,19,3,5,6,FALSE,FALSE,FALSE,TRUE,FALSE,2,FALSE,FALSE,TRUE,FALSE,fewer than 30 raw cases,TRUE,FALSE,FALSE,FALSE,FALSE,FALSE,FALSE,FALSE,fewer than 100 total cases and cumulative incidence below 5/100k,NA,NA
permissive,MS,MS_wave_15,2021-10-10,2021-10-17,2021-10-31,FALSE,0.07062289036184698,0.02354096345394899,2,2021-09-26,0,0,2,4,1,2,0.07062289036184698,2,2,3,1,1,2,FALSE,FALSE,FALSE,TRUE,TRUE,1,FALSE,FALSE,FALSE,FALSE,too few nonzero raw incidence weeks; fewer than 30 raw cases; one week contains >=80% of early-window cases (backlog screen),TRUE,FALSE,FALSE,FALSE,FALSE,FALSE,FALSE,FALSE,fewer than 100 total cases and cumulative incidence below 5/100k,NA,NA
permissive,MS,MS_wave_16,2021-11-14,2021-11-28,2021-12-19,FALSE,0,0.03531144518092349,0,2021-10-31,0,0,2,6,2,3,0.10593433554277046,3,3,3,2,2,2,FALSE,FALSE,FALSE,TRUE,FALSE,1,FALSE,FALSE,FALSE,FALSE,too few nonzero raw incidence weeks; fewer than 30 raw cases,TRUE,FALSE,FALSE,FALSE,FALSE,FALSE,FALSE,FALSE,fewer than 100 total cases and cumulative incidence below 5/100k,NA,NA
permissive,MS,MS_wave_17,2022-01-09,2022-06-12,2022-08-28,FALSE,0.2802713166480812,0.38537306039111163,8,2021-12-19,0,0,4,34,22,215,7.532291634917182,5,9,18,3,4,6,FALSE,FALSE,FALSE,FALSE,FALSE,5,FALSE,FALSE,TRUE,FALSE,fewer than 30 raw cases,TRUE,TRUE,TRUE,TRUE,TRUE,TRUE,FALSE,TRUE,NA,2,TRUE
permissive,MS,MS_wave_18,2022-09-04,2022-11-27,2023-01-01,FALSE,0.1401356583240406,0.17516957290505072,4,2022-08-28,0.03503391458101015,0.2,2,18,12,48,1.6807648850722945,11,14,16,3,4,6,FALSE,FALSE,FALSE,FALSE,FALSE,1,FALSE,FALSE,FALSE,FALSE,fewer than 30 raw cases,TRUE,FALSE,FALSE,FALSE,FALSE,FALSE,FALSE,FALSE,fewer than 100 total cases and cumulative incidence below 5/100k,NA,NA
permissive,MS,MS_wave_19,2023-01-15,2023-03-26,2023-10-01,FALSE,6.115338763707827,5.837368819902926,176,2023-01-01,0.046328323967483535,0.2644770047626675,3,38,10,1386,48.15829276419914,54,139,270,4,6,8,TRUE,TRUE,TRUE,FALSE,FALSE,2,FALSE,FALSE,TRUE,FALSE,NA,TRUE,TRUE,TRUE,TRUE,TRUE,TRUE,TRUE,TRUE,NA,3,TRUE
permissive,MS,MS_wave_20,2023-11-05,2024-03-03,2024-08-18,FALSE,2.377756603874365,2.4351903382674656,69,2023-10-01,0.011582080991870886,0.004756129658477146,37,42,17,917,31.61376877539206,16,25,33,4,6,8,FALSE,FALSE,FALSE,FALSE,FALSE,1,FALSE,FALSE,FALSE,FALSE,fewer than 30 raw cases,TRUE,TRUE,TRUE,TRUE,TRUE,TRUE,TRUE,TRUE,NA,4,TRUE
permissive,MS,MS_wave_21,2024-09-01,2024-09-29,2024-10-27,FALSE,0.24122168445102252,0.14932770942206156,7,2024-08-18,0.04594698751448048,0.3076923076923077,3,9,4,24,0.8270457752606486,8,19,24,3,5,7,FALSE,FALSE,FALSE,FALSE,FALSE,2,FALSE,FALSE,TRUE,FALSE,fewer than 30 raw cases,TRUE,FALSE,FALSE,FALSE,FALSE,FALSE,FALSE,FALSE,fewer than 100 total cases and cumulative incidence below 5/100k,NA,NA
permissive,MS,MS_wave_22,2025-01-05,2025-05-11,2025-12-28,FALSE,17.540674361996437,19.170509601610142,513,2024-10-27,0.03446024063586036,0.23076923076923078,3,52,18,8609,294.3619212133086,142,325,559,4,6,8,TRUE,TRUE,TRUE,FALSE,FALSE,3,FALSE,FALSE,TRUE,FALSE,NA,TRUE,TRUE,TRUE,TRUE,TRUE,TRUE,TRUE,TRUE,NA,5,TRUE
permissive,MT,MT_wave_01,2015-01-11,2015-01-25,2015-03-08,FALSE,0,0.05008747276243231,0,2015-01-04,0.015026241828729693,NA,NA,9,2,7,0.2103673856022157,6,6,7,3,3,4,FALSE,FALSE,FALSE,TRUE,FALSE,1,FALSE,FALSE,FALSE,FALSE,too few nonzero raw incidence weeks; fewer than 30 raw cases; too few nonzero renewal infectiousness contributions,TRUE,FALSE,FALSE,FALSE,FALSE,FALSE,FALSE,FALSE,fewer than 100 total cases and cumulative incidence below 5/100k,NA,NA
permissive,MT,MT_wave_02,2015-06-28,2015-07-05,2015-07-19,FALSE,0.030052483657459387,0.010017494552486463,1,2015-03-08,0,0,16,4,1,1,0.030052483657459387,1,1,1,1,1,1,FALSE,FALSE,FALSE,TRUE,TRUE,1,FALSE,FALSE,FALSE,FALSE,too few nonzero raw incidence weeks; fewer than 30 raw cases; one week contains >=80% of early-window cases (backlog screen),TRUE,FALSE,FALSE,FALSE,FALSE,FALSE,FALSE,FALSE,fewer than 100 total cases and cumulative incidence below 5/100k,NA,NA
permissive,MT,MT_wave_03,2015-12-20,2016-02-21,2016-04-03,FALSE,0.08875500689182628,0.069031672026976,3,2015-07-19,0,0,22,16,9,13,0.3850725112247645,2,3,3,2,3,3,FALSE,FALSE,FALSE,FALSE,FALSE,2,FALSE,FALSE,TRUE,FALSE,too few nonzero raw incidence weeks; fewer than 30 raw cases,TRUE,FALSE,FALSE,FALSE,FALSE,FALSE,FALSE,FALSE,fewer than 100 total cases and cumulative incidence below 5/100k,NA,NA
permissive,MT,MT_wave_04,2016-04-24,2016-05-08,2016-07-24,FALSE,0.05917000459455086,0.09861667432425142,2,2016-04-03,0.009861667432425144,0.14285714285714288,6,14,2,22,0.6508700505400594,10,11,13,3,4,5,FALSE,FALSE,FALSE,TRUE,FALSE,3,FALSE,FALSE,TRUE,FALSE,fewer than 30 raw cases,TRUE,FALSE,FALSE,FALSE,FALSE,FALSE,FALSE,FALSE,fewer than 100 total cases and cumulative incidence below 5/100k,NA,NA
permissive,MT,MT_wave_05,2016-08-07,2016-08-14,2016-09-18,FALSE,0.02958500229727543,0.02958500229727543,1,2016-07-24,0.009861667432425144,0.33333333333333337,2,7,1,5,0.14792501148637716,3,5,6,3,4,5,FALSE,FALSE,FALSE,TRUE,FALSE,2,FALSE,FALSE,TRUE,FALSE,fewer than 30 raw cases,TRUE,FALSE,FALSE,FALSE,FALSE,FALSE,FALSE,FALSE,fewer than 100 total cases and cumulative incidence below 5/100k,NA,NA
permissive,MT,MT_wave_06,2016-12-04,2017-03-26,2017-10-01,FALSE,6.320490213725774,5.0097894781605214,217,2016-09-18,0.009861667432425144,0.33333333333333337,2,44,16,2933,85.44781068579992,42,99,223,4,6,8,TRUE,TRUE,TRUE,FALSE,FALSE,3,FALSE,FALSE,TRUE,FALSE,NA,TRUE,TRUE,TRUE,TRUE,TRUE,TRUE,TRUE,TRUE,NA,1,FALSE
permissive,MT,MT_wave_07,2017-12-10,2018-01-28,2018-09-16,FALSE,34.74999484336433,34.157936673458146,1213,2017-10-01,0.14563341506280586,0.029069767441860465,28,41,7,13032,373.7434940880119,842,2471,4959,4,6,8,TRUE,TRUE,TRUE,FALSE,FALSE,1,FALSE,FALSE,FALSE,FALSE,NA,TRUE,TRUE,TRUE,TRUE,TRUE,TRUE,TRUE,TRUE,NA,2,TRUE
permissive,MT,MT_wave_08,2018-09-23,2018-12-02,2018-12-23,FALSE,0.7161993990800561,0.5347622179797753,25,2018-09-16,0.13369055449494383,0.25,3,14,10,151,4.325844370443539,29,43,70,4,6,8,TRUE,TRUE,TRUE,FALSE,FALSE,2,FALSE,FALSE,TRUE,FALSE,NA,TRUE,TRUE,TRUE,FALSE,TRUE,FALSE,FALSE,FALSE,cumulative incidence below 5/100k,NA,NA
permissive,MT,MT_wave_09,2018-12-30,2019-03-24,2019-08-18,FALSE,0.3096850334290917,0.4222977728578523,11,2018-12-23,0.15278920513707867,0.36180443032672194,2,34,12,269,7.5751858910082,28,48,63,4,6,8,TRUE,TRUE,TRUE,FALSE,FALSE,2,FALSE,FALSE,TRUE,FALSE,NA,TRUE,TRUE,TRUE,TRUE,TRUE,TRUE,FALSE,TRUE,NA,3,TRUE
permissive,MT,MT_wave_10,2019-09-08,2020-02-02,2020-06-28,FALSE,0.27685592445377016,0.3414556401596499,10,2019-08-18,0.04692197476198359,0.137417483395632,15,43,21,247,6.871540395246856,11,14,30,4,6,8,FALSE,FALSE,FALSE,FALSE,FALSE,4,FALSE,FALSE,TRUE,FALSE,fewer than 30 raw cases,TRUE,TRUE,TRUE,TRUE,TRUE,TRUE,FALSE,TRUE,NA,4,TRUE
permissive,MT,MT_wave_11,2020-07-05,2020-08-23,2020-09-20,FALSE,0.055371184890754044,0.04614265407562837,2,2020-06-28,0,0,6,12,7,9,0.2491703320083932,2,3,7,2,3,5,FALSE,FALSE,FALSE,FALSE,FALSE,1,FALSE,FALSE,FALSE,FALSE,too few nonzero raw incidence weeks; fewer than 30 raw cases,TRUE,FALSE,FALSE,FALSE,FALSE,FALSE,FALSE,FALSE,fewer than 100 total cases and cumulative incidence below 5/100k,NA,NA
permissive,MT,MT_wave_12,2020-11-08,2020-11-22,2020-12-13,FALSE,0,0.027685592445377022,0,2020-09-20,0,0,8,6,2,3,0.08305677733613107,3,3,3,2,2,2,FALSE,FALSE,FALSE,TRUE,FALSE,1,FALSE,FALSE,FALSE,FALSE,too few nonzero raw incidence weeks; fewer than 30 raw cases,TRUE,FALSE,FALSE,FALSE,FALSE,FALSE,FALSE,FALSE,fewer than 100 total cases and cumulative incidence below 5/100k,NA,NA
permissive,MT,MT_wave_13,2020-12-27,2021-04-25,2021-09-12,FALSE,0.10909083966946566,0.1545453561984097,4,2020-12-13,0,0,6,38,17,85,2.318180342976145,3,6,9,2,4,6,FALSE,FALSE,FALSE,FALSE,FALSE,5,FALSE,FALSE,TRUE,FALSE,fewer than 30 raw cases,TRUE,TRUE,FALSE,FALSE,TRUE,FALSE,FALSE,FALSE,fewer than 100 total cases and cumulative incidence below 5/100k,NA,NA
permissive,MT,MT_wave_14,2021-09-19,2021-11-14,2021-12-05,FALSE,0.08181812975209925,0.06363632314052163,3,2021-09-12,0.009090903305788805,0.14285714285714288,4,12,8,14,0.3818179388431298,3,5,7,3,5,7,FALSE,FALSE,FALSE,FALSE,FALSE,1,FALSE,FALSE,FALSE,FALSE,fewer than 30 raw cases,TRUE,FALSE,FALSE,FALSE,FALSE,FALSE,FALSE,FALSE,fewer than 100 total cases and cumulative incidence below 5/100k,NA,NA
permissive,MT,MT_wave_15,2021-12-26,2022-04-03,2022-08-07,FALSE,0.34937154777239354,0.27770558925497946,13,2021-12-05,0.009090903305788805,0.14285714285714288,3,33,14,141,3.7893375566082685,7,10,13,3,4,5,FALSE,FALSE,FALSE,FALSE,FALSE,5,FALSE,FALSE,TRUE,FALSE,fewer than 30 raw cases,TRUE,TRUE,TRUE,FALSE,TRUE,FALSE,FALSE,FALSE,cumulative incidence below 5/100k,NA,NA
permissive,MT,MT_wave_16,2022-08-21,2022-11-13,2022-12-18,FALSE,0.02687473444403027,0.04479122407338379,1,2022-08-07,0.017916489629353514,0.39999999999999997,2,18,12,14,0.3762462822164238,4,5,7,3,4,6,FALSE,FALSE,FALSE,FALSE,FALSE,1,FALSE,FALSE,FALSE,FALSE,fewer than 30 raw cases,TRUE,FALSE,FALSE,FALSE,FALSE,FALSE,FALSE,FALSE,fewer than 100 total cases and cumulative incidence below 5/100k,NA,NA
permissive,MT,MT_wave_17,2022-12-25,2023-04-02,2023-06-25,FALSE,0.3440619798543771,0.36170618394947335,13,2022-12-18,0,0,4,27,14,142,3.7582154722555035,5,7,11,2,3,5,FALSE,FALSE,FALSE,FALSE,FALSE,3,FALSE,FALSE,TRUE,FALSE,too few nonzero raw incidence weeks; fewer than 30 raw cases,TRUE,TRUE,TRUE,FALSE,TRUE,FALSE,FALSE,FALSE,cumulative incidence below 5/100k,NA,NA
permissive,MT,MT_wave_18,2023-07-09,2023-07-16,2023-08-06,FALSE,0.15879783685586635,0.1411536327607701,6,2023-06-25,0.05293261228528878,0.375,2,5,1,19,0.5028598167102434,18,21,27,4,6,8,FALSE,FALSE,FALSE,TRUE,FALSE,1,FALSE,FALSE,FALSE,FALSE,fewer than 30 raw cases,TRUE,FALSE,FALSE,FALSE,FALSE,FALSE,FALSE,FALSE,fewer than 100 total cases and cumulative incidence below 5/100k,NA,NA
permissive,MT,MT_wave_19,2024-01-07,2024-05-05,2024-10-06,FALSE,30.70587809036547,28.368616854850952,1178,2023-08-06,0.04411051023774065,0.3125,2,40,17,19449,506.9597818162292,720,1922,3551,4,6,8,TRUE,TRUE,TRUE,FALSE,FALSE,3,FALSE,FALSE,TRUE,FALSE,NA,TRUE,TRUE,TRUE,TRUE,TRUE,TRUE,TRUE,TRUE,NA,5,TRUE
permissive,MT,MT_wave_20,2024-11-24,2025-01-26,2025-04-20,FALSE,99.08417763342912,91.92724204490771,3858,2024-10-06,1.3293716320956188,0.04686064318529862,24,22,9,34935,898.1392003290633,991,2377,6849,4,6,8,TRUE,TRUE,TRUE,FALSE,FALSE,2,FALSE,FALSE,TRUE,FALSE,NA,TRUE,TRUE,TRUE,TRUE,TRUE,TRUE,TRUE,TRUE,NA,6,TRUE
permissive,PA,PA_wave_01,2015-01-25,2015-02-01,2015-02-15,FALSE,0.012297991651877309,0.00409933055062577,1,2015-01-18,0,NA,NA,4,1,1,0.012297991651877309,1,1,1,1,1,1,FALSE,FALSE,FALSE,TRUE,TRUE,1,FALSE,FALSE,FALSE,FALSE,too few nonzero raw incidence weeks; fewer than 30 raw cases; too few nonzero renewal infectiousness contributions; one week contains >=80% of early-window cases (backlog screen),TRUE,FALSE,FALSE,FALSE,FALSE,FALSE,FALSE,FALSE,fewer than 100 total cases and cumulative incidence below 5/100k,NA,NA
permissive,PA,PA_wave_02,2015-05-31,2015-06-07,2015-06-28,FALSE,0.012297991651877309,0.00819866110125154,1,2015-02-15,0,0,15,5,1,2,0.024595983303754617,2,2,2,2,2,2,FALSE,FALSE,FALSE,TRUE,FALSE,1,FALSE,FALSE,FALSE,FALSE,too few nonzero raw incidence weeks; fewer than 30 raw cases,TRUE,FALSE,FALSE,FALSE,FALSE,FALSE,FALSE,FALSE,fewer than 100 total cases and cumulative incidence below 5/100k,NA,NA
permissive,PA,PA_wave_03,2015-08-02,2015-08-09,2015-08-23,FALSE,0.012297991651877309,0.00409933055062577,1,2015-06-28,0,0,5,4,1,1,0.012297991651877309,1,1,1,1,1,1,FALSE,FALSE,FALSE,TRUE,TRUE,1,FALSE,FALSE,FALSE,FALSE,too few nonzero raw incidence weeks; fewer than 30 raw cases; one week contains >=80% of early-window cases (backlog screen),TRUE,FALSE,FALSE,FALSE,FALSE,FALSE,FALSE,FALSE,fewer than 100 total cases and cumulative incidence below 5/100k,NA,NA
permissive,PA,PA_wave_04,2016-04-10,2017-01-22,2017-10-08,FALSE,7.27418430656361,6.782794226053776,602,2015-08-23,0,0,11,79,41,8356,101.12877909459385,116,190,243,4,6,8,TRUE,TRUE,TRUE,FALSE,FALSE,10,FALSE,FALSE,TRUE,FALSE,NA,TRUE,TRUE,TRUE,TRUE,TRUE,TRUE,TRUE,TRUE,NA,1,FALSE
permissive,PA,PA_wave_05,2017-10-15,2018-03-11,2019-10-06,FALSE,2.662040631613507,2.670034747624358,222,2017-10-08,0.27791734061621765,0.10408753701182816,31,104,21,9449,113.1689963831696,183,269,392,4,6,8,TRUE,TRUE,TRUE,FALSE,FALSE,9,FALSE,FALSE,TRUE,FALSE,NA,TRUE,TRUE,TRUE,TRUE,TRUE,TRUE,TRUE,TRUE,NA,2,TRUE
permissive,PA,PA_wave_06,2019-10-20,2020-02-02,2020-05-10,FALSE,0.09450464915621525,0.13388158630463826,8,2019-10-06,0.02379697373884963,0.17774642798675291,8,30,15,153,1.810732238383635,14,22,32,3,5,7,FALSE,FALSE,FALSE,FALSE,FALSE,4,FALSE,FALSE,TRUE,FALSE,fewer than 30 raw cases,TRUE,TRUE,TRUE,FALSE,FALSE,FALSE,FALSE,FALSE,cumulative incidence below 5/100k,NA,NA
permissive,PA,PA_wave_07,2020-05-17,2020-06-21,2020-07-12,FALSE,0.011813081144526906,0.03150154971873841,1,2020-05-10,0.003937693714842302,0.125,3,9,5,15,0.17719621716790357,6,9,15,4,6,8,FALSE,FALSE,FALSE,FALSE,FALSE,1,FALSE,FALSE,FALSE,FALSE,fewer than 30 raw cases,TRUE,FALSE,FALSE,FALSE,FALSE,FALSE,FALSE,FALSE,fewer than 100 total cases and cumulative incidence below 5/100k,NA,NA
permissive,PA,PA_wave_08,2020-07-19,2020-09-06,2020-10-11,FALSE,0.04725232457810762,0.03150154971873841,4,2020-07-12,0.003937693714842302,0.125,2,13,7,16,0.1890092983124305,5,5,11,2,2,4,FALSE,FALSE,FALSE,FALSE,FALSE,1,FALSE,FALSE,FALSE,FALSE,too few nonzero raw incidence weeks; fewer than 30 raw cases,TRUE,FALSE,FALSE,FALSE,FALSE,FALSE,FALSE,FALSE,fewer than 100 total cases and cumulative incidence below 5/100k,NA,NA
permissive,PA,PA_wave_09,2020-11-01,2021-03-28,2021-08-01,FALSE,0.04694751373596225,0.07824585622660377,4,2020-10-11,0.003937693714842302,0.125,6,40,21,108,1.2681924925552717,4,8,8,2,4,4,FALSE,FALSE,FALSE,FALSE,FALSE,5,FALSE,FALSE,TRUE,FALSE,fewer than 30 raw cases,TRUE,TRUE,TRUE,FALSE,FALSE,FALSE,FALSE,FALSE,cumulative incidence below 5/100k,NA,NA
permissive,PA,PA_wave_10,2021-08-08,2021-08-22,2021-09-05,FALSE,0.011736878433990563,0.011736878433990563,1,2021-08-01,0,0,2,5,2,3,0.03521063530197169,3,3,4,3,3,4,FALSE,FALSE,FALSE,TRUE,FALSE,1,FALSE,FALSE,FALSE,FALSE,too few nonzero raw incidence weeks; fewer than 30 raw cases,TRUE,FALSE,FALSE,FALSE,FALSE,FALSE,FALSE,FALSE,fewer than 100 total cases and cumulative incidence below 5/100k,NA,NA
permissive,PA,PA_wave_11,2021-09-26,2021-10-17,2021-11-07,FALSE,0,0.01564917124532075,0,2021-09-05,0.0039122928113301874,0.3333333333333333,3,7,3,6,0.07042127060394338,3,6,6,2,4,4,FALSE,FALSE,FALSE,TRUE,FALSE,1,FALSE,FALSE,FALSE,FALSE,fewer than 30 raw cases,TRUE,FALSE,FALSE,FALSE,FALSE,FALSE,FALSE,FALSE,fewer than 100 total cases and cumulative incidence below 5/100k,NA,NA
permissive,PA,PA_wave_12,2021-11-21,2022-01-09,2022-01-23,FALSE,0.03500565049541747,0.03500565049541747,3,2021-11-07,0.0039122928113301874,0.25,2,10,7,16,0.18710677225533495,4,6,13,3,4,6,FALSE,FALSE,FALSE,FALSE,FALSE,1,FALSE,FALSE,FALSE,FALSE,fewer than 30 raw cases,TRUE,FALSE,FALSE,FALSE,FALSE,FALSE,FALSE,FALSE,fewer than 100 total cases and cumulative incidence below 5/100k,NA,NA
permissive,PA,PA_wave_13,2022-02-20,2022-03-06,2022-03-27,FALSE,0.04667420066055662,0.038895167217130516,4,2022-01-23,0.011668550165139156,0.3333333333333333,4,6,2,13,0.15169115214680903,10,13,16,3,4,5,FALSE,FALSE,FALSE,TRUE,FALSE,1,FALSE,FALSE,FALSE,FALSE,fewer than 30 raw cases,TRUE,FALSE,FALSE,FALSE,FALSE,FALSE,FALSE,FALSE,fewer than 100 total cases and cumulative incidence below 5/100k,NA,NA
permissive,PA,PA_wave_14,2022-04-10,2022-05-01,2022-07-17,FALSE,0.07001130099083494,0.06612178426912188,6,2022-03-27,0.011668550165139157,0.30000000000000004,2,15,3,45,0.525084757431262,15,26,32,4,6,8,FALSE,FALSE,FALSE,TRUE,FALSE,1,FALSE,FALSE,FALSE,FALSE,fewer than 30 raw cases,TRUE,FALSE,FALSE,FALSE,FALSE,FALSE,FALSE,FALSE,fewer than 100 total cases and cumulative incidence below 5/100k,NA,NA
permissive,PA,PA_wave_15,2022-07-24,2022-07-31,2022-10-09,FALSE,0.011668550165139156,0.02333710033027831,1,2022-07-17,0.0038895167217130517,0.16666666666666666,3,12,1,13,0.15169115214680903,7,8,10,4,5,7,FALSE,FALSE,FALSE,TRUE,FALSE,2,FALSE,FALSE,TRUE,FALSE,fewer than 30 raw cases,TRUE,FALSE,FALSE,FALSE,FALSE,FALSE,FALSE,FALSE,fewer than 100 total cases and cumulative incidence below 5/100k,NA,NA
permissive,PA,PA_wave_16,2022-11-20,2022-11-27,2022-12-11,FALSE,0.03500565049541747,0.011668550165139157,3,2022-10-09,0,0,6,4,1,3,0.03500565049541747,3,3,10,1,1,3,FALSE,FALSE,FALSE,TRUE,TRUE,1,FALSE,FALSE,FALSE,FALSE,too few nonzero raw incidence weeks; fewer than 30 raw cases; one week contains >=80% of early-window cases (backlog screen),TRUE,FALSE,FALSE,FALSE,FALSE,FALSE,FALSE,FALSE,fewer than 100 total cases and cumulative incidence below 5/100k,NA,NA
permissive,PA,PA_wave_17,2022-12-25,2023-06-18,2023-09-17,FALSE,0.06963691313491456,0.12379895668429254,6,2022-12-11,0,0,2,39,25,175,2.0310766331016743,13,23,35,3,5,7,FALSE,FALSE,FALSE,FALSE,FALSE,4,FALSE,FALSE,TRUE,FALSE,fewer than 30 raw cases,TRUE,TRUE,TRUE,FALSE,TRUE,FALSE,FALSE,FALSE,cumulative incidence below 5/100k,NA,NA
permissive,PA,PA_wave_18,2023-09-24,2024-04-21,2024-09-15,FALSE,0.25391531647197135,0.261609720001425,22,2023-09-17,0.003868717396384142,0.03125,22,52,30,388,4.4800792609911975,10,15,20,3,5,7,FALSE,FALSE,FALSE,FALSE,FALSE,5,FALSE,FALSE,TRUE,FALSE,fewer than 30 raw cases,TRUE,TRUE,TRUE,TRUE,TRUE,FALSE,FALSE,FALSE,cumulative incidence below 5/100k,NA,NA
permissive,PA,PA_wave_19,2024-09-29,2024-10-27,2024-12-08,FALSE,0.03462481588254154,0.03462481588254154,3,2024-09-15,0,0,12,11,4,16,0.18466568470688824,6,11,13,3,5,7,FALSE,FALSE,FALSE,FALSE,FALSE,1,FALSE,FALSE,FALSE,FALSE,fewer than 30 raw cases,TRUE,FALSE,FALSE,FALSE,FALSE,FALSE,FALSE,FALSE,fewer than 100 total cases and cumulative incidence below 5/100k,NA,NA
permissive,PA,PA_wave_20,2024-12-22,2025-06-29,2025-08-17,FALSE,0.22958959940747514,0.20663063946672763,20,2024-12-08,0.0038472017647268385,0.11111111111111112,3,35,27,303,3.4785930576422825,11,24,36,4,6,8,FALSE,FALSE,FALSE,FALSE,FALSE,7,FALSE,FALSE,TRUE,FALSE,fewer than 30 raw cases,TRUE,TRUE,TRUE,TRUE,TRUE,FALSE,FALSE,FALSE,cumulative incidence below 5/100k,NA,NA
permissive,PB,PB_wave_01,2015-01-25,2015-02-01,2015-02-15,FALSE,0.025432097697911948,0.008477365899303983,1,2015-01-18,0,NA,NA,4,1,1,0.025432097697911948,1,1,1,1,1,1,FALSE,FALSE,FALSE,TRUE,TRUE,1,FALSE,FALSE,FALSE,FALSE,too few nonzero raw incidence weeks; fewer than 30 raw cases; too few nonzero renewal infectiousness contributions; one week contains >=80% of early-window cases (backlog screen),TRUE,FALSE,FALSE,FALSE,FALSE,FALSE,FALSE,FALSE,fewer than 100 total cases and cumulative incidence below 5/100k,NA,NA
permissive,PB,PB_wave_02,2015-03-22,2015-05-10,2015-06-21,FALSE,0.025432097697911948,0.04238682949651991,1,2015-02-15,0,0,5,14,7,7,0.17802468388538362,1,1,5,1,1,3,FALSE,FALSE,FALSE,FALSE,TRUE,1,FALSE,FALSE,FALSE,FALSE,too few nonzero raw incidence weeks; fewer than 30 raw cases; one week contains >=80% of early-window cases (backlog screen),TRUE,FALSE,FALSE,FALSE,FALSE,FALSE,FALSE,FALSE,fewer than 100 total cases and cumulative incidence below 5/100k,NA,NA
permissive,PB,PB_wave_03,2015-10-04,2015-10-18,2015-11-08,FALSE,0,0.016954731798607965,0,2015-06-21,0,0,15,6,2,2,0.050864195395823895,2,2,2,2,2,2,FALSE,FALSE,FALSE,TRUE,FALSE,1,FALSE,FALSE,FALSE,FALSE,too few nonzero raw incidence weeks; fewer than 30 raw cases,TRUE,FALSE,FALSE,FALSE,FALSE,FALSE,FALSE,FALSE,fewer than 100 total cases and cumulative incidence below 5/100k,NA,NA
permissive,PB,PB_wave_04,2016-01-31,2016-05-08,2016-12-04,FALSE,17.58706037086966,16.702653599346043,696,2015-11-08,0,0,2,45,14,7732,195.37809021201755,128,318,578,4,6,8,TRUE,TRUE,TRUE,FALSE,FALSE,1,FALSE,FALSE,FALSE,FALSE,NA,TRUE,TRUE,TRUE,TRUE,TRUE,TRUE,TRUE,TRUE,NA,1,FALSE
permissive,PB,PB_wave_05,2016-12-11,2017-05-28,2017-12-17,FALSE,1.9088225779553094,1.883706491403266,76,2016-12-04,0.033691686534233066,0.01788584723150498,36,54,24,1370,34.41193946492365,27,56,89,4,6,8,TRUE,TRUE,TRUE,FALSE,FALSE,5,FALSE,FALSE,TRUE,FALSE,NA,TRUE,TRUE,TRUE,TRUE,TRUE,TRUE,TRUE,TRUE,NA,2,TRUE
permissive,PB,PB_wave_06,2017-12-31,2018-06-10,2018-12-16,FALSE,0.5737931695162151,0.6818991289902846,23,2017-12-17,0.1339524616108989,0.19644028847675418,16,51,23,621,15.494101151364235,37,49,73,4,6,8,TRUE,TRUE,TRUE,FALSE,FALSE,3,FALSE,FALSE,TRUE,FALSE,NA,TRUE,TRUE,TRUE,TRUE,TRUE,TRUE,TRUE,TRUE,NA,3,TRUE
permissive,PB,PB_wave_07,2018-12-30,2019-04-21,2019-12-08,FALSE,0.8915724117776715,0.9823807129772493,36,2018-12-16,0.06652674429173508,0.09756097560975609,25,50,16,1042,25.807157913591617,34,56,73,4,6,8,TRUE,TRUE,TRUE,FALSE,FALSE,8,FALSE,FALSE,TRUE,FALSE,NA,TRUE,TRUE,TRUE,TRUE,TRUE,TRUE,TRUE,TRUE,NA,4,TRUE
permissive,PB,PB_wave_08,2019-12-22,2020-07-05,2020-12-20,FALSE,1.9680511496493793,2.0008520021435356,80,2019-12-08,0.30544610403494304,0.31092436974789917,7,53,28,1328,32.675267956702065,75,86,102,4,6,8,TRUE,TRUE,TRUE,FALSE,FALSE,2,FALSE,FALSE,TRUE,FALSE,NA,TRUE,TRUE,TRUE,TRUE,TRUE,TRUE,TRUE,TRUE,NA,5,TRUE
permissive,PB,PB_wave_09,2021-01-03,2021-07-04,2021-12-26,FALSE,11.155190967818008,10.788243896508206,456,2020-12-20,0.11480298372954713,0.05737704918032787,16,52,26,9266,226.67543751710892,208,428,679,4,6,8,TRUE,TRUE,TRUE,FALSE,FALSE,2,FALSE,FALSE,TRUE,FALSE,NA,TRUE,TRUE,TRUE,TRUE,TRUE,TRUE,TRUE,TRUE,NA,6,TRUE
permissive,PB,PB_wave_10,2022-01-16,2022-05-08,2022-12-18,FALSE,22.308675103372458,22.373620300179947,916,2021-12-26,1.1149761869640522,0.10335103633733501,19,49,16,16707,406.8897761485193,549,1127,1951,4,6,8,TRUE,TRUE,TRUE,FALSE,FALSE,1,FALSE,FALSE,FALSE,FALSE,NA,TRUE,TRUE,TRUE,TRUE,TRUE,TRUE,TRUE,TRUE,NA,7,TRUE
permissive,PB,PB_wave_11,2022-12-25,2023-04-02,2023-07-16,FALSE,1.2607686615582907,1.2607686615582907,52,2022-12-18,0.15424484241778627,0.1223419070610004,14,30,14,879,21.31216618342886,44,83,113,4,6,8,TRUE,TRUE,TRUE,FALSE,FALSE,4,FALSE,FALSE,TRUE,FALSE,NA,TRUE,TRUE,TRUE,TRUE,TRUE,TRUE,TRUE,TRUE,NA,8,TRUE
permissive,PB,PB_wave_12,2024-01-28,2024-03-03,2024-06-23,FALSE,2.75027502750275,2.5572732711867676,114,2023-07-16,0.49299287407087006,0.391025641025641,2,22,5,1125,27.140871981935035,182,395,569,4,6,8,TRUE,TRUE,TRUE,FALSE,FALSE,3,FALSE,FALSE,TRUE,FALSE,NA,TRUE,TRUE,TRUE,TRUE,TRUE,TRUE,TRUE,TRUE,NA,9,TRUE
permissive,PB,PB_wave_13,2024-06-30,2025-02-02,2025-12-28,FALSE,1.2726715633305383,1.0805701952806457,53,2024-06-23,0.32971133370647004,0.30512717743509243,4,79,31,920,22.134425768376914,87,117,152,4,6,8,TRUE,TRUE,TRUE,FALSE,FALSE,7,FALSE,FALSE,TRUE,FALSE,NA,TRUE,TRUE,TRUE,TRUE,TRUE,TRUE,TRUE,TRUE,NA,10,TRUE
permissive,PE,PE_wave_01,2015-01-25,2015-02-08,2015-03-15,FALSE,0.021708203323808135,0.021708203323808135,2,2015-01-18,0.0072360677746027115,NA,NA,8,2,9,0.0976869149571366,6,8,9,3,5,6,FALSE,FALSE,FALSE,TRUE,FALSE,2,FALSE,FALSE,TRUE,FALSE,fewer than 30 raw cases; too few nonzero renewal infectiousness contributions,TRUE,FALSE,FALSE,FALSE,FALSE,FALSE,FALSE,FALSE,fewer than 100 total cases and cumulative incidence below 5/100k,NA,NA
permissive,PE,PE_wave_02,2015-04-05,2015-04-05,2015-07-05,FALSE,0.010854101661904068,0.014472135549205425,1,2015-03-15,0.0036180338873013558,0.24999999999999997,3,14,0,11,0.11939511828094475,4,8,9,2,4,5,FALSE,FALSE,FALSE,TRUE,FALSE,2,FALSE,FALSE,TRUE,FALSE,fewer than 30 raw cases,TRUE,FALSE,FALSE,FALSE,FALSE,FALSE,FALSE,FALSE,fewer than 100 total cases and cumulative incidence below 5/100k,NA,NA
permissive,PE,PE_wave_03,2015-11-15,2016-02-28,2017-12-17,FALSE,8.906705658964507,9.392525967635299,825,2015-07-05,0,0,4,110,15,15896,171.58455660906017,182,330,763,4,6,8,TRUE,TRUE,TRUE,FALSE,FALSE,10,TRUE,FALSE,TRUE,FALSE,NA,TRUE,TRUE,TRUE,TRUE,TRUE,TRUE,TRUE,TRUE,NA,1,FALSE
permissive,PE,PE_wave_04,2017-12-24,2018-05-06,2018-06-17,FALSE,0.5134627252269478,0.3850970439202109,48,2017-12-17,0.07165235966088228,0.1860631256253634,22,26,19,431,4.611532377578625,46,64,80,4,6,8,TRUE,TRUE,TRUE,FALSE,FALSE,4,FALSE,FALSE,TRUE,FALSE,NA,TRUE,TRUE,TRUE,TRUE,TRUE,FALSE,FALSE,FALSE,cumulative incidence below 5/100k,NA,NA
permissive,PE,PE_wave_05,2018-07-01,2019-09-08,2019-12-15,FALSE,0.6172507756873433,0.5569446654190396,58,2018-06-17,0.11766854119784222,0.3055555555555556,3,77,62,1588,16.913073033488857,67,94,122,4,6,8,TRUE,TRUE,TRUE,FALSE,FALSE,6,FALSE,TRUE,TRUE,FALSE,NA,TRUE,TRUE,TRUE,TRUE,TRUE,TRUE,TRUE,TRUE,NA,2,TRUE
permissive,PE,PE_wave_06,2020-01-26,2020-07-05,2020-12-20,FALSE,2.0976882839447812,2.1824433661243683,198,2019-12-15,0.08159061977476377,0.1464968152866242,26,48,23,3177,33.65836201056854,56,75,101,4,6,8,TRUE,TRUE,TRUE,FALSE,FALSE,1,FALSE,FALSE,FALSE,FALSE,NA,TRUE,TRUE,TRUE,TRUE,TRUE,TRUE,TRUE,TRUE,NA,3,TRUE
permissive,PE,PE_wave_07,2021-01-10,2021-05-30,2021-12-19,FALSE,16.388290988467375,15.46961746011901,1552,2020-12-20,0.06709777339217314,0.03074433656957929,19,50,20,20120,212.4564527628631,236,427,619,4,6,8,TRUE,TRUE,TRUE,FALSE,FALSE,1,FALSE,FALSE,FALSE,FALSE,NA,TRUE,TRUE,TRUE,TRUE,TRUE,TRUE,TRUE,TRUE,NA,4,TRUE
permissive,PE,PE_wave_08,2022-01-09,2022-04-24,2022-12-18,FALSE,9.680790930099633,10.358481408702907,919,2021-12-19,0.13023341206471065,0.012572635594566223,30,50,15,13046,137.427201821632,376,814,1352,4,6,8,TRUE,TRUE,TRUE,FALSE,FALSE,1,FALSE,FALSE,FALSE,FALSE,NA,TRUE,TRUE,TRUE,TRUE,TRUE,TRUE,TRUE,TRUE,NA,5,TRUE
permissive,PE,PE_wave_09,2022-12-25,2023-03-19,2023-12-31,FALSE,0.4729631657337556,0.6831690171709803,45,2022-12-18,0.10885183853213225,0.15933368726657188,20,54,12,1164,12.234075578919859,68,114,159,4,6,8,TRUE,TRUE,TRUE,FALSE,FALSE,4,FALSE,FALSE,TRUE,FALSE,NA,TRUE,TRUE,TRUE,TRUE,TRUE,TRUE,TRUE,TRUE,NA,6,TRUE
permissive,PE,PE_wave_10,2024-01-07,2024-03-10,2024-08-18,FALSE,1.1636404501967652,1.0588079772060657,111,2023-12-31,0.08399218966558562,0.12294496318553692,37,33,9,1604,16.815128667708212,53,120,271,4,6,8,TRUE,TRUE,TRUE,FALSE,FALSE,5,FALSE,FALSE,TRUE,FALSE,NA,TRUE,TRUE,TRUE,TRUE,TRUE,TRUE,TRUE,TRUE,NA,7,TRUE
permissive,PE,PE_wave_11,2024-08-25,2025-03-23,2025-12-28,FALSE,0.3346577763433974,0.3939200909042073,32,2024-08-18,0.15025987795333606,0.3814476118961801,2,71,30,1445,15.11811258472622,72,103,134,4,6,8,TRUE,TRUE,TRUE,FALSE,FALSE,5,FALSE,FALSE,TRUE,FALSE,NA,TRUE,TRUE,TRUE,TRUE,TRUE,TRUE,TRUE,TRUE,NA,8,TRUE
permissive,PI,PI_wave_01,2015-05-10,2015-05-17,2015-05-31,FALSE,0.0614286082857364,0.020476202761912133,2,2015-05-03,0,NA,NA,4,1,2,0.0614286082857364,2,2,2,1,1,1,FALSE,FALSE,FALSE,TRUE,TRUE,1,FALSE,FALSE,FALSE,FALSE,too few nonzero raw incidence weeks; fewer than 30 raw cases; one week contains >=80% of early-window cases (backlog screen),TRUE,FALSE,FALSE,FALSE,FALSE,FALSE,FALSE,FALSE,fewer than 100 total cases and cumulative incidence below 5/100k,NA,NA
permissive,PI,PI_wave_02,2015-11-08,2015-11-15,2015-11-29,FALSE,0.0307143041428682,0.010238101380956066,1,2015-05-31,0,0,23,4,1,1,0.0307143041428682,1,1,1,1,1,1,FALSE,FALSE,FALSE,TRUE,TRUE,1,FALSE,FALSE,FALSE,FALSE,too few nonzero raw incidence weeks; fewer than 30 raw cases; one week contains >=80% of early-window cases (backlog screen),TRUE,FALSE,FALSE,FALSE,FALSE,FALSE,FALSE,FALSE,fewer than 100 total cases and cumulative incidence below 5/100k,NA,NA
permissive,PI,PI_wave_03,2016-03-13,2016-05-08,2016-11-06,FALSE,3.7296390748783126,3.485072578164981,122,2015-11-29,0,0,4,35,8,1210,36.990682627891466,57,193,391,4,6,8,TRUE,TRUE,TRUE,FALSE,FALSE,3,FALSE,FALSE,TRUE,FALSE,NA,TRUE,TRUE,TRUE,TRUE,TRUE,TRUE,TRUE,TRUE,NA,1,FALSE
permissive,PI,PI_wave_04,2017-01-22,2017-05-21,2018-03-25,FALSE,9.76947092075894,10.408595186602982,321,2016-11-06,0.08152216557111065,0.02339181286549707,36,62,17,5588,170.04696222230947,47,103,168,4,6,8,TRUE,TRUE,TRUE,FALSE,FALSE,4,FALSE,FALSE,TRUE,FALSE,NA,TRUE,TRUE,TRUE,TRUE,TRUE,TRUE,TRUE,TRUE,NA,2,TRUE
permissive,PI,PI_wave_05,2018-04-08,2018-07-08,2018-11-25,FALSE,0.9690430124882391,0.6763112691324169,32,2018-03-25,0.22207235702855477,0.32835820895522383,2,34,13,338,10.235516819407025,65,96,113,4,6,7,TRUE,TRUE,TRUE,FALSE,FALSE,4,FALSE,FALSE,TRUE,FALSE,NA,TRUE,TRUE,TRUE,TRUE,TRUE,TRUE,TRUE,TRUE,NA,3,TRUE
permissive,PI,PI_wave_06,2018-12-16,2019-04-28,2019-09-08,FALSE,1.3252101964081984,1.6163548607706058,44,2018-11-25,0.04037679218700996,0.059701492537313425,26,39,19,763,22.981991348115606,13,32,47,4,6,8,FALSE,TRUE,TRUE,FALSE,FALSE,5,FALSE,FALSE,TRUE,FALSE,NA,TRUE,TRUE,TRUE,TRUE,TRUE,TRUE,TRUE,TRUE,NA,4,TRUE
permissive,PI,PI_wave_07,2019-09-15,2020-03-08,2020-03-29,FALSE,0.20984075185341844,0.2398180021181925,7,2019-09-08,0.050197355924552975,0.20931437790818383,3,29,25,108,3.2446011930934846,13,20,26,4,6,8,FALSE,FALSE,FALSE,FALSE,FALSE,1,FALSE,FALSE,FALSE,FALSE,fewer than 30 raw cases,TRUE,TRUE,TRUE,FALSE,TRUE,FALSE,FALSE,FALSE,cumulative incidence below 5/100k,NA,NA
permissive,PI,PI_wave_08,2020-04-05,2020-05-10,2020-08-23,FALSE,0.38970425344206283,0.28978008589281595,13,2020-03-29,0.04996208377462344,0.20833333333333331,3,21,5,85,2.548066272505795,19,36,49,4,6,8,FALSE,TRUE,TRUE,FALSE,FALSE,2,FALSE,FALSE,TRUE,FALSE,NA,TRUE,TRUE,FALSE,FALSE,TRUE,FALSE,FALSE,FALSE,fewer than 100 total cases and cumulative incidence below 5/100k,NA,NA
permissive,PI,PI_wave_09,2020-09-06,2020-11-08,2020-12-20,FALSE,0.05995450052954812,0.05995450052954813,2,2020-08-23,0.009992416754924687,0.16666666666666666,3,16,9,18,0.5395905047659331,5,8,9,3,5,6,FALSE,FALSE,FALSE,FALSE,FALSE,2,FALSE,FALSE,TRUE,FALSE,fewer than 30 raw cases,TRUE,FALSE,FALSE,FALSE,FALSE,FALSE,FALSE,FALSE,fewer than 100 total cases and cumulative incidence below 5/100k,NA,NA
permissive,PI,PI_wave_10,2020-12-27,2021-01-10,2021-01-24,FALSE,0.14934931490482267,0.09956620993654844,5,2020-12-20,0.009992416754924687,0.16666666666666666,3,5,2,10,0.29869862980964534,10,11,15,3,4,6,FALSE,FALSE,FALSE,TRUE,FALSE,1,FALSE,FALSE,FALSE,FALSE,fewer than 30 raw cases,TRUE,FALSE,FALSE,FALSE,FALSE,FALSE,FALSE,FALSE,fewer than 100 total cases and cumulative incidence below 5/100k,NA,NA
permissive,PI,PI_wave_11,2021-04-04,2021-07-11,2021-10-24,FALSE,0.3285684927906099,0.3584383557715744,11,2021-01-24,0.03982648397461938,0.4000000000000001,2,30,14,198,5.914232870230978,24,40,53,4,6,8,TRUE,TRUE,TRUE,FALSE,FALSE,3,FALSE,FALSE,TRUE,FALSE,NA,TRUE,TRUE,TRUE,FALSE,TRUE,TRUE,FALSE,TRUE,NA,5,TRUE
permissive,PI,PI_wave_12,2022-01-30,2022-04-24,2022-12-11,FALSE,26.064605070593377,25.141173348092355,875,2021-10-24,0,0,17,46,12,9406,280.1870574788586,165,519,1310,4,6,8,TRUE,TRUE,TRUE,FALSE,FALSE,3,FALSE,FALSE,TRUE,FALSE,NA,TRUE,TRUE,TRUE,TRUE,TRUE,TRUE,TRUE,TRUE,NA,6,TRUE
permissive,PI,PI_wave_13,2023-01-01,2023-04-23,2023-10-01,FALSE,7.902834354512237,6.664921704995908,266,2022-12-11,0.1687993471238428,0.02532653114249096,32,40,16,3437,102.11293863330285,123,264,411,4,6,8,TRUE,TRUE,TRUE,FALSE,FALSE,4,FALSE,FALSE,TRUE,FALSE,NA,TRUE,TRUE,TRUE,TRUE,TRUE,TRUE,TRUE,TRUE,NA,7,TRUE
permissive,PI,PI_wave_14,2023-11-19,2024-03-03,2024-12-29,FALSE,1.184958375374669,1.1355851097340577,40,2023-10-01,0.07922640956904498,0.06976703805811524,25,59,15,607,17.98466544924746,20,28,41,4,6,8,TRUE,FALSE,TRUE,FALSE,FALSE,2,FALSE,FALSE,TRUE,FALSE,fewer than 30 raw cases,TRUE,TRUE,TRUE,TRUE,TRUE,TRUE,TRUE,TRUE,NA,8,TRUE
permissive,PI,PI_wave_15,2025-01-05,2025-05-11,2025-12-28,FALSE,0.5909210301999056,0.6795591847298915,20,2024-12-29,0.009874653128122243,0.014530968530794238,33,52,18,489,14.448019188387693,21,37,64,3,5,7,TRUE,TRUE,TRUE,FALSE,FALSE,7,FALSE,FALSE,TRUE,FALSE,NA,TRUE,TRUE,TRUE,TRUE,TRUE,TRUE,TRUE,TRUE,NA,9,TRUE
permissive,PR,PR_wave_01,2016-01-03,2016-05-22,2016-06-19,FALSE,0.00893202939995341,0.020841401933224625,1,2015-12-27,0,NA,NA,25,20,31,0.2768929113985557,4,7,11,2,4,6,FALSE,FALSE,FALSE,FALSE,FALSE,2,FALSE,FALSE,TRUE,FALSE,fewer than 30 raw cases,TRUE,FALSE,FALSE,FALSE,FALSE,FALSE,FALSE,FALSE,fewer than 100 total cases and cumulative incidence below 5/100k,NA,NA
permissive,PR,PR_wave_02,2016-07-03,2016-07-17,2016-08-07,FALSE,0.01786405879990682,0.014886715666589017,2,2016-06-19,0,0,4,6,2,5,0.04466014699976705,5,5,5,3,3,3,FALSE,FALSE,FALSE,TRUE,FALSE,1,FALSE,FALSE,FALSE,FALSE,too few nonzero raw incidence weeks; fewer than 30 raw cases,TRUE,FALSE,FALSE,FALSE,FALSE,FALSE,FALSE,FALSE,fewer than 100 total cases and cumulative incidence below 5/100k,NA,NA
permissive,PR,PR_wave_03,2016-10-02,2016-10-30,2016-11-20,FALSE,0.026796088199860235,0.017864058799906823,3,2016-08-07,0,0,11,8,4,9,0.08038826459958069,4,8,9,2,4,5,FALSE,FALSE,FALSE,FALSE,FALSE,1,FALSE,FALSE,FALSE,FALSE,fewer than 30 raw cases,TRUE,FALSE,FALSE,FALSE,FALSE,FALSE,FALSE,FALSE,fewer than 100 total cases and cumulative incidence below 5/100k,NA,NA
permissive,PR,PR_wave_04,2016-11-27,2017-04-02,2017-06-04,FALSE,0.017722337579871253,0.050213289809635214,2,2016-11-20,0.0029773431333178033,0.16666666666666663,4,28,18,51,0.4524156325568414,6,8,10,2,4,6,FALSE,FALSE,FALSE,FALSE,FALSE,3,FALSE,FALSE,TRUE,FALSE,fewer than 30 raw cases,TRUE,TRUE,FALSE,FALSE,FALSE,FALSE,FALSE,FALSE,fewer than 100 total cases and cumulative incidence below 5/100k,NA,NA
permissive,PR,PR_wave_05,2017-06-18,2017-06-25,2017-07-09,FALSE,0.017722337579871253,0.008861168789935626,2,2017-06-04,0.0029537229299785423,0.33333333333333337,2,4,1,4,0.035444675159742506,4,4,7,3,3,5,FALSE,FALSE,FALSE,TRUE,FALSE,1,FALSE,FALSE,FALSE,FALSE,too few nonzero raw incidence weeks; fewer than 30 raw cases,TRUE,FALSE,FALSE,FALSE,FALSE,FALSE,FALSE,FALSE,fewer than 100 total cases and cumulative incidence below 5/100k,NA,NA
permissive,PR,PR_wave_06,2017-07-23,2017-07-30,2017-10-08,FALSE,0.017722337579871253,0.008861168789935626,2,2017-07-09,0.0029537229299785423,0.33333333333333337,2,12,1,6,0.05316701273961376,3,4,5,2,3,4,FALSE,FALSE,FALSE,TRUE,FALSE,2,FALSE,FALSE,TRUE,FALSE,too few nonzero raw incidence weeks; fewer than 30 raw cases,TRUE,FALSE,FALSE,FALSE,FALSE,FALSE,FALSE,FALSE,fewer than 100 total cases and cumulative incidence below 5/100k,NA,NA
permissive,PR,PR_wave_07,2017-10-29,2017-11-05,2017-11-19,FALSE,0.008861168789935626,0.0029537229299785423,1,2017-10-08,0,0,3,4,1,1,0.008861168789935626,1,1,4,1,1,3,FALSE,FALSE,FALSE,TRUE,TRUE,1,FALSE,FALSE,FALSE,FALSE,too few nonzero raw incidence weeks; fewer than 30 raw cases; one week contains >=80% of early-window cases (backlog screen),TRUE,FALSE,FALSE,FALSE,FALSE,FALSE,FALSE,FALSE,fewer than 100 total cases and cumulative incidence below 5/100k,NA,NA
permissive,PR,PR_wave_08,2017-12-03,2018-03-04,2018-06-10,FALSE,0.11429596324241822,0.0586133144832914,13,2017-11-19,0,0,2,28,13,57,0.5014896969193511,3,6,14,2,4,6,FALSE,FALSE,FALSE,FALSE,FALSE,3,FALSE,FALSE,TRUE,FALSE,fewer than 30 raw cases,TRUE,TRUE,FALSE,FALSE,FALSE,FALSE,FALSE,FALSE,fewer than 100 total cases and cumulative incidence below 5/100k,NA,NA
permissive,PR,PR_wave_09,2018-07-01,2018-07-08,2018-07-22,FALSE,0.00879199717249371,0.0029306657241645697,1,2018-06-10,0,0,3,4,1,1,0.00879199717249371,1,1,1,1,1,1,FALSE,FALSE,FALSE,TRUE,TRUE,1,FALSE,FALSE,FALSE,FALSE,too few nonzero raw incidence weeks; fewer than 30 raw cases; one week contains >=80% of early-window cases (backlog screen),TRUE,FALSE,FALSE,FALSE,FALSE,FALSE,FALSE,FALSE,fewer than 100 total cases and cumulative incidence below 5/100k,NA,NA
permissive,PR,PR_wave_10,2018-09-23,2018-09-30,2018-11-11,FALSE,0.00879199717249371,0.0029306657241645697,1,2018-07-22,0,0,9,8,1,2,0.01758399434498742,1,2,2,1,2,2,FALSE,FALSE,FALSE,TRUE,FALSE,2,FALSE,FALSE,TRUE,FALSE,too few nonzero raw incidence weeks; fewer than 30 raw cases,TRUE,FALSE,FALSE,FALSE,FALSE,FALSE,FALSE,FALSE,fewer than 100 total cases and cumulative incidence below 5/100k,NA,NA
permissive,PR,PR_wave_11,2018-12-30,2019-04-21,2019-07-21,FALSE,0.02615923106509838,0.03778555598291988,3,2018-11-11,0,0,7,30,16,47,0.40982795335320793,2,3,3,2,3,3,FALSE,FALSE,FALSE,FALSE,FALSE,3,FALSE,FALSE,TRUE,FALSE,too few nonzero raw incidence weeks; fewer than 30 raw cases,TRUE,FALSE,FALSE,FALSE,FALSE,FALSE,FALSE,FALSE,fewer than 100 total cases and cumulative incidence below 5/100k,NA,NA
permissive,PR,PR_wave_12,2019-08-04,2019-08-18,2019-09-08,FALSE,0.008719743688366127,0.011626324917821501,1,2019-07-21,0,0,3,6,2,4,0.034878974753464506,4,4,4,3,3,3,FALSE,FALSE,FALSE,TRUE,FALSE,1,FALSE,FALSE,FALSE,FALSE,too few nonzero raw incidence weeks; fewer than 30 raw cases,TRUE,FALSE,FALSE,FALSE,FALSE,FALSE,FALSE,FALSE,fewer than 100 total cases and cumulative incidence below 5/100k,NA,NA
permissive,PR,PR_wave_13,2020-01-12,2020-01-26,2020-03-29,FALSE,0.008649780507494731,0.0057665203383298206,1,2019-09-08,0,0,18,12,2,6,0.05189868304496839,2,3,4,2,3,4,FALSE,FALSE,FALSE,TRUE,FALSE,3,FALSE,FALSE,TRUE,FALSE,too few nonzero raw incidence weeks; fewer than 30 raw cases,TRUE,FALSE,FALSE,FALSE,FALSE,FALSE,FALSE,FALSE,fewer than 100 total cases and cumulative incidence below 5/100k,NA,NA
permissive,PR,PR_wave_14,2020-04-12,2020-04-26,2020-05-17,FALSE,0.008649780507494731,0.011533040676659641,1,2020-03-29,0,0,2,6,2,4,0.034599122029978925,4,4,4,3,3,3,FALSE,FALSE,FALSE,TRUE,FALSE,1,FALSE,FALSE,FALSE,FALSE,too few nonzero raw incidence weeks; fewer than 30 raw cases,TRUE,FALSE,FALSE,FALSE,FALSE,FALSE,FALSE,FALSE,fewer than 100 total cases and cumulative incidence below 5/100k,NA,NA
permissive,PR,PR_wave_15,2020-05-31,2020-06-14,2020-07-26,FALSE,0,0.0057665203383298206,0,2020-05-17,0,0,2,9,2,3,0.025949341522484196,2,2,3,2,2,3,FALSE,FALSE,FALSE,TRUE,FALSE,1,FALSE,FALSE,FALSE,FALSE,too few nonzero raw incidence weeks; fewer than 30 raw cases,TRUE,FALSE,FALSE,FALSE,FALSE,FALSE,FALSE,FALSE,fewer than 100 total cases and cumulative incidence below 5/100k,NA,NA
permissive,PR,PR_wave_16,2020-08-09,2020-08-23,2020-09-20,FALSE,0,0.011533040676659641,0,2020-07-26,0,0,2,7,2,5,0.043248902537473655,4,5,5,2,3,3,FALSE,FALSE,FALSE,TRUE,FALSE,1,FALSE,FALSE,FALSE,FALSE,too few nonzero raw incidence weeks; fewer than 30 raw cases,TRUE,FALSE,FALSE,FALSE,FALSE,FALSE,FALSE,FALSE,fewer than 100 total cases and cumulative incidence below 5/100k,NA,NA
permissive,PR,PR_wave_17,2020-10-25,2020-11-15,2020-12-06,FALSE,0.008649780507494731,0.0057665203383298206,1,2020-09-20,0,0,5,7,3,3,0.025949341522484196,2,3,3,2,3,3,FALSE,FALSE,FALSE,TRUE,FALSE,1,FALSE,FALSE,FALSE,FALSE,too few nonzero raw incidence weeks; fewer than 30 raw cases,TRUE,FALSE,FALSE,FALSE,FALSE,FALSE,FALSE,FALSE,fewer than 100 total cases and cumulative incidence below 5/100k,NA,NA
permissive,PR,PR_wave_18,2021-01-10,2021-03-28,2021-06-06,FALSE,0.13757171140412738,0.11464309283677282,16,2020-12-06,0,0,5,22,11,99,0.8512249643130382,2,2,5,2,2,4,FALSE,FALSE,FALSE,FALSE,FALSE,2,FALSE,FALSE,TRUE,FALSE,too few nonzero raw incidence weeks; fewer than 30 raw cases,TRUE,TRUE,FALSE,FALSE,FALSE,FALSE,FALSE,FALSE,fewer than 100 total cases and cumulative incidence below 5/100k,NA,NA
permissive,PR,PR_wave_19,2021-06-27,2021-07-04,2021-07-25,FALSE,0.025794695888273884,0.011464309283677282,3,2021-06-06,0,0,3,5,1,4,0.034392927851031846,4,4,8,2,2,4,FALSE,FALSE,FALSE,TRUE,FALSE,1,FALSE,FALSE,FALSE,FALSE,too few nonzero raw incidence weeks; fewer than 30 raw cases,TRUE,FALSE,FALSE,FALSE,FALSE,FALSE,FALSE,FALSE,fewer than 100 total cases and cumulative incidence below 5/100k,NA,NA
permissive,PR,PR_wave_20,2021-08-01,2021-08-08,2021-09-19,FALSE,0.025794695888273884,0.011464309283677282,3,2021-07-25,0,0,2,8,1,6,0.05158939177654777,4,6,6,2,4,4,FALSE,FALSE,FALSE,TRUE,FALSE,1,FALSE,FALSE,FALSE,FALSE,fewer than 30 raw cases,TRUE,FALSE,FALSE,FALSE,FALSE,FALSE,FALSE,FALSE,fewer than 100 total cases and cumulative incidence below 5/100k,NA,NA
permissive,PR,PR_wave_21,2022-01-02,2022-02-27,2022-05-15,FALSE,0.02567022387515646,0.01996572968067725,3,2021-09-19,0,0,18,20,8,20,0.17113482583437642,2,3,5,2,3,4,FALSE,FALSE,FALSE,FALSE,FALSE,3,FALSE,FALSE,TRUE,FALSE,too few nonzero raw incidence weeks; fewer than 30 raw cases,TRUE,FALSE,FALSE,FALSE,FALSE,FALSE,FALSE,FALSE,fewer than 100 total cases and cumulative incidence below 5/100k,NA,NA
permissive,PR,PR_wave_22,2022-06-12,2022-06-26,2022-09-25,FALSE,0.00855674129171882,0.00855674129171882,1,2022-05-15,0,0,5,16,2,7,0.05989718904203174,3,4,5,3,4,5,FALSE,FALSE,FALSE,TRUE,FALSE,3,FALSE,FALSE,TRUE,FALSE,fewer than 30 raw cases,TRUE,FALSE,FALSE,FALSE,FALSE,FALSE,FALSE,FALSE,fewer than 100 total cases and cumulative incidence below 5/100k,NA,NA
permissive,PR,PR_wave_23,2022-11-06,2022-11-13,2022-11-27,FALSE,0.00855674129171882,0.002852247097239607,1,2022-09-25,0,0,6,4,1,1,0.00855674129171882,1,1,1,1,1,1,FALSE,FALSE,FALSE,TRUE,TRUE,1,FALSE,FALSE,FALSE,FALSE,too few nonzero raw incidence weeks; fewer than 30 raw cases; one week contains >=80% of early-window cases (backlog screen),TRUE,FALSE,FALSE,FALSE,FALSE,FALSE,FALSE,FALSE,fewer than 100 total cases and cumulative incidence below 5/100k,NA,NA
permissive,PR,PR_wave_24,2023-01-15,2023-03-26,2023-11-05,FALSE,1.0890037674425648,1.2137854491286921,128,2022-11-27,0,0,4,43,10,1592,13.5444843575669,34,59,192,4,6,8,TRUE,TRUE,TRUE,FALSE,FALSE,2,FALSE,FALSE,TRUE,FALSE,NA,TRUE,TRUE,TRUE,TRUE,TRUE,TRUE,TRUE,TRUE,NA,1,FALSE
permissive,PR,PR_wave_25,2023-12-24,2024-05-05,2024-08-04,FALSE,0.14376728643052467,0.1353103872287291,17,2023-11-05,0.0028359473110483456,0.020958829319248428,26,33,19,232,1.9624081566673677,20,32,39,3,5,7,TRUE,TRUE,FALSE,FALSE,FALSE,3,FALSE,FALSE,TRUE,FALSE,NA,TRUE,TRUE,TRUE,TRUE,FALSE,FALSE,FALSE,FALSE,cumulative incidence below 5/100k,NA,NA
permissive,PR,PR_wave_26,2024-08-25,2024-09-01,2024-09-22,FALSE,0.025370697605386707,0.014094832002992615,3,2024-08-04,0.005637932801197045,0.39999999999999997,3,5,1,6,0.050741395210773414,6,6,12,4,4,6,FALSE,FALSE,FALSE,TRUE,FALSE,1,FALSE,FALSE,FALSE,FALSE,fewer than 30 raw cases,TRUE,FALSE,FALSE,FALSE,FALSE,FALSE,FALSE,FALSE,fewer than 100 total cases and cumulative incidence below 5/100k,NA,NA
permissive,PR,PR_wave_27,2024-11-24,2025-03-23,2025-12-28,FALSE,4.280698071684284,4.476931775035888,509,2024-09-22,0.0028189664005985227,0.19999999999999998,2,58,17,6243,52.513293203180815,121,204,350,4,6,8,TRUE,TRUE,TRUE,FALSE,FALSE,3,FALSE,FALSE,TRUE,FALSE,NA,TRUE,TRUE,TRUE,TRUE,TRUE,TRUE,TRUE,TRUE,NA,2,TRUE
permissive,RJ,RJ_wave_01,2015-02-08,2015-02-15,2015-03-01,FALSE,0.011784214996874827,0.003928071665624942,2,2015-02-01,0,NA,NA,4,1,2,0.011784214996874827,2,2,2,1,1,1,FALSE,FALSE,FALSE,TRUE,TRUE,1,FALSE,FALSE,FALSE,FALSE,too few nonzero raw incidence weeks; fewer than 30 raw cases; too few nonzero renewal infectiousness contributions; one week contains >=80% of early-window cases (backlog screen),TRUE,FALSE,FALSE,FALSE,FALSE,FALSE,FALSE,FALSE,fewer than 100 total cases and cumulative incidence below 5/100k,NA,NA
permissive,RJ,RJ_wave_02,2015-04-05,2015-04-12,2015-05-03,FALSE,0.0058921074984374135,0.003928071665624942,1,2015-03-01,0,0,5,5,1,2,0.011784214996874827,2,2,2,2,2,2,FALSE,FALSE,FALSE,TRUE,FALSE,1,FALSE,FALSE,FALSE,FALSE,too few nonzero raw incidence weeks; fewer than 30 raw cases,TRUE,FALSE,FALSE,FALSE,FALSE,FALSE,FALSE,FALSE,fewer than 100 total cases and cumulative incidence below 5/100k,NA,NA
permissive,RJ,RJ_wave_03,2015-07-05,2015-07-12,2015-08-02,FALSE,0.0058921074984374135,0.003928071665624942,1,2015-05-03,0,0,9,5,1,2,0.011784214996874827,2,2,2,2,2,2,FALSE,FALSE,FALSE,TRUE,FALSE,1,FALSE,FALSE,FALSE,FALSE,too few nonzero raw incidence weeks; fewer than 30 raw cases,TRUE,FALSE,FALSE,FALSE,FALSE,FALSE,FALSE,FALSE,fewer than 100 total cases and cumulative incidence below 5/100k,NA,NA
permissive,RJ,RJ_wave_04,2015-11-29,2016-04-17,2016-09-11,FALSE,0.6160624375173341,0.6121509299775415,105,2015-08-02,0,0,14,42,20,1316,7.722011576835546,22,33,51,4,6,8,TRUE,TRUE,TRUE,FALSE,FALSE,4,FALSE,FALSE,TRUE,FALSE,NA,TRUE,TRUE,TRUE,TRUE,TRUE,TRUE,FALSE,TRUE,NA,1,FALSE
permissive,RJ,RJ_wave_05,2016-11-13,2017-01-29,2017-10-29,FALSE,0.8069987610814673,0.8908174729812331,138,2016-09-11,0.03129206031834078,0.05111821086261981,29,51,11,3758,21.97794389573504,43,76,218,4,6,8,TRUE,TRUE,TRUE,FALSE,FALSE,3,FALSE,FALSE,TRUE,FALSE,NA,TRUE,TRUE,TRUE,TRUE,TRUE,TRUE,TRUE,TRUE,NA,2,TRUE
permissive,RJ,RJ_wave_06,2017-12-10,2018-05-06,2018-09-09,FALSE,8.058805723478118,8.46310663772883,1382,2017-10-29,0.13449979351357788,0.15098468271334795,19,40,21,28182,164.3417577248186,308,690,1155,4,6,8,TRUE,TRUE,TRUE,FALSE,FALSE,2,FALSE,FALSE,TRUE,FALSE,NA,TRUE,TRUE,TRUE,TRUE,TRUE,TRUE,TRUE,TRUE,NA,3,TRUE
permissive,RJ,RJ_wave_07,2018-12-02,2019-05-05,2020-09-13,FALSE,33.21523150132323,31.49369262470063,5711,2018-09-09,1.3159217257102473,0.1554892053284336,22,94,22,82566,480.2131888310785,1391,3121,4827,4,6,8,TRUE,TRUE,TRUE,FALSE,FALSE,9,FALSE,FALSE,TRUE,FALSE,NA,TRUE,TRUE,TRUE,TRUE,TRUE,TRUE,TRUE,TRUE,NA,4,TRUE
permissive,RJ,RJ_wave_08,2020-09-20,2021-05-09,2021-12-19,FALSE,0.10452685483629788,0.1316264097938566,18,2020-09-13,0.03870949136405764,0.29408605328278375,6,66,33,581,3.373820361646741,37,52,77,4,6,8,TRUE,TRUE,TRUE,FALSE,FALSE,4,FALSE,FALSE,TRUE,FALSE,NA,TRUE,TRUE,TRUE,TRUE,TRUE,FALSE,FALSE,FALSE,cumulative incidence below 5/100k,NA,NA
permissive,RJ,RJ_wave_09,2021-12-26,2022-05-01,2022-09-04,FALSE,0.15686948923294305,0.13556622526303722,27,2021-12-19,0.0038713649939369587,0.029411764705882356,31,37,18,390,2.265892622253622,16,29,38,3,5,7,FALSE,FALSE,FALSE,FALSE,FALSE,6,FALSE,FALSE,TRUE,FALSE,fewer than 30 raw cases,TRUE,TRUE,TRUE,TRUE,TRUE,FALSE,FALSE,FALSE,cumulative incidence below 5/100k,NA,NA
permissive,RJ,RJ_wave_10,2022-09-11,2023-05-28,2023-08-13,FALSE,0.2497993907567138,0.21494366181391653,43,2022-09-04,0.032923226135309035,0.24285714285714283,12,49,37,802,4.659132946014384,38,48,58,4,6,8,TRUE,TRUE,TRUE,FALSE,FALSE,4,FALSE,FALSE,TRUE,FALSE,NA,TRUE,TRUE,TRUE,TRUE,TRUE,FALSE,FALSE,FALSE,cumulative incidence below 5/100k,NA,NA
permissive,RJ,RJ_wave_11,2023-09-10,2024-04-07,2024-10-20,FALSE,1.1440399092224658,1.0027287190816196,197,2023-08-13,0.061965740342750715,0.2882882882882883,6,59,30,3813,22.143897252621986,58,81,113,4,6,8,TRUE,TRUE,TRUE,FALSE,FALSE,3,FALSE,FALSE,TRUE,FALSE,NA,TRUE,TRUE,TRUE,TRUE,TRUE,TRUE,TRUE,TRUE,NA,5,TRUE
permissive,RJ,RJ_wave_12,2024-10-27,2025-02-09,2025-04-20,FALSE,0.5341524600014155,0.5786651650015334,92,2024-10-20,0.06000886156666064,0.1037022188237331,21,26,15,1301,7.554001151808807,109,187,248,4,6,8,TRUE,TRUE,TRUE,FALSE,FALSE,6,FALSE,FALSE,TRUE,FALSE,NA,TRUE,TRUE,TRUE,TRUE,TRUE,TRUE,FALSE,TRUE,NA,6,TRUE
permissive,RN,RN_wave_01,2015-01-25,2015-02-08,2015-03-08,FALSE,0,0.010034079748457662,0,2015-01-18,0,NA,NA,7,2,2,0.06020447849074597,1,2,2,1,2,2,FALSE,FALSE,FALSE,TRUE,FALSE,1,FALSE,FALSE,FALSE,FALSE,too few nonzero raw incidence weeks; fewer than 30 raw cases; too few nonzero renewal infectiousness contributions,TRUE,FALSE,FALSE,FALSE,FALSE,FALSE,FALSE,FALSE,fewer than 100 total cases and cumulative incidence below 5/100k,NA,NA
permissive,RN,RN_wave_02,2015-06-21,2015-07-05,2015-07-26,FALSE,0,0.020068159496915323,0,2015-03-08,0,0,15,6,2,2,0.06020447849074597,2,2,2,2,2,2,FALSE,FALSE,FALSE,TRUE,FALSE,1,FALSE,FALSE,FALSE,FALSE,too few nonzero raw incidence weeks; fewer than 30 raw cases,TRUE,FALSE,FALSE,FALSE,FALSE,FALSE,FALSE,FALSE,fewer than 100 total cases and cumulative incidence below 5/100k,NA,NA
permissive,RN,RN_wave_03,2015-10-18,2015-11-01,2015-11-22,FALSE,0.030102239245372985,0.030102239245372985,1,2015-07-26,0,0,12,6,2,3,0.09030671773611895,3,3,4,3,3,4,FALSE,FALSE,FALSE,TRUE,FALSE,1,FALSE,FALSE,FALSE,FALSE,too few nonzero raw incidence weeks; fewer than 30 raw cases,TRUE,FALSE,FALSE,FALSE,FALSE,FALSE,FALSE,FALSE,fewer than 100 total cases and cumulative incidence below 5/100k,NA,NA
permissive,RN,RN_wave_04,2016-01-10,2016-05-08,2016-12-18,FALSE,5.355620693998683,6.163451748400719,179,2015-11-22,0,0,3,50,17,3577,107.02265487392899,42,198,368,4,6,8,TRUE,TRUE,TRUE,FALSE,FALSE,3,FALSE,FALSE,TRUE,FALSE,NA,TRUE,TRUE,TRUE,TRUE,TRUE,TRUE,TRUE,TRUE,NA,1,FALSE
permissive,RN,RN_wave_05,2016-12-25,2017-02-26,2017-04-09,FALSE,0.8632964169924121,0.734298101809638,29,2016-12-18,0.05983933736311378,0.0814918862184758,18,16,9,206,6.132683098275255,31,42,61,4,6,8,TRUE,TRUE,TRUE,FALSE,FALSE,2,FALSE,FALSE,TRUE,FALSE,NA,TRUE,TRUE,TRUE,TRUE,TRUE,TRUE,FALSE,TRUE,NA,2,TRUE
permissive,RN,RN_wave_06,2017-04-23,2017-06-18,2018-01-21,FALSE,1.309829046471246,1.091524205392705,44,2017-04-09,0.218304841078541,0.2972972972972973,2,40,8,704,20.955827765520958,67,142,196,4,6,8,TRUE,TRUE,TRUE,FALSE,FALSE,4,FALSE,FALSE,TRUE,FALSE,NA,TRUE,TRUE,TRUE,TRUE,TRUE,TRUE,TRUE,TRUE,NA,3,TRUE
permissive,RN,RN_wave_07,2018-02-11,2018-07-15,2018-10-28,FALSE,3.6438927320930077,3.0810149929892097,123,2018-01-21,0.05925028832671557,0.05428215703691032,22,38,22,1219,36.11305073513314,59,102,118,4,6,8,TRUE,TRUE,TRUE,FALSE,FALSE,5,FALSE,FALSE,TRUE,FALSE,NA,TRUE,TRUE,TRUE,TRUE,TRUE,TRUE,TRUE,TRUE,NA,4,TRUE
permissive,RN,RN_wave_08,2019-02-24,2019-07-07,2019-12-08,FALSE,10.670804502018315,11.368435367251557,362,2018-10-28,0.10862552859897855,0.035256410256410256,30,42,19,6406,188.83197138102022,175,292,388,4,6,8,TRUE,TRUE,TRUE,FALSE,FALSE,3,FALSE,FALSE,TRUE,FALSE,NA,TRUE,TRUE,TRUE,TRUE,TRUE,TRUE,TRUE,TRUE,NA,5,TRUE
permissive,RN,RN_wave_09,2020-01-05,2020-06-21,2020-12-13,FALSE,4.930130079134457,5.106206153389259,168,2019-12-08,0.41268304703938236,0.08081989536702563,27,50,24,3309,97.10595495152332,85,156,229,4,6,8,TRUE,TRUE,TRUE,FALSE,FALSE,3,FALSE,FALSE,TRUE,FALSE,NA,TRUE,TRUE,TRUE,TRUE,TRUE,TRUE,TRUE,TRUE,NA,6,TRUE
permissive,RN,RN_wave_10,2021-01-31,2021-04-25,2021-10-17,FALSE,6.053725497765386,6.443659507283285,207,2020-12-13,0.15651206600426848,0.030651340996168584,31,38,12,2923,85.48328323656146,57,142,287,4,6,8,TRUE,TRUE,TRUE,FALSE,FALSE,4,FALSE,FALSE,TRUE,FALSE,NA,TRUE,TRUE,TRUE,TRUE,TRUE,TRUE,TRUE,TRUE,NA,7,TRUE
permissive,RN,RN_wave_11,2021-10-31,2022-04-24,2023-02-05,FALSE,7.205462148715489,6.3789246552730905,247,2021-10-17,0.7116295673701661,0.1115594878177316,34,67,25,5199,151.6851517129246,138,218,310,4,6,8,TRUE,TRUE,TRUE,FALSE,FALSE,4,FALSE,FALSE,TRUE,FALSE,NA,TRUE,TRUE,TRUE,TRUE,TRUE,TRUE,TRUE,TRUE,NA,8,TRUE
permissive,RN,RN_wave_12,2023-02-19,2023-04-16,2023-12-17,FALSE,1.280455190179607,1.2222526815350794,44,2023-02-05,0.08730376296679139,0.07142857142857144,23,44,8,618,17.984575171159026,32,60,134,4,6,8,TRUE,TRUE,TRUE,FALSE,FALSE,4,FALSE,FALSE,TRUE,FALSE,NA,TRUE,TRUE,TRUE,TRUE,TRUE,TRUE,TRUE,TRUE,NA,9,TRUE
permissive,RN,RN_wave_13,2023-12-24,2024-03-10,2024-12-15,FALSE,2.1763916065571487,1.8571875042621002,75,2023-12-17,0.08730376296679139,0.07142857142857144,31,52,11,1137,32.99492375108806,25,49,97,3,5,7,TRUE,TRUE,TRUE,FALSE,FALSE,5,FALSE,FALSE,TRUE,FALSE,NA,TRUE,TRUE,TRUE,TRUE,TRUE,TRUE,TRUE,TRUE,NA,10,TRUE
permissive,RN,RN_wave_14,2025-01-05,2025-08-03,2025-12-28,FALSE,1.852261321657913,1.9294388767269925,64,2024-12-15,0.04836425792349219,0.026041666666666668,41,52,30,1239,35.85862152397116,27,47,61,4,6,8,TRUE,TRUE,TRUE,FALSE,FALSE,5,FALSE,FALSE,TRUE,FALSE,NA,TRUE,TRUE,TRUE,TRUE,TRUE,TRUE,TRUE,TRUE,NA,11,TRUE
permissive,RO,RO_wave_01,2015-11-22,2015-11-29,2015-12-13,FALSE,0.05999138523707996,0.019997128412359986,1,2015-11-15,0,NA,NA,4,1,1,0.05999138523707996,1,1,2,1,1,2,FALSE,FALSE,FALSE,TRUE,TRUE,1,FALSE,FALSE,FALSE,FALSE,too few nonzero raw incidence weeks; fewer than 30 raw cases; one week contains >=80% of early-window cases (backlog screen),TRUE,FALSE,FALSE,FALSE,FALSE,FALSE,FALSE,FALSE,fewer than 100 total cases and cumulative incidence below 5/100k,NA,NA
permissive,RO,RO_wave_02,2016-01-03,2016-02-07,2016-04-03,FALSE,0.11904166696427083,0.19840277827378472,2,2015-12-13,0,0,3,14,5,16,0.9523333357141667,1,7,12,1,3,5,FALSE,FALSE,FALSE,FALSE,FALSE,1,FALSE,FALSE,FALSE,FALSE,too few nonzero raw incidence weeks; fewer than 30 raw cases,TRUE,FALSE,FALSE,FALSE,FALSE,FALSE,FALSE,FALSE,fewer than 100 total cases and cumulative incidence below 5/100k,NA,NA
permissive,RO,RO_wave_03,2016-05-22,2016-07-03,2016-08-14,FALSE,0.11904166696427083,0.07936111130951388,2,2016-04-03,0.01984027782737847,0.25,7,13,6,11,0.6547291683034896,3,4,8,3,4,6,FALSE,FALSE,FALSE,FALSE,FALSE,1,FALSE,FALSE,FALSE,FALSE,fewer than 30 raw cases,TRUE,FALSE,FALSE,FALSE,FALSE,FALSE,FALSE,FALSE,fewer than 100 total cases and cumulative incidence below 5/100k,NA,NA
permissive,RO,RO_wave_04,2016-09-04,2016-09-18,2016-11-06,FALSE,0.2976041674106771,0.15872222261902777,5,2016-08-14,0.01984027782737847,0.25,3,10,2,17,1.0118541691963021,8,12,16,3,5,7,FALSE,FALSE,FALSE,TRUE,FALSE,1,FALSE,FALSE,FALSE,FALSE,fewer than 30 raw cases,TRUE,FALSE,FALSE,FALSE,FALSE,FALSE,FALSE,FALSE,fewer than 100 total cases and cumulative incidence below 5/100k,NA,NA
permissive,RO,RO_wave_05,2016-11-27,2017-02-12,2017-04-09,FALSE,0.6502842333267123,0.47293398787397256,11,2016-11-06,0.01984027782737847,0.125,5,20,11,84,4.971868147645044,10,18,30,3,5,7,FALSE,FALSE,FALSE,FALSE,FALSE,1,FALSE,FALSE,FALSE,FALSE,fewer than 30 raw cases,TRUE,TRUE,FALSE,FALSE,TRUE,FALSE,FALSE,FALSE,fewer than 100 total cases and cumulative incidence below 5/100k,NA,NA
permissive,RO,RO_wave_06,2017-04-30,2017-07-09,2017-08-20,FALSE,0.2955837424212328,0.1576446626246575,5,2017-04-09,0.01970558282808219,0.125,5,17,10,26,1.5370354605904106,5,8,11,3,4,5,FALSE,FALSE,FALSE,FALSE,FALSE,4,FALSE,FALSE,TRUE,FALSE,fewer than 30 raw cases,TRUE,FALSE,FALSE,FALSE,FALSE,FALSE,FALSE,FALSE,fewer than 100 total cases and cumulative incidence below 5/100k,NA,NA
permissive,RO,RO_wave_07,2017-09-03,2017-12-03,2017-12-17,FALSE,0.23646699393698628,0.1576446626246575,4,2017-08-20,0.05911674848424657,0.375,2,16,13,21,1.241451718169178,7,9,12,4,5,7,FALSE,FALSE,FALSE,FALSE,FALSE,1,FALSE,FALSE,FALSE,FALSE,fewer than 30 raw cases,TRUE,FALSE,FALSE,FALSE,FALSE,FALSE,FALSE,FALSE,fewer than 100 total cases and cumulative incidence below 5/100k,NA,NA
permissive,RO,RO_wave_08,2017-12-31,2018-01-07,2018-09-30,FALSE,0.17627440519139875,0.15692743578376356,3,2017-12-17,0.05911674848424657,0.37671391359319634,2,40,1,58,3.4086890605412696,9,15,16,4,6,7,FALSE,FALSE,FALSE,TRUE,FALSE,7,FALSE,FALSE,TRUE,FALSE,fewer than 30 raw cases,TRUE,TRUE,FALSE,FALSE,TRUE,FALSE,FALSE,FALSE,fewer than 100 total cases and cumulative incidence below 5/100k,NA,NA
permissive,RO,RO_wave_09,2018-10-21,2018-10-28,2018-11-11,FALSE,0.05875813506379958,0.019586045021266527,1,2018-09-30,0,0,3,4,1,1,0.05875813506379958,1,1,1,1,1,1,FALSE,FALSE,FALSE,TRUE,TRUE,1,FALSE,FALSE,FALSE,FALSE,too few nonzero raw incidence weeks; fewer than 30 raw cases; one week contains >=80% of early-window cases (backlog screen),TRUE,FALSE,FALSE,FALSE,FALSE,FALSE,FALSE,FALSE,fewer than 100 total cases and cumulative incidence below 5/100k,NA,NA
permissive,RO,RO_wave_10,2018-12-30,2019-03-17,2019-05-26,FALSE,0.4671369178306161,0.4476728795876738,8,2018-11-11,0,0,7,22,11,62,3.620311113187275,1,4,14,1,3,5,FALSE,FALSE,FALSE,FALSE,FALSE,1,FALSE,FALSE,FALSE,FALSE,too few nonzero raw incidence weeks; fewer than 30 raw cases,TRUE,TRUE,FALSE,FALSE,TRUE,FALSE,FALSE,FALSE,fewer than 100 total cases and cumulative incidence below 5/100k,NA,NA
permissive,RO,RO_wave_11,2019-07-07,2019-07-21,2019-08-18,FALSE,0.058392114728827015,0.03892807648588468,1,2019-05-26,0,0,6,7,2,3,0.17517634418648104,2,3,3,2,3,3,FALSE,FALSE,FALSE,TRUE,FALSE,1,FALSE,FALSE,FALSE,FALSE,too few nonzero raw incidence weeks; fewer than 30 raw cases,TRUE,FALSE,FALSE,FALSE,FALSE,FALSE,FALSE,FALSE,fewer than 100 total cases and cumulative incidence below 5/100k,NA,NA
permissive,RO,RO_wave_12,2019-10-13,2019-10-20,2019-11-03,FALSE,0.11678422945765403,0.03892807648588468,2,2019-08-18,0,0,8,4,1,2,0.11678422945765403,2,2,5,1,1,3,FALSE,FALSE,FALSE,TRUE,TRUE,1,FALSE,FALSE,FALSE,FALSE,too few nonzero raw incidence weeks; fewer than 30 raw cases; one week contains >=80% of early-window cases (backlog screen),TRUE,FALSE,FALSE,FALSE,FALSE,FALSE,FALSE,FALSE,fewer than 100 total cases and cumulative incidence below 5/100k,NA,NA
permissive,RO,RO_wave_13,2019-11-17,2019-12-01,2019-12-29,FALSE,0.058392114728827015,0.058392114728827015,1,2019-11-03,0,0,2,7,2,5,0.2919605736441351,3,5,5,2,3,3,FALSE,FALSE,FALSE,TRUE,FALSE,1,FALSE,FALSE,FALSE,FALSE,too few nonzero raw incidence weeks; fewer than 30 raw cases,TRUE,FALSE,FALSE,FALSE,FALSE,FALSE,FALSE,FALSE,fewer than 100 total cases and cumulative incidence below 5/100k,NA,NA
permissive,RO,RO_wave_14,2020-01-05,2020-02-02,2020-06-28,FALSE,0.17413987959968724,0.3482797591993745,3,2019-12-29,0,0,2,26,4,46,2.6701448205285376,8,21,24,3,5,7,FALSE,FALSE,FALSE,FALSE,FALSE,3,FALSE,FALSE,TRUE,FALSE,fewer than 30 raw cases,TRUE,FALSE,FALSE,FALSE,TRUE,FALSE,FALSE,FALSE,fewer than 100 total cases and cumulative incidence below 5/100k,NA,NA
permissive,RO,RO_wave_15,2020-07-19,2020-08-02,2020-08-23,FALSE,0.05804662653322908,0.05804662653322908,1,2020-06-28,0,0,5,6,2,3,0.17413987959968724,3,3,3,3,3,3,FALSE,FALSE,FALSE,TRUE,FALSE,1,FALSE,FALSE,FALSE,FALSE,too few nonzero raw incidence weeks; fewer than 30 raw cases,TRUE,FALSE,FALSE,FALSE,FALSE,FALSE,FALSE,FALSE,fewer than 100 total cases and cumulative incidence below 5/100k,NA,NA
permissive,RO,RO_wave_16,2020-09-06,2020-09-20,2020-10-11,FALSE,0,0.05804662653322908,0,2020-08-23,0,0,3,6,2,3,0.17413987959968724,3,3,3,2,2,2,FALSE,FALSE,FALSE,TRUE,FALSE,1,FALSE,FALSE,FALSE,FALSE,too few nonzero raw incidence weeks; fewer than 30 raw cases,TRUE,FALSE,FALSE,FALSE,FALSE,FALSE,FALSE,FALSE,fewer than 100 total cases and cumulative incidence below 5/100k,NA,NA
permissive,RO,RO_wave_17,2020-11-15,2020-11-29,2020-12-20,FALSE,0,0.07739550204430544,0,2020-10-11,0,0,7,6,2,4,0.23218650613291633,4,4,5,2,2,3,FALSE,FALSE,FALSE,TRUE,FALSE,1,FALSE,FALSE,FALSE,FALSE,too few nonzero raw incidence weeks; fewer than 30 raw cases,TRUE,FALSE,FALSE,FALSE,FALSE,FALSE,FALSE,FALSE,fewer than 100 total cases and cumulative incidence below 5/100k,NA,NA
permissive,RO,RO_wave_18,2020-12-27,2021-01-31,2021-02-21,FALSE,0.11563220171806325,0.13490423533774046,2,2020-12-20,0,0,4,9,5,11,0.6359771094493479,4,8,11,3,5,6,FALSE,FALSE,FALSE,FALSE,FALSE,1,FALSE,FALSE,FALSE,FALSE,fewer than 30 raw cases,TRUE,FALSE,FALSE,FALSE,FALSE,FALSE,FALSE,FALSE,fewer than 100 total cases and cumulative incidence below 5/100k,NA,NA
permissive,RO,RO_wave_19,2021-02-28,2021-06-06,2021-09-26,FALSE,0.1734483025770949,0.25053643705580375,3,2021-02-21,0.01927203361967721,0.14285714285714288,2,31,14,56,3.237701648105771,9,10,15,4,5,7,FALSE,FALSE,FALSE,FALSE,FALSE,5,FALSE,FALSE,TRUE,FALSE,fewer than 30 raw cases,TRUE,TRUE,FALSE,FALSE,TRUE,FALSE,FALSE,FALSE,fewer than 100 total cases and cumulative incidence below 5/100k,NA,NA
permissive,RO,RO_wave_20,2021-11-07,2022-01-09,2022-02-06,FALSE,0.11529716691801449,0.057648583459007245,2,2021-09-26,0.01927203361967721,0.3343019457430583,2,14,9,7,0.40387511901309947,2,2,2,1,1,1,FALSE,FALSE,FALSE,FALSE,TRUE,1,FALSE,FALSE,FALSE,FALSE,too few nonzero raw incidence weeks; fewer than 30 raw cases; one week contains >=80% of early-window cases (backlog screen),TRUE,FALSE,FALSE,FALSE,FALSE,FALSE,FALSE,FALSE,fewer than 100 total cases and cumulative incidence below 5/100k,NA,NA
permissive,RO,RO_wave_21,2022-02-20,2022-04-24,2022-05-29,FALSE,0.23059433383602898,0.230594333836029,4,2022-02-06,0.01921619448633575,0.3333333333333333,2,15,9,30,1.7294575037702176,7,11,14,4,6,7,FALSE,FALSE,FALSE,FALSE,FALSE,1,FALSE,FALSE,FALSE,FALSE,fewer than 30 raw cases,TRUE,FALSE,FALSE,FALSE,FALSE,FALSE,FALSE,FALSE,fewer than 100 total cases and cumulative incidence below 5/100k,NA,NA
permissive,RO,RO_wave_22,2022-06-05,2022-07-24,2022-09-04,FALSE,0.17294575037702176,0.13451336140435025,3,2022-05-29,0.01921619448633575,0.14285714285714285,3,14,7,20,1.1529716691801448,7,9,14,3,5,7,FALSE,FALSE,FALSE,FALSE,FALSE,1,FALSE,FALSE,FALSE,FALSE,fewer than 30 raw cases,TRUE,FALSE,FALSE,FALSE,FALSE,FALSE,FALSE,FALSE,fewer than 100 total cases and cumulative incidence below 5/100k,NA,NA
permissive,RO,RO_wave_23,2022-09-18,2022-09-25,2022-11-06,FALSE,0.11529716691801449,0.09608097243167875,2,2022-09-04,0.01921619448633575,0.19999999999999998,5,8,1,6,0.3458915007540435,5,6,6,2,3,3,FALSE,FALSE,FALSE,TRUE,FALSE,1,FALSE,FALSE,FALSE,FALSE,too few nonzero raw incidence weeks; fewer than 30 raw cases,TRUE,FALSE,FALSE,FALSE,FALSE,FALSE,FALSE,FALSE,fewer than 100 total cases and cumulative incidence below 5/100k,NA,NA
permissive,RO,RO_wave_24,2022-11-20,2023-02-12,2023-04-16,FALSE,0.2298513723563501,0.13407996720787088,4,2022-11-06,0,0,10,22,12,25,1.437128298336947,2,3,8,1,2,4,FALSE,FALSE,FALSE,FALSE,FALSE,3,FALSE,FALSE,TRUE,FALSE,too few nonzero raw incidence weeks; fewer than 30 raw cases,TRUE,FALSE,FALSE,FALSE,FALSE,FALSE,FALSE,FALSE,fewer than 100 total cases and cumulative incidence below 5/100k,NA,NA
permissive,RO,RO_wave_25,2023-10-22,2023-10-29,2023-11-12,FALSE,0.05746284308908752,0.01915428102969584,1,2023-04-16,0,0,27,4,1,1,0.05746284308908752,1,1,1,1,1,1,FALSE,FALSE,FALSE,TRUE,TRUE,1,FALSE,FALSE,FALSE,FALSE,too few nonzero raw incidence weeks; fewer than 30 raw cases; one week contains >=80% of early-window cases (backlog screen),TRUE,FALSE,FALSE,FALSE,FALSE,FALSE,FALSE,FALSE,fewer than 100 total cases and cumulative incidence below 5/100k,NA,NA
permissive,RO,RO_wave_26,2023-12-24,2024-03-03,2024-06-02,FALSE,1.030793820047451,0.8399060755942193,18,2023-11-12,0,0,4,24,10,146,8.361079726804665,7,15,38,3,5,7,FALSE,FALSE,FALSE,FALSE,FALSE,1,FALSE,FALSE,FALSE,FALSE,fewer than 30 raw cases,TRUE,TRUE,TRUE,FALSE,TRUE,TRUE,FALSE,TRUE,NA,1,FALSE
permissive,RO,RO_wave_27,2024-06-09,2024-07-28,2024-09-15,FALSE,0.17179897000790847,0.13362142111726216,3,2024-06-02,0,0,3,15,7,21,1.2025927900553595,4,6,12,3,4,6,FALSE,FALSE,FALSE,FALSE,FALSE,2,FALSE,FALSE,TRUE,FALSE,fewer than 30 raw cases,TRUE,FALSE,FALSE,FALSE,FALSE,FALSE,FALSE,FALSE,fewer than 100 total cases and cumulative incidence below 5/100k,NA,NA
permissive,RO,RO_wave_28,2024-09-22,2024-10-27,2024-12-15,FALSE,0.057266323335969496,0.09544387222661582,1,2024-09-15,0,0,5,13,5,9,0.5153969100237255,2,5,8,2,4,6,FALSE,FALSE,FALSE,FALSE,FALSE,1,FALSE,FALSE,FALSE,FALSE,fewer than 30 raw cases,TRUE,FALSE,FALSE,FALSE,FALSE,FALSE,FALSE,FALSE,fewer than 100 total cases and cumulative incidence below 5/100k,NA,NA
permissive,RO,RO_wave_29,2025-01-05,2025-05-04,2025-11-23,FALSE,13.356545563514942,14.859632599864913,234,2024-12-15,0,0,6,47,17,4165,237.73509517965695,83,205,423,4,6,8,TRUE,TRUE,TRUE,FALSE,FALSE,2,FALSE,FALSE,TRUE,FALSE,NA,TRUE,TRUE,TRUE,TRUE,TRUE,TRUE,TRUE,TRUE,NA,2,TRUE
permissive,RO,RO_wave_30,2025-11-30,2025-12-21,NA,TRUE,0.17123776363480692,0.3234491090879687,3,2025-11-23,0.09513209090822607,0.2941176470588235,2,5,3,23,1.3128228545335199,16,NA,NA,4,NA,NA,FALSE,FALSE,FALSE,TRUE,FALSE,1,FALSE,FALSE,FALSE,TRUE,fewer than 6 complete surveillance weeks,TRUE,FALSE,FALSE,FALSE,FALSE,FALSE,FALSE,FALSE,fewer than 100 total cases and cumulative incidence below 5/100k,NA,NA
permissive,RR,RR_wave_01,2015-11-08,2015-11-15,2015-11-29,FALSE,0.18713275197425053,0.062377583991416845,1,2015-11-01,0,NA,NA,4,1,1,0.18713275197425053,1,1,1,1,1,1,FALSE,FALSE,FALSE,TRUE,TRUE,1,FALSE,FALSE,FALSE,FALSE,too few nonzero raw incidence weeks; fewer than 30 raw cases; one week contains >=80% of early-window cases (backlog screen),TRUE,FALSE,FALSE,FALSE,FALSE,FALSE,FALSE,FALSE,fewer than 100 total cases and cumulative incidence below 5/100k,NA,NA
permissive,RR,RR_wave_02,2016-03-06,2016-03-13,2016-03-27,FALSE,0.36480839351151795,0.12160279783717265,2,2015-11-29,0,0,14,4,1,2,0.36480839351151795,2,2,3,1,1,2,FALSE,FALSE,FALSE,TRUE,TRUE,1,FALSE,FALSE,FALSE,FALSE,too few nonzero raw incidence weeks; fewer than 30 raw cases; one week contains >=80% of early-window cases (backlog screen),TRUE,FALSE,FALSE,FALSE,FALSE,FALSE,FALSE,FALSE,fewer than 100 total cases and cumulative incidence below 5/100k,NA,NA
permissive,RR,RR_wave_03,2016-04-17,2016-05-01,2016-06-12,FALSE,0.18240419675575897,0.18240419675575897,1,2016-03-27,0,0,3,9,2,5,0.9120209837787949,3,4,5,3,4,5,FALSE,FALSE,FALSE,TRUE,FALSE,1,FALSE,FALSE,FALSE,FALSE,fewer than 30 raw cases,TRUE,FALSE,FALSE,FALSE,FALSE,FALSE,FALSE,FALSE,fewer than 100 total cases and cumulative incidence below 5/100k,NA,NA
permissive,RR,RR_wave_04,2016-06-26,2016-08-28,2016-10-02,FALSE,0.18240419675575897,0.18240419675575897,1,2016-06-12,0,0,7,15,9,8,1.4592335740460718,1,3,3,1,2,2,FALSE,FALSE,FALSE,FALSE,FALSE,3,FALSE,FALSE,TRUE,FALSE,too few nonzero raw incidence weeks; fewer than 30 raw cases,TRUE,FALSE,FALSE,FALSE,FALSE,FALSE,FALSE,FALSE,fewer than 100 total cases and cumulative incidence below 5/100k,NA,NA
permissive,RR,RR_wave_05,2017-01-15,2017-07-23,2018-01-21,FALSE,64.18291776962587,53.367564222810465,362,2016-10-02,0,0,3,54,27,3934,697.4874788453193,69,133,215,4,6,8,TRUE,TRUE,TRUE,FALSE,FALSE,5,FALSE,FALSE,TRUE,FALSE,NA,TRUE,TRUE,TRUE,TRUE,TRUE,TRUE,TRUE,TRUE,NA,1,FALSE
permissive,RR,RR_wave_06,2018-04-01,2018-04-29,2018-06-03,FALSE,0.340427270266912,0.170213635133456,2,2018-01-21,0.056737878377818664,0.3333333333333333,4,10,4,6,1.021281810800736,2,5,6,2,4,5,FALSE,FALSE,FALSE,FALSE,FALSE,1,FALSE,FALSE,FALSE,FALSE,fewer than 30 raw cases,TRUE,FALSE,FALSE,FALSE,FALSE,FALSE,FALSE,FALSE,fewer than 100 total cases and cumulative incidence below 5/100k,NA,NA
permissive,RR,RR_wave_07,2018-06-10,2018-06-24,2018-07-15,FALSE,0,0.170213635133456,0,2018-06-03,0,0,3,6,2,3,0.510640905400368,3,3,3,2,2,2,FALSE,FALSE,FALSE,TRUE,FALSE,1,FALSE,FALSE,FALSE,FALSE,too few nonzero raw incidence weeks; fewer than 30 raw cases,TRUE,FALSE,FALSE,FALSE,FALSE,FALSE,FALSE,FALSE,fewer than 100 total cases and cumulative incidence below 5/100k,NA,NA
permissive,RR,RR_wave_08,2018-07-29,2018-08-12,2018-09-09,FALSE,0,0.170213635133456,0,2018-07-15,0,0,4,7,2,4,0.680854540533824,3,4,4,2,3,3,FALSE,FALSE,FALSE,TRUE,FALSE,1,FALSE,FALSE,FALSE,FALSE,too few nonzero raw incidence weeks; fewer than 30 raw cases,TRUE,FALSE,FALSE,FALSE,FALSE,FALSE,FALSE,FALSE,fewer than 100 total cases and cumulative incidence below 5/100k,NA,NA
permissive,RR,RR_wave_09,2018-09-16,2018-10-07,2018-11-11,FALSE,0.510640905400368,0.340427270266912,3,2018-09-09,0,0,3,9,3,9,1.531922716201104,5,8,9,3,5,6,FALSE,FALSE,FALSE,TRUE,FALSE,1,FALSE,FALSE,FALSE,FALSE,fewer than 30 raw cases,TRUE,FALSE,FALSE,FALSE,FALSE,FALSE,FALSE,FALSE,fewer than 100 total cases and cumulative incidence below 5/100k,NA,NA
permissive,RR,RR_wave_10,2018-11-25,2018-12-09,2018-12-30,FALSE,0,0.11347575675563733,0,2018-11-11,0,0,2,6,2,2,0.340427270266912,2,2,2,2,2,2,FALSE,FALSE,FALSE,TRUE,FALSE,1,FALSE,FALSE,FALSE,FALSE,too few nonzero raw incidence weeks; fewer than 30 raw cases,TRUE,FALSE,FALSE,FALSE,FALSE,FALSE,FALSE,FALSE,fewer than 100 total cases and cumulative incidence below 5/100k,NA,NA
permissive,RR,RR_wave_11,2019-03-03,2019-03-10,2019-03-24,FALSE,0.16177957532861476,0.05392652510953825,1,2018-12-30,0,0,9,4,1,1,0.16177957532861476,1,1,1,1,1,1,FALSE,FALSE,FALSE,TRUE,TRUE,1,FALSE,FALSE,FALSE,FALSE,too few nonzero raw incidence weeks; fewer than 30 raw cases; one week contains >=80% of early-window cases (backlog screen),TRUE,FALSE,FALSE,FALSE,FALSE,FALSE,FALSE,FALSE,fewer than 100 total cases and cumulative incidence below 5/100k,NA,NA
permissive,RR,RR_wave_12,2019-05-05,2019-05-26,2019-06-16,FALSE,0,0.16177957532861476,0,2019-03-24,0,0,6,7,3,4,0.647118301314459,2,4,4,2,3,3,FALSE,FALSE,FALSE,TRUE,FALSE,1,FALSE,FALSE,FALSE,FALSE,too few nonzero raw incidence weeks; fewer than 30 raw cases,TRUE,FALSE,FALSE,FALSE,FALSE,FALSE,FALSE,FALSE,fewer than 100 total cases and cumulative incidence below 5/100k,NA,NA
permissive,RR,RR_wave_13,2019-06-23,2019-07-07,2019-08-18,FALSE,0.16177957532861476,0.16177957532861476,1,2019-06-16,0,0,2,9,2,4,0.647118301314459,3,3,4,3,3,4,FALSE,FALSE,FALSE,TRUE,FALSE,1,FALSE,FALSE,FALSE,FALSE,too few nonzero raw incidence weeks; fewer than 30 raw cases,TRUE,FALSE,FALSE,FALSE,FALSE,FALSE,FALSE,FALSE,fewer than 100 total cases and cumulative incidence below 5/100k,NA,NA
permissive,RR,RR_wave_14,2019-08-25,2019-09-08,2019-12-08,FALSE,0.16177957532861476,0.215706100438153,1,2019-08-18,0,0,6,16,2,13,2.1031344792719917,4,5,6,3,4,5,FALSE,FALSE,FALSE,TRUE,FALSE,2,FALSE,FALSE,TRUE,FALSE,fewer than 30 raw cases,TRUE,FALSE,FALSE,FALSE,TRUE,FALSE,FALSE,FALSE,fewer than 100 total cases and cumulative incidence below 5/100k,NA,NA
permissive,RR,RR_wave_15,2020-01-05,2020-01-12,2020-01-26,FALSE,0.15601232497367293,0.052004108324557645,1,2019-12-08,0,0,4,4,1,1,0.15601232497367293,1,1,2,1,1,2,FALSE,FALSE,FALSE,TRUE,TRUE,1,FALSE,FALSE,FALSE,FALSE,too few nonzero raw incidence weeks; fewer than 30 raw cases; one week contains >=80% of early-window cases (backlog screen),TRUE,FALSE,FALSE,FALSE,FALSE,FALSE,FALSE,FALSE,fewer than 100 total cases and cumulative incidence below 5/100k,NA,NA
permissive,RR,RR_wave_16,2020-02-16,2020-02-23,2020-03-15,FALSE,0.15601232497367293,0.10400821664911529,1,2020-01-26,0,0,3,5,1,2,0.31202464994734586,2,2,2,2,2,2,FALSE,FALSE,FALSE,TRUE,FALSE,1,FALSE,FALSE,FALSE,FALSE,too few nonzero raw incidence weeks; fewer than 30 raw cases,TRUE,FALSE,FALSE,FALSE,FALSE,FALSE,FALSE,FALSE,fewer than 100 total cases and cumulative incidence below 5/100k,NA,NA
permissive,RR,RR_wave_17,2020-05-31,2020-06-07,2020-06-21,FALSE,0.15601232497367293,0.052004108324557645,1,2020-03-15,0,0,11,4,1,1,0.15601232497367293,1,1,1,1,1,1,FALSE,FALSE,FALSE,TRUE,TRUE,1,FALSE,FALSE,FALSE,FALSE,too few nonzero raw incidence weeks; fewer than 30 raw cases; one week contains >=80% of early-window cases (backlog screen),TRUE,FALSE,FALSE,FALSE,FALSE,FALSE,FALSE,FALSE,fewer than 100 total cases and cumulative incidence below 5/100k,NA,NA
permissive,RR,RR_wave_18,2020-09-13,2020-10-04,2020-10-25,FALSE,0.15601232497367293,0.10400821664911529,1,2020-06-21,0,0,12,7,3,3,0.4680369749210188,2,3,3,2,3,3,FALSE,FALSE,FALSE,TRUE,FALSE,1,FALSE,FALSE,FALSE,FALSE,too few nonzero raw incidence weeks; fewer than 30 raw cases,TRUE,FALSE,FALSE,FALSE,FALSE,FALSE,FALSE,FALSE,fewer than 100 total cases and cumulative incidence below 5/100k,NA,NA
permissive,RR,RR_wave_19,2021-01-10,2021-01-24,2021-02-14,FALSE,0,0.20357104324052527,0,2020-10-25,0,0,11,6,2,4,0.6107131297215759,4,4,4,2,2,2,FALSE,FALSE,FALSE,TRUE,FALSE,1,FALSE,FALSE,FALSE,FALSE,too few nonzero raw incidence weeks; fewer than 30 raw cases,TRUE,FALSE,FALSE,FALSE,FALSE,FALSE,FALSE,FALSE,fewer than 100 total cases and cumulative incidence below 5/100k,NA,NA
permissive,RR,RR_wave_20,2021-02-28,2021-07-04,2021-11-14,FALSE,0.30535656486078794,0.5089276081013132,2,2021-02-14,0,0,4,38,18,46,7.023200991798123,2,3,8,2,3,5,FALSE,FALSE,FALSE,FALSE,FALSE,2,FALSE,FALSE,TRUE,FALSE,too few nonzero raw incidence weeks; fewer than 30 raw cases,TRUE,FALSE,FALSE,FALSE,TRUE,TRUE,FALSE,FALSE,fewer than 100 total cases,NA,NA
permissive,RR,RR_wave_21,2021-12-26,2022-01-02,2022-01-16,FALSE,0.1484992664136239,0.04949975547120797,1,2021-11-14,0,0,6,4,1,1,0.1484992664136239,1,1,1,1,1,1,FALSE,FALSE,FALSE,TRUE,TRUE,1,FALSE,FALSE,FALSE,FALSE,too few nonzero raw incidence weeks; fewer than 30 raw cases; one week contains >=80% of early-window cases (backlog screen),TRUE,FALSE,FALSE,FALSE,FALSE,FALSE,FALSE,FALSE,fewer than 100 total cases and cumulative incidence below 5/100k,NA,NA
permissive,RR,RR_wave_22,2022-03-13,2022-08-07,2022-10-23,FALSE,1.9304904633771107,2.5244875290316067,13,2022-01-16,0,0,6,33,21,92,13.6619325100534,4,4,6,3,3,4,FALSE,FALSE,FALSE,FALSE,FALSE,2,FALSE,FALSE,TRUE,FALSE,too few nonzero raw incidence weeks; fewer than 30 raw cases,TRUE,TRUE,FALSE,FALSE,TRUE,TRUE,TRUE,FALSE,fewer than 100 total cases,NA,NA
permissive,RR,RR_wave_23,2022-11-27,2022-12-04,2022-12-18,FALSE,0.1484992664136239,0.04949975547120797,1,2022-10-23,0,0,5,4,1,1,0.1484992664136239,1,1,1,1,1,1,FALSE,FALSE,FALSE,TRUE,TRUE,1,FALSE,FALSE,FALSE,FALSE,too few nonzero raw incidence weeks; fewer than 30 raw cases; one week contains >=80% of early-window cases (backlog screen),TRUE,FALSE,FALSE,FALSE,FALSE,FALSE,FALSE,FALSE,fewer than 100 total cases and cumulative incidence below 5/100k,NA,NA
permissive,RR,RR_wave_24,2023-01-22,2023-02-19,2023-04-09,FALSE,0.1438290160657011,0.38354404284186955,1,2022-12-18,0,0,5,12,4,12,1.725948192788413,5,9,10,2,4,5,FALSE,FALSE,FALSE,FALSE,FALSE,1,FALSE,FALSE,FALSE,FALSE,fewer than 30 raw cases,TRUE,FALSE,FALSE,FALSE,FALSE,FALSE,FALSE,FALSE,fewer than 100 total cases and cumulative incidence below 5/100k,NA,NA
permissive,RR,RR_wave_25,2023-04-16,2023-04-30,2023-05-21,FALSE,0.1438290160657011,0.1438290160657011,1,2023-04-09,0,0,3,6,2,4,0.5753160642628043,3,4,5,3,4,5,FALSE,FALSE,FALSE,TRUE,FALSE,1,FALSE,FALSE,FALSE,FALSE,fewer than 30 raw cases,TRUE,FALSE,FALSE,FALSE,FALSE,FALSE,FALSE,FALSE,fewer than 100 total cases and cumulative incidence below 5/100k,NA,NA
permissive,RR,RR_wave_26,2023-06-04,2023-06-18,2023-07-16,FALSE,0.1438290160657011,0.1438290160657011,1,2023-05-21,0.047943005355233693,0.3333333333333333,2,7,2,5,0.7191450803285054,4,5,5,4,5,5,FALSE,FALSE,FALSE,TRUE,FALSE,1,FALSE,FALSE,FALSE,FALSE,fewer than 30 raw cases,TRUE,FALSE,FALSE,FALSE,FALSE,FALSE,FALSE,FALSE,fewer than 100 total cases and cumulative incidence below 5/100k,NA,NA
permissive,RR,RR_wave_27,2023-07-23,2023-07-30,2023-09-03,FALSE,0.2876580321314022,0.1438290160657011,2,2023-07-16,0,0,2,7,1,4,0.5753160642628043,3,4,4,2,3,3,FALSE,FALSE,FALSE,TRUE,FALSE,1,FALSE,FALSE,FALSE,FALSE,too few nonzero raw incidence weeks; fewer than 30 raw cases,TRUE,FALSE,FALSE,FALSE,FALSE,FALSE,FALSE,FALSE,fewer than 100 total cases and cumulative incidence below 5/100k,NA,NA
permissive,RR,RR_wave_28,2024-01-21,2024-02-04,2024-05-19,FALSE,0,0.04650343032553796,0,2023-09-03,0,0,20,18,2,5,0.6975514548830695,1,2,2,1,2,2,FALSE,FALSE,FALSE,TRUE,FALSE,3,FALSE,FALSE,TRUE,FALSE,too few nonzero raw incidence weeks; fewer than 30 raw cases,TRUE,FALSE,FALSE,FALSE,FALSE,FALSE,FALSE,FALSE,fewer than 100 total cases and cumulative incidence below 5/100k,NA,NA
permissive,RR,RR_wave_29,2024-06-09,2024-08-18,2024-09-29,FALSE,0.13951029097661388,0.13951029097661388,1,2024-05-19,0,0,3,17,10,8,1.116082327812911,1,2,2,1,2,2,FALSE,FALSE,FALSE,FALSE,FALSE,3,FALSE,FALSE,TRUE,FALSE,too few nonzero raw incidence weeks; fewer than 30 raw cases,TRUE,FALSE,FALSE,FALSE,FALSE,FALSE,FALSE,FALSE,fewer than 100 total cases and cumulative incidence below 5/100k,NA,NA
permissive,RR,RR_wave_30,2024-10-13,2024-11-24,2024-12-15,FALSE,0.13951029097661388,0.13951029097661388,1,2024-09-29,0.04650343032553796,0.33333333333333337,2,10,6,6,0.8370617458596833,3,3,6,3,3,5,FALSE,FALSE,FALSE,FALSE,FALSE,1,FALSE,FALSE,FALSE,FALSE,too few nonzero raw incidence weeks; fewer than 30 raw cases,TRUE,FALSE,FALSE,FALSE,FALSE,FALSE,FALSE,FALSE,fewer than 100 total cases and cumulative incidence below 5/100k,NA,NA
permissive,RR,RR_wave_31,2024-12-22,2025-02-02,2025-02-23,FALSE,0.40607927750374945,0.1804796788905553,3,2024-12-15,0,0,2,10,6,6,0.8163090868161963,2,2,6,2,2,4,FALSE,FALSE,FALSE,FALSE,FALSE,1,FALSE,FALSE,FALSE,FALSE,too few nonzero raw incidence weeks; fewer than 30 raw cases,TRUE,FALSE,FALSE,FALSE,FALSE,FALSE,FALSE,FALSE,fewer than 100 total cases and cumulative incidence below 5/100k,NA,NA
permissive,RR,RR_wave_32,2025-03-09,2025-03-16,2025-04-06,FALSE,0.13535975916791648,0.09023983944527765,1,2025-02-23,0,0,2,5,1,2,0.27071951833583296,2,2,2,2,2,2,FALSE,FALSE,FALSE,TRUE,FALSE,1,FALSE,FALSE,FALSE,FALSE,too few nonzero raw incidence weeks; fewer than 30 raw cases,TRUE,FALSE,FALSE,FALSE,FALSE,FALSE,FALSE,FALSE,fewer than 100 total cases and cumulative incidence below 5/100k,NA,NA
permissive,RR,RR_wave_33,2025-04-27,2025-06-01,2025-06-29,FALSE,0.13535975916791648,0.22559959861319415,1,2025-04-06,0,0,3,10,5,7,0.9475183141754153,1,4,7,1,3,5,FALSE,FALSE,FALSE,FALSE,FALSE,1,FALSE,FALSE,FALSE,FALSE,too few nonzero raw incidence weeks; fewer than 30 raw cases,TRUE,FALSE,FALSE,FALSE,FALSE,FALSE,FALSE,FALSE,fewer than 100 total cases and cumulative incidence below 5/100k,NA,NA
permissive,RR,RR_wave_34,2025-07-13,2025-08-24,2025-10-05,FALSE,0.27071951833583296,0.1804796788905553,2,2025-06-29,0,0,4,13,6,9,1.2182378325112484,3,4,7,2,3,5,FALSE,FALSE,FALSE,FALSE,FALSE,2,FALSE,FALSE,TRUE,FALSE,too few nonzero raw incidence weeks; fewer than 30 raw cases,TRUE,FALSE,FALSE,FALSE,FALSE,FALSE,FALSE,FALSE,fewer than 100 total cases and cumulative incidence below 5/100k,NA,NA
permissive,RR,RR_wave_35,2025-10-26,2025-11-30,NA,TRUE,0.5414390366716659,0.3158394380584718,4,2025-10-05,0,0,4,10,5,13,1.7596768691829143,4,9,11,3,5,6,FALSE,FALSE,FALSE,FALSE,FALSE,1,FALSE,FALSE,FALSE,TRUE,fewer than 30 raw cases,TRUE,FALSE,FALSE,FALSE,FALSE,FALSE,FALSE,FALSE,fewer than 100 total cases and cumulative incidence below 5/100k,NA,NA
permissive,RS,RS_wave_01,2016-01-10,2016-02-07,2016-02-28,FALSE,0,0.01500180261660241,0,2016-01-03,0,NA,NA,8,4,7,0.06300757098973012,4,7,7,2,3,3,FALSE,FALSE,FALSE,FALSE,FALSE,1,FALSE,FALSE,FALSE,FALSE,too few nonzero raw incidence weeks; fewer than 30 raw cases,TRUE,FALSE,FALSE,FALSE,FALSE,FALSE,FALSE,FALSE,fewer than 100 total cases and cumulative incidence below 5/100k,NA,NA
permissive,RS,RS_wave_02,2016-03-06,2016-04-24,2016-06-26,FALSE,0.03600432627984578,0.024002884186563857,4,2016-02-28,0.0030003605233204817,0.19999999999999998,6,17,7,20,0.18002163139922892,2,4,9,2,3,5,FALSE,FALSE,FALSE,FALSE,FALSE,2,FALSE,FALSE,TRUE,FALSE,too few nonzero raw incidence weeks; fewer than 30 raw cases,TRUE,FALSE,FALSE,FALSE,FALSE,FALSE,FALSE,FALSE,fewer than 100 total cases and cumulative incidence below 5/100k,NA,NA
permissive,RS,RS_wave_03,2016-07-10,2016-07-24,2016-09-04,FALSE,0.01800216313992289,0.01500180261660241,2,2016-06-26,0.0030003605233204817,0.19999999999999998,3,9,2,7,0.06300757098973012,6,6,7,4,4,5,FALSE,FALSE,FALSE,TRUE,FALSE,1,FALSE,FALSE,FALSE,FALSE,fewer than 30 raw cases,TRUE,FALSE,FALSE,FALSE,FALSE,FALSE,FALSE,FALSE,fewer than 100 total cases and cumulative incidence below 5/100k,NA,NA
permissive,RS,RS_wave_04,2016-09-18,2016-11-06,2016-11-27,FALSE,0,0.009001081569961445,0,2016-09-04,0,0,7,11,7,5,0.04500540784980723,2,2,4,2,2,3,FALSE,FALSE,FALSE,FALSE,FALSE,2,FALSE,FALSE,TRUE,FALSE,too few nonzero raw incidence weeks; fewer than 30 raw cases,TRUE,FALSE,FALSE,FALSE,FALSE,FALSE,FALSE,FALSE,fewer than 100 total cases and cumulative incidence below 5/100k,NA,NA
permissive,RS,RS_wave_05,2016-12-11,2016-12-18,2017-01-08,FALSE,0.009001081569961445,0.006000721046640963,1,2016-11-27,0,0,2,5,1,2,0.01800216313992289,2,2,2,2,2,2,FALSE,FALSE,FALSE,TRUE,FALSE,1,FALSE,FALSE,FALSE,FALSE,too few nonzero raw incidence weeks; fewer than 30 raw cases,TRUE,FALSE,FALSE,FALSE,FALSE,FALSE,FALSE,FALSE,fewer than 100 total cases and cumulative incidence below 5/100k,NA,NA
permissive,RS,RS_wave_06,2017-02-05,2017-04-16,2017-06-18,FALSE,0.026927385995281963,0.023935454218028413,3,2017-01-08,0,0,4,20,10,16,0.14361272530817049,1,2,5,1,2,3,FALSE,FALSE,FALSE,FALSE,FALSE,3,FALSE,FALSE,TRUE,FALSE,too few nonzero raw incidence weeks; fewer than 30 raw cases,TRUE,FALSE,FALSE,FALSE,FALSE,FALSE,FALSE,FALSE,fewer than 100 total cases and cumulative incidence below 5/100k,NA,NA
permissive,RS,RS_wave_07,2017-07-16,2017-07-30,2017-08-20,FALSE,0,0.005983863554507103,0,2017-06-18,0,0,4,6,2,2,0.01795159066352131,2,2,2,2,2,2,FALSE,FALSE,FALSE,TRUE,FALSE,1,FALSE,FALSE,FALSE,FALSE,too few nonzero raw incidence weeks; fewer than 30 raw cases,TRUE,FALSE,FALSE,FALSE,FALSE,FALSE,FALSE,FALSE,fewer than 100 total cases and cumulative incidence below 5/100k,NA,NA
permissive,RS,RS_wave_08,2018-01-07,2018-01-14,2018-01-28,FALSE,0.008954530773185228,0.0029848435910617426,1,2017-08-20,0,0,20,4,1,1,0.008954530773185228,1,1,2,1,1,2,FALSE,FALSE,FALSE,TRUE,TRUE,1,FALSE,FALSE,FALSE,FALSE,too few nonzero raw incidence weeks; fewer than 30 raw cases; one week contains >=80% of early-window cases (backlog screen),TRUE,FALSE,FALSE,FALSE,FALSE,FALSE,FALSE,FALSE,fewer than 100 total cases and cumulative incidence below 5/100k,NA,NA
permissive,RS,RS_wave_09,2018-02-18,2018-04-29,2018-06-03,FALSE,0.05372718463911136,0.02686359231955568,6,2018-01-28,0,0,3,16,10,16,0.14327249237096362,2,2,6,2,2,4,FALSE,FALSE,FALSE,FALSE,FALSE,2,FALSE,FALSE,TRUE,FALSE,too few nonzero raw incidence weeks; fewer than 30 raw cases,TRUE,FALSE,FALSE,FALSE,FALSE,FALSE,FALSE,FALSE,fewer than 100 total cases and cumulative incidence below 5/100k,NA,NA
permissive,RS,RS_wave_10,2018-07-22,2018-07-29,2018-08-12,FALSE,0.017909061546370456,0.005969687182123485,2,2018-06-03,0,0,7,4,1,2,0.017909061546370456,2,2,2,1,1,1,FALSE,FALSE,FALSE,TRUE,TRUE,1,FALSE,FALSE,FALSE,FALSE,too few nonzero raw incidence weeks; fewer than 30 raw cases; one week contains >=80% of early-window cases (backlog screen),TRUE,FALSE,FALSE,FALSE,FALSE,FALSE,FALSE,FALSE,fewer than 100 total cases and cumulative incidence below 5/100k,NA,NA
permissive,RS,RS_wave_11,2019-01-20,2019-01-27,2019-02-10,FALSE,0.008933081039303233,0.0029776936797677443,1,2018-08-12,0,0,23,4,1,1,0.008933081039303233,1,1,1,1,1,1,FALSE,FALSE,FALSE,TRUE,TRUE,1,FALSE,FALSE,FALSE,FALSE,too few nonzero raw incidence weeks; fewer than 30 raw cases; one week contains >=80% of early-window cases (backlog screen),TRUE,FALSE,FALSE,FALSE,FALSE,FALSE,FALSE,FALSE,fewer than 100 total cases and cumulative incidence below 5/100k,NA,NA
permissive,RS,RS_wave_12,2019-03-10,2019-03-24,2019-04-07,FALSE,0.017866162078606466,0.008933081039303233,2,2019-02-10,0,0,4,5,2,4,0.03573232415721293,3,4,6,2,3,4,FALSE,FALSE,FALSE,TRUE,FALSE,1,FALSE,FALSE,FALSE,FALSE,too few nonzero raw incidence weeks; fewer than 30 raw cases,TRUE,FALSE,FALSE,FALSE,FALSE,FALSE,FALSE,FALSE,fewer than 100 total cases and cumulative incidence below 5/100k,NA,NA
permissive,RS,RS_wave_13,2019-04-21,2019-05-05,2019-06-02,FALSE,0.008933081039303233,0.014888468398838723,1,2019-04-07,0.0029776936797677443,0.3333333333333333,2,7,2,6,0.0535984862358194,5,6,6,3,4,4,FALSE,FALSE,FALSE,TRUE,FALSE,1,FALSE,FALSE,FALSE,FALSE,fewer than 30 raw cases,TRUE,FALSE,FALSE,FALSE,FALSE,FALSE,FALSE,FALSE,fewer than 100 total cases and cumulative incidence below 5/100k,NA,NA
permissive,RS,RS_wave_14,2019-06-09,2019-06-16,2019-06-30,FALSE,0.0267992431179097,0.008933081039303233,3,2019-06-02,0,0,2,4,1,3,0.0267992431179097,3,3,4,1,1,2,FALSE,FALSE,FALSE,TRUE,TRUE,1,FALSE,FALSE,FALSE,FALSE,too few nonzero raw incidence weeks; fewer than 30 raw cases; one week contains >=80% of early-window cases (backlog screen),TRUE,FALSE,FALSE,FALSE,FALSE,FALSE,FALSE,FALSE,fewer than 100 total cases and cumulative incidence below 5/100k,NA,NA
permissive,RS,RS_wave_15,2019-07-21,2019-07-28,2019-08-11,FALSE,0.008933081039303233,0.0029776936797677443,1,2019-06-30,0,0,3,4,1,1,0.008933081039303233,1,1,1,1,1,1,FALSE,FALSE,FALSE,TRUE,TRUE,1,FALSE,FALSE,FALSE,FALSE,too few nonzero raw incidence weeks; fewer than 30 raw cases; one week contains >=80% of early-window cases (backlog screen),TRUE,FALSE,FALSE,FALSE,FALSE,FALSE,FALSE,FALSE,fewer than 100 total cases and cumulative incidence below 5/100k,NA,NA
permissive,RS,RS_wave_16,2019-12-22,2020-02-16,2020-03-29,FALSE,0,0.011883238389229413,0,2019-08-11,0,0,19,15,8,8,0.07132008258275765,2,2,4,2,2,4,FALSE,FALSE,FALSE,FALSE,FALSE,2,FALSE,FALSE,TRUE,FALSE,too few nonzero raw incidence weeks; fewer than 30 raw cases,TRUE,FALSE,FALSE,FALSE,FALSE,FALSE,FALSE,FALSE,fewer than 100 total cases and cumulative incidence below 5/100k,NA,NA
permissive,RS,RS_wave_17,2020-04-26,2020-05-03,2020-05-17,FALSE,0.00891242879192206,0.002970809597307353,1,2020-03-29,0,0,4,4,1,1,0.00891242879192206,1,1,1,1,1,1,FALSE,FALSE,FALSE,TRUE,TRUE,1,FALSE,FALSE,FALSE,FALSE,too few nonzero raw incidence weeks; fewer than 30 raw cases; one week contains >=80% of early-window cases (backlog screen),TRUE,FALSE,FALSE,FALSE,FALSE,FALSE,FALSE,FALSE,fewer than 100 total cases and cumulative incidence below 5/100k,NA,NA
permissive,RS,RS_wave_18,2020-06-21,2020-07-05,2020-07-26,FALSE,0,0.00891242879192206,0,2020-05-17,0,0,5,6,2,3,0.026737286375766178,3,3,3,2,2,2,FALSE,FALSE,FALSE,TRUE,FALSE,1,FALSE,FALSE,FALSE,FALSE,too few nonzero raw incidence weeks; fewer than 30 raw cases,TRUE,FALSE,FALSE,FALSE,FALSE,FALSE,FALSE,FALSE,fewer than 100 total cases and cumulative incidence below 5/100k,NA,NA
permissive,RS,RS_wave_19,2021-02-07,2021-03-21,2021-08-29,FALSE,0.28500713720216864,0.29985125893144826,32,2020-07-26,0,0,29,30,6,265,2.360215354955459,13,73,133,4,6,8,FALSE,TRUE,TRUE,FALSE,FALSE,2,FALSE,FALSE,TRUE,FALSE,NA,TRUE,TRUE,TRUE,TRUE,TRUE,FALSE,FALSE,FALSE,cumulative incidence below 5/100k,NA,NA
permissive,RS,RS_wave_20,2021-10-31,2021-11-07,2021-11-21,FALSE,0.00890647303756777,0.0029688243458559234,1,2021-08-29,0,0,9,4,1,1,0.00890647303756777,1,1,1,1,1,1,FALSE,FALSE,FALSE,TRUE,TRUE,1,FALSE,FALSE,FALSE,FALSE,too few nonzero raw incidence weeks; fewer than 30 raw cases; one week contains >=80% of early-window cases (backlog screen),TRUE,FALSE,FALSE,FALSE,FALSE,FALSE,FALSE,FALSE,fewer than 100 total cases and cumulative incidence below 5/100k,NA,NA
permissive,RS,RS_wave_21,2021-12-26,2022-04-10,2022-05-22,FALSE,0.026736762138891063,0.04159051888271943,3,2021-11-21,0,0,5,22,15,53,0.4723494644537421,5,9,14,3,5,7,FALSE,FALSE,FALSE,FALSE,FALSE,5,FALSE,FALSE,TRUE,FALSE,fewer than 30 raw cases,TRUE,TRUE,FALSE,FALSE,FALSE,FALSE,FALSE,FALSE,fewer than 100 total cases and cumulative incidence below 5/100k,NA,NA
permissive,RS,RS_wave_22,2022-06-19,2023-03-26,2023-06-11,FALSE,0.05346501409872422,0.029702785610402346,6,2022-05-22,0.0059415026975313465,0.20003183457145332,4,52,40,52,0.46337905751721603,6,6,8,3,3,4,FALSE,FALSE,FALSE,FALSE,FALSE,7,FALSE,FALSE,TRUE,FALSE,too few nonzero raw incidence weeks; fewer than 30 raw cases,TRUE,TRUE,FALSE,FALSE,FALSE,FALSE,FALSE,FALSE,fewer than 100 total cases and cumulative incidence below 5/100k,NA,NA
permissive,RS,RS_wave_23,2023-07-30,2023-10-22,2023-11-26,FALSE,0.017821671366241406,0.008910835683120703,2,2023-06-11,0.0029702785610402345,0.33333333333333337,2,18,12,6,0.053465014098724215,2,2,2,2,2,2,FALSE,FALSE,FALSE,FALSE,FALSE,1,FALSE,FALSE,FALSE,FALSE,too few nonzero raw incidence weeks; fewer than 30 raw cases,TRUE,FALSE,FALSE,FALSE,FALSE,FALSE,FALSE,FALSE,fewer than 100 total cases and cumulative incidence below 5/100k,NA,NA
permissive,RS,RS_wave_24,2023-12-10,2024-02-04,2024-04-07,FALSE,0.00890478690177085,0.011873049202361133,1,2023-11-26,0,0,6,18,8,9,0.08015517967863736,2,3,5,2,3,4,FALSE,FALSE,FALSE,FALSE,FALSE,3,FALSE,FALSE,TRUE,FALSE,too few nonzero raw incidence weeks; fewer than 30 raw cases,TRUE,FALSE,FALSE,FALSE,FALSE,FALSE,FALSE,FALSE,fewer than 100 total cases and cumulative incidence below 5/100k,NA,NA
permissive,RS,RS_wave_25,2024-05-05,2024-05-12,2024-06-23,FALSE,0.00890478690177085,0.0029682623005902833,1,2024-04-07,0,0,4,8,1,2,0.0178095738035417,1,2,2,1,2,2,FALSE,FALSE,FALSE,TRUE,FALSE,2,FALSE,FALSE,TRUE,FALSE,too few nonzero raw incidence weeks; fewer than 30 raw cases,TRUE,FALSE,FALSE,FALSE,FALSE,FALSE,FALSE,FALSE,fewer than 100 total cases and cumulative incidence below 5/100k,NA,NA
permissive,RS,RS_wave_26,2024-07-14,2024-07-21,2024-08-04,FALSE,0.00890478690177085,0.0029682623005902833,1,2024-06-23,0,0,3,4,1,1,0.00890478690177085,1,1,1,1,1,1,FALSE,FALSE,FALSE,TRUE,TRUE,1,FALSE,FALSE,FALSE,FALSE,too few nonzero raw incidence weeks; fewer than 30 raw cases; one week contains >=80% of early-window cases (backlog screen),TRUE,FALSE,FALSE,FALSE,FALSE,FALSE,FALSE,FALSE,fewer than 100 total cases and cumulative incidence below 5/100k,NA,NA
permissive,RS,RS_wave_27,2025-01-12,2025-03-23,2025-07-06,FALSE,0.3204767839941075,0.4184002457700848,36,2024-08-04,0,0,21,26,10,375,3.338299833271953,9,19,67,3,5,7,FALSE,FALSE,TRUE,FALSE,FALSE,4,FALSE,FALSE,TRUE,FALSE,fewer than 30 raw cases,TRUE,TRUE,TRUE,TRUE,TRUE,FALSE,FALSE,FALSE,cumulative incidence below 5/100k,NA,NA
permissive,RS,RS_wave_28,2025-07-20,2025-12-07,2025-12-28,FALSE,0.008902132888725208,0.008902132888725208,1,2025-07-06,0.0029673776295750694,0.3333333333333333,2,24,20,11,0.09792346177597729,2,3,3,2,3,3,FALSE,FALSE,FALSE,FALSE,FALSE,1,FALSE,FALSE,FALSE,FALSE,too few nonzero raw incidence weeks; fewer than 30 raw cases,TRUE,FALSE,FALSE,FALSE,FALSE,FALSE,FALSE,FALSE,fewer than 100 total cases and cumulative incidence below 5/100k,NA,NA
permissive,SC,SC_wave_01,2016-01-03,2016-04-24,2016-07-03,FALSE,0.02852467662643784,0.02852467662643784,2,2015-12-27,0,NA,NA,27,16,27,0.38508313445691084,3,4,8,3,4,5,FALSE,FALSE,FALSE,FALSE,FALSE,4,FALSE,FALSE,TRUE,FALSE,fewer than 30 raw cases,TRUE,FALSE,FALSE,FALSE,FALSE,FALSE,FALSE,FALSE,fewer than 100 total cases and cumulative incidence below 5/100k,NA,NA
permissive,SC,SC_wave_02,2016-07-10,2016-07-31,2016-09-04,FALSE,0.02852467662643784,0.019016451084291893,2,2016-07-03,0,0,7,9,3,6,0.08557402987931352,3,5,6,2,3,4,FALSE,FALSE,FALSE,TRUE,FALSE,1,FALSE,FALSE,FALSE,FALSE,too few nonzero raw incidence weeks; fewer than 30 raw cases,TRUE,FALSE,FALSE,FALSE,FALSE,FALSE,FALSE,FALSE,fewer than 100 total cases and cumulative incidence below 5/100k,NA,NA
permissive,SC,SC_wave_03,2016-10-02,2016-10-09,2016-11-27,FALSE,0.02852467662643784,0.009508225542145947,2,2016-09-04,0,0,4,9,1,4,0.05704935325287568,2,3,4,1,2,3,FALSE,FALSE,FALSE,TRUE,FALSE,2,FALSE,FALSE,TRUE,FALSE,too few nonzero raw incidence weeks; fewer than 30 raw cases,TRUE,FALSE,FALSE,FALSE,FALSE,FALSE,FALSE,FALSE,fewer than 100 total cases and cumulative incidence below 5/100k,NA,NA
permissive,SC,SC_wave_04,2016-12-11,2016-12-25,2017-01-22,FALSE,0.01426233831321892,0.018851235804928857,1,2016-11-27,0,0,2,7,2,6,0.08458273820313529,4,6,6,3,5,5,FALSE,FALSE,FALSE,TRUE,FALSE,1,FALSE,FALSE,FALSE,FALSE,fewer than 30 raw cases,TRUE,FALSE,FALSE,FALSE,FALSE,FALSE,FALSE,FALSE,fewer than 100 total cases and cumulative incidence below 5/100k,NA,NA
permissive,SC,SC_wave_05,2017-02-05,2017-03-26,2017-04-23,FALSE,0.028029030788348726,0.028029030788348726,2,2017-01-22,0.004671505131391454,0.24780895956805332,2,12,7,13,0.18218870012426672,5,6,9,3,4,6,FALSE,FALSE,FALSE,FALSE,FALSE,2,FALSE,FALSE,TRUE,FALSE,fewer than 30 raw cases,TRUE,FALSE,FALSE,FALSE,FALSE,FALSE,FALSE,FALSE,fewer than 100 total cases and cumulative incidence below 5/100k,NA,NA
permissive,SC,SC_wave_06,2017-04-30,2017-05-07,2017-05-28,FALSE,0.1121161231533949,0.04671505131391454,8,2017-04-23,0,0,2,5,1,10,0.14014515394174362,10,11,11,2,3,3,FALSE,FALSE,FALSE,TRUE,FALSE,1,FALSE,FALSE,FALSE,FALSE,too few nonzero raw incidence weeks; fewer than 30 raw cases,TRUE,FALSE,FALSE,FALSE,FALSE,FALSE,FALSE,FALSE,fewer than 100 total cases and cumulative incidence below 5/100k,NA,NA
permissive,SC,SC_wave_07,2017-07-02,2017-07-16,2017-08-06,FALSE,0.028029030788348726,0.018686020525565818,2,2017-05-28,0.004671505131391454,0.25,5,6,2,4,0.05605806157669745,4,4,4,3,3,3,FALSE,FALSE,FALSE,TRUE,FALSE,1,FALSE,FALSE,FALSE,FALSE,too few nonzero raw incidence weeks; fewer than 30 raw cases,TRUE,FALSE,FALSE,FALSE,FALSE,FALSE,FALSE,FALSE,fewer than 100 total cases and cumulative incidence below 5/100k,NA,NA
permissive,SC,SC_wave_08,2017-10-08,2017-10-15,2017-10-29,FALSE,0.014014515394174363,0.004671505131391454,1,2017-08-06,0,0,9,4,1,1,0.014014515394174363,1,1,1,1,1,1,FALSE,FALSE,FALSE,TRUE,TRUE,1,FALSE,FALSE,FALSE,FALSE,too few nonzero raw incidence weeks; fewer than 30 raw cases; one week contains >=80% of early-window cases (backlog screen),TRUE,FALSE,FALSE,FALSE,FALSE,FALSE,FALSE,FALSE,fewer than 100 total cases and cumulative incidence below 5/100k,NA,NA
permissive,SC,SC_wave_09,2017-12-17,2018-01-28,2018-04-29,FALSE,0.04128746992723909,0.018349986634328484,3,2017-10-29,0,0,7,20,6,11,0.151639415151638,1,2,5,1,2,3,FALSE,FALSE,FALSE,FALSE,FALSE,2,FALSE,FALSE,TRUE,FALSE,too few nonzero raw incidence weeks; fewer than 30 raw cases,TRUE,FALSE,FALSE,FALSE,FALSE,FALSE,FALSE,FALSE,fewer than 100 total cases and cumulative incidence below 5/100k,NA,NA
permissive,SC,SC_wave_10,2018-05-06,2018-06-17,2018-07-08,FALSE,0.013762489975746363,0.013762489975746363,1,2018-04-29,0,0,10,10,6,4,0.05504995990298545,1,2,4,1,2,4,FALSE,FALSE,FALSE,FALSE,FALSE,3,FALSE,FALSE,TRUE,FALSE,too few nonzero raw incidence weeks; fewer than 30 raw cases,TRUE,FALSE,FALSE,FALSE,FALSE,FALSE,FALSE,FALSE,fewer than 100 total cases and cumulative incidence below 5/100k,NA,NA
permissive,SC,SC_wave_11,2018-07-15,2019-06-02,2019-08-25,FALSE,0.0270134363481724,0.04952463330498273,2,2018-07-08,0,0,2,59,46,43,0.5823235122956676,2,4,4,1,2,2,FALSE,FALSE,FALSE,FALSE,FALSE,5,FALSE,FALSE,TRUE,FALSE,too few nonzero raw incidence weeks; fewer than 30 raw cases,TRUE,FALSE,FALSE,FALSE,FALSE,FALSE,FALSE,FALSE,fewer than 100 total cases and cumulative incidence below 5/100k,NA,NA
permissive,SC,SC_wave_12,2019-09-22,2019-09-29,2019-10-13,FALSE,0.0135067181740862,0.004502239391362067,1,2019-08-25,0,0,4,4,1,1,0.0135067181740862,1,1,2,1,1,2,FALSE,FALSE,FALSE,TRUE,TRUE,1,FALSE,FALSE,FALSE,FALSE,too few nonzero raw incidence weeks; fewer than 30 raw cases; one week contains >=80% of early-window cases (backlog screen),TRUE,FALSE,FALSE,FALSE,FALSE,FALSE,FALSE,FALSE,fewer than 100 total cases and cumulative incidence below 5/100k,NA,NA
permissive,SC,SC_wave_13,2019-10-27,2019-11-03,2019-11-17,FALSE,0.0135067181740862,0.004502239391362067,1,2019-10-13,0,0,2,4,1,1,0.0135067181740862,1,1,1,1,1,1,FALSE,FALSE,FALSE,TRUE,TRUE,1,FALSE,FALSE,FALSE,FALSE,too few nonzero raw incidence weeks; fewer than 30 raw cases; one week contains >=80% of early-window cases (backlog screen),TRUE,FALSE,FALSE,FALSE,FALSE,FALSE,FALSE,FALSE,fewer than 100 total cases and cumulative incidence below 5/100k,NA,NA
permissive,SC,SC_wave_14,2020-01-05,2020-01-12,2020-01-26,FALSE,0.013259126422455657,0.004419708807485219,1,2019-11-17,0,0,7,4,1,1,0.013259126422455657,1,1,2,1,1,2,FALSE,FALSE,FALSE,TRUE,TRUE,1,FALSE,FALSE,FALSE,FALSE,too few nonzero raw incidence weeks; fewer than 30 raw cases; one week contains >=80% of early-window cases (backlog screen),TRUE,FALSE,FALSE,FALSE,FALSE,FALSE,FALSE,FALSE,fewer than 100 total cases and cumulative incidence below 5/100k,NA,NA
permissive,SC,SC_wave_15,2020-02-16,2020-03-01,2020-03-22,FALSE,0.013259126422455657,0.013259126422455657,1,2020-01-26,0,0,3,6,2,3,0.03977737926736697,3,3,3,3,3,3,FALSE,FALSE,FALSE,TRUE,FALSE,1,FALSE,FALSE,FALSE,FALSE,too few nonzero raw incidence weeks; fewer than 30 raw cases,TRUE,FALSE,FALSE,FALSE,FALSE,FALSE,FALSE,FALSE,fewer than 100 total cases and cumulative incidence below 5/100k,NA,NA
permissive,SC,SC_wave_16,2020-05-17,2020-05-24,2020-06-07,FALSE,0.013259126422455657,0.004419708807485219,1,2020-03-22,0,0,8,4,1,1,0.013259126422455657,1,1,1,1,1,1,FALSE,FALSE,FALSE,TRUE,TRUE,1,FALSE,FALSE,FALSE,FALSE,too few nonzero raw incidence weeks; fewer than 30 raw cases; one week contains >=80% of early-window cases (backlog screen),TRUE,FALSE,FALSE,FALSE,FALSE,FALSE,FALSE,FALSE,fewer than 100 total cases and cumulative incidence below 5/100k,NA,NA
permissive,SC,SC_wave_17,2020-07-19,2020-08-02,2020-08-30,FALSE,0,0.004419708807485219,0,2020-06-07,0,0,6,7,2,2,0.026518252844911314,1,2,2,1,2,2,FALSE,FALSE,FALSE,TRUE,FALSE,1,FALSE,FALSE,FALSE,FALSE,too few nonzero raw incidence weeks; fewer than 30 raw cases,TRUE,FALSE,FALSE,FALSE,FALSE,FALSE,FALSE,FALSE,fewer than 100 total cases and cumulative incidence below 5/100k,NA,NA
permissive,SC,SC_wave_18,2020-12-27,2021-01-31,2021-04-25,FALSE,0.06517504452759042,0.04345002968506028,5,2020-08-30,0,0,17,18,5,21,0.27373518701587973,2,9,12,2,4,5,FALSE,FALSE,FALSE,FALSE,FALSE,3,FALSE,FALSE,TRUE,FALSE,fewer than 30 raw cases,TRUE,FALSE,FALSE,FALSE,FALSE,FALSE,FALSE,FALSE,fewer than 100 total cases and cumulative incidence below 5/100k,NA,NA
permissive,SC,SC_wave_19,2021-05-09,2021-05-16,2021-06-13,FALSE,0.013035008905518083,0.013035008905518083,1,2021-04-25,0.004345002968506028,0.3333333333333333,2,6,1,4,0.05214003562207233,4,4,5,4,4,5,FALSE,FALSE,FALSE,TRUE,FALSE,2,FALSE,FALSE,TRUE,FALSE,fewer than 30 raw cases,TRUE,FALSE,FALSE,FALSE,FALSE,FALSE,FALSE,FALSE,fewer than 100 total cases and cumulative incidence below 5/100k,NA,NA
permissive,SC,SC_wave_20,2021-06-20,2022-02-20,2022-03-13,FALSE,0.012825746711767123,0.017100995615689497,1,2021-06-13,0,0,3,39,35,10,0.12909451589267507,2,3,3,2,3,3,FALSE,FALSE,FALSE,FALSE,FALSE,1,FALSE,FALSE,FALSE,FALSE,too few nonzero raw incidence weeks; fewer than 30 raw cases,TRUE,FALSE,FALSE,FALSE,FALSE,FALSE,FALSE,FALSE,fewer than 100 total cases and cumulative incidence below 5/100k,NA,NA
permissive,SC,SC_wave_21,2022-04-17,2022-05-29,2022-06-05,FALSE,0,0.025651493423534243,0,2022-03-13,0,0,6,8,6,10,0.12825746711767122,4,9,10,2,3,4,FALSE,FALSE,FALSE,FALSE,FALSE,3,FALSE,FALSE,TRUE,FALSE,too few nonzero raw incidence weeks; fewer than 30 raw cases,TRUE,FALSE,FALSE,FALSE,FALSE,FALSE,FALSE,FALSE,fewer than 100 total cases and cumulative incidence below 5/100k,NA,NA
permissive,SC,SC_wave_22,2022-06-12,2023-04-02,2023-07-09,FALSE,0.08830342874644957,0.08830342874644957,7,2022-06-05,0.004275248903922374,0.16666666666666669,3,57,42,56,0.708326170560637,3,5,7,3,5,6,FALSE,FALSE,FALSE,FALSE,FALSE,4,FALSE,FALSE,TRUE,FALSE,fewer than 30 raw cases,TRUE,TRUE,FALSE,FALSE,FALSE,FALSE,FALSE,FALSE,fewer than 100 total cases and cumulative incidence below 5/100k,NA,NA
permissive,SC,SC_wave_23,2023-09-03,2023-09-17,2023-10-08,FALSE,0,0.012614775535207082,0,2023-07-09,0,0,12,6,2,3,0.037844326605621245,3,3,4,2,2,3,FALSE,FALSE,FALSE,TRUE,FALSE,2,FALSE,FALSE,TRUE,FALSE,too few nonzero raw incidence weeks; fewer than 30 raw cases,TRUE,FALSE,FALSE,FALSE,FALSE,FALSE,FALSE,FALSE,fewer than 100 total cases and cumulative incidence below 5/100k,NA,NA
permissive,SC,SC_wave_24,2023-10-15,2024-01-28,2024-03-10,FALSE,0.024818696321037777,0.0413644938683963,2,2023-10-08,0,0,7,22,15,22,0.27382736903016835,1,2,4,1,2,3,FALSE,FALSE,FALSE,FALSE,FALSE,1,FALSE,FALSE,FALSE,FALSE,too few nonzero raw incidence weeks; fewer than 30 raw cases,TRUE,FALSE,FALSE,FALSE,FALSE,FALSE,FALSE,FALSE,fewer than 100 total cases and cumulative incidence below 5/100k,NA,NA
permissive,SC,SC_wave_25,2024-03-17,2024-04-28,2024-06-23,FALSE,0.012409348160518889,0.037228044481556664,1,2024-03-10,0.004136449386839629,0.1111111111111111,4,15,6,17,0.2109589187288211,4,10,15,3,5,7,FALSE,FALSE,FALSE,FALSE,FALSE,1,FALSE,FALSE,FALSE,FALSE,fewer than 30 raw cases,TRUE,FALSE,FALSE,FALSE,FALSE,FALSE,FALSE,FALSE,fewer than 100 total cases and cumulative incidence below 5/100k,NA,NA
permissive,SC,SC_wave_26,2025-01-05,2025-03-23,2025-08-24,FALSE,1.2580979366949547,1.2133112787543576,103,2024-06-23,0,0,31,34,11,682,8.330318376951059,14,40,98,4,6,8,FALSE,TRUE,TRUE,FALSE,FALSE,1,FALSE,FALSE,FALSE,FALSE,NA,TRUE,TRUE,TRUE,TRUE,TRUE,TRUE,FALSE,TRUE,NA,1,FALSE
permissive,SC,SC_wave_27,2025-09-07,2025-11-16,2025-12-28,FALSE,0.0488581722988332,0.0488581722988332,4,2025-08-24,0,0,13,17,10,35,0.4275090076147905,3,7,13,2,4,6,FALSE,FALSE,FALSE,FALSE,FALSE,1,FALSE,FALSE,FALSE,FALSE,fewer than 30 raw cases,TRUE,FALSE,FALSE,FALSE,FALSE,FALSE,FALSE,FALSE,fewer than 100 total cases and cumulative incidence below 5/100k,NA,NA
permissive,SE,SE_wave_01,2015-03-22,2015-03-29,2015-04-19,FALSE,0.0458242219505355,0.030549481300357003,1,2015-03-15,0,NA,NA,5,1,2,0.091648443901071,2,2,2,2,2,2,FALSE,FALSE,FALSE,TRUE,FALSE,1,FALSE,FALSE,FALSE,FALSE,too few nonzero raw incidence weeks; fewer than 30 raw cases,TRUE,FALSE,FALSE,FALSE,FALSE,FALSE,FALSE,FALSE,fewer than 100 total cases and cumulative incidence below 5/100k,NA,NA
permissive,SE,SE_wave_02,2015-06-21,2015-06-28,2015-07-12,FALSE,0.0458242219505355,0.015274740650178502,1,2015-04-19,0,0,9,4,1,1,0.0458242219505355,1,1,2,1,1,2,FALSE,FALSE,FALSE,TRUE,TRUE,1,FALSE,FALSE,FALSE,FALSE,too few nonzero raw incidence weeks; fewer than 30 raw cases; one week contains >=80% of early-window cases (backlog screen),TRUE,FALSE,FALSE,FALSE,FALSE,FALSE,FALSE,FALSE,fewer than 100 total cases and cumulative incidence below 5/100k,NA,NA
permissive,SE,SE_wave_03,2015-08-30,2015-11-08,2015-12-27,FALSE,0.6415391073074971,0.7942865138092821,14,2015-07-12,0,0,2,18,10,116,5.315609746262118,3,14,21,1,3,5,FALSE,FALSE,FALSE,FALSE,FALSE,1,FALSE,FALSE,FALSE,FALSE,too few nonzero raw incidence weeks; fewer than 30 raw cases,TRUE,TRUE,TRUE,FALSE,TRUE,TRUE,FALSE,TRUE,NA,1,FALSE
permissive,SE,SE_wave_04,2016-01-24,2016-04-24,2016-12-04,FALSE,12.327640480514141,12.312477331091614,271,2015-12-27,0.16779896469665975,0.21125747671570103,6,46,13,4109,186.9161429314856,96,560,909,4,6,8,TRUE,TRUE,TRUE,FALSE,FALSE,6,FALSE,FALSE,TRUE,FALSE,NA,TRUE,TRUE,TRUE,TRUE,TRUE,TRUE,TRUE,TRUE,NA,2,TRUE
permissive,SE,SE_wave_05,2016-12-11,2017-05-07,2017-11-19,FALSE,0.9942505203997609,0.9490573149270446,22,2016-12-04,0.2729366896054791,0.2875871512843881,4,50,21,262,11.848322146518148,34,47,67,4,6,8,TRUE,TRUE,TRUE,FALSE,FALSE,5,FALSE,FALSE,TRUE,FALSE,NA,TRUE,TRUE,TRUE,TRUE,TRUE,TRUE,TRUE,TRUE,NA,3,TRUE
permissive,SE,SE_wave_06,2017-11-26,2018-05-20,2018-06-24,FALSE,0.22451043255077976,0.11973889736041587,5,2017-11-19,0,0,28,31,25,22,0.9887192601111123,2,3,3,2,3,3,FALSE,FALSE,FALSE,FALSE,FALSE,2,FALSE,FALSE,TRUE,FALSE,too few nonzero raw incidence weeks; fewer than 30 raw cases,TRUE,FALSE,FALSE,FALSE,FALSE,FALSE,FALSE,FALSE,fewer than 100 total cases and cumulative incidence below 5/100k,NA,NA
permissive,SE,SE_wave_07,2018-07-08,2019-02-10,2019-03-03,FALSE,0,0.059489284492630766,0,2018-06-24,0,0,4,35,31,17,0.761624731828554,2,3,4,1,2,3,FALSE,FALSE,FALSE,FALSE,FALSE,5,FALSE,FALSE,TRUE,FALSE,too few nonzero raw incidence weeks; fewer than 30 raw cases,TRUE,FALSE,FALSE,FALSE,FALSE,FALSE,FALSE,FALSE,fewer than 100 total cases and cumulative incidence below 5/100k,NA,NA
permissive,SE,SE_wave_08,2019-03-17,2019-08-11,2020-01-12,FALSE,0.7138714139115692,0.8477223040199884,16,2019-03-03,0,0,2,44,21,273,12.179919636783424,2,2,2,2,2,2,FALSE,FALSE,FALSE,FALSE,FALSE,3,FALSE,FALSE,TRUE,FALSE,too few nonzero raw incidence weeks; fewer than 30 raw cases,TRUE,TRUE,TRUE,TRUE,TRUE,TRUE,TRUE,TRUE,NA,4,TRUE
permissive,SE,SE_wave_09,2020-04-12,2020-07-26,2020-12-27,FALSE,9.981288411324902,11.740952590506627,225,2020-01-12,0.02957418788540712,0.03488664595134894,24,38,15,3761,166.84278095552426,38,105,222,4,6,8,TRUE,TRUE,TRUE,FALSE,FALSE,2,FALSE,FALSE,TRUE,FALSE,NA,TRUE,TRUE,TRUE,TRUE,TRUE,TRUE,TRUE,TRUE,NA,5,TRUE
permissive,SE,SE_wave_10,2021-01-10,2021-08-01,2021-12-19,FALSE,5.872128010624579,5.8426937850074125,133,2020-12-27,0.2799750490336784,0.04791882979595913,30,50,29,3032,133.8668581068701,79,131,170,4,6,8,TRUE,TRUE,TRUE,FALSE,FALSE,6,FALSE,FALSE,TRUE,FALSE,NA,TRUE,TRUE,TRUE,TRUE,TRUE,TRUE,TRUE,TRUE,NA,6,TRUE
permissive,SE,SE_wave_11,2022-01-02,2022-05-22,2023-11-26,FALSE,6.685465139037881,7.154620587391418,152,2021-12-19,0.8094412044720597,0.1385390428211587,15,100,20,5518,242.45098602887106,119,227,336,4,6,8,TRUE,TRUE,TRUE,FALSE,FALSE,8,FALSE,FALSE,TRUE,FALSE,NA,TRUE,TRUE,TRUE,TRUE,TRUE,TRUE,TRUE,TRUE,NA,7,TRUE
permissive,SE,SE_wave_12,2023-12-03,2024-03-03,2024-09-15,FALSE,1.3530754313364413,1.2657802422179611,31,2023-11-26,0.11685686582290167,0.09232002675135728,17,42,13,430,18.772113993084528,12,28,39,4,6,8,FALSE,FALSE,FALSE,FALSE,FALSE,6,FALSE,FALSE,TRUE,FALSE,fewer than 30 raw cases,TRUE,TRUE,TRUE,TRUE,TRUE,TRUE,TRUE,TRUE,NA,8,TRUE
permissive,SE,SE_wave_13,2024-09-22,2025-12-07,NA,TRUE,0.4348913315285344,0.4348913315285343,10,2024-09-15,0.07274599093206674,0.16727395019896757,7,67,63,204,8.874793929903445,12,13,14,3,4,5,FALSE,FALSE,FALSE,FALSE,FALSE,8,FALSE,TRUE,TRUE,TRUE,fewer than 30 raw cases,TRUE,TRUE,TRUE,TRUE,TRUE,TRUE,FALSE,TRUE,NA,9,TRUE
permissive,SP,SP_wave_01,2015-07-19,2015-07-26,2015-09-06,FALSE,0.004523051971834684,0.003015367981223123,2,2015-07-12,0,NA,NA,8,1,5,0.01130762992958671,4,5,5,2,3,3,FALSE,FALSE,FALSE,TRUE,FALSE,1,FALSE,FALSE,FALSE,FALSE,too few nonzero raw incidence weeks; fewer than 30 raw cases,TRUE,FALSE,FALSE,FALSE,FALSE,FALSE,FALSE,FALSE,fewer than 100 total cases and cumulative incidence below 5/100k,NA,NA
permissive,SP,SP_wave_02,2015-10-18,2016-02-07,2016-10-09,FALSE,0.07635283182547718,0.07859850334975593,34,2015-09-06,0,0,8,52,16,683,1.5348400455505276,5,12,20,3,5,7,FALSE,FALSE,FALSE,FALSE,FALSE,4,FALSE,FALSE,TRUE,FALSE,fewer than 30 raw cases,TRUE,TRUE,TRUE,TRUE,FALSE,FALSE,FALSE,FALSE,cumulative incidence below 5/100k,NA,NA
permissive,SP,SP_wave_03,2016-10-23,2017-04-16,2018-05-20,FALSE,0.04240213353253112,0.04017044229397685,19,2016-10-09,0.008982686097114962,0.22361431899050374,18,83,25,870,1.9407715076698995,22,35,54,4,6,8,TRUE,TRUE,TRUE,FALSE,FALSE,12,FALSE,FALSE,TRUE,FALSE,NA,TRUE,TRUE,TRUE,TRUE,FALSE,FALSE,FALSE,FALSE,cumulative incidence below 5/100k,NA,NA
permissive,SP,SP_wave_04,2018-05-27,2018-09-30,2018-12-16,FALSE,0.03328734723299037,0.028849034268591655,15,2018-05-20,0.009616344756197218,0.3333333333333333,2,30,18,234,0.5192826168346498,33,46,59,4,6,8,TRUE,TRUE,TRUE,FALSE,FALSE,2,FALSE,FALSE,TRUE,FALSE,NA,TRUE,TRUE,TRUE,TRUE,FALSE,FALSE,FALSE,FALSE,cumulative incidence below 5/100k,NA,NA
permissive,SP,SP_wave_05,2018-12-30,2019-05-05,2019-11-03,FALSE,0.03752250881497538,0.034579566947134176,17,2018-12-16,0.004438312964398716,0.15384615384615385,3,45,18,326,0.7195970870124487,28,36,48,4,6,8,TRUE,TRUE,TRUE,FALSE,FALSE,5,FALSE,FALSE,TRUE,FALSE,NA,TRUE,TRUE,TRUE,TRUE,FALSE,FALSE,FALSE,FALSE,cumulative incidence below 5/100k,NA,NA
permissive,SP,SP_wave_06,2019-11-10,2020-01-05,2020-03-15,FALSE,0.008786730262384286,0.009536497509724365,4,2019-11-03,0.0029429418678412066,0.30859777028623864,3,19,8,55,0.12101749397819576,8,11,19,2,4,6,FALSE,FALSE,FALSE,FALSE,FALSE,2,FALSE,FALSE,TRUE,FALSE,fewer than 30 raw cases,TRUE,TRUE,FALSE,FALSE,FALSE,FALSE,FALSE,FALSE,fewer than 100 total cases and cumulative incidence below 5/100k,NA,NA
permissive,SP,SP_wave_07,2020-03-22,2020-06-07,2020-09-13,FALSE,0.02196682565596072,0.015376777959172503,10,2020-03-15,0.0021966825655960714,0.23034479517832565,2,26,11,110,0.2416350822155679,8,15,30,4,6,8,FALSE,FALSE,FALSE,FALSE,FALSE,4,FALSE,FALSE,TRUE,FALSE,fewer than 30 raw cases,TRUE,TRUE,TRUE,FALSE,FALSE,FALSE,FALSE,FALSE,cumulative incidence below 5/100k,NA,NA
permissive,SP,SP_wave_08,2021-01-03,2021-03-28,2021-10-31,FALSE,2.722777346799143,2.5146809284999327,1243,2020-09-13,0.0029289100874614286,0.19047619047619044,8,44,12,13475,29.516834069282744,375,1030,2083,4,6,8,TRUE,TRUE,TRUE,FALSE,FALSE,4,FALSE,FALSE,TRUE,FALSE,NA,TRUE,TRUE,TRUE,TRUE,TRUE,TRUE,TRUE,TRUE,NA,1,FALSE
permissive,SP,SP_wave_09,2021-11-14,2022-05-08,2022-12-18,FALSE,0.10276148983870338,0.09765985559139187,47,2021-10-31,0.014603257424505996,0.14953183512379867,28,58,25,985,2.1539362242859537,54,76,98,4,6,8,TRUE,TRUE,TRUE,FALSE,FALSE,3,FALSE,FALSE,TRUE,FALSE,NA,TRUE,TRUE,TRUE,TRUE,TRUE,FALSE,FALSE,FALSE,cumulative incidence below 5/100k,NA,NA
permissive,SP,SP_wave_10,2022-12-25,2023-04-30,2023-10-01,FALSE,0.36204566268205607,0.3656806592953297,166,2022-12-18,0.006559244032257662,0.06716417910447761,22,41,18,2160,4.710971860931022,153,217,282,4,6,8,TRUE,TRUE,TRUE,FALSE,FALSE,3,FALSE,FALSE,TRUE,FALSE,NA,TRUE,TRUE,TRUE,TRUE,TRUE,FALSE,FALSE,FALSE,cumulative incidence below 5/100k,NA,NA
permissive,SP,SP_wave_11,2023-11-12,2024-05-12,2024-09-15,FALSE,0.996232717700667,0.9106756138515559,458,2023-10-01,0.007996992549202043,0.02186878727634195,27,45,26,8807,19.160759771163395,152,376,678,4,6,8,TRUE,TRUE,TRUE,FALSE,FALSE,3,FALSE,FALSE,TRUE,FALSE,NA,TRUE,TRUE,TRUE,TRUE,TRUE,TRUE,TRUE,TRUE,NA,2,TRUE
permissive,SP,SP_wave_12,2024-10-27,2025-01-19,2025-08-17,FALSE,1.436575797026683,1.3201162283855472,662,2024-09-15,0.08773228445544448,0.0963375796178344,25,43,12,7992,17.349711019170996,352,593,799,4,6,8,TRUE,TRUE,TRUE,FALSE,FALSE,4,FALSE,FALSE,TRUE,FALSE,NA,TRUE,TRUE,TRUE,TRUE,TRUE,TRUE,TRUE,TRUE,NA,3,TRUE
permissive,SP,SP_wave_13,2025-08-24,2025-11-23,NA,TRUE,0.08029200074016205,0.11718291999915542,37,2025-08-17,0.03327416246889598,0.2839506172839506,5,19,13,765,1.6600913666547017,100,187,266,4,6,8,TRUE,TRUE,TRUE,FALSE,FALSE,1,FALSE,FALSE,FALSE,TRUE,NA,TRUE,TRUE,TRUE,TRUE,FALSE,FALSE,FALSE,FALSE,cumulative incidence below 5/100k,NA,NA
permissive,TO,TO_wave_01,2015-05-31,2015-06-07,2015-06-21,FALSE,0.06796174569258456,0.02265391523086152,1,2015-05-24,0,NA,NA,4,1,1,0.06796174569258456,1,1,1,1,1,1,FALSE,FALSE,FALSE,TRUE,TRUE,1,FALSE,FALSE,FALSE,FALSE,too few nonzero raw incidence weeks; fewer than 30 raw cases; one week contains >=80% of early-window cases (backlog screen),TRUE,FALSE,FALSE,FALSE,FALSE,FALSE,FALSE,FALSE,fewer than 100 total cases and cumulative incidence below 5/100k,NA,NA
permissive,TO,TO_wave_02,2015-10-04,2015-10-11,2015-10-25,FALSE,0.06796174569258456,0.02265391523086152,1,2015-06-21,0,0,15,4,1,1,0.06796174569258456,1,1,1,1,1,1,FALSE,FALSE,FALSE,TRUE,TRUE,1,FALSE,FALSE,FALSE,FALSE,too few nonzero raw incidence weeks; fewer than 30 raw cases; one week contains >=80% of early-window cases (backlog screen),TRUE,FALSE,FALSE,FALSE,FALSE,FALSE,FALSE,FALSE,fewer than 100 total cases and cumulative incidence below 5/100k,NA,NA
permissive,TO,TO_wave_03,2015-12-27,2016-05-29,2016-08-07,FALSE,1.548387791702796,1.4137453750329874,23,2015-10-25,0,0,9,33,22,236,15.887805167037381,3,10,15,2,4,6,FALSE,FALSE,FALSE,FALSE,FALSE,3,FALSE,FALSE,TRUE,FALSE,fewer than 30 raw cases,TRUE,TRUE,TRUE,TRUE,TRUE,TRUE,TRUE,TRUE,NA,1,FALSE
permissive,TO,TO_wave_04,2016-12-18,2017-05-07,2017-12-24,FALSE,8.007810284297284,8.141273789035573,120,2016-08-07,0.04488080555660277,0.031746031746031744,24,54,20,2417,161.29654003587873,57,202,336,4,6,8,TRUE,TRUE,TRUE,FALSE,FALSE,9,FALSE,FALSE,TRUE,FALSE,NA,TRUE,TRUE,TRUE,TRUE,TRUE,TRUE,TRUE,TRUE,NA,2,TRUE
permissive,TO,TO_wave_05,2017-12-31,2018-04-22,2018-07-08,FALSE,0.13230120751312097,0.26460241502624193,2,2017-12-24,0.044487834912762696,0.168130872533233,4,28,16,64,4.234219789032455,10,15,21,4,6,8,FALSE,FALSE,FALSE,FALSE,FALSE,1,FALSE,FALSE,FALSE,FALSE,fewer than 30 raw cases,TRUE,TRUE,FALSE,FALSE,TRUE,FALSE,FALSE,FALSE,fewer than 100 total cases and cumulative incidence below 5/100k,NA,NA
permissive,TO,TO_wave_06,2018-07-15,2018-08-05,2018-09-16,FALSE,0.19845181126968145,0.17640161001749463,3,2018-07-08,0.02205020125218683,0.125,5,10,3,14,0.9261084525918468,6,11,13,4,6,8,FALSE,FALSE,FALSE,TRUE,FALSE,1,FALSE,FALSE,FALSE,FALSE,fewer than 30 raw cases,TRUE,FALSE,FALSE,FALSE,FALSE,FALSE,FALSE,FALSE,fewer than 100 total cases and cumulative incidence below 5/100k,NA,NA
permissive,TO,TO_wave_07,2018-09-23,2018-10-07,2018-10-14,FALSE,0.06615060375656048,0.11025100626093413,1,2018-09-16,0.02205020125218683,0.2,2,4,2,5,0.3307530187828024,5,6,8,3,4,5,FALSE,FALSE,FALSE,TRUE,FALSE,1,FALSE,FALSE,FALSE,FALSE,fewer than 30 raw cases,TRUE,FALSE,FALSE,FALSE,FALSE,FALSE,FALSE,FALSE,fewer than 100 total cases and cumulative incidence below 5/100k,NA,NA
permissive,TO,TO_wave_08,2018-10-28,2018-12-02,2018-12-23,FALSE,0.06615060375656048,0.11025100626093413,1,2018-10-14,0.04410040250437366,0.4,2,9,5,8,0.5292048300524839,3,6,8,2,4,5,FALSE,FALSE,FALSE,FALSE,FALSE,1,FALSE,FALSE,FALSE,FALSE,fewer than 30 raw cases,TRUE,FALSE,FALSE,FALSE,FALSE,FALSE,FALSE,FALSE,fewer than 100 total cases and cumulative incidence below 5/100k,NA,NA
permissive,TO,TO_wave_09,2019-01-06,2019-02-03,2019-05-26,FALSE,0.26226962891470207,0.24041382650514356,4,2018-12-23,0.02205020125218683,0.2,3,21,4,47,3.081668139747749,7,17,20,3,5,7,FALSE,FALSE,FALSE,FALSE,FALSE,3,FALSE,FALSE,TRUE,FALSE,fewer than 30 raw cases,TRUE,FALSE,FALSE,FALSE,TRUE,FALSE,FALSE,FALSE,fewer than 100 total cases and cumulative incidence below 5/100k,NA,NA
permissive,TO,TO_wave_10,2019-06-09,2019-06-16,2019-07-07,FALSE,0.13113481445735103,0.08742320963823402,2,2019-05-26,0,0,2,5,1,4,0.26226962891470207,4,4,4,2,2,2,FALSE,FALSE,FALSE,TRUE,FALSE,1,FALSE,FALSE,FALSE,FALSE,too few nonzero raw incidence weeks; fewer than 30 raw cases,TRUE,FALSE,FALSE,FALSE,FALSE,FALSE,FALSE,FALSE,fewer than 100 total cases and cumulative incidence below 5/100k,NA,NA
permissive,TO,TO_wave_11,2019-07-28,2019-08-04,2019-08-18,FALSE,0.06556740722867552,0.021855802409558506,1,2019-07-07,0,0,3,4,1,1,0.06556740722867552,1,1,1,1,1,1,FALSE,FALSE,FALSE,TRUE,TRUE,1,FALSE,FALSE,FALSE,FALSE,too few nonzero raw incidence weeks; fewer than 30 raw cases; one week contains >=80% of early-window cases (backlog screen),TRUE,FALSE,FALSE,FALSE,FALSE,FALSE,FALSE,FALSE,fewer than 100 total cases and cumulative incidence below 5/100k,NA,NA
permissive,TO,TO_wave_12,2019-10-13,2020-02-23,2020-07-05,FALSE,0.1300486512004141,0.15172342640048309,2,2019-08-18,0,0,8,39,19,26,1.6933478737477254,1,2,3,1,2,3,FALSE,FALSE,FALSE,FALSE,FALSE,6,FALSE,FALSE,TRUE,FALSE,too few nonzero raw incidence weeks; fewer than 30 raw cases,TRUE,FALSE,FALSE,FALSE,FALSE,FALSE,FALSE,FALSE,fewer than 100 total cases and cumulative incidence below 5/100k,NA,NA
permissive,TO,TO_wave_13,2020-07-19,2020-08-23,2020-09-06,FALSE,0.06502432560020704,0.021674775200069014,1,2020-07-05,0,0,2,8,5,2,0.1300486512004141,1,2,2,1,2,2,FALSE,FALSE,FALSE,FALSE,FALSE,1,FALSE,FALSE,FALSE,FALSE,too few nonzero raw incidence weeks; fewer than 30 raw cases,TRUE,FALSE,FALSE,FALSE,FALSE,FALSE,FALSE,FALSE,fewer than 100 total cases and cumulative incidence below 5/100k,NA,NA
permissive,TO,TO_wave_14,2020-11-15,2020-11-29,2020-12-20,FALSE,0.1300486512004141,0.08669910080027605,2,2020-09-06,0,0,10,6,2,4,0.2600973024008282,4,4,5,3,3,4,FALSE,FALSE,FALSE,TRUE,FALSE,1,FALSE,FALSE,FALSE,FALSE,too few nonzero raw incidence weeks; fewer than 30 raw cases,TRUE,FALSE,FALSE,FALSE,FALSE,FALSE,FALSE,FALSE,fewer than 100 total cases and cumulative incidence below 5/100k,NA,NA
permissive,TO,TO_wave_15,2020-12-27,2021-05-23,2021-10-17,FALSE,0.4520462843732766,0.5812023656227842,7,2020-12-20,0,0,4,43,21,137,8.84719156559127,2,4,7,2,3,5,FALSE,FALSE,FALSE,FALSE,FALSE,4,FALSE,FALSE,TRUE,FALSE,too few nonzero raw incidence weeks; fewer than 30 raw cases,TRUE,TRUE,TRUE,FALSE,TRUE,TRUE,FALSE,TRUE,NA,3,TRUE
permissive,TO,TO_wave_16,2021-12-05,2022-05-01,2022-10-23,FALSE,14.89490106447181,16.093341380004023,232,2021-10-17,0,0,15,47,21,3771,242.12438673890432,48,107,190,4,6,8,TRUE,TRUE,TRUE,FALSE,FALSE,2,FALSE,FALSE,TRUE,FALSE,NA,TRUE,TRUE,TRUE,TRUE,TRUE,TRUE,TRUE,TRUE,NA,4,TRUE
permissive,TO,TO_wave_17,2022-12-04,2023-02-12,2023-09-24,FALSE,24.438629369362125,25.1192526416159,383,2022-10-23,0.19260647928196303,0.011968085106382979,28,43,10,4338,276.8309003617089,76,301,754,4,6,8,TRUE,TRUE,TRUE,FALSE,FALSE,1,FALSE,FALSE,FALSE,FALSE,NA,TRUE,TRUE,TRUE,TRUE,TRUE,TRUE,TRUE,TRUE,NA,5,TRUE
permissive,TO,TO_wave_18,2023-10-01,2023-10-15,2023-10-29,FALSE,0.5104674541903316,0.29777268161102677,8,2023-09-24,0.06380843177379145,0.21428571428571427,4,5,2,16,1.0209349083806631,15,17,22,4,6,8,FALSE,FALSE,FALSE,TRUE,FALSE,2,FALSE,FALSE,TRUE,FALSE,fewer than 30 raw cases,TRUE,FALSE,FALSE,FALSE,FALSE,FALSE,FALSE,FALSE,fewer than 100 total cases and cumulative incidence below 5/100k,NA,NA
permissive,TO,TO_wave_19,2023-11-19,2024-04-07,2024-08-04,FALSE,3.169889599085043,3.2332873910667437,50,2023-10-29,0.10634738628965242,0.35714285714285715,2,38,20,704,44.638615791790855,11,13,19,4,5,7,FALSE,FALSE,FALSE,FALSE,FALSE,2,FALSE,FALSE,TRUE,FALSE,fewer than 30 raw cases,TRUE,TRUE,TRUE,TRUE,TRUE,TRUE,TRUE,TRUE,NA,6,TRUE
permissive,TO,TO_wave_20,2024-08-18,2024-09-01,2024-10-13,FALSE,0.06339779198170087,0.16906077861786897,1,2024-08-04,0.04226519465446724,0.25,2,9,2,11,0.6973757117987095,9,10,11,4,5,6,FALSE,FALSE,FALSE,TRUE,FALSE,1,FALSE,FALSE,FALSE,FALSE,fewer than 30 raw cases,TRUE,FALSE,FALSE,FALSE,FALSE,FALSE,FALSE,FALSE,fewer than 100 total cases and cumulative incidence below 5/100k,NA,NA
permissive,TO,TO_wave_21,2024-11-03,2024-11-10,2024-12-15,FALSE,0.12679558396340174,0.06339779198170087,2,2024-10-13,0,0,5,7,1,4,0.2535911679268035,3,4,4,2,3,3,FALSE,FALSE,FALSE,TRUE,FALSE,1,FALSE,FALSE,FALSE,FALSE,too few nonzero raw incidence weeks; fewer than 30 raw cases,TRUE,FALSE,FALSE,FALSE,FALSE,FALSE,FALSE,FALSE,fewer than 100 total cases and cumulative incidence below 5/100k,NA,NA
permissive,TO,TO_wave_22,2024-12-29,2025-04-13,2025-09-07,FALSE,1.449404137355619,1.4704099944187439,23,2024-12-15,0,0,4,37,15,396,24.954958190992393,15,30,58,3,5,7,FALSE,TRUE,TRUE,FALSE,FALSE,3,FALSE,FALSE,TRUE,FALSE,NA,TRUE,TRUE,TRUE,TRUE,TRUE,TRUE,TRUE,TRUE,NA,7,TRUE
permissive,TO,TO_wave_23,2025-10-05,2025-12-14,NA,TRUE,0.25207028475749893,0.10502928531562455,4,2025-09-07,0.02100585706312491,0.2,6,13,10,12,0.7562108542724968,3,5,6,2,3,4,FALSE,FALSE,FALSE,FALSE,FALSE,2,FALSE,FALSE,TRUE,TRUE,too few nonzero raw incidence weeks; fewer than 30 raw cases,TRUE,FALSE,FALSE,FALSE,FALSE,FALSE,FALSE,FALSE,fewer than 100 total cases and cumulative incidence below 5/100k,NA,NA
primary,AC,AC_wave_01,2016-01-24,2016-01-31,2016-02-14,FALSE,0.11957517332421373,0.039858391108071246,1,2016-01-17,0,NA,NA,4,1,1,0.11957517332421373,1,1,1,1,1,1,FALSE,FALSE,FALSE,TRUE,TRUE,1,FALSE,FALSE,FALSE,FALSE,too few nonzero raw incidence weeks; fewer than 30 raw cases; one week contains >=80% of early-window cases (backlog screen),TRUE,FALSE,FALSE,FALSE,FALSE,FALSE,FALSE,FALSE,fewer than 100 total cases and cumulative incidence below 5/100k,NA,NA
primary,AC,AC_wave_02,2016-03-20,2016-06-05,2016-07-17,FALSE,1.315326906566351,0.9964597777017812,11,2016-02-14,0,0,5,18,11,49,5.859183492886473,5,10,17,3,5,7,FALSE,FALSE,FALSE,FALSE,FALSE,1,FALSE,FALSE,FALSE,FALSE,fewer than 30 raw cases,TRUE,FALSE,FALSE,FALSE,TRUE,TRUE,FALSE,FALSE,fewer than 100 total cases,NA,NA
primary,AC,AC_wave_03,2016-08-28,2017-01-15,2017-04-02,FALSE,0.3552414694681798,0.5525978413949464,3,2016-07-17,0,0,24,32,20,39,4.633236655272337,1,2,3,1,2,3,FALSE,FALSE,FALSE,FALSE,FALSE,5,FALSE,FALSE,TRUE,FALSE,too few nonzero raw incidence weeks; fewer than 30 raw cases,TRUE,FALSE,FALSE,FALSE,TRUE,FALSE,FALSE,FALSE,fewer than 100 total cases and cumulative incidence below 5/100k,NA,NA
primary,AC,AC_wave_04,2017-04-30,2017-06-04,2017-08-13,FALSE,0.23682764631211992,0.2762989206974732,2,2017-04-02,0.07894254877070664,0.28571428571428575,4,16,5,19,2.249862639965139,6,10,13,3,5,6,FALSE,FALSE,FALSE,FALSE,FALSE,1,FALSE,FALSE,FALSE,FALSE,fewer than 30 raw cases,TRUE,FALSE,FALSE,FALSE,TRUE,FALSE,FALSE,FALSE,fewer than 100 total cases and cumulative incidence below 5/100k,NA,NA
primary,AC,AC_wave_05,2017-08-20,2017-10-08,2017-11-19,FALSE,0.47365529262423983,0.31577019508282655,4,2017-08-13,0,0,10,14,7,13,1.5393797010287795,2,3,9,2,3,5,FALSE,FALSE,FALSE,FALSE,FALSE,1,FALSE,FALSE,FALSE,FALSE,too few nonzero raw incidence weeks; fewer than 30 raw cases,TRUE,FALSE,FALSE,FALSE,FALSE,FALSE,FALSE,FALSE,fewer than 100 total cases and cumulative incidence below 5/100k,NA,NA
primary,AC,AC_wave_06,2017-11-26,2018-02-25,2018-05-06,FALSE,0.35231778124354085,0.5871963020725681,3,2017-11-19,0.03947127438535332,0.125,5,24,13,52,6.115612606228625,6,9,16,4,6,8,FALSE,FALSE,FALSE,FALSE,FALSE,1,FALSE,FALSE,FALSE,FALSE,fewer than 30 raw cases,TRUE,TRUE,FALSE,FALSE,TRUE,TRUE,FALSE,FALSE,fewer than 100 total cases,NA,NA
primary,AC,AC_wave_07,2018-05-27,2018-10-28,2019-03-31,FALSE,2.9359815103628404,2.113906687461245,25,2018-05-06,0.039146420138171205,0.06666666666666667,8,45,22,232,27.211660962308688,9,14,17,4,6,8,FALSE,FALSE,FALSE,FALSE,FALSE,4,FALSE,FALSE,TRUE,FALSE,fewer than 30 raw cases,TRUE,TRUE,TRUE,TRUE,TRUE,TRUE,TRUE,TRUE,NA,1,FALSE
primary,AC,AC_wave_08,2019-05-19,2019-05-26,2019-06-09,FALSE,0.11656112057198874,0.03885370685732958,1,2019-03-31,0,0,7,4,1,1,0.11656112057198874,1,1,2,1,1,2,FALSE,FALSE,FALSE,TRUE,TRUE,1,FALSE,FALSE,FALSE,FALSE,too few nonzero raw incidence weeks; fewer than 30 raw cases; one week contains >=80% of early-window cases (backlog screen),TRUE,FALSE,FALSE,FALSE,FALSE,FALSE,FALSE,FALSE,fewer than 100 total cases and cumulative incidence below 5/100k,NA,NA
primary,AC,AC_wave_09,2019-06-30,2019-07-07,2019-07-21,FALSE,0.11656112057198874,0.03885370685732958,1,2019-06-09,0,0,3,4,1,1,0.11656112057198874,1,1,1,1,1,1,FALSE,FALSE,FALSE,TRUE,TRUE,1,FALSE,FALSE,FALSE,FALSE,too few nonzero raw incidence weeks; fewer than 30 raw cases; one week contains >=80% of early-window cases (backlog screen),TRUE,FALSE,FALSE,FALSE,FALSE,FALSE,FALSE,FALSE,fewer than 100 total cases and cumulative incidence below 5/100k,NA,NA
primary,AC,AC_wave_10,2019-10-27,2019-12-08,2019-12-29,FALSE,0.23312224114397748,0.1554148274293183,2,2019-07-21,0,0,14,10,6,5,0.58280560285994365,1,2,5,1,2,4,FALSE,FALSE,FALSE,FALSE,FALSE,1,FALSE,FALSE,FALSE,FALSE,too few nonzero raw incidence weeks; fewer than 30 raw cases,TRUE,FALSE,FALSE,FALSE,FALSE,FALSE,FALSE,FALSE,fewer than 100 total cases and cumulative incidence below 5/100k,NA,NA
primary,AC,AC_wave_11,2020-01-05,2020-02-09,2020-03-22,FALSE,0.4631468279652687,0.1929778449855286,4,2019-12-29,0,0,3,12,5,11,1.2736537769044889,4,8,9,3,4,5,FALSE,FALSE,FALSE,FALSE,FALSE,1,FALSE,FALSE,FALSE,FALSE,fewer than 30 raw cases,TRUE,FALSE,FALSE,FALSE,FALSE,FALSE,FALSE,FALSE,fewer than 100 total cases and cumulative incidence below 5/100k,NA,NA
primary,AC,AC_wave_12,2020-04-05,2020-07-12,2020-08-16,FALSE,0.34736012097395147,0.3473601209739515,3,2020-03-22,0,0,7,20,14,25,2.894667674782929,1,5,10,1,3,5,FALSE,FALSE,FALSE,FALSE,FALSE,2,FALSE,FALSE,TRUE,FALSE,too few nonzero raw incidence weeks; fewer than 30 raw cases,TRUE,FALSE,FALSE,FALSE,TRUE,FALSE,FALSE,FALSE,fewer than 100 total cases and cumulative incidence below 5/100k,NA,NA
primary,AC,AC_wave_13,2020-11-08,2021-03-07,2021-04-11,FALSE,2.4183908257768216,2.610326605600379,21,2020-08-16,0,0,14,23,17,169,19.468540465080537,7,9,10,3,4,5,FALSE,FALSE,FALSE,FALSE,FALSE,4,FALSE,FALSE,TRUE,FALSE,fewer than 30 raw cases,TRUE,TRUE,TRUE,FALSE,TRUE,TRUE,TRUE,TRUE,NA,2,TRUE
primary,AC,AC_wave_14,2021-04-18,2021-10-31,2021-11-28,FALSE,0.8061302752589407,0.5758073394706719,7,2021-04-11,0.038387155964711456,0.06666666666666667,6,33,28,48,5.52775045891845,4,7,14,2,4,6,FALSE,FALSE,FALSE,FALSE,FALSE,3,FALSE,FALSE,TRUE,FALSE,fewer than 30 raw cases,TRUE,FALSE,FALSE,FALSE,TRUE,TRUE,FALSE,FALSE,fewer than 100 total cases,NA,NA
primary,AC,AC_wave_15,2021-12-12,2022-02-20,2022-05-01,FALSE,0.11460451129198249,0.15280601505597666,1,2021-11-28,0,0,6,21,10,12,1.3758110921059417,1,3,4,1,3,4,FALSE,FALSE,FALSE,FALSE,FALSE,2,FALSE,FALSE,TRUE,FALSE,too few nonzero raw incidence weeks; fewer than 30 raw cases,TRUE,FALSE,FALSE,FALSE,FALSE,FALSE,FALSE,FALSE,fewer than 100 total cases and cumulative incidence below 5/100k,NA,NA
primary,AC,AC_wave_16,2022-05-22,2022-06-05,2022-07-17,FALSE,0,0.07640300752798833,0,2022-05-01,0,0,3,9,2,4,0.45841804516792994,2,2,4,2,2,3,FALSE,FALSE,FALSE,TRUE,FALSE,2,FALSE,FALSE,TRUE,FALSE,too few nonzero raw incidence weeks; fewer than 30 raw cases,TRUE,FALSE,FALSE,FALSE,FALSE,FALSE,FALSE,FALSE,fewer than 100 total cases and cumulative incidence below 5/100k,NA,NA
primary,AC,AC_wave_17,2022-09-04,2022-09-11,2022-09-25,FALSE,0.11460451129198249,0.038201503763994164,1,2022-07-17,0,0,7,4,1,1,0.11460451129198249,1,1,1,1,1,1,FALSE,FALSE,FALSE,TRUE,TRUE,1,FALSE,FALSE,FALSE,FALSE,too few nonzero raw incidence weeks; fewer than 30 raw cases; one week contains >=80% of early-window cases (backlog screen),TRUE,FALSE,FALSE,FALSE,FALSE,FALSE,FALSE,FALSE,fewer than 100 total cases and cumulative incidence below 5/100k,NA,NA
primary,AC,AC_wave_18,2022-10-30,2022-11-06,2022-11-20,FALSE,0.11460451129198249,0.038201503763994164,1,2022-09-25,0,0,5,4,1,1,0.11460451129198249,1,1,1,1,1,1,FALSE,FALSE,FALSE,TRUE,TRUE,1,FALSE,FALSE,FALSE,FALSE,too few nonzero raw incidence weeks; fewer than 30 raw cases; one week contains >=80% of early-window cases (backlog screen),TRUE,FALSE,FALSE,FALSE,FALSE,FALSE,FALSE,FALSE,fewer than 100 total cases and cumulative incidence below 5/100k,NA,NA
primary,AC,AC_wave_19,2023-02-05,2023-04-09,2023-06-04,FALSE,0.3422383758735634,0.3042118896653897,3,2022-11-20,0,0,11,18,9,18,2.053430255241381,5,6,6,3,4,4,FALSE,FALSE,FALSE,FALSE,FALSE,3,FALSE,FALSE,TRUE,FALSE,fewer than 30 raw cases,TRUE,FALSE,FALSE,FALSE,TRUE,FALSE,FALSE,FALSE,fewer than 100 total cases and cumulative incidence below 5/100k,NA,NA
primary,AC,AC_wave_20,2023-07-02,2023-07-09,2023-08-20,FALSE,0.22815891724904233,0.07605297241634744,2,2023-06-04,0,0,4,8,1,4,0.45631783449808466,2,4,4,1,2,2,FALSE,FALSE,FALSE,TRUE,FALSE,2,FALSE,FALSE,TRUE,FALSE,too few nonzero raw incidence weeks; fewer than 30 raw cases,TRUE,FALSE,FALSE,FALSE,FALSE,FALSE,FALSE,FALSE,fewer than 100 total cases and cumulative incidence below 5/100k,NA,NA
primary,AC,AC_wave_21,2023-10-08,2023-10-15,2023-10-29,FALSE,0.11407945862452117,0.03802648620817372,1,2023-08-20,0,0,7,4,1,1,0.11407945862452117,1,1,3,1,1,2,FALSE,FALSE,FALSE,TRUE,TRUE,1,FALSE,FALSE,FALSE,FALSE,too few nonzero raw incidence weeks; fewer than 30 raw cases; one week contains >=80% of early-window cases (backlog screen),TRUE,FALSE,FALSE,FALSE,FALSE,FALSE,FALSE,FALSE,fewer than 100 total cases and cumulative incidence below 5/100k,NA,NA
primary,AC,AC_wave_22,2023-11-26,2024-01-07,2024-10-13,FALSE,1.3626592749971327,2.201514887423137,12,2023-10-29,0,0,3,47,6,221,25.119245004728064,8,45,68,3,5,7,FALSE,TRUE,TRUE,FALSE,FALSE,4,FALSE,FALSE,TRUE,FALSE,NA,TRUE,TRUE,TRUE,TRUE,TRUE,TRUE,TRUE,TRUE,NA,3,TRUE
primary,AC,AC_wave_23,2024-12-08,2025-01-19,2025-05-04,FALSE,0.5653729426078619,0.6030644721150527,5,2024-10-13,0,0,18,22,6,40,4.526345998293549,7,16,24,2,4,6,FALSE,FALSE,FALSE,FALSE,FALSE,3,FALSE,FALSE,TRUE,FALSE,fewer than 30 raw cases,TRUE,FALSE,FALSE,FALSE,TRUE,FALSE,FALSE,FALSE,fewer than 100 total cases and cumulative incidence below 5/100k,NA,NA
primary,AC,AC_wave_24,2025-05-25,2025-06-29,2025-08-17,FALSE,0,0.15076611802876316,0,2025-05-04,0.03769152950719079,0.25,3,13,5,9,1.0176712966941515,2,5,7,1,2,4,FALSE,FALSE,FALSE,FALSE,FALSE,2,FALSE,FALSE,TRUE,FALSE,too few nonzero raw incidence weeks; fewer than 30 raw cases,TRUE,FALSE,FALSE,FALSE,FALSE,FALSE,FALSE,FALSE,fewer than 100 total cases and cumulative incidence below 5/100k,NA,NA
primary,AL,AL_wave_01,2015-03-29,2015-04-12,2015-08-23,FALSE,0,0.020956597419781814,0,2015-03-22,0,NA,NA,22,2,7,0.22004427290770906,2,2,4,2,2,4,FALSE,FALSE,FALSE,TRUE,FALSE,3,FALSE,FALSE,TRUE,FALSE,too few nonzero raw incidence weeks; fewer than 30 raw cases,TRUE,FALSE,FALSE,FALSE,FALSE,FALSE,FALSE,FALSE,fewer than 100 total cases and cumulative incidence below 5/100k,NA,NA
primary,AL,AL_wave_02,2016-01-31,2016-05-29,2017-10-29,FALSE,17.62912708216616,19.3439413416414,562,2015-08-23,0,0,7,92,17,9621,301.77566046121643,279,478,667,4,6,8,TRUE,TRUE,TRUE,FALSE,FALSE,12,FALSE,FALSE,TRUE,FALSE,NA,TRUE,TRUE,TRUE,TRUE,TRUE,TRUE,TRUE,TRUE,NA,1,FALSE
primary,AL,AL_wave_03,2017-11-19,2018-07-22,2018-09-23,FALSE,0.28123875044998203,0.26040625041665,9,2017-10-29,0.04175598532903455,0.1603493973828392,6,45,35,167,5.219837798338446,11,16,21,4,6,8,FALSE,FALSE,FALSE,FALSE,FALSE,3,FALSE,FALSE,TRUE,FALSE,fewer than 30 raw cases,TRUE,TRUE,TRUE,FALSE,TRUE,TRUE,FALSE,TRUE,NA,2,TRUE
primary,AL,AL_wave_04,2019-02-03,2019-07-07,2020-01-05,FALSE,2.3062270623902985,2.60749095792777,74,2018-09-23,0.062497500099995995,0.24,4,49,22,1499,46.71656199071464,34,59,83,4,6,8,TRUE,TRUE,TRUE,FALSE,FALSE,3,FALSE,FALSE,TRUE,FALSE,NA,TRUE,TRUE,TRUE,TRUE,TRUE,TRUE,TRUE,TRUE,NA,3,TRUE
primary,AL,AL_wave_05,2020-02-16,2020-07-26,2020-11-22,FALSE,0.27995320426661124,0.24884729268143221,9,2020-01-05,0.031125684581066643,0.12507945835244802,20,41,23,135,4.199298063999168,6,10,12,4,6,7,FALSE,FALSE,FALSE,FALSE,FALSE,5,FALSE,FALSE,TRUE,FALSE,fewer than 30 raw cases,TRUE,TRUE,TRUE,FALSE,TRUE,FALSE,FALSE,FALSE,cumulative incidence below 5/100k,NA,NA
primary,AL,AL_wave_06,2020-11-29,2021-02-28,2021-03-28,FALSE,0.21753864962572475,0.13466678310163913,7,2020-11-22,0,0,12,18,13,26,0.8080586218871286,2,3,3,2,3,3,FALSE,FALSE,FALSE,FALSE,FALSE,1,FALSE,FALSE,FALSE,FALSE,too few nonzero raw incidence weeks; fewer than 30 raw cases,TRUE,FALSE,FALSE,FALSE,FALSE,FALSE,FALSE,FALSE,fewer than 100 total cases and cumulative incidence below 5/100k,NA,NA
primary,AL,AL_wave_07,2021-05-02,2021-11-07,2022-01-02,FALSE,1.3673857976474126,0.9737444316580061,44,2021-03-28,0.010358983315510703,0.07692307692307693,4,36,27,506,15.724904112637681,18,34,59,4,6,8,FALSE,TRUE,TRUE,FALSE,FALSE,3,FALSE,FALSE,TRUE,FALSE,NA,TRUE,TRUE,TRUE,TRUE,TRUE,TRUE,TRUE,TRUE,NA,4,TRUE
primary,AL,AL_wave_08,2022-03-27,2022-06-26,2023-10-29,FALSE,21.470422550965843,20.041132482450028,691,2022-01-02,0.1346505029478569,0.1382811532165436,7,84,13,11187,347.59530206012096,409,927,1826,4,6,8,TRUE,TRUE,TRUE,FALSE,FALSE,7,FALSE,FALSE,TRUE,FALSE,NA,TRUE,TRUE,TRUE,TRUE,TRUE,TRUE,TRUE,TRUE,NA,5,TRUE
primary,AL,AL_wave_09,2023-11-05,2024-02-25,2024-08-11,FALSE,0.6832077473274155,0.6107463195805685,22,2023-10-29,0.09320802446524226,0.15261332156574126,11,41,16,368,11.428751186470969,16,28,32,4,6,8,FALSE,FALSE,FALSE,FALSE,FALSE,7,FALSE,FALSE,TRUE,FALSE,fewer than 30 raw cases,TRUE,TRUE,TRUE,TRUE,TRUE,TRUE,TRUE,TRUE,NA,6,TRUE
primary,AL,AL_wave_10,2025-03-23,2025-08-03,2025-12-28,FALSE,7.016785641545332,7.699835571253285,226,2024-08-11,0.12421959042316645,0.20338983050847456,6,41,19,3871,120.18573990452204,69,120,181,4,6,8,TRUE,TRUE,TRUE,FALSE,FALSE,3,FALSE,FALSE,TRUE,FALSE,NA,TRUE,TRUE,TRUE,TRUE,TRUE,TRUE,TRUE,TRUE,NA,7,TRUE
primary,AM,AM_wave_01,2016-03-06,2016-12-04,2017-09-17,FALSE,0.20436492832155598,0.19584972297482448,8,2016-02-14,0,NA,NA,81,39,184,4.6720539384080135,3,4,7,3,4,6,FALSE,FALSE,FALSE,FALSE,FALSE,10,FALSE,FALSE,TRUE,FALSE,fewer than 30 raw cases,TRUE,TRUE,TRUE,FALSE,TRUE,FALSE,FALSE,FALSE,cumulative incidence below 5/100k,NA,NA
primary,AM,AM_wave_02,2017-10-22,2017-11-26,2017-12-17,FALSE,0.02521221118151481,0.016808140787676538,1,2017-09-17,0,0,5,9,5,3,0.07563663354454442,1,2,3,1,2,3,FALSE,FALSE,FALSE,FALSE,FALSE,1,FALSE,FALSE,FALSE,FALSE,too few nonzero raw incidence weeks; fewer than 30 raw cases,TRUE,FALSE,FALSE,FALSE,FALSE,FALSE,FALSE,FALSE,fewer than 100 total cases and cumulative incidence below 5/100k,NA,NA
primary,AM,AM_wave_03,2018-03-11,2018-03-25,2018-04-22,FALSE,0,0.008295004192709869,0,2017-12-17,0,0,12,7,2,2,0.049770025156259216,1,2,2,1,2,2,FALSE,FALSE,FALSE,TRUE,FALSE,1,FALSE,FALSE,FALSE,FALSE,too few nonzero raw incidence weeks; fewer than 30 raw cases,TRUE,FALSE,FALSE,FALSE,FALSE,FALSE,FALSE,FALSE,fewer than 100 total cases and cumulative incidence below 5/100k,NA,NA
primary,AM,AM_wave_04,2018-07-01,2018-07-29,2018-08-19,FALSE,0.049770025156259216,0.024885012578129608,2,2018-04-22,0,0,10,8,4,4,0.09954005031251843,1,4,4,1,3,3,FALSE,FALSE,FALSE,FALSE,FALSE,1,FALSE,FALSE,FALSE,FALSE,too few nonzero raw incidence weeks; fewer than 30 raw cases,TRUE,FALSE,FALSE,FALSE,FALSE,FALSE,FALSE,FALSE,fewer than 100 total cases and cumulative incidence below 5/100k,NA,NA
primary,AM,AM_wave_05,2018-09-16,2018-09-23,2018-10-07,FALSE,0.024885012578129608,0.008295004192709869,1,2018-08-19,0,0,4,4,1,1,0.024885012578129608,1,1,1,1,1,1,FALSE,FALSE,FALSE,TRUE,TRUE,1,FALSE,FALSE,FALSE,FALSE,too few nonzero raw incidence weeks; fewer than 30 raw cases; one week contains >=80% of early-window cases (backlog screen),TRUE,FALSE,FALSE,FALSE,FALSE,FALSE,FALSE,FALSE,fewer than 100 total cases and cumulative incidence below 5/100k,NA,NA
primary,AM,AM_wave_06,2018-12-30,2019-03-17,2019-04-21,FALSE,0.12275119805169298,0.05728389242412339,5,2018-10-07,0,0,12,17,11,16,0.39280383376541755,2,2,6,1,1,3,FALSE,FALSE,FALSE,FALSE,TRUE,1,FALSE,FALSE,FALSE,FALSE,too few nonzero raw incidence weeks; fewer than 30 raw cases; one week contains >=80% of early-window cases (backlog screen),TRUE,FALSE,FALSE,FALSE,FALSE,FALSE,FALSE,FALSE,fewer than 100 total cases and cumulative incidence below 5/100k,NA,NA
primary,AM,AM_wave_07,2019-04-28,2019-05-26,2019-07-14,FALSE,0.12275119805169298,0.1309346112551392,5,2019-04-21,0.0081834132034462,0.14285714285714288,3,12,4,28,0.6874067090894806,16,25,27,4,6,7,FALSE,FALSE,FALSE,FALSE,FALSE,1,FALSE,FALSE,FALSE,FALSE,fewer than 30 raw cases,TRUE,FALSE,FALSE,FALSE,FALSE,FALSE,FALSE,FALSE,fewer than 100 total cases and cumulative incidence below 5/100k,NA,NA
primary,AM,AM_wave_08,2019-12-01,2019-12-15,2020-03-01,FALSE,0,0.0163668264068924,0,2019-07-14,0,0,20,14,2,4,0.09762972755600265,2,2,3,2,2,3,FALSE,FALSE,FALSE,TRUE,FALSE,2,FALSE,FALSE,TRUE,FALSE,too few nonzero raw incidence weeks; fewer than 30 raw cases,TRUE,FALSE,FALSE,FALSE,FALSE,FALSE,FALSE,FALSE,fewer than 100 total cases and cumulative incidence below 5/100k,NA,NA
primary,AM,AM_wave_09,2020-03-29,2020-04-05,2020-04-19,FALSE,0.024264624167662726,0.008088208055887575,1,2020-03-01,0,0,4,4,1,1,0.024264624167662726,1,1,1,1,1,1,FALSE,FALSE,FALSE,TRUE,TRUE,1,FALSE,FALSE,FALSE,FALSE,too few nonzero raw incidence weeks; fewer than 30 raw cases; one week contains >=80% of early-window cases (backlog screen),TRUE,FALSE,FALSE,FALSE,FALSE,FALSE,FALSE,FALSE,fewer than 100 total cases and cumulative incidence below 5/100k,NA,NA
primary,AM,AM_wave_10,2020-05-24,2020-07-19,2020-08-09,FALSE,0.024264624167662726,0.024264624167662726,1,2020-04-19,0,0,5,12,8,5,0.12132312083831363,1,2,2,1,2,2,FALSE,FALSE,FALSE,FALSE,FALSE,1,FALSE,FALSE,FALSE,FALSE,too few nonzero raw incidence weeks; fewer than 30 raw cases,TRUE,FALSE,FALSE,FALSE,FALSE,FALSE,FALSE,FALSE,fewer than 100 total cases and cumulative incidence below 5/100k,NA,NA
primary,AM,AM_wave_11,2020-09-20,2020-09-27,2020-10-11,FALSE,0.024264624167662726,0.008088208055887575,1,2020-08-09,0,0,6,4,1,1,0.024264624167662726,1,1,1,1,1,1,FALSE,FALSE,FALSE,TRUE,TRUE,1,FALSE,FALSE,FALSE,FALSE,too few nonzero raw incidence weeks; fewer than 30 raw cases; one week contains >=80% of early-window cases (backlog screen),TRUE,FALSE,FALSE,FALSE,FALSE,FALSE,FALSE,FALSE,fewer than 100 total cases and cumulative incidence below 5/100k,NA,NA
primary,AM,AM_wave_12,2020-12-13,2020-12-27,2021-02-07,FALSE,0,0.032126594474391555,0,2020-10-11,0,0,9,9,2,6,0.14445655626018264,4,5,6,2,3,4,FALSE,FALSE,FALSE,TRUE,FALSE,1,FALSE,FALSE,FALSE,FALSE,too few nonzero raw incidence weeks; fewer than 30 raw cases,TRUE,FALSE,FALSE,FALSE,FALSE,FALSE,FALSE,FALSE,fewer than 100 total cases and cumulative incidence below 5/100k,NA,NA
primary,AM,AM_wave_13,2021-03-14,2021-06-06,2021-11-07,FALSE,0.16826870492952786,0.1842942958751972,7,2021-02-07,0,0,7,35,12,115,2.764414438127958,6,7,12,4,5,7,FALSE,FALSE,FALSE,FALSE,FALSE,4,FALSE,FALSE,TRUE,FALSE,fewer than 30 raw cases,TRUE,TRUE,TRUE,FALSE,TRUE,FALSE,FALSE,FALSE,cumulative incidence below 5/100k,NA,NA
primary,AM,AM_wave_14,2022-01-30,2022-04-24,2022-08-21,FALSE,0.11905354337870623,0.33334992146037745,5,2021-11-07,0,0,18,30,12,128,3.0477707104948797,13,21,34,3,5,7,FALSE,FALSE,FALSE,FALSE,FALSE,5,FALSE,FALSE,TRUE,FALSE,fewer than 30 raw cases,TRUE,TRUE,TRUE,FALSE,TRUE,FALSE,FALSE,FALSE,cumulative incidence below 5/100k,NA,NA
primary,AM,AM_wave_15,2022-08-28,2023-04-02,2024-05-26,FALSE,0.3301442187856305,0.22795672249484011,14,2022-08-21,0,0,42,92,31,217,5.11707319046298,4,7,7,2,4,4,FALSE,FALSE,FALSE,FALSE,FALSE,7,FALSE,FALSE,TRUE,FALSE,fewer than 30 raw cases,TRUE,TRUE,TRUE,TRUE,TRUE,TRUE,FALSE,TRUE,NA,1,FALSE
primary,AM,AM_wave_16,2024-06-23,2024-06-30,2024-07-14,FALSE,0.023357887923715008,0.007785962641238336,1,2024-05-26,0,0,4,4,1,1,0.023357887923715008,1,1,2,1,1,2,FALSE,FALSE,FALSE,TRUE,TRUE,1,FALSE,FALSE,FALSE,FALSE,too few nonzero raw incidence weeks; fewer than 30 raw cases; one week contains >=80% of early-window cases (backlog screen),TRUE,FALSE,FALSE,FALSE,FALSE,FALSE,FALSE,FALSE,fewer than 100 total cases and cumulative incidence below 5/100k,NA,NA
primary,AM,AM_wave_17,2024-08-11,2025-02-09,2025-05-11,FALSE,0.06941847679201484,0.19282910220004124,3,2024-07-14,0,0,3,40,26,110,2.551896018831846,5,9,11,3,5,7,FALSE,FALSE,FALSE,FALSE,FALSE,9,FALSE,FALSE,TRUE,FALSE,fewer than 30 raw cases,TRUE,TRUE,TRUE,FALSE,TRUE,FALSE,FALSE,FALSE,cumulative incidence below 5/100k,NA,NA
primary,AP,AP_wave_01,2015-11-15,2015-11-22,2016-01-03,FALSE,0.13385984873837092,0.044619949579456974,1,2015-11-08,0,NA,NA,8,1,2,0.26771969747674185,1,2,2,1,2,2,FALSE,FALSE,FALSE,TRUE,FALSE,2,FALSE,FALSE,TRUE,FALSE,too few nonzero raw incidence weeks; fewer than 30 raw cases,TRUE,FALSE,FALSE,FALSE,FALSE,FALSE,FALSE,FALSE,fewer than 100 total cases and cumulative incidence below 5/100k,NA,NA
primary,AP,AP_wave_02,2016-02-07,2016-10-02,2017-01-15,FALSE,1.5853136543065045,1.36513120231949,12,2016-01-03,0,0,5,50,34,183,24.16563266044614,3,3,4,2,2,3,FALSE,FALSE,FALSE,FALSE,FALSE,6,FALSE,FALSE,TRUE,FALSE,too few nonzero raw incidence weeks; fewer than 30 raw cases,TRUE,TRUE,TRUE,FALSE,TRUE,TRUE,TRUE,TRUE,NA,1,FALSE
primary,AP,AP_wave_03,2017-01-29,2017-05-28,2017-11-19,FALSE,1.436860433827352,1.26269553275737,11,2017-01-15,0.08708245053499103,0.06896551724137931,11,43,17,200,26.12473516049731,11,20,32,4,6,8,FALSE,FALSE,FALSE,FALSE,FALSE,4,FALSE,FALSE,TRUE,FALSE,fewer than 30 raw cases,TRUE,TRUE,TRUE,TRUE,TRUE,TRUE,TRUE,TRUE,NA,2,TRUE
primary,AP,AP_wave_04,2017-11-26,2018-04-15,2019-01-13,FALSE,1.2940226505724757,1.207754473867644,10,2017-11-19,0,0,15,60,20,181,23.432914448115092,6,10,15,3,4,6,FALSE,FALSE,FALSE,FALSE,FALSE,7,FALSE,FALSE,TRUE,FALSE,fewer than 30 raw cases,TRUE,TRUE,TRUE,FALSE,TRUE,TRUE,TRUE,TRUE,NA,3,TRUE
primary,AP,AP_wave_05,2019-01-20,2019-03-17,2019-04-28,FALSE,0.5131705214325668,0.4276421011938057,4,2019-01-13,0.08552842023876113,0.19999999999999998,3,15,8,20,2.5658526071628343,5,7,11,4,6,7,FALSE,FALSE,FALSE,FALSE,FALSE,1,FALSE,FALSE,FALSE,FALSE,fewer than 30 raw cases,TRUE,FALSE,FALSE,FALSE,TRUE,FALSE,FALSE,FALSE,fewer than 100 total cases and cumulative incidence below 5/100k,NA,NA
primary,AP,AP_wave_06,2019-06-09,2019-06-23,2019-08-11,FALSE,0,0.08552842023876113,0,2019-04-28,0,0,6,10,2,4,0.5131705214325668,2,2,4,2,2,4,FALSE,FALSE,FALSE,TRUE,FALSE,2,FALSE,FALSE,TRUE,FALSE,too few nonzero raw incidence weeks; fewer than 30 raw cases,TRUE,FALSE,FALSE,FALSE,FALSE,FALSE,FALSE,FALSE,fewer than 100 total cases and cumulative incidence below 5/100k,NA,NA
primary,AP,AP_wave_07,2019-10-20,2019-10-27,2019-11-10,FALSE,0.1282926303581417,0.042764210119380565,1,2019-08-11,0,0,10,4,1,1,0.1282926303581417,1,1,1,1,1,1,FALSE,FALSE,FALSE,TRUE,TRUE,1,FALSE,FALSE,FALSE,FALSE,too few nonzero raw incidence weeks; fewer than 30 raw cases; one week contains >=80% of early-window cases (backlog screen),TRUE,FALSE,FALSE,FALSE,FALSE,FALSE,FALSE,FALSE,fewer than 100 total cases and cumulative incidence below 5/100k,NA,NA
primary,AP,AP_wave_08,2019-12-22,2020-01-19,2020-03-01,FALSE,0.2546041986778404,0.1273020993389202,2,2019-11-10,0,0,6,11,4,6,0.7648031270527427,2,5,5,2,4,4,FALSE,FALSE,FALSE,FALSE,FALSE,1,FALSE,FALSE,FALSE,FALSE,fewer than 30 raw cases,TRUE,FALSE,FALSE,FALSE,FALSE,FALSE,FALSE,FALSE,fewer than 100 total cases and cumulative incidence below 5/100k,NA,NA
primary,AP,AP_wave_09,2020-11-01,2020-11-08,2020-11-22,FALSE,0.2546041986778404,0.0848680662259468,2,2020-03-01,0,0,35,4,1,2,0.2546041986778404,2,2,2,1,1,1,FALSE,FALSE,FALSE,TRUE,TRUE,1,FALSE,FALSE,FALSE,FALSE,too few nonzero raw incidence weeks; fewer than 30 raw cases; one week contains >=80% of early-window cases (backlog screen),TRUE,FALSE,FALSE,FALSE,FALSE,FALSE,FALSE,FALSE,fewer than 100 total cases and cumulative incidence below 5/100k,NA,NA
primary,AP,AP_wave_10,2020-12-27,2021-01-10,2021-02-07,FALSE,0.25288574242828477,0.2107381186902373,2,2020-11-22,0,0,5,7,2,6,0.7586572272848543,5,6,6,3,4,4,FALSE,FALSE,FALSE,TRUE,FALSE,1,FALSE,FALSE,FALSE,FALSE,fewer than 30 raw cases,TRUE,FALSE,FALSE,FALSE,FALSE,FALSE,FALSE,FALSE,fewer than 100 total cases and cumulative incidence below 5/100k,NA,NA
primary,AP,AP_wave_11,2021-02-28,2021-08-01,2021-10-10,FALSE,0.8851000984989966,1.1379858409272814,7,2021-02-07,0,0,4,33,22,68,8.598115242561683,4,6,10,2,4,6,FALSE,FALSE,FALSE,FALSE,FALSE,4,FALSE,FALSE,TRUE,FALSE,fewer than 30 raw cases,TRUE,TRUE,FALSE,FALSE,TRUE,TRUE,FALSE,FALSE,fewer than 100 total cases,NA,NA
primary,AP,AP_wave_12,2021-12-12,2022-03-13,2022-03-27,FALSE,0.3771416933913461,0.12571389779711536,3,2021-10-10,0,0,9,16,13,9,1.1321540535910652,2,3,4,2,3,4,FALSE,FALSE,FALSE,FALSE,FALSE,2,FALSE,FALSE,TRUE,FALSE,too few nonzero raw incidence weeks; fewer than 30 raw cases,TRUE,FALSE,FALSE,FALSE,FALSE,FALSE,FALSE,FALSE,fewer than 100 total cases and cumulative incidence below 5/100k,NA,NA
primary,AP,AP_wave_13,2022-04-17,2022-05-15,2022-07-24,FALSE,0.25142779559423073,0.2933324281932692,2,2022-03-27,0,0,3,15,4,16,2.011422364753846,4,8,10,2,4,5,FALSE,FALSE,FALSE,FALSE,FALSE,1,FALSE,FALSE,FALSE,FALSE,fewer than 30 raw cases,TRUE,FALSE,FALSE,FALSE,TRUE,FALSE,FALSE,FALSE,fewer than 100 total cases and cumulative incidence below 5/100k,NA,NA
primary,AP,AP_wave_14,2022-11-20,2022-11-27,2022-12-11,FALSE,0.12571389779711536,0.041904632599038455,1,2022-07-24,0,0,17,4,1,1,0.12571389779711536,1,1,1,1,1,1,FALSE,FALSE,FALSE,TRUE,TRUE,1,FALSE,FALSE,FALSE,FALSE,too few nonzero raw incidence weeks; fewer than 30 raw cases; one week contains >=80% of early-window cases (backlog screen),TRUE,FALSE,FALSE,FALSE,FALSE,FALSE,FALSE,FALSE,fewer than 100 total cases and cumulative incidence below 5/100k,NA,NA
primary,AP,AP_wave_15,2023-01-15,2023-02-26,2023-03-19,FALSE,0.12513702504242144,0.0834246833616143,1,2022-12-11,0,0,5,10,6,3,0.37541107512726435,1,1,3,1,1,3,FALSE,FALSE,FALSE,FALSE,TRUE,2,FALSE,FALSE,TRUE,FALSE,too few nonzero raw incidence weeks; fewer than 30 raw cases; one week contains >=80% of early-window cases (backlog screen),TRUE,FALSE,FALSE,FALSE,FALSE,FALSE,FALSE,FALSE,fewer than 100 total cases and cumulative incidence below 5/100k,NA,NA
primary,AP,AP_wave_16,2023-04-16,2023-05-14,2023-07-09,FALSE,0.12513702504242144,0.20856170840403573,1,2023-03-19,0,0,4,13,4,8,1.0010962003393715,3,6,7,2,4,5,FALSE,FALSE,FALSE,FALSE,FALSE,1,FALSE,FALSE,FALSE,FALSE,fewer than 30 raw cases,TRUE,FALSE,FALSE,FALSE,FALSE,FALSE,FALSE,FALSE,fewer than 100 total cases and cumulative incidence below 5/100k,NA,NA
primary,AP,AP_wave_17,2023-09-10,2024-02-25,2024-06-30,FALSE,3.363073699891759,2.698762845592152,27,2023-07-09,0,0,6,43,24,217,27.043616380846377,8,9,12,4,5,7,FALSE,FALSE,FALSE,FALSE,FALSE,7,FALSE,FALSE,TRUE,FALSE,fewer than 30 raw cases,TRUE,TRUE,TRUE,TRUE,TRUE,TRUE,TRUE,TRUE,NA,4,TRUE
primary,AP,AP_wave_18,2024-07-14,2024-07-28,2024-12-15,FALSE,1.3701411369929388,0.9549468530556846,11,2024-06-30,0.20759714196862708,0.21739130434782608,4,23,2,46,5.729681118334108,24,27,31,4,5,6,TRUE,FALSE,FALSE,TRUE,FALSE,3,FALSE,FALSE,TRUE,FALSE,fewer than 30 raw cases,TRUE,FALSE,FALSE,FALSE,TRUE,TRUE,FALSE,FALSE,fewer than 100 total cases,NA,NA
primary,AP,AP_wave_19,2024-12-22,2025-03-02,2025-04-27,FALSE,0.495959787580423,0.37196984068531724,4,2024-12-15,0,0,5,19,10,36,4.464774764795948,5,11,17,3,5,7,FALSE,FALSE,FALSE,FALSE,FALSE,4,FALSE,FALSE,TRUE,FALSE,fewer than 30 raw cases,TRUE,FALSE,FALSE,FALSE,TRUE,FALSE,FALSE,FALSE,fewer than 100 total cases and cumulative incidence below 5/100k,NA,NA
primary,AP,AP_wave_20,2025-05-18,2025-08-10,2025-10-19,FALSE,0.12398994689510574,0.2479798937902115,1,2025-04-27,0,0,5,23,12,22,2.7277788316923264,2,3,5,2,3,4,FALSE,FALSE,FALSE,FALSE,FALSE,3,FALSE,FALSE,TRUE,FALSE,too few nonzero raw incidence weeks; fewer than 30 raw cases,TRUE,FALSE,FALSE,FALSE,TRUE,FALSE,FALSE,FALSE,fewer than 100 total cases and cumulative incidence below 5/100k,NA,NA
primary,AP,AP_wave_21,2025-11-16,2025-11-23,NA,TRUE,0.12398994689510574,0.12398994689510574,1,2025-10-19,0,0,4,7,1,4,0.495959787580423,3,3,NA,2,2,NA,FALSE,FALSE,FALSE,TRUE,FALSE,1,FALSE,FALSE,FALSE,TRUE,too few nonzero raw incidence weeks; fewer than 30 raw cases,TRUE,FALSE,FALSE,FALSE,FALSE,FALSE,FALSE,FALSE,fewer than 100 total cases and cumulative incidence below 5/100k,NA,NA
primary,BA,BA_wave_01,2015-03-22,2015-08-02,2015-08-23,FALSE,0.1174808214286677,0.09444536624657598,17,2015-03-15,0.00460709103641834,NA,NA,23,19,142,0.9813103907571066,9,16,20,4,6,8,FALSE,FALSE,FALSE,FALSE,FALSE,5,FALSE,FALSE,TRUE,FALSE,fewer than 30 raw cases,TRUE,TRUE,TRUE,FALSE,FALSE,FALSE,FALSE,FALSE,cumulative incidence below 5/100k,NA,NA
primary,BA,BA_wave_02,2016-01-24,2016-03-06,2016-08-28,FALSE,3.4624999552559643,3.5841119483829136,503,2015-08-23,0.01842836414567336,0.19512195121951217,3,32,6,5863,40.3591197567907,278,937,1975,4,6,8,TRUE,TRUE,TRUE,FALSE,FALSE,3,FALSE,FALSE,TRUE,FALSE,NA,TRUE,TRUE,TRUE,TRUE,TRUE,TRUE,TRUE,TRUE,NA,1,FALSE
primary,BA,BA_wave_03,2016-10-16,2017-01-22,2017-10-22,FALSE,2.414482725885148,2.5539556863766197,352,2016-08-28,0.10555003177055956,0.04132805918817912,27,54,14,6655,45.66039064048558,146,217,280,4,6,8,TRUE,TRUE,TRUE,FALSE,FALSE,3,FALSE,FALSE,TRUE,FALSE,NA,TRUE,TRUE,TRUE,TRUE,TRUE,TRUE,TRUE,TRUE,NA,2,TRUE
primary,BA,BA_wave_04,2017-11-12,2018-05-27,2018-12-16,FALSE,1.0251046768555694,1.1412832068992005,150,2017-10-22,0.0342966296290504,0.030050936894298417,28,58,28,3383,23.122765206269545,73,93,128,4,6,8,TRUE,TRUE,TRUE,FALSE,FALSE,5,FALSE,FALSE,TRUE,FALSE,NA,TRUE,TRUE,TRUE,TRUE,TRUE,TRUE,TRUE,TRUE,NA,3,TRUE
primary,BA,BA_wave_05,2019-02-03,2019-05-26,2019-12-15,FALSE,2.4569104861075663,2.5499237178069296,361,2018-12-16,0.029614135109160892,0.025948103792415172,31,46,16,5711,38.868187773297265,101,138,197,4,6,8,TRUE,TRUE,TRUE,FALSE,FALSE,3,FALSE,FALSE,TRUE,FALSE,NA,TRUE,TRUE,TRUE,TRUE,TRUE,TRUE,TRUE,TRUE,NA,4,TRUE
primary,BA,BA_wave_06,2020-01-19,2020-05-17,2020-12-20,FALSE,7.994005648419292,8.079889791659307,1179,2019-12-15,0.3085316953930093,0.12099644128113879,21,49,17,18760,127.1989363565275,594,1000,1635,4,6,8,TRUE,TRUE,TRUE,FALSE,FALSE,2,FALSE,FALSE,TRUE,FALSE,NA,TRUE,TRUE,TRUE,TRUE,TRUE,TRUE,TRUE,TRUE,NA,5,TRUE
primary,BA,BA_wave_07,2021-01-03,2021-03-14,2021-10-24,FALSE,5.612556438312257,5.2248617767099645,830,2020-12-20,0.1039650155010708,0.019898137011872565,25,43,10,9546,64.55116115678169,544,1096,1790,4,6,8,TRUE,TRUE,TRUE,FALSE,FALSE,1,FALSE,FALSE,FALSE,FALSE,NA,TRUE,TRUE,TRUE,TRUE,TRUE,TRUE,TRUE,TRUE,NA,6,TRUE
primary,BA,BA_wave_08,2021-12-05,2022-03-06,2022-10-02,FALSE,6.839354632285441,6.107933027977191,1013,2021-10-24,0.08565347174934368,0.01639344262295082,31,44,13,13897,93.830923600295,395,852,1589,4,6,8,TRUE,TRUE,TRUE,FALSE,FALSE,3,FALSE,FALSE,TRUE,FALSE,NA,TRUE,TRUE,TRUE,TRUE,TRUE,TRUE,TRUE,TRUE,NA,7,TRUE
primary,BA,BA_wave_09,2022-11-06,2023-05-07,2023-12-24,FALSE,2.92673597591067,3.003163797094205,434,2022-10-02,0.16878960099421125,0.0562039277236654,23,60,26,12629,85.17289047293075,322,703,952,4,6,8,TRUE,TRUE,TRUE,FALSE,FALSE,5,FALSE,FALSE,TRUE,FALSE,NA,TRUE,TRUE,TRUE,TRUE,TRUE,TRUE,TRUE,TRUE,NA,8,TRUE
primary,BA,BA_wave_10,2024-01-21,2024-03-10,2025-12-28,FALSE,9.669699625864776,9.431772940548697,1436,2023-12-24,0.1416162568989034,0.047155688622754495,28,102,7,14855,100.01548507387737,738,2282,4985,4,6,8,TRUE,TRUE,TRUE,FALSE,FALSE,7,FALSE,FALSE,TRUE,FALSE,NA,TRUE,TRUE,TRUE,TRUE,TRUE,TRUE,TRUE,TRUE,NA,9,TRUE
primary,CE,CE_wave_01,2015-02-22,2015-04-19,2015-06-28,FALSE,0.022685464447453545,0.022685464447453545,2,2015-02-15,0,NA,NA,19,8,20,0.22685464447453546,5,7,9,3,5,7,FALSE,FALSE,FALSE,FALSE,FALSE,3,FALSE,FALSE,TRUE,FALSE,fewer than 30 raw cases,TRUE,FALSE,FALSE,FALSE,FALSE,FALSE,FALSE,FALSE,fewer than 100 total cases and cumulative incidence below 5/100k,NA,NA
primary,CE,CE_wave_02,2016-03-13,2016-05-29,2016-12-18,FALSE,25.19959635566052,23.580480966678756,2236,2015-06-28,0,0,25,41,11,30516,343.9136325533705,882,2045,4676,4,6,8,TRUE,TRUE,TRUE,FALSE,FALSE,3,FALSE,FALSE,TRUE,FALSE,NA,TRUE,TRUE,TRUE,TRUE,TRUE,TRUE,TRUE,TRUE,NA,1,FALSE
primary,CE,CE_wave_03,2017-02-12,2017-04-23,2018-12-16,FALSE,97.28620566317323,107.92770147575024,8682,2016-12-18,1.483876052547094,0.06292815039031384,27,97,10,106695,1195.4772890714628,4963,11941,25478,4,6,8,TRUE,TRUE,TRUE,FALSE,FALSE,8,FALSE,FALSE,TRUE,FALSE,NA,TRUE,TRUE,TRUE,TRUE,TRUE,TRUE,TRUE,TRUE,NA,2,TRUE
primary,CE,CE_wave_04,2018-12-30,2019-04-28,2019-09-08,FALSE,0.6529704455615772,0.6455922484365877,59,2018-12-16,0.06312689649907144,0.09778137307556595,24,37,17,1094,12.108348930819643,64,102,159,4,6,8,TRUE,TRUE,TRUE,FALSE,FALSE,4,FALSE,FALSE,TRUE,FALSE,NA,TRUE,TRUE,TRUE,TRUE,TRUE,TRUE,TRUE,TRUE,NA,3,TRUE
primary,CE,CE_wave_05,2019-09-22,2020-08-02,2020-12-20,FALSE,0.429093460846707,0.40342120250545105,39,2019-09-08,0.09222746406236967,0.22861332892170805,3,66,45,1119,12.318690726966793,50,60,67,4,6,8,TRUE,TRUE,TRUE,FALSE,FALSE,5,FALSE,FALSE,TRUE,FALSE,NA,TRUE,TRUE,TRUE,TRUE,TRUE,TRUE,TRUE,TRUE,NA,4,TRUE
primary,CE,CE_wave_06,2022-01-23,2022-05-15,2023-12-17,FALSE,38.42646831726228,36.23285282968212,3521,2020-12-20,0.03667465477322282,0.0909090909090909,17,100,16,52761,575.7274325548638,1411,3260,5997,4,6,8,TRUE,TRUE,TRUE,FALSE,FALSE,7,FALSE,FALSE,TRUE,FALSE,NA,TRUE,TRUE,TRUE,TRUE,TRUE,TRUE,TRUE,TRUE,NA,5,TRUE
primary,CE,CE_wave_07,2024-01-07,2024-04-07,2024-12-15,FALSE,0.6931165726771714,0.5884270903457237,64,2023-12-17,0.03986949482015523,0.06775604909136722,22,50,13,882,9.552012767207268,51,96,176,4,6,8,TRUE,TRUE,TRUE,FALSE,FALSE,5,FALSE,FALSE,TRUE,FALSE,NA,TRUE,TRUE,TRUE,TRUE,TRUE,TRUE,FALSE,TRUE,NA,6,TRUE
primary,CE,CE_wave_08,2025-01-19,2025-05-04,2025-12-28,FALSE,0.4315536492392356,0.4639201729321783,40,2024-12-15,0.021659892896161607,0.04668883605397371,38,50,15,676,7.293256672143082,28,41,62,4,6,8,TRUE,TRUE,TRUE,FALSE,FALSE,4,FALSE,FALSE,TRUE,FALSE,NA,TRUE,TRUE,TRUE,TRUE,TRUE,TRUE,FALSE,TRUE,NA,7,TRUE
primary,DF,DF_wave_01,2016-01-03,2016-03-20,2016-07-17,FALSE,0.10624847267820525,0.16527540194387483,3,2015-12-27,0,NA,NA,29,11,59,2.0895532960047034,1,2,3,1,2,3,FALSE,FALSE,FALSE,FALSE,FALSE,2,FALSE,FALSE,TRUE,FALSE,too few nonzero raw incidence weeks; fewer than 30 raw cases,TRUE,TRUE,FALSE,FALSE,TRUE,FALSE,FALSE,FALSE,fewer than 100 total cases and cumulative incidence below 5/100k,NA,NA
primary,DF,DF_wave_02,2016-09-11,2016-09-18,2016-11-20,FALSE,0.0708323151188035,0.023610771706267835,2,2016-07-17,0,0,8,11,1,4,0.141664630237607,2,2,3,1,1,2,FALSE,FALSE,FALSE,TRUE,TRUE,2,FALSE,FALSE,TRUE,FALSE,too few nonzero raw incidence weeks; fewer than 30 raw cases; one week contains >=80% of early-window cases (backlog screen),TRUE,FALSE,FALSE,FALSE,FALSE,FALSE,FALSE,FALSE,fewer than 100 total cases and cumulative incidence below 5/100k,NA,NA
primary,DF,DF_wave_03,2016-12-18,2017-01-01,2017-08-06,FALSE,0.10525156175775721,0.08219462945173829,3,2016-11-20,0,0,4,34,2,40,1.4043510676905444,7,10,13,3,4,6,FALSE,FALSE,FALSE,TRUE,FALSE,6,FALSE,FALSE,TRUE,FALSE,fewer than 30 raw cases,TRUE,FALSE,FALSE,FALSE,FALSE,FALSE,FALSE,FALSE,fewer than 100 total cases and cumulative incidence below 5/100k,NA,NA
primary,DF,DF_wave_04,2017-09-24,2017-10-01,2017-10-15,FALSE,0.07016770783850482,0.023389235946168273,2,2017-08-06,0,0,7,4,1,2,0.07016770783850482,2,2,2,1,1,1,FALSE,FALSE,FALSE,TRUE,TRUE,1,FALSE,FALSE,FALSE,FALSE,too few nonzero raw incidence weeks; fewer than 30 raw cases; one week contains >=80% of early-window cases (backlog screen),TRUE,FALSE,FALSE,FALSE,FALSE,FALSE,FALSE,FALSE,fewer than 100 total cases and cumulative incidence below 5/100k,NA,NA
primary,DF,DF_wave_05,2017-11-12,2017-11-19,2017-12-03,FALSE,0.03508385391925241,0.011694617973084137,1,2017-10-15,0,0,4,4,1,1,0.03508385391925241,1,1,1,1,1,1,FALSE,FALSE,FALSE,TRUE,TRUE,1,FALSE,FALSE,FALSE,FALSE,too few nonzero raw incidence weeks; fewer than 30 raw cases; one week contains >=80% of early-window cases (backlog screen),TRUE,FALSE,FALSE,FALSE,FALSE,FALSE,FALSE,FALSE,fewer than 100 total cases and cumulative incidence below 5/100k,NA,NA
primary,DF,DF_wave_06,2018-02-11,2018-02-18,2018-06-10,FALSE,0.06955522563193531,0.0231850752106451,2,2017-12-03,0,0,10,18,1,8,0.27822090252774123,2,4,4,1,3,3,FALSE,FALSE,FALSE,TRUE,FALSE,3,FALSE,FALSE,TRUE,FALSE,too few nonzero raw incidence weeks; fewer than 30 raw cases,TRUE,FALSE,FALSE,FALSE,FALSE,FALSE,FALSE,FALSE,fewer than 100 total cases and cumulative incidence below 5/100k,NA,NA
primary,DF,DF_wave_07,2018-08-05,2018-08-12,2018-08-26,FALSE,0.034777612815967654,0.01159253760532255,1,2018-06-10,0,0,8,4,1,1,0.034777612815967654,1,1,1,1,1,1,FALSE,FALSE,FALSE,TRUE,TRUE,1,FALSE,FALSE,FALSE,FALSE,too few nonzero raw incidence weeks; fewer than 30 raw cases; one week contains >=80% of early-window cases (backlog screen),TRUE,FALSE,FALSE,FALSE,FALSE,FALSE,FALSE,FALSE,fewer than 100 total cases and cumulative incidence below 5/100k,NA,NA
primary,DF,DF_wave_08,2018-12-09,2019-06-02,2019-06-30,FALSE,0.2758898482192,0.19542197582193332,8,2018-08-26,0,0,15,30,25,35,1.2076008495361352,2,4,5,2,4,5,FALSE,FALSE,FALSE,FALSE,FALSE,7,FALSE,FALSE,TRUE,FALSE,fewer than 30 raw cases,TRUE,FALSE,FALSE,FALSE,FALSE,FALSE,FALSE,FALSE,fewer than 100 total cases and cumulative incidence below 5/100k,NA,NA
primary,DF,DF_wave_09,2019-07-07,2020-04-26,2020-06-21,FALSE,0.06845992886328792,0.14832984587045717,2,2019-06-30,0,0,5,51,42,36,1.2340725857094748,4,4,4,3,3,3,FALSE,FALSE,FALSE,FALSE,FALSE,4,FALSE,FALSE,TRUE,FALSE,too few nonzero raw incidence weeks; fewer than 30 raw cases,TRUE,FALSE,FALSE,FALSE,FALSE,FALSE,FALSE,FALSE,fewer than 100 total cases and cumulative incidence below 5/100k,NA,NA
primary,DF,DF_wave_10,2020-07-05,2020-08-23,2021-01-17,FALSE,0.10268989329493187,0.07986991700716924,3,2020-06-21,0,0,3,29,7,30,1.0267054385953631,6,6,11,3,3,5,FALSE,FALSE,FALSE,FALSE,FALSE,4,FALSE,FALSE,TRUE,FALSE,too few nonzero raw incidence weeks; fewer than 30 raw cases,TRUE,FALSE,FALSE,FALSE,FALSE,FALSE,FALSE,FALSE,fewer than 100 total cases and cumulative incidence below 5/100k,NA,NA
primary,DF,DF_wave_11,2021-03-07,2021-05-16,2021-10-31,FALSE,0.37440117085457064,0.37440117085457064,11,2021-01-17,0,0,12,35,10,102,3.4717199479242007,4,8,16,4,6,8,FALSE,FALSE,FALSE,FALSE,FALSE,4,FALSE,FALSE,TRUE,FALSE,fewer than 30 raw cases,TRUE,TRUE,TRUE,FALSE,TRUE,FALSE,FALSE,FALSE,cumulative incidence below 5/100k,NA,NA
primary,DF,DF_wave_12,2021-11-07,2022-05-01,2022-11-06,FALSE,0.9145021754990641,0.7903105220362283,27,2021-10-31,0.011345490025896082,0.030303030303030307,27,53,25,471,15.954476567016515,7,8,9,2,3,4,FALSE,FALSE,FALSE,FALSE,FALSE,6,FALSE,FALSE,TRUE,FALSE,too few nonzero raw incidence weeks; fewer than 30 raw cases,TRUE,TRUE,TRUE,TRUE,TRUE,TRUE,TRUE,TRUE,NA,1,FALSE
primary,DF,DF_wave_13,2022-12-25,2023-05-07,2023-08-06,FALSE,1.0446352420167122,0.9098435978855236,31,2022-11-06,0.03387045094440978,0.04285714285714286,22,33,19,501,16.88265342743138,29,74,102,3,5,7,TRUE,TRUE,TRUE,FALSE,FALSE,6,FALSE,FALSE,TRUE,FALSE,NA,TRUE,TRUE,TRUE,TRUE,TRUE,TRUE,TRUE,TRUE,NA,2,TRUE
primary,DF,DF_wave_14,2023-09-10,2024-03-10,2024-09-08,FALSE,1.3074884220223961,0.9945852099144724,39,2023-08-06,0.05616318505466194,0.061728395061728385,23,53,26,375,12.5835660387589,13,20,26,4,6,8,FALSE,FALSE,FALSE,FALSE,FALSE,6,FALSE,FALSE,TRUE,FALSE,fewer than 30 raw cases,TRUE,TRUE,TRUE,TRUE,TRUE,TRUE,TRUE,TRUE,NA,3,TRUE
primary,DF,DF_wave_15,2024-09-15,2025-02-16,2025-09-07,FALSE,0.30031042087170773,0.25581998814997325,9,2024-09-08,0.03352534415442042,0.13105052657091965,4,52,22,196,6.547497031911588,8,14,27,4,6,8,FALSE,FALSE,FALSE,FALSE,FALSE,6,FALSE,FALSE,TRUE,FALSE,fewer than 30 raw cases,TRUE,TRUE,TRUE,FALSE,TRUE,TRUE,FALSE,TRUE,NA,4,TRUE
primary,DF,DF_wave_16,2025-09-14,2025-11-23,NA,TRUE,0.23357477178910602,0.3448008535934422,7,2025-09-07,0.04449043272173448,0.17391304347826086,4,16,10,81,2.7027937878453696,10,17,34,4,6,8,FALSE,FALSE,FALSE,FALSE,FALSE,1,FALSE,FALSE,FALSE,TRUE,fewer than 30 raw cases,TRUE,TRUE,FALSE,FALSE,TRUE,FALSE,FALSE,FALSE,fewer than 100 total cases and cumulative incidence below 5/100k,NA,NA
primary,ES,ES_wave_01,2015-12-20,2016-03-06,2016-09-18,FALSE,0.07750195692441234,0.07750195692441234,3,2015-12-13,0,NA,NA,40,11,75,1.938293554047816,6,9,15,2,3,5,FALSE,FALSE,FALSE,FALSE,FALSE,6,FALSE,FALSE,TRUE,FALSE,too few nonzero raw incidence weeks; fewer than 30 raw cases,TRUE,TRUE,FALSE,FALSE,FALSE,FALSE,FALSE,FALSE,fewer than 100 total cases and cumulative incidence below 5/100k,NA,NA
primary,ES,ES_wave_02,2016-12-18,2017-03-12,2017-07-16,FALSE,1.152501273513907,0.9390751117520725,45,2016-09-18,0,0,4,31,12,629,16.110743767163584,38,67,122,4,6,8,TRUE,TRUE,TRUE,FALSE,FALSE,7,FALSE,FALSE,TRUE,FALSE,NA,TRUE,TRUE,TRUE,TRUE,TRUE,TRUE,TRUE,TRUE,NA,1,FALSE
primary,ES,ES_wave_03,2017-07-30,2018-06-24,2018-10-28,FALSE,0.6603813600757305,0.6095827939160589,26,2017-07-16,0.1365927435275742,0.22407578575189144,8,66,47,626,15.925162111435744,25,39,53,4,6,8,TRUE,TRUE,TRUE,FALSE,FALSE,4,FALSE,FALSE,TRUE,FALSE,NA,TRUE,TRUE,TRUE,TRUE,TRUE,TRUE,TRUE,TRUE,NA,2,TRUE
primary,ES,ES_wave_04,2018-12-23,2019-05-05,2019-09-22,FALSE,1.964731062322529,1.8891644830024317,78,2018-10-28,0.05079856615967157,0.08333333333333333,11,40,19,1127,28.391632584099664,31,56,74,4,6,8,TRUE,TRUE,TRUE,FALSE,FALSE,4,FALSE,FALSE,TRUE,FALSE,NA,TRUE,TRUE,TRUE,TRUE,TRUE,TRUE,TRUE,TRUE,NA,3,TRUE
primary,ES,ES_wave_05,2019-12-01,2020-01-19,2020-04-19,FALSE,10.771049717516101,10.396187198345007,431,2019-09-22,0.31066260387151096,0.16444444444444442,10,21,7,4885,122.25567737021572,595,1239,2090,4,6,8,TRUE,TRUE,TRUE,FALSE,FALSE,1,FALSE,FALSE,FALSE,FALSE,NA,TRUE,TRUE,TRUE,TRUE,TRUE,TRUE,TRUE,TRUE,NA,4,TRUE
primary,ES,ES_wave_06,2020-05-31,2020-06-14,2020-07-12,FALSE,0,0.008330278203802088,0,2020-04-19,0,0,6,7,2,2,0.04998166922281253,1,2,2,1,2,2,FALSE,FALSE,FALSE,TRUE,FALSE,1,FALSE,FALSE,FALSE,FALSE,too few nonzero raw incidence weeks; fewer than 30 raw cases,TRUE,FALSE,FALSE,FALSE,FALSE,FALSE,FALSE,FALSE,fewer than 100 total cases and cumulative incidence below 5/100k,NA,NA
primary,ES,ES_wave_07,2021-05-02,2021-05-09,2021-05-23,FALSE,0.024829045812320715,0.008276348604106904,1,2020-07-12,0,0,42,4,1,1,0.024829045812320715,1,1,1,1,1,1,FALSE,FALSE,FALSE,TRUE,TRUE,1,FALSE,FALSE,FALSE,FALSE,too few nonzero raw incidence weeks; fewer than 30 raw cases; one week contains >=80% of early-window cases (backlog screen),TRUE,FALSE,FALSE,FALSE,FALSE,FALSE,FALSE,FALSE,fewer than 100 total cases and cumulative incidence below 5/100k,NA,NA
primary,ES,ES_wave_08,2021-12-26,2022-04-03,2022-09-11,FALSE,1.7033197207641833,1.7609199045581412,69,2021-05-23,0,0,31,38,14,941,23.229331264334732,38,66,90,3,5,7,FALSE,TRUE,TRUE,FALSE,FALSE,2,FALSE,FALSE,TRUE,FALSE,NA,TRUE,TRUE,TRUE,TRUE,TRUE,TRUE,TRUE,TRUE,NA,5,TRUE
primary,ES,ES_wave_09,2022-12-04,2023-06-04,2023-12-24,FALSE,3.9744184836955614,4.187041694757464,162,2022-09-11,0.07405737916366015,0.042056074766355145,30,56,26,5013,122.99698850701813,71,144,227,4,6,8,TRUE,TRUE,TRUE,FALSE,FALSE,3,FALSE,FALSE,TRUE,FALSE,NA,TRUE,TRUE,TRUE,TRUE,TRUE,TRUE,TRUE,TRUE,NA,6,TRUE
primary,ES,ES_wave_10,2024-01-14,2024-03-17,2024-09-29,FALSE,16.844911508146136,15.918563263125074,691,2023-12-24,0.5806249225151953,0.13867187500000003,6,38,9,11777,287.09482320034306,550,1176,2242,4,6,8,TRUE,TRUE,TRUE,FALSE,FALSE,4,FALSE,FALSE,TRUE,FALSE,NA,TRUE,TRUE,TRUE,TRUE,TRUE,TRUE,TRUE,TRUE,NA,7,TRUE
primary,ES,ES_wave_11,2024-11-17,2025-01-05,2025-12-28,FALSE,3.343951591212095,4.2448555751119486,138,2024-09-29,1.0319844484006557,0.24311414844153784,9,59,7,2925,70.98648180371201,328,493,886,4,6,8,TRUE,TRUE,TRUE,FALSE,FALSE,4,FALSE,FALSE,TRUE,FALSE,NA,TRUE,TRUE,TRUE,TRUE,TRUE,TRUE,TRUE,TRUE,NA,8,TRUE
primary,GO,GO_wave_01,2015-07-26,2015-08-02,2015-08-16,FALSE,0.015081980366579598,0.005027326788859866,1,2015-07-19,0,NA,NA,4,1,1,0.015081980366579598,1,1,1,1,1,1,FALSE,FALSE,FALSE,TRUE,TRUE,1,FALSE,FALSE,FALSE,FALSE,too few nonzero raw incidence weeks; fewer than 30 raw cases; one week contains >=80% of early-window cases (backlog screen),TRUE,FALSE,FALSE,FALSE,FALSE,FALSE,FALSE,FALSE,fewer than 100 total cases and cumulative incidence below 5/100k,NA,NA
primary,GO,GO_wave_02,2015-11-08,2015-11-15,2015-11-29,FALSE,0.015081980366579598,0.005027326788859866,1,2015-08-16,0,0,12,4,1,1,0.015081980366579598,1,1,1,1,1,1,FALSE,FALSE,FALSE,TRUE,TRUE,1,FALSE,FALSE,FALSE,FALSE,too few nonzero raw incidence weeks; fewer than 30 raw cases; one week contains >=80% of early-window cases (backlog screen),TRUE,FALSE,FALSE,FALSE,FALSE,FALSE,FALSE,FALSE,fewer than 100 total cases and cumulative incidence below 5/100k,NA,NA
primary,GO,GO_wave_03,2016-01-10,2016-02-07,2016-02-28,FALSE,0.04463951582195559,0.02975967721463706,3,2015-11-29,0,0,6,8,4,7,0.10415887025122972,3,7,7,2,4,4,FALSE,FALSE,FALSE,FALSE,FALSE,1,FALSE,FALSE,FALSE,FALSE,fewer than 30 raw cases,TRUE,FALSE,FALSE,FALSE,FALSE,FALSE,FALSE,FALSE,fewer than 100 total cases and cumulative incidence below 5/100k,NA,NA
primary,GO,GO_wave_04,2016-03-06,2016-05-08,2016-08-28,FALSE,0.02975967721463706,0.04463951582195559,2,2016-02-28,0,0,4,26,9,22,0.32735644936100766,2,3,6,2,3,4,FALSE,FALSE,FALSE,FALSE,FALSE,3,FALSE,FALSE,TRUE,FALSE,too few nonzero raw incidence weeks; fewer than 30 raw cases,TRUE,FALSE,FALSE,FALSE,FALSE,FALSE,FALSE,FALSE,fewer than 100 total cases and cumulative incidence below 5/100k,NA,NA
primary,GO,GO_wave_05,2016-09-04,2017-01-29,2017-07-30,FALSE,0.058775713640021085,0.05387773750335266,4,2016-08-28,0,0,24,48,21,56,0.824905003130741,2,3,3,1,2,2,FALSE,FALSE,FALSE,FALSE,FALSE,5,FALSE,FALSE,TRUE,FALSE,too few nonzero raw incidence weeks; fewer than 30 raw cases,TRUE,TRUE,FALSE,FALSE,FALSE,FALSE,FALSE,FALSE,fewer than 100 total cases and cumulative incidence below 5/100k,NA,NA
primary,GO,GO_wave_06,2017-09-17,2017-12-24,2018-01-14,FALSE,0.014693928410005271,0.014693928410005271,1,2017-07-30,0,0,7,18,14,6,0.08816357046003162,1,2,2,1,2,2,FALSE,FALSE,FALSE,FALSE,FALSE,3,FALSE,FALSE,TRUE,FALSE,too few nonzero raw incidence weeks; fewer than 30 raw cases,TRUE,FALSE,FALSE,FALSE,FALSE,FALSE,FALSE,FALSE,fewer than 100 total cases and cumulative incidence below 5/100k,NA,NA
primary,GO,GO_wave_07,2018-02-04,2018-02-11,2018-03-04,FALSE,0.014517062338878754,0.009678041559252502,1,2018-01-14,0,0,3,5,1,2,0.029034124677757508,2,2,2,2,2,2,FALSE,FALSE,FALSE,TRUE,FALSE,1,FALSE,FALSE,FALSE,FALSE,too few nonzero raw incidence weeks; fewer than 30 raw cases,TRUE,FALSE,FALSE,FALSE,FALSE,FALSE,FALSE,FALSE,fewer than 100 total cases and cumulative incidence below 5/100k,NA,NA
primary,GO,GO_wave_08,2018-04-01,2018-04-29,2018-07-08,FALSE,0.029034124677757508,0.014517062338878754,2,2018-03-04,0,0,4,15,4,6,0.08710237403327252,1,4,4,1,3,3,FALSE,FALSE,FALSE,FALSE,FALSE,2,FALSE,FALSE,TRUE,FALSE,too few nonzero raw incidence weeks; fewer than 30 raw cases,TRUE,FALSE,FALSE,FALSE,FALSE,FALSE,FALSE,FALSE,fewer than 100 total cases and cumulative incidence below 5/100k,NA,NA
primary,GO,GO_wave_09,2018-10-07,2018-10-21,2018-11-18,FALSE,0,0.004839020779626251,0,2018-07-08,0,0,13,7,2,2,0.029034124677757508,1,2,2,1,2,2,FALSE,FALSE,FALSE,TRUE,FALSE,1,FALSE,FALSE,FALSE,FALSE,too few nonzero raw incidence weeks; fewer than 30 raw cases,TRUE,FALSE,FALSE,FALSE,FALSE,FALSE,FALSE,FALSE,fewer than 100 total cases and cumulative incidence below 5/100k,NA,NA
primary,GO,GO_wave_10,2019-02-03,2019-02-10,2019-02-24,FALSE,0.014337460227885328,0.0047791534092951095,1,2018-11-18,0,0,11,4,1,1,0.014337460227885328,1,1,1,1,1,1,FALSE,FALSE,FALSE,TRUE,TRUE,1,FALSE,FALSE,FALSE,FALSE,too few nonzero raw incidence weeks; fewer than 30 raw cases; one week contains >=80% of early-window cases (backlog screen),TRUE,FALSE,FALSE,FALSE,FALSE,FALSE,FALSE,FALSE,fewer than 100 total cases and cumulative incidence below 5/100k,NA,NA
primary,GO,GO_wave_11,2019-03-24,2019-03-31,2019-04-14,FALSE,0.014337460227885328,0.0047791534092951095,1,2019-02-24,0,0,4,4,1,1,0.014337460227885328,1,1,1,1,1,1,FALSE,FALSE,FALSE,TRUE,TRUE,1,FALSE,FALSE,FALSE,FALSE,too few nonzero raw incidence weeks; fewer than 30 raw cases; one week contains >=80% of early-window cases (backlog screen),TRUE,FALSE,FALSE,FALSE,FALSE,FALSE,FALSE,FALSE,fewer than 100 total cases and cumulative incidence below 5/100k,NA,NA
primary,GO,GO_wave_12,2019-06-09,2019-06-16,2019-06-30,FALSE,0.014337460227885328,0.0047791534092951095,1,2019-04-14,0,0,8,4,1,1,0.014337460227885328,1,1,1,1,1,1,FALSE,FALSE,FALSE,TRUE,TRUE,1,FALSE,FALSE,FALSE,FALSE,too few nonzero raw incidence weeks; fewer than 30 raw cases; one week contains >=80% of early-window cases (backlog screen),TRUE,FALSE,FALSE,FALSE,FALSE,FALSE,FALSE,FALSE,fewer than 100 total cases and cumulative incidence below 5/100k,NA,NA
primary,GO,GO_wave_13,2019-10-27,2019-11-03,2019-11-17,FALSE,0.014337460227885328,0.0047791534092951095,1,2019-06-30,0,0,17,4,1,1,0.014337460227885328,1,1,1,1,1,1,FALSE,FALSE,FALSE,TRUE,TRUE,1,FALSE,FALSE,FALSE,FALSE,too few nonzero raw incidence weeks; fewer than 30 raw cases; one week contains >=80% of early-window cases (backlog screen),TRUE,FALSE,FALSE,FALSE,FALSE,FALSE,FALSE,FALSE,fewer than 100 total cases and cumulative incidence below 5/100k,NA,NA
primary,GO,GO_wave_14,2021-01-17,2021-05-23,2021-08-29,FALSE,0.28034943875444107,0.3130568732757925,20,2019-11-17,0,0,58,33,18,304,4.261311469067504,5,7,13,2,3,5,FALSE,FALSE,FALSE,FALSE,FALSE,2,FALSE,FALSE,TRUE,FALSE,too few nonzero raw incidence weeks; fewer than 30 raw cases,TRUE,TRUE,TRUE,TRUE,TRUE,FALSE,FALSE,FALSE,cumulative incidence below 5/100k,NA,NA
primary,GO,GO_wave_15,2021-11-28,2022-03-27,2022-12-18,FALSE,2.8883858283571167,2.670831126541757,208,2021-08-29,0.018689962583629406,0.05970149253731344,19,56,17,4122,57.254440871653046,103,187,387,4,6,8,TRUE,TRUE,TRUE,FALSE,FALSE,2,FALSE,FALSE,TRUE,FALSE,NA,TRUE,TRUE,TRUE,TRUE,TRUE,TRUE,TRUE,TRUE,NA,1,FALSE
primary,GO,GO_wave_16,2022-12-25,2023-05-07,2023-10-01,FALSE,1.4571522324053336,1.4846456707526041,106,2022-12-18,0.06017470475743994,0.040531357712400073,29,41,19,1901,26.133072153700578,58,123,205,4,6,8,TRUE,TRUE,TRUE,FALSE,FALSE,2,FALSE,FALSE,TRUE,FALSE,NA,TRUE,TRUE,TRUE,TRUE,TRUE,TRUE,TRUE,TRUE,NA,2,TRUE
primary,GO,GO_wave_17,2023-11-12,2024-03-03,2024-10-13,FALSE,6.761460437361735,6.883901370835086,497,2023-10-01,0.12372047256271701,0.08333333333333333,17,49,16,10985,149.5699346989657,213,523,872,4,6,8,TRUE,TRUE,TRUE,FALSE,FALSE,4,FALSE,FALSE,TRUE,FALSE,NA,TRUE,TRUE,TRUE,TRUE,TRUE,TRUE,TRUE,TRUE,NA,3,TRUE
primary,GO,GO_wave_18,2024-10-20,2025-05-11,2025-09-14,FALSE,1.2527565695968912,1.342559907919249,93,2024-10-13,0.12244093347335135,0.09119960513577008,22,48,29,1988,26.804958544059332,57,98,132,4,6,8,TRUE,TRUE,TRUE,FALSE,FALSE,2,FALSE,FALSE,TRUE,FALSE,NA,TRUE,TRUE,TRUE,TRUE,TRUE,TRUE,TRUE,TRUE,NA,4,TRUE
primary,GO,GO_wave_19,2025-09-21,2025-12-07,NA,TRUE,0.4445265246956711,0.529839696101911,33,2025-09-14,0.09878367215459358,0.18644067796610173,7,15,11,316,4.256678236479759,39,66,91,4,6,8,TRUE,TRUE,TRUE,FALSE,FALSE,1,FALSE,FALSE,FALSE,TRUE,NA,TRUE,TRUE,TRUE,TRUE,TRUE,FALSE,FALSE,FALSE,cumulative incidence below 5/100k,NA,NA
primary,MA,MA_wave_01,2015-03-22,2015-04-26,2015-06-07,FALSE,0,0.01951767149494824,0,2015-03-15,0,NA,NA,12,5,7,0.10246777534847826,2,4,6,1,2,3,FALSE,FALSE,FALSE,FALSE,FALSE,2,FALSE,FALSE,TRUE,FALSE,too few nonzero raw incidence weeks; fewer than 30 raw cases,TRUE,FALSE,FALSE,FALSE,FALSE,FALSE,FALSE,FALSE,fewer than 100 total cases and cumulative incidence below 5/100k,NA,NA
primary,MA,MA_wave_02,2016-02-28,2016-04-24,2016-10-02,FALSE,12.675050459812953,12.199129024923424,870,2015-06-07,0,0,23,32,8,7016,102.21626899545709,724,1561,3006,4,6,8,TRUE,TRUE,TRUE,FALSE,FALSE,3,FALSE,FALSE,TRUE,FALSE,NA,TRUE,TRUE,TRUE,TRUE,TRUE,TRUE,TRUE,TRUE,NA,1,FALSE
primary,MA,MA_wave_03,2016-12-25,2017-04-09,2017-12-03,FALSE,4.208769479164777,4.847341400141501,290,2016-10-02,0.02428170586171063,0.005009283204397736,31,50,15,5048,73.26234326294428,158,371,695,4,6,8,TRUE,TRUE,TRUE,FALSE,FALSE,4,FALSE,FALSE,TRUE,FALSE,NA,TRUE,TRUE,TRUE,TRUE,TRUE,TRUE,TRUE,TRUE,NA,2,TRUE
primary,MA,MA_wave_04,2017-12-17,2018-04-29,2018-12-09,FALSE,0.37588463001965006,0.3807036637378507,26,2017-12-03,0.06772732495207687,0.17790037607495504,4,52,19,522,7.547724743690496,39,74,89,4,6,8,TRUE,TRUE,TRUE,FALSE,FALSE,4,FALSE,FALSE,TRUE,FALSE,NA,TRUE,TRUE,TRUE,TRUE,TRUE,TRUE,FALSE,TRUE,NA,3,TRUE
primary,MA,MA_wave_05,2018-12-30,2019-03-17,2019-11-03,FALSE,0.7053683570315508,0.7293604780190186,49,2018-12-09,0.03855226974560513,0.10126582278481013,26,45,11,589,8.47931018546806,45,54,76,4,6,8,TRUE,TRUE,TRUE,FALSE,FALSE,6,FALSE,FALSE,TRUE,FALSE,NA,TRUE,TRUE,TRUE,TRUE,TRUE,TRUE,FALSE,TRUE,NA,4,TRUE
primary,MA,MA_wave_06,2019-12-22,2020-02-02,2020-06-14,FALSE,0.11476135090176601,0.11954307385600627,8,2019-11-03,0.019193696789974173,0.16055883599825815,8,26,6,113,1.6212044964064845,18,27,47,4,6,8,FALSE,FALSE,TRUE,FALSE,FALSE,9,FALSE,FALSE,TRUE,FALSE,fewer than 30 raw cases,TRUE,TRUE,TRUE,FALSE,FALSE,FALSE,FALSE,FALSE,cumulative incidence below 5/100k,NA,NA
primary,MA,MA_wave_07,2020-07-05,2021-06-27,2021-08-29,FALSE,0.057239723108563435,0.08108960773713153,4,2020-06-14,0.019126891816961002,0.23587352745575876,4,61,51,110,1.5756428612510098,8,15,21,4,6,8,FALSE,FALSE,FALSE,FALSE,FALSE,2,FALSE,FALSE,TRUE,FALSE,fewer than 30 raw cases,TRUE,TRUE,TRUE,FALSE,FALSE,FALSE,FALSE,FALSE,cumulative incidence below 5/100k,NA,NA
primary,MA,MA_wave_08,2021-09-19,2022-03-13,2022-11-06,FALSE,1.0574318381580565,0.9574045021160782,74,2021-08-29,0.00953995385142724,0.11764705882352942,5,60,25,1770,25.29490126955407,23,25,36,4,5,7,TRUE,FALSE,FALSE,FALSE,FALSE,8,FALSE,FALSE,TRUE,FALSE,fewer than 30 raw cases,TRUE,TRUE,TRUE,TRUE,TRUE,TRUE,TRUE,TRUE,NA,5,TRUE
primary,MA,MA_wave_09,2022-11-27,2023-04-30,2023-12-17,FALSE,1.9562390746903502,1.7372926089099217,137,2022-11-06,0.10955374899835721,0.11442786069651742,13,56,22,2780,39.69656581110991,53,84,142,4,6,8,TRUE,TRUE,TRUE,FALSE,FALSE,4,FALSE,FALSE,TRUE,FALSE,NA,TRUE,TRUE,TRUE,TRUE,TRUE,TRUE,TRUE,TRUE,NA,6,TRUE
primary,MA,MA_wave_10,2024-01-07,2024-04-07,2024-12-29,FALSE,0.9841733514383195,0.9033475206438681,69,2023-12-17,0.03807764622268321,0.04215171387811312,22,52,13,793,11.310861850588221,30,75,159,4,6,8,TRUE,TRUE,TRUE,FALSE,FALSE,5,FALSE,FALSE,TRUE,FALSE,NA,TRUE,TRUE,TRUE,TRUE,TRUE,TRUE,TRUE,TRUE,NA,7,TRUE
primary,MA,MA_wave_11,2025-01-05,2025-05-04,2025-07-06,FALSE,0.34196749000564386,0.3657152323671469,24,2024-12-29,0.028516939484472127,0.0779758045621779,35,27,17,361,5.14376099550156,23,36,53,4,6,8,TRUE,TRUE,TRUE,FALSE,FALSE,5,FALSE,FALSE,TRUE,FALSE,NA,TRUE,TRUE,TRUE,TRUE,TRUE,TRUE,FALSE,TRUE,NA,8,TRUE
primary,MG,MG_wave_01,2015-01-18,2015-01-18,2015-02-08,FALSE,0,0.0032567662698150413,0,2015-01-11,0.0016283831349075207,NA,NA,4,0,1,0.004885149404722562,1,1,1,1,1,1,FALSE,FALSE,FALSE,TRUE,TRUE,1,FALSE,FALSE,FALSE,FALSE,too few nonzero raw incidence weeks; fewer than 30 raw cases; too few nonzero renewal infectiousness contributions; one week contains >=80% of early-window cases (backlog screen),TRUE,FALSE,FALSE,FALSE,FALSE,FALSE,FALSE,FALSE,fewer than 100 total cases and cumulative incidence below 5/100k,NA,NA
primary,MG,MG_wave_02,2015-05-03,2015-05-10,2015-05-24,FALSE,0.004885149404722562,0.0016283831349075207,1,2015-02-08,0,0,12,4,1,1,0.004885149404722562,1,1,1,1,1,1,FALSE,FALSE,FALSE,TRUE,TRUE,1,FALSE,FALSE,FALSE,FALSE,too few nonzero raw incidence weeks; fewer than 30 raw cases; one week contains >=80% of early-window cases (backlog screen),TRUE,FALSE,FALSE,FALSE,FALSE,FALSE,FALSE,FALSE,fewer than 100 total cases and cumulative incidence below 5/100k,NA,NA
primary,MG,MG_wave_03,2015-08-02,2015-08-09,2015-08-23,FALSE,0.004885149404722562,0.0016283831349075207,1,2015-05-24,0,0,10,4,1,1,0.004885149404722562,1,1,1,1,1,1,FALSE,FALSE,FALSE,TRUE,TRUE,1,FALSE,FALSE,FALSE,FALSE,too few nonzero raw incidence weeks; fewer than 30 raw cases; one week contains >=80% of early-window cases (backlog screen),TRUE,FALSE,FALSE,FALSE,FALSE,FALSE,FALSE,FALSE,fewer than 100 total cases and cumulative incidence below 5/100k,NA,NA
primary,MG,MG_wave_04,2015-11-29,2016-02-21,2016-07-31,FALSE,0.03885726986490493,0.04695253442009346,8,2015-08-23,0,0,10,36,12,148,0.7190274365303979,5,9,21,4,6,8,FALSE,FALSE,FALSE,FALSE,FALSE,2,FALSE,FALSE,TRUE,FALSE,fewer than 30 raw cases,TRUE,TRUE,TRUE,FALSE,FALSE,FALSE,FALSE,FALSE,cumulative incidence below 5/100k,NA,NA
primary,MG,MG_wave_05,2017-01-08,2017-03-12,2017-10-01,FALSE,6.112586695445272,6.478214410825003,1265,2016-07-31,0,0,24,39,9,13438,64.93354941770242,611,1635,3561,4,6,8,TRUE,TRUE,TRUE,FALSE,FALSE,4,FALSE,FALSE,TRUE,FALSE,NA,TRUE,TRUE,TRUE,TRUE,TRUE,TRUE,TRUE,TRUE,NA,1,FALSE
primary,MG,MG_wave_06,2017-12-24,2018-04-08,2018-10-28,FALSE,5.124694982096739,4.836250611622251,1066,2017-10-01,0.06925987560056567,0.014320985648287864,43,45,15,11098,53.35641884172701,566,933,1180,4,6,8,TRUE,TRUE,TRUE,FALSE,FALSE,4,FALSE,FALSE,TRUE,FALSE,NA,TRUE,TRUE,TRUE,TRUE,TRUE,TRUE,TRUE,TRUE,NA,2,TRUE
primary,MG,MG_wave_07,2018-11-11,2019-05-12,2019-10-13,FALSE,0.40159200633023745,0.470117626458016,84,2018-10-28,0.03685678067174014,0.07839906142092216,22,49,26,1805,8.63252695781938,66,88,116,4,6,8,TRUE,TRUE,TRUE,FALSE,FALSE,5,FALSE,FALSE,TRUE,FALSE,NA,TRUE,TRUE,TRUE,TRUE,TRUE,TRUE,FALSE,TRUE,NA,3,TRUE
primary,MG,MG_wave_08,2019-12-01,2020-05-03,2020-08-09,FALSE,0.45169246551767833,0.4532773513616,95,2019-10-13,0.027091524236563636,0.05976809596857949,28,37,22,1477,7.023965358426013,40,75,134,4,6,8,TRUE,TRUE,TRUE,FALSE,FALSE,2,FALSE,FALSE,TRUE,FALSE,NA,TRUE,TRUE,TRUE,TRUE,TRUE,TRUE,FALSE,TRUE,NA,4,TRUE
primary,MG,MG_wave_09,2020-09-27,2021-04-25,2021-10-03,FALSE,1.2596476102661658,1.2659616333752695,266,2020-08-09,0.06022566206902377,0.13286713286713286,13,54,30,5920,28.053421944557215,112,168,303,4,6,8,TRUE,TRUE,TRUE,FALSE,FALSE,3,FALSE,FALSE,TRUE,FALSE,NA,TRUE,TRUE,TRUE,TRUE,TRUE,TRUE,TRUE,TRUE,NA,5,TRUE
primary,MG,MG_wave_10,2022-01-02,2022-04-03,2022-08-28,FALSE,2.5308804002719563,2.5481936368409808,536,2021-10-03,0.02999160976824205,0.023690773067331673,32,35,13,6046,28.547953171724345,237,393,588,4,6,8,TRUE,TRUE,TRUE,FALSE,FALSE,2,FALSE,FALSE,TRUE,FALSE,NA,TRUE,TRUE,TRUE,TRUE,TRUE,TRUE,TRUE,TRUE,NA,6,TRUE
primary,MG,MG_wave_11,2022-11-27,2023-04-02,2023-08-27,FALSE,16.882064775828347,18.256350506116018,3587,2022-08-28,0.10387941941414747,0.04076590487955529,25,40,18,77900,366.6956539592203,3051,6253,11212,4,6,8,TRUE,TRUE,TRUE,FALSE,FALSE,1,FALSE,FALSE,FALSE,FALSE,NA,TRUE,TRUE,TRUE,TRUE,TRUE,TRUE,TRUE,TRUE,NA,7,TRUE
primary,MG,MG_wave_12,2023-11-12,2024-02-18,2024-10-13,FALSE,51.33498393800294,50.34855434835438,10946,2023-08-27,0.46750815939009827,0.025607974563891037,25,49,14,157143,737.1852338066084,3868,7381,12623,4,6,8,TRUE,TRUE,TRUE,FALSE,FALSE,1,FALSE,FALSE,FALSE,FALSE,NA,TRUE,TRUE,TRUE,TRUE,TRUE,TRUE,TRUE,TRUE,NA,8,TRUE
primary,MG,MG_wave_13,2024-11-17,2025-02-09,2025-12-28,FALSE,4.4125673845549205,3.9342276292377028,944,2024-10-13,0.5471479498843118,0.1390737907024275,23,59,12,19257,90.03548527277107,837,1185,1849,4,6,8,TRUE,TRUE,TRUE,FALSE,FALSE,4,FALSE,FALSE,TRUE,FALSE,NA,TRUE,TRUE,TRUE,TRUE,TRUE,TRUE,TRUE,TRUE,NA,9,TRUE
primary,MS,MS_wave_01,2015-11-08,2015-12-13,2016-04-03,FALSE,0.18847022113964929,0.25129362818619905,5,2015-11-01,0,NA,NA,22,5,49,1.8420943405648789,13,25,38,3,5,7,FALSE,FALSE,FALSE,FALSE,FALSE,3,FALSE,FALSE,TRUE,FALSE,fewer than 30 raw cases,TRUE,FALSE,FALSE,FALSE,FALSE,FALSE,FALSE,FALSE,fewer than 100 total cases and cumulative incidence below 5/100k,NA,NA
primary,MS,MS_wave_02,2016-04-10,2016-07-24,2016-08-14,FALSE,0.03724733271850403,0.049663110291338707,1,2016-04-03,0,0,15,19,15,9,0.3352259944665362,1,2,3,1,2,3,FALSE,FALSE,FALSE,FALSE,FALSE,3,FALSE,FALSE,TRUE,FALSE,too few nonzero raw incidence weeks; fewer than 30 raw cases,TRUE,FALSE,FALSE,FALSE,FALSE,FALSE,FALSE,FALSE,fewer than 100 total cases and cumulative incidence below 5/100k,NA,NA
primary,MS,MS_wave_03,2016-08-28,2017-01-01,2017-02-12,FALSE,0.11047457298815674,0.07364971532543783,3,2016-08-14,0,0,4,25,18,16,0.5917325729382134,2,3,3,2,3,3,FALSE,FALSE,FALSE,FALSE,FALSE,1,FALSE,FALSE,FALSE,FALSE,too few nonzero raw incidence weeks; fewer than 30 raw cases,TRUE,FALSE,FALSE,FALSE,FALSE,FALSE,FALSE,FALSE,fewer than 100 total cases and cumulative incidence below 5/100k,NA,NA
primary,MS,MS_wave_04,2017-03-05,2017-10-15,2017-12-03,FALSE,0.3682485766271892,0.27004895619327207,10,2017-02-12,0,0,3,40,32,95,3.498361477958297,8,12,13,4,6,7,FALSE,FALSE,FALSE,FALSE,FALSE,6,FALSE,FALSE,TRUE,FALSE,fewer than 30 raw cases,TRUE,TRUE,FALSE,FALSE,TRUE,FALSE,FALSE,FALSE,fewer than 100 total cases and cumulative incidence below 5/100k,NA,NA
primary,MS,MS_wave_05,2017-12-10,2018-03-11,2018-07-29,FALSE,0.3641447096510365,0.5462170644765547,10,2017-12-03,0.012274952554239639,0.04545454545454545,3,34,13,187,6.814841097543381,13,17,24,3,5,7,FALSE,FALSE,FALSE,FALSE,FALSE,3,FALSE,FALSE,TRUE,FALSE,fewer than 30 raw cases,TRUE,TRUE,TRUE,FALSE,TRUE,TRUE,FALSE,TRUE,NA,1,FALSE
primary,MS,MS_wave_06,2018-08-05,2018-09-09,2019-07-21,FALSE,0.2184868257906219,0.1456578838604146,6,2018-07-29,0.024276313976735766,0.16666666666666669,4,51,5,97,3.510751868872879,4,14,20,4,6,8,FALSE,FALSE,FALSE,FALSE,FALSE,8,FALSE,FALSE,TRUE,FALSE,fewer than 30 raw cases,TRUE,TRUE,FALSE,FALSE,TRUE,FALSE,FALSE,FALSE,fewer than 100 total cases and cumulative incidence below 5/100k,NA,NA
primary,MS,MS_wave_07,2019-09-15,2019-09-29,2019-11-24,FALSE,0.07201943948710636,0.060016199572588635,2,2019-07-21,0,0,8,11,2,8,0.28807775794842544,5,6,7,3,4,5,FALSE,FALSE,FALSE,TRUE,FALSE,1,FALSE,FALSE,FALSE,FALSE,fewer than 30 raw cases,TRUE,FALSE,FALSE,FALSE,FALSE,FALSE,FALSE,FALSE,fewer than 100 total cases and cumulative incidence below 5/100k,NA,NA
primary,MS,MS_wave_08,2019-12-01,2020-02-02,2020-09-13,FALSE,0.4987769277193852,0.2731397461320443,14,2019-11-24,0,0,3,42,9,77,2.7455698804667725,5,16,19,3,5,7,FALSE,FALSE,FALSE,FALSE,FALSE,5,FALSE,FALSE,TRUE,FALSE,fewer than 30 raw cases,TRUE,TRUE,FALSE,FALSE,TRUE,FALSE,FALSE,FALSE,fewer than 100 total cases and cumulative incidence below 5/100k,NA,NA
primary,MS,MS_wave_09,2021-01-17,2021-03-21,2021-05-16,FALSE,0.24718011626646438,0.28249156144738785,7,2020-09-13,0,0,44,18,9,66,2.33055538194095,11,18,26,3,5,7,FALSE,FALSE,FALSE,FALSE,FALSE,6,FALSE,FALSE,TRUE,FALSE,fewer than 30 raw cases,TRUE,TRUE,FALSE,FALSE,TRUE,FALSE,FALSE,FALSE,fewer than 100 total cases and cumulative incidence below 5/100k,NA,NA
primary,MS,MS_wave_10,2021-06-13,2022-06-12,2022-08-28,FALSE,0.2802713166480812,0.38537306039111163,8,2021-05-16,0.04708192690789798,0.16666666666666669,9,64,52,246,8.62694643552581,11,17,19,3,5,6,FALSE,FALSE,FALSE,FALSE,FALSE,6,FALSE,FALSE,TRUE,FALSE,fewer than 30 raw cases,TRUE,TRUE,TRUE,TRUE,TRUE,TRUE,FALSE,TRUE,NA,2,TRUE
primary,MS,MS_wave_11,2023-01-22,2023-03-26,2023-10-01,FALSE,6.115338763707827,5.837368819902926,176,2022-08-28,0.03503391458101015,0.09090909090909091,3,37,9,1380,47.949815306345464,81,188,342,4,6,8,TRUE,TRUE,TRUE,FALSE,FALSE,2,FALSE,FALSE,TRUE,FALSE,NA,TRUE,TRUE,TRUE,TRUE,TRUE,TRUE,TRUE,TRUE,NA,3,TRUE
primary,MS,MS_wave_12,2023-12-03,2024-03-03,2024-12-08,FALSE,2.377756603874365,2.4351903382674656,69,2023-10-01,0.011582080991870886,0.004756129658477146,35,54,13,936,32.26393731003737,17,50,84,4,6,8,FALSE,TRUE,TRUE,FALSE,FALSE,3,FALSE,FALSE,TRUE,FALSE,NA,TRUE,TRUE,TRUE,TRUE,TRUE,TRUE,TRUE,TRUE,NA,4,TRUE
primary,MS,MS_wave_13,2025-01-12,2025-05-11,2025-12-28,FALSE,17.540674361996437,19.170509601610142,513,2024-12-08,0.01148674687862012,0.0047169811320754715,32,51,17,8586,293.57549721657193,209,404,746,4,6,8,TRUE,TRUE,TRUE,FALSE,FALSE,3,FALSE,FALSE,TRUE,FALSE,NA,TRUE,TRUE,TRUE,TRUE,TRUE,TRUE,TRUE,TRUE,NA,5,TRUE
primary,MT,MT_wave_01,2015-01-11,2015-01-25,2015-03-08,FALSE,0,0.05008747276243231,0,2015-01-04,0.015026241828729693,NA,NA,9,2,7,0.2103673856022157,6,6,7,3,3,4,FALSE,FALSE,FALSE,TRUE,FALSE,1,FALSE,FALSE,FALSE,FALSE,too few nonzero raw incidence weeks; fewer than 30 raw cases; too few nonzero renewal infectiousness contributions,TRUE,FALSE,FALSE,FALSE,FALSE,FALSE,FALSE,FALSE,fewer than 100 total cases and cumulative incidence below 5/100k,NA,NA
primary,MT,MT_wave_02,2015-06-28,2015-07-05,2015-07-19,FALSE,0.030052483657459387,0.010017494552486463,1,2015-03-08,0,0,16,4,1,1,0.030052483657459387,1,1,1,1,1,1,FALSE,FALSE,FALSE,TRUE,TRUE,1,FALSE,FALSE,FALSE,FALSE,too few nonzero raw incidence weeks; fewer than 30 raw cases; one week contains >=80% of early-window cases (backlog screen),TRUE,FALSE,FALSE,FALSE,FALSE,FALSE,FALSE,FALSE,fewer than 100 total cases and cumulative incidence below 5/100k,NA,NA
primary,MT,MT_wave_03,2015-12-20,2016-02-21,2016-04-03,FALSE,0.08875500689182628,0.069031672026976,3,2015-07-19,0,0,22,16,9,13,0.3850725112247645,2,3,3,2,3,3,FALSE,FALSE,FALSE,FALSE,FALSE,2,FALSE,FALSE,TRUE,FALSE,too few nonzero raw incidence weeks; fewer than 30 raw cases,TRUE,FALSE,FALSE,FALSE,FALSE,FALSE,FALSE,FALSE,fewer than 100 total cases and cumulative incidence below 5/100k,NA,NA
primary,MT,MT_wave_04,2016-04-24,2016-05-08,2016-07-24,FALSE,0.05917000459455086,0.09861667432425142,2,2016-04-03,0.009861667432425144,0.14285714285714288,6,14,2,22,0.6508700505400594,10,11,13,3,4,5,FALSE,FALSE,FALSE,TRUE,FALSE,6,FALSE,FALSE,TRUE,FALSE,fewer than 30 raw cases,TRUE,FALSE,FALSE,FALSE,FALSE,FALSE,FALSE,FALSE,fewer than 100 total cases and cumulative incidence below 5/100k,NA,NA
primary,MT,MT_wave_05,2016-12-11,2017-03-26,2017-10-01,FALSE,6.320490213725774,5.0097894781605214,217,2016-07-24,0.009861667432425144,0.10000000000000002,3,43,15,2929,85.32947067661082,70,150,290,4,6,8,TRUE,TRUE,TRUE,FALSE,FALSE,2,FALSE,FALSE,TRUE,FALSE,NA,TRUE,TRUE,TRUE,TRUE,TRUE,TRUE,TRUE,TRUE,NA,1,FALSE
primary,MT,MT_wave_06,2017-12-17,2018-01-28,2019-08-18,FALSE,34.74999484336433,34.157936673458146,1213,2017-10-01,0.14563341506280586,0.029069767441860465,23,88,6,13419,384.6833438100491,1478,3713,6015,4,6,8,TRUE,TRUE,TRUE,FALSE,FALSE,5,FALSE,FALSE,TRUE,FALSE,NA,TRUE,TRUE,TRUE,TRUE,TRUE,TRUE,TRUE,TRUE,NA,2,TRUE
primary,MT,MT_wave_07,2019-09-08,2020-02-02,2020-06-28,FALSE,0.27685592445377016,0.3414556401596499,10,2019-08-18,0.04692197476198359,0.137417483395632,12,43,21,247,6.871540395246856,11,14,30,4,6,8,FALSE,FALSE,FALSE,FALSE,FALSE,4,FALSE,FALSE,TRUE,FALSE,fewer than 30 raw cases,TRUE,TRUE,TRUE,TRUE,TRUE,TRUE,FALSE,TRUE,NA,3,TRUE
primary,MT,MT_wave_08,2020-07-05,2020-08-23,2020-09-20,FALSE,0.055371184890754044,0.04614265407562837,2,2020-06-28,0,0,3,12,7,9,0.2491703320083932,2,3,7,2,3,5,FALSE,FALSE,FALSE,FALSE,FALSE,1,FALSE,FALSE,FALSE,FALSE,too few nonzero raw incidence weeks; fewer than 30 raw cases,TRUE,FALSE,FALSE,FALSE,FALSE,FALSE,FALSE,FALSE,fewer than 100 total cases and cumulative incidence below 5/100k,NA,NA
primary,MT,MT_wave_09,2020-11-08,2021-04-25,2021-09-12,FALSE,0.10909083966946566,0.1545453561984097,4,2020-09-20,0,0,8,45,24,88,2.401237120312276,3,3,3,2,2,2,FALSE,FALSE,FALSE,FALSE,FALSE,6,FALSE,FALSE,TRUE,FALSE,too few nonzero raw incidence weeks; fewer than 30 raw cases,TRUE,TRUE,FALSE,FALSE,TRUE,FALSE,FALSE,FALSE,fewer than 100 total cases and cumulative incidence below 5/100k,NA,NA
primary,MT,MT_wave_10,2021-09-19,2021-11-14,2021-12-05,FALSE,0.08181812975209925,0.06363632314052163,3,2021-09-12,0.009090903305788805,0.14285714285714288,4,12,8,14,0.3818179388431298,3,5,7,3,5,7,FALSE,FALSE,FALSE,FALSE,FALSE,1,FALSE,FALSE,FALSE,FALSE,fewer than 30 raw cases,TRUE,FALSE,FALSE,FALSE,FALSE,FALSE,FALSE,FALSE,fewer than 100 total cases and cumulative incidence below 5/100k,NA,NA
primary,MT,MT_wave_11,2021-12-26,2022-04-03,2022-12-18,FALSE,0.34937154777239354,0.27770558925497946,13,2021-12-05,0.009090903305788805,0.14285714285714288,3,52,14,155,4.165583838824692,7,10,13,3,4,5,FALSE,FALSE,FALSE,FALSE,FALSE,6,FALSE,FALSE,TRUE,FALSE,fewer than 30 raw cases,TRUE,TRUE,TRUE,FALSE,TRUE,FALSE,FALSE,FALSE,cumulative incidence below 5/100k,NA,NA
primary,MT,MT_wave_12,2023-01-01,2023-04-02,2023-06-25,FALSE,0.3440619798543771,0.36170618394947335,13,2022-12-18,0,0,36,26,13,142,3.7582154722555035,5,10,16,2,4,6,FALSE,FALSE,FALSE,FALSE,FALSE,4,FALSE,FALSE,TRUE,FALSE,fewer than 30 raw cases,TRUE,TRUE,TRUE,FALSE,TRUE,FALSE,FALSE,FALSE,cumulative incidence below 5/100k,NA,NA
primary,MT,MT_wave_13,2024-01-07,2024-05-05,2024-10-06,FALSE,30.70587809036547,28.368616854850952,1178,2023-06-25,0.05293261228528878,0.14634146341463414,4,40,17,19449,506.9597818162292,720,1922,3551,4,6,8,TRUE,TRUE,TRUE,FALSE,FALSE,3,FALSE,FALSE,TRUE,FALSE,NA,TRUE,TRUE,TRUE,TRUE,TRUE,TRUE,TRUE,TRUE,NA,4,TRUE
primary,MT,MT_wave_14,2024-12-01,2025-01-26,2025-12-28,FALSE,99.08417763342912,91.92724204490771,3858,2024-10-06,1.3293716320956188,0.04686064318529862,23,57,8,47331,1216.4351321118509,964,4191,9842,4,6,8,TRUE,TRUE,TRUE,FALSE,FALSE,2,FALSE,FALSE,TRUE,FALSE,NA,TRUE,TRUE,TRUE,TRUE,TRUE,TRUE,TRUE,TRUE,NA,5,TRUE
primary,PA,PA_wave_01,2015-01-25,2015-02-01,2015-02-15,FALSE,0.012297991651877309,0.00409933055062577,1,2015-01-18,0,NA,NA,4,1,1,0.012297991651877309,1,1,1,1,1,1,FALSE,FALSE,FALSE,TRUE,TRUE,1,FALSE,FALSE,FALSE,FALSE,too few nonzero raw incidence weeks; fewer than 30 raw cases; too few nonzero renewal infectiousness contributions; one week contains >=80% of early-window cases (backlog screen),TRUE,FALSE,FALSE,FALSE,FALSE,FALSE,FALSE,FALSE,fewer than 100 total cases and cumulative incidence below 5/100k,NA,NA
primary,PA,PA_wave_02,2015-05-31,2015-06-07,2015-06-28,FALSE,0.012297991651877309,0.00819866110125154,1,2015-02-15,0,0,15,5,1,2,0.024595983303754617,2,2,2,2,2,2,FALSE,FALSE,FALSE,TRUE,FALSE,1,FALSE,FALSE,FALSE,FALSE,too few nonzero raw incidence weeks; fewer than 30 raw cases,TRUE,FALSE,FALSE,FALSE,FALSE,FALSE,FALSE,FALSE,fewer than 100 total cases and cumulative incidence below 5/100k,NA,NA
primary,PA,PA_wave_03,2015-08-02,2015-08-09,2015-08-23,FALSE,0.012297991651877309,0.00409933055062577,1,2015-06-28,0,0,5,4,1,1,0.012297991651877309,1,1,1,1,1,1,FALSE,FALSE,FALSE,TRUE,TRUE,1,FALSE,FALSE,FALSE,FALSE,too few nonzero raw incidence weeks; fewer than 30 raw cases; one week contains >=80% of early-window cases (backlog screen),TRUE,FALSE,FALSE,FALSE,FALSE,FALSE,FALSE,FALSE,fewer than 100 total cases and cumulative incidence below 5/100k,NA,NA
primary,PA,PA_wave_04,2016-04-24,2017-01-22,2017-10-08,FALSE,7.27418430656361,6.782794226053776,602,2015-08-23,0,0,11,77,39,8315,100.62925607815711,149,202,269,4,6,8,TRUE,TRUE,TRUE,FALSE,FALSE,10,FALSE,FALSE,TRUE,FALSE,NA,TRUE,TRUE,TRUE,TRUE,TRUE,TRUE,TRUE,TRUE,NA,1,FALSE
primary,PA,PA_wave_05,2017-10-22,2018-03-11,2019-10-06,FALSE,2.662040631613507,2.670034747624358,222,2017-10-08,0.27791734061621765,0.10408753701182816,24,103,20,9418,112.79441214146948,205,299,409,4,6,8,TRUE,TRUE,TRUE,FALSE,FALSE,10,FALSE,FALSE,TRUE,FALSE,NA,TRUE,TRUE,TRUE,TRUE,TRUE,TRUE,TRUE,TRUE,NA,2,TRUE
primary,PA,PA_wave_06,2019-10-20,2020-02-02,2020-05-10,FALSE,0.09450464915621525,0.13388158630463826,8,2019-10-06,0.02379697373884963,0.17774642798675291,3,30,15,153,1.810732238383635,14,22,32,3,5,7,FALSE,FALSE,FALSE,FALSE,FALSE,5,FALSE,FALSE,TRUE,FALSE,fewer than 30 raw cases,TRUE,TRUE,TRUE,FALSE,FALSE,FALSE,FALSE,FALSE,cumulative incidence below 5/100k,NA,NA
primary,PA,PA_wave_07,2020-05-17,2021-03-28,2021-08-01,FALSE,0.04694751373596225,0.07824585622660377,4,2020-05-10,0.003937693714842302,0.05032462937639216,5,64,45,140,1.6462110891801327,6,9,15,4,6,8,FALSE,FALSE,FALSE,FALSE,FALSE,6,FALSE,FALSE,TRUE,FALSE,fewer than 30 raw cases,TRUE,TRUE,TRUE,FALSE,FALSE,FALSE,FALSE,FALSE,cumulative incidence below 5/100k,NA,NA
primary,PA,PA_wave_08,2021-08-08,2022-05-01,2022-07-17,FALSE,0.07001130099083494,0.06612178426912188,6,2021-08-01,0,0,28,50,38,87,1.016257116668729,3,3,4,3,3,4,FALSE,FALSE,FALSE,FALSE,FALSE,6,FALSE,FALSE,TRUE,FALSE,too few nonzero raw incidence weeks; fewer than 30 raw cases,TRUE,TRUE,FALSE,FALSE,FALSE,FALSE,FALSE,FALSE,fewer than 100 total cases and cumulative incidence below 5/100k,NA,NA
primary,PA,PA_wave_09,2022-07-31,2023-06-18,2023-09-17,FALSE,0.06963691313491456,0.12379895668429254,6,2022-07-17,0.0038895167217130517,0.058823529411764705,4,60,46,190,2.2061048855787617,6,8,9,3,5,6,FALSE,FALSE,FALSE,FALSE,FALSE,7,FALSE,FALSE,TRUE,FALSE,fewer than 30 raw cases,TRUE,TRUE,TRUE,FALSE,TRUE,FALSE,FALSE,FALSE,cumulative incidence below 5/100k,NA,NA
primary,PA,PA_wave_10,2023-10-01,2024-04-21,2024-09-15,FALSE,0.25391531647197135,0.261609720001425,22,2023-09-17,0.003868717396384142,0.03125,5,51,29,388,4.4800792609911975,12,18,21,4,6,8,FALSE,FALSE,FALSE,FALSE,FALSE,3,FALSE,FALSE,TRUE,FALSE,fewer than 30 raw cases,TRUE,TRUE,TRUE,TRUE,TRUE,FALSE,FALSE,FALSE,cumulative incidence below 5/100k,NA,NA
primary,PA,PA_wave_11,2024-10-13,2025-06-29,2025-12-28,FALSE,0.22958959940747514,0.20663063946672763,20,2024-09-15,0,0,29,64,37,388,4.455280734981153,10,12,15,4,6,8,FALSE,FALSE,FALSE,FALSE,FALSE,8,FALSE,FALSE,TRUE,FALSE,fewer than 30 raw cases,TRUE,TRUE,TRUE,TRUE,TRUE,FALSE,FALSE,FALSE,cumulative incidence below 5/100k,NA,NA
primary,PB,PB_wave_01,2015-01-25,2015-02-01,2015-02-15,FALSE,0.025432097697911948,0.008477365899303983,1,2015-01-18,0,NA,NA,4,1,1,0.025432097697911948,1,1,1,1,1,1,FALSE,FALSE,FALSE,TRUE,TRUE,1,FALSE,FALSE,FALSE,FALSE,too few nonzero raw incidence weeks; fewer than 30 raw cases; too few nonzero renewal infectiousness contributions; one week contains >=80% of early-window cases (backlog screen),TRUE,FALSE,FALSE,FALSE,FALSE,FALSE,FALSE,FALSE,fewer than 100 total cases and cumulative incidence below 5/100k,NA,NA
primary,PB,PB_wave_02,2015-03-22,2015-05-10,2015-06-21,FALSE,0.025432097697911948,0.04238682949651991,1,2015-02-15,0,0,5,14,7,7,0.17802468388538362,1,1,5,1,1,3,FALSE,FALSE,FALSE,FALSE,TRUE,1,FALSE,FALSE,FALSE,FALSE,too few nonzero raw incidence weeks; fewer than 30 raw cases; one week contains >=80% of early-window cases (backlog screen),TRUE,FALSE,FALSE,FALSE,FALSE,FALSE,FALSE,FALSE,fewer than 100 total cases and cumulative incidence below 5/100k,NA,NA
primary,PB,PB_wave_03,2016-02-07,2016-05-08,2016-12-04,FALSE,17.58706037086966,16.702653599346043,696,2015-06-21,0,0,21,44,13,7712,194.87271491400406,198,409,742,4,6,8,TRUE,TRUE,TRUE,FALSE,FALSE,2,FALSE,FALSE,TRUE,FALSE,NA,TRUE,TRUE,TRUE,TRUE,TRUE,TRUE,TRUE,TRUE,NA,1,FALSE
primary,PB,PB_wave_04,2016-12-18,2017-05-28,2017-12-17,FALSE,1.9088225779553094,1.883706491403266,76,2016-12-04,0.033691686534233066,0.01788584723150498,30,53,23,1368,34.3614019351223,41,69,105,4,6,8,TRUE,TRUE,TRUE,FALSE,FALSE,5,FALSE,FALSE,TRUE,FALSE,NA,TRUE,TRUE,TRUE,TRUE,TRUE,TRUE,TRUE,TRUE,NA,2,TRUE
primary,PB,PB_wave_05,2017-12-31,2018-06-10,2018-12-16,FALSE,0.5737931695162151,0.6818991289902846,23,2017-12-17,0.1339524616108989,0.19644028847675418,6,51,23,621,15.494101151364235,37,49,73,4,6,8,TRUE,TRUE,TRUE,FALSE,FALSE,4,FALSE,FALSE,TRUE,FALSE,NA,TRUE,TRUE,TRUE,TRUE,TRUE,TRUE,TRUE,TRUE,NA,3,TRUE
primary,PB,PB_wave_06,2018-12-30,2019-04-21,2020-01-26,FALSE,0.8915724117776715,0.9823807129772493,36,2018-12-16,0.06652674429173508,0.09756097560975609,15,57,16,1137,28.15132487493149,34,56,73,4,6,8,TRUE,TRUE,TRUE,FALSE,FALSE,7,FALSE,FALSE,TRUE,FALSE,NA,TRUE,TRUE,TRUE,TRUE,TRUE,TRUE,TRUE,TRUE,NA,4,TRUE
primary,PB,PB_wave_07,2020-03-08,2020-07-05,2020-12-20,FALSE,1.9680511496493793,2.0008520021435356,80,2020-01-26,0.12300319685308621,0.12520929536605716,13,42,17,1208,29.717572359705628,33,50,77,4,6,8,TRUE,TRUE,TRUE,FALSE,FALSE,2,FALSE,FALSE,TRUE,FALSE,NA,TRUE,TRUE,TRUE,TRUE,TRUE,TRUE,TRUE,TRUE,NA,5,TRUE
primary,PB,PB_wave_08,2021-01-03,2021-07-04,2021-12-26,FALSE,11.155190967818008,10.788243896508206,456,2020-12-20,0.11480298372954713,0.05737704918032787,14,52,26,9266,226.67543751710892,208,428,679,4,6,8,TRUE,TRUE,TRUE,FALSE,FALSE,2,FALSE,FALSE,TRUE,FALSE,NA,TRUE,TRUE,TRUE,TRUE,TRUE,TRUE,TRUE,TRUE,NA,6,TRUE
primary,PB,PB_wave_09,2022-01-23,2022-05-08,2022-12-18,FALSE,22.308675103372458,22.373620300179947,916,2021-12-26,1.1149761869640522,0.10335103633733501,14,48,15,16641,405.2823825275339,783,1474,2365,4,6,8,TRUE,TRUE,TRUE,FALSE,FALSE,1,FALSE,FALSE,FALSE,FALSE,NA,TRUE,TRUE,TRUE,TRUE,TRUE,TRUE,TRUE,TRUE,NA,7,TRUE
primary,PB,PB_wave_10,2022-12-25,2023-04-02,2023-12-17,FALSE,1.2607686615582907,1.2607686615582907,52,2022-12-18,0.15424484241778627,0.1223419070610004,8,52,14,1260,30.54972118446172,44,83,113,4,6,8,TRUE,TRUE,TRUE,FALSE,FALSE,4,FALSE,FALSE,TRUE,FALSE,NA,TRUE,TRUE,TRUE,TRUE,TRUE,TRUE,TRUE,TRUE,NA,8,TRUE
primary,PB,PB_wave_11,2023-12-24,2024-03-03,2024-09-15,FALSE,2.75027502750275,2.5572732711867676,114,2023-12-17,0.20204625986511068,0.16025641025641024,11,39,10,1392,33.58543422173315,57,102,173,4,6,8,TRUE,TRUE,TRUE,FALSE,FALSE,3,FALSE,FALSE,TRUE,FALSE,NA,TRUE,TRUE,TRUE,TRUE,TRUE,TRUE,TRUE,TRUE,NA,9,TRUE
primary,PB,PB_wave_12,2024-09-29,2025-02-02,2025-12-28,FALSE,1.2726715633305383,1.0805701952806457,53,2024-09-15,0.24125219539497808,0.2232637883671408,5,66,18,716,17.212880982319362,77,107,131,4,6,8,TRUE,TRUE,TRUE,FALSE,FALSE,7,FALSE,FALSE,TRUE,FALSE,NA,TRUE,TRUE,TRUE,TRUE,TRUE,TRUE,TRUE,TRUE,NA,10,TRUE
primary,PE,PE_wave_01,2015-01-25,2015-02-08,2015-03-15,FALSE,0.021708203323808135,0.021708203323808135,2,2015-01-18,0.0072360677746027115,NA,NA,8,2,9,0.0976869149571366,6,8,9,3,5,6,FALSE,FALSE,FALSE,TRUE,FALSE,2,FALSE,FALSE,TRUE,FALSE,fewer than 30 raw cases; too few nonzero renewal infectiousness contributions,TRUE,FALSE,FALSE,FALSE,FALSE,FALSE,FALSE,FALSE,fewer than 100 total cases and cumulative incidence below 5/100k,NA,NA
primary,PE,PE_wave_02,2015-04-05,2015-04-05,2015-07-05,FALSE,0.010854101661904068,0.014472135549205425,1,2015-03-15,0.0036180338873013558,0.24999999999999997,3,14,0,11,0.11939511828094475,4,8,9,2,4,5,FALSE,FALSE,FALSE,TRUE,FALSE,2,FALSE,FALSE,TRUE,FALSE,fewer than 30 raw cases,TRUE,FALSE,FALSE,FALSE,FALSE,FALSE,FALSE,FALSE,fewer than 100 total cases and cumulative incidence below 5/100k,NA,NA
primary,PE,PE_wave_03,2015-11-29,2016-02-28,2017-12-17,FALSE,8.906705658964507,9.392525967635299,825,2015-07-05,0,0,4,108,13,15850,171.0852679326126,284,717,1382,4,6,8,TRUE,TRUE,TRUE,FALSE,FALSE,10,TRUE,FALSE,TRUE,FALSE,NA,TRUE,TRUE,TRUE,TRUE,TRUE,TRUE,TRUE,TRUE,NA,1,FALSE
primary,PE,PE_wave_04,2017-12-31,2018-05-06,2018-12-16,FALSE,0.5134627252269478,0.3850970439202109,48,2017-12-17,0.07165235966088228,0.1860631256253634,5,51,18,657,7.028680331466937,48,66,81,4,6,8,TRUE,TRUE,TRUE,FALSE,FALSE,4,FALSE,FALSE,TRUE,FALSE,NA,TRUE,TRUE,TRUE,TRUE,TRUE,TRUE,FALSE,TRUE,NA,2,TRUE
primary,PE,PE_wave_05,2018-12-23,2019-09-08,2019-12-15,FALSE,0.6172507756873433,0.5569446654190396,58,2018-12-16,0.014262853478526329,0.037037037037037035,18,52,37,1360,14.474125088660854,25,36,64,4,6,8,TRUE,TRUE,TRUE,FALSE,FALSE,6,FALSE,FALSE,TRUE,FALSE,NA,TRUE,TRUE,TRUE,TRUE,TRUE,TRUE,TRUE,TRUE,NA,3,TRUE
primary,PE,PE_wave_06,2020-05-03,2020-07-05,2020-12-20,FALSE,2.0976882839447812,2.1824433661243683,198,2019-12-15,0.08159061977476377,0.1464968152866242,11,34,9,3005,31.83612774370741,155,341,614,4,6,8,TRUE,TRUE,TRUE,FALSE,FALSE,1,FALSE,FALSE,FALSE,FALSE,NA,TRUE,TRUE,TRUE,TRUE,TRUE,TRUE,TRUE,TRUE,NA,4,TRUE
primary,PE,PE_wave_07,2021-02-07,2021-05-30,2021-12-19,FALSE,16.388290988467375,15.46961746011901,1552,2020-12-20,0.06709777339217314,0.03074433656957929,14,46,16,19884,209.96441882389513,383,728,1104,4,6,8,TRUE,TRUE,TRUE,FALSE,FALSE,1,FALSE,FALSE,FALSE,FALSE,NA,TRUE,TRUE,TRUE,TRUE,TRUE,TRUE,TRUE,TRUE,NA,5,TRUE
primary,PE,PE_wave_08,2022-01-16,2022-04-24,2022-12-18,FALSE,9.680790930099633,10.358481408702907,919,2021-12-19,0.13023341206471065,0.012572635594566223,28,49,14,13003,136.97423771935314,536,987,1653,4,6,8,TRUE,TRUE,TRUE,FALSE,FALSE,1,FALSE,FALSE,FALSE,FALSE,NA,TRUE,TRUE,TRUE,TRUE,TRUE,TRUE,TRUE,TRUE,NA,6,TRUE
primary,PE,PE_wave_09,2022-12-25,2023-03-19,2023-06-25,FALSE,0.4729631657337556,0.6831690171709803,45,2022-12-18,0.10885183853213225,0.15933368726657188,9,27,12,778,8.177102646181421,68,114,159,4,6,8,TRUE,TRUE,TRUE,FALSE,FALSE,4,FALSE,FALSE,TRUE,FALSE,NA,TRUE,TRUE,TRUE,TRUE,TRUE,TRUE,FALSE,TRUE,NA,7,TRUE
primary,PE,PE_wave_10,2023-07-09,2024-03-10,2024-12-22,FALSE,1.1636404501967652,1.0588079772060657,111,2023-06-25,0.08758577143217697,0.12820512820512822,10,77,35,2218,23.262011531906687,71,110,139,4,6,8,TRUE,TRUE,TRUE,FALSE,FALSE,6,FALSE,FALSE,TRUE,FALSE,NA,TRUE,TRUE,TRUE,TRUE,TRUE,TRUE,TRUE,TRUE,NA,8,TRUE
primary,PE,PE_wave_11,2024-12-29,2025-03-23,2025-12-28,FALSE,0.3346577763433974,0.3939200909042073,32,2024-12-22,0.06988831532713305,0.17741749390520004,3,53,12,1207,12.623099727547569,75,125,193,4,6,8,TRUE,TRUE,TRUE,FALSE,FALSE,4,FALSE,FALSE,TRUE,FALSE,NA,TRUE,TRUE,TRUE,TRUE,TRUE,TRUE,TRUE,TRUE,NA,9,TRUE
primary,PI,PI_wave_01,2015-05-10,2015-05-17,2015-05-31,FALSE,0.0614286082857364,0.020476202761912133,2,2015-05-03,0,NA,NA,4,1,2,0.0614286082857364,2,2,2,1,1,1,FALSE,FALSE,FALSE,TRUE,TRUE,1,FALSE,FALSE,FALSE,FALSE,too few nonzero raw incidence weeks; fewer than 30 raw cases; one week contains >=80% of early-window cases (backlog screen),TRUE,FALSE,FALSE,FALSE,FALSE,FALSE,FALSE,FALSE,fewer than 100 total cases and cumulative incidence below 5/100k,NA,NA
primary,PI,PI_wave_02,2015-11-08,2015-11-15,2015-11-29,FALSE,0.0307143041428682,0.010238101380956066,1,2015-05-31,0,0,23,4,1,1,0.0307143041428682,1,1,1,1,1,1,FALSE,FALSE,FALSE,TRUE,TRUE,1,FALSE,FALSE,FALSE,FALSE,too few nonzero raw incidence weeks; fewer than 30 raw cases; one week contains >=80% of early-window cases (backlog screen),TRUE,FALSE,FALSE,FALSE,FALSE,FALSE,FALSE,FALSE,fewer than 100 total cases and cumulative incidence below 5/100k,NA,NA
primary,PI,PI_wave_03,2016-03-27,2016-05-08,2016-11-06,FALSE,3.7296390748783126,3.485072578164981,122,2015-11-29,0,0,4,33,6,1200,36.6849745069998,183,381,599,4,6,8,TRUE,TRUE,TRUE,FALSE,FALSE,3,FALSE,FALSE,TRUE,FALSE,NA,TRUE,TRUE,TRUE,TRUE,TRUE,TRUE,TRUE,TRUE,NA,1,FALSE
primary,PI,PI_wave_04,2017-02-19,2017-05-21,2018-03-25,FALSE,9.76947092075894,10.408595186602982,321,2016-11-06,0.08152216557111065,0.02339181286549707,34,58,13,5541,168.6165412463728,121,273,488,4,6,8,TRUE,TRUE,TRUE,FALSE,FALSE,8,FALSE,FALSE,TRUE,FALSE,NA,TRUE,TRUE,TRUE,TRUE,TRUE,TRUE,TRUE,TRUE,NA,2,TRUE
primary,PI,PI_wave_05,2018-04-08,2019-04-28,2019-09-08,FALSE,1.3252101964081984,1.6163548607706058,44,2018-03-25,0.22207235702855477,0.13739084307432378,27,75,55,1105,33.338638544083665,65,96,113,4,6,7,TRUE,TRUE,TRUE,FALSE,FALSE,5,FALSE,TRUE,TRUE,FALSE,NA,TRUE,TRUE,TRUE,TRUE,TRUE,TRUE,TRUE,TRUE,NA,3,TRUE
primary,PI,PI_wave_06,2019-09-15,2020-05-10,2020-08-23,FALSE,0.38970425344206283,0.28978008589281595,13,2019-09-08,0.050197355924552975,0.17322569206194524,3,50,34,193,5.79266746559928,13,20,26,4,6,8,FALSE,FALSE,FALSE,FALSE,FALSE,5,FALSE,FALSE,TRUE,FALSE,fewer than 30 raw cases,TRUE,TRUE,TRUE,FALSE,TRUE,TRUE,FALSE,TRUE,NA,4,TRUE
primary,PI,PI_wave_07,2020-09-13,2021-07-11,2021-10-24,FALSE,0.3285684927906099,0.3584383557715744,11,2020-08-23,0.009992416754924687,0.034482758620689655,29,59,43,237,7.081090497597167,6,9,10,4,6,7,FALSE,FALSE,FALSE,FALSE,FALSE,4,FALSE,FALSE,TRUE,FALSE,fewer than 30 raw cases,TRUE,TRUE,TRUE,TRUE,TRUE,TRUE,FALSE,TRUE,NA,5,TRUE
primary,PI,PI_wave_08,2022-02-13,2022-04-24,2022-12-11,FALSE,26.064605070593377,25.141173348092355,875,2021-10-24,0,0,16,44,10,9343,278.3104059137759,456,1247,2405,4,6,8,TRUE,TRUE,TRUE,FALSE,FALSE,3,FALSE,FALSE,TRUE,FALSE,NA,TRUE,TRUE,TRUE,TRUE,TRUE,TRUE,TRUE,TRUE,NA,6,TRUE
primary,PI,PI_wave_09,2023-01-08,2023-04-23,2023-10-01,FALSE,7.902834354512237,6.664921704995908,266,2022-12-11,0.1687993471238428,0.02532653114249096,29,39,15,3425,101.75641979024213,165,316,553,4,6,8,TRUE,TRUE,TRUE,FALSE,FALSE,4,FALSE,FALSE,TRUE,FALSE,NA,TRUE,TRUE,TRUE,TRUE,TRUE,TRUE,TRUE,TRUE,NA,7,TRUE
primary,PI,PI_wave_10,2023-11-26,2024-03-03,2024-12-29,FALSE,1.184958375374669,1.1355851097340577,40,2023-10-01,0.07922640956904498,0.06976703805811524,25,58,14,605,17.925245642070674,23,32,43,4,6,8,TRUE,TRUE,TRUE,FALSE,FALSE,2,FALSE,FALSE,TRUE,FALSE,NA,TRUE,TRUE,TRUE,TRUE,TRUE,TRUE,TRUE,TRUE,NA,8,TRUE
primary,PI,PI_wave_11,2025-01-05,2025-05-11,2025-08-24,FALSE,0.5909210301999056,0.6795591847298915,20,2024-12-29,0.009874653128122243,0.014530968530794238,30,34,18,422,12.468433737218009,21,37,64,3,5,7,TRUE,TRUE,TRUE,FALSE,FALSE,7,FALSE,FALSE,TRUE,FALSE,NA,TRUE,TRUE,TRUE,TRUE,TRUE,TRUE,TRUE,TRUE,NA,9,TRUE
primary,PR,PR_wave_01,2016-01-03,2016-05-22,2016-06-19,FALSE,0.00893202939995341,0.020841401933224625,1,2015-12-27,0,NA,NA,25,20,31,0.2768929113985557,4,7,11,2,4,6,FALSE,FALSE,FALSE,FALSE,FALSE,2,FALSE,FALSE,TRUE,FALSE,fewer than 30 raw cases,TRUE,FALSE,FALSE,FALSE,FALSE,FALSE,FALSE,FALSE,fewer than 100 total cases and cumulative incidence below 5/100k,NA,NA
primary,PR,PR_wave_02,2016-07-03,2016-07-17,2016-08-07,FALSE,0.01786405879990682,0.014886715666589017,2,2016-06-19,0,0,4,6,2,5,0.04466014699976705,5,5,5,3,3,3,FALSE,FALSE,FALSE,TRUE,FALSE,1,FALSE,FALSE,FALSE,FALSE,too few nonzero raw incidence weeks; fewer than 30 raw cases,TRUE,FALSE,FALSE,FALSE,FALSE,FALSE,FALSE,FALSE,fewer than 100 total cases and cumulative incidence below 5/100k,NA,NA
primary,PR,PR_wave_03,2016-10-02,2017-04-02,2017-10-08,FALSE,0.017722337579871253,0.050213289809635214,2,2016-08-07,0,0,8,54,26,70,0.6214155850557784,4,8,9,2,4,5,FALSE,FALSE,FALSE,FALSE,FALSE,7,FALSE,FALSE,TRUE,FALSE,fewer than 30 raw cases,TRUE,TRUE,FALSE,FALSE,FALSE,FALSE,FALSE,FALSE,fewer than 100 total cases and cumulative incidence below 5/100k,NA,NA
primary,PR,PR_wave_04,2017-10-29,2018-03-04,2018-06-10,FALSE,0.11429596324241822,0.0586133144832914,13,2017-10-08,0,0,38,33,18,58,0.5103508657092867,1,1,4,1,1,3,FALSE,FALSE,FALSE,FALSE,TRUE,4,FALSE,FALSE,TRUE,FALSE,too few nonzero raw incidence weeks; fewer than 30 raw cases; one week contains >=80% of early-window cases (backlog screen),TRUE,TRUE,FALSE,FALSE,FALSE,FALSE,FALSE,FALSE,fewer than 100 total cases and cumulative incidence below 5/100k,NA,NA
primary,PR,PR_wave_05,2018-07-01,2018-07-08,2018-07-22,FALSE,0.00879199717249371,0.0029306657241645697,1,2018-06-10,0,0,3,4,1,1,0.00879199717249371,1,1,1,1,1,1,FALSE,FALSE,FALSE,TRUE,TRUE,1,FALSE,FALSE,FALSE,FALSE,too few nonzero raw incidence weeks; fewer than 30 raw cases; one week contains >=80% of early-window cases (backlog screen),TRUE,FALSE,FALSE,FALSE,FALSE,FALSE,FALSE,FALSE,fewer than 100 total cases and cumulative incidence below 5/100k,NA,NA
primary,PR,PR_wave_06,2018-09-23,2018-09-30,2018-11-11,FALSE,0.00879199717249371,0.0029306657241645697,1,2018-07-22,0,0,9,8,1,2,0.01758399434498742,1,2,2,1,2,2,FALSE,FALSE,FALSE,TRUE,FALSE,2,FALSE,FALSE,TRUE,FALSE,too few nonzero raw incidence weeks; fewer than 30 raw cases,TRUE,FALSE,FALSE,FALSE,FALSE,FALSE,FALSE,FALSE,fewer than 100 total cases and cumulative incidence below 5/100k,NA,NA
primary,PR,PR_wave_07,2018-12-30,2019-04-21,2019-07-21,FALSE,0.02615923106509838,0.03778555598291988,3,2018-11-11,0,0,7,30,16,47,0.40982795335320793,2,3,3,2,3,3,FALSE,FALSE,FALSE,FALSE,FALSE,3,FALSE,FALSE,TRUE,FALSE,too few nonzero raw incidence weeks; fewer than 30 raw cases,TRUE,FALSE,FALSE,FALSE,FALSE,FALSE,FALSE,FALSE,fewer than 100 total cases and cumulative incidence below 5/100k,NA,NA
primary,PR,PR_wave_08,2019-08-04,2019-08-18,2019-09-08,FALSE,0.008719743688366127,0.011626324917821501,1,2019-07-21,0,0,3,6,2,4,0.034878974753464506,4,4,4,3,3,3,FALSE,FALSE,FALSE,TRUE,FALSE,1,FALSE,FALSE,FALSE,FALSE,too few nonzero raw incidence weeks; fewer than 30 raw cases,TRUE,FALSE,FALSE,FALSE,FALSE,FALSE,FALSE,FALSE,fewer than 100 total cases and cumulative incidence below 5/100k,NA,NA
primary,PR,PR_wave_09,2020-01-12,2020-04-26,2020-05-17,FALSE,0.008649780507494731,0.011533040676659641,1,2019-09-08,0,0,20,19,15,10,0.08649780507494731,2,3,4,2,3,4,FALSE,FALSE,FALSE,FALSE,FALSE,5,FALSE,FALSE,TRUE,FALSE,too few nonzero raw incidence weeks; fewer than 30 raw cases,TRUE,FALSE,FALSE,FALSE,FALSE,FALSE,FALSE,FALSE,fewer than 100 total cases and cumulative incidence below 5/100k,NA,NA
primary,PR,PR_wave_10,2020-05-31,2020-08-23,2020-09-20,FALSE,0,0.011533040676659641,0,2020-05-17,0,0,5,17,12,8,0.06919824405995785,2,2,3,2,2,3,FALSE,FALSE,FALSE,FALSE,FALSE,1,FALSE,FALSE,FALSE,FALSE,too few nonzero raw incidence weeks; fewer than 30 raw cases,TRUE,FALSE,FALSE,FALSE,FALSE,FALSE,FALSE,FALSE,fewer than 100 total cases and cumulative incidence below 5/100k,NA,NA
primary,PR,PR_wave_11,2020-10-25,2020-11-15,2020-12-06,FALSE,0.008649780507494731,0.0057665203383298206,1,2020-09-20,0,0,5,7,3,3,0.025949341522484196,2,3,3,2,3,3,FALSE,FALSE,FALSE,TRUE,FALSE,1,FALSE,FALSE,FALSE,FALSE,too few nonzero raw incidence weeks; fewer than 30 raw cases,TRUE,FALSE,FALSE,FALSE,FALSE,FALSE,FALSE,FALSE,fewer than 100 total cases and cumulative incidence below 5/100k,NA,NA
primary,PR,PR_wave_12,2021-02-21,2021-03-28,2021-06-06,FALSE,0.13757171140412738,0.11464309283677282,16,2020-12-06,0,0,5,16,5,97,0.8340285003875223,17,48,65,4,6,8,FALSE,TRUE,TRUE,FALSE,FALSE,2,FALSE,FALSE,TRUE,FALSE,NA,TRUE,TRUE,FALSE,FALSE,FALSE,FALSE,FALSE,FALSE,fewer than 100 total cases and cumulative incidence below 5/100k,NA,NA
primary,PR,PR_wave_13,2021-06-27,2021-07-04,2021-09-19,FALSE,0.025794695888273884,0.011464309283677282,3,2021-06-06,0,0,3,13,1,10,0.08598231962757961,4,4,8,2,2,4,FALSE,FALSE,FALSE,TRUE,FALSE,2,FALSE,FALSE,TRUE,FALSE,too few nonzero raw incidence weeks; fewer than 30 raw cases,TRUE,FALSE,FALSE,FALSE,FALSE,FALSE,FALSE,FALSE,fewer than 100 total cases and cumulative incidence below 5/100k,NA,NA
primary,PR,PR_wave_14,2022-01-02,2022-02-27,2022-05-15,FALSE,0.02567022387515646,0.01996572968067725,3,2021-09-19,0,0,18,20,8,20,0.17113482583437642,2,3,5,2,3,4,FALSE,FALSE,FALSE,FALSE,FALSE,3,FALSE,FALSE,TRUE,FALSE,too few nonzero raw incidence weeks; fewer than 30 raw cases,TRUE,FALSE,FALSE,FALSE,FALSE,FALSE,FALSE,FALSE,fewer than 100 total cases and cumulative incidence below 5/100k,NA,NA
primary,PR,PR_wave_15,2022-06-12,2022-06-26,2022-09-25,FALSE,0.00855674129171882,0.00855674129171882,1,2022-05-15,0,0,4,16,2,7,0.05989718904203174,3,4,5,3,4,5,FALSE,FALSE,FALSE,TRUE,FALSE,3,FALSE,FALSE,TRUE,FALSE,fewer than 30 raw cases,TRUE,FALSE,FALSE,FALSE,FALSE,FALSE,FALSE,FALSE,fewer than 100 total cases and cumulative incidence below 5/100k,NA,NA
primary,PR,PR_wave_16,2022-11-06,2022-11-13,2022-11-27,FALSE,0.00855674129171882,0.002852247097239607,1,2022-09-25,0,0,6,4,1,1,0.00855674129171882,1,1,1,1,1,1,FALSE,FALSE,FALSE,TRUE,TRUE,1,FALSE,FALSE,FALSE,FALSE,too few nonzero raw incidence weeks; fewer than 30 raw cases; one week contains >=80% of early-window cases (backlog screen),TRUE,FALSE,FALSE,FALSE,FALSE,FALSE,FALSE,FALSE,fewer than 100 total cases and cumulative incidence below 5/100k,NA,NA
primary,PR,PR_wave_17,2023-01-22,2023-03-26,2023-11-05,FALSE,1.0890037674425648,1.2137854491286921,128,2022-11-27,0,0,4,42,9,1587,13.501945147901175,40,105,282,4,6,8,TRUE,TRUE,TRUE,FALSE,FALSE,2,FALSE,FALSE,TRUE,FALSE,NA,TRUE,TRUE,TRUE,TRUE,TRUE,TRUE,TRUE,TRUE,NA,1,FALSE
primary,PR,PR_wave_18,2023-12-24,2024-05-05,2024-09-22,FALSE,0.14376728643052467,0.1353103872287291,17,2023-11-05,0.0028359473110483456,0.020958829319248428,25,40,19,239,2.0216064510799368,20,32,39,3,5,7,TRUE,TRUE,FALSE,FALSE,FALSE,4,FALSE,FALSE,TRUE,FALSE,NA,TRUE,TRUE,TRUE,TRUE,TRUE,FALSE,FALSE,FALSE,cumulative incidence below 5/100k,NA,NA
primary,PR,PR_wave_19,2024-12-01,2025-03-23,2025-12-28,FALSE,4.280698071684284,4.476931775035888,509,2024-09-22,0.0028189664005985227,0.020833333333333332,18,57,16,6230,52.40335351355748,126,262,426,4,6,8,TRUE,TRUE,TRUE,FALSE,FALSE,3,FALSE,FALSE,TRUE,FALSE,NA,TRUE,TRUE,TRUE,TRUE,TRUE,TRUE,TRUE,TRUE,NA,2,TRUE
primary,RJ,RJ_wave_01,2015-02-08,2015-02-15,2015-03-01,FALSE,0.011784214996874827,0.003928071665624942,2,2015-02-01,0,NA,NA,4,1,2,0.011784214996874827,2,2,2,1,1,1,FALSE,FALSE,FALSE,TRUE,TRUE,1,FALSE,FALSE,FALSE,FALSE,too few nonzero raw incidence weeks; fewer than 30 raw cases; too few nonzero renewal infectiousness contributions; one week contains >=80% of early-window cases (backlog screen),TRUE,FALSE,FALSE,FALSE,FALSE,FALSE,FALSE,FALSE,fewer than 100 total cases and cumulative incidence below 5/100k,NA,NA
primary,RJ,RJ_wave_02,2015-04-05,2015-04-12,2015-05-03,FALSE,0.0058921074984374135,0.003928071665624942,1,2015-03-01,0,0,5,5,1,2,0.011784214996874827,2,2,2,2,2,2,FALSE,FALSE,FALSE,TRUE,FALSE,1,FALSE,FALSE,FALSE,FALSE,too few nonzero raw incidence weeks; fewer than 30 raw cases,TRUE,FALSE,FALSE,FALSE,FALSE,FALSE,FALSE,FALSE,fewer than 100 total cases and cumulative incidence below 5/100k,NA,NA
primary,RJ,RJ_wave_03,2015-07-05,2015-07-12,2015-08-02,FALSE,0.0058921074984374135,0.003928071665624942,1,2015-05-03,0,0,9,5,1,2,0.011784214996874827,2,2,2,2,2,2,FALSE,FALSE,FALSE,TRUE,FALSE,1,FALSE,FALSE,FALSE,FALSE,too few nonzero raw incidence weeks; fewer than 30 raw cases,TRUE,FALSE,FALSE,FALSE,FALSE,FALSE,FALSE,FALSE,fewer than 100 total cases and cumulative incidence below 5/100k,NA,NA
primary,RJ,RJ_wave_04,2015-12-06,2016-04-17,2016-09-11,FALSE,0.6160624375173341,0.6121509299775415,105,2015-08-02,0,0,14,41,19,1314,7.710227361838671,26,38,65,4,6,8,TRUE,TRUE,TRUE,FALSE,FALSE,4,FALSE,FALSE,TRUE,FALSE,NA,TRUE,TRUE,TRUE,TRUE,TRUE,TRUE,FALSE,TRUE,NA,1,FALSE
primary,RJ,RJ_wave_05,2016-12-04,2017-01-29,2017-10-29,FALSE,0.8069987610814673,0.8908174729812331,138,2016-09-11,0.03129206031834078,0.05111821086261981,28,48,8,3725,21.78432427251531,62,313,630,4,6,8,TRUE,TRUE,TRUE,FALSE,FALSE,3,FALSE,FALSE,TRUE,FALSE,NA,TRUE,TRUE,TRUE,TRUE,TRUE,TRUE,TRUE,TRUE,NA,2,TRUE
primary,RJ,RJ_wave_06,2017-12-31,2018-05-06,2018-09-09,FALSE,8.058805723478118,8.46310663772883,1382,2017-10-29,0.13449979351357788,0.15098468271334795,16,37,18,27994,163.2423681082728,714,1238,1981,4,6,8,TRUE,TRUE,TRUE,FALSE,FALSE,2,FALSE,FALSE,TRUE,FALSE,NA,TRUE,TRUE,TRUE,TRUE,TRUE,TRUE,TRUE,TRUE,NA,3,TRUE
primary,RJ,RJ_wave_07,2018-12-30,2019-05-05,2020-12-20,FALSE,33.21523150132323,31.49369262470063,5711,2018-09-09,1.3159217257102473,0.1554892053284336,20,104,18,81292,472.7812533123628,3436,4924,6488,4,6,8,TRUE,TRUE,TRUE,FALSE,FALSE,9,FALSE,FALSE,TRUE,FALSE,NA,TRUE,TRUE,TRUE,TRUE,TRUE,TRUE,TRUE,TRUE,NA,4,TRUE
primary,RJ,RJ_wave_08,2020-12-27,2021-05-09,2021-08-29,FALSE,0.10452685483629788,0.1316264097938566,18,2020-12-20,0.013548321977420173,0.1029301186489743,4,36,19,386,2.2415190839169052,26,31,42,4,6,8,TRUE,TRUE,TRUE,FALSE,FALSE,5,FALSE,FALSE,TRUE,FALSE,NA,TRUE,TRUE,TRUE,TRUE,TRUE,FALSE,FALSE,FALSE,cumulative incidence below 5/100k,NA,NA
primary,RJ,RJ_wave_09,2021-09-05,2022-05-01,2022-10-23,FALSE,0.15686948923294305,0.13556622526303722,27,2021-08-29,0.02322818996362175,0.17647058823529413,7,60,34,521,3.0267713239274308,25,33,39,4,6,8,TRUE,TRUE,FALSE,FALSE,FALSE,6,FALSE,FALSE,TRUE,FALSE,NA,TRUE,TRUE,TRUE,TRUE,TRUE,FALSE,FALSE,FALSE,cumulative incidence below 5/100k,NA,NA
primary,RJ,RJ_wave_10,2023-01-29,2024-04-07,2024-10-20,FALSE,1.1440399092224658,1.0027287190816196,197,2022-10-23,0.027113245052607444,0.2,3,91,62,4476,25.995455300801087,51,88,134,4,6,8,TRUE,TRUE,TRUE,FALSE,FALSE,7,FALSE,TRUE,TRUE,FALSE,NA,TRUE,TRUE,TRUE,TRUE,TRUE,TRUE,TRUE,TRUE,NA,5,TRUE
primary,RJ,RJ_wave_11,2024-11-03,2025-02-09,2025-12-28,FALSE,0.5341524600014155,0.5786651650015334,92,2024-10-20,0.06000886156666064,0.1037022188237331,15,61,14,1836,10.660200784978487,137,220,245,4,6,8,TRUE,TRUE,TRUE,FALSE,FALSE,5,FALSE,FALSE,TRUE,FALSE,NA,TRUE,TRUE,TRUE,TRUE,TRUE,TRUE,TRUE,TRUE,NA,6,TRUE
primary,RN,RN_wave_01,2015-01-25,2015-02-08,2015-03-08,FALSE,0,0.010034079748457662,0,2015-01-18,0,NA,NA,7,2,2,0.06020447849074597,1,2,2,1,2,2,FALSE,FALSE,FALSE,TRUE,FALSE,1,FALSE,FALSE,FALSE,FALSE,too few nonzero raw incidence weeks; fewer than 30 raw cases; too few nonzero renewal infectiousness contributions,TRUE,FALSE,FALSE,FALSE,FALSE,FALSE,FALSE,FALSE,fewer than 100 total cases and cumulative incidence below 5/100k,NA,NA
primary,RN,RN_wave_02,2015-06-21,2015-07-05,2015-07-26,FALSE,0,0.020068159496915323,0,2015-03-08,0,0,15,6,2,2,0.06020447849074597,2,2,2,2,2,2,FALSE,FALSE,FALSE,TRUE,FALSE,1,FALSE,FALSE,FALSE,FALSE,too few nonzero raw incidence weeks; fewer than 30 raw cases,TRUE,FALSE,FALSE,FALSE,FALSE,FALSE,FALSE,FALSE,fewer than 100 total cases and cumulative incidence below 5/100k,NA,NA
primary,RN,RN_wave_03,2016-01-24,2016-05-08,2016-12-18,FALSE,5.355620693998683,6.163451748400719,179,2015-07-26,0,0,12,48,15,3561,106.54394017502408,182,352,614,4,6,8,TRUE,TRUE,TRUE,FALSE,FALSE,5,FALSE,FALSE,TRUE,FALSE,NA,TRUE,TRUE,TRUE,TRUE,TRUE,TRUE,TRUE,TRUE,NA,1,FALSE
primary,RN,RN_wave_04,2016-12-25,2017-06-18,2018-01-21,FALSE,1.309829046471246,1.091524205392705,44,2016-12-18,0.05983933736311378,0.05482181436515646,18,57,25,917,27.296892757553003,31,42,61,4,6,8,TRUE,TRUE,TRUE,FALSE,FALSE,5,FALSE,FALSE,TRUE,FALSE,NA,TRUE,TRUE,TRUE,TRUE,TRUE,TRUE,TRUE,TRUE,NA,2,TRUE
primary,RN,RN_wave_05,2018-02-18,2018-07-15,2018-10-28,FALSE,3.6438927320930077,3.0810149929892097,123,2018-01-21,0.05925028832671557,0.05428215703691032,13,37,21,1216,36.024175302643066,83,106,124,4,6,8,TRUE,TRUE,TRUE,FALSE,FALSE,5,FALSE,FALSE,TRUE,FALSE,NA,TRUE,TRUE,TRUE,TRUE,TRUE,TRUE,TRUE,TRUE,NA,3,TRUE
primary,RN,RN_wave_06,2019-03-03,2019-07-07,2019-12-08,FALSE,10.670804502018315,11.368435367251557,362,2018-10-28,0.10862552859897855,0.035256410256410256,28,41,18,6393,188.44876569448365,210,335,437,4,6,8,TRUE,TRUE,TRUE,FALSE,FALSE,3,FALSE,FALSE,TRUE,FALSE,NA,TRUE,TRUE,TRUE,TRUE,TRUE,TRUE,TRUE,TRUE,NA,4,TRUE
primary,RN,RN_wave_07,2020-01-19,2020-06-21,2020-12-13,FALSE,4.930130079134457,5.106206153389259,168,2019-12-08,0.41268304703938236,0.08081989536702563,20,48,22,3274,96.0788445183703,121,194,345,4,6,8,TRUE,TRUE,TRUE,FALSE,FALSE,3,FALSE,FALSE,TRUE,FALSE,NA,TRUE,TRUE,TRUE,TRUE,TRUE,TRUE,TRUE,TRUE,NA,5,TRUE
primary,RN,RN_wave_08,2021-02-21,2021-04-25,2021-10-17,FALSE,6.053725497765386,6.443659507283285,207,2020-12-13,0.15651206600426848,0.030651340996168584,28,35,9,2880,84.22574605586624,179,356,553,4,6,8,TRUE,TRUE,TRUE,FALSE,FALSE,4,FALSE,FALSE,TRUE,FALSE,NA,TRUE,TRUE,TRUE,TRUE,TRUE,TRUE,TRUE,TRUE,NA,6,TRUE
primary,RN,RN_wave_09,2021-11-28,2022-04-24,2022-12-18,FALSE,7.205462148715489,6.3789246552730905,247,2021-10-17,0.7116295673701661,0.1115594878177316,32,56,21,5010,146.16510008676792,172,228,311,4,6,8,TRUE,TRUE,TRUE,FALSE,FALSE,4,FALSE,FALSE,TRUE,FALSE,NA,TRUE,TRUE,TRUE,TRUE,TRUE,TRUE,TRUE,TRUE,NA,7,TRUE
primary,RN,RN_wave_10,2022-12-25,2023-04-16,2023-09-03,FALSE,1.280455190179607,1.2222526815350794,44,2022-12-18,0.10696367562195731,0.0875135536521115,8,37,16,556,16.180368060389668,40,46,51,4,6,7,TRUE,TRUE,TRUE,FALSE,FALSE,4,FALSE,FALSE,TRUE,FALSE,NA,TRUE,TRUE,TRUE,TRUE,TRUE,TRUE,TRUE,TRUE,NA,8,TRUE
primary,RN,RN_wave_11,2023-09-10,2024-03-10,2024-12-15,FALSE,2.1763916065571487,1.8571875042621002,75,2023-09-03,0.20370878025584657,0.16666666666666669,5,67,26,1250,36.283365489503865,46,63,77,4,6,8,TRUE,TRUE,TRUE,FALSE,FALSE,5,FALSE,FALSE,TRUE,FALSE,NA,TRUE,TRUE,TRUE,TRUE,TRUE,TRUE,TRUE,TRUE,NA,9,TRUE
primary,RN,RN_wave_12,2025-01-12,2025-08-03,2025-12-28,FALSE,1.852261321657913,1.9294388767269925,64,2024-12-15,0.04836425792349219,0.026041666666666668,34,51,29,1235,35.74285519136754,32,47,62,4,6,8,TRUE,TRUE,TRUE,FALSE,FALSE,5,FALSE,FALSE,TRUE,FALSE,NA,TRUE,TRUE,TRUE,TRUE,TRUE,TRUE,TRUE,TRUE,NA,10,TRUE
primary,RO,RO_wave_01,2015-11-22,2015-11-29,2015-12-13,FALSE,0.05999138523707996,0.019997128412359986,1,2015-11-15,0,NA,NA,4,1,1,0.05999138523707996,1,1,2,1,1,2,FALSE,FALSE,FALSE,TRUE,TRUE,1,FALSE,FALSE,FALSE,FALSE,too few nonzero raw incidence weeks; fewer than 30 raw cases; one week contains >=80% of early-window cases (backlog screen),TRUE,FALSE,FALSE,FALSE,FALSE,FALSE,FALSE,FALSE,fewer than 100 total cases and cumulative incidence below 5/100k,NA,NA
primary,RO,RO_wave_02,2016-01-03,2016-02-07,2016-04-03,FALSE,0.11904166696427083,0.19840277827378472,2,2015-12-13,0,0,3,14,5,16,0.9523333357141667,1,7,12,1,3,5,FALSE,FALSE,FALSE,FALSE,FALSE,1,FALSE,FALSE,FALSE,FALSE,too few nonzero raw incidence weeks; fewer than 30 raw cases,TRUE,FALSE,FALSE,FALSE,FALSE,FALSE,FALSE,FALSE,fewer than 100 total cases and cumulative incidence below 5/100k,NA,NA
primary,RO,RO_wave_03,2016-05-22,2016-07-03,2016-08-14,FALSE,0.11904166696427083,0.07936111130951388,2,2016-04-03,0.01984027782737847,0.25,7,13,6,11,0.6547291683034896,3,4,8,3,4,6,FALSE,FALSE,FALSE,FALSE,FALSE,1,FALSE,FALSE,FALSE,FALSE,fewer than 30 raw cases,TRUE,FALSE,FALSE,FALSE,FALSE,FALSE,FALSE,FALSE,fewer than 100 total cases and cumulative incidence below 5/100k,NA,NA
primary,RO,RO_wave_04,2016-09-04,2016-09-18,2016-11-06,FALSE,0.2976041674106771,0.15872222261902777,5,2016-08-14,0.01984027782737847,0.25,3,10,2,17,1.0118541691963021,8,12,16,3,5,7,FALSE,FALSE,FALSE,TRUE,FALSE,1,FALSE,FALSE,FALSE,FALSE,fewer than 30 raw cases,TRUE,FALSE,FALSE,FALSE,FALSE,FALSE,FALSE,FALSE,fewer than 100 total cases and cumulative incidence below 5/100k,NA,NA
primary,RO,RO_wave_05,2016-11-27,2017-02-12,2017-04-09,FALSE,0.6502842333267123,0.47293398787397256,11,2016-11-06,0.01984027782737847,0.125,4,20,11,84,4.971868147645044,10,18,30,3,5,7,FALSE,FALSE,FALSE,FALSE,FALSE,2,FALSE,FALSE,TRUE,FALSE,fewer than 30 raw cases,TRUE,TRUE,FALSE,FALSE,TRUE,FALSE,FALSE,FALSE,fewer than 100 total cases and cumulative incidence below 5/100k,NA,NA
primary,RO,RO_wave_06,2017-04-30,2017-07-09,2017-11-05,FALSE,0.2955837424212328,0.1576446626246575,5,2017-04-09,0.01970558282808219,0.125,5,28,10,39,2.305553190885616,5,8,11,3,4,5,FALSE,FALSE,FALSE,FALSE,FALSE,3,FALSE,FALSE,TRUE,FALSE,fewer than 30 raw cases,TRUE,FALSE,FALSE,FALSE,TRUE,FALSE,FALSE,FALSE,fewer than 100 total cases and cumulative incidence below 5/100k,NA,NA
primary,RO,RO_wave_07,2017-11-12,2017-12-03,2018-09-30,FALSE,0.23646699393698628,0.1576446626246575,4,2017-11-05,0,0,3,47,3,68,3.9998565453837354,7,9,12,3,4,6,FALSE,FALSE,FALSE,TRUE,FALSE,8,FALSE,FALSE,TRUE,FALSE,fewer than 30 raw cases,TRUE,TRUE,FALSE,FALSE,TRUE,FALSE,FALSE,FALSE,fewer than 100 total cases and cumulative incidence below 5/100k,NA,NA
primary,RO,RO_wave_08,2018-10-21,2018-10-28,2018-11-11,FALSE,0.05875813506379958,0.019586045021266527,1,2018-09-30,0,0,3,4,1,1,0.05875813506379958,1,1,1,1,1,1,FALSE,FALSE,FALSE,TRUE,TRUE,1,FALSE,FALSE,FALSE,FALSE,too few nonzero raw incidence weeks; fewer than 30 raw cases; one week contains >=80% of early-window cases (backlog screen),TRUE,FALSE,FALSE,FALSE,FALSE,FALSE,FALSE,FALSE,fewer than 100 total cases and cumulative incidence below 5/100k,NA,NA
primary,RO,RO_wave_09,2019-01-27,2019-03-17,2019-05-26,FALSE,0.4671369178306161,0.4476728795876738,8,2018-11-11,0,0,7,18,7,61,3.561918998458448,13,18,35,4,6,8,FALSE,FALSE,FALSE,FALSE,FALSE,1,FALSE,FALSE,FALSE,FALSE,fewer than 30 raw cases,TRUE,TRUE,FALSE,FALSE,TRUE,FALSE,FALSE,FALSE,fewer than 100 total cases and cumulative incidence below 5/100k,NA,NA
primary,RO,RO_wave_10,2019-07-07,2019-07-21,2019-08-18,FALSE,0.058392114728827015,0.03892807648588468,1,2019-05-26,0,0,6,7,2,3,0.17517634418648104,2,3,3,2,3,3,FALSE,FALSE,FALSE,TRUE,FALSE,1,FALSE,FALSE,FALSE,FALSE,too few nonzero raw incidence weeks; fewer than 30 raw cases,TRUE,FALSE,FALSE,FALSE,FALSE,FALSE,FALSE,FALSE,fewer than 100 total cases and cumulative incidence below 5/100k,NA,NA
primary,RO,RO_wave_11,2019-10-13,2020-02-02,2020-06-28,FALSE,0.17413987959968724,0.3482797591993745,3,2019-08-18,0,0,8,38,16,53,3.078889623630327,2,2,5,1,1,3,FALSE,FALSE,FALSE,FALSE,TRUE,5,FALSE,FALSE,TRUE,FALSE,too few nonzero raw incidence weeks; fewer than 30 raw cases; one week contains >=80% of early-window cases (backlog screen),TRUE,TRUE,FALSE,FALSE,TRUE,FALSE,FALSE,FALSE,fewer than 100 total cases and cumulative incidence below 5/100k,NA,NA
primary,RO,RO_wave_12,2020-07-19,2020-08-02,2020-10-11,FALSE,0.05804662653322908,0.05804662653322908,1,2020-06-28,0,0,3,13,2,6,0.3482797591993745,3,3,3,3,3,3,FALSE,FALSE,FALSE,TRUE,FALSE,2,FALSE,FALSE,TRUE,FALSE,too few nonzero raw incidence weeks; fewer than 30 raw cases,TRUE,FALSE,FALSE,FALSE,FALSE,FALSE,FALSE,FALSE,fewer than 100 total cases and cumulative incidence below 5/100k,NA,NA
primary,RO,RO_wave_13,2020-11-15,2020-11-29,2020-12-20,FALSE,0,0.07739550204430544,0,2020-10-11,0,0,5,6,2,4,0.23218650613291633,4,4,5,2,2,3,FALSE,FALSE,FALSE,TRUE,FALSE,1,FALSE,FALSE,FALSE,FALSE,too few nonzero raw incidence weeks; fewer than 30 raw cases,TRUE,FALSE,FALSE,FALSE,FALSE,FALSE,FALSE,FALSE,fewer than 100 total cases and cumulative incidence below 5/100k,NA,NA
primary,RO,RO_wave_14,2020-12-27,2021-06-06,2021-10-31,FALSE,0.1734483025770949,0.25053643705580375,3,2020-12-20,0,0,4,45,23,69,3.9893109592731824,4,8,11,3,5,6,FALSE,FALSE,FALSE,FALSE,FALSE,6,FALSE,FALSE,TRUE,FALSE,fewer than 30 raw cases,TRUE,TRUE,FALSE,FALSE,TRUE,FALSE,FALSE,FALSE,fewer than 100 total cases and cumulative incidence below 5/100k,NA,NA
primary,RO,RO_wave_15,2021-11-07,2022-04-24,2022-05-29,FALSE,0.23059433383602898,0.230594333836029,4,2021-10-31,0,0,26,30,24,37,2.133332622783317,2,2,2,1,1,1,FALSE,FALSE,FALSE,FALSE,TRUE,2,FALSE,FALSE,TRUE,FALSE,too few nonzero raw incidence weeks; fewer than 30 raw cases; one week contains >=80% of early-window cases (backlog screen),TRUE,FALSE,FALSE,FALSE,TRUE,FALSE,FALSE,FALSE,fewer than 100 total cases and cumulative incidence below 5/100k,NA,NA
primary,RO,RO_wave_16,2022-06-05,2022-07-24,2022-09-04,FALSE,0.17294575037702176,0.13451336140435025,3,2022-05-29,0.01921619448633575,0.14285714285714285,3,14,7,20,1.1529716691801448,7,9,14,3,5,7,FALSE,FALSE,FALSE,FALSE,FALSE,2,FALSE,FALSE,TRUE,FALSE,fewer than 30 raw cases,TRUE,FALSE,FALSE,FALSE,FALSE,FALSE,FALSE,FALSE,fewer than 100 total cases and cumulative incidence below 5/100k,NA,NA
primary,RO,RO_wave_17,2022-09-18,2023-02-12,2023-04-16,FALSE,0.2298513723563501,0.13407996720787088,4,2022-09-04,0.01921619448633575,0.1433189080106495,5,31,21,31,1.7830197990909906,5,6,6,2,3,3,FALSE,FALSE,FALSE,FALSE,FALSE,3,FALSE,FALSE,TRUE,FALSE,too few nonzero raw incidence weeks; fewer than 30 raw cases,TRUE,FALSE,FALSE,FALSE,FALSE,FALSE,FALSE,FALSE,fewer than 100 total cases and cumulative incidence below 5/100k,NA,NA
primary,RO,RO_wave_18,2023-10-22,2023-10-29,2023-11-12,FALSE,0.05746284308908752,0.01915428102969584,1,2023-04-16,0,0,27,4,1,1,0.05746284308908752,1,1,1,1,1,1,FALSE,FALSE,FALSE,TRUE,TRUE,1,FALSE,FALSE,FALSE,FALSE,too few nonzero raw incidence weeks; fewer than 30 raw cases; one week contains >=80% of early-window cases (backlog screen),TRUE,FALSE,FALSE,FALSE,FALSE,FALSE,FALSE,FALSE,fewer than 100 total cases and cumulative incidence below 5/100k,NA,NA
primary,RO,RO_wave_19,2023-12-31,2024-03-03,2024-06-02,FALSE,1.030793820047451,0.8399060755942193,18,2023-11-12,0,0,4,23,9,146,8.361079726804665,11,26,52,4,6,8,FALSE,FALSE,TRUE,FALSE,FALSE,1,FALSE,FALSE,FALSE,FALSE,fewer than 30 raw cases,TRUE,TRUE,TRUE,FALSE,TRUE,TRUE,FALSE,TRUE,NA,1,FALSE
primary,RO,RO_wave_20,2024-06-09,2024-07-28,2024-09-15,FALSE,0.17179897000790847,0.13362142111726216,3,2024-06-02,0,0,3,15,7,21,1.2025927900553595,4,6,12,3,4,6,FALSE,FALSE,FALSE,FALSE,FALSE,2,FALSE,FALSE,TRUE,FALSE,fewer than 30 raw cases,TRUE,FALSE,FALSE,FALSE,FALSE,FALSE,FALSE,FALSE,fewer than 100 total cases and cumulative incidence below 5/100k,NA,NA
primary,RO,RO_wave_21,2024-09-22,2024-10-27,2024-12-15,FALSE,0.057266323335969496,0.09544387222661582,1,2024-09-15,0,0,3,13,5,9,0.5153969100237255,2,5,8,2,4,6,FALSE,FALSE,FALSE,FALSE,FALSE,1,FALSE,FALSE,FALSE,FALSE,fewer than 30 raw cases,TRUE,FALSE,FALSE,FALSE,FALSE,FALSE,FALSE,FALSE,fewer than 100 total cases and cumulative incidence below 5/100k,NA,NA
primary,RO,RO_wave_22,2025-01-12,2025-05-04,2025-12-28,FALSE,13.356545563514942,14.859632599864913,234,2024-12-15,0,0,6,51,16,4182,238.70544250692086,123,302,556,4,6,8,TRUE,TRUE,TRUE,FALSE,FALSE,3,FALSE,FALSE,TRUE,FALSE,NA,TRUE,TRUE,TRUE,TRUE,TRUE,TRUE,TRUE,TRUE,NA,2,TRUE
primary,RR,RR_wave_01,2015-11-08,2015-11-15,2015-11-29,FALSE,0.18713275197425053,0.062377583991416845,1,2015-11-01,0,NA,NA,4,1,1,0.18713275197425053,1,1,1,1,1,1,FALSE,FALSE,FALSE,TRUE,TRUE,1,FALSE,FALSE,FALSE,FALSE,too few nonzero raw incidence weeks; fewer than 30 raw cases; one week contains >=80% of early-window cases (backlog screen),TRUE,FALSE,FALSE,FALSE,FALSE,FALSE,FALSE,FALSE,fewer than 100 total cases and cumulative incidence below 5/100k,NA,NA
primary,RR,RR_wave_02,2016-03-06,2016-03-13,2016-03-27,FALSE,0.36480839351151795,0.12160279783717265,2,2015-11-29,0,0,14,4,1,2,0.36480839351151795,2,2,3,1,1,2,FALSE,FALSE,FALSE,TRUE,TRUE,1,FALSE,FALSE,FALSE,FALSE,too few nonzero raw incidence weeks; fewer than 30 raw cases; one week contains >=80% of early-window cases (backlog screen),TRUE,FALSE,FALSE,FALSE,FALSE,FALSE,FALSE,FALSE,fewer than 100 total cases and cumulative incidence below 5/100k,NA,NA
primary,RR,RR_wave_03,2017-01-29,2017-07-23,2018-01-21,FALSE,64.18291776962587,53.367564222810465,362,2016-03-27,0,0,3,52,25,3910,693.2322577777197,109,191,263,4,6,8,TRUE,TRUE,TRUE,FALSE,FALSE,12,FALSE,FALSE,TRUE,FALSE,NA,TRUE,TRUE,TRUE,TRUE,TRUE,TRUE,TRUE,TRUE,NA,1,FALSE
primary,RR,RR_wave_04,2018-04-01,2018-10-07,2018-12-30,FALSE,0.510640905400368,0.340427270266912,3,2018-01-21,0.056737878377818664,0.16666666666666666,4,40,27,24,4.085127243202944,2,5,6,2,4,5,FALSE,FALSE,FALSE,FALSE,FALSE,2,FALSE,FALSE,TRUE,FALSE,fewer than 30 raw cases,TRUE,FALSE,FALSE,FALSE,TRUE,FALSE,FALSE,FALSE,fewer than 100 total cases and cumulative incidence below 5/100k,NA,NA
primary,RR,RR_wave_05,2019-03-03,2019-03-10,2019-03-24,FALSE,0.16177957532861476,0.05392652510953825,1,2018-12-30,0,0,9,4,1,1,0.16177957532861476,1,1,1,1,1,1,FALSE,FALSE,FALSE,TRUE,TRUE,1,FALSE,FALSE,FALSE,FALSE,too few nonzero raw incidence weeks; fewer than 30 raw cases; one week contains >=80% of early-window cases (backlog screen),TRUE,FALSE,FALSE,FALSE,FALSE,FALSE,FALSE,FALSE,fewer than 100 total cases and cumulative incidence below 5/100k,NA,NA
primary,RR,RR_wave_06,2019-05-05,2019-09-08,2019-12-08,FALSE,0.16177957532861476,0.215706100438153,1,2019-03-24,0,0,6,32,18,21,3.3973710819009098,2,4,4,2,3,3,FALSE,FALSE,FALSE,FALSE,FALSE,4,FALSE,FALSE,TRUE,FALSE,too few nonzero raw incidence weeks; fewer than 30 raw cases,TRUE,FALSE,FALSE,FALSE,TRUE,FALSE,FALSE,FALSE,fewer than 100 total cases and cumulative incidence below 5/100k,NA,NA
primary,RR,RR_wave_07,2020-01-05,2020-01-12,2020-01-26,FALSE,0.15601232497367293,0.052004108324557645,1,2019-12-08,0,0,4,4,1,1,0.15601232497367293,1,1,2,1,1,2,FALSE,FALSE,FALSE,TRUE,TRUE,1,FALSE,FALSE,FALSE,FALSE,too few nonzero raw incidence weeks; fewer than 30 raw cases; one week contains >=80% of early-window cases (backlog screen),TRUE,FALSE,FALSE,FALSE,FALSE,FALSE,FALSE,FALSE,fewer than 100 total cases and cumulative incidence below 5/100k,NA,NA
primary,RR,RR_wave_08,2020-02-16,2020-02-23,2020-03-15,FALSE,0.15601232497367293,0.10400821664911529,1,2020-01-26,0,0,3,5,1,2,0.31202464994734586,2,2,2,2,2,2,FALSE,FALSE,FALSE,TRUE,FALSE,1,FALSE,FALSE,FALSE,FALSE,too few nonzero raw incidence weeks; fewer than 30 raw cases,TRUE,FALSE,FALSE,FALSE,FALSE,FALSE,FALSE,FALSE,fewer than 100 total cases and cumulative incidence below 5/100k,NA,NA
primary,RR,RR_wave_09,2020-05-31,2020-06-07,2020-06-21,FALSE,0.15601232497367293,0.052004108324557645,1,2020-03-15,0,0,11,4,1,1,0.15601232497367293,1,1,1,1,1,1,FALSE,FALSE,FALSE,TRUE,TRUE,1,FALSE,FALSE,FALSE,FALSE,too few nonzero raw incidence weeks; fewer than 30 raw cases; one week contains >=80% of early-window cases (backlog screen),TRUE,FALSE,FALSE,FALSE,FALSE,FALSE,FALSE,FALSE,fewer than 100 total cases and cumulative incidence below 5/100k,NA,NA
primary,RR,RR_wave_10,2020-09-13,2020-10-04,2020-10-25,FALSE,0.15601232497367293,0.10400821664911529,1,2020-06-21,0,0,12,7,3,3,0.4680369749210188,2,3,3,2,3,3,FALSE,FALSE,FALSE,TRUE,FALSE,1,FALSE,FALSE,FALSE,FALSE,too few nonzero raw incidence weeks; fewer than 30 raw cases,TRUE,FALSE,FALSE,FALSE,FALSE,FALSE,FALSE,FALSE,fewer than 100 total cases and cumulative incidence below 5/100k,NA,NA
primary,RR,RR_wave_11,2021-01-10,2021-01-24,2021-02-14,FALSE,0,0.20357104324052527,0,2020-10-25,0,0,11,6,2,4,0.6107131297215759,4,4,4,2,2,2,FALSE,FALSE,FALSE,TRUE,FALSE,1,FALSE,FALSE,FALSE,FALSE,too few nonzero raw incidence weeks; fewer than 30 raw cases,TRUE,FALSE,FALSE,FALSE,FALSE,FALSE,FALSE,FALSE,fewer than 100 total cases and cumulative incidence below 5/100k,NA,NA
primary,RR,RR_wave_12,2021-02-28,2021-07-04,2021-11-14,FALSE,0.30535656486078794,0.5089276081013132,2,2021-02-14,0,0,4,38,18,46,7.023200991798123,2,3,8,2,3,5,FALSE,FALSE,FALSE,FALSE,FALSE,2,FALSE,FALSE,TRUE,FALSE,too few nonzero raw incidence weeks; fewer than 30 raw cases,TRUE,FALSE,FALSE,FALSE,TRUE,TRUE,FALSE,FALSE,fewer than 100 total cases,NA,NA
primary,RR,RR_wave_13,2021-12-26,2022-01-02,2022-01-16,FALSE,0.1484992664136239,0.04949975547120797,1,2021-11-14,0,0,6,4,1,1,0.1484992664136239,1,1,1,1,1,1,FALSE,FALSE,FALSE,TRUE,TRUE,1,FALSE,FALSE,FALSE,FALSE,too few nonzero raw incidence weeks; fewer than 30 raw cases; one week contains >=80% of early-window cases (backlog screen),TRUE,FALSE,FALSE,FALSE,FALSE,FALSE,FALSE,FALSE,fewer than 100 total cases and cumulative incidence below 5/100k,NA,NA
primary,RR,RR_wave_14,2022-03-13,2022-08-07,2022-10-23,FALSE,1.9304904633771107,2.5244875290316067,13,2022-01-16,0,0,6,33,21,92,13.6619325100534,4,4,6,3,3,4,FALSE,FALSE,FALSE,FALSE,FALSE,2,FALSE,FALSE,TRUE,FALSE,too few nonzero raw incidence weeks; fewer than 30 raw cases,TRUE,TRUE,FALSE,FALSE,TRUE,TRUE,TRUE,FALSE,fewer than 100 total cases,NA,NA
primary,RR,RR_wave_15,2022-11-27,2022-12-04,2022-12-18,FALSE,0.1484992664136239,0.04949975547120797,1,2022-10-23,0,0,5,4,1,1,0.1484992664136239,1,1,1,1,1,1,FALSE,FALSE,FALSE,TRUE,TRUE,1,FALSE,FALSE,FALSE,FALSE,too few nonzero raw incidence weeks; fewer than 30 raw cases; one week contains >=80% of early-window cases (backlog screen),TRUE,FALSE,FALSE,FALSE,FALSE,FALSE,FALSE,FALSE,fewer than 100 total cases and cumulative incidence below 5/100k,NA,NA
primary,RR,RR_wave_16,2023-01-22,2023-02-19,2023-09-03,FALSE,0.1438290160657011,0.38354404284186955,1,2022-12-18,0,0,5,33,4,25,3.595725401642527,5,9,10,2,4,5,FALSE,FALSE,FALSE,FALSE,FALSE,4,FALSE,FALSE,TRUE,FALSE,fewer than 30 raw cases,TRUE,FALSE,FALSE,FALSE,TRUE,FALSE,FALSE,FALSE,fewer than 100 total cases and cumulative incidence below 5/100k,NA,NA
primary,RR,RR_wave_17,2024-01-21,2024-02-04,2024-05-19,FALSE,0,0.04650343032553796,0,2023-09-03,0,0,20,18,2,5,0.6975514548830695,1,2,2,1,2,2,FALSE,FALSE,FALSE,TRUE,FALSE,3,FALSE,FALSE,TRUE,FALSE,too few nonzero raw incidence weeks; fewer than 30 raw cases,TRUE,FALSE,FALSE,FALSE,FALSE,FALSE,FALSE,FALSE,fewer than 100 total cases and cumulative incidence below 5/100k,NA,NA
primary,RR,RR_wave_18,2024-06-09,2025-02-02,2025-02-23,FALSE,0.40607927750374945,0.1804796788905553,3,2024-05-19,0,0,3,38,34,20,2.7694531604887906,1,2,2,1,2,2,FALSE,FALSE,FALSE,FALSE,FALSE,6,FALSE,FALSE,TRUE,FALSE,too few nonzero raw incidence weeks; fewer than 30 raw cases,TRUE,FALSE,FALSE,FALSE,TRUE,FALSE,FALSE,FALSE,fewer than 100 total cases and cumulative incidence below 5/100k,NA,NA
primary,RR,RR_wave_19,2025-03-09,2025-06-01,2025-06-29,FALSE,0.13535975916791648,0.22559959861319415,1,2025-02-23,0,0,4,17,12,9,1.2182378325112484,2,2,2,2,2,2,FALSE,FALSE,FALSE,FALSE,FALSE,2,FALSE,FALSE,TRUE,FALSE,too few nonzero raw incidence weeks; fewer than 30 raw cases,TRUE,FALSE,FALSE,FALSE,FALSE,FALSE,FALSE,FALSE,fewer than 100 total cases and cumulative incidence below 5/100k,NA,NA
primary,RR,RR_wave_20,2025-07-13,2025-08-24,2025-10-05,FALSE,0.27071951833583296,0.1804796788905553,2,2025-06-29,0,0,4,13,6,9,1.2182378325112484,3,4,7,2,3,5,FALSE,FALSE,FALSE,FALSE,FALSE,1,FALSE,FALSE,FALSE,FALSE,too few nonzero raw incidence weeks; fewer than 30 raw cases,TRUE,FALSE,FALSE,FALSE,FALSE,FALSE,FALSE,FALSE,fewer than 100 total cases and cumulative incidence below 5/100k,NA,NA
primary,RR,RR_wave_21,2025-10-26,2025-11-30,NA,TRUE,0.5414390366716659,0.3158394380584718,4,2025-10-05,0,0,4,10,5,13,1.7596768691829143,4,9,11,3,5,6,FALSE,FALSE,FALSE,FALSE,FALSE,1,FALSE,FALSE,FALSE,TRUE,fewer than 30 raw cases,TRUE,FALSE,FALSE,FALSE,FALSE,FALSE,FALSE,FALSE,fewer than 100 total cases and cumulative incidence below 5/100k,NA,NA
primary,RS,RS_wave_01,2016-01-10,2016-04-24,2016-06-26,FALSE,0.03600432627984578,0.024002884186563857,4,2016-01-03,0,NA,NA,25,15,27,0.24302920238895903,4,7,7,2,3,3,FALSE,FALSE,FALSE,FALSE,FALSE,7,FALSE,FALSE,TRUE,FALSE,too few nonzero raw incidence weeks; fewer than 30 raw cases,TRUE,FALSE,FALSE,FALSE,FALSE,FALSE,FALSE,FALSE,fewer than 100 total cases and cumulative incidence below 5/100k,NA,NA
primary,RS,RS_wave_02,2016-07-10,2017-04-16,2017-06-18,FALSE,0.026927385995281963,0.023935454218028413,3,2016-06-26,0.0030003605233204817,0.12535214481372078,3,50,40,30,0.2696278672876307,6,6,7,4,4,5,FALSE,FALSE,FALSE,FALSE,FALSE,3,FALSE,FALSE,TRUE,FALSE,fewer than 30 raw cases,TRUE,FALSE,FALSE,FALSE,FALSE,FALSE,FALSE,FALSE,fewer than 100 total cases and cumulative incidence below 5/100k,NA,NA
primary,RS,RS_wave_03,2017-07-16,2017-07-30,2017-08-20,FALSE,0,0.005983863554507103,0,2017-06-18,0,0,4,6,2,2,0.01795159066352131,2,2,2,2,2,2,FALSE,FALSE,FALSE,TRUE,FALSE,1,FALSE,FALSE,FALSE,FALSE,too few nonzero raw incidence weeks; fewer than 30 raw cases,TRUE,FALSE,FALSE,FALSE,FALSE,FALSE,FALSE,FALSE,fewer than 100 total cases and cumulative incidence below 5/100k,NA,NA
primary,RS,RS_wave_04,2018-01-07,2018-01-14,2018-01-28,FALSE,0.008954530773185228,0.0029848435910617426,1,2017-08-20,0,0,20,4,1,1,0.008954530773185228,1,1,2,1,1,2,FALSE,FALSE,FALSE,TRUE,TRUE,1,FALSE,FALSE,FALSE,FALSE,too few nonzero raw incidence weeks; fewer than 30 raw cases; one week contains >=80% of early-window cases (backlog screen),TRUE,FALSE,FALSE,FALSE,FALSE,FALSE,FALSE,FALSE,fewer than 100 total cases and cumulative incidence below 5/100k,NA,NA
primary,RS,RS_wave_05,2018-02-18,2018-04-29,2018-06-03,FALSE,0.05372718463911136,0.02686359231955568,6,2018-01-28,0,0,3,16,10,16,0.14327249237096362,2,2,6,2,2,4,FALSE,FALSE,FALSE,FALSE,FALSE,2,FALSE,FALSE,TRUE,FALSE,too few nonzero raw incidence weeks; fewer than 30 raw cases,TRUE,FALSE,FALSE,FALSE,FALSE,FALSE,FALSE,FALSE,fewer than 100 total cases and cumulative incidence below 5/100k,NA,NA
primary,RS,RS_wave_06,2018-07-22,2018-07-29,2018-08-12,FALSE,0.017909061546370456,0.005969687182123485,2,2018-06-03,0,0,7,4,1,2,0.017909061546370456,2,2,2,1,1,1,FALSE,FALSE,FALSE,TRUE,TRUE,1,FALSE,FALSE,FALSE,FALSE,too few nonzero raw incidence weeks; fewer than 30 raw cases; one week contains >=80% of early-window cases (backlog screen),TRUE,FALSE,FALSE,FALSE,FALSE,FALSE,FALSE,FALSE,fewer than 100 total cases and cumulative incidence below 5/100k,NA,NA
primary,RS,RS_wave_07,2019-01-20,2019-01-27,2019-02-10,FALSE,0.008933081039303233,0.0029776936797677443,1,2018-08-12,0,0,23,4,1,1,0.008933081039303233,1,1,1,1,1,1,FALSE,FALSE,FALSE,TRUE,TRUE,1,FALSE,FALSE,FALSE,FALSE,too few nonzero raw incidence weeks; fewer than 30 raw cases; one week contains >=80% of early-window cases (backlog screen),TRUE,FALSE,FALSE,FALSE,FALSE,FALSE,FALSE,FALSE,fewer than 100 total cases and cumulative incidence below 5/100k,NA,NA
primary,RS,RS_wave_08,2019-03-10,2019-05-05,2019-06-30,FALSE,0.008933081039303233,0.014888468398838723,1,2019-02-10,0,0,4,17,8,13,0.11613005351094204,3,4,6,2,3,4,FALSE,FALSE,FALSE,FALSE,FALSE,3,FALSE,FALSE,TRUE,FALSE,too few nonzero raw incidence weeks; fewer than 30 raw cases,TRUE,FALSE,FALSE,FALSE,FALSE,FALSE,FALSE,FALSE,fewer than 100 total cases and cumulative incidence below 5/100k,NA,NA
primary,RS,RS_wave_09,2019-07-21,2019-07-28,2019-08-11,FALSE,0.008933081039303233,0.0029776936797677443,1,2019-06-30,0,0,3,4,1,1,0.008933081039303233,1,1,1,1,1,1,FALSE,FALSE,FALSE,TRUE,TRUE,1,FALSE,FALSE,FALSE,FALSE,too few nonzero raw incidence weeks; fewer than 30 raw cases; one week contains >=80% of early-window cases (backlog screen),TRUE,FALSE,FALSE,FALSE,FALSE,FALSE,FALSE,FALSE,fewer than 100 total cases and cumulative incidence below 5/100k,NA,NA
primary,RS,RS_wave_10,2019-12-22,2020-02-16,2020-03-29,FALSE,0,0.011883238389229413,0,2019-08-11,0,0,19,15,8,8,0.07132008258275765,2,2,4,2,2,4,FALSE,FALSE,FALSE,FALSE,FALSE,2,FALSE,FALSE,TRUE,FALSE,too few nonzero raw incidence weeks; fewer than 30 raw cases,TRUE,FALSE,FALSE,FALSE,FALSE,FALSE,FALSE,FALSE,fewer than 100 total cases and cumulative incidence below 5/100k,NA,NA
primary,RS,RS_wave_11,2020-04-26,2020-05-03,2020-05-17,FALSE,0.00891242879192206,0.002970809597307353,1,2020-03-29,0,0,4,4,1,1,0.00891242879192206,1,1,1,1,1,1,FALSE,FALSE,FALSE,TRUE,TRUE,1,FALSE,FALSE,FALSE,FALSE,too few nonzero raw incidence weeks; fewer than 30 raw cases; one week contains >=80% of early-window cases (backlog screen),TRUE,FALSE,FALSE,FALSE,FALSE,FALSE,FALSE,FALSE,fewer than 100 total cases and cumulative incidence below 5/100k,NA,NA
primary,RS,RS_wave_12,2020-06-21,2020-07-05,2020-07-26,FALSE,0,0.00891242879192206,0,2020-05-17,0,0,5,6,2,3,0.026737286375766178,3,3,3,2,2,2,FALSE,FALSE,FALSE,TRUE,FALSE,1,FALSE,FALSE,FALSE,FALSE,too few nonzero raw incidence weeks; fewer than 30 raw cases,TRUE,FALSE,FALSE,FALSE,FALSE,FALSE,FALSE,FALSE,fewer than 100 total cases and cumulative incidence below 5/100k,NA,NA
primary,RS,RS_wave_13,2021-02-21,2021-03-21,2021-08-29,FALSE,0.28500713720216864,0.29985125893144826,32,2020-07-26,0,0,27,28,4,261,2.324589462805188,69,129,185,4,6,8,TRUE,TRUE,TRUE,FALSE,FALSE,2,FALSE,FALSE,TRUE,FALSE,NA,TRUE,TRUE,TRUE,TRUE,TRUE,FALSE,FALSE,FALSE,cumulative incidence below 5/100k,NA,NA
primary,RS,RS_wave_14,2021-10-31,2021-11-07,2021-11-21,FALSE,0.00890647303756777,0.0029688243458559234,1,2021-08-29,0,0,9,4,1,1,0.00890647303756777,1,1,1,1,1,1,FALSE,FALSE,FALSE,TRUE,TRUE,1,FALSE,FALSE,FALSE,FALSE,too few nonzero raw incidence weeks; fewer than 30 raw cases; one week contains >=80% of early-window cases (backlog screen),TRUE,FALSE,FALSE,FALSE,FALSE,FALSE,FALSE,FALSE,fewer than 100 total cases and cumulative incidence below 5/100k,NA,NA
primary,RS,RS_wave_15,2021-12-26,2022-04-10,2022-05-22,FALSE,0.026736762138891063,0.04159051888271943,3,2021-11-21,0,0,5,22,15,53,0.4723494644537421,5,9,14,3,5,7,FALSE,FALSE,FALSE,FALSE,FALSE,5,FALSE,FALSE,TRUE,FALSE,fewer than 30 raw cases,TRUE,TRUE,FALSE,FALSE,FALSE,FALSE,FALSE,FALSE,fewer than 100 total cases and cumulative incidence below 5/100k,NA,NA
primary,RS,RS_wave_16,2022-06-19,2023-03-26,2023-07-16,FALSE,0.05346501409872422,0.029702785610402346,6,2022-05-22,0.0059415026975313465,0.20003183457145332,4,57,40,54,0.48120072888345744,6,6,8,3,3,4,FALSE,FALSE,FALSE,FALSE,FALSE,7,FALSE,FALSE,TRUE,FALSE,too few nonzero raw incidence weeks; fewer than 30 raw cases,TRUE,TRUE,FALSE,FALSE,FALSE,FALSE,FALSE,FALSE,fewer than 100 total cases and cumulative incidence below 5/100k,NA,NA
primary,RS,RS_wave_17,2023-07-23,2024-02-04,2024-04-07,FALSE,0.00890478690177085,0.011873049202361133,1,2023-07-16,0,0,4,38,28,15,0.13362019377736156,2,2,2,2,2,2,FALSE,FALSE,FALSE,FALSE,FALSE,4,FALSE,FALSE,TRUE,FALSE,too few nonzero raw incidence weeks; fewer than 30 raw cases,TRUE,FALSE,FALSE,FALSE,FALSE,FALSE,FALSE,FALSE,fewer than 100 total cases and cumulative incidence below 5/100k,NA,NA
primary,RS,RS_wave_18,2024-05-05,2024-05-12,2024-06-23,FALSE,0.00890478690177085,0.0029682623005902833,1,2024-04-07,0,0,4,8,1,2,0.0178095738035417,1,2,2,1,2,2,FALSE,FALSE,FALSE,TRUE,FALSE,2,FALSE,FALSE,TRUE,FALSE,too few nonzero raw incidence weeks; fewer than 30 raw cases,TRUE,FALSE,FALSE,FALSE,FALSE,FALSE,FALSE,FALSE,fewer than 100 total cases and cumulative incidence below 5/100k,NA,NA
primary,RS,RS_wave_19,2024-07-14,2024-07-21,2024-08-04,FALSE,0.00890478690177085,0.0029682623005902833,1,2024-06-23,0,0,3,4,1,1,0.00890478690177085,1,1,1,1,1,1,FALSE,FALSE,FALSE,TRUE,TRUE,1,FALSE,FALSE,FALSE,FALSE,too few nonzero raw incidence weeks; fewer than 30 raw cases; one week contains >=80% of early-window cases (backlog screen),TRUE,FALSE,FALSE,FALSE,FALSE,FALSE,FALSE,FALSE,fewer than 100 total cases and cumulative incidence below 5/100k,NA,NA
primary,RS,RS_wave_20,2025-01-26,2025-03-23,2025-12-28,FALSE,0.3204767839941075,0.4184002457700848,36,2024-08-04,0,0,21,49,8,385,3.4273211621592052,18,66,140,4,6,8,FALSE,TRUE,TRUE,FALSE,FALSE,5,FALSE,FALSE,TRUE,FALSE,NA,TRUE,TRUE,TRUE,TRUE,TRUE,FALSE,FALSE,FALSE,cumulative incidence below 5/100k,NA,NA
primary,SC,SC_wave_01,2016-01-03,2016-04-24,2016-07-03,FALSE,0.02852467662643784,0.02852467662643784,2,2015-12-27,0,NA,NA,27,16,27,0.38508313445691084,3,4,8,3,4,5,FALSE,FALSE,FALSE,FALSE,FALSE,4,FALSE,FALSE,TRUE,FALSE,fewer than 30 raw cases,TRUE,FALSE,FALSE,FALSE,FALSE,FALSE,FALSE,FALSE,fewer than 100 total cases and cumulative incidence below 5/100k,NA,NA
primary,SC,SC_wave_02,2016-07-10,2016-07-31,2016-09-04,FALSE,0.02852467662643784,0.019016451084291893,2,2016-07-03,0,0,7,9,3,6,0.08557402987931352,3,5,6,2,3,4,FALSE,FALSE,FALSE,TRUE,FALSE,1,FALSE,FALSE,FALSE,FALSE,too few nonzero raw incidence weeks; fewer than 30 raw cases,TRUE,FALSE,FALSE,FALSE,FALSE,FALSE,FALSE,FALSE,fewer than 100 total cases and cumulative incidence below 5/100k,NA,NA
primary,SC,SC_wave_03,2016-10-02,2017-05-07,2017-05-28,FALSE,0.1121161231533949,0.04671505131391454,8,2016-09-04,0,0,6,35,31,33,0.4639659455220213,2,3,4,1,2,3,FALSE,FALSE,FALSE,FALSE,FALSE,6,FALSE,FALSE,TRUE,FALSE,too few nonzero raw incidence weeks; fewer than 30 raw cases,TRUE,FALSE,FALSE,FALSE,FALSE,FALSE,FALSE,FALSE,fewer than 100 total cases and cumulative incidence below 5/100k,NA,NA
primary,SC,SC_wave_04,2017-07-02,2017-07-16,2017-08-06,FALSE,0.028029030788348726,0.018686020525565818,2,2017-05-28,0.004671505131391454,0.25,5,6,2,4,0.05605806157669745,4,4,4,3,3,3,FALSE,FALSE,FALSE,TRUE,FALSE,1,FALSE,FALSE,FALSE,FALSE,too few nonzero raw incidence weeks; fewer than 30 raw cases,TRUE,FALSE,FALSE,FALSE,FALSE,FALSE,FALSE,FALSE,fewer than 100 total cases and cumulative incidence below 5/100k,NA,NA
primary,SC,SC_wave_05,2017-10-08,2017-10-15,2017-10-29,FALSE,0.014014515394174363,0.004671505131391454,1,2017-08-06,0,0,9,4,1,1,0.014014515394174363,1,1,1,1,1,1,FALSE,FALSE,FALSE,TRUE,TRUE,1,FALSE,FALSE,FALSE,FALSE,too few nonzero raw incidence weeks; fewer than 30 raw cases; one week contains >=80% of early-window cases (backlog screen),TRUE,FALSE,FALSE,FALSE,FALSE,FALSE,FALSE,FALSE,fewer than 100 total cases and cumulative incidence below 5/100k,NA,NA
primary,SC,SC_wave_06,2017-12-17,2018-01-28,2018-04-29,FALSE,0.04128746992723909,0.018349986634328484,3,2017-10-29,0,0,7,20,6,11,0.151639415151638,1,2,5,1,2,3,FALSE,FALSE,FALSE,FALSE,FALSE,5,FALSE,FALSE,TRUE,FALSE,too few nonzero raw incidence weeks; fewer than 30 raw cases,TRUE,FALSE,FALSE,FALSE,FALSE,FALSE,FALSE,FALSE,fewer than 100 total cases and cumulative incidence below 5/100k,NA,NA
primary,SC,SC_wave_07,2018-05-06,2019-06-02,2019-08-25,FALSE,0.0270134363481724,0.04952463330498273,2,2018-04-29,0,0,10,69,56,47,0.637373472198653,1,2,4,1,2,4,FALSE,FALSE,FALSE,FALSE,FALSE,5,FALSE,TRUE,TRUE,FALSE,too few nonzero raw incidence weeks; fewer than 30 raw cases,TRUE,FALSE,FALSE,FALSE,FALSE,FALSE,FALSE,FALSE,fewer than 100 total cases and cumulative incidence below 5/100k,NA,NA
primary,SC,SC_wave_08,2019-09-22,2019-09-29,2019-11-17,FALSE,0.0135067181740862,0.004502239391362067,1,2019-08-25,0,0,4,9,1,2,0.0270134363481724,1,1,2,1,1,2,FALSE,FALSE,FALSE,TRUE,TRUE,2,FALSE,FALSE,TRUE,FALSE,too few nonzero raw incidence weeks; fewer than 30 raw cases; one week contains >=80% of early-window cases (backlog screen),TRUE,FALSE,FALSE,FALSE,FALSE,FALSE,FALSE,FALSE,fewer than 100 total cases and cumulative incidence below 5/100k,NA,NA
primary,SC,SC_wave_09,2020-01-05,2020-01-12,2020-01-26,FALSE,0.013259126422455657,0.004419708807485219,1,2019-11-17,0,0,7,4,1,1,0.013259126422455657,1,1,2,1,1,2,FALSE,FALSE,FALSE,TRUE,TRUE,1,FALSE,FALSE,FALSE,FALSE,too few nonzero raw incidence weeks; fewer than 30 raw cases; one week contains >=80% of early-window cases (backlog screen),TRUE,FALSE,FALSE,FALSE,FALSE,FALSE,FALSE,FALSE,fewer than 100 total cases and cumulative incidence below 5/100k,NA,NA
primary,SC,SC_wave_10,2020-02-16,2020-03-01,2020-03-22,FALSE,0.013259126422455657,0.013259126422455657,1,2020-01-26,0,0,3,6,2,3,0.03977737926736697,3,3,3,3,3,3,FALSE,FALSE,FALSE,TRUE,FALSE,1,FALSE,FALSE,FALSE,FALSE,too few nonzero raw incidence weeks; fewer than 30 raw cases,TRUE,FALSE,FALSE,FALSE,FALSE,FALSE,FALSE,FALSE,fewer than 100 total cases and cumulative incidence below 5/100k,NA,NA
primary,SC,SC_wave_11,2020-05-17,2020-05-24,2020-06-07,FALSE,0.013259126422455657,0.004419708807485219,1,2020-03-22,0,0,8,4,1,1,0.013259126422455657,1,1,1,1,1,1,FALSE,FALSE,FALSE,TRUE,TRUE,1,FALSE,FALSE,FALSE,FALSE,too few nonzero raw incidence weeks; fewer than 30 raw cases; one week contains >=80% of early-window cases (backlog screen),TRUE,FALSE,FALSE,FALSE,FALSE,FALSE,FALSE,FALSE,fewer than 100 total cases and cumulative incidence below 5/100k,NA,NA
primary,SC,SC_wave_12,2020-07-19,2020-08-02,2020-08-30,FALSE,0,0.004419708807485219,0,2020-06-07,0,0,6,7,2,2,0.026518252844911314,1,2,2,1,2,2,FALSE,FALSE,FALSE,TRUE,FALSE,1,FALSE,FALSE,FALSE,FALSE,too few nonzero raw incidence weeks; fewer than 30 raw cases,TRUE,FALSE,FALSE,FALSE,FALSE,FALSE,FALSE,FALSE,fewer than 100 total cases and cumulative incidence below 5/100k,NA,NA
primary,SC,SC_wave_13,2020-12-27,2021-01-31,2021-06-13,FALSE,0.06517504452759042,0.04345002968506028,5,2020-08-30,0,0,17,25,5,25,0.3258752226379521,2,9,12,2,4,5,FALSE,FALSE,FALSE,FALSE,FALSE,5,FALSE,FALSE,TRUE,FALSE,fewer than 30 raw cases,TRUE,FALSE,FALSE,FALSE,FALSE,FALSE,FALSE,FALSE,fewer than 100 total cases and cumulative incidence below 5/100k,NA,NA
primary,SC,SC_wave_14,2021-06-20,2022-02-20,2022-03-13,FALSE,0.012825746711767123,0.017100995615689497,1,2021-06-13,0,0,3,39,35,10,0.12909451589267507,2,3,3,2,3,3,FALSE,FALSE,FALSE,FALSE,FALSE,1,FALSE,FALSE,FALSE,FALSE,too few nonzero raw incidence weeks; fewer than 30 raw cases,TRUE,FALSE,FALSE,FALSE,FALSE,FALSE,FALSE,FALSE,fewer than 100 total cases and cumulative incidence below 5/100k,NA,NA
primary,SC,SC_wave_15,2022-04-17,2022-05-29,2022-08-28,FALSE,0,0.025651493423534243,0,2022-03-13,0,0,6,20,6,18,0.2308634408118082,4,9,10,2,3,4,FALSE,FALSE,FALSE,FALSE,FALSE,3,FALSE,FALSE,TRUE,FALSE,too few nonzero raw incidence weeks; fewer than 30 raw cases,TRUE,FALSE,FALSE,FALSE,FALSE,FALSE,FALSE,FALSE,fewer than 100 total cases and cumulative incidence below 5/100k,NA,NA
primary,SC,SC_wave_16,2023-01-01,2023-04-02,2023-07-09,FALSE,0.08830342874644957,0.08830342874644957,7,2022-08-28,0,0,21,28,13,47,0.5928944501547329,5,7,9,3,5,6,FALSE,FALSE,FALSE,FALSE,FALSE,4,FALSE,FALSE,TRUE,FALSE,fewer than 30 raw cases,TRUE,FALSE,FALSE,FALSE,FALSE,FALSE,FALSE,FALSE,fewer than 100 total cases and cumulative incidence below 5/100k,NA,NA
primary,SC,SC_wave_17,2023-09-03,2024-01-28,2024-03-10,FALSE,0.024818696321037777,0.0413644938683963,2,2023-07-09,0,0,14,28,21,25,0.31167169563578956,3,3,4,2,2,3,FALSE,FALSE,FALSE,FALSE,FALSE,3,FALSE,FALSE,TRUE,FALSE,too few nonzero raw incidence weeks; fewer than 30 raw cases,TRUE,FALSE,FALSE,FALSE,FALSE,FALSE,FALSE,FALSE,fewer than 100 total cases and cumulative incidence below 5/100k,NA,NA
primary,SC,SC_wave_18,2024-03-17,2024-04-28,2024-06-23,FALSE,0.012409348160518889,0.037228044481556664,1,2024-03-10,0.004136449386839629,0.1111111111111111,3,15,6,17,0.2109589187288211,4,10,15,3,5,7,FALSE,FALSE,FALSE,FALSE,FALSE,1,FALSE,FALSE,FALSE,FALSE,fewer than 30 raw cases,TRUE,FALSE,FALSE,FALSE,FALSE,FALSE,FALSE,FALSE,fewer than 100 total cases and cumulative incidence below 5/100k,NA,NA
primary,SC,SC_wave_19,2025-01-26,2025-03-23,2025-08-24,FALSE,1.2580979366949547,1.2133112787543576,103,2024-06-23,0,0,31,31,8,673,8.220387489278684,48,145,336,4,6,8,TRUE,TRUE,TRUE,FALSE,FALSE,1,FALSE,FALSE,FALSE,FALSE,NA,TRUE,TRUE,TRUE,TRUE,TRUE,TRUE,FALSE,TRUE,NA,1,FALSE
primary,SC,SC_wave_20,2025-09-07,2025-11-16,NA,TRUE,0.0488581722988332,0.0488581722988332,4,2025-08-24,0,0,11,17,10,35,0.4275090076147905,3,7,13,2,4,6,FALSE,FALSE,FALSE,FALSE,FALSE,1,FALSE,FALSE,FALSE,TRUE,fewer than 30 raw cases,TRUE,FALSE,FALSE,FALSE,FALSE,FALSE,FALSE,FALSE,fewer than 100 total cases and cumulative incidence below 5/100k,NA,NA
primary,SE,SE_wave_01,2015-03-22,2015-03-29,2015-04-19,FALSE,0.0458242219505355,0.030549481300357003,1,2015-03-15,0,NA,NA,5,1,2,0.091648443901071,2,2,2,2,2,2,FALSE,FALSE,FALSE,TRUE,FALSE,1,FALSE,FALSE,FALSE,FALSE,too few nonzero raw incidence weeks; fewer than 30 raw cases,TRUE,FALSE,FALSE,FALSE,FALSE,FALSE,FALSE,FALSE,fewer than 100 total cases and cumulative incidence below 5/100k,NA,NA
primary,SE,SE_wave_02,2015-08-30,2015-11-08,2015-12-27,FALSE,0.6415391073074971,0.7942865138092821,14,2015-04-19,0,0,9,18,10,116,5.315609746262118,3,14,21,1,3,5,FALSE,FALSE,FALSE,FALSE,FALSE,2,FALSE,FALSE,TRUE,FALSE,too few nonzero raw incidence weeks; fewer than 30 raw cases,TRUE,TRUE,TRUE,FALSE,TRUE,TRUE,FALSE,TRUE,NA,1,FALSE
primary,SE,SE_wave_03,2016-02-07,2016-04-24,2017-02-19,FALSE,12.327640480514141,12.312477331091614,271,2015-12-27,0.16779896469665975,0.21125747671570103,3,55,11,4152,188.85619209606892,523,872,1382,4,6,8,TRUE,TRUE,TRUE,FALSE,FALSE,6,FALSE,FALSE,TRUE,FALSE,NA,TRUE,TRUE,TRUE,TRUE,TRUE,TRUE,TRUE,TRUE,NA,2,TRUE
primary,SE,SE_wave_04,2017-03-12,2017-05-07,2017-11-19,FALSE,0.9942505203997609,0.9490573149270446,22,2017-02-19,0.13557961641814922,0.14285714285714285,5,37,8,176,7.954004163198087,34,53,82,4,6,8,TRUE,TRUE,TRUE,FALSE,FALSE,5,FALSE,FALSE,TRUE,FALSE,NA,TRUE,TRUE,TRUE,FALSE,TRUE,TRUE,FALSE,TRUE,NA,3,TRUE
primary,SE,SE_wave_05,2017-11-26,2018-05-20,2018-06-24,FALSE,0.22451043255077976,0.11973889736041587,5,2017-11-19,0,0,23,31,25,22,0.9887192601111123,2,3,3,2,3,3,FALSE,FALSE,FALSE,FALSE,FALSE,5,FALSE,FALSE,TRUE,FALSE,too few nonzero raw incidence weeks; fewer than 30 raw cases,TRUE,FALSE,FALSE,FALSE,FALSE,FALSE,FALSE,FALSE,fewer than 100 total cases and cumulative incidence below 5/100k,NA,NA
primary,SE,SE_wave_06,2018-07-08,2019-02-10,2019-04-07,FALSE,0,0.059489284492630766,0,2018-06-24,0,0,4,40,31,19,0.8508586585675001,2,3,4,1,2,3,FALSE,FALSE,FALSE,FALSE,FALSE,2,FALSE,FALSE,TRUE,FALSE,too few nonzero raw incidence weeks; fewer than 30 raw cases,TRUE,FALSE,FALSE,FALSE,FALSE,FALSE,FALSE,FALSE,fewer than 100 total cases and cumulative incidence below 5/100k,NA,NA
primary,SE,SE_wave_07,2019-06-02,2019-08-11,2020-01-12,FALSE,0.7138714139115692,0.8477223040199884,16,2019-04-07,0,0,9,33,10,270,12.046068746675004,11,28,57,3,5,7,FALSE,FALSE,TRUE,FALSE,FALSE,3,FALSE,FALSE,TRUE,FALSE,fewer than 30 raw cases,TRUE,TRUE,TRUE,TRUE,TRUE,TRUE,TRUE,TRUE,NA,4,TRUE
primary,SE,SE_wave_08,2020-05-03,2020-07-26,2020-12-27,FALSE,9.981288411324902,11.740952590506627,225,2020-01-12,0.02957418788540712,0.03488664595134894,17,35,12,3731,165.51194250068093,125,289,560,4,6,8,TRUE,TRUE,TRUE,FALSE,FALSE,4,FALSE,FALSE,TRUE,FALSE,NA,TRUE,TRUE,TRUE,TRUE,TRUE,TRUE,TRUE,TRUE,NA,5,TRUE
primary,SE,SE_wave_09,2021-01-10,2021-08-01,2021-11-21,FALSE,5.872128010624579,5.8426937850074125,133,2020-12-27,0.2799750490336784,0.04791882979595913,27,46,29,2894,127.77397340411676,79,131,170,4,6,8,TRUE,TRUE,TRUE,FALSE,FALSE,4,FALSE,FALSE,TRUE,FALSE,NA,TRUE,TRUE,TRUE,TRUE,TRUE,TRUE,TRUE,TRUE,NA,6,TRUE
primary,SE,SE_wave_10,2022-02-06,2022-05-22,2023-11-26,FALSE,6.685465139037881,7.154620587391418,152,2021-11-21,1.6335995217527024,0.27959697732997485,4,95,15,5357,235.3696709802849,247,391,551,4,6,8,TRUE,TRUE,TRUE,FALSE,FALSE,8,FALSE,FALSE,TRUE,FALSE,NA,TRUE,TRUE,TRUE,TRUE,TRUE,TRUE,TRUE,TRUE,NA,7,TRUE
primary,SE,SE_wave_11,2023-12-24,2024-03-03,2024-09-15,FALSE,1.3530754313364413,1.2657802422179611,31,2023-11-26,0.11685686582290167,0.09232002675135728,12,39,10,419,18.290079421565057,20,38,60,4,6,8,TRUE,TRUE,TRUE,FALSE,FALSE,8,FALSE,FALSE,TRUE,FALSE,NA,TRUE,TRUE,TRUE,TRUE,TRUE,TRUE,TRUE,TRUE,NA,8,TRUE
primary,SE,SE_wave_12,2024-09-29,2025-12-07,NA,TRUE,0.4348913315285344,0.4348913315285343,10,2024-09-15,0.07274599093206674,0.16727395019896757,6,66,62,204,8.874793929903445,13,14,15,4,5,6,FALSE,FALSE,FALSE,FALSE,FALSE,6,FALSE,TRUE,TRUE,TRUE,fewer than 30 raw cases,TRUE,TRUE,TRUE,TRUE,TRUE,TRUE,FALSE,TRUE,NA,9,TRUE
primary,SP,SP_wave_01,2015-07-19,2015-07-26,2015-09-06,FALSE,0.004523051971834684,0.003015367981223123,2,2015-07-12,0,NA,NA,8,1,5,0.01130762992958671,4,5,5,2,3,3,FALSE,FALSE,FALSE,TRUE,FALSE,1,FALSE,FALSE,FALSE,FALSE,too few nonzero raw incidence weeks; fewer than 30 raw cases,TRUE,FALSE,FALSE,FALSE,FALSE,FALSE,FALSE,FALSE,fewer than 100 total cases and cumulative incidence below 5/100k,NA,NA
primary,SP,SP_wave_02,2015-11-15,2016-02-07,2016-10-09,FALSE,0.07635283182547718,0.07859850334975593,34,2015-09-06,0,0,8,48,12,678,1.5235324156209409,15,30,97,4,6,8,FALSE,TRUE,TRUE,FALSE,FALSE,4,FALSE,FALSE,TRUE,FALSE,NA,TRUE,TRUE,TRUE,TRUE,FALSE,FALSE,FALSE,FALSE,cumulative incidence below 5/100k,NA,NA
primary,SP,SP_wave_03,2016-10-23,2017-04-16,2018-12-16,FALSE,0.04240213353253112,0.04017044229397685,19,2016-10-09,0.008982686097114962,0.22361431899050374,11,113,25,1104,2.4600541245045493,22,35,54,4,6,8,TRUE,TRUE,TRUE,FALSE,FALSE,15,TRUE,FALSE,TRUE,FALSE,NA,TRUE,TRUE,TRUE,TRUE,TRUE,FALSE,FALSE,FALSE,cumulative incidence below 5/100k,NA,NA
primary,SP,SP_wave_04,2018-12-30,2019-05-05,2019-11-03,FALSE,0.03752250881497538,0.034579566947134176,17,2018-12-16,0.004438312964398716,0.12835073878120232,3,45,18,326,0.7195970870124487,28,36,48,4,6,8,TRUE,TRUE,TRUE,FALSE,FALSE,6,FALSE,FALSE,TRUE,FALSE,NA,TRUE,TRUE,TRUE,TRUE,FALSE,FALSE,FALSE,FALSE,cumulative incidence below 5/100k,NA,NA
primary,SP,SP_wave_05,2019-11-10,2020-06-07,2020-09-13,FALSE,0.02196682565596072,0.015376777959172503,10,2019-11-03,0.0029429418678412066,0.19138872107375998,3,45,30,165,0.3626525761937637,8,11,19,2,4,6,FALSE,FALSE,FALSE,FALSE,FALSE,4,FALSE,FALSE,TRUE,FALSE,fewer than 30 raw cases,TRUE,TRUE,TRUE,FALSE,FALSE,FALSE,FALSE,FALSE,cumulative incidence below 5/100k,NA,NA
primary,SP,SP_wave_06,2021-01-10,2021-03-28,2021-10-31,FALSE,2.722777346799143,2.5146809284999327,1243,2020-09-13,0.0029289100874614286,0.19047619047619044,8,43,11,13438,29.435785990576736,648,1512,2958,4,6,8,TRUE,TRUE,TRUE,FALSE,FALSE,4,FALSE,FALSE,TRUE,FALSE,NA,TRUE,TRUE,TRUE,TRUE,TRUE,TRUE,TRUE,TRUE,NA,1,FALSE
primary,SP,SP_wave_07,2021-11-14,2022-05-08,2022-12-18,FALSE,0.10276148983870338,0.09765985559139187,47,2021-10-31,0.014603257424505996,0.14953183512379867,11,58,25,985,2.1539362242859537,54,76,98,4,6,8,TRUE,TRUE,TRUE,FALSE,FALSE,3,FALSE,FALSE,TRUE,FALSE,NA,TRUE,TRUE,TRUE,TRUE,TRUE,FALSE,FALSE,FALSE,cumulative incidence below 5/100k,NA,NA
primary,SP,SP_wave_08,2022-12-25,2023-04-30,2023-10-01,FALSE,0.36204566268205607,0.3656806592953297,166,2022-12-18,0.006559244032257662,0.06716417910447761,19,41,18,2160,4.710971860931022,153,217,282,4,6,8,TRUE,TRUE,TRUE,FALSE,FALSE,3,FALSE,FALSE,TRUE,FALSE,NA,TRUE,TRUE,TRUE,TRUE,TRUE,FALSE,FALSE,FALSE,cumulative incidence below 5/100k,NA,NA
primary,SP,SP_wave_09,2023-11-19,2024-05-12,2024-09-15,FALSE,0.996232717700667,0.9106756138515559,458,2023-10-01,0.007996992549202043,0.02186878727634195,25,44,25,8791,19.12586380367597,218,459,854,4,6,8,TRUE,TRUE,TRUE,FALSE,FALSE,4,FALSE,FALSE,TRUE,FALSE,NA,TRUE,TRUE,TRUE,TRUE,TRUE,TRUE,TRUE,TRUE,NA,2,TRUE
primary,SP,SP_wave_10,2024-11-03,2025-01-19,2025-12-28,FALSE,1.436575797026683,1.3201162283855472,662,2024-09-15,0.08773228445544448,0.0963375796178344,19,61,11,8714,18.916269619753365,435,660,787,4,6,8,TRUE,TRUE,TRUE,FALSE,FALSE,4,FALSE,FALSE,TRUE,FALSE,NA,TRUE,TRUE,TRUE,TRUE,TRUE,TRUE,TRUE,TRUE,NA,3,TRUE
primary,TO,TO_wave_01,2015-05-31,2015-06-07,2015-06-21,FALSE,0.06796174569258456,0.02265391523086152,1,2015-05-24,0,NA,NA,4,1,1,0.06796174569258456,1,1,1,1,1,1,FALSE,FALSE,FALSE,TRUE,TRUE,1,FALSE,FALSE,FALSE,FALSE,too few nonzero raw incidence weeks; fewer than 30 raw cases; one week contains >=80% of early-window cases (backlog screen),TRUE,FALSE,FALSE,FALSE,FALSE,FALSE,FALSE,FALSE,fewer than 100 total cases and cumulative incidence below 5/100k,NA,NA
primary,TO,TO_wave_02,2015-10-04,2015-10-11,2015-10-25,FALSE,0.06796174569258456,0.02265391523086152,1,2015-06-21,0,0,15,4,1,1,0.06796174569258456,1,1,1,1,1,1,FALSE,FALSE,FALSE,TRUE,TRUE,1,FALSE,FALSE,FALSE,FALSE,too few nonzero raw incidence weeks; fewer than 30 raw cases; one week contains >=80% of early-window cases (backlog screen),TRUE,FALSE,FALSE,FALSE,FALSE,FALSE,FALSE,FALSE,fewer than 100 total cases and cumulative incidence below 5/100k,NA,NA
primary,TO,TO_wave_03,2016-01-17,2016-05-29,2016-08-07,FALSE,1.548387791702796,1.4137453750329874,23,2015-10-25,0,0,9,30,19,233,15.68584154203267,8,16,24,3,5,7,FALSE,FALSE,FALSE,FALSE,FALSE,3,FALSE,FALSE,TRUE,FALSE,fewer than 30 raw cases,TRUE,TRUE,TRUE,TRUE,TRUE,TRUE,TRUE,TRUE,NA,1,FALSE
primary,TO,TO_wave_04,2016-12-25,2017-05-07,2018-07-08,FALSE,8.007810284297284,8.141273789035573,120,2016-08-07,0.04488080555660277,0.031746031746031744,23,81,19,2477,165.2614749915716,137,259,386,4,6,8,TRUE,TRUE,TRUE,FALSE,FALSE,13,FALSE,FALSE,TRUE,FALSE,NA,TRUE,TRUE,TRUE,TRUE,TRUE,TRUE,TRUE,TRUE,NA,2,TRUE
primary,TO,TO_wave_05,2018-07-15,2019-02-03,2019-07-07,FALSE,0.26226962891470207,0.24041382650514356,4,2018-07-08,0.02205020125218683,0.09171769183464609,5,52,29,79,5.196154673846145,6,11,13,4,6,8,FALSE,FALSE,FALSE,FALSE,FALSE,4,FALSE,FALSE,TRUE,FALSE,fewer than 30 raw cases,TRUE,TRUE,FALSE,FALSE,TRUE,TRUE,FALSE,FALSE,fewer than 100 total cases,NA,NA
primary,TO,TO_wave_06,2019-07-28,2019-08-04,2019-08-18,FALSE,0.06556740722867552,0.021855802409558506,1,2019-07-07,0,0,3,4,1,1,0.06556740722867552,1,1,1,1,1,1,FALSE,FALSE,FALSE,TRUE,TRUE,1,FALSE,FALSE,FALSE,FALSE,too few nonzero raw incidence weeks; fewer than 30 raw cases; one week contains >=80% of early-window cases (backlog screen),TRUE,FALSE,FALSE,FALSE,FALSE,FALSE,FALSE,FALSE,fewer than 100 total cases and cumulative incidence below 5/100k,NA,NA
primary,TO,TO_wave_07,2019-10-13,2020-02-23,2020-04-19,FALSE,0.1300486512004141,0.15172342640048309,2,2019-08-18,0,0,8,28,19,21,1.3682262457466903,1,2,3,1,2,3,FALSE,FALSE,FALSE,FALSE,FALSE,7,FALSE,FALSE,TRUE,FALSE,too few nonzero raw incidence weeks; fewer than 30 raw cases,TRUE,FALSE,FALSE,FALSE,FALSE,FALSE,FALSE,FALSE,fewer than 100 total cases and cumulative incidence below 5/100k,NA,NA
primary,TO,TO_wave_08,2020-04-26,2020-11-29,2020-12-20,FALSE,0.1300486512004141,0.08669910080027605,2,2020-04-19,0,0,3,35,31,11,0.7152675816022775,2,3,3,2,3,3,FALSE,FALSE,FALSE,FALSE,FALSE,1,FALSE,FALSE,FALSE,FALSE,too few nonzero raw incidence weeks; fewer than 30 raw cases,TRUE,FALSE,FALSE,FALSE,FALSE,FALSE,FALSE,FALSE,fewer than 100 total cases and cumulative incidence below 5/100k,NA,NA
primary,TO,TO_wave_09,2021-01-24,2021-05-23,2021-10-17,FALSE,0.4520462843732766,0.5812023656227842,7,2020-12-20,0,0,4,39,17,135,8.718035484341762,5,10,14,3,5,7,FALSE,FALSE,FALSE,FALSE,FALSE,4,FALSE,FALSE,TRUE,FALSE,fewer than 30 raw cases,TRUE,TRUE,TRUE,FALSE,TRUE,TRUE,FALSE,TRUE,NA,3,TRUE
primary,TO,TO_wave_10,2021-12-12,2022-05-01,2022-10-23,FALSE,14.89490106447181,16.093341380004023,232,2021-10-17,0,0,12,46,20,3763,241.6077624139063,74,144,222,4,6,8,TRUE,TRUE,TRUE,FALSE,FALSE,2,FALSE,FALSE,TRUE,FALSE,NA,TRUE,TRUE,TRUE,TRUE,TRUE,TRUE,TRUE,TRUE,NA,4,TRUE
primary,TO,TO_wave_11,2022-12-25,2023-02-12,2023-09-24,FALSE,24.438629369362125,25.1192526416159,383,2022-10-23,0.19260647928196303,0.011968085106382979,25,40,7,4274,272.72196213702705,437,970,1794,4,6,8,TRUE,TRUE,TRUE,FALSE,FALSE,1,FALSE,FALSE,FALSE,FALSE,NA,TRUE,TRUE,TRUE,TRUE,TRUE,TRUE,TRUE,TRUE,NA,5,TRUE
primary,TO,TO_wave_12,2023-10-08,2024-04-07,2024-10-13,FALSE,3.169889599085043,3.2332873910667437,50,2023-09-24,0.06380843177379145,0.019734846939399166,32,54,26,734,46.5483517072916,15,19,26,4,6,8,FALSE,FALSE,FALSE,FALSE,FALSE,5,FALSE,FALSE,TRUE,FALSE,fewer than 30 raw cases,TRUE,TRUE,TRUE,TRUE,TRUE,TRUE,TRUE,TRUE,NA,6,TRUE
primary,TO,TO_wave_13,2024-12-29,2025-04-13,2025-12-28,FALSE,1.449404137355619,1.4704099944187439,23,2024-10-13,0,0,31,53,15,409,25.774186616454266,15,30,58,3,5,7,FALSE,TRUE,TRUE,FALSE,FALSE,6,FALSE,FALSE,TRUE,FALSE,NA,TRUE,TRUE,TRUE,TRUE,TRUE,TRUE,TRUE,TRUE,NA,7,TRUE
strict,AC,AC_wave_01,2016-01-24,2016-01-31,2016-02-14,FALSE,0.11957517332421373,0.039858391108071246,1,2016-01-17,0,NA,NA,4,1,1,0.11957517332421373,1,1,1,1,1,1,FALSE,FALSE,FALSE,TRUE,TRUE,1,FALSE,FALSE,FALSE,FALSE,too few nonzero raw incidence weeks; fewer than 30 raw cases; one week contains >=80% of early-window cases (backlog screen),TRUE,FALSE,FALSE,FALSE,FALSE,FALSE,FALSE,FALSE,fewer than 100 total cases and cumulative incidence below 5/100k,NA,NA
strict,AC,AC_wave_02,2016-03-27,2016-06-05,2016-07-17,FALSE,1.315326906566351,0.9964597777017812,11,2016-02-14,0,0,5,17,10,49,5.859183492886473,7,13,18,4,6,8,FALSE,FALSE,FALSE,FALSE,FALSE,1,FALSE,FALSE,FALSE,FALSE,fewer than 30 raw cases,TRUE,FALSE,FALSE,FALSE,TRUE,TRUE,FALSE,FALSE,fewer than 100 total cases,NA,NA
strict,AC,AC_wave_03,2016-11-06,2017-01-15,2017-04-02,FALSE,0.3552414694681798,0.5525978413949464,3,2016-07-17,0,0,19,22,10,36,4.274511135299696,4,7,10,2,4,6,FALSE,FALSE,FALSE,FALSE,FALSE,6,FALSE,FALSE,TRUE,FALSE,fewer than 30 raw cases,TRUE,FALSE,FALSE,FALSE,TRUE,FALSE,FALSE,FALSE,fewer than 100 total cases and cumulative incidence below 5/100k,NA,NA
strict,AC,AC_wave_04,2017-04-30,2018-02-25,2018-05-06,FALSE,0.35231778124354085,0.5871963020725681,3,2017-04-02,0.07894254877070664,0.14285714285714288,4,54,43,84,9.904854947222544,6,10,13,3,5,6,FALSE,FALSE,FALSE,FALSE,FALSE,3,FALSE,FALSE,TRUE,FALSE,fewer than 30 raw cases,TRUE,TRUE,FALSE,FALSE,TRUE,TRUE,FALSE,FALSE,fewer than 100 total cases,NA,NA
strict,AC,AC_wave_05,2018-06-10,2018-10-28,2019-03-31,FALSE,2.9359815103628404,2.113906687461245,25,2018-05-06,0.039146420138171205,0.06666666666666667,7,43,20,229,26.859343181065146,11,14,22,4,6,8,FALSE,FALSE,FALSE,FALSE,FALSE,3,FALSE,FALSE,TRUE,FALSE,fewer than 30 raw cases,TRUE,TRUE,TRUE,TRUE,TRUE,TRUE,TRUE,TRUE,NA,1,FALSE
strict,AC,AC_wave_06,2019-05-19,2019-05-26,2019-07-21,FALSE,0.11656112057198874,0.03885370685732958,1,2019-03-31,0,0,7,10,1,2,0.23312224114397748,1,1,2,1,1,2,FALSE,FALSE,FALSE,TRUE,TRUE,2,FALSE,FALSE,TRUE,FALSE,too few nonzero raw incidence weeks; fewer than 30 raw cases; one week contains >=80% of early-window cases (backlog screen),TRUE,FALSE,FALSE,FALSE,FALSE,FALSE,FALSE,FALSE,fewer than 100 total cases and cumulative incidence below 5/100k,NA,NA
strict,AC,AC_wave_07,2019-10-27,2020-02-09,2020-03-22,FALSE,0.4631468279652687,0.1929778449855286,4,2019-07-21,0,0,14,22,15,16,1.8564593797644326,1,2,5,1,2,4,FALSE,FALSE,FALSE,FALSE,FALSE,2,FALSE,FALSE,TRUE,FALSE,too few nonzero raw incidence weeks; fewer than 30 raw cases,TRUE,FALSE,FALSE,FALSE,FALSE,FALSE,FALSE,FALSE,fewer than 100 total cases and cumulative incidence below 5/100k,NA,NA
strict,AC,AC_wave_08,2020-04-05,2020-07-12,2020-08-16,FALSE,0.34736012097395147,0.3473601209739515,3,2020-03-22,0,0,7,20,14,25,2.894667674782929,1,5,10,1,3,5,FALSE,FALSE,FALSE,FALSE,FALSE,2,FALSE,FALSE,TRUE,FALSE,too few nonzero raw incidence weeks; fewer than 30 raw cases,TRUE,FALSE,FALSE,FALSE,TRUE,FALSE,FALSE,FALSE,fewer than 100 total cases and cumulative incidence below 5/100k,NA,NA
strict,AC,AC_wave_09,2020-11-08,2021-03-07,2021-08-01,FALSE,2.4183908257768216,2.610326605600379,21,2020-08-16,0,0,12,39,17,190,21.88693129085736,7,9,10,3,4,5,FALSE,FALSE,FALSE,FALSE,FALSE,4,FALSE,FALSE,TRUE,FALSE,fewer than 30 raw cases,TRUE,TRUE,TRUE,FALSE,TRUE,TRUE,TRUE,TRUE,NA,2,TRUE
strict,AC,AC_wave_10,2021-09-12,2021-10-31,2022-07-17,FALSE,0.8061302752589407,0.5758073394706719,7,2021-08-01,0,0,9,45,7,43,4.9435887704154995,8,10,21,4,6,8,FALSE,FALSE,FALSE,FALSE,FALSE,7,FALSE,FALSE,TRUE,FALSE,fewer than 30 raw cases,TRUE,FALSE,FALSE,FALSE,TRUE,FALSE,FALSE,FALSE,fewer than 100 total cases and cumulative incidence below 5/100k,NA,NA
strict,AC,AC_wave_11,2022-09-04,2022-09-11,2022-09-25,FALSE,0.11460451129198249,0.038201503763994164,1,2022-07-17,0,0,7,4,1,1,0.11460451129198249,1,1,1,1,1,1,FALSE,FALSE,FALSE,TRUE,TRUE,1,FALSE,FALSE,FALSE,FALSE,too few nonzero raw incidence weeks; fewer than 30 raw cases; one week contains >=80% of early-window cases (backlog screen),TRUE,FALSE,FALSE,FALSE,FALSE,FALSE,FALSE,FALSE,fewer than 100 total cases and cumulative incidence below 5/100k,NA,NA
strict,AC,AC_wave_12,2022-10-30,2022-11-06,2022-11-20,FALSE,0.11460451129198249,0.038201503763994164,1,2022-09-25,0,0,5,4,1,1,0.11460451129198249,1,1,1,1,1,1,FALSE,FALSE,FALSE,TRUE,TRUE,1,FALSE,FALSE,FALSE,FALSE,too few nonzero raw incidence weeks; fewer than 30 raw cases; one week contains >=80% of early-window cases (backlog screen),TRUE,FALSE,FALSE,FALSE,FALSE,FALSE,FALSE,FALSE,fewer than 100 total cases and cumulative incidence below 5/100k,NA,NA
strict,AC,AC_wave_13,2023-02-05,2023-04-09,2023-06-04,FALSE,0.3422383758735634,0.3042118896653897,3,2022-11-20,0,0,11,18,9,18,2.053430255241381,5,6,6,3,4,4,FALSE,FALSE,FALSE,FALSE,FALSE,3,FALSE,FALSE,TRUE,FALSE,fewer than 30 raw cases,TRUE,FALSE,FALSE,FALSE,TRUE,FALSE,FALSE,FALSE,fewer than 100 total cases and cumulative incidence below 5/100k,NA,NA
strict,AC,AC_wave_14,2023-07-02,2023-07-09,2023-08-20,FALSE,0.22815891724904233,0.07605297241634744,2,2023-06-04,0,0,4,8,1,4,0.45631783449808466,2,4,4,1,2,2,FALSE,FALSE,FALSE,TRUE,FALSE,2,FALSE,FALSE,TRUE,FALSE,too few nonzero raw incidence weeks; fewer than 30 raw cases,TRUE,FALSE,FALSE,FALSE,FALSE,FALSE,FALSE,FALSE,fewer than 100 total cases and cumulative incidence below 5/100k,NA,NA
strict,AC,AC_wave_15,2023-12-03,2024-01-07,2024-10-13,FALSE,1.3626592749971327,2.201514887423137,12,2023-08-20,0,0,7,46,5,219,24.891086087479025,8,55,80,3,5,7,FALSE,TRUE,TRUE,FALSE,FALSE,5,FALSE,FALSE,TRUE,FALSE,NA,TRUE,TRUE,TRUE,TRUE,TRUE,TRUE,TRUE,TRUE,NA,3,TRUE
strict,AC,AC_wave_16,2024-12-22,2025-01-19,2025-06-22,FALSE,0.5653729426078619,0.6030644721150527,5,2024-10-13,0,0,18,27,4,45,5.091238589839889,15,23,29,3,5,7,FALSE,FALSE,FALSE,FALSE,FALSE,5,FALSE,FALSE,TRUE,FALSE,fewer than 30 raw cases,TRUE,FALSE,FALSE,FALSE,TRUE,TRUE,FALSE,FALSE,fewer than 100 total cases,NA,NA
strict,AL,AL_wave_01,2015-03-29,2015-04-12,2015-08-23,FALSE,0,0.020956597419781814,0,2015-03-22,0,NA,NA,22,2,7,0.22004427290770906,2,2,4,2,2,4,FALSE,FALSE,FALSE,TRUE,FALSE,3,FALSE,FALSE,TRUE,FALSE,too few nonzero raw incidence weeks; fewer than 30 raw cases,TRUE,FALSE,FALSE,FALSE,FALSE,FALSE,FALSE,FALSE,fewer than 100 total cases and cumulative incidence below 5/100k,NA,NA
strict,AL,AL_wave_02,2016-02-07,2016-05-29,2016-11-20,FALSE,17.62912708216616,19.3439413416414,562,2015-08-23,0,0,7,42,16,9109,285.736154077316,326,530,770,4,6,8,TRUE,TRUE,TRUE,FALSE,FALSE,13,FALSE,FALSE,TRUE,FALSE,NA,TRUE,TRUE,TRUE,TRUE,TRUE,TRUE,TRUE,TRUE,NA,1,FALSE
strict,AL,AL_wave_03,2017-01-01,2019-07-07,2020-01-05,FALSE,2.3062270623902985,2.60749095792777,74,2016-11-20,0.3032293507608652,0.11629162119965632,6,158,131,2141,66.80653891408048,73,108,113,4,6,8,TRUE,TRUE,TRUE,FALSE,FALSE,5,TRUE,TRUE,TRUE,FALSE,NA,TRUE,TRUE,TRUE,TRUE,TRUE,TRUE,TRUE,TRUE,NA,2,TRUE
strict,AL,AL_wave_04,2020-04-05,2020-07-26,2020-11-22,FALSE,0.27995320426661124,0.24884729268143221,9,2020-01-05,0.031125684581066643,0.12507945835244802,4,34,16,125,3.8882389481473787,17,33,36,4,6,8,FALSE,TRUE,FALSE,FALSE,FALSE,5,FALSE,FALSE,TRUE,FALSE,NA,TRUE,TRUE,TRUE,FALSE,TRUE,FALSE,FALSE,FALSE,cumulative incidence below 5/100k,NA,NA
strict,AL,AL_wave_05,2021-02-21,2021-11-07,2022-01-02,FALSE,1.3673857976474126,0.9737444316580061,44,2020-11-22,0,0,14,46,37,526,16.346443111568323,16,17,18,4,5,6,FALSE,FALSE,FALSE,FALSE,FALSE,4,FALSE,FALSE,TRUE,FALSE,fewer than 30 raw cases,TRUE,TRUE,TRUE,TRUE,TRUE,TRUE,TRUE,TRUE,NA,3,TRUE
strict,AL,AL_wave_06,2022-04-03,2022-06-26,2025-01-12,FALSE,21.470422550965843,20.041132482450028,691,2022-01-02,0.1346505029478569,0.1382811532165436,4,146,12,11599,360.3897988213726,580,1284,2227,4,6,8,TRUE,TRUE,TRUE,FALSE,FALSE,14,TRUE,FALSE,TRUE,FALSE,NA,TRUE,TRUE,TRUE,TRUE,TRUE,TRUE,TRUE,TRUE,NA,4,TRUE
strict,AL,AL_wave_07,2025-04-27,2025-08-03,2025-12-28,FALSE,7.016785641545332,7.699835571253285,226,2025-01-12,0.041396965436845616,0.005376344086021505,134,36,14,3777,117.26725384122442,117,179,254,4,6,8,TRUE,TRUE,TRUE,FALSE,FALSE,3,FALSE,FALSE,TRUE,FALSE,NA,TRUE,TRUE,TRUE,TRUE,TRUE,TRUE,TRUE,TRUE,NA,5,TRUE
strict,AM,AM_wave_01,2016-04-17,2016-12-04,2017-09-17,FALSE,0.20436492832155598,0.19584972297482448,8,2016-02-14,0,NA,NA,75,33,180,4.569871474247236,10,15,20,4,6,8,FALSE,FALSE,FALSE,FALSE,FALSE,10,FALSE,FALSE,TRUE,FALSE,fewer than 30 raw cases,TRUE,TRUE,TRUE,FALSE,TRUE,FALSE,FALSE,FALSE,cumulative incidence below 5/100k,NA,NA
strict,AM,AM_wave_02,2017-10-22,2017-11-26,2017-12-17,FALSE,0.02521221118151481,0.016808140787676538,1,2017-09-17,0,0,5,9,5,3,0.07563663354454442,1,2,3,1,2,3,FALSE,FALSE,FALSE,FALSE,FALSE,1,FALSE,FALSE,FALSE,FALSE,too few nonzero raw incidence weeks; fewer than 30 raw cases,TRUE,FALSE,FALSE,FALSE,FALSE,FALSE,FALSE,FALSE,fewer than 100 total cases and cumulative incidence below 5/100k,NA,NA
strict,AM,AM_wave_03,2018-03-11,2018-03-25,2018-04-22,FALSE,0,0.008295004192709869,0,2017-12-17,0,0,12,7,2,2,0.049770025156259216,1,2,2,1,2,2,FALSE,FALSE,FALSE,TRUE,FALSE,1,FALSE,FALSE,FALSE,FALSE,too few nonzero raw incidence weeks; fewer than 30 raw cases,TRUE,FALSE,FALSE,FALSE,FALSE,FALSE,FALSE,FALSE,fewer than 100 total cases and cumulative incidence below 5/100k,NA,NA
strict,AM,AM_wave_04,2018-07-01,2018-07-29,2018-08-19,FALSE,0.049770025156259216,0.024885012578129608,2,2018-04-22,0,0,10,8,4,4,0.09954005031251843,1,4,4,1,3,3,FALSE,FALSE,FALSE,FALSE,FALSE,1,FALSE,FALSE,FALSE,FALSE,too few nonzero raw incidence weeks; fewer than 30 raw cases,TRUE,FALSE,FALSE,FALSE,FALSE,FALSE,FALSE,FALSE,fewer than 100 total cases and cumulative incidence below 5/100k,NA,NA
strict,AM,AM_wave_05,2018-09-16,2018-09-23,2018-10-07,FALSE,0.024885012578129608,0.008295004192709869,1,2018-08-19,0,0,4,4,1,1,0.024885012578129608,1,1,1,1,1,1,FALSE,FALSE,FALSE,TRUE,TRUE,1,FALSE,FALSE,FALSE,FALSE,too few nonzero raw incidence weeks; fewer than 30 raw cases; one week contains >=80% of early-window cases (backlog screen),TRUE,FALSE,FALSE,FALSE,FALSE,FALSE,FALSE,FALSE,fewer than 100 total cases and cumulative incidence below 5/100k,NA,NA
strict,AM,AM_wave_06,2018-12-30,2019-05-26,2019-07-14,FALSE,0.12275119805169298,0.1309346112551392,5,2018-10-07,0,0,12,29,21,44,1.0802105428548983,2,2,6,1,1,3,FALSE,FALSE,FALSE,FALSE,TRUE,2,FALSE,FALSE,TRUE,FALSE,too few nonzero raw incidence weeks; fewer than 30 raw cases; one week contains >=80% of early-window cases (backlog screen),TRUE,FALSE,FALSE,FALSE,FALSE,FALSE,FALSE,FALSE,fewer than 100 total cases and cumulative incidence below 5/100k,NA,NA
strict,AM,AM_wave_07,2019-12-01,2019-12-15,2020-03-01,FALSE,0,0.0163668264068924,0,2019-07-14,0,0,20,14,2,4,0.09762972755600265,2,2,3,2,2,3,FALSE,FALSE,FALSE,TRUE,FALSE,2,FALSE,FALSE,TRUE,FALSE,too few nonzero raw incidence weeks; fewer than 30 raw cases,TRUE,FALSE,FALSE,FALSE,FALSE,FALSE,FALSE,FALSE,fewer than 100 total cases and cumulative incidence below 5/100k,NA,NA
strict,AM,AM_wave_08,2020-03-29,2020-04-05,2020-04-19,FALSE,0.024264624167662726,0.008088208055887575,1,2020-03-01,0,0,4,4,1,1,0.024264624167662726,1,1,1,1,1,1,FALSE,FALSE,FALSE,TRUE,TRUE,1,FALSE,FALSE,FALSE,FALSE,too few nonzero raw incidence weeks; fewer than 30 raw cases; one week contains >=80% of early-window cases (backlog screen),TRUE,FALSE,FALSE,FALSE,FALSE,FALSE,FALSE,FALSE,fewer than 100 total cases and cumulative incidence below 5/100k,NA,NA
strict,AM,AM_wave_09,2020-05-24,2020-07-19,2020-08-09,FALSE,0.024264624167662726,0.024264624167662726,1,2020-04-19,0,0,5,12,8,5,0.12132312083831363,1,2,2,1,2,2,FALSE,FALSE,FALSE,FALSE,FALSE,1,FALSE,FALSE,FALSE,FALSE,too few nonzero raw incidence weeks; fewer than 30 raw cases,TRUE,FALSE,FALSE,FALSE,FALSE,FALSE,FALSE,FALSE,fewer than 100 total cases and cumulative incidence below 5/100k,NA,NA
strict,AM,AM_wave_10,2020-09-20,2020-09-27,2020-10-11,FALSE,0.024264624167662726,0.008088208055887575,1,2020-08-09,0,0,6,4,1,1,0.024264624167662726,1,1,1,1,1,1,FALSE,FALSE,FALSE,TRUE,TRUE,1,FALSE,FALSE,FALSE,FALSE,too few nonzero raw incidence weeks; fewer than 30 raw cases; one week contains >=80% of early-window cases (backlog screen),TRUE,FALSE,FALSE,FALSE,FALSE,FALSE,FALSE,FALSE,fewer than 100 total cases and cumulative incidence below 5/100k,NA,NA
strict,AM,AM_wave_11,2020-12-13,2020-12-27,2021-02-07,FALSE,0,0.032126594474391555,0,2020-10-11,0,0,9,9,2,6,0.14445655626018264,4,5,6,2,3,4,FALSE,FALSE,FALSE,TRUE,FALSE,1,FALSE,FALSE,FALSE,FALSE,too few nonzero raw incidence weeks; fewer than 30 raw cases,TRUE,FALSE,FALSE,FALSE,FALSE,FALSE,FALSE,FALSE,fewer than 100 total cases and cumulative incidence below 5/100k,NA,NA
strict,AM,AM_wave_12,2021-03-14,2021-06-06,2021-11-07,FALSE,0.16826870492952786,0.1842942958751972,7,2021-02-07,0,0,4,35,12,115,2.764414438127958,6,7,12,4,5,7,FALSE,FALSE,FALSE,FALSE,FALSE,4,FALSE,FALSE,TRUE,FALSE,fewer than 30 raw cases,TRUE,TRUE,TRUE,FALSE,TRUE,FALSE,FALSE,FALSE,cumulative incidence below 5/100k,NA,NA
strict,AM,AM_wave_13,2022-01-30,2022-04-24,2022-07-03,FALSE,0.11905354337870623,0.33334992146037745,5,2021-11-07,0,0,14,23,12,121,2.881095749764691,13,21,34,3,5,7,FALSE,FALSE,FALSE,FALSE,FALSE,5,FALSE,FALSE,TRUE,FALSE,fewer than 30 raw cases,TRUE,TRUE,TRUE,FALSE,TRUE,FALSE,FALSE,FALSE,cumulative incidence below 5/100k,NA,NA
strict,AM,AM_wave_14,2022-07-17,2023-04-02,2023-12-03,FALSE,0.3301442187856305,0.22795672249484011,14,2022-07-03,0.007936902891913749,0.03481758644820577,8,73,37,209,4.932932148358355,7,7,9,4,4,5,FALSE,FALSE,FALSE,FALSE,FALSE,7,FALSE,FALSE,TRUE,FALSE,fewer than 30 raw cases,TRUE,TRUE,TRUE,TRUE,TRUE,FALSE,FALSE,FALSE,cumulative incidence below 5/100k,NA,NA
strict,AM,AM_wave_15,2024-01-07,2025-02-09,2025-12-28,FALSE,0.06941847679201484,0.19282910220004124,3,2023-12-03,0,0,17,104,57,204,4.730065830884252,6,7,7,4,5,5,FALSE,FALSE,FALSE,FALSE,FALSE,10,FALSE,TRUE,TRUE,FALSE,fewer than 30 raw cases,TRUE,TRUE,TRUE,TRUE,TRUE,FALSE,FALSE,FALSE,cumulative incidence below 5/100k,NA,NA
strict,AP,AP_wave_01,2015-11-15,2015-11-22,2016-01-03,FALSE,0.13385984873837092,0.044619949579456974,1,2015-11-08,0,NA,NA,8,1,2,0.26771969747674185,1,2,2,1,2,2,FALSE,FALSE,FALSE,TRUE,FALSE,2,FALSE,FALSE,TRUE,FALSE,too few nonzero raw incidence weeks; fewer than 30 raw cases,TRUE,FALSE,FALSE,FALSE,FALSE,FALSE,FALSE,FALSE,fewer than 100 total cases and cumulative incidence below 5/100k,NA,NA
strict,AP,AP_wave_02,2016-04-10,2016-10-02,2017-11-19,FALSE,1.5853136543065045,1.36513120231949,12,2016-01-03,0,0,5,85,25,378,49.62982046498241,11,19,26,4,6,8,FALSE,FALSE,FALSE,FALSE,FALSE,12,FALSE,FALSE,TRUE,FALSE,fewer than 30 raw cases,TRUE,TRUE,TRUE,TRUE,TRUE,TRUE,TRUE,TRUE,NA,1,FALSE
strict,AP,AP_wave_03,2017-11-26,2018-04-15,2019-04-28,FALSE,1.2940226505724757,1.207754473867644,10,2017-11-19,0,0,5,75,20,201,25.998767055277927,6,10,15,3,4,6,FALSE,FALSE,FALSE,FALSE,FALSE,6,FALSE,FALSE,TRUE,FALSE,fewer than 30 raw cases,TRUE,TRUE,TRUE,TRUE,TRUE,TRUE,TRUE,TRUE,NA,2,TRUE
strict,AP,AP_wave_04,2019-06-09,2019-06-23,2019-08-11,FALSE,0,0.08552842023876113,0,2019-04-28,0,0,6,10,2,4,0.5131705214325668,2,2,4,2,2,4,FALSE,FALSE,FALSE,TRUE,FALSE,2,FALSE,FALSE,TRUE,FALSE,too few nonzero raw incidence weeks; fewer than 30 raw cases,TRUE,FALSE,FALSE,FALSE,FALSE,FALSE,FALSE,FALSE,fewer than 100 total cases and cumulative incidence below 5/100k,NA,NA
strict,AP,AP_wave_05,2019-10-20,2019-10-27,2019-11-10,FALSE,0.1282926303581417,0.042764210119380565,1,2019-08-11,0,0,10,4,1,1,0.1282926303581417,1,1,1,1,1,1,FALSE,FALSE,FALSE,TRUE,TRUE,1,FALSE,FALSE,FALSE,FALSE,too few nonzero raw incidence weeks; fewer than 30 raw cases; one week contains >=80% of early-window cases (backlog screen),TRUE,FALSE,FALSE,FALSE,FALSE,FALSE,FALSE,FALSE,fewer than 100 total cases and cumulative incidence below 5/100k,NA,NA
strict,AP,AP_wave_06,2019-12-22,2020-01-19,2020-03-01,FALSE,0.2546041986778404,0.1273020993389202,2,2019-11-10,0,0,6,11,4,6,0.7648031270527427,2,5,5,2,4,4,FALSE,FALSE,FALSE,FALSE,FALSE,1,FALSE,FALSE,FALSE,FALSE,fewer than 30 raw cases,TRUE,FALSE,FALSE,FALSE,FALSE,FALSE,FALSE,FALSE,fewer than 100 total cases and cumulative incidence below 5/100k,NA,NA
strict,AP,AP_wave_07,2020-11-01,2020-11-08,2020-11-22,FALSE,0.2546041986778404,0.0848680662259468,2,2020-03-01,0,0,35,4,1,2,0.2546041986778404,2,2,2,1,1,1,FALSE,FALSE,FALSE,TRUE,TRUE,1,FALSE,FALSE,FALSE,FALSE,too few nonzero raw incidence weeks; fewer than 30 raw cases; one week contains >=80% of early-window cases (backlog screen),TRUE,FALSE,FALSE,FALSE,FALSE,FALSE,FALSE,FALSE,fewer than 100 total cases and cumulative incidence below 5/100k,NA,NA
strict,AP,AP_wave_08,2020-12-27,2021-01-10,2021-02-07,FALSE,0.25288574242828477,0.2107381186902373,2,2020-11-22,0,0,5,7,2,6,0.7586572272848543,5,6,6,3,4,4,FALSE,FALSE,FALSE,TRUE,FALSE,2,FALSE,FALSE,TRUE,FALSE,fewer than 30 raw cases,TRUE,FALSE,FALSE,FALSE,FALSE,FALSE,FALSE,FALSE,fewer than 100 total cases and cumulative incidence below 5/100k,NA,NA
strict,AP,AP_wave_09,2021-02-28,2021-08-01,2021-10-10,FALSE,0.8851000984989966,1.1379858409272814,7,2021-02-07,0,0,4,33,22,68,8.598115242561683,4,6,10,2,4,6,FALSE,FALSE,FALSE,FALSE,FALSE,3,FALSE,FALSE,TRUE,FALSE,fewer than 30 raw cases,TRUE,TRUE,FALSE,FALSE,TRUE,TRUE,FALSE,FALSE,fewer than 100 total cases,NA,NA
strict,AP,AP_wave_10,2021-12-12,2022-05-15,2022-07-24,FALSE,0.25142779559423073,0.2933324281932692,2,2021-10-10,0,0,11,33,22,25,3.143576418344911,2,3,4,2,3,4,FALSE,FALSE,FALSE,FALSE,FALSE,3,FALSE,FALSE,TRUE,FALSE,too few nonzero raw incidence weeks; fewer than 30 raw cases,TRUE,FALSE,FALSE,FALSE,TRUE,FALSE,FALSE,FALSE,fewer than 100 total cases and cumulative incidence below 5/100k,NA,NA
strict,AP,AP_wave_11,2022-11-20,2022-11-27,2022-12-11,FALSE,0.12571389779711536,0.041904632599038455,1,2022-07-24,0,0,17,4,1,1,0.12571389779711536,1,1,1,1,1,1,FALSE,FALSE,FALSE,TRUE,TRUE,1,FALSE,FALSE,FALSE,FALSE,too few nonzero raw incidence weeks; fewer than 30 raw cases; one week contains >=80% of early-window cases (backlog screen),TRUE,FALSE,FALSE,FALSE,FALSE,FALSE,FALSE,FALSE,fewer than 100 total cases and cumulative incidence below 5/100k,NA,NA
strict,AP,AP_wave_12,2023-01-15,2023-02-26,2023-03-19,FALSE,0.12513702504242144,0.0834246833616143,1,2022-12-11,0,0,5,10,6,3,0.37541107512726435,1,1,3,1,1,3,FALSE,FALSE,FALSE,FALSE,TRUE,2,FALSE,FALSE,TRUE,FALSE,too few nonzero raw incidence weeks; fewer than 30 raw cases; one week contains >=80% of early-window cases (backlog screen),TRUE,FALSE,FALSE,FALSE,FALSE,FALSE,FALSE,FALSE,fewer than 100 total cases and cumulative incidence below 5/100k,NA,NA
strict,AP,AP_wave_13,2023-04-16,2023-05-14,2023-07-09,FALSE,0.12513702504242144,0.20856170840403573,1,2023-03-19,0,0,4,13,4,8,1.0010962003393715,3,6,7,2,4,5,FALSE,FALSE,FALSE,FALSE,FALSE,2,FALSE,FALSE,TRUE,FALSE,fewer than 30 raw cases,TRUE,FALSE,FALSE,FALSE,FALSE,FALSE,FALSE,FALSE,fewer than 100 total cases and cumulative incidence below 5/100k,NA,NA
strict,AP,AP_wave_14,2023-12-31,2024-02-25,2025-04-27,FALSE,3.363073699891759,2.698762845592152,27,2023-07-09,0,0,6,70,8,279,34.73475302326676,34,45,73,4,6,8,TRUE,TRUE,TRUE,FALSE,FALSE,14,FALSE,FALSE,TRUE,FALSE,NA,TRUE,TRUE,TRUE,TRUE,TRUE,TRUE,TRUE,TRUE,NA,3,TRUE
strict,AP,AP_wave_15,2025-05-18,2025-08-10,2025-10-19,FALSE,0.12398994689510574,0.2479798937902115,1,2025-04-27,0,0,5,23,12,22,2.7277788316923264,2,3,5,2,3,4,FALSE,FALSE,FALSE,FALSE,FALSE,2,FALSE,FALSE,TRUE,FALSE,too few nonzero raw incidence weeks; fewer than 30 raw cases,TRUE,FALSE,FALSE,FALSE,TRUE,FALSE,FALSE,FALSE,fewer than 100 total cases and cumulative incidence below 5/100k,NA,NA
strict,AP,AP_wave_16,2025-11-16,2025-11-23,NA,TRUE,0.12398994689510574,0.12398994689510574,1,2025-10-19,0,0,4,7,1,4,0.495959787580423,3,3,NA,2,2,NA,FALSE,FALSE,FALSE,TRUE,FALSE,1,FALSE,FALSE,FALSE,TRUE,too few nonzero raw incidence weeks; fewer than 30 raw cases,TRUE,FALSE,FALSE,FALSE,FALSE,FALSE,FALSE,FALSE,fewer than 100 total cases and cumulative incidence below 5/100k,NA,NA
strict,BA,BA_wave_01,2016-01-31,2016-03-06,2016-08-28,FALSE,3.4624999552559643,3.5841119483829136,503,2015-03-15,0.00460709103641834,NA,NA,31,5,5834,40.15949252278986,384,1411,2402,4,6,8,TRUE,TRUE,TRUE,FALSE,FALSE,8,FALSE,FALSE,TRUE,FALSE,NA,TRUE,TRUE,TRUE,TRUE,TRUE,TRUE,TRUE,TRUE,NA,1,FALSE
strict,BA,BA_wave_02,2016-12-18,2017-01-22,2017-10-22,FALSE,2.414482725885148,2.5539556863766197,352,2016-08-28,0.10555003177055956,0.04132805918817912,26,45,5,6321,43.36123560061383,693,1467,2165,4,6,8,TRUE,TRUE,TRUE,FALSE,FALSE,4,FALSE,FALSE,TRUE,FALSE,NA,TRUE,TRUE,TRUE,TRUE,TRUE,TRUE,TRUE,TRUE,NA,2,TRUE
strict,BA,BA_wave_03,2017-12-31,2018-05-27,2018-12-16,FALSE,1.0251046768555694,1.1412832068992005,150,2017-10-22,0.0342966296290504,0.030050936894298417,17,51,21,3281,22.423113961836915,145,220,315,4,6,8,TRUE,TRUE,TRUE,FALSE,FALSE,5,FALSE,FALSE,TRUE,FALSE,NA,TRUE,TRUE,TRUE,TRUE,TRUE,TRUE,TRUE,TRUE,NA,3,TRUE
strict,BA,BA_wave_04,2019-03-31,2019-05-26,2019-12-15,FALSE,2.4569104861075663,2.5499237178069296,361,2018-12-16,0.029614135109160892,0.025948103792415172,28,38,8,5514,37.52743606758205,347,615,1131,4,6,8,TRUE,TRUE,TRUE,FALSE,FALSE,2,FALSE,FALSE,TRUE,FALSE,NA,TRUE,TRUE,TRUE,TRUE,TRUE,TRUE,TRUE,TRUE,NA,4,TRUE
strict,BA,BA_wave_05,2020-02-02,2020-05-17,2020-12-20,FALSE,7.994005648419292,8.079889791659307,1179,2019-12-15,0.3085316953930093,0.12099644128113879,16,47,15,18528,125.62590046981565,768,1403,2027,4,6,8,TRUE,TRUE,TRUE,FALSE,FALSE,2,FALSE,FALSE,TRUE,FALSE,NA,TRUE,TRUE,TRUE,TRUE,TRUE,TRUE,TRUE,TRUE,NA,5,TRUE
strict,BA,BA_wave_06,2021-01-10,2021-03-14,2021-10-24,FALSE,5.612556438312257,5.2248617767099645,830,2020-12-20,0.1039650155010708,0.019898137011872565,23,42,9,9449,63.89523588628014,726,1318,2354,4,6,8,TRUE,TRUE,TRUE,FALSE,FALSE,1,FALSE,FALSE,FALSE,FALSE,NA,TRUE,TRUE,TRUE,TRUE,TRUE,TRUE,TRUE,TRUE,NA,6,TRUE
strict,BA,BA_wave_07,2021-12-19,2022-03-06,2022-10-02,FALSE,6.839354632285441,6.107933027977191,1013,2021-10-24,0.08565347174934368,0.01639344262295082,28,42,11,13700,92.49878671071967,655,1392,2376,4,6,8,TRUE,TRUE,TRUE,FALSE,FALSE,3,FALSE,FALSE,TRUE,FALSE,NA,TRUE,TRUE,TRUE,TRUE,TRUE,TRUE,TRUE,TRUE,NA,7,TRUE
strict,BA,BA_wave_08,2022-11-20,2023-05-07,2023-12-24,FALSE,2.92673597591067,3.003163797094205,434,2022-10-02,0.16878960099421125,0.0562039277236654,19,58,24,12518,84.42346464451646,592,841,1508,4,6,8,TRUE,TRUE,TRUE,FALSE,FALSE,5,FALSE,FALSE,TRUE,FALSE,NA,TRUE,TRUE,TRUE,TRUE,TRUE,TRUE,TRUE,TRUE,NA,8,TRUE
strict,BA,BA_wave_09,2024-02-04,2024-03-10,2025-12-28,FALSE,9.669699625864776,9.431772940548697,1436,2023-12-24,0.1416162568989034,0.047155688622754495,21,100,5,14627,98.4801845761774,2054,4757,7207,4,6,8,TRUE,TRUE,TRUE,FALSE,FALSE,7,FALSE,FALSE,TRUE,FALSE,NA,TRUE,TRUE,TRUE,TRUE,TRUE,TRUE,TRUE,TRUE,NA,9,TRUE
strict,CE,CE_wave_01,2015-02-22,2015-04-19,2015-06-28,FALSE,0.022685464447453545,0.022685464447453545,2,2015-02-15,0,NA,NA,19,8,20,0.22685464447453546,5,7,9,3,5,7,FALSE,FALSE,FALSE,FALSE,FALSE,3,FALSE,FALSE,TRUE,FALSE,fewer than 30 raw cases,TRUE,FALSE,FALSE,FALSE,FALSE,FALSE,FALSE,FALSE,fewer than 100 total cases and cumulative incidence below 5/100k,NA,NA
strict,CE,CE_wave_02,2016-03-27,2016-05-29,2016-12-18,FALSE,25.19959635566052,23.580480966678756,2236,2015-06-28,0,0,25,39,9,30218,340.5551890319095,1747,4378,8369,4,6,8,TRUE,TRUE,TRUE,FALSE,FALSE,3,FALSE,FALSE,TRUE,FALSE,NA,TRUE,TRUE,TRUE,TRUE,TRUE,TRUE,TRUE,TRUE,NA,1,FALSE
strict,CE,CE_wave_03,2017-02-26,2017-04-23,2018-12-16,FALSE,97.28620566317323,107.92770147575024,8682,2016-12-18,1.483876052547094,0.06292815039031384,22,95,8,105187,1178.5793855768688,10433,23970,42550,4,6,8,TRUE,TRUE,TRUE,FALSE,FALSE,8,FALSE,FALSE,TRUE,FALSE,NA,TRUE,TRUE,TRUE,TRUE,TRUE,TRUE,TRUE,TRUE,NA,2,TRUE
strict,CE,CE_wave_04,2019-01-06,2019-04-28,2019-11-03,FALSE,0.6529704455615772,0.6455922484365877,59,2018-12-16,0.06312689649907144,0.09778137307556595,17,44,16,1157,12.804861110419406,71,126,174,4,6,8,TRUE,TRUE,TRUE,FALSE,FALSE,4,FALSE,FALSE,TRUE,FALSE,NA,TRUE,TRUE,TRUE,TRUE,TRUE,TRUE,TRUE,TRUE,NA,3,TRUE
strict,CE,CE_wave_05,2020-01-12,2020-08-02,2020-12-20,FALSE,0.429093460846707,0.40342120250545105,39,2019-11-03,0.04426918274993744,0.10973439788241987,5,50,29,1005,11.05740841412668,52,88,151,4,6,8,TRUE,TRUE,TRUE,FALSE,FALSE,5,FALSE,FALSE,TRUE,FALSE,NA,TRUE,TRUE,TRUE,TRUE,TRUE,TRUE,TRUE,TRUE,NA,4,TRUE
strict,CE,CE_wave_06,2022-02-06,2022-05-15,2023-12-17,FALSE,38.42646831726228,36.23285282968212,3521,2020-12-20,0.03667465477322282,0.0909090909090909,11,98,14,52299,570.685390986396,2798,5535,8650,4,6,8,TRUE,TRUE,TRUE,FALSE,FALSE,7,FALSE,FALSE,TRUE,FALSE,NA,TRUE,TRUE,TRUE,TRUE,TRUE,TRUE,TRUE,TRUE,NA,5,TRUE
strict,CE,CE_wave_07,2024-01-07,2024-04-07,2024-12-15,FALSE,0.6931165726771714,0.5884270903457237,64,2023-12-17,0.03986949482015523,0.06775604909136722,18,50,13,882,9.552012767207268,51,96,176,4,6,8,TRUE,TRUE,TRUE,FALSE,FALSE,5,FALSE,FALSE,TRUE,FALSE,NA,TRUE,TRUE,TRUE,TRUE,TRUE,TRUE,FALSE,TRUE,NA,6,TRUE
strict,CE,CE_wave_08,2025-02-02,2025-05-04,2025-12-28,FALSE,0.4315536492392356,0.4639201729321783,40,2024-12-15,0.021659892896161607,0.04668883605397371,31,48,13,665,7.174579418602293,30,51,74,4,6,8,TRUE,TRUE,TRUE,FALSE,FALSE,4,FALSE,FALSE,TRUE,FALSE,NA,TRUE,TRUE,TRUE,TRUE,TRUE,TRUE,FALSE,TRUE,NA,7,TRUE
strict,DF,DF_wave_01,2016-02-21,2016-03-20,2016-07-17,FALSE,0.10624847267820525,0.16527540194387483,3,2015-12-27,0,NA,NA,22,4,56,1.983304823326498,10,17,26,3,5,7,FALSE,FALSE,FALSE,FALSE,FALSE,2,FALSE,FALSE,TRUE,FALSE,fewer than 30 raw cases,TRUE,TRUE,FALSE,FALSE,FALSE,FALSE,FALSE,FALSE,fewer than 100 total cases and cumulative incidence below 5/100k,NA,NA
strict,DF,DF_wave_02,2016-09-11,2016-09-18,2016-11-20,FALSE,0.0708323151188035,0.023610771706267835,2,2016-07-17,0,0,8,11,1,4,0.141664630237607,2,2,3,1,1,2,FALSE,FALSE,FALSE,TRUE,TRUE,2,FALSE,FALSE,TRUE,FALSE,too few nonzero raw incidence weeks; fewer than 30 raw cases; one week contains >=80% of early-window cases (backlog screen),TRUE,FALSE,FALSE,FALSE,FALSE,FALSE,FALSE,FALSE,fewer than 100 total cases and cumulative incidence below 5/100k,NA,NA
strict,DF,DF_wave_03,2016-12-18,2017-01-01,2017-08-06,FALSE,0.10525156175775721,0.08219462945173829,3,2016-11-20,0,0,4,34,2,40,1.4043510676905444,7,10,13,3,4,6,FALSE,FALSE,FALSE,TRUE,FALSE,6,FALSE,FALSE,TRUE,FALSE,fewer than 30 raw cases,TRUE,FALSE,FALSE,FALSE,FALSE,FALSE,FALSE,FALSE,fewer than 100 total cases and cumulative incidence below 5/100k,NA,NA
strict,DF,DF_wave_04,2017-09-24,2017-10-01,2017-10-15,FALSE,0.07016770783850482,0.023389235946168273,2,2017-08-06,0,0,7,4,1,2,0.07016770783850482,2,2,2,1,1,1,FALSE,FALSE,FALSE,TRUE,TRUE,1,FALSE,FALSE,FALSE,FALSE,too few nonzero raw incidence weeks; fewer than 30 raw cases; one week contains >=80% of early-window cases (backlog screen),TRUE,FALSE,FALSE,FALSE,FALSE,FALSE,FALSE,FALSE,fewer than 100 total cases and cumulative incidence below 5/100k,NA,NA
strict,DF,DF_wave_05,2017-11-12,2017-11-19,2017-12-03,FALSE,0.03508385391925241,0.011694617973084137,1,2017-10-15,0,0,4,4,1,1,0.03508385391925241,1,1,1,1,1,1,FALSE,FALSE,FALSE,TRUE,TRUE,1,FALSE,FALSE,FALSE,FALSE,too few nonzero raw incidence weeks; fewer than 30 raw cases; one week contains >=80% of early-window cases (backlog screen),TRUE,FALSE,FALSE,FALSE,FALSE,FALSE,FALSE,FALSE,fewer than 100 total cases and cumulative incidence below 5/100k,NA,NA
strict,DF,DF_wave_06,2018-02-11,2018-02-18,2018-06-10,FALSE,0.06955522563193531,0.0231850752106451,2,2017-12-03,0,0,10,18,1,8,0.27822090252774123,2,4,4,1,3,3,FALSE,FALSE,FALSE,TRUE,FALSE,3,FALSE,FALSE,TRUE,FALSE,too few nonzero raw incidence weeks; fewer than 30 raw cases,TRUE,FALSE,FALSE,FALSE,FALSE,FALSE,FALSE,FALSE,fewer than 100 total cases and cumulative incidence below 5/100k,NA,NA
strict,DF,DF_wave_07,2018-08-05,2018-08-12,2018-08-26,FALSE,0.034777612815967654,0.01159253760532255,1,2018-06-10,0,0,8,4,1,1,0.034777612815967654,1,1,1,1,1,1,FALSE,FALSE,FALSE,TRUE,TRUE,1,FALSE,FALSE,FALSE,FALSE,too few nonzero raw incidence weeks; fewer than 30 raw cases; one week contains >=80% of early-window cases (backlog screen),TRUE,FALSE,FALSE,FALSE,FALSE,FALSE,FALSE,FALSE,fewer than 100 total cases and cumulative incidence below 5/100k,NA,NA
strict,DF,DF_wave_08,2018-12-23,2019-06-02,2019-08-11,FALSE,0.2758898482192,0.19542197582193332,8,2018-08-26,0,0,15,34,23,38,1.3107681608297677,3,4,4,3,4,4,FALSE,FALSE,FALSE,FALSE,FALSE,7,FALSE,FALSE,TRUE,FALSE,fewer than 30 raw cases,TRUE,FALSE,FALSE,FALSE,FALSE,FALSE,FALSE,FALSE,fewer than 100 total cases and cumulative incidence below 5/100k,NA,NA
strict,DF,DF_wave_09,2020-03-01,2020-04-26,2021-01-17,FALSE,0.06845992886328792,0.14832984587045717,2,2019-08-11,0,0,31,47,8,58,1.9851444426813938,4,7,9,3,5,7,FALSE,FALSE,FALSE,FALSE,FALSE,8,FALSE,FALSE,TRUE,FALSE,fewer than 30 raw cases,TRUE,TRUE,FALSE,FALSE,FALSE,FALSE,FALSE,FALSE,fewer than 100 total cases and cumulative incidence below 5/100k,NA,NA
strict,DF,DF_wave_10,2021-04-04,2021-05-16,2021-10-31,FALSE,0.37440117085457064,0.37440117085457064,11,2021-01-17,0,0,12,31,6,98,3.3355740676134475,12,30,52,4,6,8,FALSE,TRUE,TRUE,FALSE,FALSE,4,FALSE,FALSE,TRUE,FALSE,NA,TRUE,TRUE,FALSE,FALSE,TRUE,FALSE,FALSE,FALSE,fewer than 100 total cases and cumulative incidence below 5/100k,NA,NA
strict,DF,DF_wave_11,2022-01-02,2022-05-01,2022-11-06,FALSE,0.9145021754990641,0.7903105220362283,27,2021-10-31,0.011345490025896082,0.030303030303030307,15,45,17,462,15.64814833631732,35,60,90,4,6,8,TRUE,TRUE,TRUE,FALSE,FALSE,6,FALSE,FALSE,TRUE,FALSE,NA,TRUE,TRUE,TRUE,TRUE,TRUE,TRUE,TRUE,TRUE,NA,1,FALSE
strict,DF,DF_wave_12,2022-12-25,2023-05-07,2023-08-06,FALSE,1.0446352420167122,0.9098435978855236,31,2022-11-06,0.03387045094440978,0.04285714285714286,16,33,19,501,16.88265342743138,29,74,102,3,5,7,TRUE,TRUE,TRUE,FALSE,FALSE,7,FALSE,FALSE,TRUE,FALSE,NA,TRUE,TRUE,TRUE,TRUE,TRUE,TRUE,TRUE,TRUE,NA,2,TRUE
strict,DF,DF_wave_13,2023-11-26,2024-03-10,2024-09-08,FALSE,1.3074884220223961,0.9945852099144724,39,2023-08-06,0.05616318505466194,0.061728395061728385,18,42,15,342,11.471534974676592,22,34,55,4,6,8,TRUE,TRUE,TRUE,FALSE,FALSE,11,FALSE,FALSE,TRUE,FALSE,NA,TRUE,TRUE,TRUE,TRUE,TRUE,TRUE,TRUE,TRUE,NA,3,TRUE
strict,DF,DF_wave_14,2024-09-29,2025-11-23,NA,TRUE,0.23357477178910602,0.3448008535934422,7,2024-09-08,0.03352534415442042,0.09723103584294039,4,66,60,274,9.149714787293696,11,24,28,4,6,7,FALSE,FALSE,FALSE,FALSE,FALSE,1,FALSE,TRUE,FALSE,TRUE,fewer than 30 raw cases,TRUE,TRUE,TRUE,TRUE,TRUE,TRUE,FALSE,TRUE,NA,4,TRUE
strict,ES,ES_wave_01,2016-12-25,2017-03-12,2017-10-01,FALSE,1.152501273513907,0.9390751117520725,45,2016-09-25,0,NA,NA,41,11,690,17.672577578800112,54,91,137,4,6,8,TRUE,TRUE,TRUE,FALSE,FALSE,14,FALSE,FALSE,TRUE,FALSE,NA,TRUE,TRUE,TRUE,TRUE,TRUE,TRUE,TRUE,TRUE,NA,1,FALSE
strict,ES,ES_wave_02,2017-10-22,2018-06-24,2018-10-28,FALSE,0.6603813600757305,0.6095827939160589,26,2017-10-01,0.05975932529331371,0.0980331562664525,5,54,35,563,14.311660328516274,23,27,34,4,6,8,TRUE,FALSE,FALSE,FALSE,FALSE,4,FALSE,FALSE,TRUE,FALSE,fewer than 30 raw cases,TRUE,TRUE,TRUE,TRUE,TRUE,TRUE,TRUE,TRUE,NA,2,TRUE
strict,ES,ES_wave_03,2019-01-20,2019-05-05,2019-09-22,FALSE,1.964731062322529,1.8891644830024317,78,2018-10-28,0.05079856615967157,0.08333333333333333,10,36,15,1096,27.606990311608865,43,55,74,4,6,8,TRUE,TRUE,TRUE,FALSE,FALSE,3,FALSE,FALSE,TRUE,FALSE,NA,TRUE,TRUE,TRUE,TRUE,TRUE,TRUE,TRUE,TRUE,NA,3,TRUE
strict,ES,ES_wave_04,2019-12-01,2020-01-19,2020-04-19,FALSE,10.771049717516101,10.396187198345007,431,2019-09-22,0.31066260387151096,0.16444444444444442,5,21,7,4885,122.25567737021572,595,1239,2090,4,6,8,TRUE,TRUE,TRUE,FALSE,FALSE,1,FALSE,FALSE,FALSE,FALSE,NA,TRUE,TRUE,TRUE,TRUE,TRUE,TRUE,TRUE,TRUE,NA,4,TRUE
strict,ES,ES_wave_05,2020-05-31,2020-06-14,2020-07-12,FALSE,0,0.008330278203802088,0,2020-04-19,0,0,6,7,2,2,0.04998166922281253,1,2,2,1,2,2,FALSE,FALSE,FALSE,TRUE,FALSE,1,FALSE,FALSE,FALSE,FALSE,too few nonzero raw incidence weeks; fewer than 30 raw cases,TRUE,FALSE,FALSE,FALSE,FALSE,FALSE,FALSE,FALSE,fewer than 100 total cases and cumulative incidence below 5/100k,NA,NA
strict,ES,ES_wave_06,2021-05-02,2021-05-09,2021-05-23,FALSE,0.024829045812320715,0.008276348604106904,1,2020-07-12,0,0,42,4,1,1,0.024829045812320715,1,1,1,1,1,1,FALSE,FALSE,FALSE,TRUE,TRUE,1,FALSE,FALSE,FALSE,FALSE,too few nonzero raw incidence weeks; fewer than 30 raw cases; one week contains >=80% of early-window cases (backlog screen),TRUE,FALSE,FALSE,FALSE,FALSE,FALSE,FALSE,FALSE,fewer than 100 total cases and cumulative incidence below 5/100k,NA,NA
strict,ES,ES_wave_07,2022-01-02,2022-04-03,2022-09-11,FALSE,1.7033197207641833,1.7609199045581412,69,2021-05-23,0,0,31,37,13,941,23.229331264334732,50,77,112,4,6,8,TRUE,TRUE,TRUE,FALSE,FALSE,2,FALSE,FALSE,TRUE,FALSE,NA,TRUE,TRUE,TRUE,TRUE,TRUE,TRUE,TRUE,TRUE,NA,5,TRUE
strict,ES,ES_wave_08,2023-02-05,2024-03-17,2024-12-15,FALSE,16.844911508146136,15.918563263125074,691,2022-09-11,0.07405737916366015,0.042056074766355145,25,98,58,17263,421.5673282420865,380,574,849,4,6,8,TRUE,TRUE,TRUE,FALSE,FALSE,11,FALSE,TRUE,TRUE,FALSE,NA,TRUE,TRUE,TRUE,TRUE,TRUE,TRUE,TRUE,TRUE,NA,6,TRUE
strict,GO,GO_wave_01,2015-07-26,2015-08-02,2015-08-16,FALSE,0.015081980366579598,0.005027326788859866,1,2015-07-19,0,NA,NA,4,1,1,0.015081980366579598,1,1,1,1,1,1,FALSE,FALSE,FALSE,TRUE,TRUE,1,FALSE,FALSE,FALSE,FALSE,too few nonzero raw incidence weeks; fewer than 30 raw cases; one week contains >=80% of early-window cases (backlog screen),TRUE,FALSE,FALSE,FALSE,FALSE,FALSE,FALSE,FALSE,fewer than 100 total cases and cumulative incidence below 5/100k,NA,NA
strict,GO,GO_wave_02,2015-11-08,2015-11-15,2015-11-29,FALSE,0.015081980366579598,0.005027326788859866,1,2015-08-16,0,0,12,4,1,1,0.015081980366579598,1,1,1,1,1,1,FALSE,FALSE,FALSE,TRUE,TRUE,1,FALSE,FALSE,FALSE,FALSE,too few nonzero raw incidence weeks; fewer than 30 raw cases; one week contains >=80% of early-window cases (backlog screen),TRUE,FALSE,FALSE,FALSE,FALSE,FALSE,FALSE,FALSE,fewer than 100 total cases and cumulative incidence below 5/100k,NA,NA
strict,GO,GO_wave_03,2016-01-10,2016-02-07,2016-02-28,FALSE,0.04463951582195559,0.02975967721463706,3,2015-11-29,0,0,6,8,4,7,0.10415887025122972,3,7,7,2,4,4,FALSE,FALSE,FALSE,FALSE,FALSE,1,FALSE,FALSE,FALSE,FALSE,fewer than 30 raw cases,TRUE,FALSE,FALSE,FALSE,FALSE,FALSE,FALSE,FALSE,fewer than 100 total cases and cumulative incidence below 5/100k,NA,NA
strict,GO,GO_wave_04,2016-03-06,2016-05-08,2016-08-28,FALSE,0.02975967721463706,0.04463951582195559,2,2016-02-28,0,0,4,26,9,22,0.32735644936100766,2,3,6,2,3,4,FALSE,FALSE,FALSE,FALSE,FALSE,3,FALSE,FALSE,TRUE,FALSE,too few nonzero raw incidence weeks; fewer than 30 raw cases,TRUE,FALSE,FALSE,FALSE,FALSE,FALSE,FALSE,FALSE,fewer than 100 total cases and cumulative incidence below 5/100k,NA,NA
strict,GO,GO_wave_05,2016-09-04,2017-01-29,2017-07-30,FALSE,0.058775713640021085,0.05387773750335266,4,2016-08-28,0,0,9,48,21,56,0.824905003130741,2,3,3,1,2,2,FALSE,FALSE,FALSE,FALSE,FALSE,5,FALSE,FALSE,TRUE,FALSE,too few nonzero raw incidence weeks; fewer than 30 raw cases,TRUE,TRUE,FALSE,FALSE,FALSE,FALSE,FALSE,FALSE,fewer than 100 total cases and cumulative incidence below 5/100k,NA,NA
strict,GO,GO_wave_06,2017-09-17,2017-12-24,2018-03-04,FALSE,0.014693928410005271,0.014693928410005271,1,2017-07-30,0,0,7,25,14,8,0.11719769513778913,1,2,2,1,2,2,FALSE,FALSE,FALSE,FALSE,FALSE,4,FALSE,FALSE,TRUE,FALSE,too few nonzero raw incidence weeks; fewer than 30 raw cases,TRUE,FALSE,FALSE,FALSE,FALSE,FALSE,FALSE,FALSE,fewer than 100 total cases and cumulative incidence below 5/100k,NA,NA
strict,GO,GO_wave_07,2018-04-01,2018-04-29,2018-07-08,FALSE,0.029034124677757508,0.014517062338878754,2,2018-03-04,0,0,4,15,4,6,0.08710237403327252,1,4,4,1,3,3,FALSE,FALSE,FALSE,FALSE,FALSE,2,FALSE,FALSE,TRUE,FALSE,too few nonzero raw incidence weeks; fewer than 30 raw cases,TRUE,FALSE,FALSE,FALSE,FALSE,FALSE,FALSE,FALSE,fewer than 100 total cases and cumulative incidence below 5/100k,NA,NA
strict,GO,GO_wave_08,2018-10-07,2018-10-21,2018-11-18,FALSE,0,0.004839020779626251,0,2018-07-08,0,0,13,7,2,2,0.029034124677757508,1,2,2,1,2,2,FALSE,FALSE,FALSE,TRUE,FALSE,1,FALSE,FALSE,FALSE,FALSE,too few nonzero raw incidence weeks; fewer than 30 raw cases,TRUE,FALSE,FALSE,FALSE,FALSE,FALSE,FALSE,FALSE,fewer than 100 total cases and cumulative incidence below 5/100k,NA,NA
strict,GO,GO_wave_09,2019-02-03,2019-02-10,2019-02-24,FALSE,0.014337460227885328,0.0047791534092951095,1,2018-11-18,0,0,11,4,1,1,0.014337460227885328,1,1,1,1,1,1,FALSE,FALSE,FALSE,TRUE,TRUE,1,FALSE,FALSE,FALSE,FALSE,too few nonzero raw incidence weeks; fewer than 30 raw cases; one week contains >=80% of early-window cases (backlog screen),TRUE,FALSE,FALSE,FALSE,FALSE,FALSE,FALSE,FALSE,fewer than 100 total cases and cumulative incidence below 5/100k,NA,NA
strict,GO,GO_wave_10,2019-03-24,2019-03-31,2019-04-14,FALSE,0.014337460227885328,0.0047791534092951095,1,2019-02-24,0,0,4,4,1,1,0.014337460227885328,1,1,1,1,1,1,FALSE,FALSE,FALSE,TRUE,TRUE,1,FALSE,FALSE,FALSE,FALSE,too few nonzero raw incidence weeks; fewer than 30 raw cases; one week contains >=80% of early-window cases (backlog screen),TRUE,FALSE,FALSE,FALSE,FALSE,FALSE,FALSE,FALSE,fewer than 100 total cases and cumulative incidence below 5/100k,NA,NA
strict,GO,GO_wave_11,2019-06-09,2019-06-16,2019-06-30,FALSE,0.014337460227885328,0.0047791534092951095,1,2019-04-14,0,0,8,4,1,1,0.014337460227885328,1,1,1,1,1,1,FALSE,FALSE,FALSE,TRUE,TRUE,1,FALSE,FALSE,FALSE,FALSE,too few nonzero raw incidence weeks; fewer than 30 raw cases; one week contains >=80% of early-window cases (backlog screen),TRUE,FALSE,FALSE,FALSE,FALSE,FALSE,FALSE,FALSE,fewer than 100 total cases and cumulative incidence below 5/100k,NA,NA
strict,GO,GO_wave_12,2019-10-27,2019-11-03,2019-11-17,FALSE,0.014337460227885328,0.0047791534092951095,1,2019-06-30,0,0,17,4,1,1,0.014337460227885328,1,1,1,1,1,1,FALSE,FALSE,FALSE,TRUE,TRUE,1,FALSE,FALSE,FALSE,FALSE,too few nonzero raw incidence weeks; fewer than 30 raw cases; one week contains >=80% of early-window cases (backlog screen),TRUE,FALSE,FALSE,FALSE,FALSE,FALSE,FALSE,FALSE,fewer than 100 total cases and cumulative incidence below 5/100k,NA,NA
strict,GO,GO_wave_13,2021-03-07,2021-05-23,2021-08-29,FALSE,0.28034943875444107,0.3130568732757925,20,2019-11-17,0,0,58,26,11,294,4.121136749690284,29,50,90,4,6,8,TRUE,TRUE,TRUE,FALSE,FALSE,2,FALSE,FALSE,TRUE,FALSE,NA,TRUE,TRUE,TRUE,TRUE,TRUE,FALSE,FALSE,FALSE,cumulative incidence below 5/100k,NA,NA
strict,GO,GO_wave_14,2021-12-05,2022-03-27,2022-12-18,FALSE,2.8883858283571167,2.670831126541757,208,2021-08-29,0.018689962583629406,0.05970149253731344,14,55,16,4108,57.05819626452493,96,262,463,4,6,8,TRUE,TRUE,TRUE,FALSE,FALSE,2,FALSE,FALSE,TRUE,FALSE,NA,TRUE,TRUE,TRUE,TRUE,TRUE,TRUE,TRUE,TRUE,NA,1,FALSE
strict,GO,GO_wave_15,2023-01-08,2023-05-07,2023-10-01,FALSE,1.4571522324053336,1.4846456707526041,106,2022-12-18,0.06017470475743994,0.040531357712400073,22,39,17,1872,25.733858293045135,94,176,283,4,6,8,TRUE,TRUE,TRUE,FALSE,FALSE,2,FALSE,FALSE,TRUE,FALSE,NA,TRUE,TRUE,TRUE,TRUE,TRUE,TRUE,TRUE,TRUE,NA,2,TRUE
strict,GO,GO_wave_16,2023-11-26,2024-03-03,2024-10-13,FALSE,6.761460437361735,6.883901370835086,497,2023-10-01,0.12372047256271701,0.08333333333333333,12,47,14,10921,148.69014467185306,459,808,1485,4,6,8,TRUE,TRUE,TRUE,FALSE,FALSE,4,FALSE,FALSE,TRUE,FALSE,NA,TRUE,TRUE,TRUE,TRUE,TRUE,TRUE,TRUE,TRUE,NA,3,TRUE
strict,GO,GO_wave_17,2024-11-17,2025-05-11,2025-11-16,FALSE,1.2527565695968912,1.342559907919249,93,2024-10-13,0.12244093347335135,0.09119960513577008,8,53,25,2031,27.376549373563474,75,103,160,4,6,8,TRUE,TRUE,TRUE,FALSE,FALSE,3,FALSE,FALSE,TRUE,FALSE,NA,TRUE,TRUE,TRUE,TRUE,TRUE,TRUE,TRUE,TRUE,NA,4,TRUE
strict,MA,MA_wave_01,2015-03-22,2015-04-26,2015-07-05,FALSE,0,0.01951767149494824,0,2015-03-15,0,NA,NA,16,5,8,0.11710602896968944,2,4,6,1,2,3,FALSE,FALSE,FALSE,FALSE,FALSE,2,FALSE,FALSE,TRUE,FALSE,too few nonzero raw incidence weeks; fewer than 30 raw cases,TRUE,FALSE,FALSE,FALSE,FALSE,FALSE,FALSE,FALSE,fewer than 100 total cases and cumulative incidence below 5/100k,NA,NA
strict,MA,MA_wave_02,2016-03-06,2016-04-24,2016-10-02,FALSE,12.675050459812953,12.199129024923424,870,2015-07-05,0,0,14,31,7,6958,101.37126563146956,1007,2153,3818,4,6,8,TRUE,TRUE,TRUE,FALSE,FALSE,3,FALSE,FALSE,TRUE,FALSE,NA,TRUE,TRUE,TRUE,TRUE,TRUE,TRUE,TRUE,TRUE,NA,1,FALSE
strict,MA,MA_wave_03,2017-01-08,2017-04-09,2017-12-03,FALSE,4.208769479164777,4.847341400141501,290,2016-10-02,0.02428170586171063,0.005009283204397736,28,48,13,4998,72.53596502367432,321,645,960,4,6,8,TRUE,TRUE,TRUE,FALSE,FALSE,9,FALSE,FALSE,TRUE,FALSE,NA,TRUE,TRUE,TRUE,TRUE,TRUE,TRUE,TRUE,TRUE,NA,2,TRUE
strict,MA,MA_wave_04,2017-12-31,2019-03-17,2021-03-21,FALSE,0.7053683570315508,0.7293604780190186,49,2017-12-03,0.06772732495207687,0.09285850686073345,5,169,63,1296,18.679475024751515,62,77,100,4,6,8,TRUE,TRUE,TRUE,FALSE,FALSE,14,TRUE,TRUE,TRUE,FALSE,NA,TRUE,TRUE,TRUE,TRUE,TRUE,TRUE,TRUE,TRUE,NA,3,TRUE
strict,MA,MA_wave_05,2021-11-28,2022-03-13,2022-11-06,FALSE,1.0574318381580565,0.9574045021160782,74,2021-03-21,0,0,127,50,15,1732,24.75112390002272,54,97,141,4,6,8,TRUE,TRUE,TRUE,FALSE,FALSE,10,FALSE,FALSE,TRUE,FALSE,NA,TRUE,TRUE,TRUE,TRUE,TRUE,TRUE,TRUE,TRUE,NA,4,TRUE
strict,MA,MA_wave_06,2023-01-01,2023-04-30,2023-12-17,FALSE,1.9562390746903502,1.7372926089099217,137,2022-11-06,0.10955374899835721,0.11442786069651742,5,51,17,2721,38.85347826447038,124,208,339,4,6,8,TRUE,TRUE,TRUE,FALSE,FALSE,4,FALSE,FALSE,TRUE,FALSE,NA,TRUE,TRUE,TRUE,TRUE,TRUE,TRUE,TRUE,TRUE,NA,5,TRUE
strict,MA,MA_wave_07,2024-01-28,2024-04-07,2024-12-29,FALSE,0.9841733514383195,0.9033475206438681,69,2023-12-17,0.03807764622268321,0.04215171387811312,20,49,10,773,11.025594212490159,91,196,313,4,6,8,TRUE,TRUE,TRUE,FALSE,FALSE,6,FALSE,FALSE,TRUE,FALSE,NA,TRUE,TRUE,TRUE,TRUE,TRUE,TRUE,TRUE,TRUE,NA,6,TRUE
strict,MA,MA_wave_08,2025-01-05,2025-05-04,2025-12-28,FALSE,0.34196749000564386,0.3657152323671469,24,2024-12-29,0.028516939484472127,0.0779758045621779,28,52,17,482,6.8678470909466816,23,36,53,4,6,8,TRUE,TRUE,TRUE,FALSE,FALSE,4,FALSE,FALSE,TRUE,FALSE,NA,TRUE,TRUE,TRUE,TRUE,TRUE,TRUE,FALSE,TRUE,NA,7,TRUE
strict,MG,MG_wave_01,2015-01-18,2015-01-18,2015-02-08,FALSE,0,0.0032567662698150413,0,2015-01-11,0.0016283831349075207,NA,NA,4,0,1,0.004885149404722562,1,1,1,1,1,1,FALSE,FALSE,FALSE,TRUE,TRUE,1,FALSE,FALSE,FALSE,FALSE,too few nonzero raw incidence weeks; fewer than 30 raw cases; too few nonzero renewal infectiousness contributions; one week contains >=80% of early-window cases (backlog screen),TRUE,FALSE,FALSE,FALSE,FALSE,FALSE,FALSE,FALSE,fewer than 100 total cases and cumulative incidence below 5/100k,NA,NA
strict,MG,MG_wave_02,2015-05-03,2015-05-10,2015-05-24,FALSE,0.004885149404722562,0.0016283831349075207,1,2015-02-08,0,0,12,4,1,1,0.004885149404722562,1,1,1,1,1,1,FALSE,FALSE,FALSE,TRUE,TRUE,1,FALSE,FALSE,FALSE,FALSE,too few nonzero raw incidence weeks; fewer than 30 raw cases; one week contains >=80% of early-window cases (backlog screen),TRUE,FALSE,FALSE,FALSE,FALSE,FALSE,FALSE,FALSE,fewer than 100 total cases and cumulative incidence below 5/100k,NA,NA
strict,MG,MG_wave_03,2015-08-02,2015-08-09,2015-08-23,FALSE,0.004885149404722562,0.0016283831349075207,1,2015-05-24,0,0,10,4,1,1,0.004885149404722562,1,1,1,1,1,1,FALSE,FALSE,FALSE,TRUE,TRUE,1,FALSE,FALSE,FALSE,FALSE,too few nonzero raw incidence weeks; fewer than 30 raw cases; one week contains >=80% of early-window cases (backlog screen),TRUE,FALSE,FALSE,FALSE,FALSE,FALSE,FALSE,FALSE,fewer than 100 total cases and cumulative incidence below 5/100k,NA,NA
strict,MG,MG_wave_04,2015-12-06,2016-02-21,2016-07-31,FALSE,0.03885726986490493,0.04695253442009346,8,2015-08-23,0,0,10,35,11,147,0.7141422871256753,5,13,25,4,6,8,FALSE,FALSE,FALSE,FALSE,FALSE,2,FALSE,FALSE,TRUE,FALSE,fewer than 30 raw cases,TRUE,TRUE,TRUE,FALSE,FALSE,FALSE,FALSE,FALSE,cumulative incidence below 5/100k,NA,NA
strict,MG,MG_wave_05,2017-01-22,2017-03-12,2017-05-21,FALSE,6.112586695445272,6.478214410825003,1265,2016-07-31,0,0,12,18,7,11605,56.07633881473706,1443,3369,5919,4,6,8,TRUE,TRUE,TRUE,FALSE,FALSE,4,FALSE,FALSE,TRUE,FALSE,NA,TRUE,TRUE,TRUE,TRUE,TRUE,TRUE,TRUE,TRUE,NA,1,FALSE
strict,MG,MG_wave_06,2018-02-25,2018-04-08,2018-10-28,FALSE,5.124694982096739,4.836250611622251,1066,2017-05-21,0.831118507206788,0.17185182777945437,4,36,6,9670,46.48761770813834,1971,3672,5653,4,6,8,TRUE,TRUE,TRUE,FALSE,FALSE,5,FALSE,FALSE,TRUE,FALSE,NA,TRUE,TRUE,TRUE,TRUE,TRUE,TRUE,TRUE,TRUE,NA,2,TRUE
strict,MG,MG_wave_07,2018-12-30,2019-05-12,2019-10-13,FALSE,0.40159200633023745,0.470117626458016,84,2018-10-28,0.03685678067174014,0.07839906142092216,20,42,19,1714,8.195052995933073,141,239,328,4,6,8,TRUE,TRUE,TRUE,FALSE,FALSE,4,FALSE,FALSE,TRUE,FALSE,NA,TRUE,TRUE,TRUE,TRUE,TRUE,TRUE,FALSE,TRUE,NA,3,TRUE
strict,MG,MG_wave_08,2020-01-05,2020-05-03,2020-08-09,FALSE,0.45169246551767833,0.4532773513616,95,2019-10-13,0.027091524236563636,0.05976809596857949,25,32,17,1426,6.78014164029694,129,215,275,4,6,8,TRUE,TRUE,TRUE,FALSE,FALSE,2,FALSE,FALSE,TRUE,FALSE,NA,TRUE,TRUE,TRUE,TRUE,TRUE,TRUE,FALSE,TRUE,NA,4,TRUE
strict,MG,MG_wave_09,2020-11-08,2021-04-25,2021-10-03,FALSE,1.2596476102661658,1.2659616333752695,266,2020-08-09,0.06022566206902377,0.13286713286713286,6,48,24,5752,27.25463947922069,416,748,833,4,6,8,TRUE,TRUE,TRUE,FALSE,FALSE,3,FALSE,FALSE,TRUE,FALSE,NA,TRUE,TRUE,TRUE,TRUE,TRUE,TRUE,TRUE,TRUE,NA,5,TRUE
strict,MG,MG_wave_10,2022-01-16,2022-04-03,2022-08-28,FALSE,2.5308804002719563,2.5481936368409808,536,2021-10-03,0.02999160976824205,0.023690773067331673,27,33,11,5951,28.099382951526888,298,493,943,4,6,8,TRUE,TRUE,TRUE,FALSE,FALSE,2,FALSE,FALSE,TRUE,FALSE,NA,TRUE,TRUE,TRUE,TRUE,TRUE,TRUE,TRUE,TRUE,NA,6,TRUE
strict,MG,MG_wave_11,2022-12-04,2023-04-02,2023-08-27,FALSE,16.882064775828347,18.256350506116018,3587,2022-08-28,0.10387941941414747,0.04076590487955529,22,39,17,77577,365.17051521054896,3758,8417,13575,4,6,8,TRUE,TRUE,TRUE,FALSE,FALSE,1,FALSE,FALSE,FALSE,FALSE,NA,TRUE,TRUE,TRUE,TRUE,TRUE,TRUE,TRUE,TRUE,NA,7,TRUE
strict,MG,MG_wave_12,2023-12-03,2024-02-18,2024-10-13,FALSE,51.33498393800294,50.34855434835438,10946,2023-08-27,0.46750815939009827,0.025607974563891037,21,46,11,154363,724.101280620993,6156,14957,30173,4,6,8,TRUE,TRUE,TRUE,FALSE,FALSE,1,FALSE,FALSE,FALSE,FALSE,NA,TRUE,TRUE,TRUE,TRUE,TRUE,TRUE,TRUE,TRUE,NA,8,TRUE
strict,MG,MG_wave_13,2024-11-24,2025-02-09,2025-12-28,FALSE,4.4125673845549205,3.9342276292377028,944,2024-10-13,0.5471479498843118,0.1390737907024275,14,58,11,19088,89.24290238536722,908,1244,2205,4,6,8,TRUE,TRUE,TRUE,FALSE,FALSE,4,FALSE,FALSE,TRUE,FALSE,NA,TRUE,TRUE,TRUE,TRUE,TRUE,TRUE,TRUE,TRUE,NA,9,TRUE
strict,MS,MS_wave_01,2015-11-08,2015-12-13,2016-04-03,FALSE,0.18847022113964929,0.25129362818619905,5,2015-11-01,0,NA,NA,22,5,49,1.8420943405648789,13,25,38,3,5,7,FALSE,FALSE,FALSE,FALSE,FALSE,6,FALSE,FALSE,TRUE,FALSE,fewer than 30 raw cases,TRUE,FALSE,FALSE,FALSE,FALSE,FALSE,FALSE,FALSE,fewer than 100 total cases and cumulative incidence below 5/100k,NA,NA
strict,MS,MS_wave_02,2017-01-01,2018-03-11,2018-07-29,FALSE,0.3641447096510365,0.5462170644765547,10,2016-04-03,0,0,51,83,62,292,10.681451152128867,7,10,10,3,4,4,FALSE,FALSE,FALSE,FALSE,FALSE,18,FALSE,TRUE,TRUE,FALSE,fewer than 30 raw cases,TRUE,TRUE,TRUE,TRUE,TRUE,TRUE,TRUE,TRUE,NA,1,FALSE
strict,MS,MS_wave_03,2018-08-26,2020-02-02,2020-09-13,FALSE,0.4987769277193852,0.2731397461320443,14,2018-07-29,0.024276313976735766,0.0888787308347275,4,108,75,179,6.435156094392767,13,19,23,4,6,8,FALSE,FALSE,FALSE,FALSE,FALSE,6,TRUE,TRUE,TRUE,FALSE,fewer than 30 raw cases,TRUE,TRUE,TRUE,FALSE,TRUE,TRUE,FALSE,TRUE,NA,2,TRUE
strict,MS,MS_wave_04,2021-01-17,2021-03-21,2021-05-16,FALSE,0.24718011626646438,0.28249156144738785,7,2020-09-13,0,0,41,18,9,66,2.33055538194095,11,18,26,3,5,7,FALSE,FALSE,FALSE,FALSE,FALSE,6,FALSE,FALSE,TRUE,FALSE,fewer than 30 raw cases,TRUE,TRUE,FALSE,FALSE,TRUE,FALSE,FALSE,FALSE,fewer than 100 total cases and cumulative incidence below 5/100k,NA,NA
strict,MS,MS_wave_05,2021-06-20,2022-06-12,2022-10-09,FALSE,0.2802713166480812,0.38537306039111163,8,2021-05-16,0.04708192690789798,0.16666666666666669,4,69,51,260,9.117421239659953,15,17,19,4,5,6,FALSE,FALSE,FALSE,FALSE,FALSE,6,FALSE,FALSE,TRUE,FALSE,fewer than 30 raw cases,TRUE,TRUE,TRUE,TRUE,TRUE,TRUE,FALSE,TRUE,NA,3,TRUE
strict,MS,MS_wave_06,2023-02-05,2023-03-26,2023-10-01,FALSE,6.115338763707827,5.837368819902926,176,2022-10-09,0.04671188610801353,0.1212121212121212,4,35,7,1354,47.04641298897953,162,316,625,4,6,8,TRUE,TRUE,TRUE,FALSE,FALSE,2,FALSE,FALSE,TRUE,FALSE,NA,TRUE,TRUE,TRUE,TRUE,TRUE,TRUE,TRUE,TRUE,NA,4,TRUE
strict,MS,MS_wave_07,2023-12-24,2024-03-03,2024-12-08,FALSE,2.377756603874365,2.4351903382674656,69,2023-10-01,0.011582080991870886,0.004756129658477146,27,51,10,924,31.84698239433002,50,84,136,4,6,8,TRUE,TRUE,TRUE,FALSE,FALSE,3,FALSE,FALSE,TRUE,FALSE,NA,TRUE,TRUE,TRUE,TRUE,TRUE,TRUE,TRUE,TRUE,NA,5,TRUE
strict,MS,MS_wave_08,2025-01-26,2025-05-11,2025-12-28,FALSE,17.540674361996437,19.170509601610142,513,2024-12-08,0.01148674687862012,0.0047169811320754715,32,49,15,8522,291.3871869647829,340,682,1375,4,6,8,TRUE,TRUE,TRUE,FALSE,FALSE,3,FALSE,FALSE,TRUE,FALSE,NA,TRUE,TRUE,TRUE,TRUE,TRUE,TRUE,TRUE,TRUE,NA,6,TRUE
strict,MT,MT_wave_01,2015-01-11,2015-01-25,2015-03-08,FALSE,0,0.05008747276243231,0,2015-01-04,0.015026241828729693,NA,NA,9,2,7,0.2103673856022157,6,6,7,3,3,4,FALSE,FALSE,FALSE,TRUE,FALSE,1,FALSE,FALSE,FALSE,FALSE,too few nonzero raw incidence weeks; fewer than 30 raw cases; too few nonzero renewal infectiousness contributions,TRUE,FALSE,FALSE,FALSE,FALSE,FALSE,FALSE,FALSE,fewer than 100 total cases and cumulative incidence below 5/100k,NA,NA
strict,MT,MT_wave_02,2015-06-28,2015-07-05,2015-07-19,FALSE,0.030052483657459387,0.010017494552486463,1,2015-03-08,0,0,16,4,1,1,0.030052483657459387,1,1,1,1,1,1,FALSE,FALSE,FALSE,TRUE,TRUE,1,FALSE,FALSE,FALSE,FALSE,too few nonzero raw incidence weeks; fewer than 30 raw cases; one week contains >=80% of early-window cases (backlog screen),TRUE,FALSE,FALSE,FALSE,FALSE,FALSE,FALSE,FALSE,fewer than 100 total cases and cumulative incidence below 5/100k,NA,NA
strict,MT,MT_wave_03,2016-12-25,2017-03-26,2017-10-01,FALSE,6.320490213725774,5.0097894781605214,217,2015-07-19,0,0,22,41,13,2906,84.64901562377348,127,267,424,4,6,8,TRUE,TRUE,TRUE,FALSE,FALSE,10,FALSE,FALSE,TRUE,FALSE,NA,TRUE,TRUE,TRUE,TRUE,TRUE,TRUE,TRUE,TRUE,NA,1,FALSE
strict,MT,MT_wave_04,2017-12-24,2018-01-28,2020-06-28,FALSE,34.74999484336433,34.157936673458146,1213,2017-10-01,0.14563341506280586,0.029069767441860465,22,132,5,13566,388.6392954095738,2335,4823,6660,4,6,8,TRUE,TRUE,TRUE,FALSE,FALSE,10,TRUE,FALSE,TRUE,FALSE,NA,TRUE,TRUE,TRUE,TRUE,TRUE,TRUE,TRUE,TRUE,NA,2,TRUE
strict,MT,MT_wave_05,2020-07-19,2021-04-25,2021-09-12,FALSE,0.10909083966946566,0.1545453561984097,4,2020-06-28,0,0,8,61,40,96,2.6227218598752926,2,6,8,2,4,6,FALSE,FALSE,FALSE,FALSE,FALSE,8,FALSE,FALSE,TRUE,FALSE,fewer than 30 raw cases,TRUE,TRUE,FALSE,FALSE,TRUE,FALSE,FALSE,FALSE,fewer than 100 total cases and cumulative incidence below 5/100k,NA,NA
strict,MT,MT_wave_06,2021-11-07,2022-04-03,2022-12-18,FALSE,0.34937154777239354,0.27770558925497946,13,2021-09-12,0.009090903305788805,0.0588235294117647,10,59,21,164,4.41103822808099,8,8,9,4,4,5,FALSE,FALSE,FALSE,FALSE,FALSE,6,FALSE,FALSE,TRUE,FALSE,fewer than 30 raw cases,TRUE,TRUE,TRUE,FALSE,TRUE,FALSE,FALSE,FALSE,cumulative incidence below 5/100k,NA,NA
strict,MT,MT_wave_07,2024-01-14,2024-05-05,2024-10-06,FALSE,30.70587809036547,28.368616854850952,1178,2022-12-18,0,0,35,39,16,19407,505.86500517803285,1167,2658,4173,4,6,8,TRUE,TRUE,TRUE,FALSE,FALSE,6,FALSE,FALSE,TRUE,FALSE,NA,TRUE,TRUE,TRUE,TRUE,TRUE,TRUE,TRUE,TRUE,NA,3,TRUE
strict,MT,MT_wave_08,2024-12-22,2025-01-26,2025-12-28,FALSE,99.08417763342912,91.92724204490771,3858,2024-10-06,1.3293716320956188,0.04686064318529862,17,54,5,46517,1195.2173182191875,5858,12886,19700,4,6,8,TRUE,TRUE,TRUE,FALSE,FALSE,2,FALSE,FALSE,TRUE,FALSE,NA,TRUE,TRUE,TRUE,TRUE,TRUE,TRUE,TRUE,TRUE,NA,4,TRUE
strict,PA,PA_wave_01,2015-01-25,2015-02-01,2015-02-15,FALSE,0.012297991651877309,0.00409933055062577,1,2015-01-18,0,NA,NA,4,1,1,0.012297991651877309,1,1,1,1,1,1,FALSE,FALSE,FALSE,TRUE,TRUE,1,FALSE,FALSE,FALSE,FALSE,too few nonzero raw incidence weeks; fewer than 30 raw cases; too few nonzero renewal infectiousness contributions; one week contains >=80% of early-window cases (backlog screen),TRUE,FALSE,FALSE,FALSE,FALSE,FALSE,FALSE,FALSE,fewer than 100 total cases and cumulative incidence below 5/100k,NA,NA
strict,PA,PA_wave_02,2015-05-31,2015-06-07,2015-06-28,FALSE,0.012297991651877309,0.00819866110125154,1,2015-02-15,0,0,15,5,1,2,0.024595983303754617,2,2,2,2,2,2,FALSE,FALSE,FALSE,TRUE,FALSE,1,FALSE,FALSE,FALSE,FALSE,too few nonzero raw incidence weeks; fewer than 30 raw cases,TRUE,FALSE,FALSE,FALSE,FALSE,FALSE,FALSE,FALSE,fewer than 100 total cases and cumulative incidence below 5/100k,NA,NA
strict,PA,PA_wave_03,2015-08-02,2015-08-09,2015-08-23,FALSE,0.012297991651877309,0.00409933055062577,1,2015-06-28,0,0,5,4,1,1,0.012297991651877309,1,1,1,1,1,1,FALSE,FALSE,FALSE,TRUE,TRUE,1,FALSE,FALSE,FALSE,FALSE,too few nonzero raw incidence weeks; fewer than 30 raw cases; one week contains >=80% of early-window cases (backlog screen),TRUE,FALSE,FALSE,FALSE,FALSE,FALSE,FALSE,FALSE,fewer than 100 total cases and cumulative incidence below 5/100k,NA,NA
strict,PA,PA_wave_04,2016-08-07,2017-01-22,2017-10-08,FALSE,7.27418430656361,6.782794226053776,602,2015-08-23,0,0,11,62,24,7772,94.0136219824217,199,282,348,4,6,8,TRUE,TRUE,TRUE,FALSE,FALSE,10,FALSE,FALSE,TRUE,FALSE,NA,TRUE,TRUE,TRUE,TRUE,TRUE,TRUE,TRUE,TRUE,NA,1,FALSE
strict,PA,PA_wave_05,2017-10-29,2018-03-11,2020-10-11,FALSE,2.662040631613507,2.670034747624358,222,2017-10-08,0.27791734061621765,0.10408753701182816,8,155,19,9562,114.48783051414787,197,320,407,4,6,8,TRUE,TRUE,TRUE,FALSE,FALSE,18,TRUE,FALSE,TRUE,FALSE,NA,TRUE,TRUE,TRUE,TRUE,TRUE,TRUE,TRUE,TRUE,NA,2,TRUE
strict,PA,PA_wave_06,2020-11-08,2021-03-28,2021-08-01,FALSE,0.04694751373596225,0.07824585622660377,4,2020-10-11,0.003937693714842302,0.05032462937639216,6,39,20,108,1.2681924925552717,5,8,8,3,4,4,FALSE,FALSE,FALSE,FALSE,FALSE,6,FALSE,FALSE,TRUE,FALSE,fewer than 30 raw cases,TRUE,TRUE,TRUE,FALSE,FALSE,FALSE,FALSE,FALSE,cumulative incidence below 5/100k,NA,NA
strict,PA,PA_wave_07,2021-08-15,2022-05-01,2022-08-21,FALSE,0.07001130099083494,0.06612178426912188,6,2021-08-01,0,0,12,54,37,94,1.097936967824703,3,4,5,3,4,5,FALSE,FALSE,FALSE,FALSE,FALSE,3,FALSE,FALSE,TRUE,FALSE,fewer than 30 raw cases,TRUE,TRUE,FALSE,FALSE,FALSE,FALSE,FALSE,FALSE,fewer than 100 total cases and cumulative incidence below 5/100k,NA,NA
strict,PA,PA_wave_08,2023-01-01,2023-06-18,2023-09-17,FALSE,0.06963691313491456,0.12379895668429254,6,2022-08-21,0.007779033443426103,0.11764705882352941,4,38,24,175,2.0310766331016743,18,30,36,4,6,8,FALSE,TRUE,FALSE,FALSE,FALSE,7,FALSE,FALSE,TRUE,FALSE,NA,TRUE,TRUE,TRUE,FALSE,TRUE,FALSE,FALSE,FALSE,cumulative incidence below 5/100k,NA,NA
strict,PA,PA_wave_09,2023-10-08,2024-04-21,2024-09-15,FALSE,0.25391531647197135,0.261609720001425,22,2023-09-17,0.003868717396384142,0.03125,4,50,28,386,4.456866956612892,13,18,21,4,6,8,FALSE,FALSE,FALSE,FALSE,FALSE,3,FALSE,FALSE,TRUE,FALSE,fewer than 30 raw cases,TRUE,TRUE,TRUE,TRUE,TRUE,FALSE,FALSE,FALSE,cumulative incidence below 5/100k,NA,NA
strict,PA,PA_wave_10,2024-10-13,2025-06-29,2025-12-28,FALSE,0.22958959940747514,0.20663063946672763,20,2024-09-15,0,0,27,64,37,388,4.455280734981153,10,12,15,4,6,8,FALSE,FALSE,FALSE,FALSE,FALSE,8,FALSE,FALSE,TRUE,FALSE,fewer than 30 raw cases,TRUE,TRUE,TRUE,TRUE,TRUE,FALSE,FALSE,FALSE,cumulative incidence below 5/100k,NA,NA
strict,PB,PB_wave_01,2015-01-25,2015-02-01,2015-02-15,FALSE,0.025432097697911948,0.008477365899303983,1,2015-01-18,0,NA,NA,4,1,1,0.025432097697911948,1,1,1,1,1,1,FALSE,FALSE,FALSE,TRUE,TRUE,1,FALSE,FALSE,FALSE,FALSE,too few nonzero raw incidence weeks; fewer than 30 raw cases; too few nonzero renewal infectiousness contributions; one week contains >=80% of early-window cases (backlog screen),TRUE,FALSE,FALSE,FALSE,FALSE,FALSE,FALSE,FALSE,fewer than 100 total cases and cumulative incidence below 5/100k,NA,NA
strict,PB,PB_wave_02,2015-03-22,2015-05-10,2015-06-21,FALSE,0.025432097697911948,0.04238682949651991,1,2015-02-15,0,0,5,14,7,7,0.17802468388538362,1,1,5,1,1,3,FALSE,FALSE,FALSE,FALSE,TRUE,1,FALSE,FALSE,FALSE,FALSE,too few nonzero raw incidence weeks; fewer than 30 raw cases; one week contains >=80% of early-window cases (backlog screen),TRUE,FALSE,FALSE,FALSE,FALSE,FALSE,FALSE,FALSE,fewer than 100 total cases and cumulative incidence below 5/100k,NA,NA
strict,PB,PB_wave_03,2016-02-28,2016-05-08,2016-12-04,FALSE,17.58706037086966,16.702653599346043,696,2015-06-21,0,0,21,41,10,7604,192.1436883047312,450,904,1467,4,6,8,TRUE,TRUE,TRUE,FALSE,FALSE,2,FALSE,FALSE,TRUE,FALSE,NA,TRUE,TRUE,TRUE,TRUE,TRUE,TRUE,TRUE,TRUE,NA,1,FALSE
strict,PB,PB_wave_04,2017-01-01,2017-05-28,2017-12-17,FALSE,1.9088225779553094,1.883706491403266,76,2016-12-04,0.033691686534233066,0.01788584723150498,19,51,21,1351,33.93183293181083,52,88,127,4,6,8,TRUE,TRUE,TRUE,FALSE,FALSE,9,FALSE,FALSE,TRUE,FALSE,NA,TRUE,TRUE,TRUE,TRUE,TRUE,TRUE,TRUE,TRUE,NA,2,TRUE
strict,PB,PB_wave_05,2018-01-07,2019-04-21,2020-01-26,FALSE,0.8915724117776715,0.9823807129772493,36,2017-12-17,0.1339524616108989,0.1363549384076732,6,108,67,1749,43.41921268988469,34,53,75,4,6,8,TRUE,TRUE,TRUE,FALSE,FALSE,7,TRUE,TRUE,TRUE,FALSE,NA,TRUE,TRUE,TRUE,TRUE,TRUE,TRUE,TRUE,TRUE,NA,3,TRUE
strict,PB,PB_wave_06,2020-05-17,2020-07-05,2020-12-20,FALSE,1.9680511496493793,2.0008520021435356,80,2020-01-26,0.12300319685308621,0.12520929536605716,5,32,7,1109,27.28210906201452,112,227,397,4,6,8,TRUE,TRUE,TRUE,FALSE,FALSE,2,FALSE,FALSE,TRUE,FALSE,NA,TRUE,TRUE,TRUE,TRUE,TRUE,TRUE,TRUE,TRUE,NA,4,TRUE
strict,PB,PB_wave_07,2021-01-17,2021-07-04,2021-12-26,FALSE,11.155190967818008,10.788243896508206,456,2020-12-20,0.11480298372954713,0.05737704918032787,10,50,24,9189,224.79177588438526,351,602,749,4,6,8,TRUE,TRUE,TRUE,FALSE,FALSE,2,FALSE,FALSE,TRUE,FALSE,NA,TRUE,TRUE,TRUE,TRUE,TRUE,TRUE,TRUE,TRUE,NA,5,TRUE
strict,PB,PB_wave_08,2022-01-30,2022-05-08,2022-12-18,FALSE,22.308675103372458,22.373620300179947,916,2021-12-26,1.1149761869640522,0.10335103633733501,7,47,14,16555,403.1878999304924,975,1799,2774,4,6,8,TRUE,TRUE,TRUE,FALSE,FALSE,1,FALSE,FALSE,FALSE,FALSE,NA,TRUE,TRUE,TRUE,TRUE,TRUE,TRUE,TRUE,TRUE,NA,6,TRUE
strict,PB,PB_wave_09,2023-01-22,2024-03-03,2024-07-07,FALSE,2.75027502750275,2.5572732711867676,114,2022-12-18,0.15424484241778627,0.060316136001454794,14,77,58,2449,59.23211455446995,69,122,201,4,6,8,TRUE,TRUE,TRUE,FALSE,FALSE,14,FALSE,TRUE,TRUE,FALSE,NA,TRUE,TRUE,TRUE,TRUE,TRUE,TRUE,TRUE,TRUE,NA,7,TRUE
strict,PE,PE_wave_01,2015-01-25,2015-02-08,2015-07-05,FALSE,0.021708203323808135,0.021708203323808135,2,2015-01-18,0.0072360677746027115,NA,NA,24,2,20,0.21708203323808137,6,8,9,3,5,6,FALSE,FALSE,FALSE,TRUE,FALSE,4,FALSE,FALSE,TRUE,FALSE,fewer than 30 raw cases; too few nonzero renewal infectiousness contributions,TRUE,FALSE,FALSE,FALSE,FALSE,FALSE,FALSE,FALSE,fewer than 100 total cases and cumulative incidence below 5/100k,NA,NA
strict,PE,PE_wave_02,2015-12-20,2016-02-28,2017-12-17,FALSE,8.906705658964507,9.392525967635299,825,2015-07-05,0,0,4,105,10,15645,168.86017709192225,824,1506,2606,4,6,8,TRUE,TRUE,TRUE,FALSE,FALSE,15,TRUE,FALSE,TRUE,FALSE,NA,TRUE,TRUE,TRUE,TRUE,TRUE,TRUE,TRUE,TRUE,NA,1,FALSE
strict,PE,PE_wave_03,2017-12-31,2019-09-08,2019-12-15,FALSE,0.6172507756873433,0.5569446654190396,58,2017-12-17,0.07165235966088228,0.12865256480546727,5,103,88,2017,21.502805420127793,48,66,81,4,6,8,TRUE,TRUE,TRUE,FALSE,FALSE,5,FALSE,TRUE,TRUE,FALSE,NA,TRUE,TRUE,TRUE,TRUE,TRUE,TRUE,TRUE,TRUE,NA,2,TRUE
strict,PE,PE_wave_04,2020-05-03,2020-07-05,2020-12-20,FALSE,2.0976882839447812,2.1824433661243683,198,2019-12-15,0.08159061977476377,0.1464968152866242,8,34,9,3005,31.83612774370741,155,341,614,4,6,8,TRUE,TRUE,TRUE,FALSE,FALSE,1,FALSE,FALSE,FALSE,FALSE,NA,TRUE,TRUE,TRUE,TRUE,TRUE,TRUE,TRUE,TRUE,NA,3,TRUE
strict,PE,PE_wave_05,2021-03-14,2021-05-30,2021-12-19,FALSE,16.388290988467375,15.46961746011901,1552,2020-12-20,0.06709777339217314,0.03074433656957929,10,41,11,19331,204.12503421266933,861,1613,2940,4,6,8,TRUE,TRUE,TRUE,FALSE,FALSE,1,FALSE,FALSE,FALSE,FALSE,NA,TRUE,TRUE,TRUE,TRUE,TRUE,TRUE,TRUE,TRUE,NA,4,TRUE
strict,PE,PE_wave_06,2022-01-23,2022-04-24,2022-12-18,FALSE,9.680790930099633,10.358481408702907,919,2021-12-19,0.13023341206471065,0.012572635594566223,23,48,13,12937,136.27899049259952,705,1243,2091,4,6,8,TRUE,TRUE,TRUE,FALSE,FALSE,5,FALSE,FALSE,TRUE,FALSE,NA,TRUE,TRUE,TRUE,TRUE,TRUE,TRUE,TRUE,TRUE,NA,5,TRUE
strict,PE,PE_wave_07,2023-01-08,2024-03-10,2025-01-05,FALSE,1.1636404501967652,1.0588079772060657,111,2022-12-18,0.10885183853213225,0.10280602420409178,11,105,61,3008,31.56369780381595,84,129,196,4,6,8,TRUE,TRUE,TRUE,FALSE,FALSE,10,TRUE,TRUE,TRUE,FALSE,NA,TRUE,TRUE,TRUE,TRUE,TRUE,TRUE,TRUE,TRUE,NA,6,TRUE
strict,PI,PI_wave_01,2015-05-10,2015-05-17,2015-05-31,FALSE,0.0614286082857364,0.020476202761912133,2,2015-05-03,0,NA,NA,4,1,2,0.0614286082857364,2,2,2,1,1,1,FALSE,FALSE,FALSE,TRUE,TRUE,1,FALSE,FALSE,FALSE,FALSE,too few nonzero raw incidence weeks; fewer than 30 raw cases; one week contains >=80% of early-window cases (backlog screen),TRUE,FALSE,FALSE,FALSE,FALSE,FALSE,FALSE,FALSE,fewer than 100 total cases and cumulative incidence below 5/100k,NA,NA
strict,PI,PI_wave_02,2015-11-08,2015-11-15,2015-11-29,FALSE,0.0307143041428682,0.010238101380956066,1,2015-05-31,0,0,23,4,1,1,0.0307143041428682,1,1,1,1,1,1,FALSE,FALSE,FALSE,TRUE,TRUE,1,FALSE,FALSE,FALSE,FALSE,too few nonzero raw incidence weeks; fewer than 30 raw cases; one week contains >=80% of early-window cases (backlog screen),TRUE,FALSE,FALSE,FALSE,FALSE,FALSE,FALSE,FALSE,fewer than 100 total cases and cumulative incidence below 5/100k,NA,NA
strict,PI,PI_wave_03,2016-03-27,2016-05-08,2016-11-06,FALSE,3.7296390748783126,3.485072578164981,122,2015-11-29,0,0,4,33,6,1200,36.6849745069998,183,381,599,4,6,8,TRUE,TRUE,TRUE,FALSE,FALSE,3,FALSE,FALSE,TRUE,FALSE,NA,TRUE,TRUE,TRUE,TRUE,TRUE,TRUE,TRUE,TRUE,NA,1,FALSE
strict,PI,PI_wave_04,2017-03-12,2017-05-21,2018-03-25,FALSE,9.76947092075894,10.408595186602982,321,2016-11-06,0.08152216557111065,0.02339181286549707,27,55,10,5461,166.1817821383955,297,529,922,4,6,8,TRUE,TRUE,TRUE,FALSE,FALSE,9,FALSE,FALSE,TRUE,FALSE,NA,TRUE,TRUE,TRUE,TRUE,TRUE,TRUE,TRUE,TRUE,NA,2,TRUE
strict,PI,PI_wave_05,2018-04-15,2019-04-28,2020-06-21,FALSE,1.3252101964081984,1.6163548607706058,44,2018-03-25,0.22207235702855477,0.13739084307432378,4,115,54,1274,38.4094092523245,79,88,116,4,5,7,TRUE,TRUE,TRUE,FALSE,FALSE,10,TRUE,TRUE,TRUE,FALSE,NA,TRUE,TRUE,TRUE,TRUE,TRUE,TRUE,TRUE,TRUE,NA,3,TRUE
strict,PI,PI_wave_06,2021-01-10,2021-07-11,2021-10-24,FALSE,0.3285684927906099,0.3584383557715744,11,2020-06-21,0.03996966701969875,0.11151057462491715,6,42,26,217,6.481760266869304,9,13,14,3,5,6,FALSE,FALSE,FALSE,FALSE,FALSE,3,FALSE,FALSE,TRUE,FALSE,fewer than 30 raw cases,TRUE,TRUE,TRUE,TRUE,TRUE,TRUE,FALSE,TRUE,NA,4,TRUE
strict,PI,PI_wave_07,2022-02-27,2022-04-24,2022-12-11,FALSE,26.064605070593377,25.141173348092355,875,2021-10-24,0,0,14,42,8,9241,275.27201766554674,1145,2303,3733,4,6,8,TRUE,TRUE,TRUE,FALSE,FALSE,3,FALSE,FALSE,TRUE,FALSE,NA,TRUE,TRUE,TRUE,TRUE,TRUE,TRUE,TRUE,TRUE,NA,5,TRUE
strict,PI,PI_wave_08,2023-01-15,2023-04-23,2023-10-01,FALSE,7.902834354512237,6.664921704995908,266,2022-12-11,0.1687993471238428,0.02532653114249096,25,38,14,3403,101.10280191129752,230,377,703,4,6,8,TRUE,TRUE,TRUE,FALSE,FALSE,4,FALSE,FALSE,TRUE,FALSE,NA,TRUE,TRUE,TRUE,TRUE,TRUE,TRUE,TRUE,TRUE,NA,6,TRUE
strict,PI,PI_wave_09,2024-01-21,2024-03-03,2024-12-29,FALSE,1.184958375374669,1.1355851097340577,40,2023-10-01,0.07922640956904498,0.06976703805811524,19,50,6,562,16.6486651740141,60,126,207,4,6,8,TRUE,TRUE,TRUE,FALSE,FALSE,3,FALSE,FALSE,TRUE,FALSE,NA,TRUE,TRUE,TRUE,TRUE,TRUE,TRUE,TRUE,TRUE,NA,7,TRUE
strict,PI,PI_wave_10,2025-01-12,2025-05-11,2025-11-30,FALSE,0.5909210301999056,0.6795591847298915,20,2024-12-29,0.009874653128122243,0.014530968530794238,26,47,17,474,14.004828415737764,26,53,83,4,6,8,TRUE,TRUE,TRUE,FALSE,FALSE,6,FALSE,FALSE,TRUE,FALSE,NA,TRUE,TRUE,TRUE,TRUE,TRUE,TRUE,TRUE,TRUE,NA,8,TRUE
strict,PR,PR_wave_01,2016-01-03,2016-05-22,2016-06-19,FALSE,0.00893202939995341,0.020841401933224625,1,2015-12-27,0,NA,NA,25,20,31,0.2768929113985557,4,7,11,2,4,6,FALSE,FALSE,FALSE,FALSE,FALSE,2,FALSE,FALSE,TRUE,FALSE,fewer than 30 raw cases,TRUE,FALSE,FALSE,FALSE,FALSE,FALSE,FALSE,FALSE,fewer than 100 total cases and cumulative incidence below 5/100k,NA,NA
strict,PR,PR_wave_02,2016-07-03,2016-07-17,2016-08-07,FALSE,0.01786405879990682,0.014886715666589017,2,2016-06-19,0,0,4,6,2,5,0.04466014699976705,5,5,5,3,3,3,FALSE,FALSE,FALSE,TRUE,FALSE,1,FALSE,FALSE,FALSE,FALSE,too few nonzero raw incidence weeks; fewer than 30 raw cases,TRUE,FALSE,FALSE,FALSE,FALSE,FALSE,FALSE,FALSE,fewer than 100 total cases and cumulative incidence below 5/100k,NA,NA
strict,PR,PR_wave_03,2016-10-02,2017-04-02,2017-04-30,FALSE,0.017722337579871253,0.050213289809635214,2,2016-08-07,0,0,8,31,26,56,0.4973592219966796,4,8,9,2,4,5,FALSE,FALSE,FALSE,FALSE,FALSE,8,FALSE,FALSE,TRUE,FALSE,fewer than 30 raw cases,TRUE,TRUE,FALSE,FALSE,FALSE,FALSE,FALSE,FALSE,fewer than 100 total cases and cumulative incidence below 5/100k,NA,NA
strict,PR,PR_wave_04,2017-05-07,2018-03-04,2018-07-22,FALSE,0.11429596324241822,0.0586133144832914,13,2017-04-30,0.0029537229299785423,0.05882352941176471,4,64,43,73,0.6431992259408792,4,4,7,3,3,5,FALSE,FALSE,FALSE,FALSE,FALSE,4,FALSE,FALSE,TRUE,FALSE,too few nonzero raw incidence weeks; fewer than 30 raw cases,TRUE,TRUE,FALSE,FALSE,FALSE,FALSE,FALSE,FALSE,fewer than 100 total cases and cumulative incidence below 5/100k,NA,NA
strict,PR,PR_wave_05,2018-09-23,2018-09-30,2018-11-11,FALSE,0.00879199717249371,0.0029306657241645697,1,2018-07-22,0,0,9,8,1,2,0.01758399434498742,1,2,2,1,2,2,FALSE,FALSE,FALSE,TRUE,FALSE,2,FALSE,FALSE,TRUE,FALSE,too few nonzero raw incidence weeks; fewer than 30 raw cases,TRUE,FALSE,FALSE,FALSE,FALSE,FALSE,FALSE,FALSE,fewer than 100 total cases and cumulative incidence below 5/100k,NA,NA
strict,PR,PR_wave_06,2019-01-13,2019-04-21,2019-09-08,FALSE,0.02615923106509838,0.03778555598291988,3,2018-11-11,0,0,7,35,14,50,0.4359871844183063,2,2,4,2,2,4,FALSE,FALSE,FALSE,FALSE,FALSE,4,FALSE,FALSE,TRUE,FALSE,too few nonzero raw incidence weeks; fewer than 30 raw cases,TRUE,TRUE,FALSE,FALSE,FALSE,FALSE,FALSE,FALSE,fewer than 100 total cases and cumulative incidence below 5/100k,NA,NA
strict,PR,PR_wave_07,2020-01-12,2020-04-26,2020-09-20,FALSE,0.008649780507494731,0.011533040676659641,1,2019-09-08,0,0,18,37,15,18,0.15569604913490517,2,3,4,2,3,4,FALSE,FALSE,FALSE,FALSE,FALSE,6,FALSE,FALSE,TRUE,FALSE,too few nonzero raw incidence weeks; fewer than 30 raw cases,TRUE,FALSE,FALSE,FALSE,FALSE,FALSE,FALSE,FALSE,fewer than 100 total cases and cumulative incidence below 5/100k,NA,NA
strict,PR,PR_wave_08,2020-10-25,2020-11-15,2020-12-06,FALSE,0.008649780507494731,0.0057665203383298206,1,2020-09-20,0,0,5,7,3,3,0.025949341522484196,2,3,3,2,3,3,FALSE,FALSE,FALSE,TRUE,FALSE,1,FALSE,FALSE,FALSE,FALSE,too few nonzero raw incidence weeks; fewer than 30 raw cases,TRUE,FALSE,FALSE,FALSE,FALSE,FALSE,FALSE,FALSE,fewer than 100 total cases and cumulative incidence below 5/100k,NA,NA
strict,PR,PR_wave_09,2021-02-28,2021-03-28,2021-09-19,FALSE,0.13757171140412738,0.11464309283677282,16,2020-12-06,0,0,5,30,4,106,0.9114125880523439,31,56,69,4,6,8,TRUE,TRUE,TRUE,FALSE,FALSE,4,FALSE,FALSE,TRUE,FALSE,NA,TRUE,TRUE,TRUE,FALSE,FALSE,FALSE,FALSE,FALSE,cumulative incidence below 5/100k,NA,NA
strict,PR,PR_wave_10,2022-01-02,2022-02-27,2022-05-15,FALSE,0.02567022387515646,0.01996572968067725,3,2021-09-19,0,0,18,20,8,20,0.17113482583437642,2,3,5,2,3,4,FALSE,FALSE,FALSE,FALSE,FALSE,3,FALSE,FALSE,TRUE,FALSE,too few nonzero raw incidence weeks; fewer than 30 raw cases,TRUE,FALSE,FALSE,FALSE,FALSE,FALSE,FALSE,FALSE,fewer than 100 total cases and cumulative incidence below 5/100k,NA,NA
strict,PR,PR_wave_11,2022-06-12,2022-06-26,2022-09-25,FALSE,0.00855674129171882,0.00855674129171882,1,2022-05-15,0,0,4,16,2,7,0.05989718904203174,3,4,5,3,4,5,FALSE,FALSE,FALSE,TRUE,FALSE,3,FALSE,FALSE,TRUE,FALSE,fewer than 30 raw cases,TRUE,FALSE,FALSE,FALSE,FALSE,FALSE,FALSE,FALSE,fewer than 100 total cases and cumulative incidence below 5/100k,NA,NA
strict,PR,PR_wave_12,2022-11-06,2022-11-13,2022-11-27,FALSE,0.00855674129171882,0.002852247097239607,1,2022-09-25,0,0,6,4,1,1,0.00855674129171882,1,1,1,1,1,1,FALSE,FALSE,FALSE,TRUE,TRUE,1,FALSE,FALSE,FALSE,FALSE,too few nonzero raw incidence weeks; fewer than 30 raw cases; one week contains >=80% of early-window cases (backlog screen),TRUE,FALSE,FALSE,FALSE,FALSE,FALSE,FALSE,FALSE,fewer than 100 total cases and cumulative incidence below 5/100k,NA,NA
strict,PR,PR_wave_13,2023-02-19,2023-03-26,2023-11-05,FALSE,1.0890037674425648,1.2137854491286921,128,2022-11-27,0,0,4,38,5,1547,13.161631470575374,242,534,819,4,6,8,TRUE,TRUE,TRUE,FALSE,FALSE,2,FALSE,FALSE,TRUE,FALSE,NA,TRUE,TRUE,TRUE,TRUE,TRUE,TRUE,TRUE,TRUE,NA,1,FALSE
strict,PR,PR_wave_14,2023-12-24,2024-05-05,2024-09-22,FALSE,0.14376728643052467,0.1353103872287291,17,2023-11-05,0.0028359473110483456,0.020958829319248428,12,40,19,239,2.0216064510799368,20,32,39,3,5,7,TRUE,TRUE,FALSE,FALSE,FALSE,4,FALSE,FALSE,TRUE,FALSE,NA,TRUE,TRUE,TRUE,TRUE,TRUE,FALSE,FALSE,FALSE,cumulative incidence below 5/100k,NA,NA
strict,PR,PR_wave_15,2025-01-05,2025-03-23,2025-12-28,FALSE,4.280698071684284,4.476931775035888,509,2024-09-22,0.0028189664005985227,0.020833333333333332,16,52,11,6039,50.78808576601452,337,598,1051,4,6,8,TRUE,TRUE,TRUE,FALSE,FALSE,3,FALSE,FALSE,TRUE,FALSE,NA,TRUE,TRUE,TRUE,TRUE,TRUE,TRUE,TRUE,TRUE,NA,2,TRUE
strict,RJ,RJ_wave_01,2015-02-08,2015-02-15,2015-03-01,FALSE,0.011784214996874827,0.003928071665624942,2,2015-02-01,0,NA,NA,4,1,2,0.011784214996874827,2,2,2,1,1,1,FALSE,FALSE,FALSE,TRUE,TRUE,1,FALSE,FALSE,FALSE,FALSE,too few nonzero raw incidence weeks; fewer than 30 raw cases; too few nonzero renewal infectiousness contributions; one week contains >=80% of early-window cases (backlog screen),TRUE,FALSE,FALSE,FALSE,FALSE,FALSE,FALSE,FALSE,fewer than 100 total cases and cumulative incidence below 5/100k,NA,NA
strict,RJ,RJ_wave_02,2015-04-05,2015-04-12,2015-05-03,FALSE,0.0058921074984374135,0.003928071665624942,1,2015-03-01,0,0,5,5,1,2,0.011784214996874827,2,2,2,2,2,2,FALSE,FALSE,FALSE,TRUE,FALSE,1,FALSE,FALSE,FALSE,FALSE,too few nonzero raw incidence weeks; fewer than 30 raw cases,TRUE,FALSE,FALSE,FALSE,FALSE,FALSE,FALSE,FALSE,fewer than 100 total cases and cumulative incidence below 5/100k,NA,NA
strict,RJ,RJ_wave_03,2015-07-05,2015-07-12,2015-08-02,FALSE,0.0058921074984374135,0.003928071665624942,1,2015-05-03,0,0,9,5,1,2,0.011784214996874827,2,2,2,2,2,2,FALSE,FALSE,FALSE,TRUE,FALSE,1,FALSE,FALSE,FALSE,FALSE,too few nonzero raw incidence weeks; fewer than 30 raw cases,TRUE,FALSE,FALSE,FALSE,FALSE,FALSE,FALSE,FALSE,fewer than 100 total cases and cumulative incidence below 5/100k,NA,NA
strict,RJ,RJ_wave_04,2016-01-17,2016-04-17,2016-09-11,FALSE,0.6160624375173341,0.6121509299775415,105,2015-08-02,0,0,14,35,13,1276,7.486625431163032,62,107,158,4,6,8,TRUE,TRUE,TRUE,FALSE,FALSE,4,FALSE,FALSE,TRUE,FALSE,NA,TRUE,TRUE,TRUE,TRUE,TRUE,TRUE,FALSE,TRUE,NA,1,FALSE
strict,RJ,RJ_wave_05,2016-12-25,2017-01-29,2017-10-29,FALSE,0.8069987610814673,0.8908174729812331,138,2016-09-11,0.03129206031834078,0.05111821086261981,24,45,5,3682,21.532032036198686,411,725,991,4,6,8,TRUE,TRUE,TRUE,FALSE,FALSE,3,FALSE,FALSE,TRUE,FALSE,NA,TRUE,TRUE,TRUE,TRUE,TRUE,TRUE,TRUE,TRUE,NA,2,TRUE
strict,RJ,RJ_wave_06,2018-01-07,2018-05-06,2018-09-09,FALSE,8.058805723478118,8.46310663772883,1382,2017-10-29,0.13449979351357788,0.15098468271334795,11,36,17,27874,162.5406300551585,847,1410,2532,4,6,8,TRUE,TRUE,TRUE,FALSE,FALSE,3,FALSE,FALSE,TRUE,FALSE,NA,TRUE,TRUE,TRUE,TRUE,TRUE,TRUE,TRUE,TRUE,NA,3,TRUE
strict,RJ,RJ_wave_07,2019-01-06,2019-05-05,2021-12-19,FALSE,33.21523150132323,31.49369262470063,5711,2018-09-09,1.3159217257102473,0.1554892053284336,13,155,17,80901,470.48999207627674,3283,4880,6423,4,6,8,TRUE,TRUE,TRUE,FALSE,FALSE,14,TRUE,FALSE,TRUE,FALSE,NA,TRUE,TRUE,TRUE,TRUE,TRUE,TRUE,TRUE,TRUE,NA,4,TRUE
strict,RJ,RJ_wave_08,2022-04-24,2024-04-07,2024-10-20,FALSE,1.1440399092224658,1.0027287190816196,197,2021-12-19,0.0038713649939369587,0.0038608298737894623,158,131,102,4896,28.435610630480614,86,123,144,4,6,8,TRUE,TRUE,TRUE,FALSE,FALSE,12,TRUE,TRUE,TRUE,FALSE,NA,TRUE,TRUE,TRUE,TRUE,TRUE,TRUE,TRUE,TRUE,NA,5,TRUE
strict,RJ,RJ_wave_09,2024-11-03,2025-02-09,2025-12-28,FALSE,0.5341524600014155,0.5786651650015334,92,2024-10-20,0.06000886156666064,0.1037022188237331,6,61,14,1836,10.660200784978487,137,220,245,4,6,8,TRUE,TRUE,TRUE,FALSE,FALSE,5,FALSE,FALSE,TRUE,FALSE,NA,TRUE,TRUE,TRUE,TRUE,TRUE,TRUE,TRUE,TRUE,NA,6,TRUE
strict,RN,RN_wave_01,2015-01-25,2015-02-08,2015-03-08,FALSE,0,0.010034079748457662,0,2015-01-18,0,NA,NA,7,2,2,0.06020447849074597,1,2,2,1,2,2,FALSE,FALSE,FALSE,TRUE,FALSE,1,FALSE,FALSE,FALSE,FALSE,too few nonzero raw incidence weeks; fewer than 30 raw cases; too few nonzero renewal infectiousness contributions,TRUE,FALSE,FALSE,FALSE,FALSE,FALSE,FALSE,FALSE,fewer than 100 total cases and cumulative incidence below 5/100k,NA,NA
strict,RN,RN_wave_02,2015-06-21,2015-07-05,2015-07-26,FALSE,0,0.020068159496915323,0,2015-03-08,0,0,15,6,2,2,0.06020447849074597,2,2,2,2,2,2,FALSE,FALSE,FALSE,TRUE,FALSE,1,FALSE,FALSE,FALSE,FALSE,too few nonzero raw incidence weeks; fewer than 30 raw cases,TRUE,FALSE,FALSE,FALSE,FALSE,FALSE,FALSE,FALSE,fewer than 100 total cases and cumulative incidence below 5/100k,NA,NA
strict,RN,RN_wave_03,2016-01-31,2016-05-08,2016-12-18,FALSE,5.355620693998683,6.163451748400719,179,2015-07-26,0,0,12,47,14,3551,106.24474348820851,240,545,731,4,6,8,TRUE,TRUE,TRUE,FALSE,FALSE,5,FALSE,FALSE,TRUE,FALSE,NA,TRUE,TRUE,TRUE,TRUE,TRUE,TRUE,TRUE,TRUE,NA,1,FALSE
strict,RN,RN_wave_04,2017-01-01,2017-06-18,2018-01-21,FALSE,1.309829046471246,1.091524205392705,44,2016-12-18,0.05983933736311378,0.05482181436515646,12,56,24,915,27.237053420189888,34,48,88,4,6,8,TRUE,TRUE,TRUE,FALSE,FALSE,5,FALSE,FALSE,TRUE,FALSE,NA,TRUE,TRUE,TRUE,TRUE,TRUE,TRUE,TRUE,TRUE,NA,2,TRUE
strict,RN,RN_wave_05,2018-02-25,2018-07-15,2018-10-28,FALSE,3.6438927320930077,3.0810149929892097,123,2018-01-21,0.05925028832671557,0.05428215703691032,11,36,20,1202,35.609423284356055,85,101,125,4,6,8,TRUE,TRUE,TRUE,FALSE,FALSE,5,FALSE,FALSE,TRUE,FALSE,NA,TRUE,TRUE,TRUE,TRUE,TRUE,TRUE,TRUE,TRUE,NA,3,TRUE
strict,RN,RN_wave_06,2019-03-10,2019-07-07,2019-12-08,FALSE,10.670804502018315,11.368435367251557,362,2018-10-28,0.10862552859897855,0.035256410256410256,23,40,17,6364,187.5939222399021,250,346,538,4,6,8,TRUE,TRUE,TRUE,FALSE,FALSE,4,FALSE,FALSE,TRUE,FALSE,NA,TRUE,TRUE,TRUE,TRUE,TRUE,TRUE,TRUE,TRUE,NA,4,TRUE
strict,RN,RN_wave_07,2020-02-02,2020-06-21,2020-12-13,FALSE,4.930130079134457,5.106206153389259,168,2019-12-08,0.41268304703938236,0.08081989536702563,16,46,20,3224,94.6115438995803,144,295,370,4,6,8,TRUE,TRUE,TRUE,FALSE,FALSE,2,FALSE,FALSE,TRUE,FALSE,NA,TRUE,TRUE,TRUE,TRUE,TRUE,TRUE,TRUE,TRUE,NA,5,TRUE
strict,RN,RN_wave_08,2021-02-28,2021-04-25,2021-10-17,FALSE,6.053725497765386,6.443659507283285,207,2020-12-13,0.15651206600426848,0.030651340996168584,27,34,8,2866,83.81631534587244,230,444,791,4,6,8,TRUE,TRUE,TRUE,FALSE,FALSE,5,FALSE,FALSE,TRUE,FALSE,NA,TRUE,TRUE,TRUE,TRUE,TRUE,TRUE,TRUE,TRUE,NA,6,TRUE
strict,RN,RN_wave_09,2022-02-06,2022-04-24,2022-12-18,FALSE,7.205462148715489,6.3789246552730905,247,2021-10-17,0.7116295673701661,0.1115594878177316,16,46,11,4627,134.97843466439903,332,663,908,4,6,8,TRUE,TRUE,TRUE,FALSE,FALSE,3,FALSE,FALSE,TRUE,FALSE,NA,TRUE,TRUE,TRUE,TRUE,TRUE,TRUE,TRUE,TRUE,NA,7,TRUE
strict,RN,RN_wave_10,2022-12-25,2023-04-16,2023-12-17,FALSE,1.280455190179607,1.2222526815350794,44,2022-12-18,0.10696367562195731,0.0875135536521115,5,52,16,669,19.468809798805477,40,46,51,4,6,7,TRUE,TRUE,TRUE,FALSE,FALSE,4,FALSE,FALSE,TRUE,FALSE,NA,TRUE,TRUE,TRUE,TRUE,TRUE,TRUE,TRUE,TRUE,NA,8,TRUE
strict,RN,RN_wave_11,2024-01-21,2024-03-10,2024-12-15,FALSE,2.1763916065571487,1.8571875042621002,75,2023-12-17,0.08730376296679139,0.07142857142857144,13,48,7,1112,32.268632886553995,72,139,277,4,6,8,TRUE,TRUE,TRUE,FALSE,FALSE,6,FALSE,FALSE,TRUE,FALSE,NA,TRUE,TRUE,TRUE,TRUE,TRUE,TRUE,TRUE,TRUE,NA,9,TRUE
strict,RN,RN_wave_12,2025-01-26,2025-08-03,2025-12-28,FALSE,1.852261321657913,1.9294388767269925,64,2024-12-15,0.04836425792349219,0.026041666666666668,31,49,27,1221,35.337673027254866,33,48,67,4,6,8,TRUE,TRUE,TRUE,FALSE,FALSE,4,FALSE,FALSE,TRUE,FALSE,NA,TRUE,TRUE,TRUE,TRUE,TRUE,TRUE,TRUE,TRUE,NA,10,TRUE
strict,RO,RO_wave_01,2016-01-24,2016-02-07,2016-04-03,FALSE,0.11904166696427083,0.19840277827378472,2,2015-12-27,0,NA,NA,11,2,15,0.8928125022320312,10,12,13,3,5,6,FALSE,FALSE,FALSE,TRUE,FALSE,3,FALSE,FALSE,TRUE,FALSE,fewer than 30 raw cases,TRUE,FALSE,FALSE,FALSE,FALSE,FALSE,FALSE,FALSE,fewer than 100 total cases and cumulative incidence below 5/100k,NA,NA
strict,RO,RO_wave_02,2016-07-03,2017-02-12,2017-04-09,FALSE,0.6502842333267123,0.47293398787397256,11,2016-04-03,0.01984027782737847,0.09999999999999999,14,41,32,110,6.5194098181805655,5,7,7,3,5,5,FALSE,FALSE,FALSE,FALSE,FALSE,15,FALSE,FALSE,TRUE,FALSE,fewer than 30 raw cases,TRUE,TRUE,TRUE,FALSE,TRUE,TRUE,FALSE,TRUE,NA,1,FALSE
strict,RO,RO_wave_03,2017-05-14,2019-03-17,2019-05-26,FALSE,0.4671369178306161,0.4476728795876738,8,2017-04-09,0.01970558282808219,0.04401781686268752,6,107,96,169,9.925362236036179,7,10,12,3,4,5,FALSE,FALSE,FALSE,FALSE,FALSE,1,TRUE,TRUE,FALSE,FALSE,fewer than 30 raw cases,TRUE,TRUE,TRUE,FALSE,TRUE,TRUE,FALSE,TRUE,NA,2,TRUE
strict,RO,RO_wave_04,2019-07-07,2019-07-21,2019-08-18,FALSE,0.058392114728827015,0.03892807648588468,1,2019-05-26,0,0,6,7,2,3,0.17517634418648104,2,3,3,2,3,3,FALSE,FALSE,FALSE,TRUE,FALSE,1,FALSE,FALSE,FALSE,FALSE,too few nonzero raw incidence weeks; fewer than 30 raw cases,TRUE,FALSE,FALSE,FALSE,FALSE,FALSE,FALSE,FALSE,fewer than 100 total cases and cumulative incidence below 5/100k,NA,NA
strict,RO,RO_wave_05,2019-10-13,2020-02-02,2020-06-28,FALSE,0.17413987959968724,0.3482797591993745,3,2019-08-18,0,0,8,38,16,53,3.078889623630327,2,2,5,1,1,3,FALSE,FALSE,FALSE,FALSE,TRUE,7,FALSE,FALSE,TRUE,FALSE,too few nonzero raw incidence weeks; fewer than 30 raw cases; one week contains >=80% of early-window cases (backlog screen),TRUE,TRUE,FALSE,FALSE,TRUE,FALSE,FALSE,FALSE,fewer than 100 total cases and cumulative incidence below 5/100k,NA,NA
strict,RO,RO_wave_06,2020-07-26,2021-06-06,2021-10-31,FALSE,0.1734483025770949,0.25053643705580375,3,2020-06-28,0,0,7,67,45,79,4.569777224605473,3,3,5,3,3,4,FALSE,FALSE,FALSE,FALSE,FALSE,7,FALSE,FALSE,TRUE,FALSE,too few nonzero raw incidence weeks; fewer than 30 raw cases,TRUE,TRUE,FALSE,FALSE,TRUE,FALSE,FALSE,FALSE,fewer than 100 total cases and cumulative incidence below 5/100k,NA,NA
strict,RO,RO_wave_07,2021-11-07,2022-04-24,2022-11-06,FALSE,0.23059433383602898,0.230594333836029,4,2021-10-31,0,0,18,53,24,63,3.6321957927175053,2,2,2,1,1,1,FALSE,FALSE,FALSE,FALSE,TRUE,5,FALSE,FALSE,TRUE,FALSE,too few nonzero raw incidence weeks; fewer than 30 raw cases; one week contains >=80% of early-window cases (backlog screen),TRUE,TRUE,FALSE,FALSE,TRUE,FALSE,FALSE,FALSE,fewer than 100 total cases and cumulative incidence below 5/100k,NA,NA
strict,RO,RO_wave_08,2022-11-20,2023-02-12,2023-04-16,FALSE,0.2298513723563501,0.13407996720787088,4,2022-11-06,0,0,5,22,12,25,1.437128298336947,2,3,8,1,2,4,FALSE,FALSE,FALSE,FALSE,FALSE,2,FALSE,FALSE,TRUE,FALSE,too few nonzero raw incidence weeks; fewer than 30 raw cases,TRUE,FALSE,FALSE,FALSE,FALSE,FALSE,FALSE,FALSE,fewer than 100 total cases and cumulative incidence below 5/100k,NA,NA
strict,RO,RO_wave_09,2023-10-22,2023-10-29,2023-11-12,FALSE,0.05746284308908752,0.01915428102969584,1,2023-04-16,0,0,27,4,1,1,0.05746284308908752,1,1,1,1,1,1,FALSE,FALSE,FALSE,TRUE,TRUE,1,FALSE,FALSE,FALSE,FALSE,too few nonzero raw incidence weeks; fewer than 30 raw cases; one week contains >=80% of early-window cases (backlog screen),TRUE,FALSE,FALSE,FALSE,FALSE,FALSE,FALSE,FALSE,fewer than 100 total cases and cumulative incidence below 5/100k,NA,NA
strict,RO,RO_wave_10,2024-01-07,2024-03-03,2024-06-02,FALSE,1.030793820047451,0.8399060755942193,18,2023-11-12,0,0,4,22,8,145,8.303616883715577,14,37,62,4,6,8,FALSE,TRUE,TRUE,FALSE,FALSE,4,FALSE,FALSE,TRUE,FALSE,NA,TRUE,TRUE,TRUE,FALSE,TRUE,TRUE,FALSE,TRUE,NA,3,TRUE
strict,RO,RO_wave_11,2025-01-26,2025-05-04,2025-12-28,FALSE,13.356545563514942,14.859632599864913,234,2024-06-02,0,0,34,49,14,4144,236.53643083421332,264,518,949,4,6,8,TRUE,TRUE,TRUE,FALSE,FALSE,3,FALSE,FALSE,TRUE,FALSE,NA,TRUE,TRUE,TRUE,TRUE,TRUE,TRUE,TRUE,TRUE,NA,4,TRUE
strict,RR,RR_wave_01,2015-11-08,2015-11-15,2015-11-29,FALSE,0.18713275197425053,0.062377583991416845,1,2015-11-01,0,NA,NA,4,1,1,0.18713275197425053,1,1,1,1,1,1,FALSE,FALSE,FALSE,TRUE,TRUE,1,FALSE,FALSE,FALSE,FALSE,too few nonzero raw incidence weeks; fewer than 30 raw cases; one week contains >=80% of early-window cases (backlog screen),TRUE,FALSE,FALSE,FALSE,FALSE,FALSE,FALSE,FALSE,fewer than 100 total cases and cumulative incidence below 5/100k,NA,NA
strict,RR,RR_wave_02,2017-02-19,2017-07-23,2018-01-21,FALSE,64.18291776962587,53.367564222810465,362,2015-11-29,0,0,14,49,22,3829,678.8708866745714,147,203,306,4,6,8,TRUE,TRUE,TRUE,FALSE,FALSE,13,FALSE,FALSE,TRUE,FALSE,NA,TRUE,TRUE,TRUE,TRUE,TRUE,TRUE,TRUE,TRUE,NA,1,FALSE
strict,RR,RR_wave_03,2018-04-01,2018-10-07,2018-12-30,FALSE,0.510640905400368,0.340427270266912,3,2018-01-21,0.056737878377818664,0.16666666666666666,4,40,27,24,4.085127243202944,2,5,6,2,4,5,FALSE,FALSE,FALSE,FALSE,FALSE,2,FALSE,FALSE,TRUE,FALSE,fewer than 30 raw cases,TRUE,FALSE,FALSE,FALSE,TRUE,FALSE,FALSE,FALSE,fewer than 100 total cases and cumulative incidence below 5/100k,NA,NA
strict,RR,RR_wave_04,2019-03-03,2019-03-10,2019-03-24,FALSE,0.16177957532861476,0.05392652510953825,1,2018-12-30,0,0,9,4,1,1,0.16177957532861476,1,1,1,1,1,1,FALSE,FALSE,FALSE,TRUE,TRUE,1,FALSE,FALSE,FALSE,FALSE,too few nonzero raw incidence weeks; fewer than 30 raw cases; one week contains >=80% of early-window cases (backlog screen),TRUE,FALSE,FALSE,FALSE,FALSE,FALSE,FALSE,FALSE,fewer than 100 total cases and cumulative incidence below 5/100k,NA,NA
strict,RR,RR_wave_05,2019-05-05,2019-09-08,2019-12-08,FALSE,0.16177957532861476,0.215706100438153,1,2019-03-24,0,0,6,32,18,21,3.3973710819009098,2,4,4,2,3,3,FALSE,FALSE,FALSE,FALSE,FALSE,4,FALSE,FALSE,TRUE,FALSE,too few nonzero raw incidence weeks; fewer than 30 raw cases,TRUE,FALSE,FALSE,FALSE,TRUE,FALSE,FALSE,FALSE,fewer than 100 total cases and cumulative incidence below 5/100k,NA,NA
strict,RR,RR_wave_06,2020-01-05,2020-02-23,2020-03-15,FALSE,0.15601232497367293,0.10400821664911529,1,2019-12-08,0,0,4,11,7,3,0.4680369749210188,1,1,2,1,1,2,FALSE,FALSE,FALSE,FALSE,TRUE,2,FALSE,FALSE,TRUE,FALSE,too few nonzero raw incidence weeks; fewer than 30 raw cases; one week contains >=80% of early-window cases (backlog screen),TRUE,FALSE,FALSE,FALSE,FALSE,FALSE,FALSE,FALSE,fewer than 100 total cases and cumulative incidence below 5/100k,NA,NA
strict,RR,RR_wave_07,2020-05-31,2020-06-07,2020-06-21,FALSE,0.15601232497367293,0.052004108324557645,1,2020-03-15,0,0,11,4,1,1,0.15601232497367293,1,1,1,1,1,1,FALSE,FALSE,FALSE,TRUE,TRUE,1,FALSE,FALSE,FALSE,FALSE,too few nonzero raw incidence weeks; fewer than 30 raw cases; one week contains >=80% of early-window cases (backlog screen),TRUE,FALSE,FALSE,FALSE,FALSE,FALSE,FALSE,FALSE,fewer than 100 total cases and cumulative incidence below 5/100k,NA,NA
strict,RR,RR_wave_08,2020-09-13,2020-10-04,2020-10-25,FALSE,0.15601232497367293,0.10400821664911529,1,2020-06-21,0,0,12,7,3,3,0.4680369749210188,2,3,3,2,3,3,FALSE,FALSE,FALSE,TRUE,FALSE,1,FALSE,FALSE,FALSE,FALSE,too few nonzero raw incidence weeks; fewer than 30 raw cases,TRUE,FALSE,FALSE,FALSE,FALSE,FALSE,FALSE,FALSE,fewer than 100 total cases and cumulative incidence below 5/100k,NA,NA
strict,RR,RR_wave_09,2021-01-10,2021-07-04,2021-11-14,FALSE,0.30535656486078794,0.5089276081013132,2,2020-10-25,0,0,11,45,25,50,7.633914121519698,4,4,4,2,2,2,FALSE,FALSE,FALSE,FALSE,FALSE,3,FALSE,FALSE,TRUE,FALSE,too few nonzero raw incidence weeks; fewer than 30 raw cases,TRUE,TRUE,FALSE,FALSE,TRUE,TRUE,FALSE,FALSE,fewer than 100 total cases,NA,NA
strict,RR,RR_wave_10,2021-12-26,2022-01-02,2022-01-16,FALSE,0.1484992664136239,0.04949975547120797,1,2021-11-14,0,0,6,4,1,1,0.1484992664136239,1,1,1,1,1,1,FALSE,FALSE,FALSE,TRUE,TRUE,1,FALSE,FALSE,FALSE,FALSE,too few nonzero raw incidence weeks; fewer than 30 raw cases; one week contains >=80% of early-window cases (backlog screen),TRUE,FALSE,FALSE,FALSE,FALSE,FALSE,FALSE,FALSE,fewer than 100 total cases and cumulative incidence below 5/100k,NA,NA
strict,RR,RR_wave_11,2022-07-24,2022-08-07,2022-10-23,FALSE,1.9304904633771107,2.5244875290316067,13,2022-01-16,0,0,6,14,2,74,10.98894571460817,52,66,72,4,6,8,TRUE,TRUE,TRUE,TRUE,FALSE,2,FALSE,FALSE,TRUE,FALSE,NA,TRUE,TRUE,FALSE,FALSE,TRUE,TRUE,TRUE,FALSE,fewer than 100 total cases,NA,NA
strict,RR,RR_wave_12,2022-11-27,2022-12-04,2022-12-18,FALSE,0.1484992664136239,0.04949975547120797,1,2022-10-23,0,0,5,4,1,1,0.1484992664136239,1,1,1,1,1,1,FALSE,FALSE,FALSE,TRUE,TRUE,1,FALSE,FALSE,FALSE,FALSE,too few nonzero raw incidence weeks; fewer than 30 raw cases; one week contains >=80% of early-window cases (backlog screen),TRUE,FALSE,FALSE,FALSE,FALSE,FALSE,FALSE,FALSE,fewer than 100 total cases and cumulative incidence below 5/100k,NA,NA
strict,RR,RR_wave_13,2023-01-22,2023-02-19,2023-09-03,FALSE,0.1438290160657011,0.38354404284186955,1,2022-12-18,0,0,5,33,4,25,3.595725401642527,5,9,10,2,4,5,FALSE,FALSE,FALSE,FALSE,FALSE,4,FALSE,FALSE,TRUE,FALSE,fewer than 30 raw cases,TRUE,FALSE,FALSE,FALSE,TRUE,FALSE,FALSE,FALSE,fewer than 100 total cases and cumulative incidence below 5/100k,NA,NA
strict,RR,RR_wave_14,2024-01-21,2025-06-01,2025-06-29,FALSE,0.13535975916791648,0.22559959861319415,1,2023-09-03,0,0,20,76,71,34,4.685242447883108,1,2,2,1,2,2,FALSE,FALSE,FALSE,FALSE,FALSE,12,FALSE,TRUE,TRUE,FALSE,too few nonzero raw incidence weeks; fewer than 30 raw cases,TRUE,FALSE,FALSE,FALSE,TRUE,FALSE,FALSE,FALSE,fewer than 100 total cases and cumulative incidence below 5/100k,NA,NA
strict,RR,RR_wave_15,2025-07-13,2025-11-30,NA,TRUE,0.5414390366716659,0.3158394380584718,4,2025-06-29,0,0,4,25,20,22,2.9779147016941625,3,4,7,2,3,5,FALSE,FALSE,FALSE,FALSE,FALSE,1,FALSE,FALSE,FALSE,TRUE,too few nonzero raw incidence weeks; fewer than 30 raw cases,TRUE,FALSE,FALSE,FALSE,TRUE,FALSE,FALSE,FALSE,fewer than 100 total cases and cumulative incidence below 5/100k,NA,NA
strict,RS,RS_wave_01,2016-01-10,2016-04-24,2016-09-04,FALSE,0.03600432627984578,0.024002884186563857,4,2016-01-03,0,NA,NA,35,15,34,0.3060367733786892,4,7,7,2,3,3,FALSE,FALSE,FALSE,FALSE,FALSE,7,FALSE,FALSE,TRUE,FALSE,too few nonzero raw incidence weeks; fewer than 30 raw cases,TRUE,FALSE,FALSE,FALSE,FALSE,FALSE,FALSE,FALSE,fewer than 100 total cases and cumulative incidence below 5/100k,NA,NA
strict,RS,RS_wave_02,2016-09-18,2017-04-16,2017-06-18,FALSE,0.026927385995281963,0.023935454218028413,3,2016-09-04,0,0,7,40,30,23,0.2066202962979006,2,2,4,2,2,3,FALSE,FALSE,FALSE,FALSE,FALSE,3,FALSE,FALSE,TRUE,FALSE,too few nonzero raw incidence weeks; fewer than 30 raw cases,TRUE,FALSE,FALSE,FALSE,FALSE,FALSE,FALSE,FALSE,fewer than 100 total cases and cumulative incidence below 5/100k,NA,NA
strict,RS,RS_wave_03,2017-07-16,2017-07-30,2017-08-20,FALSE,0,0.005983863554507103,0,2017-06-18,0,0,4,6,2,2,0.01795159066352131,2,2,2,2,2,2,FALSE,FALSE,FALSE,TRUE,FALSE,1,FALSE,FALSE,FALSE,FALSE,too few nonzero raw incidence weeks; fewer than 30 raw cases,TRUE,FALSE,FALSE,FALSE,FALSE,FALSE,FALSE,FALSE,fewer than 100 total cases and cumulative incidence below 5/100k,NA,NA
strict,RS,RS_wave_04,2018-01-07,2018-04-29,2018-06-03,FALSE,0.05372718463911136,0.02686359231955568,6,2017-08-20,0,0,20,22,16,17,0.15222702314414888,1,1,2,1,1,2,FALSE,FALSE,FALSE,FALSE,TRUE,3,FALSE,FALSE,TRUE,FALSE,too few nonzero raw incidence weeks; fewer than 30 raw cases; one week contains >=80% of early-window cases (backlog screen),TRUE,FALSE,FALSE,FALSE,FALSE,FALSE,FALSE,FALSE,fewer than 100 total cases and cumulative incidence below 5/100k,NA,NA
strict,RS,RS_wave_05,2018-07-22,2018-07-29,2018-08-12,FALSE,0.017909061546370456,0.005969687182123485,2,2018-06-03,0,0,7,4,1,2,0.017909061546370456,2,2,2,1,1,1,FALSE,FALSE,FALSE,TRUE,TRUE,1,FALSE,FALSE,FALSE,FALSE,too few nonzero raw incidence weeks; fewer than 30 raw cases; one week contains >=80% of early-window cases (backlog screen),TRUE,FALSE,FALSE,FALSE,FALSE,FALSE,FALSE,FALSE,fewer than 100 total cases and cumulative incidence below 5/100k,NA,NA
strict,RS,RS_wave_06,2019-01-20,2019-01-27,2019-02-10,FALSE,0.008933081039303233,0.0029776936797677443,1,2018-08-12,0,0,23,4,1,1,0.008933081039303233,1,1,1,1,1,1,FALSE,FALSE,FALSE,TRUE,TRUE,1,FALSE,FALSE,FALSE,FALSE,too few nonzero raw incidence weeks; fewer than 30 raw cases; one week contains >=80% of early-window cases (backlog screen),TRUE,FALSE,FALSE,FALSE,FALSE,FALSE,FALSE,FALSE,fewer than 100 total cases and cumulative incidence below 5/100k,NA,NA
strict,RS,RS_wave_07,2019-03-10,2019-05-05,2019-08-11,FALSE,0.008933081039303233,0.014888468398838723,1,2019-02-10,0,0,4,23,8,14,0.12506313455024526,3,4,6,2,3,4,FALSE,FALSE,FALSE,FALSE,FALSE,4,FALSE,FALSE,TRUE,FALSE,too few nonzero raw incidence weeks; fewer than 30 raw cases,TRUE,FALSE,FALSE,FALSE,FALSE,FALSE,FALSE,FALSE,fewer than 100 total cases and cumulative incidence below 5/100k,NA,NA
strict,RS,RS_wave_08,2019-12-22,2020-02-16,2020-03-29,FALSE,0,0.011883238389229413,0,2019-08-11,0,0,19,15,8,8,0.07132008258275765,2,2,4,2,2,4,FALSE,FALSE,FALSE,FALSE,FALSE,2,FALSE,FALSE,TRUE,FALSE,too few nonzero raw incidence weeks; fewer than 30 raw cases,TRUE,FALSE,FALSE,FALSE,FALSE,FALSE,FALSE,FALSE,fewer than 100 total cases and cumulative incidence below 5/100k,NA,NA
strict,RS,RS_wave_09,2020-04-26,2020-05-03,2020-05-17,FALSE,0.00891242879192206,0.002970809597307353,1,2020-03-29,0,0,4,4,1,1,0.00891242879192206,1,1,1,1,1,1,FALSE,FALSE,FALSE,TRUE,TRUE,1,FALSE,FALSE,FALSE,FALSE,too few nonzero raw incidence weeks; fewer than 30 raw cases; one week contains >=80% of early-window cases (backlog screen),TRUE,FALSE,FALSE,FALSE,FALSE,FALSE,FALSE,FALSE,fewer than 100 total cases and cumulative incidence below 5/100k,NA,NA
strict,RS,RS_wave_10,2020-06-21,2020-07-05,2020-07-26,FALSE,0,0.00891242879192206,0,2020-05-17,0,0,5,6,2,3,0.026737286375766178,3,3,3,2,2,2,FALSE,FALSE,FALSE,TRUE,FALSE,1,FALSE,FALSE,FALSE,FALSE,too few nonzero raw incidence weeks; fewer than 30 raw cases,TRUE,FALSE,FALSE,FALSE,FALSE,FALSE,FALSE,FALSE,fewer than 100 total cases and cumulative incidence below 5/100k,NA,NA
strict,RS,RS_wave_11,2021-02-21,2021-03-21,2021-08-29,FALSE,0.28500713720216864,0.29985125893144826,32,2020-07-26,0,0,27,28,4,261,2.324589462805188,69,129,185,4,6,8,TRUE,TRUE,TRUE,FALSE,FALSE,2,FALSE,FALSE,TRUE,FALSE,NA,TRUE,TRUE,TRUE,TRUE,TRUE,FALSE,FALSE,FALSE,cumulative incidence below 5/100k,NA,NA
strict,RS,RS_wave_12,2021-10-31,2021-11-07,2021-11-21,FALSE,0.00890647303756777,0.0029688243458559234,1,2021-08-29,0,0,9,4,1,1,0.00890647303756777,1,1,1,1,1,1,FALSE,FALSE,FALSE,TRUE,TRUE,1,FALSE,FALSE,FALSE,FALSE,too few nonzero raw incidence weeks; fewer than 30 raw cases; one week contains >=80% of early-window cases (backlog screen),TRUE,FALSE,FALSE,FALSE,FALSE,FALSE,FALSE,FALSE,fewer than 100 total cases and cumulative incidence below 5/100k,NA,NA
strict,RS,RS_wave_13,2022-01-02,2022-04-10,2022-09-11,FALSE,0.026736762138891063,0.04159051888271943,3,2021-11-21,0,0,5,37,14,64,0.5703842589630093,8,11,16,4,6,8,FALSE,FALSE,FALSE,FALSE,FALSE,5,FALSE,FALSE,TRUE,FALSE,fewer than 30 raw cases,TRUE,TRUE,FALSE,FALSE,FALSE,FALSE,FALSE,FALSE,fewer than 100 total cases and cumulative incidence below 5/100k,NA,NA
strict,RS,RS_wave_14,2022-11-27,2023-03-26,2023-08-20,FALSE,0.05346501409872422,0.029702785610402346,6,2022-09-11,0,0,15,39,17,47,0.4188121138330257,2,3,6,2,3,4,FALSE,FALSE,FALSE,FALSE,FALSE,7,FALSE,FALSE,TRUE,FALSE,too few nonzero raw incidence weeks; fewer than 30 raw cases,TRUE,FALSE,FALSE,FALSE,FALSE,FALSE,FALSE,FALSE,fewer than 100 total cases and cumulative incidence below 5/100k,NA,NA
strict,RS,RS_wave_15,2023-10-15,2024-02-04,2024-04-07,FALSE,0.00890478690177085,0.011873049202361133,1,2023-08-20,0,0,8,26,16,13,0.11579852241112017,3,4,4,2,3,3,FALSE,FALSE,FALSE,FALSE,FALSE,4,FALSE,FALSE,TRUE,FALSE,too few nonzero raw incidence weeks; fewer than 30 raw cases,TRUE,FALSE,FALSE,FALSE,FALSE,FALSE,FALSE,FALSE,fewer than 100 total cases and cumulative incidence below 5/100k,NA,NA
strict,RS,RS_wave_16,2024-05-05,2024-05-12,2024-08-04,FALSE,0.00890478690177085,0.0029682623005902833,1,2024-04-07,0,0,4,14,1,3,0.02671436070531255,1,2,2,1,2,2,FALSE,FALSE,FALSE,TRUE,FALSE,3,FALSE,FALSE,TRUE,FALSE,too few nonzero raw incidence weeks; fewer than 30 raw cases,TRUE,FALSE,FALSE,FALSE,FALSE,FALSE,FALSE,FALSE,fewer than 100 total cases and cumulative incidence below 5/100k,NA,NA
strict,RS,RS_wave_17,2025-02-09,2025-03-23,2025-12-28,FALSE,0.3204767839941075,0.4184002457700848,36,2024-08-04,0,0,21,47,6,377,3.3561040990494035,58,132,237,4,6,8,TRUE,TRUE,TRUE,FALSE,FALSE,5,FALSE,FALSE,TRUE,FALSE,NA,TRUE,TRUE,TRUE,TRUE,TRUE,FALSE,FALSE,FALSE,cumulative incidence below 5/100k,NA,NA
strict,SC,SC_wave_01,2016-01-03,2016-04-24,2016-07-03,FALSE,0.02852467662643784,0.02852467662643784,2,2015-12-27,0,NA,NA,27,16,27,0.38508313445691084,3,4,8,3,4,5,FALSE,FALSE,FALSE,FALSE,FALSE,5,FALSE,FALSE,TRUE,FALSE,fewer than 30 raw cases,TRUE,FALSE,FALSE,FALSE,FALSE,FALSE,FALSE,FALSE,fewer than 100 total cases and cumulative incidence below 5/100k,NA,NA
strict,SC,SC_wave_02,2016-07-10,2017-05-07,2017-08-06,FALSE,0.1121161231533949,0.04671505131391454,8,2016-07-03,0,0,7,57,43,45,0.633627067766381,3,5,6,2,3,4,FALSE,FALSE,FALSE,FALSE,FALSE,7,FALSE,FALSE,TRUE,FALSE,too few nonzero raw incidence weeks; fewer than 30 raw cases,TRUE,FALSE,FALSE,FALSE,FALSE,FALSE,FALSE,FALSE,fewer than 100 total cases and cumulative incidence below 5/100k,NA,NA
strict,SC,SC_wave_03,2017-10-08,2017-10-15,2017-10-29,FALSE,0.014014515394174363,0.004671505131391454,1,2017-08-06,0,0,9,4,1,1,0.014014515394174363,1,1,1,1,1,1,FALSE,FALSE,FALSE,TRUE,TRUE,1,FALSE,FALSE,FALSE,FALSE,too few nonzero raw incidence weeks; fewer than 30 raw cases; one week contains >=80% of early-window cases (backlog screen),TRUE,FALSE,FALSE,FALSE,FALSE,FALSE,FALSE,FALSE,fewer than 100 total cases and cumulative incidence below 5/100k,NA,NA
strict,SC,SC_wave_04,2017-12-17,2018-01-28,2018-09-23,FALSE,0.04128746992723909,0.018349986634328484,3,2017-10-29,0,0,7,41,6,20,0.2755018249333553,1,2,5,1,2,3,FALSE,FALSE,FALSE,FALSE,FALSE,5,FALSE,FALSE,TRUE,FALSE,too few nonzero raw incidence weeks; fewer than 30 raw cases,TRUE,FALSE,FALSE,FALSE,FALSE,FALSE,FALSE,FALSE,fewer than 100 total cases and cumulative incidence below 5/100k,NA,NA
strict,SC,SC_wave_05,2019-01-27,2019-06-02,2019-08-25,FALSE,0.0270134363481724,0.04952463330498273,2,2018-09-23,0,0,11,31,18,36,0.4862418542671032,3,4,6,2,3,4,FALSE,FALSE,FALSE,FALSE,FALSE,5,FALSE,FALSE,TRUE,FALSE,too few nonzero raw incidence weeks; fewer than 30 raw cases,TRUE,FALSE,FALSE,FALSE,FALSE,FALSE,FALSE,FALSE,fewer than 100 total cases and cumulative incidence below 5/100k,NA,NA
strict,SC,SC_wave_06,2019-09-22,2019-09-29,2019-11-17,FALSE,0.0135067181740862,0.004502239391362067,1,2019-08-25,0,0,4,9,1,2,0.0270134363481724,1,1,2,1,1,2,FALSE,FALSE,FALSE,TRUE,TRUE,2,FALSE,FALSE,TRUE,FALSE,too few nonzero raw incidence weeks; fewer than 30 raw cases; one week contains >=80% of early-window cases (backlog screen),TRUE,FALSE,FALSE,FALSE,FALSE,FALSE,FALSE,FALSE,fewer than 100 total cases and cumulative incidence below 5/100k,NA,NA
strict,SC,SC_wave_07,2020-01-05,2020-03-01,2020-03-22,FALSE,0.013259126422455657,0.013259126422455657,1,2019-11-17,0,0,7,12,8,4,0.05303650568982263,1,1,2,1,1,2,FALSE,FALSE,FALSE,FALSE,TRUE,2,FALSE,FALSE,TRUE,FALSE,too few nonzero raw incidence weeks; fewer than 30 raw cases; one week contains >=80% of early-window cases (backlog screen),TRUE,FALSE,FALSE,FALSE,FALSE,FALSE,FALSE,FALSE,fewer than 100 total cases and cumulative incidence below 5/100k,NA,NA
strict,SC,SC_wave_08,2020-05-17,2020-05-24,2020-06-07,FALSE,0.013259126422455657,0.004419708807485219,1,2020-03-22,0,0,8,4,1,1,0.013259126422455657,1,1,1,1,1,1,FALSE,FALSE,FALSE,TRUE,TRUE,1,FALSE,FALSE,FALSE,FALSE,too few nonzero raw incidence weeks; fewer than 30 raw cases; one week contains >=80% of early-window cases (backlog screen),TRUE,FALSE,FALSE,FALSE,FALSE,FALSE,FALSE,FALSE,fewer than 100 total cases and cumulative incidence below 5/100k,NA,NA
strict,SC,SC_wave_09,2020-07-19,2020-08-02,2020-08-30,FALSE,0,0.004419708807485219,0,2020-06-07,0,0,6,7,2,2,0.026518252844911314,1,2,2,1,2,2,FALSE,FALSE,FALSE,TRUE,FALSE,1,FALSE,FALSE,FALSE,FALSE,too few nonzero raw incidence weeks; fewer than 30 raw cases,TRUE,FALSE,FALSE,FALSE,FALSE,FALSE,FALSE,FALSE,fewer than 100 total cases and cumulative incidence below 5/100k,NA,NA
strict,SC,SC_wave_10,2021-01-10,2021-01-31,2021-08-29,FALSE,0.06517504452759042,0.04345002968506028,5,2020-08-30,0,0,17,34,3,28,0.36498024935450635,8,11,13,3,4,6,FALSE,FALSE,FALSE,TRUE,FALSE,5,FALSE,FALSE,TRUE,FALSE,fewer than 30 raw cases,TRUE,FALSE,FALSE,FALSE,FALSE,FALSE,FALSE,FALSE,fewer than 100 total cases and cumulative incidence below 5/100k,NA,NA
strict,SC,SC_wave_11,2022-01-16,2022-02-20,2022-03-13,FALSE,0.012825746711767123,0.017100995615689497,1,2021-08-29,0,0,20,9,5,6,0.07695448027060274,2,4,6,2,4,5,FALSE,FALSE,FALSE,FALSE,FALSE,1,FALSE,FALSE,FALSE,FALSE,fewer than 30 raw cases,TRUE,FALSE,FALSE,FALSE,FALSE,FALSE,FALSE,FALSE,fewer than 100 total cases and cumulative incidence below 5/100k,NA,NA
strict,SC,SC_wave_12,2022-04-17,2022-05-29,2022-08-28,FALSE,0,0.025651493423534243,0,2022-03-13,0,0,5,20,6,18,0.2308634408118082,4,9,10,2,3,4,FALSE,FALSE,FALSE,FALSE,FALSE,3,FALSE,FALSE,TRUE,FALSE,too few nonzero raw incidence weeks; fewer than 30 raw cases,TRUE,FALSE,FALSE,FALSE,FALSE,FALSE,FALSE,FALSE,fewer than 100 total cases and cumulative incidence below 5/100k,NA,NA
strict,SC,SC_wave_13,2023-01-15,2023-04-02,2023-07-09,FALSE,0.08830342874644957,0.08830342874644957,7,2022-08-28,0,0,21,26,11,45,0.5676648990843187,5,7,10,3,4,5,FALSE,FALSE,FALSE,FALSE,FALSE,4,FALSE,FALSE,TRUE,FALSE,fewer than 30 raw cases,TRUE,FALSE,FALSE,FALSE,FALSE,FALSE,FALSE,FALSE,fewer than 100 total cases and cumulative incidence below 5/100k,NA,NA
strict,SC,SC_wave_14,2023-09-03,2024-01-28,2024-06-23,FALSE,0.024818696321037777,0.0413644938683963,2,2023-07-09,0,0,12,43,21,42,0.5226306143646107,3,3,4,2,2,3,FALSE,FALSE,FALSE,FALSE,FALSE,4,FALSE,FALSE,TRUE,FALSE,too few nonzero raw incidence weeks; fewer than 30 raw cases,TRUE,FALSE,FALSE,FALSE,FALSE,FALSE,FALSE,FALSE,fewer than 100 total cases and cumulative incidence below 5/100k,NA,NA
strict,SC,SC_wave_15,2025-02-02,2025-03-23,2025-08-24,FALSE,1.2580979366949547,1.2133112787543576,103,2024-06-23,0,0,31,30,7,668,8.159314773905143,84,209,434,4,6,8,TRUE,TRUE,TRUE,FALSE,FALSE,1,FALSE,FALSE,FALSE,FALSE,NA,TRUE,TRUE,TRUE,TRUE,TRUE,TRUE,FALSE,TRUE,NA,1,FALSE
strict,SC,SC_wave_16,2025-09-07,2025-11-16,NA,TRUE,0.0488581722988332,0.0488581722988332,4,2025-08-24,0,0,9,17,10,35,0.4275090076147905,3,7,13,2,4,6,FALSE,FALSE,FALSE,FALSE,FALSE,1,FALSE,FALSE,FALSE,TRUE,fewer than 30 raw cases,TRUE,FALSE,FALSE,FALSE,FALSE,FALSE,FALSE,FALSE,fewer than 100 total cases and cumulative incidence below 5/100k,NA,NA
strict,SE,SE_wave_01,2015-03-22,2015-03-29,2015-04-19,FALSE,0.0458242219505355,0.030549481300357003,1,2015-03-15,0,NA,NA,5,1,2,0.091648443901071,2,2,2,2,2,2,FALSE,FALSE,FALSE,TRUE,FALSE,1,FALSE,FALSE,FALSE,FALSE,too few nonzero raw incidence weeks; fewer than 30 raw cases,TRUE,FALSE,FALSE,FALSE,FALSE,FALSE,FALSE,FALSE,fewer than 100 total cases and cumulative incidence below 5/100k,NA,NA
strict,SE,SE_wave_02,2016-02-07,2016-04-24,2017-11-19,FALSE,12.327640480514141,12.312477331091614,271,2015-04-19,0,0,9,94,11,4334,197.0813554921033,523,872,1382,4,6,8,TRUE,TRUE,TRUE,FALSE,FALSE,13,FALSE,FALSE,TRUE,FALSE,NA,TRUE,TRUE,TRUE,TRUE,TRUE,TRUE,TRUE,TRUE,NA,1,FALSE
strict,SE,SE_wave_03,2017-11-26,2018-05-20,2018-06-24,FALSE,0.22451043255077976,0.11973889736041587,5,2017-11-19,0,0,4,31,25,22,0.9887192601111123,2,3,3,2,3,3,FALSE,FALSE,FALSE,FALSE,FALSE,7,FALSE,FALSE,TRUE,FALSE,too few nonzero raw incidence weeks; fewer than 30 raw cases,TRUE,FALSE,FALSE,FALSE,FALSE,FALSE,FALSE,FALSE,fewer than 100 total cases and cumulative incidence below 5/100k,NA,NA
strict,SE,SE_wave_04,2019-06-09,2019-08-11,2020-01-12,FALSE,0.7138714139115692,0.8477223040199884,16,2018-06-24,0,0,4,32,9,270,12.046068746675004,16,43,73,4,6,8,FALSE,TRUE,TRUE,FALSE,FALSE,4,FALSE,FALSE,TRUE,FALSE,NA,TRUE,TRUE,TRUE,TRUE,TRUE,TRUE,TRUE,TRUE,NA,2,TRUE
strict,SE,SE_wave_05,2020-05-17,2020-07-26,2020-12-27,FALSE,9.981288411324902,11.740952590506627,225,2020-01-12,0.02957418788540712,0.03488664595134894,14,33,10,3694,163.87057507304084,252,523,976,4,6,8,TRUE,TRUE,TRUE,FALSE,FALSE,3,FALSE,FALSE,TRUE,FALSE,NA,TRUE,TRUE,TRUE,TRUE,TRUE,TRUE,TRUE,TRUE,NA,3,TRUE
strict,SE,SE_wave_06,2021-01-24,2022-05-22,2023-11-26,FALSE,6.685465139037881,7.154620587391418,152,2020-12-27,0.2799750490336784,0.039132060968694586,25,149,69,8530,375.4348173672262,101,140,187,4,6,8,TRUE,TRUE,TRUE,FALSE,FALSE,12,TRUE,TRUE,TRUE,FALSE,NA,TRUE,TRUE,TRUE,TRUE,TRUE,TRUE,TRUE,TRUE,NA,4,TRUE
strict,SE,SE_wave_07,2023-12-31,2024-03-03,2024-11-03,FALSE,1.3530754313364413,1.2657802422179611,31,2023-11-26,0.11685686582290167,0.09232002675135728,7,45,9,432,18.85732442071083,27,41,81,4,6,8,TRUE,TRUE,TRUE,FALSE,FALSE,12,FALSE,FALSE,TRUE,FALSE,NA,TRUE,TRUE,TRUE,TRUE,TRUE,TRUE,TRUE,TRUE,NA,5,TRUE
strict,SE,SE_wave_08,2024-12-29,2025-12-07,NA,TRUE,0.4348913315285344,0.4348913315285343,10,2024-11-03,0.01454919818641335,0.033454790039793514,11,53,49,187,8.132784822396365,6,8,11,3,4,5,FALSE,FALSE,FALSE,FALSE,FALSE,2,FALSE,FALSE,TRUE,TRUE,fewer than 30 raw cases,TRUE,TRUE,TRUE,FALSE,TRUE,TRUE,FALSE,TRUE,NA,6,TRUE
strict,SP,SP_wave_01,2015-11-22,2016-02-07,2016-10-09,FALSE,0.07635283182547718,0.07859850334975593,34,2015-10-04,0,NA,NA,47,11,674,1.5144863116772715,17,57,115,4,6,8,FALSE,TRUE,TRUE,FALSE,FALSE,31,FALSE,FALSE,TRUE,FALSE,NA,TRUE,TRUE,TRUE,TRUE,FALSE,FALSE,FALSE,FALSE,cumulative incidence below 5/100k,NA,NA
strict,SP,SP_wave_02,2021-01-24,2021-03-28,2021-10-31,FALSE,2.722777346799143,2.5146809284999327,1243,2016-10-09,0.008982686097114962,0.11428571428571427,18,41,9,13265,29.056831460410805,1339,2785,4913,4,6,8,TRUE,TRUE,TRUE,FALSE,FALSE,6,FALSE,FALSE,TRUE,FALSE,NA,TRUE,TRUE,TRUE,TRUE,TRUE,TRUE,TRUE,TRUE,NA,1,FALSE
strict,SP,SP_wave_03,2022-04-10,2023-04-30,2023-10-01,FALSE,0.36204566268205607,0.3656806592953297,166,2021-10-31,0.014603257424505996,0.03993445388292238,40,78,55,2829,6.173683280124481,127,215,291,4,6,8,TRUE,TRUE,TRUE,FALSE,FALSE,3,FALSE,TRUE,TRUE,FALSE,NA,TRUE,TRUE,TRUE,TRUE,TRUE,TRUE,FALSE,TRUE,NA,2,TRUE
strict,SP,SP_wave_04,2023-11-26,2024-05-12,2024-09-15,FALSE,0.996232717700667,0.9106756138515559,458,2023-10-01,0.007996992549202043,0.02186878727634195,23,43,24,8763,19.06479586057297,332,634,1052,4,6,8,TRUE,TRUE,TRUE,FALSE,FALSE,4,FALSE,FALSE,TRUE,FALSE,NA,TRUE,TRUE,TRUE,TRUE,TRUE,TRUE,TRUE,TRUE,NA,3,TRUE
strict,SP,SP_wave_05,2024-11-10,2025-01-19,2025-12-28,FALSE,1.436575797026683,1.3201162283855472,662,2024-09-15,0.08773228445544448,0.0963375796178344,13,60,10,8641,18.757481435491034,477,683,1179,4,6,8,TRUE,TRUE,TRUE,FALSE,FALSE,4,FALSE,FALSE,TRUE,FALSE,NA,TRUE,TRUE,TRUE,TRUE,TRUE,TRUE,TRUE,TRUE,NA,4,TRUE
strict,TO,TO_wave_01,2015-05-31,2015-06-07,2015-06-21,FALSE,0.06796174569258456,0.02265391523086152,1,2015-05-24,0,NA,NA,4,1,1,0.06796174569258456,1,1,1,1,1,1,FALSE,FALSE,FALSE,TRUE,TRUE,1,FALSE,FALSE,FALSE,FALSE,too few nonzero raw incidence weeks; fewer than 30 raw cases; one week contains >=80% of early-window cases (backlog screen),TRUE,FALSE,FALSE,FALSE,FALSE,FALSE,FALSE,FALSE,fewer than 100 total cases and cumulative incidence below 5/100k,NA,NA
strict,TO,TO_wave_02,2015-10-04,2015-10-11,2015-10-25,FALSE,0.06796174569258456,0.02265391523086152,1,2015-06-21,0,0,15,4,1,1,0.06796174569258456,1,1,1,1,1,1,FALSE,FALSE,FALSE,TRUE,TRUE,1,FALSE,FALSE,FALSE,FALSE,too few nonzero raw incidence weeks; fewer than 30 raw cases; one week contains >=80% of early-window cases (backlog screen),TRUE,FALSE,FALSE,FALSE,FALSE,FALSE,FALSE,FALSE,fewer than 100 total cases and cumulative incidence below 5/100k,NA,NA
strict,TO,TO_wave_03,2016-01-24,2016-05-29,2016-08-07,FALSE,1.548387791702796,1.4137453750329874,23,2015-10-25,0,0,9,29,18,233,15.68584154203267,12,22,26,4,6,8,FALSE,FALSE,FALSE,FALSE,FALSE,5,FALSE,FALSE,TRUE,FALSE,fewer than 30 raw cases,TRUE,TRUE,TRUE,TRUE,TRUE,TRUE,TRUE,TRUE,NA,1,FALSE
strict,TO,TO_wave_04,2017-01-01,2017-05-07,2019-07-07,FALSE,8.007810284297284,8.141273789035573,120,2016-08-07,0.04488080555660277,0.031746031746031744,22,132,18,2550,170.0537024154083,192,326,453,4,6,8,TRUE,TRUE,TRUE,FALSE,FALSE,16,TRUE,FALSE,TRUE,FALSE,NA,TRUE,TRUE,TRUE,TRUE,TRUE,TRUE,TRUE,TRUE,NA,2,TRUE
strict,TO,TO_wave_05,2019-07-28,2020-02-23,2020-07-05,FALSE,0.1300486512004141,0.15172342640048309,2,2019-07-07,0,0,19,50,30,27,1.758915280976401,1,1,1,1,1,1,FALSE,FALSE,FALSE,FALSE,TRUE,7,FALSE,FALSE,TRUE,FALSE,too few nonzero raw incidence weeks; fewer than 30 raw cases; one week contains >=80% of early-window cases (backlog screen),TRUE,FALSE,FALSE,FALSE,FALSE,FALSE,FALSE,FALSE,fewer than 100 total cases and cumulative incidence below 5/100k,NA,NA
strict,TO,TO_wave_06,2020-11-22,2021-05-23,2021-10-17,FALSE,0.4520462843732766,0.5812023656227842,7,2020-07-05,0,0,20,48,26,141,9.107288867992098,4,4,5,3,3,4,FALSE,FALSE,FALSE,FALSE,FALSE,5,FALSE,FALSE,TRUE,FALSE,too few nonzero raw incidence weeks; fewer than 30 raw cases,TRUE,TRUE,TRUE,FALSE,TRUE,TRUE,FALSE,TRUE,NA,3,TRUE
strict,TO,TO_wave_07,2022-01-09,2022-05-01,2022-10-23,FALSE,14.89490106447181,16.093341380004023,232,2021-10-17,0,0,10,42,16,3689,236.8417673570539,148,220,323,4,6,8,TRUE,TRUE,TRUE,FALSE,FALSE,2,FALSE,FALSE,TRUE,FALSE,NA,TRUE,TRUE,TRUE,TRUE,TRUE,TRUE,TRUE,TRUE,NA,4,TRUE
strict,TO,TO_wave_08,2023-01-01,2023-02-12,2023-09-24,FALSE,24.438629369362125,25.1192526416159,383,2022-10-23,0.19260647928196303,0.011968085106382979,23,39,6,4262,271.9515362198992,678,1399,2139,4,6,8,TRUE,TRUE,TRUE,FALSE,FALSE,3,FALSE,FALSE,TRUE,FALSE,NA,TRUE,TRUE,TRUE,TRUE,TRUE,TRUE,TRUE,TRUE,NA,5,TRUE
strict,TO,TO_wave_09,2024-01-21,2024-04-07,2024-10-13,FALSE,3.169889599085043,3.2332873910667437,50,2023-09-24,0.06380843177379145,0.019734846939399166,27,39,11,691,43.807874259355295,51,106,161,4,6,8,TRUE,TRUE,TRUE,FALSE,FALSE,4,FALSE,FALSE,TRUE,FALSE,NA,TRUE,TRUE,TRUE,TRUE,TRUE,TRUE,TRUE,TRUE,NA,6,TRUE
strict,TO,TO_wave_10,2024-12-29,2025-04-13,2025-12-28,FALSE,1.449404137355619,1.4704099944187439,23,2024-10-13,0,0,27,53,15,409,25.774186616454266,15,30,58,3,5,7,FALSE,TRUE,TRUE,FALSE,FALSE,5,FALSE,FALSE,TRUE,FALSE,NA,TRUE,TRUE,TRUE,TRUE,TRUE,TRUE,TRUE,TRUE,NA,7,TRUE
