"variable","t","q025","q25","median","q75","q975","week_start"
"latent_infections",1,1,1,1,1,1,2015-01-04
"latent_infections",2,1.23612775,1.2471225,1.253685,1.2606925,1.275302,2015-01-11
"latent_infections",3,2.01532575,2.0658475,2.09535,2.129515,2.1996655,2015-01-18
"latent_infections",4,2.876201,2.9885325,3.056845,3.13297,3.29966375,2015-01-25
"latent_infections",5,3.988308,4.199695,4.337395,4.480735,4.81999025,2015-02-01
"latent_infections",6,5.39657475,5.7567125,6.00474,6.251905,6.88551375,2015-02-08
"latent_infections",7,7.0894615,7.72318,8.12303,8.5642975,9.63201974999999,2015-02-15
"latent_infections",8,9.16527375,10.1352,10.7822,11.48405,13.247875,2015-02-22
"latent_infections",9,11.6557225,13.02635,14.0421,15.114025,17.7873975,2015-03-01
"latent_infections",10,14.4548575,16.483575,17.89645,19.5,23.386975,2015-03-08
"latent_infections",11,17.58551,20.43015,22.37595,24.69045,30.2470275,2015-03-15
"latent_infections",12,21.0533175,24.87415,27.43565,30.65845,38.23984,2015-03-22
"latent_infections",13,24.8440425,29.896375,33.15715,37.465925,47.40704,2015-03-29
"latent_infections",14,28.7486375,35.27535,39.44855,45.0838,58.1697425,2015-04-05
"latent_infections",15,33.1239275,41.2685,46.3982,53.3775,69.548025,2015-04-12
"latent_infections",16,37.665375,47.840775,53.90645,62.629325,82.87001,2015-04-19
"latent_infections",17,42.69666,55.14375,62.28365,72.841775,98.011645,2015-04-26
"latent_infections",18,48.030665,63.11315,71.90565,84.116675,114.294825,2015-05-03
"latent_infections",19,54.5853275,72.12485,82.64075,96.9991,132.709175,2015-05-10
"latent_infections",20,61.9661,82.52215,94.8821,111.936,153.429675,2015-05-17
"latent_infections",21,70.81701,95.138125,109.675,129.68625,176.6497,2015-05-24
"latent_infections",22,81.59251,110.284,127.4715,150.39625,204.313625,2015-05-31
"latent_infections",23,94.8601625,128.92725,148.8585,175.6455,236.1666,2015-06-07
"latent_infections",24,111.1233,151.70475,175.115,206.35275,275.63065,2015-06-14
"latent_infections",25,132.113775,179.5835,208.5405,243.9745,322.528075,2015-06-21
"latent_infections",26,158.1898,214.43875,251.073,291.12875,378.194225,2015-06-28
"latent_infections",27,192.327325,259.0055,301.4635,348.63525,446.780375,2015-07-05
"latent_infections",28,235.25235,313.8045,364.089,419.54525,527.44285,2015-07-12
"latent_infections",29,287.41775,381.31775,442.3785,506.33425,620.698925,2015-07-19
"latent_infections",30,350.981875,463.6455,536.9565,610.43075,740.2823,2015-07-26
"latent_infections",31,426.2645,563.66725,648.62,731.58775,879.839699999999,2015-08-02
"latent_infections",32,515.79815,683.99975,777.3295,877.77675,1050.2965,2015-08-09
"latent_infections",33,617.024425,817.44275,926.319,1041.535,1239.663,2015-08-16
"latent_infections",34,731.05335,965.63225,1092.875,1224.5225,1458.38275,2015-08-23
"latent_infections",35,858.639925,1130.845,1278.215,1426.73,1698.324,2015-08-30
"latent_infections",36,1010.979175,1307.475,1478.9,1644.3425,1958.951,2015-09-06
"latent_infections",37,1150.48475,1494.595,1685.79,1879.025,2246.81675,2015-09-13
"latent_infections",38,1287.467,1689.5075,1906.895,2130.1925,2557.728,2015-09-20
"latent_infections",39,1428.42975,1891.72,2139.385,2399.5325,2887.64325,2015-09-27
"latent_infections",40,1563.766,2100.905,2380.885,2683.03,3237.77,2015-10-04
"latent_infections",41,1725.44575,2321.69,2638.05,2989.9675,3607.932,2015-10-11
"latent_infections",42,1890.29775,2571.605,2916.92,3321.295,4019.30175,2015-10-18
"latent_infections",43,2074.75225,2838.585,3223.815,3698.25,4520.189,2015-10-25
"latent_infections",44,2285.51925,3151.3875,3603.85,4134.42,5091.666,2015-11-01
"latent_infections",45,2537.87025,3532.725,4054.35,4657.28,5758.94175,2015-11-08
"latent_infections",46,2830.655,3999.775,4602.42,5298.325,6631.4845,2015-11-15
"latent_infections",47,3208.1165,4586.085,5302.005,6110.765,7736.04725,2015-11-22
"latent_infections",48,3764.693,5342.105,6203.085,7161.415,9133.23825,2015-11-29
"latent_infections",49,4428.197,6322.535,7408.015,8546.43,10900.52,2015-12-06
"latent_infections",50,5246.27725,7618.725,8969.41,10393.45,13307.505,2015-12-13
"latent_infections",51,6287.609,9277.56,11031.25,12895.925,16518.17,2015-12-20
"latent_infections",52,7704.03125,11459.85,13789.65,16125.925,20630.7125,2015-12-27
"latent_infections",53,7321.5265,10733.05,12939.75,15008.775,19241.025,2016-01-03
"latent_infections",54,9054.92875,13166.55,15964.6,18624.1,23891.06,2016-01-10
"latent_infections",55,10227.96,14936.25,18049.95,21082.15,27116.09,2016-01-17
"latent_infections",56,11961.3825,17264.325,20953.5,24491.075,31423.7475,2016-01-24
"latent_infections",57,13758.42,20185.825,24399.15,28435.825,36756.0725,2016-01-31
"latent_infections",58,15952.3975,23450.65,28367.6,33077.925,42694.205,2016-02-07
"latent_infections",59,18333.47,27208,32764.85,38217.225,49069.565,2016-02-14
"latent_infections",60,20678.835,31250.525,37506.55,43874.625,56117.7225,2016-02-21
"latent_infections",61,23523.605,35389.3,42554.5,49655.3,63259.1874999999,2016-02-28
"latent_infections",62,26729.84,39546.975,47109.65,55054.75,70254.03,2016-03-06
"latent_infections",63,29144.035,43178.2,51305.75,59980.15,76367.8725,2016-03-13
"latent_infections",64,30981.2475,45900.625,54473.55,63782.175,81704.5375,2016-03-20
"latent_infections",65,32659.8,47818.425,57049,66428.275,85516.5675,2016-03-27
"latent_infections",66,33605.1625,48853.125,58282.65,67935.9,87329.4475,2016-04-03
"latent_infections",67,33593.7975,49104.7,58660.1,68145.425,87845.205,2016-04-10
"latent_infections",68,33319.095,48354.025,57782.2,67523.125,86019.9975,2016-04-17
"latent_infections",69,32121.7125,46985.275,56055.2,65434.225,83150.47,2016-04-24
"latent_infections",70,30548.7375,45055.05,53720.65,62767.775,79021.7774999999,2016-05-01
"latent_infections",71,28785.985,42548,50828.9,59390.6,74169.8625,2016-05-08
"latent_infections",72,26906.7275,39825.95,47600.95,55511.2,69340.6825,2016-05-15
"latent_infections",73,25283.84,37159.375,44498.05,51833.25,64786.0375,2016-05-22
"latent_infections",74,23798.2325,34643.325,41450.55,48072.125,59939.0425,2016-05-29
"latent_infections",75,22254.99,32113.9,38396.65,44516.975,55501.24,2016-06-05
"latent_infections",76,20729.485,29799.425,35563.3,41177.45,51041.21,2016-06-12
"latent_infections",77,19282.4175,27559.225,32909.7,37987.9,46680.5525,2016-06-19
"latent_infections",78,17955.565,25638.975,30306.05,34951.525,42751.68,2016-06-26
"latent_infections",79,16654.7125,23728.05,27889.05,32142.875,39158.095,2016-07-03
"latent_infections",80,15551.905,21849.075,25590.2,29445.875,35676.0325,2016-07-10
"latent_infections",81,14389.0975,19997.125,23400.3,26935.975,32546.325,2016-07-17
"latent_infections",82,13229.3175,18277.575,21381.3,24560.825,29528.125,2016-07-24
"latent_infections",83,12044.5975,16551.425,19415.75,22171.3,26698.5475,2016-07-31
"latent_infections",84,10838.29,14964.9,17480.4,19945.3,23885.0525,2016-08-07
"latent_infections",85,9572.94675,13456.9,15680.8,17799.475,21380.9375,2016-08-14
"latent_infections",86,8447.41225,11933.975,13890.25,15749.575,19013.9625,2016-08-21
"latent_infections",87,7400.656,10438.675,12143.75,13804.375,16728.0775,2016-08-28
"latent_infections",88,6422.648,9057.0625,10563.4,12077.4,14705.035,2016-09-04
"latent_infections",89,5522.25075,7794.6775,9119.61,10411.775,12845.0625,2016-09-11
"latent_infections",90,4746.71825,6700.2325,7839.01,8949.9525,11021.075,2016-09-18
"latent_infections",91,4010.46825,5701.0425,6689.03,7686.18,9454.36499999999,2016-09-25
"latent_infections",92,3395.86975,4853.6775,5703.89,6543.68,8213.05525,2016-10-02
"latent_infections",93,2828.8925,4141.3575,4880.31,5590.8525,7045.815,2016-10-09
"latent_infections",94,2437.4745,3552.255,4172.78,4814.24,6085.665,2016-10-16
"latent_infections",95,2088.409,3062.58,3611.4,4170.515,5314.7345,2016-10-23
"latent_infections",96,1830.27025,2688.405,3162.255,3646.8475,4670.905,2016-10-30
"latent_infections",97,1643.412,2372.715,2818.92,3231.3725,4144.426,2016-11-06
"latent_infections",98,1486.457,2138.885,2545.245,2917.93,3718.314,2016-11-13
"latent_infections",99,1361.554,1972.7425,2336.105,2693.3775,3431.334,2016-11-20
"latent_infections",100,1286.86775,1858.96,2191.19,2532.07,3214.042,2016-11-27
"latent_infections",101,1248.042,1772.2125,2097.895,2447.5175,3088.22025,2016-12-04
"latent_infections",102,1241.1835,1750.415,2064.685,2401.6925,3061.01475,2016-12-11
"latent_infections",103,1257.94425,1760.34,2077.75,2418.985,3079.3655,2016-12-18
"latent_infections",104,1310.195,1819.28,2136.805,2472.5375,3161.791,2016-12-25
"latent_infections",105,1377.04925,1915.17,2267.95,2644.3925,3363.6125,2017-01-01
"latent_infections",106,1459.93575,2032.8625,2387.645,2777.0575,3523.30175,2017-01-08
"latent_infections",107,1559.18575,2173.1775,2553.43,2969.535,3751.7395,2017-01-15
"latent_infections",108,1670.6665,2335.115,2746.34,3191.265,4033.7135,2017-01-22
"latent_infections",109,1780.325,2514.895,2958.525,3430.715,4344.5235,2017-01-29
"latent_infections",110,1911.84675,2705.0825,3182.76,3688.3275,4681.9295,2017-02-05
"latent_infections",111,2033.554,2901.3825,3404.43,3933.7375,4964.524,2017-02-12
"latent_infections",112,2130.17875,3075.3725,3594.06,4187.0925,5280.21475,2017-02-19
"latent_infections",113,2215.81825,3238.2975,3781.24,4402.995,5559.14,2017-02-26
"latent_infections",114,2300.24125,3354.1975,3930.66,4560.3575,5791.055,2017-03-05
"latent_infections",115,2360.668,3417.1475,4032.295,4659.6075,5976.9745,2017-03-12
"latent_infections",116,2366.79425,3431.105,4065.97,4699.18,6028.91525,2017-03-19
"latent_infections",117,2337.297,3414.525,4036.495,4664.8025,6025.34275,2017-03-26
"latent_infections",118,2282.76075,3331.89,3968.15,4579.6025,5934.09525,2017-04-02
"latent_infections",119,2192.879,3214.1825,3857.42,4447.34,5727.30874999999,2017-04-09
"latent_infections",120,2094.48125,3075.96,3701.825,4276.2675,5560.88975,2017-04-16
"latent_infections",121,1976.71725,2922.38,3536.065,4093.7425,5295.4645,2017-04-23
"latent_infections",122,1862.07,2778.9125,3357.905,3903.9975,5056.49925,2017-04-30
"latent_infections",123,1741.285,2628.9225,3182.015,3709.3525,4770.22325,2017-05-07
"latent_infections",124,1652.26675,2490.2425,3013.88,3519.0225,4498.53575,2017-05-14
"latent_infections",125,1562.0965,2369.64,2868.815,3340.62,4295.70925,2017-05-21
"latent_infections",126,1498.8175,2270.2575,2736.675,3189.975,4082.12625,2017-05-28
"latent_infections",127,1447.2325,2167.065,2622.505,3061.505,3894.9415,2017-06-04
"latent_infections",128,1411.912,2097.945,2533.96,2954.9425,3724.04425,2017-06-11
"latent_infections",129,1390.28925,2039.9525,2462.825,2873.935,3646.22525,2017-06-18
"latent_infections",130,1377.0245,2002.545,2408.575,2806.7075,3544.7635,2017-06-25
"latent_infections",131,1376.446,1979.655,2372,2749.5425,3452.28,2017-07-02
"latent_infections",132,1365.49525,1963.515,2347.745,2709.2025,3405.32275,2017-07-09
"latent_infections",133,1363.71225,1948.8125,2327.9,2678.615,3349.91425,2017-07-16
"latent_infections",134,1363.9615,1938.735,2307.39,2639.0175,3296.299,2017-07-23
"latent_infections",135,1355.97975,1925.275,2277.245,2601.9075,3202.444,2017-07-30
"latent_infections",136,1340.17425,1908.6625,2248.045,2551.335,3177.5355,2017-08-06
"latent_infections",137,1324.26675,1878.44,2193.41,2493.785,3080.2045,2017-08-13
"latent_infections",138,1300.5545,1829.3375,2127.065,2425.585,2967.333,2017-08-20
"latent_infections",139,1241.1885,1765.22,2047.5,2327.02,2847.293,2017-08-27
"latent_infections",140,1197.05925,1683.2175,1945.38,2210.6925,2725.37075,2017-09-03
"latent_infections",141,1128.46025,1582.8425,1827.735,2088.425,2583.8355,2017-09-10
"latent_infections",142,1041.461,1474.5925,1702.215,1950.6625,2427.81975,2017-09-17
"latent_infections",143,954.5171,1367.035,1574.31,1809.06,2268.70975,2017-09-24
"latent_infections",144,872.463225,1253.3575,1449.38,1669.0375,2100.25975,2017-10-01
"latent_infections",145,795.50515,1142.455,1329.555,1534.06,1941.3355,2017-10-08
"latent_infections",146,724.458625,1040.415,1217.055,1402.8375,1782.76525,2017-10-15
"latent_infections",147,660.41815,949.6,1115.485,1289.0325,1643.993,2017-10-22
"latent_infections",148,604.421825,870.06625,1025.78,1190.73,1534.01425,2017-10-29
"latent_infections",149,555.87345,805.02325,947.3215,1101.36,1436.234,2017-11-05
"latent_infections",150,518.16325,752.46125,885.983,1036.67,1350.54275,2017-11-12
"latent_infections",151,489.13825,709.8455,844.1595,983.43425,1280.076,2017-11-19
"latent_infections",152,469.317175,680.878,815.258,950.69325,1244.01375,2017-11-26
"latent_infections",153,456.27935,664.32625,795.1925,932.73075,1235.44525,2017-12-03
"latent_infections",154,449.190275,658.98725,791.212,925.73175,1232.2505,2017-12-10
"latent_infections",155,450.4932,661.1755,797.662,940.39375,1248.20475,2017-12-17
"latent_infections",156,459.971275,678.313,818.6685,965.5505,1284.62875,2017-12-24
"latent_infections",157,480.216475,705.50575,853.5065,1006.77,1335.29925,2017-12-31
"latent_infections",158,549.743275,801.17325,962.333,1132.7275,1499.356,2018-01-07
"latent_infections",159,600.78415,868.0845,1042.075,1218.7025,1600.35575,2018-01-14
"latent_infections",160,675.149175,970.25475,1161.655,1351.5725,1763.57725,2018-01-21
"latent_infections",161,750.1236,1084.375,1298.22,1502.3675,1945.41625,2018-01-28
"latent_infections",162,842.012575,1215.6375,1442.15,1671.245,2152.9105,2018-02-04
"latent_infections",163,938.150775,1355.7825,1597.665,1851.395,2375.37275,2018-02-11
"latent_infections",164,1039.27325,1500.8325,1765.71,2039.265,2605.47825,2018-02-18
"latent_infections",165,1146.4705,1644.165,1927.63,2224.0225,2833.05325,2018-02-25
"latent_infections",166,1236.1745,1775.2275,2080.66,2395.83,3023.8825,2018-03-04
"latent_infections",167,1313.8145,1884.9625,2213.915,2549.0325,3203.9865,2018-03-11
"latent_infections",168,1368.50775,1968.07,2307.395,2666.17,3342.21975,2018-03-18
"latent_infections",169,1414.852,2014.7525,2375.595,2741.1575,3448.652,2018-03-25
"latent_infections",170,1417.22125,2026.705,2411.985,2776.2975,3499.8815,2018-04-01
"latent_infections",171,1396.789,2022.2825,2409.275,2783.595,3495.85875,2018-04-08
"latent_infections",172,1373.73175,1988.0675,2376.68,2739.175,3445.64025,2018-04-15
"latent_infections",173,1324.003,1936.2075,2316.82,2672.8725,3377.7965,2018-04-22
"latent_infections",174,1264.561,1867.46,2237.025,2585.2725,3281.06225,2018-04-29
"latent_infections",175,1202.63325,1786.7875,2145.245,2488.5875,3167.09675,2018-05-06
"latent_infections",176,1141.6005,1703.585,2054.575,2378.5325,3011.588,2018-05-13
"latent_infections",177,1084.68925,1626.1575,1964.745,2269.0125,2884.33875,2018-05-20
"latent_infections",178,1046.551,1556.6775,1882.245,2159.22,2769.23525,2018-05-27
"latent_infections",179,1006.5095,1490.435,1801.82,2070.23,2649.97225,2018-06-03
"latent_infections",180,974.564775,1438.6625,1731.03,1983.5025,2524.88475,2018-06-10
"latent_infections",181,943.792175,1388.3425,1669.31,1917.6,2438.135,2018-06-17
"latent_infections",182,926.126675,1348.4725,1616.23,1855.7625,2352.82275,2018-06-24
"latent_infections",183,909.675975,1318.575,1565.395,1800.085,2269.04225,2018-07-01
"latent_infections",184,887.0495,1292.8625,1523.585,1750.7525,2183.228,2018-07-08
"latent_infections",185,872.0324,1263.4525,1482.46,1702.04,2109.23825,2018-07-15
"latent_infections",186,855.757125,1232.2375,1441.22,1654.73,2033.6925,2018-07-22
"latent_infections",187,833.07275,1199.4875,1400.8,1599.365,1955.595,2018-07-29
"latent_infections",188,808.1574,1164.9775,1355.075,1541.7525,1882.7115,2018-08-05
"latent_infections",189,774.6486,1119.17,1301.775,1472.1375,1802.416,2018-08-12
"latent_infections",190,735.59145,1066.7925,1235.545,1395.01,1715.42725,2018-08-19
"latent_infections",191,693.264075,1004.16,1162.98,1311.5125,1618.457,2018-08-26
"latent_infections",192,648.208725,934.479,1085.105,1230.1675,1519.38875,2018-09-02
"latent_infections",193,599.13075,863.63225,1000.845,1143.5125,1425.58275,2018-09-09
"latent_infections",194,545.784075,789.60675,920.1845,1055.2675,1322.6745,2018-09-16
"latent_infections",195,491.888175,718.73725,838.0585,964.35425,1221.3545,2018-09-23
"latent_infections",196,441.840225,652.03125,762.9995,875.031,1124.2425,2018-09-30
"latent_infections",197,391.307275,587.71225,691.1995,796.2155,1029.955,2018-10-07
"latent_infections",198,350.49575,530.96,626.259,724.648,946.4826,2018-10-14
"latent_infections",199,314.1489,481.00475,569.0965,663.25225,880.17725,2018-10-21
"latent_infections",200,284.587375,438.35325,521.096,611.6325,816.448975,2018-10-28
"latent_infections",201,262.3574,403.57475,481.934,568.35075,765.957275,2018-11-04
"latent_infections",202,246.97995,376.5435,451.4645,535.07275,728.653125,2018-11-11
"latent_infections",203,234.51895,357.751,428.5845,515.07625,697.3904,2018-11-18
"latent_infections",204,224.902275,344.30825,415.053,503.40825,679.583125,2018-11-25
"latent_infections",205,219.688475,339.10575,412.831,499.41775,678.658924999999,2018-12-02
"latent_infections",206,221.0292,340.6755,414.8945,505.89475,692.493899999999,2018-12-09
"latent_infections",207,225.534825,350.9655,425.485,521.11725,704.333624999999,2018-12-16
"latent_infections",208,235.711,366.376,444.1695,546.3195,746.03115,2018-12-23
"latent_infections",209,250.849875,389.70375,474.529,586.1725,794.553974999999,2018-12-30
"latent_infections",210,315.2632,484.987,590.568,713.27825,971.81945,2019-01-06
"latent_infections",211,357.319625,546.8605,667.086,800.6835,1083.08425,2019-01-13
"latent_infections",212,432.3926,652.7055,789.869,945.9755,1264.38525,2019-01-20
"latent_infections",213,518.3301,772.69375,935.777,1118,1478.9315,2019-01-27
"latent_infections",214,622.684075,927.21725,1114.055,1321.5725,1730.936,2019-02-03
"latent_infections",215,747.369375,1098.18,1322.83,1554.67,2022.001,2019-02-10
"latent_infections",216,882.55155,1297.2475,1563.35,1830.8875,2347.4135,2019-02-17
"latent_infections",217,1030.84475,1522.8825,1813.155,2118.8825,2681.1295,2019-02-24
"latent_infections",218,1189.52575,1746.2775,2093.855,2427.48,3066.74975,2019-03-03
"latent_infections",219,1345.5735,1990.02,2370.765,2735.33,3415.28225,2019-03-10
"latent_infections",220,1486.21825,2213.6775,2638.325,3042.955,3792.52925,2019-03-17
"latent_infections",221,1638.37275,2415.52,2878.32,3301.7725,4176.745,2019-03-24
"latent_infections",222,1750.60775,2607.2975,3089.305,3550.6575,4489.587,2019-03-31
"latent_infections",223,1832.27925,2752.1425,3271.225,3763.965,4736.47475,2019-04-07
"latent_infections",224,1879.44225,2858.965,3384.97,3903.5575,4936.28275,2019-04-14
"latent_infections",225,1925.57325,2925.2,3474.015,4013.545,5064.354,2019-04-21
"latent_infections",226,1954.34225,2976.7225,3526.27,4056.3925,5121.0805,2019-04-28
"latent_infections",227,1966.8045,2981.2425,3538.52,4061.945,5100.435,2019-05-05
"latent_infections",228,1969.64775,2976.485,3523.035,4050.18,5118.8785,2019-05-12
"latent_infections",229,1982.2325,2963.93,3497.37,4026.15,5107.30475,2019-05-19
"latent_infections",230,1961.9845,2941.98,3476.29,3985.9825,5067.5775,2019-05-26
"latent_infections",231,1955.53525,2913.8225,3434.245,3950.1625,4960.45025,2019-06-02
"latent_infections",232,1943.419,2892.0275,3405.855,3928.775,4919.10125,2019-06-09
"latent_infections",233,1940.26725,2871.9175,3388.715,3909.24,4831.6385,2019-06-16
"latent_infections",234,1937.20275,2855.15,3369.33,3880.9675,4756.22675,2019-06-23
"latent_infections",235,1944.473,2843.77,3360.915,3860.73,4750.33325,2019-06-30
"latent_infections",236,1953.8705,2835.6425,3356.695,3829.14,4695.094,2019-07-07
"latent_infections",237,1962.14575,2826.4125,3330.85,3794.7225,4614.68275,2019-07-14
"latent_infections",238,1939.77025,2816.1875,3316.86,3757.68,4557.23775,2019-07-21
"latent_infections",239,1942.12825,2794.0075,3283.945,3719.0425,4503.70325,2019-07-28
"latent_infections",240,1921.159,2749.985,3235.065,3645.4125,4428.83675,2019-08-04
"latent_infections",241,1879.219,2700.8475,3155.45,3556.1425,4306.1805,2019-08-11
"latent_infections",242,1829.65775,2612.8025,3056.115,3443.4675,4178.573,2019-08-18
"latent_infections",243,1761.29125,2515.6225,2935.2,3308.9775,4037.69725,2019-08-25
"latent_infections",244,1667.7465,2391.225,2783.98,3146.1975,3892.97175,2019-09-01
"latent_infections",245,1557.453,2253.1375,2627.505,2974.8725,3691.76375,2019-09-08
"latent_infections",246,1447.8395,2101.6525,2462.835,2793.235,3499.434,2019-09-15
"latent_infections",247,1331.3235,1953.92,2291.875,2611.6025,3275.7185,2019-09-22
"latent_infections",248,1223.117,1804.5375,2121.09,2426.6375,3095.896,2019-09-29
"latent_infections",249,1115.7255,1655.755,1959.48,2268.2575,2908.00375,2019-10-06
"latent_infections",250,1021.15325,1525.54,1816.9,2111.5375,2712.9475,2019-10-13
"latent_infections",251,938.753375,1409.8425,1686.37,1980.6675,2554.265,2019-10-20
"latent_infections",252,863.73885,1316.3975,1581.245,1867.44,2448.18375,2019-10-27
"latent_infections",253,816.974025,1244.42,1506.4,1784.7975,2352.48975,2019-11-03
"latent_infections",254,767.820375,1195.39,1461.355,1727.395,2281.104,2019-11-10
"latent_infections",255,752.5113,1166.145,1435.355,1707.1575,2279.022,2019-11-17
"latent_infections",256,739.224725,1164.345,1437.575,1719.5425,2320.7685,2019-11-24
"latent_infections",257,755.374625,1187.0675,1470.995,1771.16,2408.8945,2019-12-01
"latent_infections",258,791.8417,1239.29,1539.15,1863.555,2535.8525,2019-12-08
"latent_infections",259,847.163725,1326.71,1646.94,1993.3025,2749.502,2019-12-15
"latent_infections",260,923.303975,1448.7475,1799.42,2187.5,3026.7165,2019-12-22
"latent_infections",261,1037.31475,1614.3725,2021.635,2446.83,3368.818,2019-12-29
"latent_infections",262,1149.24925,1792.5925,2215.96,2654.1525,3654.527,2020-01-05
"latent_infections",263,1329.70475,2056.105,2531.165,3033.185,4139.2275,2020-01-12
"latent_infections",264,1550.41625,2361.8075,2896.5,3446.1075,4677.13675,2020-01-19
"latent_infections",265,1821.316,2752.8925,3345.19,3956.8875,5307.08525,2020-01-26
"latent_infections",266,2143.45425,3168.615,3854.64,4533.1475,6071.9235,2020-02-02
"latent_infections",267,2473.17525,3668.23,4434.715,5203.2875,6869.00725,2020-02-09
"latent_infections",268,2824.396,4232.17,5067.46,5941.115,7779.0305,2020-02-16
"latent_infections",269,3212.73475,4788.335,5726.435,6709.4575,8716.172,2020-02-23
"latent_infections",270,3641.46,5408.5975,6413.62,7477.43,9712.77925,2020-03-01
"latent_infections",271,4094.3505,5957.0775,7070.305,8209.7775,10629.0225,2020-03-08
"latent_infections",272,4387.03025,6485.7125,7668.8,8920.9725,11509.69,2020-03-15
"latent_infections",273,4657.2265,6921.93,8170.555,9478.805,12316.6425,2020-03-22
"latent_infections",274,4886.82025,7291.0675,8571.17,9949.46,12844.3125,2020-03-29
"latent_infections",275,5077.97925,7531.41,8843.22,10259.05,13314.0475,2020-04-05
"latent_infections",276,5211.025,7697.4475,9029.93,10441.5,13522.595,2020-04-12
"latent_infections",277,5216.38425,7732.8775,9096.61,10542.325,13472.62,2020-04-19
"latent_infections",278,5128.7385,7684.77,9079.375,10483.15,13408.4275,2020-04-26
"latent_infections",279,5032.00675,7574.175,8975.99,10367.075,13243.84,2020-05-03
"latent_infections",280,4976.35675,7464.7525,8835.745,10217.6,13016.875,2020-05-10
"latent_infections",281,4923.684,7344.56,8676.675,10038.3,12734.1225,2020-05-17
"latent_infections",282,4924.68725,7207.7775,8491.735,9839.8325,12461.8125,2020-05-24
"latent_infections",283,4829.6325,7071.9375,8361.745,9660.2625,12194.62,2020-05-31
"latent_infections",284,4776.35825,6967.48,8239.36,9475.97,11960.7525,2020-06-07
"latent_infections",285,4697.65825,6915.0375,8143.18,9336.4225,11733.26,2020-06-14
"latent_infections",286,4701.21125,6897.32,8066.36,9251.27,11557.0025,2020-06-21
"latent_infections",287,4726.0935,6870.1075,8014.545,9200.2325,11359.725,2020-06-28
"latent_infections",288,4758.691,6850.3075,7989.02,9156.905,11227.3525,2020-07-05
"latent_infections",289,4711.27275,6860.6825,7968.015,9124.95,11117.31,2020-07-12
"latent_infections",290,4720.26625,6849.8425,7914.845,9056.035,10989.555,2020-07-19
"latent_infections",291,4685.79375,6781.725,7836,8983.1125,10877.82,2020-07-26
"latent_infections",292,4682.7285,6726.1525,7779.955,8867.9975,10707.5875,2020-08-02
"latent_infections",293,4594.4325,6567.2375,7627,8696.44,10463.53,2020-08-09
"latent_infections",294,4459.737,6369.3025,7406.11,8425.74,10174.7325,2020-08-16
"latent_infections",295,4290.3105,6115.4175,7124.225,8129.9425,9823.62675,2020-08-23
"latent_infections",296,4126.59675,5847.7375,6823.85,7776.63,9410.47225,2020-08-30
"latent_infections",297,3916.61075,5551.6425,6472.525,7376.2225,8990.458,2020-09-06
"latent_infections",298,3642.3665,5168.935,6082.33,6930.25,8563.31075,2020-09-13
"latent_infections",299,3343.1775,4807.7925,5657.26,6471.37,8091.69625,2020-09-20
"latent_infections",300,3083.031,4449.5525,5222.915,5990.315,7604.56875,2020-09-27
"latent_infections",301,2810.119,4079.9675,4818.96,5558.5275,7059.6585,2020-10-04
"latent_infections",302,2552.2315,3743.7875,4447.95,5143.995,6592.33875,2020-10-11
"latent_infections",303,2351.18075,3435.8375,4101.815,4787.6725,6190.64875,2020-10-18
"latent_infections",304,2176.63025,3171.34,3812.6,4460.6925,5822.849,2020-10-25
"latent_infections",305,2018.24775,2952.3775,3596.605,4200.46,5568.6585,2020-11-01
"latent_infections",306,1901.68525,2792.36,3419.115,4007.3575,5377.468,2020-11-08
"latent_infections",307,1796.1335,2679.4375,3294.225,3878.0875,5216.88224999999,2020-11-15
"latent_infections",308,1759.399,2626.725,3229.175,3819.5775,5189.346,2020-11-22
"latent_infections",309,1772.26225,2613.62,3223.165,3826.4475,5250.55325,2020-11-29
"latent_infections",310,1788.755,2660.045,3287.8,3903.625,5363.80449999999,2020-12-06
"latent_infections",311,1846.42325,2770.8925,3404.75,4053.0125,5624.233,2020-12-13
"latent_infections",312,1954.567,2947.0025,3606.875,4299.37,5977.46425,2020-12-20
"latent_infections",313,2121.9735,3181.63,3914.475,4641.0425,6363.09475,2020-12-27
"latent_infections",314,2950.02975,4388.305,5463.87,6575.3775,9211.48624999999,2021-01-03
"latent_infections",315,3469.98375,5176.2975,6445.9,7710.19,10716.6325,2021-01-10
"latent_infections",316,4416.67375,6608.4375,8258.465,9900.8075,13773.5275,2021-01-17
"latent_infections",317,5618.4495,8436.3625,10553,12641.225,17460.065,2021-01-24
"latent_infections",318,7215.69425,10863.1,13565.95,16149.475,22170.8875,2021-01-31
"latent_infections",319,9308.93975,14115.85,17341.05,20761.8,27933.53,2021-02-07
"latent_infections",320,12004.4475,18026.025,22153.95,26271.05,35197.6075,2021-02-14
"latent_infections",321,15305.715,22786.775,27939.25,33061.2,43711.3599999999,2021-02-21
"latent_infections",322,19347.9875,28558.675,34679.4,41221.275,52628.215,2021-02-28
"latent_infections",323,23693.23,35057.225,42348.5,49999.975,63745.825,2021-03-07
"latent_infections",324,28305.655,42221.05,50628.55,59783.975,74821.1,2021-03-14
"latent_infections",325,32981.3375,49546.825,58879,69499.5,86494.7675,2021-03-21
"latent_infections",326,37899.0625,56395.65,67073.9,79125.475,98076.045,2021-03-28
"latent_infections",327,42614.0275,62949.675,74547.55,87322.125,107515.075,2021-04-04
"latent_infections",328,46461.4175,68504.425,80708.15,94686.975,116631.675,2021-04-11
"latent_infections",329,50249.8625,72924.4,85644.5,99833.35,123147.7,2021-04-18
"latent_infections",330,52192.9375,75985.625,88723.5,102933,126697.525,2021-04-25
"latent_infections",331,54172.66,77425.05,90222.5,104415,126206.8,2021-05-02
"latent_infections",332,54397.215,77641.9,89961.25,104160,125177.9,2021-05-09
"latent_infections",333,53490.615,76539.25,88636.85,102497,122842.4,2021-05-16
"latent_infections",334,52185.0525,74581.85,86460.8,99573.05,119975.05,2021-05-23
"latent_infections",335,50362.8025,71657.425,83270,96122.95,116166.2,2021-05-30
"latent_infections",336,48259.44,68226.025,79796.05,92222.65,111519.9,2021-06-06
"latent_infections",337,45300.1225,64739.5,75772.35,87596.85,107170.25,2021-06-13
"latent_infections",338,42688.7025,61132.325,71756.8,82270.85,101090.85,2021-06-20
"latent_infections",339,40098.3175,57303.275,67242,77203.65,95809.67,2021-06-27
"latent_infections",340,37211.795,53377.55,62688.8,71898.575,90308.7425,2021-07-04
"latent_infections",341,34205.9,49446.85,58238.85,66878.975,83318.4599999999,2021-07-11
"latent_infections",342,31263.995,45185.1,53667.85,61531.3,77145.3025,2021-07-18
"latent_infections",343,28582.065,41144.675,48739.25,56165.675,71097.695,2021-07-25
"latent_infections",344,25524.26,37151.95,44048.4,51017.525,64788.1925,2021-08-01
"latent_infections",345,22577.685,33128.425,39460.7,45756.35,58442.16,2021-08-08
"latent_infections",346,19815.4125,29208.45,34895.65,40583.975,52048.95,2021-08-15
"latent_infections",347,17177.7825,25463.825,30544.55,35731.25,45937.6025,2021-08-22
"latent_infections",348,14800.7125,22037.275,26524.95,31149.125,40139.19,2021-08-29
"latent_infections",349,12665.7775,18808.2,22848.4,26970.875,34756.8025,2021-09-05
"latent_infections",350,10815.285,16026.725,19505.95,23066.625,29929.055,2021-09-12
"latent_infections",351,9141.44025,13565.425,16523.6,19709.6,25615.8075,2021-09-19
"latent_infections",352,7662.6135,11462.725,13945.75,16675.475,22033.9525,2021-09-26
"latent_infections",353,6409.15575,9663.0075,11811.45,14097.425,18670.095,2021-10-03
"latent_infections",354,5400.2985,8216.165,10013.55,11991.9,15865.985,2021-10-10
"latent_infections",355,4563.0575,7077.0125,8552.66,10184.125,13600.1,2021-10-17
"latent_infections",356,3958.34325,6088.505,7381.07,8786.635,11777.42,2021-10-24
"latent_infections",357,3464.467,5325.5,6459.085,7685.4375,10214.1875,2021-10-31
"latent_infections",358,3133.6705,4749.32,5739.485,6825.84,8984.735,2021-11-07
"latent_infections",359,2895.9305,4314.9775,5217.06,6181.3375,8066.67725,2021-11-14
"latent_infections",360,2707.368,4013.81,4840.835,5698.525,7385.218,2021-11-21
"latent_infections",361,2636.24025,3835.6775,4588.265,5397.1025,6912.12225,2021-11-28
"latent_infections",362,2614.17375,3782.525,4458.79,5204.265,6535.44174999999,2021-12-05
"latent_infections",363,2680.79575,3812.4275,4449.92,5133.3225,6422.6735,2021-12-12
"latent_infections",364,2867.65725,3930.5925,4549.475,5178.16,6402.72675,2021-12-19
"latent_infections",365,3128.323,4158.8,4754.87,5343.72,6562.8595,2021-12-26
"latent_infections",366,3791.5835,5394.2775,6423.475,7409.935,9375.41625,2022-01-02
"latent_infections",367,4427.837,6158.7625,7258.845,8366.5625,10470.75,2022-01-09
"latent_infections",368,5375.16025,7578.7525,8937.365,10391.675,13015.91,2022-01-16
"latent_infections",369,6561.8105,9301.59,11003.15,12835.025,16036.8,2022-01-23
"latent_infections",370,8110.7495,11538.825,13641.6,15878.3,19828.52,2022-01-30
"latent_infections",371,9994.34,14270.6,16926.4,19572.35,24532.6525,2022-02-06
"latent_infections",372,12321.52,17626.025,20832.7,24069.775,30282.75,2022-02-13
"latent_infections",373,15086.345,21546.725,25431.85,29315.225,36761.915,2022-02-20
"latent_infections",374,18302.955,25874.925,30658.85,35203.825,43638.9075,2022-02-27
"latent_infections",375,21599.77,30524,36310,41496.25,51286.63,2022-03-06
"latent_infections",376,24907.865,35257.1,42012.05,47960.775,58954.6625,2022-03-13
"latent_infections",377,28271.5575,39794.725,47383.25,53938.1,66135.815,2022-03-20
"latent_infections",378,31084.9,43811.575,52181.5,59355.65,73066.7925,2022-03-27
"latent_infections",379,33498.4025,47022.475,55634.4,63755.95,77511.875,2022-04-03
"latent_infections",380,34697.56,49248.675,58198.35,66228,80347.9875,2022-04-10
"latent_infections",381,35317.2325,50579.75,59464.65,67373.45,80919.7725,2022-04-17
"latent_infections",382,35286.59,50464.025,59181.9,67164.475,80072.6099999999,2022-04-24
"latent_infections",383,34130.44,49409.2,57934.1,65521.7,78228.5625,2022-05-01
"latent_infections",384,32447.555,47546.05,55622.55,62976,75228.015,2022-05-08
"latent_infections",385,30862.7375,44917.575,52611.65,59595.05,71299.2975,2022-05-15
"latent_infections",386,28906.475,42007.95,49050.8,55840.675,66896.0925,2022-05-22
"latent_infections",387,26660.2175,38964.425,45422.15,51577.225,62181.02,2022-05-29
"latent_infections",388,24367.845,35783.025,41418,47489.4,57065.9575,2022-06-05
"latent_infections",389,22394.54,32669.525,37706.75,43526.775,52374.7625,2022-06-12
"latent_infections",390,20532.8825,29648.325,34223.35,39425.25,47551.445,2022-06-19
"latent_infections",391,18488.2375,26764.925,30914.9,35441.025,42978.71,2022-06-26
"latent_infections",392,16682.0475,23986.5,27717.95,31748.775,38937.655,2022-07-03
"latent_infections",393,14970.8,21456.15,24758.2,28330.975,34819.9325,2022-07-10
"latent_infections",394,13460.0825,19025.65,21978.35,25142.7,30892.8325,2022-07-17
"latent_infections",395,11851.575,16782.575,19342.1,22187.5,27188.1225,2022-07-24
"latent_infections",396,10326.56,14611.425,16928.2,19407.3,24005.4175,2022-07-31
"latent_infections",397,8902.13675,12669.775,14647.6,16892.125,20848.2325,2022-08-07
"latent_infections",398,7644.67325,10895.525,12546.1,14567.975,18061.0375,2022-08-14
"latent_infections",399,6423.30925,9197.0825,10715.55,12440.375,15522.275,2022-08-21
"latent_infections",400,5381.564,7748.9375,9024.975,10498.725,13238.295,2022-08-28
"latent_infections",401,4463.7895,6484.9325,7554.725,8806.525,11271.515,2022-09-04
"latent_infections",402,3676.34125,5386.975,6273.69,7320.9975,9426.87925,2022-09-11
"latent_infections",403,3013.63625,4452.165,5201.02,6072.9125,7879.89749999999,2022-09-18
"latent_infections",404,2474.29475,3666.9025,4324.705,5026.03,6569.76175,2022-09-25
"latent_infections",405,2026.88375,3014.5875,3580.655,4153.4025,5501.549,2022-10-02
"latent_infections",406,1669.829,2493.5975,2966.18,3450.0025,4609.49,2022-10-09
"latent_infections",407,1383.12625,2081.255,2479.67,2893.12,3860.585,2022-10-16
"latent_infections",408,1166.95325,1761.1275,2099.91,2447.645,3268.27275,2022-10-23
"latent_infections",409,1006.06975,1509.175,1802.315,2103.2325,2800.59375,2022-10-30
"latent_infections",410,883.024225,1316.4275,1575.765,1828.3675,2436.07375,2022-11-06
"latent_infections",411,791.218075,1172.5425,1404.38,1629.52,2152.11225,2022-11-13
"latent_infections",412,726.605625,1074.29,1279.52,1487.7075,1948.75,2022-11-20
"latent_infections",413,691.98665,1010.5125,1197.77,1393.375,1828.7825,2022-11-27
"latent_infections",414,680.9409,976.81125,1149.98,1327.7875,1721.488,2022-12-04
"latent_infections",415,676.539225,972.3645,1130.355,1305.55,1662.3125,2022-12-11
"latent_infections",416,703.346275,991.11475,1144.455,1310.1675,1651.782,2022-12-18
"latent_infections",417,744.5399,1035.725,1186.67,1346.2675,1671.86525,2022-12-25
"latent_infections",418,804.55725,1134.3375,1320.225,1526.7325,1890.01,2023-01-01
"latent_infections",419,871.8322,1215.875,1411.29,1625.1475,1984.7895,2023-01-08
"latent_infections",420,946.46685,1333.7075,1556.695,1792.6025,2174.40325,2023-01-15
"latent_infections",421,1045.6585,1470.7525,1722.005,1971.67,2393.728,2023-01-22
"latent_infections",422,1152.619,1625.165,1909.7,2179.92,2631.615,2023-01-29
"latent_infections",423,1286.241,1787.275,2110.135,2407.59,2920.631,2023-02-05
"latent_infections",424,1425.4575,1966.71,2319.575,2640.8075,3223.87775,2023-02-12
"latent_infections",425,1571.932,2149.0825,2529.51,2891.08,3550.67125,2023-02-19
"latent_infections",426,1696.082,2318.955,2728.455,3128.0875,3850.6045,2023-02-26
"latent_infections",427,1792.06375,2474.5575,2905.52,3345.8375,4164.9275,2023-03-05
"latent_infections",428,1863.45175,2592.3425,3062.155,3524.545,4449.38475,2023-03-12
"latent_infections",429,1923.0715,2679.5825,3177.4,3664.6525,4649.35125,2023-03-19
"latent_infections",430,1931.35275,2741.995,3238.83,3749.1975,4843.35075,2023-03-26
"latent_infections",431,1911.37825,2746.34,3252.61,3785.6475,4944.547,2023-04-02
"latent_infections",432,1889.843,2715.7525,3222.92,3771.3575,4960.79325,2023-04-09
"latent_infections",433,1845.568,2665.51,3176.485,3720.62,4959.24,2023-04-16
"latent_infections",434,1770.9535,2579.095,3106.865,3633.185,4878.6295,2023-04-23
"latent_infections",435,1708.2775,2497.9525,3010.045,3525.3325,4743.1055,2023-04-30
"latent_infections",436,1633.731,2403.545,2911.445,3421.66,4595.0215,2023-05-07
"latent_infections",437,1557.00975,2311.4875,2818.15,3310.005,4424.93975,2023-05-14
"latent_infections",438,1486.51875,2235.9575,2724.04,3203.205,4278.42425,2023-05-21
"latent_infections",439,1444.2815,2175.495,2641.36,3106.685,4136.097,2023-05-28
"latent_infections",440,1406.7585,2122.27,2581.055,3042.675,4028.876,2023-06-04
"latent_infections",441,1380.933,2082.3175,2532.81,2985.9675,3920.6415,2023-06-11
"latent_infections",442,1371.0915,2061.3225,2493.625,2942.875,3811.15125,2023-06-18
"latent_infections",443,1376.99225,2043.035,2471.15,2908.7025,3745.961,2023-06-25
"latent_infections",444,1382.236,2046.1525,2463.485,2878.9625,3709.87025,2023-07-02
"latent_infections",445,1404.65575,2054.785,2465.96,2866.6125,3670.3415,2023-07-09
"latent_infections",446,1409.5795,2078.1825,2478.52,2857.8875,3631.01325,2023-07-16
"latent_infections",447,1414.03625,2100.42,2484.44,2856.1225,3632.425,2023-07-23
"latent_infections",448,1431.79725,2122.485,2484.315,2850.6525,3610.01125,2023-07-30
"latent_infections",449,1437.43375,2120.3975,2467.195,2823.745,3536.787,2023-08-06
"latent_infections",450,1438.481,2109.555,2439.65,2784.3975,3480.03,2023-08-13
"latent_infections",451,1405.86775,2077.59,2398.225,2727.37,3389.8885,2023-08-20
"latent_infections",452,1376.1055,2023.915,2334.565,2644.2625,3296.7925,2023-08-27
"latent_infections",453,1339.203,1943.635,2246.6,2548.9,3150.3965,2023-09-03
"latent_infections",454,1282.7695,1851.4,2138.3,2433.0075,3000.55,2023-09-10
"latent_infections",455,1218.389,1752.1425,2021.445,2301.22,2848.096,2023-09-17
"latent_infections",456,1133.26225,1643.1075,1899.135,2156.65,2679.28775,2023-09-24
"latent_infections",457,1049.2655,1519.5075,1769.01,2013.8175,2515.387,2023-10-01
"latent_infections",458,967.98875,1406.5025,1639.305,1873.7025,2344.34175,2023-10-08
"latent_infections",459,888.18485,1306.42,1518.785,1733.9375,2184.0955,2023-10-15
"latent_infections",460,816.7867,1205,1409.915,1611.15,2052.8,2023-10-22
"latent_infections",461,756.9647,1116.865,1312.96,1511.245,1928.947,2023-10-29
"latent_infections",462,703.367925,1053.4575,1237.5,1422.8125,1834.854,2023-11-05
"latent_infections",463,660.725925,999.184,1178.11,1359.21,1746.692,2023-11-12
"latent_infections",464,632.642975,959.18425,1140.385,1314.3,1694.812,2023-11-19
"latent_infections",465,612.64215,938.08225,1116.815,1291.2475,1667.86425,2023-11-26
"latent_infections",466,606.36795,935.07575,1112.125,1288.15,1671.57975,2023-12-03
"latent_infections",467,617.188175,949.235,1124.15,1308.8675,1706.014,2023-12-10
"latent_infections",468,639.573375,978.4305,1155.97,1355.1025,1756.024,2023-12-17
"latent_infections",469,669.944425,1023.0275,1214.54,1415.81,1839.715,2023-12-24
"latent_infections",470,711.079125,1082.655,1291.455,1510.4325,1974.01575,2023-12-31
"latent_infections",471,845.0619,1292.185,1538.125,1801.435,2328.73875,2024-01-07
"latent_infections",472,947.558325,1446.6925,1720.98,2007.84,2602.06425,2024-01-14
"latent_infections",473,1108.9455,1681.735,2000.545,2330.4275,3025.621,2024-01-21
"latent_infections",474,1299.173,1960.5325,2322.69,2705.8625,3489.4795,2024-01-28
"latent_infections",475,1524.005,2276.175,2712.775,3141.085,4071.354,2024-02-04
"latent_infections",476,1777.02425,2649.855,3161.43,3669.4375,4695.25475,2024-02-11
"latent_infections",477,2064.0245,3060.755,3652.39,4227.9375,5383.7485,2024-02-18
"latent_infections",478,2356.4135,3497.24,4176.525,4824.0075,6140.46724999999,2024-02-25
"latent_infections",479,2659.76975,3959.48,4698.795,5448.9125,6948.0505,2024-03-03
"latent_infections",480,2958.35025,4364.65,5206.765,6055.0325,7738.76125,2024-03-10
"latent_infections",481,3231.38775,4751.205,5659.475,6613.7725,8405.70674999999,2024-03-17
"latent_infections",482,3472.942,5088.1775,6025.435,7087.3975,9036.58875,2024-03-24
"latent_infections",483,3649.97025,5362.355,6328.695,7446.5925,9385.10174999999,2024-03-31
"latent_infections",484,3747.6035,5534.425,6536.67,7663.945,9741.43125,2024-04-07
"latent_infections",485,3789.05975,5597.6875,6609.25,7773.7825,9877.692,2024-04-14
"latent_infections",486,3727.77675,5586.515,6625.195,7763.6,9919.82925,2024-04-21
"latent_infections",487,3715.93125,5511.5025,6550.83,7661.4225,9901.35575,2024-04-28
"latent_infections",488,3633.608,5369.46,6417.025,7489.5075,9668.32225,2024-05-05
"latent_infections",489,3496.626,5223.54,6226.305,7274.3925,9361.36375,2024-05-12
"latent_infections",490,3400.7955,5023.6,6002.91,7012.685,8969.36075,2024-05-19
"latent_infections",491,3280.80025,4854.685,5776.275,6760.91,8658.3605,2024-05-26
"latent_infections",492,3179.01325,4663.11,5547.52,6467.015,8242.094,2024-06-02
"latent_infections",493,3070.69225,4458.1,5324.215,6193.1525,7825.08175,2024-06-09
"latent_infections",494,2956.3255,4296.475,5113.375,5942.375,7441.74575,2024-06-16
"latent_infections",495,2862.6905,4147.1625,4928.13,5687.105,7108.02525,2024-06-23
"latent_infections",496,2762.1945,3988.0125,4745.49,5442.185,6756.815,2024-06-30
"latent_infections",497,2682.72425,3856.3375,4549.585,5208.085,6452.184,2024-07-07
"latent_infections",498,2610.41425,3725.3425,4342.005,4976.9625,6100.8555,2024-07-14
"latent_infections",499,2524.1415,3578.0775,4148.655,4743.4175,5782.09925,2024-07-21
"latent_infections",500,2394.00525,3398.47,3943.845,4494.9175,5461.57775,2024-07-28
"latent_infections",501,2286.46725,3227.985,3731.195,4246.9575,5105.87225,2024-08-04
"latent_infections",502,2136.86625,3030.7775,3499.2,3966.7625,4786.691,2024-08-11
"latent_infections",503,2015.24875,2824.69,3255.64,3695.7375,4442.22475,2024-08-18
"latent_infections",504,1847.39,2590.035,2991.105,3404.8025,4082.60975,2024-08-25
"latent_infections",505,1681.08325,2370.3675,2740.38,3126.2475,3733.2685,2024-09-01
"latent_infections",506,1520.55,2148.4425,2490.36,2826.8725,3412.81725,2024-09-08
"latent_infections",507,1364.03875,1932.9525,2244.85,2551.1575,3096.03875,2024-09-15
"latent_infections",508,1212.48225,1724.3725,2008.885,2285.9325,2792.602,2024-09-22
"latent_infections",509,1075.751,1541.94,1792.295,2042.22,2506.38875,2024-09-29
"latent_infections",510,949.758275,1379.035,1606.51,1828.595,2244.598,2024-10-06
"latent_infections",511,845.36595,1227.8525,1439.18,1638.265,2015.60175,2024-10-13
"latent_infections",512,758.430375,1102.1025,1295.335,1490.3725,1828.5115,2024-10-20
"latent_infections",513,691.686375,1003.3175,1181.515,1359.9025,1686.43625,2024-10-27
"latent_infections",514,636.346375,925.54525,1086.555,1258.34,1570.0825,2024-11-03
"latent_infections",515,593.075125,864.926,1019.21,1188.1475,1483.3705,2024-11-10
"latent_infections",516,566.1774,823.7925,974.7645,1136.6125,1437.36825,2024-11-17
"latent_infections",517,549.587925,801.891,956.3335,1113.9425,1410.585,2024-11-24
"latent_infections",518,548.77135,793.96,954.4905,1113.0725,1404.901,2024-12-01
"latent_infections",519,559.9797,809.55025,975.4645,1138.455,1443.1445,2024-12-08
"latent_infections",520,581.3804,847.33175,1023.52,1187.48,1512.9,2024-12-15
"latent_infections",521,622.860475,903.29875,1091.325,1269.0275,1622.73925,2024-12-22
"latent_infections",522,680.9506,986.9015,1190.83,1385.985,1775.677,2024-12-29
"latent_infections",523,732.318325,1059.9075,1275.175,1488.6925,1863.1915,2025-01-05
"latent_infections",524,811.98935,1177.73,1422.435,1648.01,2071.24425,2025-01-12
"latent_infections",525,905.5078,1309.2925,1578.23,1826.0775,2281.2265,2025-01-19
"latent_infections",526,1016.88475,1454.925,1761.44,2043.33,2553.12725,2025-01-26
"latent_infections",527,1146.43125,1622.6675,1968.065,2280.1425,2840.859,2025-02-02
"latent_infections",528,1280.0125,1806.9275,2191.58,2536.5775,3182.08625,2025-02-09
"latent_infections",529,1416.56375,1997.495,2415.975,2796.805,3517.39375,2025-02-16
"latent_infections",530,1544.1175,2192.3375,2646.14,3059.975,3864.119,2025-02-23
"latent_infections",531,1665.6285,2374.4575,2862.59,3304.775,4214.30075,2025-03-02
"latent_infections",532,1754.84225,2542.9375,3057.305,3517.26,4526.99075,2025-03-09
"latent_infections",533,1852.199,2682.5975,3217.86,3701.265,4821.681,2025-03-16
"latent_infections",534,1921.82075,2788.055,3327.855,3830.6575,4980.94375,2025-03-23
"latent_infections",535,1944.296,2833.2025,3396.065,3911.4425,5113.03425,2025-03-30
"latent_infections",536,1938.708,2841.3225,3400.715,3930.7325,5147.4475,2025-04-06
"latent_infections",537,1902.62375,2825.5075,3378.695,3920.7975,5108.593,2025-04-13
"latent_infections",538,1864.0495,2773.9,3335.87,3873.1875,5051.71475,2025-04-20
"latent_infections",539,1808.91925,2712.2175,3249.96,3781.0475,4936.2785,2025-04-27
"latent_infections",540,1749.072,2628.2525,3157.35,3684.5375,4786.051,2025-05-04
"latent_infections",541,1690.71325,2550.7275,3068.86,3586.1,4646.69825,2025-05-11
"latent_infections",542,1637.85425,2468.8825,2978.98,3484.58,4523.5705,2025-05-18
"latent_infections",543,1593.85825,2404.67,2904.43,3390.135,4407.07575,2025-05-25
"latent_infections",544,1559.03125,2350.9175,2837.87,3321.775,4295.67575,2025-06-01
"latent_infections",545,1539.93475,2307.3625,2784.045,3252.635,4229.46125,2025-06-08
"latent_infections",546,1530.88175,2283.8125,2748.715,3204.3025,4142.26075,2025-06-15
"latent_infections",547,1521.90075,2273.4425,2728.435,3169.24,4124.814,2025-06-22
"latent_infections",548,1544.261,2264.0725,2716.035,3148.0025,4061.96925,2025-06-29
"latent_infections",549,1553.76,2265.675,2713.805,3134.975,3981.53425,2025-07-06
"latent_infections",550,1577.29675,2282.555,2720.28,3141.3975,3933.95625,2025-07-13
"latent_infections",551,1602.673,2298.7125,2724.83,3139.3125,3907.44125,2025-07-20
"latent_infections",552,1626.32375,2310.98,2729.32,3135.81,3880.628,2025-07-27
"latent_infections",553,1647.40325,2311.2375,2723.65,3117.5175,3831.97825,2025-08-03
"latent_infections",554,1646.12025,2297.67,2696.08,3085.33,3807.32025,2025-08-10
"latent_infections",555,1611.732,2261.41,2639.975,3044.565,3693.78125,2025-08-17
"latent_infections",556,1557.11425,2216.7625,2581.065,2968.165,3611.178,2025-08-24
"latent_infections",557,1494.03025,2139.5675,2491.27,2864.7,3476.27225,2025-08-31
"latent_infections",558,1445.732,2042.3425,2380.44,2731.11,3347.427,2025-09-07
"latent_infections",559,1363.5035,1937.825,2253.875,2591.995,3209.19025,2025-09-14
"latent_infections",560,1255.132,1811.36,2114,2441.6225,3039.52175,2025-09-21
"latent_infections",561,1162.66425,1690.385,1970.635,2280.5925,2848.87525,2025-09-28
"latent_infections",562,1081.3395,1563.21,1828.68,2125.29,2658.9055,2025-10-05
"latent_infections",563,997.907075,1447.1725,1693.84,1977.355,2485.76975,2025-10-12
"latent_infections",564,919.87375,1341.615,1572.885,1843.925,2328.77525,2025-10-19
"latent_infections",565,850.518825,1244.9325,1466.12,1724.8775,2210.52225,2025-10-26
"latent_infections",566,794.48275,1165.7425,1382.025,1623.9275,2097.79575,2025-11-02
"latent_infections",567,754.629925,1103.88,1312.01,1549.285,2003.0605,2025-11-09
"latent_infections",568,723.080275,1053.085,1264.915,1495.3575,1945.38475,2025-11-16
"latent_infections",569,702.558475,1026.485,1240.765,1461.6375,1922.2035,2025-11-23
"latent_infections",570,697.580325,1015.1475,1232.065,1459.0225,1931.1365,2025-11-30
"latent_infections",571,706.071925,1025.6425,1245.325,1477.67,1959.73175,2025-12-07
"latent_infections",572,725.02325,1058.75,1280.745,1522.5075,2017.4435,2025-12-14
"latent_infections",573,762.630225,1109.4675,1343.97,1599.3675,2132.184,2025-12-21
"susceptible_prop",1,1,1,1,1,1,2015-01-04
"susceptible_prop",2,1,1,1,1,1,2015-01-11
"susceptible_prop",3,1,1,1,1,1,2015-01-18
"susceptible_prop",4,1,1,1,1,1,2015-01-25
"susceptible_prop",5,0.999999,0.999999,0.999999,0.999999,0.999999,2015-02-01
"susceptible_prop",6,0.999999,0.999999,0.999999,0.999999,0.999999,2015-02-08
"susceptible_prop",7,0.999998,0.999998,0.999998,0.999998,0.999998,2015-02-15
"susceptible_prop",8,0.999997,0.999997,0.999997,0.999997,0.999997,2015-02-22
"susceptible_prop",9,0.999995,0.999996,0.999996,0.999996,0.999996,2015-03-01
"susceptible_prop",10,0.999993,0.999994,0.999994,0.999995,0.999995,2015-03-08
"susceptible_prop",11,0.999991,0.999992,0.999993,0.999993,0.999994,2015-03-15
"susceptible_prop",12,0.999988,0.999989,0.99999,0.999991,0.999992,2015-03-22
"susceptible_prop",13,0.999984,0.999986,0.999987,0.999988,0.999989,2015-03-29
"susceptible_prop",14,0.999978,0.999982,0.999984,0.999985,0.999987,2015-04-05
"susceptible_prop",15,0.999972,0.999977,0.999979,0.999981,0.999984,2015-04-12
"susceptible_prop",16,0.999965,0.999971,0.999974,0.999976,0.99998,2015-04-19
"susceptible_prop",17,0.999955975,0.999965,0.999968,0.999971,0.999976,2015-04-26
"susceptible_prop",18,0.999945,0.999957,0.999962,0.999965,0.999971,2015-05-03
"susceptible_prop",19,0.999933,0.999947,0.999954,0.999959,0.999966,2015-05-10
"susceptible_prop",20,0.999919,0.999937,0.999945,0.999951,0.99996,2015-05-17
"susceptible_prop",21,0.999902,0.999925,0.999935,0.999942,0.999953,2015-05-24
"susceptible_prop",22,0.999882,0.999911,0.999923,0.999931,0.999945,2015-05-31
"susceptible_prop",23,0.99986,0.999895,0.999909,0.999919,0.999936025,2015-06-07
"susceptible_prop",24,0.999834975,0.999876,0.9998925,0.999905,0.999926,2015-06-14
"susceptible_prop",25,0.999805,0.999853,0.999874,0.999889,0.999914,2015-06-21
"susceptible_prop",26,0.999770975,0.999827,0.999851,0.999869,0.999899,2015-06-28
"susceptible_prop",27,0.999729975,0.999796,0.999824,0.999846,0.999882,2015-07-05
"susceptible_prop",28,0.99968295,0.999758,0.999791,0.999818,0.999861,2015-07-12
"susceptible_prop",29,0.999623,0.999713,0.999752,0.999784,0.999836,2015-07-19
"susceptible_prop",30,0.99955995,0.999659,0.999704,0.999742,0.999805,2015-07-26
"susceptible_prop",31,0.999478975,0.999592,0.999646,0.999692,0.999767,2015-08-02
"susceptible_prop",32,0.99938895,0.999511,0.999576,0.999631,0.999718025,2015-08-09
"susceptible_prop",33,0.999279975,0.99941775,0.9994915,0.999557,0.999662025,2015-08-16
"susceptible_prop",34,0.99915285,0.999307,0.999389,0.99946725,0.99959405,2015-08-23
"susceptible_prop",35,0.998993975,0.99917775,0.99927,0.999363,0.999520025,2015-08-30
"susceptible_prop",36,0.9988139,0.999022,0.999131,0.999238,0.99942705,2015-09-06
"susceptible_prop",37,0.998603975,0.99883975,0.9989685,0.999093,0.999318025,2015-09-13
"susceptible_prop",38,0.998370825,0.99863675,0.9987815,0.9989275,0.9991911,2015-09-20
"susceptible_prop",39,0.9981,0.99840775,0.9985755,0.9987405,0.9990472,2015-09-27
"susceptible_prop",40,0.99780095,0.998156,0.9983455,0.99853725,0.9988871,2015-10-04
"susceptible_prop",41,0.99747595,0.9978745,0.9980875,0.9983095,0.99870605,2015-10-11
"susceptible_prop",42,0.99708795,0.997549,0.997807,0.9980485,0.998508025,2015-10-18
"susceptible_prop",43,0.996671875,0.99719475,0.9974885,0.99776425,0.998297225,2015-10-25
"susceptible_prop",44,0.99619685,0.9968055,0.997136,0.99745725,0.998075125,2015-11-01
"susceptible_prop",45,0.99564695,0.99635975,0.9967435,0.99710525,0.9978362,2015-11-08
"susceptible_prop",46,0.995023975,0.995863,0.9963,0.996722,0.9975652,2015-11-15
"susceptible_prop",47,0.994315975,0.995294,0.9957975,0.99628575,0.997278175,2015-11-22
"susceptible_prop",48,0.99347995,0.994634,0.995225,0.99578775,0.996904025,2015-11-29
"susceptible_prop",49,0.992538975,0.99386075,0.9945635,0.99522175,0.996477775,2015-12-06
"susceptible_prop",50,0.991384925,0.99293425,0.993763,0.99453825,0.995994975,2015-12-13
"susceptible_prop",51,0.9899862,0.991818,0.9927775,0.99370975,0.995422325,2015-12-20
"susceptible_prop",52,0.988194875,0.990417,0.9915745,0.992704,0.99473485,2015-12-27
"susceptible_prop",53,0.9859755,0.988669,0.9900865,0.99144425,0.993907325,2016-01-03
"susceptible_prop",54,0.983933775,0.98704325,0.9886585,0.9902745,0.9931174,2016-01-10
"susceptible_prop",55,0.981405675,0.98500275,0.986986,0.98883925,0.992139825,2016-01-17
"susceptible_prop",56,0.9785667,0.9827415,0.9850225,0.987226,0.991015425,2016-01-24
"susceptible_prop",57,0.975358225,0.98014475,0.982727,0.985327,0.989701175,2016-01-31
"susceptible_prop",58,0.971585,0.977101,0.9800755,0.983173,0.9881902,2016-02-07
"susceptible_prop",59,0.966930925,0.973551,0.977053,0.98059075,0.98634115,2016-02-14
"susceptible_prop",60,0.961483425,0.9694305,0.973431,0.97762425,0.98434675,2016-02-21
"susceptible_prop",61,0.9553336,0.964706,0.969272,0.97424025,0.982043025,2016-02-28
"susceptible_prop",62,0.948508725,0.9593475,0.964718,0.97044125,0.979143525,2016-03-06
"susceptible_prop",63,0.9414199,0.95360525,0.9596785,0.9661715,0.97643655,2016-03-13
"susceptible_prop",64,0.933063375,0.947144,0.9541065,0.9615935,0.973263525,2016-03-20
"susceptible_prop",65,0.9244481,0.940199,0.9481985,0.95651725,0.970151375,2016-03-27
"susceptible_prop",66,0.91565955,0.9331815,0.9419985,0.9512035,0.96661155,2016-04-03
"susceptible_prop",67,0.9073056,0.9259305,0.9356575,0.94581475,0.963147425,2016-04-10
"susceptible_prop",68,0.8981131,0.91841725,0.9291665,0.94037425,0.95943105,2016-04-17
"susceptible_prop",69,0.88892385,0.91125775,0.922809,0.935057,0.955690475,2016-04-24
"susceptible_prop",70,0.880942825,0.904175,0.916745,0.929996,0.9520038,2016-05-01
"susceptible_prop",71,0.8731413,0.89746875,0.9108845,0.92511025,0.948555975,2016-05-08
"susceptible_prop",72,0.8656983,0.89096375,0.9054835,0.92056075,0.945318925,2016-05-15
"susceptible_prop",73,0.8585115,0.884884,0.9003605,0.916163,0.9422983,2016-05-22
"susceptible_prop",74,0.85169165,0.87943425,0.895567,0.912278,0.939691975,2016-05-29
"susceptible_prop",75,0.84585225,0.87446675,0.8911895,0.90854625,0.93738325,2016-06-05
"susceptible_prop",76,0.839929025,0.86994225,0.887065,0.905175,0.9352156,2016-06-12
"susceptible_prop",77,0.83447105,0.86567625,0.8832595,0.90197275,0.932825825,2016-06-19
"susceptible_prop",78,0.829484225,0.8616995,0.8797395,0.89896625,0.93040685,2016-06-26
"susceptible_prop",79,0.825180375,0.85814625,0.876453,0.89600575,0.92839715,2016-07-03
"susceptible_prop",80,0.821068575,0.854864,0.873486,0.893523,0.926455725,2016-07-10
"susceptible_prop",81,0.817295625,0.8517775,0.870783,0.8912525,0.9246845,2016-07-17
"susceptible_prop",82,0.813764325,0.8490565,0.868199,0.88922675,0.92308045,2016-07-24
"susceptible_prop",83,0.810682975,0.846186,0.865863,0.88732225,0.921638575,2016-07-31
"susceptible_prop",84,0.808042875,0.84379225,0.863789,0.8854505,0.920353975,2016-08-07
"susceptible_prop",85,0.80566835,0.84167575,0.861856,0.88378475,0.919220725,2016-08-14
"susceptible_prop",86,0.803547,0.8397755,0.8602625,0.88232575,0.9182329,2016-08-21
"susceptible_prop",87,0.8016617,0.83808,0.858822,0.881085,0.917378675,2016-08-28
"susceptible_prop",88,0.8000518,0.836648,0.8574065,0.879907,0.91664955,2016-09-04
"susceptible_prop",89,0.7987257,0.835349,0.8563595,0.87879925,0.9160335,2016-09-11
"susceptible_prop",90,0.79760725,0.834277,0.855466,0.8779665,0.915517575,2016-09-18
"susceptible_prop",91,0.796673825,0.8334305,0.8547085,0.87727075,0.915088825,2016-09-25
"susceptible_prop",92,0.795839825,0.83259275,0.8539735,0.87666025,0.91473225,2016-10-02
"susceptible_prop",93,0.7949486,0.83190125,0.8533415,0.876118,0.9144368,2016-10-09
"susceptible_prop",94,0.7941985,0.83127875,0.8528475,0.87575925,0.914190525,2016-10-16
"susceptible_prop",95,0.7935933,0.830859,0.8524275,0.87546,0.913985375,2016-10-23
"susceptible_prop",96,0.793154775,0.8304915,0.8520815,0.87519725,0.913811375,2016-10-30
"susceptible_prop",97,0.792771725,0.83018375,0.851779,0.87497575,0.91366245,2016-11-06
"susceptible_prop",98,0.79243315,0.829898,0.851517,0.874788,0.913532625,2016-11-13
"susceptible_prop",99,0.79212785,0.82960175,0.8512865,0.87460575,0.913415875,2016-11-20
"susceptible_prop",100,0.79184755,0.8293725,0.851026,0.8744045,0.91330915,2016-11-27
"susceptible_prop",101,0.791581325,0.8291955,0.8507875,0.87415975,0.91318755,2016-12-04
"susceptible_prop",102,0.79132215,0.829006,0.8505615,0.87392425,0.91306325,2016-12-11
"susceptible_prop",103,0.791065025,0.828844,0.850339,0.8736925,0.9129399,2016-12-18
"susceptible_prop",104,0.790803975,0.82868475,0.850116,0.8734795,0.912811625,2016-12-25
"susceptible_prop",105,0.790533,0.82852475,0.8498955,0.8733345,0.91267735,2017-01-01
"susceptible_prop",106,0.79025,0.82834275,0.84968,0.873177,0.912543,2017-01-08
"susceptible_prop",107,0.789950925,0.82811125,0.84945,0.87300325,0.912397675,2017-01-15
"susceptible_prop",108,0.789657325,0.82781425,0.849203,0.872813,0.91224635,2017-01-22
"susceptible_prop",109,0.78928835,0.8274915,0.848931,0.872585,0.91208205,2017-01-29
"susceptible_prop",110,0.78892385,0.8271455,0.848643,0.872294,0.9119065,2017-02-05
"susceptible_prop",111,0.788523525,0.82677525,0.8483395,0.87196275,0.911719975,2017-02-12
"susceptible_prop",112,0.7880592,0.82642875,0.8480295,0.871648,0.911525425,2017-02-19
"susceptible_prop",113,0.787563025,0.826077,0.847689,0.87129875,0.91131895,2017-02-26
"susceptible_prop",114,0.787041025,0.825707,0.8472535,0.870939,0.911105475,2017-03-05
"susceptible_prop",115,0.78650625,0.825249,0.846866,0.8705785,0.910890025,2017-03-12
"susceptible_prop",116,0.78595775,0.824766,0.846485,0.8702165,0.910672625,2017-03-19
"susceptible_prop",117,0.7854085,0.82431875,0.8461025,0.869862,0.910457275,2017-03-26
"susceptible_prop",118,0.784869825,0.82380275,0.8457455,0.869517,0.910246925,2017-04-02
"susceptible_prop",119,0.784438125,0.82329275,0.8454165,0.8691845,0.910043625,2017-04-09
"susceptible_prop",120,0.784024575,0.822818,0.8451,0.868868,0.909850325,2017-04-16
"susceptible_prop",121,0.783638375,0.8223915,0.8447995,0.86857125,0.909669075,2017-04-23
"susceptible_prop",122,0.783279225,0.82200875,0.8444915,0.86829275,0.9094745,2017-04-30
"susceptible_prop",123,0.782946075,0.821648,0.844209,0.8680305,0.909273375,2017-05-07
"susceptible_prop",124,0.78262825,0.821318,0.843932,0.8677845,0.9090862,2017-05-14
"susceptible_prop",125,0.7821892,0.821022,0.843687,0.867557,0.90891295,2017-05-21
"susceptible_prop",126,0.781772075,0.82074775,0.843453,0.8673515,0.90875065,2017-05-28
"susceptible_prop",127,0.78137185,0.820489,0.843159,0.86710675,0.9085963,2017-06-04
"susceptible_prop",128,0.7810875,0.82024525,0.842859,0.8669075,0.90845185,2017-06-11
"susceptible_prop",129,0.780818,0.81998525,0.842572,0.86671725,0.908314325,2017-06-18
"susceptible_prop",130,0.78055475,0.81972775,0.842308,0.86651475,0.90818075,2017-06-25
"susceptible_prop",131,0.78029965,0.81947975,0.842053,0.8663145,0.9080531,2017-07-02
"susceptible_prop",132,0.7800448,0.819236,0.841803,0.8661135,0.907926375,2017-07-09
"susceptible_prop",133,0.7797932,0.818991,0.8415605,0.865904,0.90780355,2017-07-16
"susceptible_prop",134,0.779544825,0.818758,0.841325,0.865699,0.907683625,2017-07-23
"susceptible_prop",135,0.7792987,0.8185465,0.8410975,0.8654885,0.907565625,2017-07-30
"susceptible_prop",136,0.7790578,0.818341,0.8408775,0.86528725,0.9074515,2017-08-06
"susceptible_prop",137,0.77882385,0.8181365,0.840667,0.86510725,0.907341275,2017-08-13
"susceptible_prop",138,0.77859625,0.81793225,0.8404655,0.86492725,0.907234925,2017-08-20
"susceptible_prop",139,0.7783797,0.81771575,0.840262,0.8647545,0.907134475,2017-08-27
"susceptible_prop",140,0.77817315,0.81750975,0.840058,0.8645905,0.9070409,2017-09-03
"susceptible_prop",141,0.777980575,0.81733575,0.8398665,0.86443825,0.90695325,2017-09-10
"susceptible_prop",142,0.777807975,0.81712325,0.839692,0.86430875,0.90687555,2017-09-17
"susceptible_prop",143,0.7776533,0.816946,0.8395325,0.86421175,0.906807775,2017-09-24
"susceptible_prop",144,0.777515575,0.81679225,0.839375,0.864124,0.906746975,2017-10-01
"susceptible_prop",145,0.777394825,0.8166535,0.8392305,0.86404675,0.906695175,2017-10-08
"susceptible_prop",146,0.777285,0.81652475,0.8390965,0.8639705,0.9066484,2017-10-15
"susceptible_prop",147,0.7771708,0.81641575,0.8389905,0.8639065,0.9065964,2017-10-22
"susceptible_prop",148,0.77705095,0.81631675,0.8388955,0.86385025,0.906536175,2017-10-29
"susceptible_prop",149,0.776940075,0.81622825,0.8388095,0.8638005,0.906481875,2017-11-05
"susceptible_prop",150,0.77684315,0.81615825,0.8387445,0.8637605,0.906433575,2017-11-12
"susceptible_prop",151,0.776752175,0.81609225,0.838699,0.86372375,0.9063902,2017-11-19
"susceptible_prop",152,0.776669175,0.8160325,0.8386605,0.86369,0.90634985,2017-11-26
"susceptible_prop",153,0.77659115,0.81597525,0.838627,0.863659,0.906314425,2017-12-03
"susceptible_prop",154,0.7765131,0.81591875,0.838594,0.86362825,0.906278,2017-12-10
"susceptible_prop",155,0.776433025,0.8158655,0.8385605,0.8635965,0.90624255,2017-12-17
"susceptible_prop",156,0.77635295,0.81581775,0.8385285,0.863566,0.9062081,2017-12-24
"susceptible_prop",157,0.776268875,0.815769,0.838484,0.8635335,0.906172625,2017-12-31
"susceptible_prop",158,0.77617875,0.81570175,0.8384285,0.863497,0.90613415,2018-01-07
"susceptible_prop",159,0.776067925,0.815626,0.8383725,0.8634525,0.90608775,2018-01-14
"susceptible_prop",160,0.77598885,0.81554625,0.8383135,0.86340025,0.9060354,2018-01-21
"susceptible_prop",161,0.77590055,0.8154535,0.838243,0.863307,0.905975075,2018-01-28
"susceptible_prop",162,0.775796175,0.815347,0.838159,0.8631965,0.905903875,2018-02-04
"susceptible_prop",163,0.77567765,0.815231,0.8380615,0.863071,0.905823725,2018-02-11
"susceptible_prop",164,0.775531875,0.8150795,0.8379405,0.862927,0.90572765,2018-02-18
"susceptible_prop",165,0.775376875,0.81490225,0.837805,0.86277575,0.9056217,2018-02-25
"susceptible_prop",166,0.7752036,0.8147185,0.837648,0.86261175,0.905503825,2018-03-04
"susceptible_prop",167,0.775013075,0.81452025,0.837472,0.8624425,0.90537505,2018-03-11
"susceptible_prop",168,0.774808275,0.8143055,0.8372755,0.86227975,0.90523535,2018-03-18
"susceptible_prop",169,0.774593175,0.81407825,0.8370685,0.862106,0.905086775,2018-03-25
"susceptible_prop",170,0.774364875,0.8138375,0.836851,0.86192075,0.904930225,2018-04-01
"susceptible_prop",171,0.774140375,0.81359925,0.8366355,0.861742,0.904773725,2018-04-08
"susceptible_prop",172,0.773915725,0.8133615,0.836421,0.86157425,0.904616225,2018-04-15
"susceptible_prop",173,0.773700725,0.8131305,0.8362065,0.861407,0.90446175,2018-04-22
"susceptible_prop",174,0.77349125,0.81290725,0.8359575,0.86124325,0.90430925,2018-04-29
"susceptible_prop",175,0.77329075,0.812671,0.8357095,0.86108675,0.90416175,2018-05-06
"susceptible_prop",176,0.773101225,0.812455,0.835475,0.86093925,0.904021175,2018-05-13
"susceptible_prop",177,0.772911975,0.81225625,0.8352555,0.86079225,0.903887575,2018-05-20
"susceptible_prop",178,0.772717025,0.81206875,0.8350525,0.860666,0.903758925,2018-05-27
"susceptible_prop",179,0.772527,0.8118545,0.834884,0.86053575,0.903633475,2018-06-03
"susceptible_prop",180,0.772349975,0.811648,0.834737,0.860426,0.9035149,2018-06-10
"susceptible_prop",181,0.7721769,0.81147625,0.834602,0.86031975,0.903399325,2018-06-17
"susceptible_prop",182,0.7720108,0.81133325,0.8344865,0.8602195,0.9032887,2018-06-24
"susceptible_prop",183,0.771851725,0.811162,0.834377,0.860121,0.903181125,2018-07-01
"susceptible_prop",184,0.771693625,0.8110185,0.8342555,0.86002175,0.90309795,2018-07-08
"susceptible_prop",185,0.771544525,0.8108805,0.8341415,0.8599285,0.903032475,2018-07-15
"susceptible_prop",186,0.771396425,0.81074125,0.834028,0.85984025,0.902968975,2018-07-22
"susceptible_prop",187,0.771254325,0.81060525,0.8339195,0.85975625,0.90291045,2018-07-29
"susceptible_prop",188,0.7711192,0.81048,0.833815,0.85967425,0.902856925,2018-08-05
"susceptible_prop",189,0.770990025,0.810356,0.8337135,0.8595925,0.902806425,2018-08-12
"susceptible_prop",190,0.770869775,0.81023675,0.8336165,0.85951275,0.902761925,2018-08-19
"susceptible_prop",191,0.770758425,0.81013625,0.833525,0.859436,0.90272145,2018-08-26
"susceptible_prop",192,0.770657025,0.8100495,0.8334395,0.8593615,0.902686975,2018-09-02
"susceptible_prop",193,0.770569475,0.80998325,0.833363,0.859292,0.902658525,2018-09-09
"susceptible_prop",194,0.770490825,0.80992575,0.8332935,0.859226,0.902635075,2018-09-16
"susceptible_prop",195,0.770428075,0.80986525,0.8332445,0.85917025,0.9026177,2018-09-23
"susceptible_prop",196,0.7703752,0.8098005,0.8332035,0.859128,0.902605325,2018-09-30
"susceptible_prop",197,0.77033325,0.809753,0.833171,0.859093,0.902597,2018-10-07
"susceptible_prop",198,0.7702982,0.8097255,0.833142,0.85906175,0.9025907,2018-10-14
"susceptible_prop",199,0.770275125,0.809712,0.8331235,0.859039,0.902590425,2018-10-21
"susceptible_prop",200,0.77025995,0.80971,0.8331105,0.85902225,0.90259315,2018-10-28
"susceptible_prop",201,0.77024875,0.80971125,0.8331005,0.85900875,0.902596925,2018-11-04
"susceptible_prop",202,0.770241525,0.8097155,0.833095,0.85899925,0.902603675,2018-11-11
"susceptible_prop",203,0.77023925,0.80972325,0.833093,0.858993,0.90261145,2018-11-18
"susceptible_prop",204,0.770237975,0.80973275,0.833093,0.858989,0.90261925,2018-11-25
"susceptible_prop",205,0.7702347,0.8097405,0.8330925,0.858985,0.90262705,2018-12-02
"susceptible_prop",206,0.77023345,0.8097515,0.833095,0.8589835,0.9026368,2018-12-09
"susceptible_prop",207,0.7702272,0.80975925,0.8330945,0.8589805,0.9026446,2018-12-16
"susceptible_prop",208,0.77022295,0.80976625,0.8330965,0.8589805,0.90265335,2018-12-23
"susceptible_prop",209,0.77021075,0.80976175,0.8330945,0.85897675,0.902661075,2018-12-30
"susceptible_prop",210,0.7701926,0.809755,0.833089,0.858972,0.9026668,2019-01-06
"susceptible_prop",211,0.770158375,0.80973575,0.8330645,0.8589595,0.902668475,2019-01-13
"susceptible_prop",212,0.770110225,0.80970825,0.833029,0.85894,0.902667075,2019-01-20
"susceptible_prop",213,0.7700431,0.8096665,0.8329815,0.85891225,0.9026616,2019-01-27
"susceptible_prop",214,0.76995,0.80960375,0.8329175,0.85886975,0.902647075,2019-02-03
"susceptible_prop",215,0.769831975,0.80952175,0.832828,0.85881325,0.9026274,2019-02-10
"susceptible_prop",216,0.769686675,0.8094155,0.8327145,0.85874175,0.902598625,2019-02-17
"susceptible_prop",217,0.769507725,0.80929375,0.8325955,0.85865025,0.902559725,2019-02-24
"susceptible_prop",218,0.769293925,0.80914325,0.8324385,0.858538,0.90251065,2019-03-03
"susceptible_prop",219,0.7691238,0.80895775,0.83225,0.85839975,0.9024474,2019-03-10
"susceptible_prop",220,0.768925525,0.80874125,0.8320365,0.85824175,0.902373,2019-03-17
"susceptible_prop",221,0.76869725,0.8084925,0.831798,0.858062,0.902287425,2019-03-24
"susceptible_prop",222,0.768436075,0.8082145,0.831536,0.857862,0.902189725,2019-03-31
"susceptible_prop",223,0.76814205,0.80790375,0.8312925,0.85764,0.902079875,2019-04-07
"susceptible_prop",224,0.767804725,0.807586,0.8310215,0.85740475,0.90196095,2019-04-14
"susceptible_prop",225,0.767419325,0.80726775,0.8307535,0.857157,0.901834925,2019-04-21
"susceptible_prop",226,0.76702895,0.8069025,0.830479,0.8568975,0.90170385,2019-04-28
"susceptible_prop",227,0.76663555,0.806461,0.8301825,0.8566065,0.901568775,2019-05-05
"susceptible_prop",228,0.7662461,0.80602125,0.8298795,0.85631625,0.901431675,2019-05-12
"susceptible_prop",229,0.7658616,0.805587,0.8295725,0.85599575,0.901176575,2019-05-19
"susceptible_prop",230,0.765480975,0.805136,0.8291925,0.85561875,0.9008932,2019-05-26
"susceptible_prop",231,0.76510725,0.80471075,0.8289095,0.855241,0.9006108,2019-06-02
"susceptible_prop",232,0.76474235,0.80434475,0.828625,0.85497625,0.9003304,2019-06-09
"susceptible_prop",233,0.764383275,0.80401275,0.828312,0.85471925,0.90005195,2019-06-16
"susceptible_prop",234,0.764028025,0.8036895,0.827994,0.85446325,0.899776425,2019-06-23
"susceptible_prop",235,0.763678575,0.80339075,0.827688,0.85421,0.8995068,2019-06-30
"susceptible_prop",236,0.76333575,0.80309475,0.8273835,0.85395775,0.899241125,2019-07-07
"susceptible_prop",237,0.762996625,0.8027375,0.8270785,0.85369975,0.8989823,2019-07-14
"susceptible_prop",238,0.7625895,0.80241925,0.8267735,0.8534185,0.898730325,2019-07-21
"susceptible_prop",239,0.762174875,0.802121,0.8264695,0.8531285,0.898487225,2019-07-28
"susceptible_prop",240,0.76176735,0.80181475,0.8261645,0.852845,0.89825395,2019-08-04
"susceptible_prop",241,0.761369975,0.80145475,0.825874,0.852524,0.898033525,2019-08-11
"susceptible_prop",242,0.760987575,0.80111,0.8255485,0.85225375,0.897827925,2019-08-18
"susceptible_prop",243,0.76062115,0.8007775,0.825238,0.85202525,0.8976372,2019-08-25
"susceptible_prop",244,0.76027565,0.800459,0.824962,0.85178475,0.897463325,2019-09-01
"susceptible_prop",245,0.75995695,0.800159,0.824708,0.851585,0.8973083,2019-09-08
"susceptible_prop",246,0.759662175,0.799884,0.824473,0.85139975,0.8971702,2019-09-15
"susceptible_prop",247,0.759395125,0.79964,0.824259,0.85122625,0.897050025,2019-09-22
"susceptible_prop",248,0.759152125,0.79940325,0.8240635,0.851059,0.8969448,2019-09-29
"susceptible_prop",249,0.758932175,0.7991945,0.823886,0.85090425,0.896852525,2019-10-06
"susceptible_prop",250,0.7587333,0.79900875,0.823732,0.850762,0.89677225,2019-10-13
"susceptible_prop",251,0.7585535,0.798842,0.8236065,0.85063025,0.89670195,2019-10-20
"susceptible_prop",252,0.7583751,0.79869125,0.8234915,0.85050825,0.896640625,2019-10-27
"susceptible_prop",253,0.758201975,0.798555,0.823382,0.85039575,0.8965863,2019-11-03
"susceptible_prop",254,0.758035925,0.7984135,0.8232625,0.85028975,0.896536025,2019-11-10
"susceptible_prop",255,0.757872,0.79828075,0.823148,0.85018825,0.896488725,2019-11-17
"susceptible_prop",256,0.757708125,0.79810075,0.8230355,0.85009025,0.896444425,2019-11-24
"susceptible_prop",257,0.75753935,0.79790775,0.8229225,0.84999225,0.89639915,2019-12-01
"susceptible_prop",258,0.7573556,0.79777875,0.822817,0.84988775,0.89634985,2019-12-08
"susceptible_prop",259,0.7571599,0.79764925,0.822724,0.849781,0.8962966,2019-12-15
"susceptible_prop",260,0.7569462,0.79751,0.8225785,0.849668,0.8962383,2019-12-22
"susceptible_prop",261,0.756698475,0.797321,0.8223855,0.84953825,0.896168025,2019-12-29
"susceptible_prop",262,0.7564117,0.79710825,0.8221905,0.84939125,0.896081775,2020-01-05
"susceptible_prop",263,0.75610285,0.7968835,0.8219905,0.84923325,0.89599045,2020-01-12
"susceptible_prop",264,0.75574185,0.7965995,0.821753,0.84904825,0.895879075,2020-01-19
"susceptible_prop",265,0.75532855,0.79626175,0.821476,0.848819,0.89574665,2020-01-26
"susceptible_prop",266,0.7548546,0.79586625,0.8211375,0.84853875,0.895587175,2020-02-02
"susceptible_prop",267,0.754318125,0.795407,0.820731,0.8482135,0.8953986,2020-02-09
"susceptible_prop",268,0.753772425,0.79489625,0.820249,0.84783675,0.895175925,2020-02-16
"susceptible_prop",269,0.7531773,0.7943235,0.819745,0.847402,0.89491515,2020-02-23
"susceptible_prop",270,0.75242125,0.793782,0.8191505,0.84690075,0.8946102,2020-03-01
"susceptible_prop",271,0.751457925,0.79310825,0.818499,0.8462705,0.8942671,2020-03-08
"susceptible_prop",272,0.7505625,0.79236225,0.817795,0.8455405,0.893883875,2020-03-15
"susceptible_prop",273,0.749530175,0.7914935,0.8170735,0.8449685,0.893459475,2020-03-22
"susceptible_prop",274,0.748451075,0.79051125,0.816239,0.84433625,0.892999,2020-03-29
"susceptible_prop",275,0.74731505,0.78953625,0.815387,0.8436145,0.892482725,2020-04-05
"susceptible_prop",276,0.746231025,0.7885355,0.814542,0.84294725,0.89172775,2020-04-12
"susceptible_prop",277,0.74510595,0.787514,0.813549,0.8422435,0.8909554,2020-04-19
"susceptible_prop",278,0.7436963,0.786527,0.8126215,0.84149175,0.8901789,2020-04-26
"susceptible_prop",279,0.74219555,0.785327,0.811696,0.84080075,0.889413025,2020-05-03
"susceptible_prop",280,0.7408007,0.78421125,0.810783,0.84010525,0.8886726,2020-05-10
"susceptible_prop",281,0.7396677,0.78321675,0.809918,0.83939175,0.887960575,2020-05-17
"susceptible_prop",282,0.738434775,0.7822025,0.8089785,0.83855675,0.88740565,2020-05-24
"susceptible_prop",283,0.737248525,0.78113375,0.8080495,0.8378905,0.886976725,2020-05-31
"susceptible_prop",284,0.736102,0.7799805,0.807156,0.837227,0.88655285,2020-06-07
"susceptible_prop",285,0.734992725,0.77902825,0.8062805,0.836602,0.8861291,2020-06-14
"susceptible_prop",286,0.73390355,0.778136,0.805432,0.83592975,0.885705525,2020-06-21
"susceptible_prop",287,0.7328255,0.7771465,0.8046405,0.8352275,0.885278175,2020-06-28
"susceptible_prop",288,0.7317545,0.77617075,0.80382,0.834544,0.88484705,2020-07-05
"susceptible_prop",289,0.7306866,0.775355,0.8029815,0.83388125,0.884409225,2020-07-12
"susceptible_prop",290,0.729616825,0.77459325,0.802204,0.83323925,0.88391425,2020-07-19
"susceptible_prop",291,0.728551825,0.77375075,0.801445,0.83255975,0.883378375,2020-07-26
"susceptible_prop",292,0.727501225,0.7728755,0.800663,0.83182525,0.882850125,2020-08-02
"susceptible_prop",293,0.7264753,0.77203075,0.7998755,0.831161,0.8823374,2020-08-09
"susceptible_prop",294,0.7254507,0.77122075,0.7990915,0.83054375,0.881840325,2020-08-16
"susceptible_prop",295,0.724338675,0.77033775,0.798281,0.82990125,0.881365825,2020-08-23
"susceptible_prop",296,0.723346675,0.76949175,0.797497,0.8292765,0.88091695,2020-08-30
"susceptible_prop",297,0.72240225,0.768694,0.7967615,0.828549,0.880496825,2020-09-06
"susceptible_prop",298,0.721507375,0.767965,0.796099,0.82792,0.8801084,2020-09-13
"susceptible_prop",299,0.720675,0.76731425,0.79552,0.8273195,0.8797538,2020-09-20
"susceptible_prop",300,0.719904775,0.76671625,0.7949445,0.826827,0.8794311,2020-09-27
"susceptible_prop",301,0.719194725,0.76617675,0.794397,0.826371,0.879138325,2020-10-04
"susceptible_prop",302,0.718676225,0.76568125,0.793895,0.825948,0.878874525,2020-10-11
"susceptible_prop",303,0.718217475,0.76520625,0.7934275,0.8255545,0.878634725,2020-10-18
"susceptible_prop",304,0.717794,0.76474025,0.7929355,0.8252015,0.87841895,2020-10-25
"susceptible_prop",305,0.7173998,0.764301,0.792533,0.82490975,0.878222175,2020-11-01
"susceptible_prop",306,0.7170258,0.76396,0.7922045,0.82464125,0.8780385,2020-11-08
"susceptible_prop",307,0.71666895,0.7636165,0.791897,0.82439075,0.8778668,2020-11-15
"susceptible_prop",308,0.716323225,0.76328425,0.791607,0.82415425,0.87770315,2020-11-22
"susceptible_prop",309,0.715978575,0.762955,0.791345,0.82392325,0.8775225,2020-11-29
"susceptible_prop",310,0.71559585,0.762605,0.791065,0.8236905,0.877335125,2020-12-06
"susceptible_prop",311,0.715242175,0.76222175,0.7907005,0.823437,0.877141775,2020-12-13
"susceptible_prop",312,0.71487735,0.76183875,0.790399,0.823171,0.87693775,2020-12-20
"susceptible_prop",313,0.71440415,0.76139575,0.7901065,0.82290025,0.876716175,2020-12-27
"susceptible_prop",314,0.713888375,0.7609535,0.7897875,0.82261125,0.876471525,2021-01-03
"susceptible_prop",315,0.7133166,0.76035575,0.7893125,0.822185,0.876128225,2021-01-10
"susceptible_prop",316,0.71247,0.75963725,0.788606,0.8216415,0.875691125,2021-01-17
"susceptible_prop",317,0.711340825,0.75863575,0.7877335,0.8209985,0.87513015,2021-01-24
"susceptible_prop",318,0.709869425,0.757134,0.78661,0.82014475,0.87441135,2021-01-31
"susceptible_prop",319,0.7079585,0.755319,0.7850875,0.81909975,0.873495425,2021-02-07
"susceptible_prop",320,0.705675325,0.7534715,0.783409,0.817685,0.872538825,2021-02-14
"susceptible_prop",321,0.70233065,0.75071,0.781238,0.81564375,0.871084375,2021-02-21
"susceptible_prop",322,0.69836595,0.74714875,0.7784155,0.813053,0.868932425,2021-02-28
"susceptible_prop",323,0.69346265,0.74282075,0.7746825,0.81007875,0.86681615,2021-03-07
"susceptible_prop",324,0.687564125,0.7374735,0.77014,0.80629,0.864066325,2021-03-14
"susceptible_prop",325,0.680242375,0.73109325,0.7646105,0.80203975,0.860673925,2021-03-21
"susceptible_prop",326,0.67166195,0.72350525,0.7581715,0.79703675,0.856702575,2021-03-28
"susceptible_prop",327,0.6621445,0.7151775,0.7510795,0.7911225,0.8521903,2021-04-04
"susceptible_prop",328,0.65067075,0.70631575,0.743526,0.78391325,0.846670925,2021-04-11
"susceptible_prop",329,0.63959585,0.69633575,0.7347505,0.776569,0.8405475,2021-04-18
"susceptible_prop",330,0.62792385,0.686063,0.725493,0.76835925,0.8357948,2021-04-25
"susceptible_prop",331,0.61591875,0.6756705,0.715843,0.76038975,0.830429675,2021-05-02
"susceptible_prop",332,0.604346225,0.6642615,0.70604,0.75226275,0.82450515,2021-05-09
"susceptible_prop",333,0.5924658,0.653246,0.696885,0.7440045,0.818733975,2021-05-16
"susceptible_prop",334,0.5806768,0.6427985,0.6874975,0.7357645,0.81325165,2021-05-23
"susceptible_prop",335,0.56906655,0.63213575,0.6784765,0.7278505,0.807611675,2021-05-30
"susceptible_prop",336,0.5581444,0.62144925,0.669738,0.72024075,0.802216425,2021-06-06
"susceptible_prop",337,0.5478931,0.6125435,0.661094,0.7126885,0.797171275,2021-06-13
"susceptible_prop",338,0.5372436,0.60337925,0.6529005,0.7054555,0.7924009,2021-06-20
"susceptible_prop",339,0.52745065,0.594972,0.645536,0.69848575,0.787786325,2021-06-27
"susceptible_prop",340,0.518714475,0.5868675,0.638655,0.69261325,0.783348975,2021-07-04
"susceptible_prop",341,0.510404275,0.5793325,0.632293,0.687207,0.77954715,2021-07-11
"susceptible_prop",342,0.50268955,0.57255325,0.626422,0.68186775,0.776304275,2021-07-18
"susceptible_prop",343,0.49496135,0.565645,0.6206835,0.6773235,0.773066825,2021-07-25
"susceptible_prop",344,0.4877781,0.5599085,0.615621,0.673358,0.7701454,2021-08-01
"susceptible_prop",345,0.48088295,0.554656,0.6111105,0.6695675,0.767530875,2021-08-08
"susceptible_prop",346,0.475707175,0.5500585,0.607328,0.6662725,0.7652252,2021-08-15
"susceptible_prop",347,0.470223575,0.545981,0.6037125,0.66349225,0.7631401,2021-08-22
"susceptible_prop",348,0.465549525,0.542487,0.600475,0.66078475,0.761113325,2021-08-29
"susceptible_prop",349,0.461717625,0.539411,0.5980565,0.65859475,0.7594535,2021-09-05
"susceptible_prop",350,0.4584545,0.536713,0.5956615,0.65669975,0.75805325,2021-09-12
"susceptible_prop",351,0.45539305,0.5346035,0.5936195,0.6550615,0.756888425,2021-09-19
"susceptible_prop",352,0.452657725,0.5325415,0.5919295,0.65366125,0.755926025,2021-09-26
"susceptible_prop",353,0.4503544,0.531067,0.590497,0.65251675,0.755131125,2021-10-03
"susceptible_prop",354,0.448426225,0.52982775,0.589362,0.65153625,0.754473875,2021-10-10
"susceptible_prop",355,0.4468152,0.52870125,0.588384,0.650746,0.753925975,2021-10-17
"susceptible_prop",356,0.445473375,0.527692,0.587576,0.6499815,0.75346685,2021-10-24
"susceptible_prop",357,0.44435175,0.52685525,0.5868985,0.64938275,0.753077875,2021-10-31
"susceptible_prop",358,0.44341425,0.526136,0.586355,0.648837,0.75274405,2021-11-07
"susceptible_prop",359,0.442616775,0.525517,0.585874,0.64835525,0.752447375,2021-11-14
"susceptible_prop",360,0.44193335,0.524963,0.5853575,0.64792275,0.7521768,2021-11-21
"susceptible_prop",361,0.4413399,0.5244895,0.5848775,0.647525,0.7519233,2021-11-28
"susceptible_prop",362,0.4408124,0.524089,0.58447,0.64712875,0.751675875,2021-12-05
"susceptible_prop",363,0.440335825,0.5236925,0.584089,0.646731,0.751424525,2021-12-12
"susceptible_prop",364,0.439897275,0.523308,0.5837435,0.646329,0.75116215,2021-12-19
"susceptible_prop",365,0.439473525,0.522934,0.5834055,0.645937,0.7508728,2021-12-26
"susceptible_prop",366,0.439060425,0.5224225,0.583083,0.64558775,0.75054745,2022-01-02
"susceptible_prop",367,0.43835095,0.521772,0.5826205,0.64509925,0.7501454,2022-01-09
"susceptible_prop",368,0.437554275,0.52112775,0.5820445,0.644507,0.74966045,2022-01-16
"susceptible_prop",369,0.4365027,0.5202895,0.5810285,0.64379225,0.749055825,2022-01-23
"susceptible_prop",370,0.435163325,0.5190925,0.5799365,0.64278425,0.7483006,2022-01-30
"susceptible_prop",371,0.43345105,0.5174985,0.578555,0.64144775,0.7473529,2022-02-06
"susceptible_prop",372,0.43127985,0.51540625,0.576679,0.6399755,0.746185525,2022-02-13
"susceptible_prop",373,0.428549825,0.512918,0.5745095,0.63821625,0.744878275,2022-02-20
"susceptible_prop",374,0.425351825,0.510167,0.5718485,0.635851,0.743318,2022-02-27
"susceptible_prop",375,0.42157005,0.5070055,0.5688205,0.6332845,0.741488025,2022-03-06
"susceptible_prop",376,0.417041775,0.50286875,0.5651215,0.630116,0.739402075,2022-03-13
"susceptible_prop",377,0.411736925,0.49797625,0.5607465,0.62654125,0.73708095,2022-03-20
"susceptible_prop",378,0.4051798,0.492893,0.5555215,0.6220275,0.7345618,2022-03-27
"susceptible_prop",379,0.398244875,0.4870185,0.549916,0.617391,0.7318975,2022-04-03
"susceptible_prop",380,0.3911301,0.4800165,0.5438735,0.61263,0.72856095,2022-04-10
"susceptible_prop",381,0.3836651,0.4732865,0.537739,0.60728175,0.724574125,2022-04-17
"susceptible_prop",382,0.3759013,0.4662355,0.5314165,0.60159525,0.719075975,2022-04-24
"susceptible_prop",383,0.3682115,0.45959725,0.5256205,0.59648,0.7141608,2022-05-01
"susceptible_prop",384,0.360714275,0.452532,0.5198975,0.59155075,0.7100879,2022-05-08
"susceptible_prop",385,0.35346595,0.44589275,0.5136195,0.58651075,0.7061168,2022-05-15
"susceptible_prop",386,0.346151625,0.43986675,0.5075935,0.58185675,0.702310175,2022-05-22
"susceptible_prop",387,0.339211675,0.434433,0.502025,0.577409,0.699023525,2022-05-29
"susceptible_prop",388,0.332707425,0.428948,0.4970385,0.573459,0.695949325,2022-06-05
"susceptible_prop",389,0.3270547,0.4238495,0.492613,0.56983925,0.69308995,2022-06-12
"susceptible_prop",390,0.322122475,0.41920625,0.488701,0.56623475,0.69078705,2022-06-19
"susceptible_prop",391,0.3178161,0.4155235,0.485062,0.5630465,0.688679925,2022-06-26
"susceptible_prop",392,0.3139941,0.4122205,0.482021,0.5598365,0.686771625,2022-07-03
"susceptible_prop",393,0.31059905,0.4091645,0.47915,0.5571495,0.68497895,2022-07-10
"susceptible_prop",394,0.307606525,0.40652275,0.4764235,0.55490425,0.68299185,2022-07-17
"susceptible_prop",395,0.305004525,0.40408775,0.4738675,0.552945,0.681246125,2022-07-24
"susceptible_prop",396,0.302471975,0.40210375,0.471928,0.55123525,0.679843025,2022-07-31
"susceptible_prop",397,0.299891725,0.40014975,0.470412,0.54976775,0.678864175,2022-08-07
"susceptible_prop",398,0.298181425,0.39864925,0.4690565,0.548524,0.6780167,2022-08-14
"susceptible_prop",399,0.29713505,0.39759625,0.467891,0.54743475,0.67723655,2022-08-21
"susceptible_prop",400,0.295770875,0.396505,0.466888,0.5465375,0.676690025,2022-08-28
"susceptible_prop",401,0.2946446,0.39559025,0.4660455,0.54583775,0.676191675,2022-09-04
"susceptible_prop",402,0.293717225,0.394872,0.465338,0.545248,0.675776875,2022-09-11
"susceptible_prop",403,0.292979825,0.39433525,0.464787,0.54478225,0.675444925,2022-09-18
"susceptible_prop",404,0.2923904,0.3939045,0.464406,0.544406,0.67517945,2022-09-25
"susceptible_prop",405,0.29192795,0.393563,0.464106,0.54410225,0.674969275,2022-10-02
"susceptible_prop",406,0.29157145,0.393295,0.4638735,0.543882,0.6748053,2022-10-09
"susceptible_prop",407,0.29129895,0.39308525,0.4636945,0.5437245,0.67467845,2022-10-16
"susceptible_prop",408,0.291110375,0.3929355,0.463571,0.54361275,0.674587675,2022-10-23
"susceptible_prop",409,0.290976775,0.39282375,0.463431,0.54353,0.674519925,2022-10-30
"susceptible_prop",410,0.29089615,0.3927505,0.463333,0.54347925,0.674476175,2022-11-06
"susceptible_prop",411,0.29085245,0.39270275,0.463264,0.5434505,0.67444645,2022-11-13
"susceptible_prop",412,0.2908337,0.3926715,0.463213,0.5434345,0.674426675,2022-11-20
"susceptible_prop",413,0.290844925,0.392663,0.463185,0.543437,0.6744189,2022-11-27
"susceptible_prop",414,0.2908661,0.39265925,0.463163,0.543443,0.674413125,2022-12-04
"susceptible_prop",415,0.2909052,0.39266575,0.463152,0.5434585,0.6744133,2022-12-11
"susceptible_prop",416,0.290950275,0.3926745,0.4631425,0.54347575,0.674411525,2022-12-18
"susceptible_prop",417,0.291003275,0.3926845,0.4631335,0.543494,0.6744097,2022-12-25
"susceptible_prop",418,0.291049225,0.39268275,0.463113,0.54350325,0.674397875,2023-01-01
"susceptible_prop",419,0.2910731,0.392665,0.4630835,0.54350575,0.674384025,2023-01-08
"susceptible_prop",420,0.2910889,0.3926375,0.4630435,0.54350025,0.6743622,2023-01-15
"susceptible_prop",421,0.291087575,0.392591,0.46299,0.5434835,0.67433235,2023-01-22
"susceptible_prop",422,0.2910641,0.39252425,0.462919,0.5434535,0.6742925,2023-01-29
"susceptible_prop",423,0.29102945,0.39244425,0.462837,0.54340275,0.674245675,2023-02-05
"susceptible_prop",424,0.2909636,0.392335,0.462732,0.543294,0.674183875,2023-02-12
"susceptible_prop",425,0.29087355,0.39220425,0.462609,0.543198,0.674112075,2023-02-19
"susceptible_prop",426,0.2907473,0.39203975,0.462459,0.54311075,0.67402335,2023-02-26
"susceptible_prop",427,0.29060785,0.3918555,0.4623005,0.54301875,0.67393065,2023-03-05
"susceptible_prop",428,0.290432275,0.391637,0.4621095,0.5429065,0.673824975,2023-03-12
"susceptible_prop",429,0.2901643,0.39141525,0.4619035,0.542763,0.673709375,2023-03-19
"susceptible_prop",430,0.2898772,0.391188,0.461692,0.54260575,0.673587775,2023-03-26
"susceptible_prop",431,0.289580025,0.39094475,0.4614535,0.54243525,0.6734642,2023-04-02
"susceptible_prop",432,0.2892858,0.3906885,0.461199,0.54224525,0.6733436,2023-04-09
"susceptible_prop",433,0.289004575,0.3904365,0.460958,0.5420615,0.673230975,2023-04-16
"susceptible_prop",434,0.28873435,0.390185,0.460726,0.54188025,0.6731243,2023-04-23
"susceptible_prop",435,0.288469175,0.389932,0.460502,0.54169825,0.673021575,2023-04-30
"susceptible_prop",436,0.28822,0.3896845,0.4602915,0.5415135,0.6729248,2023-05-07
"susceptible_prop",437,0.287991125,0.38946575,0.4601065,0.5413475,0.672841925,2023-05-14
"susceptible_prop",438,0.287734525,0.38929925,0.4599405,0.541195,0.672768975,2023-05-21
"susceptible_prop",439,0.287478175,0.3891395,0.4597835,0.541049,0.672698975,2023-05-28
"susceptible_prop",440,0.28722805,0.3889645,0.4596385,0.5409125,0.6726349,2023-06-04
"susceptible_prop",441,0.28697805,0.38873575,0.459499,0.54078,0.6725713,2023-06-11
"susceptible_prop",442,0.28674115,0.38852325,0.459373,0.54065825,0.67251465,2023-06-18
"susceptible_prop",443,0.2865053,0.3883185,0.4592495,0.54054125,0.67245805,2023-06-25
"susceptible_prop",444,0.28627745,0.38813075,0.4591315,0.54043225,0.672404425,2023-07-02
"susceptible_prop",445,0.2860505,0.38794175,0.459011,0.54030925,0.67234885,2023-07-09
"susceptible_prop",446,0.2858215,0.38777725,0.458886,0.54019675,0.6722903,2023-07-16
"susceptible_prop",447,0.28558935,0.387609,0.458752,0.540092,0.672224825,2023-07-23
"susceptible_prop",448,0.285364975,0.387454,0.4586145,0.5399605,0.67215935,2023-07-30
"susceptible_prop",449,0.285197475,0.387292,0.4584695,0.539815,0.672088975,2023-08-06
"susceptible_prop",450,0.28503315,0.38713,0.4583215,0.53967325,0.67201765,2023-08-13
"susceptible_prop",451,0.28487295,0.386975,0.4581705,0.539538,0.6719454,2023-08-20
"susceptible_prop",452,0.284720925,0.38685,0.458021,0.53941,0.671875175,2023-08-27
"susceptible_prop",453,0.284577975,0.3867355,0.4578725,0.5392905,0.67180605,2023-09-03
"susceptible_prop",454,0.28444105,0.38662575,0.4577245,0.5391785,0.671736975,2023-09-10
"susceptible_prop",455,0.284341125,0.38654725,0.4575995,0.539093,0.6716829,2023-09-17
"susceptible_prop",456,0.28425015,0.38647325,0.457478,0.53901575,0.671630875,2023-09-24
"susceptible_prop",457,0.2841761,0.38641125,0.4573855,0.538951,0.67158585,2023-10-01
"susceptible_prop",458,0.28411395,0.3863565,0.4573005,0.538885,0.67154485,2023-10-08
"susceptible_prop",459,0.2840717,0.38633825,0.4572305,0.5388275,0.67151285,2023-10-15
"susceptible_prop",460,0.284040325,0.3863245,0.4571805,0.538763,0.671485825,2023-10-22
"susceptible_prop",461,0.284029825,0.38632375,0.4571555,0.538713,0.671468775,2023-10-29
"susceptible_prop",462,0.28403425,0.38633375,0.4571425,0.538676,0.6714597,2023-11-05
"susceptible_prop",463,0.284041575,0.38634275,0.4571295,0.53864175,0.6714526,2023-11-12
"susceptible_prop",464,0.2840578,0.38635725,0.4571225,0.5386325,0.6714505,2023-11-19
"susceptible_prop",465,0.28408195,0.38637725,0.4571215,0.53863675,0.671452375,2023-11-26
"susceptible_prop",466,0.284096025,0.386388,0.4571125,0.5386355,0.671452225,2023-12-03
"susceptible_prop",467,0.284118025,0.38640475,0.4571105,0.53863975,0.67145605,2023-12-10
"susceptible_prop",468,0.284138925,0.38642075,0.4571075,0.538643,0.671460825,2023-12-17
"susceptible_prop",469,0.28415075,0.38642975,0.457099,0.53864175,0.6714626,2023-12-24
"susceptible_prop",470,0.284146575,0.38642925,0.45708,0.538631,0.67145935,2023-12-31
"susceptible_prop",471,0.2841303,0.386398,0.457054,0.53861225,0.671453025,2024-01-07
"susceptible_prop",472,0.284088625,0.3863185,0.4570125,0.5385815,0.67143665,2024-01-14
"susceptible_prop",473,0.28401285,0.38620675,0.4569525,0.5385305,0.671409175,2024-01-21
"susceptible_prop",474,0.2838869,0.3860495,0.4568705,0.5384515,0.671346425,2024-01-28
"susceptible_prop",475,0.283708825,0.385847,0.456759,0.538344,0.67125415,2024-02-04
"susceptible_prop",476,0.28347075,0.38559675,0.456616,0.53820325,0.671135025,2024-02-11
"susceptible_prop",477,0.2831387,0.38527525,0.456416,0.538008,0.6709731,2024-02-18
"susceptible_prop",478,0.282746825,0.384932,0.456187,0.53778625,0.6707844,2024-02-25
"susceptible_prop",479,0.28226415,0.384638,0.4559065,0.53751925,0.6705549,2024-03-03
"susceptible_prop",480,0.281698725,0.38429725,0.455578,0.537232,0.670286675,2024-03-10
"susceptible_prop",481,0.281049475,0.38390225,0.455198,0.53688975,0.669977675,2024-03-17
"susceptible_prop",482,0.280334375,0.38338025,0.454778,0.53650875,0.66963395,2024-03-24
"susceptible_prop",483,0.27954825,0.38283575,0.4543065,0.53608425,0.669252425,2024-03-31
"susceptible_prop",484,0.278744925,0.382319,0.4537375,0.535625,0.668855125,2024-04-07
"susceptible_prop",485,0.27791525,0.3816515,0.453111,0.53515275,0.66843695,2024-04-14
"susceptible_prop",486,0.277100525,0.38103125,0.452513,0.5346815,0.6680276,2024-04-21
"susceptible_prop",487,0.2763049,0.38041425,0.451928,0.53420625,0.66782595,2024-04-28
"susceptible_prop",488,0.27553795,0.37983825,0.4513435,0.53373175,0.667629275,2024-05-05
"susceptible_prop",489,0.27482175,0.3793055,0.4507765,0.533221,0.667442775,2024-05-12
"susceptible_prop",490,0.27413935,0.378789,0.450191,0.53265925,0.667257425,2024-05-19
"susceptible_prop",491,0.273507775,0.3782865,0.4496215,0.53228775,0.6670803,2024-05-26
"susceptible_prop",492,0.272912125,0.3777415,0.449035,0.53191425,0.666903525,2024-06-02
"susceptible_prop",493,0.27236345,0.37722275,0.4485445,0.53160325,0.6667336,2024-06-09
"susceptible_prop",494,0.271854775,0.37669925,0.4480155,0.531245,0.66656795,2024-06-16
"susceptible_prop",495,0.2713791,0.376199,0.447511,0.53089175,0.666388425,2024-06-23
"susceptible_prop",496,0.270921475,0.37571725,0.447028,0.53054375,0.666142525,2024-06-30
"susceptible_prop",497,0.27049695,0.37527025,0.4465925,0.530183,0.66591135,2024-07-07
"susceptible_prop",498,0.27009245,0.37486775,0.4461865,0.529854,0.6656899,2024-07-14
"susceptible_prop",499,0.26970605,0.3745045,0.445813,0.529495,0.6654782,2024-07-21
"susceptible_prop",500,0.269335675,0.374184,0.445469,0.529182,0.665275275,2024-07-28
"susceptible_prop",501,0.268992325,0.373891,0.4451625,0.528869,0.665086175,2024-08-04
"susceptible_prop",502,0.26866795,0.3736175,0.4448855,0.52860275,0.664906825,2024-08-11
"susceptible_prop",503,0.268377575,0.37337575,0.444647,0.528414,0.664746125,2024-08-18
"susceptible_prop",504,0.268115125,0.3731575,0.4444405,0.528241,0.664598375,2024-08-25
"susceptible_prop",505,0.267881625,0.37296525,0.4442635,0.528086,0.6644665,2024-09-01
"susceptible_prop",506,0.26767405,0.3727935,0.444112,0.52794675,0.664348575,2024-09-08
"susceptible_prop",507,0.26751335,0.372658,0.4439985,0.52783575,0.6642526,2024-09-15
"susceptible_prop",508,0.267389575,0.37255125,0.443913,0.52774775,0.664174575,2024-09-22
"susceptible_prop",509,0.2672847,0.37245575,0.443841,0.5276715,0.664106525,2024-09-29
"susceptible_prop",510,0.267200775,0.372375,0.443784,0.52760825,0.664048475,2024-10-06
"susceptible_prop",511,0.2671518,0.372321,0.4437515,0.52756975,0.664007425,2024-10-13
"susceptible_prop",512,0.267120775,0.372279,0.4437295,0.527542,0.663975375,2024-10-20
"susceptible_prop",513,0.267109725,0.372251,0.443722,0.52752875,0.66395335,2024-10-27
"susceptible_prop",514,0.267104675,0.37223525,0.443717,0.5275195,0.6639353,2024-11-03
"susceptible_prop",515,0.2671156,0.37223625,0.443722,0.52752275,0.6639243,2024-11-10
"susceptible_prop",516,0.26712855,0.3722395,0.443728,0.5275275,0.663915275,2024-11-17
"susceptible_prop",517,0.267156525,0.3722555,0.4437345,0.527544,0.66391425,2024-11-24
"susceptible_prop",518,0.26718355,0.37227125,0.4437405,0.5275615,0.66391225,2024-12-01
"susceptible_prop",519,0.267204575,0.3722825,0.443743,0.52757525,0.663907275,2024-12-08
"susceptible_prop",520,0.26722765,0.37229625,0.443748,0.527593,0.663903275,2024-12-15
"susceptible_prop",521,0.267260775,0.37231025,0.443761,0.52761775,0.663904275,2024-12-22
"susceptible_prop",522,0.267262,0.37228775,0.443752,0.52762475,0.6638893,2024-12-29
"susceptible_prop",523,0.2672483,0.372261,0.443733,0.5276255,0.6638673,2025-01-05
"susceptible_prop",524,0.267233575,0.37221975,0.4437155,0.527628,0.6638483,2025-01-12
"susceptible_prop",525,0.267194875,0.372136,0.4436815,0.52761875,0.66381925,2025-01-19
"susceptible_prop",526,0.26713225,0.37203675,0.443633,0.527598,0.663782175,2025-01-26
"susceptible_prop",527,0.26702965,0.37191025,0.4435585,0.527556,0.663729075,2025-02-02
"susceptible_prop",528,0.26689305,0.37175875,0.4434625,0.52749675,0.663664875,2025-02-09
"susceptible_prop",529,0.2667344,0.37159725,0.443355,0.5274285,0.66359365,2025-02-16
"susceptible_prop",530,0.2665457,0.371421,0.4432305,0.52733825,0.663515325,2025-02-23
"susceptible_prop",531,0.266322875,0.37122575,0.4430845,0.52722425,0.663424925,2025-03-02
"susceptible_prop",532,0.266033825,0.37098875,0.4428925,0.527057,0.663309425,2025-03-09
"susceptible_prop",533,0.2657405,0.37077075,0.4426995,0.5268865,0.66319585,2025-03-16
"susceptible_prop",534,0.26542385,0.37054325,0.442489,0.52669775,0.663075225,2025-03-23
"susceptible_prop",535,0.26508485,0.37031775,0.442259,0.526492,0.662945575,2025-03-30
"susceptible_prop",536,0.264735475,0.37012575,0.4420175,0.5262755,0.6628119,2025-04-06
"susceptible_prop",537,0.264395775,0.36993025,0.441776,0.52605925,0.66268125,2025-04-13
"susceptible_prop",538,0.264065725,0.3695965,0.441534,0.52582675,0.662552625,2025-04-20
"susceptible_prop",539,0.263746525,0.36936325,0.441308,0.5256195,0.66242805,2025-04-27
"susceptible_prop",540,0.263455125,0.369149,0.441111,0.52546725,0.662310575,2025-05-04
"susceptible_prop",541,0.263182675,0.3689265,0.4409235,0.5253075,0.662200125,2025-05-11
"susceptible_prop",542,0.262923,0.36871925,0.4407395,0.5251465,0.6620908,2025-05-18
"susceptible_prop",543,0.2626906,0.3685285,0.4405705,0.52499625,0.661991525,2025-05-25
"susceptible_prop",544,0.262468225,0.36836,0.4404065,0.524847,0.6618943,2025-06-01
"susceptible_prop",545,0.2622629,0.36820425,0.4402525,0.524703,0.661803175,2025-06-08
"susceptible_prop",546,0.262064625,0.3680505,0.440102,0.52455625,0.661714075,2025-06-15
"susceptible_prop",547,0.261867475,0.367858,0.4399505,0.52440675,0.66162305,2025-06-22
"susceptible_prop",548,0.26166445,0.36766475,0.4397945,0.524253,0.66153005,2025-06-29
"susceptible_prop",549,0.261470575,0.36748175,0.4396455,0.52411925,0.6614411,2025-07-06
"susceptible_prop",550,0.261265825,0.36729325,0.439488,0.52399325,0.66134715,2025-07-13
"susceptible_prop",551,0.26106125,0.36712175,0.4393325,0.52386975,0.661253275,2025-07-20
"susceptible_prop",552,0.2608368,0.36695425,0.4391635,0.52373475,0.661150425,2025-07-27
"susceptible_prop",553,0.260614475,0.3667925,0.438997,0.523592,0.6610486,2025-08-03
"susceptible_prop",554,0.2603852,0.36662875,0.4388265,0.52344025,0.6609438,2025-08-10
"susceptible_prop",555,0.26014995,0.36646225,0.438653,0.52328425,0.660836975,2025-08-17
"susceptible_prop",556,0.259917675,0.36630125,0.438483,0.52312825,0.66073025,2025-08-24
"susceptible_prop",557,0.2596863,0.36614125,0.4383145,0.522971,0.6606235,2025-08-31
"susceptible_prop",558,0.2594708,0.36599325,0.438158,0.52282075,0.660523775,2025-09-07
"susceptible_prop",559,0.2592681,0.365854,0.4380115,0.5226755,0.660427125,2025-09-14
"susceptible_prop",560,0.259093175,0.365736,0.4378855,0.5225375,0.660342475,2025-09-21
"susceptible_prop",561,0.258937025,0.3656305,0.4377725,0.52241,0.660264825,2025-09-28
"susceptible_prop",562,0.258795625,0.36553275,0.43767,0.5222905,0.66019125,2025-10-05
"susceptible_prop",563,0.25867005,0.365446,0.437578,0.52218075,0.66012465,2025-10-12
"susceptible_prop",564,0.258565275,0.3653735,0.4375015,0.5221045,0.660066075,2025-10-19
"susceptible_prop",565,0.25848235,0.36531675,0.4374405,0.52205575,0.660015525,2025-10-26
"susceptible_prop",566,0.258413325,0.3652705,0.437389,0.522027,0.659971,2025-11-02
"susceptible_prop",567,0.2583802,0.365253,0.4373645,0.5220285,0.65994245,2025-11-09
"susceptible_prop",568,0.258351075,0.36523925,0.4373435,0.52203325,0.659915925,2025-11-16
"susceptible_prop",569,0.258328925,0.365231,0.4373275,0.52204225,0.659892425,2025-11-23
"susceptible_prop",570,0.2583118,0.365228,0.437316,0.522055,0.6598719,2025-11-30
"susceptible_prop",571,0.258287675,0.365219,0.4372985,0.5220635,0.6598474,2025-12-07
"susceptible_prop",572,0.258263625,0.3652135,0.437284,0.5220735,0.6598239,2025-12-14
"susceptible_prop",573,0.258237675,0.36520825,0.437269,0.5220755,0.65979945,2025-12-21
"immune_prop",1,0,0,0,0,0,2015-01-04
"immune_prop",2,1.08844e-07,1.08844e-07,1.08844e-07,1.08844e-07,1.08844e-07,2015-01-11
"immune_prop",3,2.43341775e-07,2.4453825e-07,2.45253e-07,2.46016e-07,2.47605225e-07,2015-01-18
"immune_prop",4,4.62531425e-07,4.69297e-07,4.73151e-07,4.7763075e-07,4.8707165e-07,2015-01-25
"immune_prop",5,7.75135125e-07,7.942665e-07,8.05744e-07,8.1850375e-07,8.45415625e-07,2015-02-01
"immune_prop",6,1.2086735e-06,1.2508075e-06,1.276935e-06,1.305725e-06,1.3701765e-06,2015-02-08
"immune_prop",7,1.79624825e-06,1.876105e-06,1.929765e-06,1.984695e-06,2.1178295e-06,2015-02-15
"immune_prop",8,2.572747e-06,2.7150775e-06,2.813635e-06,2.9127825e-06,3.1618785e-06,2015-02-22
"immune_prop",9,3.5692065e-06,3.8197875e-06,3.983745e-06,4.1651225e-06,4.60038325e-06,2015-03-01
"immune_prop",10,4.8264335e-06,5.2403e-06,5.50894e-06,5.805105e-06,6.54351425e-06,2015-03-08
"immune_prop",11,6.41929325e-06,7.0273175e-06,7.463275e-06,7.92629e-06,9.08105525e-06,2015-03-15
"immune_prop",12,8.345762e-06,9.245325e-06,9.899865e-06,1.0612525e-05,1.23166625e-05,2015-03-22
"immune_prop",13,1.0625625e-05,1.19563e-05,1.287265e-05,1.3939425e-05,1.6479555e-05,2015-03-29
"immune_prop",14,1.3317825e-05,1.52026e-05,1.64641e-05,1.80008e-05,2.16097225e-05,2015-04-05
"immune_prop",15,1.64710575e-05,1.901205e-05,2.07551e-05,2.2875875e-05,2.792579e-05,2015-04-12
"immune_prop",16,2.01594775e-05,2.3516975e-05,2.574445e-05,2.869635e-05,3.53748975e-05,2015-04-19
"immune_prop",17,2.416541e-05,2.872445e-05,3.159665e-05,3.5489775e-05,4.4492995e-05,2015-04-26
"immune_prop",18,2.8761135e-05,3.4663225e-05,3.83091e-05,4.33316e-05,5.49362325e-05,2015-05-03
"immune_prop",19,3.415149e-05,4.147435e-05,4.60975e-05,5.250885e-05,6.700882e-05,2015-05-10
"immune_prop",20,4.000128e-05,4.9227075e-05,5.498945e-05,6.31245e-05,8.138389e-05,2015-05-17
"immune_prop",21,4.680988e-05,5.8240425e-05,6.527435e-05,7.5122775e-05,9.80600149999999e-05,2015-05-24
"immune_prop",22,5.46356075e-05,6.856395e-05,7.72139e-05,8.9091175e-05,0.0001177326,2015-05-31
"immune_prop",23,6.35894625e-05,8.0696675e-05,9.12595e-05,0.0001052375,0.000139865825,2015-06-07
"immune_prop",24,7.41924275e-05,9.4758725e-05,0.000107505,0.00012416775,0.0001654794,2015-06-14
"immune_prop",25,8.648058e-05,0.00011135725,0.0001261185,0.0001465215,0.000195094325,2015-06-21
"immune_prop",26,0.000101200475,0.00013081825,0.0001488975,0.0001730515,0.000229174525,2015-06-28
"immune_prop",27,0.0001184375,0.0001541665,0.000175699,0.00020413425,0.000270146525,2015-07-05
"immune_prop",28,0.000139063175,0.00018204825,0.000208582,0.000241576,0.0003171916,2015-07-12
"immune_prop",29,0.0001642574,0.0002158365,0.000248,0.00028689675,0.00037667275,2015-07-19
"immune_prop",30,0.0001952413,0.0002577645,0.000295992,0.0003412365,0.000440002525,2015-07-26
"immune_prop",31,0.000233484325,0.00030843375,0.00035388,0.00040793425,0.000521417875,2015-08-02
"immune_prop",32,0.000281544525,0.00036931825,0.0004242605,0.00048929475,0.000611124025,2015-08-09
"immune_prop",33,0.000338427475,0.00044343875,0.000508513,0.0005824825,0.000720473525,2015-08-16
"immune_prop",34,0.000406052375,0.000532349,0.000611013,0.00069320625,0.000847467374999999,2015-08-23
"immune_prop",35,0.000480060675,0.0006373895,0.000729619,0.00082235975,0.00100575725,2015-08-30
"immune_prop",36,0.000572657775,0.000761932,0.0008692845,0.0009777235,0.0011860875,2015-09-06
"immune_prop",37,0.00068235325,0.00090732825,0.001031695,0.00116048,0.00139555625,2015-09-13
"immune_prop",38,0.000808737475,0.0010728025,0.001218505,0.0013629875,0.0016291755,2015-09-20
"immune_prop",39,0.000952847575,0.00125922,0.00142424,0.001592285,0.00189978725,2015-09-27
"immune_prop",40,0.0011132285,0.0014631125,0.001654665,0.00184386,0.00219886425,2015-10-04
"immune_prop",41,0.001293851,0.001690335,0.00191217,0.00212594,0.00252397125,2015-10-11
"immune_prop",42,0.001492014,0.001951795,0.00219302,0.0024507575,0.0029122665,2015-10-18
"immune_prop",43,0.001703216,0.0022355025,0.00251176,0.00280498,0.0033276725,2015-10-25
"immune_prop",44,0.001925146,0.002542785,0.00286384,0.003194675,0.00380315925,2015-11-01
"immune_prop",45,0.00216361525,0.0028945525,0.00325651,0.0036400625,0.004353274,2015-11-08
"immune_prop",46,0.00243512925,0.003277945,0.00369974,0.00413683,0.00497580575,2015-11-15
"immune_prop",47,0.00272159925,0.003714395,0.00420253,0.00470576,0.005684005,2015-11-22
"immune_prop",48,0.00309617125,0.0042123725,0.004774745,0.0053659675,0.0065195915,2015-11-29
"immune_prop",49,0.0035221705,0.004778015,0.00543644,0.00613941,0.00746109375,2015-12-06
"immune_prop",50,0.00400469825,0.0054614075,0.006236985,0.007065565,0.0086148135,2015-12-13
"immune_prop",51,0.0045773665,0.0062901825,0.007222555,0.0081816275,0.0100141025,2015-12-20
"immune_prop",52,0.0052652695,0.0072959225,0.008425265,0.009582595,0.0118048275,2015-12-27
"immune_prop",53,0.0060924785,0.008555775,0.009913915,0.0113308,0.014024115,2016-01-03
"immune_prop",54,0.0068829895,0.0097254925,0.0113416,0.012956375,0.01606672,2016-01-10
"immune_prop",55,0.0078605255,0.011160925,0.01301375,0.01499745,0.0185948175,2016-01-17
"immune_prop",56,0.00898421425,0.012773725,0.0149777,0.01725875,0.0214332025,2016-01-24
"immune_prop",57,0.0102989225,0.014673,0.0172733,0.0198556,0.0246413775,2016-01-31
"immune_prop",58,0.0118094975,0.016827225,0.0199241,0.0228989,0.02841481,2016-02-07
"immune_prop",59,0.0136591325,0.019408975,0.0229467,0.026449,0.0330691825,2016-02-14
"immune_prop",60,0.01565373,0.022375925,0.02656925,0.0305695,0.0385160925,2016-02-21
"immune_prop",61,0.0179571575,0.025759675,0.03072795,0.0352943,0.0446663025,2016-02-28
"immune_prop",62,0.0208567675,0.029558525,0.03528215,0.040652275,0.051491665,2016-03-06
"immune_prop",63,0.02356316,0.033828375,0.04032155,0.04639525,0.0585797,2016-03-13
"immune_prop",64,0.0267362775,0.038406625,0.04589355,0.052855675,0.0669365275,2016-03-20
"immune_prop",65,0.029848535,0.04348285,0.05180165,0.059801,0.0755515949999999,2016-03-27
"immune_prop",66,0.033388545,0.048796825,0.0580012,0.066818575,0.08434083,2016-04-03
"immune_prop",67,0.0368520825,0.054185175,0.0643427,0.07406935,0.0926940075,2016-04-10
"immune_prop",68,0.0405690575,0.059625475,0.0708339,0.081583075,0.1018869,2016-04-17
"immune_prop",69,0.0443098075,0.0649428,0.07719095,0.0887423,0.11107615,2016-04-24
"immune_prop",70,0.04799669,0.070004,0.08325515,0.095824625,0.119057175,2016-05-01
"immune_prop",71,0.05144363,0.0748896,0.08911515,0.10253125,0.1268587,2016-05-08
"immune_prop",72,0.0546806775,0.07943925,0.09451665,0.10903625,0.1343017,2016-05-15
"immune_prop",73,0.0577012175,0.08383735,0.0996393,0.115116,0.1414885,2016-05-22
"immune_prop",74,0.0603081325,0.087721975,0.104433,0.12056575,0.14830835,2016-05-29
"immune_prop",75,0.0626166625,0.0914534,0.1088105,0.12553325,0.15414775,2016-06-05
"immune_prop",76,0.06478421,0.09482485,0.112935,0.13005775,0.160070975,2016-06-12
"immune_prop",77,0.067174665,0.098027175,0.1167405,0.13432375,0.16552895,2016-06-19
"immune_prop",78,0.0695926525,0.10103375,0.1202605,0.1383005,0.170515775,2016-06-26
"immune_prop",79,0.0716024725,0.10399425,0.123547,0.14185375,0.174819625,2016-07-03
"immune_prop",80,0.0735446725,0.106477,0.126514,0.145136,0.178931425,2016-07-10
"immune_prop",81,0.0753155975,0.1087475,0.129217,0.1482225,0.182704375,2016-07-17
"immune_prop",82,0.076919155,0.11077325,0.131801,0.1509435,0.186235675,2016-07-24
"immune_prop",83,0.078361515,0.11267775,0.134137,0.153814,0.189317025,2016-07-31
"immune_prop",84,0.07964612,0.1145495,0.136211,0.15620775,0.191957125,2016-08-07
"immune_prop",85,0.0807791775,0.11621525,0.138144,0.15832425,0.19433165,2016-08-14
"immune_prop",86,0.0817673875,0.11767425,0.1397375,0.1602245,0.196453,2016-08-21
"immune_prop",87,0.0826211275,0.118915,0.141178,0.16192,0.1983383,2016-08-28
"immune_prop",88,0.083350245,0.120093,0.1425935,0.163352,0.1999482,2016-09-04
"immune_prop",89,0.083966495,0.12120075,0.1436405,0.164651,0.2012743,2016-09-11
"immune_prop",90,0.084482515,0.1220335,0.144534,0.165723,0.20239275,2016-09-18
"immune_prop",91,0.084911575,0.12272925,0.1452915,0.1665695,0.203326175,2016-09-25
"immune_prop",92,0.0852674675,0.12333975,0.1460265,0.16740725,0.204160175,2016-10-02
"immune_prop",93,0.085562995,0.123882,0.1466585,0.16809875,0.2050514,2016-10-09
"immune_prop",94,0.08580937,0.12424075,0.1471525,0.16872125,0.2058015,2016-10-16
"immune_prop",95,0.086015005,0.12454,0.1475725,0.169141,0.2064067,2016-10-23
"immune_prop",96,0.08618832,0.12480275,0.1479185,0.1695085,0.206845225,2016-10-30
"immune_prop",97,0.0863377325,0.12502425,0.148221,0.16981625,0.207228275,2016-11-06
"immune_prop",98,0.0864673675,0.125212,0.148483,0.170102,0.20756685,2016-11-13
"immune_prop",99,0.0865841375,0.12539425,0.1487135,0.17039825,0.20787215,2016-11-20
"immune_prop",100,0.08669056,0.1255955,0.148974,0.1706275,0.20815245,2016-11-27
"immune_prop",101,0.086812245,0.12584025,0.1492125,0.1708045,0.208418675,2016-12-04
"immune_prop",102,0.0869362625,0.12607575,0.1494385,0.170994,0.20867785,2016-12-11
"immune_prop",103,0.08706048,0.1263075,0.149661,0.171156,0.208934975,2016-12-18
"immune_prop",104,0.0871879825,0.1265205,0.149884,0.17131525,0.209196025,2016-12-25
"immune_prop",105,0.08732255,0.1266655,0.1501045,0.17147525,0.209467,2017-01-01
"immune_prop",106,0.0874570975,0.126823,0.15032,0.17165725,0.20975,2017-01-08
"immune_prop",107,0.08760222,0.12699675,0.15055,0.17188875,0.210049075,2017-01-15
"immune_prop",108,0.0877540425,0.127187,0.150797,0.17218575,0.210342675,2017-01-22
"immune_prop",109,0.0879184475,0.127415,0.151069,0.1725085,0.21071165,2017-01-29
"immune_prop",110,0.0880936025,0.127706,0.151357,0.1728545,0.21107615,2017-02-05
"immune_prop",111,0.088279545,0.12803725,0.1516605,0.17322475,0.211476475,2017-02-12
"immune_prop",112,0.088474965,0.128352,0.1519705,0.17357125,0.2119408,2017-02-19
"immune_prop",113,0.08868086,0.12870125,0.152311,0.173923,0.212436975,2017-02-26
"immune_prop",114,0.088894525,0.129061,0.1527465,0.174293,0.212958975,2017-03-05
"immune_prop",115,0.089109965,0.1294215,0.153134,0.174751,0.21349375,2017-03-12
"immune_prop",116,0.0893276675,0.1297835,0.153515,0.175234,0.21404225,2017-03-19
"immune_prop",117,0.08954254,0.130138,0.1538975,0.17568125,0.2145915,2017-03-26
"immune_prop",118,0.08975288,0.130483,0.1542545,0.17619725,0.215130175,2017-04-02
"immune_prop",119,0.0899559875,0.1308155,0.1545835,0.17670725,0.215561875,2017-04-09
"immune_prop",120,0.0901497625,0.131132,0.1549,0.177182,0.215975425,2017-04-16
"immune_prop",121,0.090331115,0.13142875,0.1552005,0.1776085,0.216361625,2017-04-23
"immune_prop",122,0.0905258975,0.13170725,0.1555085,0.17799125,0.216720775,2017-04-30
"immune_prop",123,0.0907271225,0.1319695,0.155791,0.178352,0.217053925,2017-05-07
"immune_prop",124,0.0909139025,0.1322155,0.156068,0.178682,0.21737175,2017-05-14
"immune_prop",125,0.0910873425,0.132443,0.156313,0.178978,0.2178108,2017-05-21
"immune_prop",126,0.0912494475,0.1326485,0.156547,0.17925225,0.218227925,2017-05-28
"immune_prop",127,0.0914032225,0.13289325,0.156841,0.179511,0.21862815,2017-06-04
"immune_prop",128,0.09154786,0.1330925,0.157141,0.17975475,0.2189125,2017-06-11
"immune_prop",129,0.09168607,0.13328275,0.157428,0.18001475,0.219182,2017-06-18
"immune_prop",130,0.09181915,0.13348525,0.157692,0.18027225,0.21944525,2017-06-25
"immune_prop",131,0.091947105,0.1336855,0.157947,0.18052025,0.21970035,2017-07-02
"immune_prop",132,0.09207334,0.1338865,0.158197,0.180764,0.2199552,2017-07-09
"immune_prop",133,0.0921962575,0.134096,0.1584395,0.181009,0.2202068,2017-07-16
"immune_prop",134,0.09231647,0.134301,0.158675,0.181242,0.220455175,2017-07-23
"immune_prop",135,0.0924340825,0.1345115,0.1589025,0.1814535,0.2207013,2017-07-30
"immune_prop",136,0.092548305,0.13471275,0.1591225,0.181659,0.2209422,2017-08-06
"immune_prop",137,0.0926586375,0.13489275,0.159333,0.1818635,0.22117615,2017-08-13
"immune_prop",138,0.092764885,0.13507275,0.1595345,0.18206775,0.22140375,2017-08-20
"immune_prop",139,0.09286504,0.1352455,0.159738,0.18228425,0.2216203,2017-08-27
"immune_prop",140,0.0929594,0.1354095,0.159942,0.18249025,0.22182685,2017-09-03
"immune_prop",141,0.093046545,0.13556175,0.1601335,0.18266425,0.222019425,2017-09-10
"immune_prop",142,0.09312406,0.13569125,0.160308,0.18287675,0.222192025,2017-09-17
"immune_prop",143,0.0931925275,0.13578825,0.1604675,0.183054,0.2223467,2017-09-24
"immune_prop",144,0.09325292,0.135876,0.160625,0.18320775,0.222484425,2017-10-01
"immune_prop",145,0.0933048275,0.13595325,0.1607695,0.1833465,0.222605175,2017-10-08
"immune_prop",146,0.093351125,0.1360295,0.1609035,0.18347525,0.222715,2017-10-15
"immune_prop",147,0.0934032975,0.1360935,0.1610095,0.18358425,0.2228292,2017-10-22
"immune_prop",148,0.093463545,0.13614975,0.1611045,0.18368325,0.22294905,2017-10-29
"immune_prop",149,0.0935184275,0.1361995,0.1611905,0.18377175,0.223059925,2017-11-05
"immune_prop",150,0.09356614,0.1362395,0.1612555,0.18384175,0.22315685,2017-11-12
"immune_prop",151,0.0936101875,0.13627625,0.161301,0.18390775,0.223247825,2017-11-19
"immune_prop",152,0.093649665,0.13631,0.1613395,0.1839675,0.223330825,2017-11-26
"immune_prop",153,0.09368597,0.136341,0.161373,0.18402475,0.22340885,2017-12-03
"immune_prop",154,0.0937216975,0.13637175,0.161406,0.18408125,0.2234869,2017-12-10
"immune_prop",155,0.0937572425,0.1364035,0.1614395,0.1841345,0.223566975,2017-12-17
"immune_prop",156,0.0937921025,0.136434,0.1614715,0.18418225,0.22364705,2017-12-24
"immune_prop",157,0.0938277775,0.1364665,0.161516,0.184231,0.223731125,2017-12-31
"immune_prop",158,0.0938655625,0.136503,0.1615715,0.18429825,0.22382125,2018-01-07
"immune_prop",159,0.09391225,0.1365475,0.1616275,0.184374,0.223932075,2018-01-14
"immune_prop",160,0.093964115,0.13659975,0.1616865,0.18445375,0.22401115,2018-01-21
"immune_prop",161,0.0940250125,0.136693,0.161757,0.1845465,0.22409945,2018-01-28
"immune_prop",162,0.09409574,0.1368035,0.161841,0.184653,0.224203825,2018-02-04
"immune_prop",163,0.0941760875,0.136929,0.1619385,0.184769,0.22432235,2018-02-11
"immune_prop",164,0.094272645,0.137073,0.1620595,0.1849205,0.224468125,2018-02-18
"immune_prop",165,0.0943779075,0.13722425,0.162195,0.18509775,0.224623125,2018-02-25
"immune_prop",166,0.094495675,0.13738825,0.162352,0.1852815,0.2247964,2018-03-04
"immune_prop",167,0.094625145,0.1375575,0.162528,0.18547975,0.224986925,2018-03-11
"immune_prop",168,0.09476513,0.13772025,0.1627245,0.1856945,0.225191725,2018-03-18
"immune_prop",169,0.0949132375,0.137894,0.1629315,0.18592175,0.225406825,2018-03-25
"immune_prop",170,0.09506958,0.13807925,0.163149,0.1861625,0.225635125,2018-04-01
"immune_prop",171,0.095226285,0.138258,0.1633645,0.18640075,0.225859625,2018-04-08
"immune_prop",172,0.095383865,0.13842575,0.163579,0.1866385,0.226084275,2018-04-15
"immune_prop",173,0.0955387425,0.138593,0.1637935,0.1868695,0.226299275,2018-04-22
"immune_prop",174,0.095690835,0.13875675,0.1640425,0.18709275,0.22650875,2018-04-29
"immune_prop",175,0.0958381575,0.13891325,0.1642905,0.187329,0.22670925,2018-05-06
"immune_prop",176,0.095979015,0.13906075,0.164525,0.187545,0.226898775,2018-05-13
"immune_prop",177,0.0961125225,0.13920775,0.1647445,0.18774375,0.227088025,2018-05-20
"immune_prop",178,0.09624088,0.139334,0.1649475,0.18793125,0.227282975,2018-05-27
"immune_prop",179,0.0963665125,0.13946425,0.165116,0.1881455,0.227473,2018-06-03
"immune_prop",180,0.0964846975,0.139574,0.165263,0.188352,0.227650025,2018-06-10
"immune_prop",181,0.09660029,0.13968025,0.165398,0.18852375,0.2278231,2018-06-17
"immune_prop",182,0.096711685,0.1397805,0.1655135,0.18866675,0.2279892,2018-06-24
"immune_prop",183,0.0968187775,0.139879,0.165623,0.188838,0.228148275,2018-07-01
"immune_prop",184,0.096902045,0.13997825,0.1657445,0.1889815,0.228306375,2018-07-08
"immune_prop",185,0.0969675325,0.1400715,0.1658585,0.1891195,0.228455475,2018-07-15
"immune_prop",186,0.097030735,0.14015975,0.165972,0.18925875,0.228603575,2018-07-22
"immune_prop",187,0.097089445,0.14024375,0.1660805,0.18939475,0.228745675,2018-07-29
"immune_prop",188,0.09714326,0.14032575,0.166185,0.18952,0.2288808,2018-08-05
"immune_prop",189,0.0971932725,0.1404075,0.1662865,0.189644,0.229009975,2018-08-12
"immune_prop",190,0.0972382775,0.14048725,0.1663835,0.18976325,0.229130225,2018-08-19
"immune_prop",191,0.0972780725,0.140564,0.166475,0.18986375,0.229241575,2018-08-26
"immune_prop",192,0.097312645,0.1406385,0.1665605,0.1899505,0.229342975,2018-09-02
"immune_prop",193,0.0973411925,0.140708,0.166637,0.19001675,0.229430525,2018-09-09
"immune_prop",194,0.0973650175,0.140774,0.1667065,0.19007425,0.229509175,2018-09-16
"immune_prop",195,0.09738231,0.14082975,0.1667555,0.19013475,0.229571925,2018-09-23
"immune_prop",196,0.0973951725,0.140872,0.1667965,0.1901995,0.2296248,2018-09-30
"immune_prop",197,0.0974032075,0.140907,0.166829,0.190247,0.22966675,2018-10-07
"immune_prop",198,0.0974088125,0.14093825,0.166858,0.1902745,0.2297018,2018-10-14
"immune_prop",199,0.0974091925,0.140961,0.1668765,0.190288,0.229724875,2018-10-21
"immune_prop",200,0.097406655,0.14097775,0.1668895,0.19029,0.22974005,2018-10-28
"immune_prop",201,0.097402595,0.14099125,0.1668995,0.19028875,0.22975125,2018-11-04
"immune_prop",202,0.097396625,0.14100075,0.166905,0.1902845,0.229758475,2018-11-11
"immune_prop",203,0.097388845,0.141007,0.166907,0.19027675,0.22976075,2018-11-18
"immune_prop",204,0.0973804575,0.141011,0.166907,0.19026725,0.229762025,2018-11-25
"immune_prop",205,0.0973725725,0.141015,0.1669075,0.1902595,0.2297653,2018-12-02
"immune_prop",206,0.09736309,0.1410165,0.166905,0.1902485,0.22976655,2018-12-09
"immune_prop",207,0.0973552175,0.1410195,0.1669055,0.19024075,0.2297728,2018-12-16
"immune_prop",208,0.097346155,0.1410195,0.1669035,0.19023375,0.22977705,2018-12-23
"immune_prop",209,0.097338915,0.14102325,0.1669055,0.19023825,0.22978925,2018-12-30
"immune_prop",210,0.0973332025,0.141028,0.166911,0.190245,0.2298074,2019-01-06
"immune_prop",211,0.0973311425,0.1410405,0.1669355,0.19026425,0.229841625,2019-01-13
"immune_prop",212,0.0973326325,0.14106,0.166971,0.19029175,0.229889775,2019-01-20
"immune_prop",213,0.09733879,0.14108775,0.1670185,0.1903335,0.2299569,2019-01-27
"immune_prop",214,0.0973524375,0.14113025,0.1670825,0.19039625,0.23005,2019-02-03
"immune_prop",215,0.09737289,0.14118675,0.167172,0.19047825,0.230168025,2019-02-10
"immune_prop",216,0.097401365,0.14125825,0.1672855,0.1905845,0.230313325,2019-02-17
"immune_prop",217,0.09744008,0.14134975,0.1674045,0.19070625,0.230492275,2019-02-24
"immune_prop",218,0.0974896525,0.141462,0.1675615,0.19085675,0.230706075,2019-03-03
"immune_prop",219,0.09755299,0.14160025,0.16775,0.19104225,0.2308762,2019-03-10
"immune_prop",220,0.097627295,0.14175825,0.1679635,0.19125875,0.231074475,2019-03-17
"immune_prop",221,0.09771276,0.141938,0.168202,0.1915075,0.23130275,2019-03-24
"immune_prop",222,0.097810275,0.142138,0.168464,0.1917855,0.231563925,2019-03-31
"immune_prop",223,0.09792022,0.14236,0.1687075,0.19209625,0.23185795,2019-04-07
"immune_prop",224,0.098038865,0.14259525,0.1689785,0.192414,0.232195275,2019-04-14
"immune_prop",225,0.098165085,0.142843,0.1692465,0.19273225,0.232580675,2019-04-21
"immune_prop",226,0.0982958525,0.1431025,0.169521,0.1930975,0.23297105,2019-04-28
"immune_prop",227,0.0984310425,0.1433935,0.1698175,0.193539,0.23336445,2019-05-05
"immune_prop",228,0.09856814,0.14368375,0.1701205,0.19397875,0.2337539,2019-05-12
"immune_prop",229,0.0988236125,0.14400425,0.1704275,0.194413,0.2341384,2019-05-19
"immune_prop",230,0.099106805,0.14438125,0.1708075,0.194864,0.234519025,2019-05-26
"immune_prop",231,0.0993896925,0.144759,0.1710905,0.19528925,0.23489275,2019-06-02
"immune_prop",232,0.099669805,0.14502375,0.171375,0.19565525,0.23525765,2019-06-09
"immune_prop",233,0.09994786,0.14528075,0.171688,0.19598725,0.235616725,2019-06-16
"immune_prop",234,0.1002235675,0.14553675,0.172006,0.1963105,0.235971975,2019-06-23
"immune_prop",235,0.1004932,0.14579,0.172312,0.19660925,0.236321425,2019-06-30
"immune_prop",236,0.100758875,0.14604225,0.1726165,0.19690525,0.23666425,2019-07-07
"immune_prop",237,0.1010177,0.14630025,0.1729215,0.1972625,0.237003375,2019-07-14
"immune_prop",238,0.101269675,0.1465815,0.1732265,0.19758075,0.2374105,2019-07-21
"immune_prop",239,0.101512775,0.1468715,0.1735305,0.197879,0.237825125,2019-07-28
"immune_prop",240,0.10174605,0.147155,0.1738355,0.19818525,0.23823265,2019-08-04
"immune_prop",241,0.101966475,0.147476,0.174126,0.19854525,0.238630025,2019-08-11
"immune_prop",242,0.102172075,0.14774625,0.1744515,0.19889,0.239012425,2019-08-18
"immune_prop",243,0.1023628,0.14797475,0.174762,0.1992225,0.23937885,2019-08-25
"immune_prop",244,0.102536675,0.14821525,0.175038,0.199541,0.23972435,2019-09-01
"immune_prop",245,0.1026917,0.148415,0.175292,0.199841,0.24004305,2019-09-08
"immune_prop",246,0.1028298,0.14860025,0.175527,0.200116,0.240337825,2019-09-15
"immune_prop",247,0.102949975,0.14877375,0.175741,0.20036,0.240604875,2019-09-22
"immune_prop",248,0.1030552,0.148941,0.1759365,0.20059675,0.240847875,2019-09-29
"immune_prop",249,0.103147475,0.14909575,0.176114,0.2008055,0.241067825,2019-10-06
"immune_prop",250,0.10322775,0.149238,0.176268,0.20099125,0.2412667,2019-10-13
"immune_prop",251,0.10329805,0.14936975,0.1763935,0.201158,0.2414465,2019-10-20
"immune_prop",252,0.103359375,0.14949175,0.1765085,0.20130875,0.2416249,2019-10-27
"immune_prop",253,0.1034137,0.14960425,0.176618,0.201445,0.241798025,2019-11-03
"immune_prop",254,0.103463975,0.14971025,0.1767375,0.2015865,0.241964075,2019-11-10
"immune_prop",255,0.103511275,0.14981175,0.176852,0.20171925,0.242128,2019-11-17
"immune_prop",256,0.103555575,0.14990975,0.1769645,0.20189925,0.242291875,2019-11-24
"immune_prop",257,0.10360085,0.15000775,0.1770775,0.20209225,0.24246065,2019-12-01
"immune_prop",258,0.10365015,0.15011225,0.177183,0.20222125,0.2426444,2019-12-08
"immune_prop",259,0.1037034,0.150219,0.177276,0.20235075,0.2428401,2019-12-15
"immune_prop",260,0.1037617,0.150332,0.1774215,0.20249,0.2430538,2019-12-22
"immune_prop",261,0.103831975,0.15046175,0.1776145,0.202679,0.243301525,2019-12-29
"immune_prop",262,0.103918225,0.15060875,0.1778095,0.20289175,0.2435883,2020-01-05
"immune_prop",263,0.10400955,0.15076675,0.1780095,0.2031165,0.24389715,2020-01-12
"immune_prop",264,0.104120925,0.15095175,0.178247,0.2034005,0.24425815,2020-01-19
"immune_prop",265,0.10425335,0.151181,0.178524,0.20373825,0.24467145,2020-01-26
"immune_prop",266,0.104412825,0.15146125,0.1788625,0.20413375,0.2451454,2020-02-02
"immune_prop",267,0.1046014,0.1517865,0.179269,0.204593,0.245681875,2020-02-09
"immune_prop",268,0.104824075,0.15216325,0.179751,0.20510375,0.246227575,2020-02-16
"immune_prop",269,0.10508485,0.152598,0.180255,0.2056765,0.2468227,2020-02-23
"immune_prop",270,0.1053898,0.15309925,0.1808495,0.206218,0.24757875,2020-03-01
"immune_prop",271,0.1057329,0.1537295,0.181501,0.20689175,0.248542075,2020-03-08
"immune_prop",272,0.106116125,0.1544595,0.182205,0.20763775,0.2494375,2020-03-15
"immune_prop",273,0.106540525,0.1550315,0.1829265,0.2085065,0.250469825,2020-03-22
"immune_prop",274,0.107001,0.15566375,0.183761,0.20948875,0.251548925,2020-03-29
"immune_prop",275,0.107517275,0.1563855,0.184613,0.21046375,0.25268495,2020-04-05
"immune_prop",276,0.10827225,0.15705275,0.185458,0.2114645,0.253768975,2020-04-12
"immune_prop",277,0.1090446,0.1577565,0.186451,0.212486,0.25489405,2020-04-19
"immune_prop",278,0.1098211,0.15850825,0.1873785,0.213473,0.2563037,2020-04-26
"immune_prop",279,0.110586975,0.15919925,0.188304,0.214673,0.25780445,2020-05-03
"immune_prop",280,0.1113274,0.15989475,0.189217,0.21578875,0.2591993,2020-05-10
"immune_prop",281,0.112039425,0.16060825,0.190082,0.21678325,0.2603323,2020-05-17
"immune_prop",282,0.11259435,0.16144325,0.1910215,0.2177975,0.261565225,2020-05-24
"immune_prop",283,0.113023275,0.1621095,0.1919505,0.21886625,0.262751475,2020-05-31
"immune_prop",284,0.11344715,0.162773,0.192844,0.2200195,0.263898,2020-06-07
"immune_prop",285,0.1138709,0.163398,0.1937195,0.22097175,0.265007275,2020-06-14
"immune_prop",286,0.114294475,0.16407025,0.194568,0.221864,0.26609645,2020-06-21
"immune_prop",287,0.114721825,0.1647725,0.1953595,0.2228535,0.2671745,2020-06-28
"immune_prop",288,0.11515295,0.165456,0.19618,0.22382925,0.2682455,2020-07-05
"immune_prop",289,0.115590775,0.16611875,0.1970185,0.224645,0.2693134,2020-07-12
"immune_prop",290,0.11608575,0.16676075,0.197796,0.22540675,0.270383175,2020-07-19
"immune_prop",291,0.116621625,0.16744025,0.198555,0.22624925,0.271448175,2020-07-26
"immune_prop",292,0.117149875,0.16817475,0.199337,0.2271245,0.272498775,2020-08-02
"immune_prop",293,0.1176626,0.168839,0.2001245,0.22796925,0.2735247,2020-08-09
"immune_prop",294,0.118159675,0.16945625,0.2009085,0.22877925,0.2745493,2020-08-16
"immune_prop",295,0.118634175,0.17009875,0.201719,0.22966225,0.275661325,2020-08-23
"immune_prop",296,0.11908305,0.1707235,0.202503,0.23050825,0.276653325,2020-08-30
"immune_prop",297,0.119503175,0.171451,0.2032385,0.231306,0.27759775,2020-09-06
"immune_prop",298,0.1198916,0.17208,0.203901,0.232035,0.278492625,2020-09-13
"immune_prop",299,0.1202462,0.1726805,0.20448,0.23268575,0.279325,2020-09-20
"immune_prop",300,0.1205689,0.173173,0.2050555,0.23328375,0.280095225,2020-09-27
"immune_prop",301,0.120861675,0.173629,0.205603,0.23382325,0.280805275,2020-10-04
"immune_prop",302,0.121125475,0.174052,0.206105,0.23431875,0.281323775,2020-10-11
"immune_prop",303,0.121365275,0.1744455,0.2065725,0.23479375,0.281782525,2020-10-18
"immune_prop",304,0.12158105,0.1747985,0.2070645,0.23525975,0.282206,2020-10-25
"immune_prop",305,0.121777825,0.17509025,0.207467,0.235699,0.2826002,2020-11-01
"immune_prop",306,0.1219615,0.17535875,0.2077955,0.23604,0.2829742,2020-11-08
"immune_prop",307,0.1221332,0.17560925,0.208103,0.2363835,0.28333105,2020-11-15
"immune_prop",308,0.12229685,0.17584575,0.208393,0.23671575,0.283676775,2020-11-22
"immune_prop",309,0.1224775,0.17607675,0.208655,0.237045,0.284021425,2020-11-29
"immune_prop",310,0.122664875,0.1763095,0.208935,0.237395,0.28440415,2020-12-06
"immune_prop",311,0.122858225,0.176563,0.2092995,0.23777825,0.284757825,2020-12-13
"immune_prop",312,0.12306225,0.176829,0.209601,0.23816125,0.28512265,2020-12-20
"immune_prop",313,0.123283825,0.17709975,0.2098935,0.23860425,0.28559585,2020-12-27
"immune_prop",314,0.123528475,0.17738875,0.2102125,0.2390465,0.286111625,2021-01-03
"immune_prop",315,0.123871775,0.177815,0.2106875,0.23964425,0.2866834,2021-01-10
"immune_prop",316,0.124308875,0.1783585,0.211394,0.24036275,0.28753,2021-01-17
"immune_prop",317,0.12486985,0.1790015,0.2122665,0.24136425,0.288659175,2021-01-24
"immune_prop",318,0.12558865,0.17985525,0.21339,0.242866,0.290130575,2021-01-31
"immune_prop",319,0.126504575,0.18090025,0.2149125,0.244681,0.2920415,2021-02-07
"immune_prop",320,0.127461175,0.182315,0.216591,0.2465285,0.294324675,2021-02-14
"immune_prop",321,0.128915625,0.18435625,0.218762,0.24929,0.29766935,2021-02-21
"immune_prop",322,0.131067575,0.186947,0.2215845,0.25285125,0.30163405,2021-02-28
"immune_prop",323,0.13318385,0.18992125,0.2253175,0.25717925,0.30653735,2021-03-07
"immune_prop",324,0.135933675,0.19371,0.22986,0.2625265,0.312435875,2021-03-14
"immune_prop",325,0.139326075,0.19796025,0.2353895,0.26890675,0.319757625,2021-03-21
"immune_prop",326,0.143297425,0.20296325,0.2418285,0.27649475,0.32833805,2021-03-28
"immune_prop",327,0.1478097,0.2088775,0.2489205,0.2848225,0.3378555,2021-04-04
"immune_prop",328,0.153329075,0.21608675,0.256474,0.29368425,0.34932925,2021-04-11
"immune_prop",329,0.1594525,0.223431,0.2652495,0.30366425,0.36040415,2021-04-18
"immune_prop",330,0.1642052,0.23164075,0.274507,0.313937,0.37207615,2021-04-25
"immune_prop",331,0.169570325,0.23961025,0.284157,0.3243295,0.38408125,2021-05-02
"immune_prop",332,0.17549485,0.24773725,0.29396,0.3357385,0.395653775,2021-05-09
"immune_prop",333,0.181266025,0.2559955,0.303115,0.346754,0.4075342,2021-05-16
"immune_prop",334,0.18674835,0.2642355,0.3125025,0.3572015,0.4193232,2021-05-23
"immune_prop",335,0.192388325,0.2721495,0.3215235,0.36786425,0.43093345,2021-05-30
"immune_prop",336,0.197783575,0.27975925,0.330262,0.37855075,0.4418556,2021-06-06
"immune_prop",337,0.202828725,0.2873115,0.338906,0.3874565,0.4521069,2021-06-13
"immune_prop",338,0.2075991,0.2945445,0.3470995,0.39662075,0.4627564,2021-06-20
"immune_prop",339,0.212213675,0.30151425,0.354464,0.405028,0.47254935,2021-06-27
"immune_prop",340,0.216651025,0.30738675,0.361345,0.4131325,0.481285525,2021-07-04
"immune_prop",341,0.22045285,0.312793,0.367707,0.4206675,0.489595725,2021-07-11
"immune_prop",342,0.223695725,0.31813225,0.373578,0.42744675,0.49731045,2021-07-18
"immune_prop",343,0.226933175,0.3226765,0.3793165,0.434355,0.50503865,2021-07-25
"immune_prop",344,0.2298546,0.326642,0.384379,0.4400915,0.5122219,2021-08-01
"immune_prop",345,0.232469125,0.3304325,0.3888895,0.445344,0.51911705,2021-08-08
"immune_prop",346,0.2347748,0.3337275,0.392672,0.4499415,0.524292825,2021-08-15
"immune_prop",347,0.2368599,0.33650775,0.3962875,0.454019,0.529776425,2021-08-22
"immune_prop",348,0.238886675,0.33921525,0.399525,0.457513,0.534450475,2021-08-29
"immune_prop",349,0.2405465,0.34140525,0.4019435,0.460589,0.538282375,2021-09-05
"immune_prop",350,0.24194675,0.34330025,0.4043385,0.463287,0.5415455,2021-09-12
"immune_prop",351,0.243111575,0.3449385,0.4063805,0.4653965,0.54460695,2021-09-19
"immune_prop",352,0.244073975,0.34633875,0.4080705,0.4674585,0.547342275,2021-09-26
"immune_prop",353,0.244868875,0.34748325,0.409503,0.468933,0.5496456,2021-10-03
"immune_prop",354,0.245526125,0.34846375,0.410638,0.47017225,0.551573775,2021-10-10
"immune_prop",355,0.246074025,0.349254,0.411616,0.47129875,0.5531848,2021-10-17
"immune_prop",356,0.24653315,0.3500185,0.412424,0.472308,0.554526625,2021-10-24
"immune_prop",357,0.246922125,0.35061725,0.4131015,0.47314475,0.55564825,2021-10-31
"immune_prop",358,0.24725595,0.351163,0.413645,0.473864,0.55658575,2021-11-07
"immune_prop",359,0.247552625,0.35164475,0.414126,0.474483,0.557383225,2021-11-14
"immune_prop",360,0.2478232,0.35207725,0.4146425,0.475037,0.55806665,2021-11-21
"immune_prop",361,0.2480767,0.352475,0.4151225,0.4755105,0.5586601,2021-11-28
"immune_prop",362,0.248324125,0.35287125,0.41553,0.475911,0.5591876,2021-12-05
"immune_prop",363,0.248575475,0.353269,0.415911,0.4763075,0.559664175,2021-12-12
"immune_prop",364,0.24883785,0.353671,0.4162565,0.476692,0.560102725,2021-12-19
"immune_prop",365,0.2491272,0.354063,0.4165945,0.477066,0.560526475,2021-12-26
"immune_prop",366,0.24945255,0.35441225,0.416917,0.4775775,0.560939575,2022-01-02
"immune_prop",367,0.2498546,0.35490075,0.4173795,0.478228,0.56164905,2022-01-09
"immune_prop",368,0.25033955,0.355493,0.4179555,0.47887225,0.562445725,2022-01-16
"immune_prop",369,0.250944175,0.35620775,0.4189715,0.4797105,0.5634973,2022-01-23
"immune_prop",370,0.2516994,0.35721575,0.4200635,0.4809075,0.564836675,2022-01-30
"immune_prop",371,0.2526471,0.35855225,0.421445,0.4825015,0.56654895,2022-02-06
"immune_prop",372,0.253814475,0.3600245,0.423321,0.48459375,0.56872015,2022-02-13
"immune_prop",373,0.255121725,0.36178375,0.4254905,0.487082,0.571450175,2022-02-20
"immune_prop",374,0.256682,0.364149,0.4281515,0.489833,0.574648175,2022-02-27
"immune_prop",375,0.258511975,0.3667155,0.4311795,0.4929945,0.57842995,2022-03-06
"immune_prop",376,0.260597925,0.369884,0.4348785,0.49713125,0.582958225,2022-03-13
"immune_prop",377,0.26291905,0.37345875,0.4392535,0.50202375,0.588263075,2022-03-20
"immune_prop",378,0.2654382,0.3779725,0.4444785,0.507107,0.5948202,2022-03-27
"immune_prop",379,0.2681025,0.382609,0.450084,0.5129815,0.601755125,2022-04-03
"immune_prop",380,0.27143905,0.38737,0.4561265,0.5199835,0.6088699,2022-04-10
"immune_prop",381,0.275425875,0.39271825,0.462261,0.5267135,0.6163349,2022-04-17
"immune_prop",382,0.280924025,0.39840475,0.4685835,0.5337645,0.624098699999999,2022-04-24
"immune_prop",383,0.2858392,0.40352,0.4743795,0.54040275,0.6317885,2022-05-01
"immune_prop",384,0.2899121,0.40844925,0.4801025,0.547468,0.639285725,2022-05-08
"immune_prop",385,0.2938832,0.41348925,0.4863805,0.55410725,0.64653405,2022-05-15
"immune_prop",386,0.297689825,0.41814325,0.4924065,0.56013325,0.653848375,2022-05-22
"immune_prop",387,0.300976475,0.422591,0.497975,0.565567,0.660788325,2022-05-29
"immune_prop",388,0.304050675,0.426541,0.5029615,0.571052,0.667292575,2022-06-05
"immune_prop",389,0.30691005,0.43016075,0.507387,0.5761505,0.6729453,2022-06-12
"immune_prop",390,0.30921295,0.43376525,0.511299,0.58079375,0.677877525,2022-06-19
"immune_prop",391,0.311320075,0.4369535,0.514938,0.5844765,0.6821839,2022-06-26
"immune_prop",392,0.313228375,0.4401635,0.517979,0.5877795,0.6860059,2022-07-03
"immune_prop",393,0.31502105,0.4428505,0.52085,0.5908355,0.68940095,2022-07-10
"immune_prop",394,0.31700815,0.44509575,0.5235765,0.59347725,0.692393475,2022-07-17
"immune_prop",395,0.318753875,0.447055,0.5261325,0.59591225,0.694995475,2022-07-24
"immune_prop",396,0.320156975,0.44876475,0.528072,0.59789625,0.697528025,2022-07-31
"immune_prop",397,0.321135825,0.45023225,0.529588,0.59985025,0.700108275,2022-08-07
"immune_prop",398,0.3219833,0.451476,0.5309435,0.60135075,0.701818575,2022-08-14
"immune_prop",399,0.32276345,0.45256525,0.532109,0.60240375,0.70286495,2022-08-21
"immune_prop",400,0.323309975,0.4534625,0.533112,0.603495,0.704229125,2022-08-28
"immune_prop",401,0.323808325,0.45416225,0.5339545,0.60440975,0.7053554,2022-09-04
"immune_prop",402,0.324223125,0.454752,0.534662,0.605128,0.706282775,2022-09-11
"immune_prop",403,0.324555075,0.45521775,0.535213,0.60566475,0.707020175,2022-09-18
"immune_prop",404,0.32482055,0.455594,0.535594,0.6060955,0.7076096,2022-09-25
"immune_prop",405,0.325030725,0.45589775,0.535894,0.606437,0.70807205,2022-10-02
"immune_prop",406,0.3251947,0.456118,0.5361265,0.606705,0.70842855,2022-10-09
"immune_prop",407,0.32532155,0.4562755,0.5363055,0.60691475,0.70870105,2022-10-16
"immune_prop",408,0.325412325,0.45638725,0.536429,0.6070645,0.708889625,2022-10-23
"immune_prop",409,0.325480075,0.45647,0.536569,0.60717625,0.709023225,2022-10-30
"immune_prop",410,0.325523825,0.45652075,0.536667,0.6072495,0.70910385,2022-11-06
"immune_prop",411,0.32555355,0.4565495,0.536736,0.60729725,0.70914755,2022-11-13
"immune_prop",412,0.325573325,0.4565655,0.536787,0.6073285,0.7091663,2022-11-20
"immune_prop",413,0.3255811,0.456563,0.536815,0.607337,0.709155075,2022-11-27
"immune_prop",414,0.325586875,0.456557,0.536837,0.60734075,0.7091339,2022-12-04
"immune_prop",415,0.3255867,0.4565415,0.536848,0.60733425,0.7090948,2022-12-11
"immune_prop",416,0.325588475,0.45652425,0.5368575,0.6073255,0.709049725,2022-12-18
"immune_prop",417,0.3255903,0.456506,0.5368665,0.6073155,0.708996725,2022-12-25
"immune_prop",418,0.325602125,0.45649675,0.536887,0.60731725,0.708950775,2023-01-01
"immune_prop",419,0.325615975,0.45649425,0.5369165,0.607335,0.7089269,2023-01-08
"immune_prop",420,0.3256378,0.45649975,0.5369565,0.6073625,0.7089111,2023-01-15
"immune_prop",421,0.32566765,0.4565165,0.53701,0.607409,0.708912425,2023-01-22
"immune_prop",422,0.3257075,0.4565465,0.537081,0.60747575,0.7089359,2023-01-29
"immune_prop",423,0.325754325,0.45659725,0.537163,0.60755575,0.70897055,2023-02-05
"immune_prop",424,0.325816125,0.456706,0.537268,0.607665,0.7090364,2023-02-12
"immune_prop",425,0.325887925,0.456802,0.537391,0.60779575,0.70912645,2023-02-19
"immune_prop",426,0.32597665,0.45688925,0.537541,0.60796025,0.7092527,2023-02-26
"immune_prop",427,0.32606935,0.45698125,0.5376995,0.6081445,0.70939215,2023-03-05
"immune_prop",428,0.326175025,0.4570935,0.5378905,0.608363,0.709567725,2023-03-12
"immune_prop",429,0.326290625,0.457237,0.5380965,0.60858475,0.7098357,2023-03-19
"immune_prop",430,0.326412225,0.45739425,0.538308,0.608812,0.7101228,2023-03-26
"immune_prop",431,0.3265358,0.45756475,0.5385465,0.60905525,0.710419975,2023-04-02
"immune_prop",432,0.3266564,0.45775475,0.538801,0.6093115,0.7107142,2023-04-09
"immune_prop",433,0.326769025,0.4579385,0.539042,0.6095635,0.710995425,2023-04-16
"immune_prop",434,0.3268757,0.45811975,0.539274,0.609815,0.71126565,2023-04-23
"immune_prop",435,0.326978425,0.45830175,0.539498,0.610068,0.711530825,2023-04-30
"immune_prop",436,0.3270752,0.4584865,0.5397085,0.6103155,0.71178,2023-05-07
"immune_prop",437,0.327158075,0.4586525,0.5398935,0.61053425,0.712008875,2023-05-14
"immune_prop",438,0.327231025,0.458805,0.5400595,0.61070075,0.712265475,2023-05-21
"immune_prop",439,0.327301025,0.458951,0.5402165,0.6108605,0.712521825,2023-05-28
"immune_prop",440,0.3273651,0.4590875,0.5403615,0.6110355,0.71277195,2023-06-04
"immune_prop",441,0.3274287,0.45922,0.540501,0.61126425,0.71302195,2023-06-11
"immune_prop",442,0.32748535,0.45934175,0.540627,0.61147675,0.71325885,2023-06-18
"immune_prop",443,0.32754195,0.45945875,0.5407505,0.6116815,0.7134947,2023-06-25
"immune_prop",444,0.327595575,0.45956775,0.5408685,0.61186925,0.71372255,2023-07-02
"immune_prop",445,0.32765115,0.45969075,0.540989,0.61205825,0.7139495,2023-07-09
"immune_prop",446,0.3277097,0.45980325,0.541114,0.61222275,0.7141785,2023-07-16
"immune_prop",447,0.327775175,0.459908,0.541248,0.612391,0.71441065,2023-07-23
"immune_prop",448,0.32784065,0.4600395,0.5413855,0.612546,0.714635025,2023-07-30
"immune_prop",449,0.327911025,0.460185,0.5415305,0.612708,0.714802525,2023-08-06
"immune_prop",450,0.32798235,0.46032675,0.5416785,0.61287,0.71496685,2023-08-13
"immune_prop",451,0.3280546,0.460462,0.5418295,0.613025,0.71512705,2023-08-20
"immune_prop",452,0.328124825,0.46059,0.541979,0.61315,0.715279075,2023-08-27
"immune_prop",453,0.32819395,0.4607095,0.5421275,0.6132645,0.715422025,2023-09-03
"immune_prop",454,0.328263025,0.4608215,0.5422755,0.61337425,0.71555895,2023-09-10
"immune_prop",455,0.3283171,0.460907,0.5424005,0.61345275,0.715658875,2023-09-17
"immune_prop",456,0.328369125,0.46098425,0.542522,0.61352675,0.71574985,2023-09-24
"immune_prop",457,0.32841415,0.461049,0.5426145,0.61358875,0.7158239,2023-10-01
"immune_prop",458,0.32845515,0.461115,0.5426995,0.6136435,0.71588605,2023-10-08
"immune_prop",459,0.32848715,0.4611725,0.5427695,0.61366175,0.7159283,2023-10-15
"immune_prop",460,0.328514175,0.461237,0.5428195,0.6136755,0.715959675,2023-10-22
"immune_prop",461,0.328531225,0.461287,0.5428445,0.61367625,0.715970175,2023-10-29
"immune_prop",462,0.3285403,0.461324,0.5428575,0.61366625,0.71596575,2023-11-05
"immune_prop",463,0.3285474,0.46135825,0.5428705,0.61365725,0.715958425,2023-11-12
"immune_prop",464,0.3285495,0.4613675,0.5428775,0.61364275,0.7159422,2023-11-19
"immune_prop",465,0.328547625,0.46136325,0.5428785,0.61362275,0.71591805,2023-11-26
"immune_prop",466,0.328547775,0.4613645,0.5428875,0.613612,0.715903975,2023-12-03
"immune_prop",467,0.32854395,0.46136025,0.5428895,0.61359525,0.715881975,2023-12-10
"immune_prop",468,0.328539175,0.461357,0.5428925,0.61357925,0.715861075,2023-12-17
"immune_prop",469,0.3285374,0.46135825,0.542901,0.61357025,0.71584925,2023-12-24
"immune_prop",470,0.32854065,0.461369,0.54292,0.61357075,0.715853425,2023-12-31
"immune_prop",471,0.328546975,0.46138775,0.542946,0.613602,0.7158697,2024-01-07
"immune_prop",472,0.32856335,0.4614185,0.5429875,0.6136815,0.715911375,2024-01-14
"immune_prop",473,0.328590825,0.4614695,0.5430475,0.61379325,0.71598715,2024-01-21
"immune_prop",474,0.328653575,0.4615485,0.5431295,0.6139505,0.7161131,2024-01-28
"immune_prop",475,0.32874585,0.461656,0.543241,0.614153,0.716291175,2024-02-04
"immune_prop",476,0.328864975,0.46179675,0.543384,0.61440325,0.71652925,2024-02-11
"immune_prop",477,0.3290269,0.461992,0.543584,0.61472475,0.7168613,2024-02-18
"immune_prop",478,0.3292156,0.46221375,0.543813,0.615068,0.717253175,2024-02-25
"immune_prop",479,0.3294451,0.46248075,0.5440935,0.615362,0.71773585,2024-03-03
"immune_prop",480,0.329713325,0.462768,0.544422,0.61570275,0.718301275,2024-03-10
"immune_prop",481,0.330022325,0.46311025,0.544802,0.61609775,0.718950525,2024-03-17
"immune_prop",482,0.33036605,0.46349125,0.545222,0.61661975,0.719665625,2024-03-24
"immune_prop",483,0.330747575,0.46391575,0.5456935,0.61716425,0.72045175,2024-03-31
"immune_prop",484,0.331144875,0.464375,0.5462625,0.617681,0.721255075,2024-04-07
"immune_prop",485,0.33156305,0.46484725,0.546889,0.6183485,0.72208475,2024-04-14
"immune_prop",486,0.3319724,0.4653185,0.547487,0.61896875,0.722899475,2024-04-21
"immune_prop",487,0.33217405,0.46579375,0.548072,0.61958575,0.7236951,2024-04-28
"immune_prop",488,0.332370725,0.46626825,0.5486565,0.62016175,0.72446205,2024-05-05
"immune_prop",489,0.332557225,0.466779,0.5492235,0.6206945,0.72517825,2024-05-12
"immune_prop",490,0.332742575,0.46734075,0.549809,0.621211,0.72586065,2024-05-19
"immune_prop",491,0.3329197,0.46771225,0.5503785,0.6217135,0.726492225,2024-05-26
"immune_prop",492,0.333096475,0.46808575,0.550965,0.6222585,0.727087875,2024-06-02
"immune_prop",493,0.3332664,0.46839675,0.5514555,0.62277725,0.72763655,2024-06-09
"immune_prop",494,0.33343205,0.468755,0.5519845,0.62330075,0.728145225,2024-06-16
"immune_prop",495,0.333611575,0.46910825,0.552489,0.623801,0.7286209,2024-06-23
"immune_prop",496,0.333857475,0.46945625,0.552972,0.62428275,0.729078525,2024-06-30
"immune_prop",497,0.33408865,0.469817,0.5534075,0.62472975,0.72950305,2024-07-07
"immune_prop",498,0.3343101,0.470146,0.5538135,0.62513225,0.72990755,2024-07-14
"immune_prop",499,0.3345218,0.470505,0.554187,0.6254955,0.73029395,2024-07-21
"immune_prop",500,0.334724725,0.470818,0.554531,0.625816,0.730664325,2024-07-28
"immune_prop",501,0.334913825,0.471131,0.5548375,0.626109,0.731007675,2024-08-04
"immune_prop",502,0.335093175,0.47139725,0.5551145,0.6263825,0.73133205,2024-08-11
"immune_prop",503,0.335253875,0.471586,0.555353,0.62662425,0.731622425,2024-08-18
"immune_prop",504,0.335401625,0.471759,0.5555595,0.6268425,0.731884875,2024-08-25
"immune_prop",505,0.3355335,0.471914,0.5557365,0.62703475,0.732118375,2024-09-01
"immune_prop",506,0.335651425,0.47205325,0.555888,0.6272065,0.73232595,2024-09-08
"immune_prop",507,0.3357474,0.47216425,0.5560015,0.627342,0.73248665,2024-09-15
"immune_prop",508,0.335825425,0.47225225,0.556087,0.62744875,0.732610425,2024-09-22
"immune_prop",509,0.335893475,0.4723285,0.556159,0.62754425,0.7327153,2024-09-29
"immune_prop",510,0.335951525,0.47239175,0.556216,0.627625,0.732799225,2024-10-06
"immune_prop",511,0.335992575,0.47243025,0.5562485,0.627679,0.7328482,2024-10-13
"immune_prop",512,0.336024625,0.472458,0.5562705,0.627721,0.732879225,2024-10-20
"immune_prop",513,0.33604665,0.47247125,0.556278,0.627749,0.732890275,2024-10-27
"immune_prop",514,0.3360647,0.4724805,0.556283,0.62776475,0.732895325,2024-11-03
"immune_prop",515,0.3360757,0.47247725,0.556278,0.62776375,0.7328844,2024-11-10
"immune_prop",516,0.336084725,0.4724725,0.556272,0.6277605,0.73287145,2024-11-17
"immune_prop",517,0.33608575,0.472456,0.5562655,0.6277445,0.732843475,2024-11-24
"immune_prop",518,0.33608775,0.4724385,0.5562595,0.62772875,0.73281645,2024-12-01
"immune_prop",519,0.336092725,0.47242475,0.556257,0.6277175,0.732795425,2024-12-08
"immune_prop",520,0.336096725,0.472407,0.556252,0.62770375,0.73277235,2024-12-15
"immune_prop",521,0.336095725,0.47238225,0.556239,0.62768975,0.732739225,2024-12-22
"immune_prop",522,0.3361107,0.47237525,0.556248,0.62771225,0.732738,2024-12-29
"immune_prop",523,0.3361327,0.4723745,0.556267,0.627739,0.7327517,2025-01-05
"immune_prop",524,0.3361517,0.472372,0.5562845,0.62778025,0.732766425,2025-01-12
"immune_prop",525,0.33618075,0.47238125,0.5563185,0.627864,0.732805125,2025-01-19
"immune_prop",526,0.336217825,0.472402,0.556367,0.62796325,0.73286775,2025-01-26
"immune_prop",527,0.336270925,0.472444,0.5564415,0.62808975,0.73297035,2025-02-02
"immune_prop",528,0.336335125,0.47250325,0.5565375,0.62824125,0.73310695,2025-02-09
"immune_prop",529,0.33640635,0.4725715,0.556645,0.62840275,0.7332656,2025-02-16
"immune_prop",530,0.336484675,0.47266175,0.5567695,0.628579,0.7334543,2025-02-23
"immune_prop",531,0.336575075,0.47277575,0.5569155,0.62877425,0.733677125,2025-03-02
"immune_prop",532,0.336690575,0.472943,0.5571075,0.62901125,0.733966175,2025-03-09
"immune_prop",533,0.33680415,0.4731135,0.5573005,0.62922925,0.7342595,2025-03-16
"immune_prop",534,0.336924775,0.47330225,0.557511,0.62945675,0.73457615,2025-03-23
"immune_prop",535,0.337054425,0.473508,0.557741,0.62968225,0.73491515,2025-03-30
"immune_prop",536,0.3371881,0.4737245,0.5579825,0.62987425,0.735264525,2025-04-06
"immune_prop",537,0.33731875,0.47394075,0.558224,0.63006975,0.735604225,2025-04-13
"immune_prop",538,0.337447375,0.47417325,0.558466,0.6304035,0.735934275,2025-04-20
"immune_prop",539,0.33757195,0.4743805,0.558692,0.63063675,0.736253475,2025-04-27
"immune_prop",540,0.337689425,0.47453275,0.558889,0.630851,0.736544875,2025-05-04
"immune_prop",541,0.337799875,0.4746925,0.5590765,0.6310735,0.736817325,2025-05-11
"immune_prop",542,0.3379092,0.4748535,0.5592605,0.63128075,0.737077,2025-05-18
"immune_prop",543,0.338008475,0.47500375,0.5594295,0.6314715,0.7373094,2025-05-25
"immune_prop",544,0.3381057,0.475153,0.5595935,0.63164,0.737531775,2025-06-01
"immune_prop",545,0.338196825,0.475297,0.5597475,0.63179575,0.7377371,2025-06-08
"immune_prop",546,0.338285925,0.47544375,0.559898,0.6319495,0.737935375,2025-06-15
"immune_prop",547,0.33837695,0.47559325,0.5600495,0.632142,0.738132525,2025-06-22
"immune_prop",548,0.33846995,0.475747,0.5602055,0.63233525,0.73833555,2025-06-29
"immune_prop",549,0.3385589,0.47588075,0.5603545,0.63251825,0.738529425,2025-07-06
"immune_prop",550,0.33865285,0.47600675,0.560512,0.63270675,0.738734175,2025-07-13
"immune_prop",551,0.338746725,0.47613025,0.5606675,0.63287825,0.73893875,2025-07-20
"immune_prop",552,0.338849575,0.47626525,0.5608365,0.63304575,0.7391632,2025-07-27
"immune_prop",553,0.3389514,0.476408,0.561003,0.6332075,0.739385525,2025-08-03
"immune_prop",554,0.3390562,0.47655975,0.5611735,0.63337125,0.7396148,2025-08-10
"immune_prop",555,0.339163025,0.47671575,0.561347,0.63353775,0.73985005,2025-08-17
"immune_prop",556,0.33926975,0.47687175,0.561517,0.63369875,0.740082325,2025-08-24
"immune_prop",557,0.3393765,0.477029,0.5616855,0.63385875,0.7403137,2025-08-31
"immune_prop",558,0.339476225,0.47717925,0.561842,0.63400675,0.7405292,2025-09-07
"immune_prop",559,0.339572875,0.4773245,0.5619885,0.634146,0.7407319,2025-09-14
"immune_prop",560,0.339657525,0.4774625,0.5621145,0.634264,0.740906825,2025-09-21
"immune_prop",561,0.339735175,0.47759,0.5622275,0.6343695,0.741062975,2025-09-28
"immune_prop",562,0.33980875,0.4777095,0.56233,0.63446725,0.741204375,2025-10-05
"immune_prop",563,0.33987535,0.47781925,0.562422,0.634554,0.74132995,2025-10-12
"immune_prop",564,0.339933925,0.4778955,0.5624985,0.6346265,0.741434725,2025-10-19
"immune_prop",565,0.339984475,0.47794425,0.5625595,0.63468325,0.74151765,2025-10-26
"immune_prop",566,0.340029,0.477973,0.562611,0.6347295,0.741586675,2025-11-02
"immune_prop",567,0.34005755,0.4779715,0.5626355,0.634747,0.7416198,2025-11-09
"immune_prop",568,0.340084075,0.47796675,0.5626565,0.63476075,0.741648925,2025-11-16
"immune_prop",569,0.340107575,0.47795775,0.5626725,0.634769,0.741671075,2025-11-23
"immune_prop",570,0.3401281,0.477945,0.562684,0.634772,0.7416882,2025-11-30
"immune_prop",571,0.3401526,0.4779365,0.5627015,0.634781,0.741712325,2025-12-07
"immune_prop",572,0.3401761,0.4779265,0.562716,0.6347865,0.741736375,2025-12-14
"immune_prop",573,0.34020055,0.4779245,0.562731,0.63479175,0.741762325,2025-12-21
"R0_t",1,1.61038725,1.6802625,1.72224,1.76841,1.86292825,2015-01-04
"R0_t",2,1.6524955,1.729435,1.775395,1.8244475,1.926645,2015-01-11
"R0_t",3,1.69069975,1.770745,1.817095,1.8707725,1.9801785,2015-01-18
"R0_t",4,1.7151885,1.7988625,1.84899,1.90248,2.02059225,2015-01-25
"R0_t",5,1.73547075,1.8156275,1.86615,1.919065,2.044018,2015-02-01
"R0_t",6,1.730749,1.816095,1.869025,1.9246425,2.04776,2015-02-08
"R0_t",7,1.71888575,1.8031475,1.856615,1.9120575,2.0377,2015-02-15
"R0_t",8,1.690563,1.776845,1.82915,1.8843,2.00813575,2015-02-22
"R0_t",9,1.6544155,1.73907,1.789745,1.84489,1.96032925,2015-03-01
"R0_t",10,1.609425,1.695695,1.741355,1.79587,1.9054235,2015-03-08
"R0_t",11,1.560797,1.6469,1.68978,1.7412225,1.84370225,2015-03-15
"R0_t",12,1.51023825,1.59434,1.634275,1.6844775,1.78101475,2015-03-22
"R0_t",13,1.45951075,1.5421425,1.581035,1.6260475,1.719223,2015-03-29
"R0_t",14,1.41469475,1.49446,1.53311,1.5729125,1.6587205,2015-04-05
"R0_t",15,1.37519225,1.452285,1.488305,1.5257525,1.60633525,2015-04-12
"R0_t",16,1.34504125,1.4163225,1.45149,1.4846275,1.55583125,2015-04-19
"R0_t",17,1.32078675,1.3873075,1.422135,1.454335,1.5213,2015-04-26
"R0_t",18,1.30781775,1.36984,1.40246,1.433015,1.48994125,2015-05-03
"R0_t",19,1.3050825,1.360305,1.3908,1.4206225,1.46929975,2015-05-10
"R0_t",20,1.3099395,1.359805,1.387955,1.415855,1.45821725,2015-05-17
"R0_t",21,1.32232575,1.3669875,1.39303,1.420205,1.46089825,2015-05-24
"R0_t",22,1.34249025,1.3833125,1.40688,1.4318425,1.47109025,2015-05-31
"R0_t",23,1.36309725,1.404515,1.425765,1.4499175,1.48961225,2015-06-07
"R0_t",24,1.39013475,1.4285875,1.449695,1.473555,1.516321,2015-06-14
"R0_t",25,1.411519,1.4541525,1.477295,1.5008325,1.54406125,2015-06-21
"R0_t",26,1.430632,1.481165,1.50458,1.5292775,1.5762655,2015-06-28
"R0_t",27,1.44667225,1.50403,1.531265,1.5577025,1.60706025,2015-07-05
"R0_t",28,1.4553715,1.5212725,1.552975,1.5825325,1.6339305,2015-07-12
"R0_t",29,1.46152825,1.5336775,1.56804,1.60117,1.65743775,2015-07-19
"R0_t",30,1.4615355,1.5380925,1.57477,1.61127,1.6722945,2015-07-26
"R0_t",31,1.4532265,1.535705,1.572995,1.611285,1.6771105,2015-08-02
"R0_t",32,1.4402145,1.524775,1.561745,1.6048475,1.66782375,2015-08-09
"R0_t",33,1.4232785,1.507665,1.542865,1.5848425,1.6511315,2015-08-16
"R0_t",34,1.40271575,1.483045,1.517725,1.5582525,1.62369075,2015-08-23
"R0_t",35,1.37688325,1.4534975,1.486245,1.52345,1.58961875,2015-08-30
"R0_t",36,1.3455495,1.420495,1.45297,1.48654,1.5487035,2015-09-06
"R0_t",37,1.31655075,1.386335,1.4173,1.448945,1.5057105,2015-09-13
"R0_t",38,1.29170725,1.351595,1.38149,1.4121725,1.464291,2015-09-20
"R0_t",39,1.2692705,1.32291,1.35002,1.37876,1.4275425,2015-09-27
"R0_t",40,1.247517,1.2985175,1.323915,1.3502125,1.396515,2015-10-04
"R0_t",41,1.23261925,1.2804575,1.303845,1.3295925,1.3723635,2015-10-11
"R0_t",42,1.225372,1.2698025,1.292125,1.3165375,1.3565315,2015-10-18
"R0_t",43,1.224782,1.266255,1.28996,1.3139825,1.3564505,2015-10-25
"R0_t",44,1.2287075,1.2731775,1.29585,1.3209525,1.36624525,2015-11-01
"R0_t",45,1.242464,1.289135,1.31247,1.33835,1.387041,2015-11-08
"R0_t",46,1.26913725,1.3124825,1.33888,1.3676475,1.4175015,2015-11-15
"R0_t",47,1.30263375,1.3469125,1.3763,1.405505,1.45909825,2015-11-22
"R0_t",48,1.340964,1.3882475,1.42012,1.45262,1.51135525,2015-11-29
"R0_t",49,1.38845475,1.43943,1.47155,1.5065125,1.57518975,2015-12-06
"R0_t",50,1.44046475,1.4956775,1.53098,1.565205,1.63999425,2015-12-13
"R0_t",51,1.49573425,1.553195,1.59125,1.6282725,1.710756,2015-12-20
"R0_t",52,1.551927,1.6124475,1.652465,1.6941,1.781386,2015-12-27
"R0_t",53,1.18088625,1.24073,1.27213,1.3063525,1.38131525,2016-01-03
"R0_t",54,1.2395355,1.29948,1.33274,1.366455,1.439257,2016-01-10
"R0_t",55,1.29022,1.3527875,1.38575,1.41789,1.489755,2016-01-17
"R0_t",56,1.33240275,1.3938175,1.42668,1.45964,1.531541,2016-01-24
"R0_t",57,1.361709,1.42396,1.455725,1.4898725,1.5590285,2016-01-31
"R0_t",58,1.3794455,1.4372725,1.47118,1.5039925,1.572251,2016-02-07
"R0_t",59,1.37676725,1.438265,1.469915,1.50232,1.570453,2016-02-14
"R0_t",60,1.3624,1.4223575,1.45364,1.4863025,1.551652,2016-02-21
"R0_t",61,1.34056425,1.394125,1.424975,1.4580825,1.51970625,2016-02-28
"R0_t",62,1.3043505,1.356075,1.38678,1.4175625,1.473218,2016-03-06
"R0_t",63,1.26015925,1.3110675,1.339955,1.3690775,1.426602,2016-03-13
"R0_t",64,1.213176,1.261075,1.28757,1.31528,1.367444,2016-03-20
"R0_t",65,1.163176,1.2097875,1.234355,1.26119,1.31089075,2016-03-27
"R0_t",66,1.113898,1.1581275,1.18272,1.207255,1.25325375,2016-04-03
"R0_t",67,1.066291,1.1097025,1.13304,1.15725,1.20314975,2016-04-10
"R0_t",68,1.0241465,1.0660075,1.08804,1.1119425,1.15606725,2016-04-17
"R0_t",69,0.98717935,1.02667,1.048135,1.071335,1.11292,2016-04-24
"R0_t",70,0.955277525,0.99447225,1.01538,1.03742,1.07765725,2016-05-01
"R0_t",71,0.9301527,0.96696775,0.9881995,1.0085575,1.04647575,2016-05-08
"R0_t",72,0.909672275,0.94627975,0.9671085,0.9872475,1.0209715,2016-05-15
"R0_t",73,0.89539155,0.93180925,0.951119,0.971774,1.00551425,2016-05-22
"R0_t",74,0.88604765,0.92131125,0.941177,0.96158075,0.994752825,2016-05-29
"R0_t",75,0.880527225,0.91489975,0.935688,0.95520225,0.990400125,2016-06-05
"R0_t",76,0.877489575,0.91184025,0.9336405,0.95266475,0.9883653,2016-06-12
"R0_t",77,0.87607315,0.91192925,0.9332125,0.9523055,0.990608225,2016-06-19
"R0_t",78,0.874150075,0.9126255,0.9340565,0.95332475,0.991788475,2016-06-26
"R0_t",79,0.872495575,0.91168425,0.934152,0.95448725,0.9962865,2016-07-03
"R0_t",80,0.867199775,0.91004475,0.933168,0.95476125,0.998202575,2016-07-10
"R0_t",81,0.86123835,0.90547725,0.930908,0.95285275,1.00009375,2016-07-17
"R0_t",82,0.85150585,0.8999185,0.9256095,0.94809525,0.996260775,2016-07-24
"R0_t",83,0.83904665,0.89066675,0.9166915,0.94059425,0.9896131,2016-07-31
"R0_t",84,0.82727225,0.8784135,0.9046165,0.9299155,0.979394175,2016-08-07
"R0_t",85,0.8124908,0.864187,0.889571,0.91493525,0.966330625,2016-08-14
"R0_t",86,0.79649405,0.84711075,0.8719085,0.89774525,0.947408925,2016-08-21
"R0_t",87,0.777848325,0.82933425,0.8539565,0.8804395,0.928948525,2016-08-28
"R0_t",88,0.759439675,0.811026,0.8356785,0.86221675,0.910491975,2016-09-04
"R0_t",89,0.742909425,0.7935345,0.8180015,0.84451875,0.893427725,2016-09-11
"R0_t",90,0.726533675,0.7786195,0.8024425,0.82965975,0.8781631,2016-09-18
"R0_t",91,0.71746395,0.76703025,0.790389,0.81777925,0.86720175,2016-09-25
"R0_t",92,0.7128063,0.75809125,0.783032,0.809869,0.860456875,2016-10-02
"R0_t",93,0.71111,0.7549515,0.7805485,0.8069165,0.859756875,2016-10-09
"R0_t",94,0.715248275,0.7571315,0.7839735,0.81022575,0.864136925,2016-10-16
"R0_t",95,0.72333535,0.7666375,0.7938325,0.82139625,0.874922075,2016-10-23
"R0_t",96,0.738331425,0.782298,0.810739,0.83932825,0.895748625,2016-10-30
"R0_t",97,0.7624598,0.80513975,0.834515,0.863692,0.92418855,2016-11-06
"R0_t",98,0.793906075,0.8348785,0.8662325,0.89682025,0.95775675,2016-11-13
"R0_t",99,0.831046625,0.87396875,0.906258,0.9375145,0.9995017,2016-11-20
"R0_t",100,0.8774802,0.92135475,0.9532995,0.986166,1.046561,2016-11-27
"R0_t",101,0.928191325,0.9745165,1.006415,1.0413675,1.10165825,2016-12-04
"R0_t",102,0.983916725,1.03372,1.06585,1.100815,1.163215,2016-12-11
"R0_t",103,1.04458525,1.09843,1.12791,1.1640925,1.23391225,2016-12-18
"R0_t",104,1.10870875,1.1642425,1.193885,1.2299625,1.30030025,2016-12-25
"R0_t",105,1.166765,1.2319375,1.273595,1.319065,1.4065105,2017-01-01
"R0_t",106,1.20620725,1.274775,1.31623,1.363165,1.4571085,2017-01-08
"R0_t",107,1.24171975,1.31037,1.354145,1.4017775,1.49848,2017-01-15
"R0_t",108,1.26578325,1.3380525,1.383015,1.428925,1.526494,2017-01-22
"R0_t",109,1.28465375,1.35504,1.399775,1.4474225,1.54422625,2017-01-29
"R0_t",110,1.287063,1.3603025,1.405285,1.4544575,1.54841125,2017-02-05
"R0_t",111,1.27728625,1.35555,1.399565,1.4487575,1.54527075,2017-02-12
"R0_t",112,1.26248475,1.339015,1.382675,1.4320175,1.528322,2017-02-19
"R0_t",113,1.2346095,1.3142925,1.357085,1.40572,1.498523,2017-02-26
"R0_t",114,1.2039175,1.281475,1.324605,1.3714175,1.464882,2017-03-05
"R0_t",115,1.16562725,1.2431875,1.285695,1.33093,1.4235505,2017-03-12
"R0_t",116,1.1267165,1.202025,1.245005,1.2878875,1.3788705,2017-03-19
"R0_t",117,1.09188,1.16315,1.203665,1.2440925,1.33022875,2017-03-26
"R0_t",118,1.05414175,1.125435,1.16433,1.203685,1.28526525,2017-04-02
"R0_t",119,1.0215335,1.090805,1.12909,1.166835,1.24594675,2017-04-09
"R0_t",120,0.99497645,1.06013,1.09698,1.1338825,1.2108345,2017-04-16
"R0_t",121,0.971699825,1.0352925,1.071775,1.1083725,1.18207675,2017-04-23
"R0_t",122,0.95705685,1.0173575,1.05296,1.0904975,1.1585215,2017-04-30
"R0_t",123,0.94779485,1.0047925,1.040845,1.077745,1.143667,2017-05-07
"R0_t",124,0.94611135,0.99860125,1.03595,1.071905,1.13569625,2017-05-14
"R0_t",125,0.949947875,0.9997865,1.037825,1.074015,1.13550275,2017-05-21
"R0_t",126,0.95951365,1.0068325,1.045495,1.0795025,1.14108025,2017-05-28
"R0_t",127,0.974217275,1.0203125,1.05646,1.090645,1.14870375,2017-06-04
"R0_t",128,0.987843625,1.03815,1.070865,1.1058275,1.16419475,2017-06-11
"R0_t",129,1.00533775,1.05623,1.08748,1.123425,1.1825315,2017-06-18
"R0_t",130,1.02301175,1.07622,1.106125,1.1415525,1.204873,2017-06-25
"R0_t",131,1.04028275,1.0954625,1.123945,1.1586475,1.2236105,2017-07-02
"R0_t",132,1.054937,1.110015,1.14004,1.1743625,1.23885775,2017-07-09
"R0_t",133,1.06695,1.120765,1.15273,1.1856125,1.250124,2017-07-16
"R0_t",134,1.07339775,1.1282025,1.157845,1.1926425,1.258094,2017-07-23
"R0_t",135,1.07211925,1.1279575,1.15926,1.1939625,1.26023475,2017-07-30
"R0_t",136,1.0611865,1.121065,1.15411,1.1887025,1.25477025,2017-08-06
"R0_t",137,1.04849075,1.1095825,1.1415,1.176995,1.24352475,2017-08-13
"R0_t",138,1.030771,1.091545,1.12488,1.159465,1.2260325,2017-08-20
"R0_t",139,1.00679425,1.06943,1.103,1.1370475,1.20428325,2017-08-27
"R0_t",140,0.9814825,1.04524,1.079955,1.1117875,1.17895675,2017-09-03
"R0_t",141,0.958824275,1.0190675,1.053785,1.0861925,1.15456275,2017-09-10
"R0_t",142,0.9315386,0.9950955,1.027775,1.0601,1.12603625,2017-09-17
"R0_t",143,0.908438575,0.9710555,1.00196,1.0361775,1.09922625,2017-09-24
"R0_t",144,0.886253575,0.9505795,0.9806175,1.0176025,1.07899175,2017-10-01
"R0_t",145,0.8707767,0.93438625,0.9662275,1.0029775,1.0650705,2017-10-08
"R0_t",146,0.862172225,0.922966,0.9561035,0.99300875,1.05809125,2017-10-15
"R0_t",147,0.859529325,0.91865975,0.9519625,0.9891135,1.055741,2017-10-22
"R0_t",148,0.865856475,0.921169,0.9556525,0.993014,1.06143925,2017-10-29
"R0_t",149,0.8766972,0.929764,0.9680865,1.0055575,1.075683,2017-11-05
"R0_t",150,0.8932623,0.945367,0.9854235,1.0242275,1.09890225,2017-11-12
"R0_t",151,0.917949825,0.97017575,1.01122,1.0512325,1.1261865,2017-11-19
"R0_t",152,0.949590325,1.0014575,1.04299,1.08472,1.16270175,2017-11-26
"R0_t",153,0.987391325,1.03982,1.08144,1.122155,1.20369,2017-12-03
"R0_t",154,1.027732,1.083475,1.12543,1.1662325,1.2449505,2017-12-10
"R0_t",155,1.068828,1.1292125,1.17106,1.213875,1.29767375,2017-12-17
"R0_t",156,1.11411825,1.1771125,1.22069,1.2630725,1.34751025,2017-12-24
"R0_t",157,1.1586195,1.2240475,1.26578,1.31142,1.39826825,2017-12-31
"R0_t",158,1.27575075,1.3634375,1.410745,1.45975,1.56342075,2018-01-07
"R0_t",159,1.3222855,1.41394,1.46179,1.5119475,1.616363,2018-01-14
"R0_t",160,1.35945425,1.451795,1.50273,1.5548175,1.6596995,2018-01-21
"R0_t",161,1.38980375,1.47972,1.530565,1.583705,1.68736725,2018-01-28
"R0_t",162,1.40817925,1.494525,1.54625,1.5989525,1.7010845,2018-02-04
"R0_t",163,1.403925,1.494025,1.54547,1.6006025,1.702719,2018-02-11
"R0_t",164,1.393902,1.4813375,1.53147,1.5870475,1.68863575,2018-02-18
"R0_t",165,1.36740325,1.455355,1.505325,1.56009,1.65685125,2018-02-25
"R0_t",166,1.333196,1.420595,1.46943,1.5210675,1.618496,2018-03-04
"R0_t",167,1.2930145,1.3769825,1.426125,1.4755225,1.5677205,2018-03-11
"R0_t",168,1.24893775,1.33077,1.376985,1.422715,1.51867625,2018-03-18
"R0_t",169,1.20240875,1.2808125,1.32647,1.3724925,1.460625,2018-03-25
"R0_t",170,1.15843125,1.233125,1.27694,1.3209575,1.40479225,2018-04-01
"R0_t",171,1.11419525,1.1885125,1.2305,1.272065,1.3547155,2018-04-08
"R0_t",172,1.07673175,1.1475475,1.18746,1.229245,1.3056845,2018-04-15
"R0_t",173,1.042478,1.11278,1.15165,1.1924775,1.26142375,2018-04-22
"R0_t",174,1.0179885,1.08358,1.123015,1.1618875,1.2250305,2018-04-29
"R0_t",175,0.999246225,1.060685,1.100465,1.1375825,1.20149025,2018-05-06
"R0_t",176,0.987071675,1.04514,1.084355,1.1210275,1.182185,2018-05-13
"R0_t",177,0.9784159,1.0361025,1.07511,1.111385,1.17560975,2018-05-20
"R0_t",178,0.97617635,1.033765,1.07154,1.1070625,1.17108,2018-05-27
"R0_t",179,0.97725085,1.0361875,1.07252,1.1088,1.17219175,2018-06-03
"R0_t",180,0.986047175,1.0416675,1.078995,1.112545,1.17796675,2018-06-10
"R0_t",181,0.9934596,1.05092,1.08731,1.120915,1.18868925,2018-06-17
"R0_t",182,1.0026155,1.060495,1.097055,1.1316625,1.19766825,2018-06-24
"R0_t",183,1.01122925,1.070285,1.10554,1.1406675,1.20724175,2018-07-01
"R0_t",184,1.017273,1.0788525,1.114395,1.147925,1.21949775,2018-07-08
"R0_t",185,1.02258125,1.084545,1.117845,1.153415,1.224777,2018-07-15
"R0_t",186,1.019003,1.0846775,1.119635,1.1554825,1.23165775,2018-07-22
"R0_t",187,1.01519625,1.08009,1.11593,1.1527675,1.23097475,2018-07-29
"R0_t",188,1.0026395,1.07183,1.107705,1.14468,1.225753,2018-08-05
"R0_t",189,0.986257725,1.056645,1.09454,1.13106,1.212595,2018-08-12
"R0_t",190,0.969664825,1.039065,1.07658,1.1132025,1.194504,2018-08-19
"R0_t",191,0.950611475,1.0172225,1.05522,1.0932625,1.170861,2018-08-26
"R0_t",192,0.926386025,0.993049,1.03322,1.0704625,1.14901425,2018-09-02
"R0_t",193,0.9036155,0.96980075,1.00978,1.0470925,1.12785325,2018-09-09
"R0_t",194,0.8784909,0.94744275,0.987198,1.0260075,1.104375,2018-09-16
"R0_t",195,0.8593808,0.92754975,0.9669965,1.00602,1.08472625,2018-09-23
"R0_t",196,0.8456184,0.9128605,0.9508455,0.99031025,1.0708625,2018-09-30
"R0_t",197,0.834166225,0.90167125,0.940499,0.9803355,1.05818925,2018-10-07
"R0_t",198,0.83314715,0.8965585,0.9357335,0.9758155,1.0571805,2018-10-14
"R0_t",199,0.833431525,0.8970955,0.937806,0.97824375,1.05941725,2018-10-21
"R0_t",200,0.841472525,0.90405425,0.947564,0.988624,1.07249225,2018-10-28
"R0_t",201,0.85871715,0.91950925,0.964507,1.0067825,1.08923325,2018-11-04
"R0_t",202,0.88274515,0.94301425,0.9897775,1.0337,1.11844275,2018-11-11
"R0_t",203,0.9142589,0.97530225,1.022565,1.067155,1.15155175,2018-11-18
"R0_t",204,0.953822925,1.015345,1.06358,1.1075,1.1976265,2018-11-25
"R0_t",205,0.998613325,1.0624675,1.110435,1.1568975,1.248369,2018-12-02
"R0_t",206,1.0482765,1.1181225,1.163985,1.2104525,1.30930375,2018-12-09
"R0_t",207,1.10374325,1.1767625,1.22268,1.270465,1.374415,2018-12-16
"R0_t",208,1.15803425,1.23717,1.28364,1.33323,1.43801,2018-12-23
"R0_t",209,1.213861,1.2975075,1.34242,1.3944225,1.50052475,2018-12-30
"R0_t",210,1.4568165,1.5516525,1.60451,1.66447,1.77856225,2019-01-06
"R0_t",211,1.51792125,1.61678,1.67116,1.730895,1.8465,2019-01-13
"R0_t",212,1.57160025,1.6700725,1.727235,1.7881175,1.900555,2019-01-20
"R0_t",213,1.61051375,1.7111625,1.77039,1.8281925,1.94308525,2019-01-27
"R0_t",214,1.632447,1.736175,1.79562,1.854195,1.97563075,2019-02-03
"R0_t",215,1.63704975,1.7436275,1.80348,1.8612175,1.98647875,2019-02-10
"R0_t",216,1.6265845,1.7324725,1.793395,1.85112,1.9793075,2019-02-17
"R0_t",217,1.5970015,1.7060775,1.76609,1.8232525,1.94450625,2019-02-24
"R0_t",218,1.55950375,1.6656775,1.725855,1.78215,1.89427675,2019-03-03
"R0_t",219,1.50893275,1.6164375,1.673805,1.730065,1.83433125,2019-03-10
"R0_t",220,1.45631275,1.559405,1.61591,1.666435,1.770887,2019-03-17
"R0_t",221,1.399239,1.499145,1.554305,1.60327,1.70539475,2019-03-24
"R0_t",222,1.3507325,1.43941,1.49218,1.5389525,1.63253675,2019-03-31
"R0_t",223,1.297379,1.38101,1.42951,1.4775175,1.56536425,2019-04-07
"R0_t",224,1.2430255,1.3276925,1.373315,1.4208725,1.5039905,2019-04-14
"R0_t",225,1.195611,1.2808525,1.32659,1.3692575,1.4504475,2019-04-21
"R0_t",226,1.15845525,1.23905,1.28258,1.3259425,1.39959175,2019-04-28
"R0_t",227,1.132171,1.206645,1.24922,1.291045,1.3644695,2019-05-05
"R0_t",228,1.11177475,1.18056,1.221305,1.26436,1.33526625,2019-05-12
"R0_t",229,1.09710925,1.161845,1.20172,1.2446,1.31463325,2019-05-19
"R0_t",230,1.0884615,1.1497175,1.1895,1.23155,1.2989605,2019-05-26
"R0_t",231,1.0822395,1.1437325,1.18308,1.2242475,1.29094875,2019-06-02
"R0_t",232,1.082522,1.1427025,1.182435,1.220725,1.29016225,2019-06-09
"R0_t",233,1.083047,1.14412,1.184745,1.2218125,1.292179,2019-06-16
"R0_t",234,1.083635,1.1486375,1.18914,1.22595,1.3012705,2019-06-23
"R0_t",235,1.08484775,1.153555,1.192775,1.2290275,1.30766,2019-06-30
"R0_t",236,1.08624225,1.15763,1.196225,1.232775,1.3155115,2019-07-07
"R0_t",237,1.084721,1.15803,1.197065,1.2336075,1.3167575,2019-07-14
"R0_t",238,1.08188275,1.1542725,1.193555,1.23157,1.31621,2019-07-21
"R0_t",239,1.0738255,1.147705,1.184065,1.22585,1.3124085,2019-07-28
"R0_t",240,1.058458,1.1346175,1.17237,1.21608,1.304006,2019-08-04
"R0_t",241,1.04273475,1.119025,1.15673,1.2013125,1.28876675,2019-08-11
"R0_t",242,1.020283,1.0988625,1.13803,1.1826875,1.269413,2019-08-18
"R0_t",243,0.995980475,1.0752275,1.115615,1.161615,1.24999825,2019-08-25
"R0_t",244,0.971598375,1.0502825,1.090745,1.1386375,1.22826125,2019-09-01
"R0_t",245,0.950307775,1.02508,1.06703,1.1131525,1.2006395,2019-09-08
"R0_t",246,0.9259864,1.0027275,1.04434,1.092135,1.1810595,2019-09-15
"R0_t",247,0.908104,0.9838395,1.027165,1.07287,1.164461,2019-09-22
"R0_t",248,0.891929075,0.96900675,1.012765,1.06047,1.15092425,2019-09-29
"R0_t",249,0.8863074,0.957995,1.00287,1.050765,1.14068775,2019-10-06
"R0_t",250,0.884473825,0.953831,0.999876,1.0500425,1.142524,2019-10-13
"R0_t",251,0.8893643,0.95889675,1.004825,1.05476,1.149542,2019-10-20
"R0_t",252,0.9021962,0.9718065,1.019175,1.06987,1.1625815,2019-10-27
"R0_t",253,0.92248885,0.99285025,1.04345,1.0936175,1.18923375,2019-11-03
"R0_t",254,0.95118295,1.0225375,1.074665,1.1258025,1.22588925,2019-11-10
"R0_t",255,0.990593075,1.06281,1.116465,1.1690325,1.271231,2019-11-17
"R0_t",256,1.0395395,1.1122025,1.166425,1.22041,1.3211505,2019-11-24
"R0_t",257,1.098288,1.17087,1.225985,1.28145,1.38472075,2019-12-01
"R0_t",258,1.1625515,1.238975,1.292165,1.3487475,1.45113175,2019-12-08
"R0_t",259,1.2293775,1.31178,1.365165,1.4208725,1.529075,2019-12-15
"R0_t",260,1.301117,1.388925,1.441125,1.49982,1.605558,2019-12-22
"R0_t",261,1.373798,1.46519,1.517475,1.5782725,1.6832025,2019-12-29
"R0_t",262,1.3984445,1.48754,1.53968,1.5937,1.70340075,2020-01-05
"R0_t",263,1.46078575,1.54602,1.598455,1.6526775,1.7686635,2020-01-12
"R0_t",264,1.50201825,1.5945575,1.648795,1.703895,1.820964,2020-01-19
"R0_t",265,1.532233,1.6288725,1.684355,1.7434075,1.86007625,2020-01-26
"R0_t",266,1.5523445,1.6481375,1.706635,1.76714,1.8812295,2020-02-02
"R0_t",267,1.559316,1.65324,1.71309,1.7741325,1.889206,2020-02-09
"R0_t",268,1.54657525,1.64541,1.703605,1.766045,1.883903,2020-02-16
"R0_t",269,1.52082025,1.6219775,1.678175,1.7422575,1.85800575,2020-02-23
"R0_t",270,1.49219725,1.5866825,1.64221,1.706125,1.82369175,2020-03-01
"R0_t",271,1.448849,1.5411025,1.596935,1.6572475,1.7695565,2020-03-08
"R0_t",272,1.402537,1.491135,1.543155,1.60282,1.71177225,2020-03-15
"R0_t",273,1.35092625,1.4351775,1.48779,1.5436575,1.648748,2020-03-22
"R0_t",274,1.29936825,1.3826575,1.43171,1.4825,1.5849265,2020-03-29
"R0_t",275,1.25128575,1.331145,1.380055,1.4278925,1.52417275,2020-04-05
"R0_t",276,1.2043075,1.2830875,1.332305,1.37808,1.4664665,2020-04-12
"R0_t",277,1.1631355,1.240365,1.28857,1.3327025,1.42103925,2020-04-19
"R0_t",278,1.13199,1.206635,1.25406,1.295835,1.37910775,2020-04-26
"R0_t",279,1.10493425,1.1782875,1.226015,1.268415,1.34392075,2020-05-03
"R0_t",280,1.09005575,1.1582225,1.204545,1.2469925,1.32119025,2020-05-10
"R0_t",281,1.077138,1.146845,1.190505,1.2340275,1.307532,2020-05-17
"R0_t",282,1.0707535,1.14084,1.183545,1.2274825,1.300869,2020-05-24
"R0_t",283,1.07149125,1.13995,1.181825,1.2272975,1.30274725,2020-05-31
"R0_t",284,1.07545925,1.1424725,1.18589,1.2320775,1.3115395,2020-06-07
"R0_t",285,1.08333575,1.150185,1.19398,1.2397175,1.3247165,2020-06-14
"R0_t",286,1.09291175,1.1605175,1.20474,1.24862,1.33809675,2020-06-21
"R0_t",287,1.09997575,1.1695675,1.215205,1.2606975,1.34692675,2020-06-28
"R0_t",288,1.1045225,1.1776225,1.22449,1.27141,1.35968675,2020-07-05
"R0_t",289,1.1076935,1.18432,1.23084,1.2769,1.3699905,2020-07-12
"R0_t",290,1.1108265,1.18641,1.23283,1.2801,1.378058,2020-07-19
"R0_t",291,1.1075785,1.1838175,1.23,1.2792525,1.375111,2020-07-26
"R0_t",292,1.09564175,1.17551,1.22111,1.27178,1.3689715,2020-08-02
"R0_t",293,1.078148,1.16295,1.208755,1.25886,1.355072,2020-08-09
"R0_t",294,1.059265,1.1441675,1.19044,1.2414025,1.337505,2020-08-16
"R0_t",295,1.035563,1.120795,1.167645,1.2199325,1.316369,2020-08-23
"R0_t",296,1.00902325,1.0941075,1.142935,1.194845,1.29027225,2020-08-30
"R0_t",297,0.9825402,1.0677875,1.116575,1.169675,1.263796,2020-09-06
"R0_t",298,0.96040925,1.04115,1.090695,1.144175,1.237737,2020-09-13
"R0_t",299,0.93876015,1.0189975,1.06913,1.1210175,1.2152505,2020-09-20
"R0_t",300,0.91838755,1.000355,1.050385,1.1023025,1.195935,2020-09-27
"R0_t",301,0.90460565,0.98709925,1.03776,1.08915,1.1836595,2020-10-04
"R0_t",302,0.897407725,0.980109,1.029305,1.08131,1.177844,2020-10-11
"R0_t",303,0.897010175,0.97860975,1.02871,1.08159,1.17769725,2020-10-18
"R0_t",304,0.90550155,0.9850435,1.03538,1.08866,1.1866535,2020-10-25
"R0_t",305,0.92276545,0.99990775,1.05257,1.1053375,1.2044975,2020-11-01
"R0_t",306,0.949592925,1.0247725,1.079015,1.132155,1.23537125,2020-11-08
"R0_t",307,0.98333435,1.05744,1.112505,1.1663475,1.2696485,2020-11-15
"R0_t",308,1.026251,1.098255,1.156225,1.2098925,1.31168175,2020-11-22
"R0_t",309,1.07673775,1.1500275,1.20796,1.2600275,1.36491375,2020-11-29
"R0_t",310,1.133819,1.20951,1.265645,1.3170825,1.41964625,2020-12-06
"R0_t",311,1.19473275,1.2745025,1.327695,1.3812325,1.481873,2020-12-13
"R0_t",312,1.2591525,1.3414775,1.39455,1.450555,1.55500775,2020-12-20
"R0_t",313,1.3271165,1.4099075,1.46363,1.5170275,1.6242305,2020-12-27
"R0_t",314,1.6782775,1.84437,1.95644,2.06878,2.26786375,2021-01-03
"R0_t",315,1.78792825,1.9492,2.05576,2.1640875,2.35600375,2021-01-10
"R0_t",316,1.88325375,2.0444225,2.144465,2.2507525,2.43949,2021-01-17
"R0_t",317,1.95607275,2.1189575,2.215725,2.317335,2.50403575,2021-01-24
"R0_t",318,2.00514275,2.1719575,2.265935,2.36374,2.54432875,2021-01-31
"R0_t",319,2.03457225,2.2020525,2.2891,2.38682,2.5608835,2021-02-07
"R0_t",320,2.04648975,2.2018575,2.29037,2.38295,2.55257975,2021-02-14
"R0_t",321,2.0248985,2.18122,2.267885,2.3564175,2.51506075,2021-02-21
"R0_t",322,1.9806575,2.1348625,2.22284,2.309665,2.45970125,2021-02-28
"R0_t",323,1.924689,2.07275,2.15889,2.243065,2.393628,2021-03-07
"R0_t",324,1.8568595,1.99904,2.08111,2.164955,2.30888675,2021-03-14
"R0_t",325,1.7758535,1.915595,1.995025,2.07922,2.218982,2021-03-21
"R0_t",326,1.69021875,1.8272675,1.90767,1.993115,2.13490625,2021-03-28
"R0_t",327,1.60309275,1.7409175,1.82064,1.904365,2.04316375,2021-04-04
"R0_t",328,1.51763125,1.656695,1.73881,1.8210425,1.96752075,2021-04-11
"R0_t",329,1.44792625,1.57975,1.661305,1.746975,1.89055575,2021-04-18
"R0_t",330,1.378029,1.5092575,1.59422,1.6808575,1.8276725,2021-04-25
"R0_t",331,1.3198815,1.4485675,1.537355,1.621705,1.77372425,2021-05-02
"R0_t",332,1.26694025,1.3949475,1.487945,1.5744625,1.7359725,2021-05-09
"R0_t",333,1.22607825,1.35384,1.44751,1.5394175,1.708921,2021-05-16
"R0_t",334,1.19086325,1.318985,1.414995,1.5129775,1.68621425,2021-05-23
"R0_t",335,1.162754,1.2922475,1.391815,1.4925175,1.67421825,2021-05-30
"R0_t",336,1.14072175,1.270675,1.373185,1.47847,1.67137825,2021-06-06
"R0_t",337,1.12635075,1.25713,1.361225,1.47234,1.6694815,2021-06-13
"R0_t",338,1.1067645,1.2452875,1.35077,1.4663375,1.67434725,2021-06-20
"R0_t",339,1.09115875,1.2353275,1.345155,1.46145,1.68150075,2021-06-27
"R0_t",340,1.0756295,1.2252625,1.338305,1.45788,1.68949075,2021-07-04
"R0_t",341,1.06000025,1.2152575,1.326415,1.4527,1.6950455,2021-07-11
"R0_t",342,1.04367575,1.202975,1.3176,1.4452225,1.6938995,2021-07-18
"R0_t",343,1.0259055,1.1891325,1.303775,1.43393,1.69167975,2021-07-25
"R0_t",344,1.00857525,1.17161,1.28574,1.4175775,1.685246,2021-08-01
"R0_t",345,0.98434575,1.1483925,1.264925,1.3970025,1.66661875,2021-08-08
"R0_t",346,0.96284805,1.1260325,1.242175,1.3715825,1.64412575,2021-08-15
"R0_t",347,0.94278415,1.103375,1.217545,1.3477075,1.6147695,2021-08-22
"R0_t",348,0.9174863,1.07672,1.193425,1.322675,1.58432875,2021-08-29
"R0_t",349,0.89374855,1.0539225,1.167535,1.2981125,1.55786475,2021-09-05
"R0_t",350,0.876549125,1.0323075,1.147245,1.276635,1.528334,2021-09-12
"R0_t",351,0.858800625,1.0135475,1.12966,1.25763,1.50128375,2021-09-19
"R0_t",352,0.85009135,1.000556,1.11441,1.242475,1.48214225,2021-09-26
"R0_t",353,0.8469822,0.995027,1.10759,1.2345425,1.4803295,2021-10-03
"R0_t",354,0.852701,0.99715075,1.10892,1.234875,1.4783895,2021-10-10
"R0_t",355,0.86571715,1.008705,1.11936,1.24615,1.485637,2021-10-17
"R0_t",356,0.887260975,1.0307625,1.14116,1.264825,1.5021335,2021-10-24
"R0_t",357,0.919630125,1.0605775,1.1746,1.2972675,1.528801,2021-10-31
"R0_t",358,0.96208085,1.1033725,1.219155,1.341075,1.575486,2021-11-07
"R0_t",359,1.01799325,1.158875,1.273815,1.3984125,1.6259525,2021-11-14
"R0_t",360,1.0827775,1.223265,1.34084,1.465655,1.68736,2021-11-21
"R0_t",361,1.16297175,1.3025625,1.419635,1.5468325,1.76797375,2021-11-28
"R0_t",362,1.2429215,1.3931775,1.511525,1.637455,1.85515675,2021-12-05
"R0_t",363,1.33791075,1.490875,1.61193,1.73551,1.95202075,2021-12-12
"R0_t",364,1.44406,1.60103,1.71785,1.83884,2.05241725,2021-12-19
"R0_t",365,1.547289,1.7147575,1.826855,1.9451225,2.15400825,2021-12-26
"R0_t",366,1.75101375,2.11504,2.404545,2.7562075,3.487994,2022-01-02
"R0_t",367,1.86372825,2.243905,2.54032,2.902005,3.639871,2022-01-09
"R0_t",368,1.9660955,2.3595825,2.658635,3.0299125,3.76240725,2022-01-16
"R0_t",369,2.04791675,2.460095,2.76042,3.12975,3.850773,2022-01-23
"R0_t",370,2.10784025,2.5339775,2.828415,3.198855,3.91030725,2022-01-30
"R0_t",371,2.148375,2.5781025,2.8653,3.2376125,3.963055,2022-02-06
"R0_t",372,2.164604,2.592325,2.874045,3.23734,3.951347,2022-02-13
"R0_t",373,2.145751,2.569045,2.848865,3.202335,3.907536,2022-02-20
"R0_t",374,2.11329075,2.521785,2.799835,3.1423125,3.82748325,2022-02-27
"R0_t",375,2.05016775,2.44982,2.727455,3.0535225,3.71518375,2022-03-06
"R0_t",376,1.97236775,2.35845,2.62966,2.9493325,3.57730725,2022-03-13
"R0_t",377,1.88348675,2.2593375,2.52351,2.8307225,3.430695,2022-03-20
"R0_t",378,1.7963385,2.15055,2.41571,2.7084175,3.2805945,2022-03-27
"R0_t",379,1.70015025,2.0416525,2.30094,2.59073,3.13623525,2022-04-03
"R0_t",380,1.610598,1.93729,2.1921,2.4709675,3.00931375,2022-04-10
"R0_t",381,1.52768625,1.83905,2.08877,2.3586225,2.88954475,2022-04-17
"R0_t",382,1.4552735,1.752035,1.999075,2.2603075,2.7873825,2022-04-24
"R0_t",383,1.38810525,1.6764725,1.915555,2.1756125,2.7032845,2022-05-01
"R0_t",384,1.33389675,1.60908,1.843885,2.101855,2.63783425,2022-05-08
"R0_t",385,1.28921375,1.55558,1.78952,2.04001,2.580134,2022-05-15
"R0_t",386,1.25078075,1.5104025,1.74073,1.9906525,2.5242925,2022-05-22
"R0_t",387,1.2154455,1.47226,1.703955,1.9546725,2.495929,2022-05-29
"R0_t",388,1.19150775,1.4455025,1.67197,1.92646,2.47687675,2022-06-05
"R0_t",389,1.1767585,1.4222775,1.64878,1.905995,2.46430825,2022-06-12
"R0_t",390,1.15708175,1.4018375,1.631355,1.889105,2.45911125,2022-06-19
"R0_t",391,1.1395285,1.389495,1.618915,1.87714,2.4585615,2022-06-26
"R0_t",392,1.12397125,1.37741,1.60588,1.8631725,2.46423175,2022-07-03
"R0_t",393,1.1043395,1.3641075,1.58911,1.8551325,2.46118925,2022-07-10
"R0_t",394,1.09299275,1.3469125,1.574295,1.8413875,2.45670125,2022-07-17
"R0_t",395,1.07443075,1.3293725,1.553385,1.825245,2.45013925,2022-07-24
"R0_t",396,1.05579275,1.31046,1.531605,1.8016975,2.44141875,2022-07-31
"R0_t",397,1.03030975,1.284235,1.50429,1.7717675,2.4130015,2022-08-07
"R0_t",398,1.007141,1.256895,1.474275,1.73912,2.3770315,2022-08-14
"R0_t",399,0.9849576,1.22931,1.443735,1.70704,2.33188625,2022-08-21
"R0_t",400,0.96260865,1.20354,1.413515,1.6733675,2.289621,2022-08-28
"R0_t",401,0.93602745,1.173795,1.38472,1.638665,2.24849975,2022-09-04
"R0_t",402,0.91001875,1.1489125,1.354695,1.6099925,2.20777225,2022-09-11
"R0_t",403,0.89309735,1.13265,1.333375,1.58554,2.17385,2022-09-18
"R0_t",404,0.879597025,1.1218825,1.32207,1.570655,2.1475425,2022-09-25
"R0_t",405,0.875647575,1.1155075,1.320495,1.5645025,2.14317825,2022-10-02
"R0_t",406,0.8789695,1.11993,1.32179,1.5685875,2.14798075,2022-10-09
"R0_t",407,0.891753375,1.133155,1.335695,1.5875425,2.16159525,2022-10-16
"R0_t",408,0.9131277,1.1576775,1.35937,1.619635,2.194814,2022-10-23
"R0_t",409,0.948773125,1.1944875,1.395565,1.6591125,2.24617175,2022-10-30
"R0_t",410,0.9954217,1.24379,1.45129,1.7165675,2.3143765,2022-11-06
"R0_t",411,1.0441285,1.305225,1.52567,1.7958,2.396938,2022-11-13
"R0_t",412,1.1156195,1.38199,1.60921,1.89203,2.49724525,2022-11-20
"R0_t",413,1.1965645,1.4713,1.71533,2.00152,2.6151585,2022-11-27
"R0_t",414,1.290642,1.574715,1.829285,2.1278175,2.751804,2022-12-04
"R0_t",415,1.39266525,1.6876525,1.95426,2.26697,2.91737275,2022-12-11
"R0_t",416,1.50516375,1.81833,2.091235,2.4170275,3.09872375,2022-12-18
"R0_t",417,1.620079,1.951135,2.232635,2.575935,3.28638575,2022-12-25
"R0_t",418,1.6593645,2.0869,2.466935,2.94711,4.05037,2023-01-01
"R0_t",419,1.721777,2.1585925,2.56154,3.0591625,4.21361375,2023-01-08
"R0_t",420,1.77641275,2.2297625,2.632315,3.15125,4.3277125,2023-01-15
"R0_t",421,1.81637925,2.2874925,2.69542,3.223745,4.417051,2023-01-22
"R0_t",422,1.84143675,2.32613,2.739175,3.2669925,4.45428949999999,2023-01-29
"R0_t",423,1.8525615,2.340155,2.749935,3.2827625,4.46477099999999,2023-02-05
"R0_t",424,1.84670825,2.334445,2.7417,3.2839475,4.44836974999999,2023-02-12
"R0_t",425,1.8289785,2.3028275,2.709085,3.2514975,4.39343749999999,2023-02-19
"R0_t",426,1.79339375,2.2632725,2.656895,3.1885025,4.31505275,2023-02-26
"R0_t",427,1.752301,2.205725,2.589845,3.1055225,4.2302005,2023-03-05
"R0_t",428,1.697083,2.1392825,2.513455,3.0131125,4.12165,2023-03-12
"R0_t",429,1.6363995,2.070005,2.441145,2.91504,3.9919005,2023-03-19
"R0_t",430,1.57452325,2.000875,2.363805,2.81389,3.85900225,2023-03-26
"R0_t",431,1.516819,1.9325725,2.28186,2.720525,3.70092425,2023-04-02
"R0_t",432,1.465866,1.867095,2.20964,2.6276175,3.58458075,2023-04-09
"R0_t",433,1.42684775,1.8068625,2.147115,2.547695,3.4969205,2023-04-16
"R0_t",434,1.397522,1.765105,2.09759,2.4819225,3.39302175,2023-04-23
"R0_t",435,1.3684165,1.727245,2.058205,2.4273275,3.33115725,2023-04-30
"R0_t",436,1.3504485,1.7008575,2.027305,2.392475,3.27558375,2023-05-07
"R0_t",437,1.3374825,1.688485,2.011805,2.37789,3.23146825,2023-05-14
"R0_t",438,1.3355,1.685485,2.007375,2.3673075,3.211528,2023-05-21
"R0_t",439,1.3475325,1.6948925,2.0155,2.3753175,3.2090565,2023-05-28
"R0_t",440,1.363857,1.71494,2.030665,2.3937825,3.22204325,2023-06-04
"R0_t",441,1.38053475,1.7371675,2.049645,2.42026,3.24767925,2023-06-11
"R0_t",442,1.4084255,1.7641025,2.078955,2.45198,3.2818905,2023-06-18
"R0_t",443,1.4372915,1.7939575,2.112255,2.490945,3.3218975,2023-06-25
"R0_t",444,1.46558875,1.8270875,2.141495,2.5248475,3.36791175,2023-07-02
"R0_t",445,1.49114,1.8468475,2.162735,2.54806,3.4094055,2023-07-09
"R0_t",446,1.50372875,1.868665,2.185495,2.5709525,3.42694325,2023-07-16
"R0_t",447,1.512099,1.88288,2.195575,2.579095,3.4361645,2023-07-23
"R0_t",448,1.50974975,1.88266,2.19008,2.5775175,3.43675775,2023-07-30
"R0_t",449,1.49676225,1.8682075,2.18048,2.56642,3.42520325,2023-08-06
"R0_t",450,1.47322125,1.8446325,2.15673,2.5373775,3.40105525,2023-08-13
"R0_t",451,1.44637875,1.8163025,2.12237,2.4997025,3.363453,2023-08-20
"R0_t",452,1.417781,1.7790225,2.07995,2.45304,3.30019825,2023-08-27
"R0_t",453,1.38284875,1.74127,2.036525,2.4044075,3.2343925,2023-09-03
"R0_t",454,1.348392,1.6944675,1.987205,2.34806,3.162308,2023-09-10
"R0_t",455,1.30865025,1.6513425,1.94417,2.295005,3.08917025,2023-09-17
"R0_t",456,1.2746115,1.612775,1.897995,2.2438225,3.022303,2023-09-24
"R0_t",457,1.2494395,1.581095,1.859555,2.2076175,2.97960475,2023-10-01
"R0_t",458,1.2298335,1.55712,1.83433,2.177635,2.9457235,2023-10-08
"R0_t",459,1.21691975,1.54328,1.823535,2.15876,2.93501775,2023-10-15
"R0_t",460,1.21267775,1.5352225,1.8167,2.15624,2.92156975,2023-10-22
"R0_t",461,1.21618425,1.54286,1.82464,2.170965,2.94227074999999,2023-10-29
"R0_t",462,1.23435525,1.5550025,1.85215,2.19704,3.00118275,2023-11-05
"R0_t",463,1.26294775,1.58199,1.88973,2.23657,3.08645375,2023-11-12
"R0_t",464,1.30000025,1.6251275,1.94298,2.29608,3.17041525,2023-11-19
"R0_t",465,1.34112725,1.6771125,2.005235,2.3800275,3.2843375,2023-11-26
"R0_t",466,1.394148,1.74712,2.082635,2.4724175,3.42313225,2023-12-03
"R0_t",467,1.45655975,1.82193,2.167,2.580645,3.5737925,2023-12-10
"R0_t",468,1.52070125,1.89856,2.26182,2.69518,3.73135025,2023-12-17
"R0_t",469,1.58562975,1.982,2.35528,2.81315,3.88987925,2023-12-24
"R0_t",470,1.64864325,2.0713925,2.450765,2.9290975,4.0205935,2023-12-31
"R0_t",471,1.894478,2.37683,2.79831,3.3442475,4.66477425,2024-01-07
"R0_t",472,1.97046775,2.483815,2.91693,3.48211,4.83153575,2024-01-14
"R0_t",473,2.0411875,2.572795,3.01688,3.60099,4.96663399999999,2024-01-21
"R0_t",474,2.095755,2.63907,3.092765,3.6784375,5.08163825,2024-01-28
"R0_t",475,2.125569,2.6784625,3.14049,3.7247875,5.1162055,2024-02-04
"R0_t",476,2.129016,2.69156,3.1503,3.7472325,5.10384525,2024-02-11
"R0_t",477,2.11807775,2.67782,3.12981,3.7278925,5.07291725,2024-02-18
"R0_t",478,2.08334325,2.6329375,3.07978,3.661725,5.0001625,2024-02-25
"R0_t",479,2.027001,2.5660125,3.00203,3.5624875,4.88577175,2024-03-03
"R0_t",480,1.95812875,2.48838,2.914665,3.4483375,4.721521,2024-03-10
"R0_t",481,1.8834255,2.393385,2.811395,3.3204125,4.54662775,2024-03-17
"R0_t",482,1.80482275,2.29602,2.699685,3.18824,4.37641775,2024-03-24
"R0_t",483,1.72855225,2.1965475,2.59582,3.052575,4.19863475,2024-03-31
"R0_t",484,1.654117,2.1002825,2.492215,2.925955,4.02320975,2024-04-07
"R0_t",485,1.58732625,2.0171725,2.38938,2.8100375,3.88473475,2024-04-14
"R0_t",486,1.528038,1.9422525,2.302295,2.7114425,3.73278025,2024-04-21
"R0_t",487,1.4797605,1.8769025,2.22771,2.6229825,3.6204105,2024-04-28
"R0_t",488,1.4416645,1.82205,2.16515,2.5471175,3.49425675,2024-05-05
"R0_t",489,1.40675775,1.778485,2.11574,2.4915475,3.41767725,2024-05-12
"R0_t",490,1.38123575,1.7423575,2.07712,2.450655,3.37957525,2024-05-19
"R0_t",491,1.36662375,1.72,2.053265,2.421755,3.341628,2024-05-26
"R0_t",492,1.36550325,1.7073175,2.03606,2.406595,3.30949775,2024-06-02
"R0_t",493,1.3603735,1.702525,2.025515,2.399155,3.286925,2024-06-09
"R0_t",494,1.362024,1.7033525,2.02126,2.3987775,3.2717145,2024-06-16
"R0_t",495,1.36752,1.702895,2.01968,2.4019425,3.26638075,2024-06-23
"R0_t",496,1.3702715,1.709025,2.02799,2.40284,3.2884095,2024-06-30
"R0_t",497,1.37257975,1.70852,2.03221,2.41055,3.29071525,2024-07-07
"R0_t",498,1.37153725,1.70347,2.025925,2.41038,3.2882825,2024-07-14
"R0_t",499,1.3623205,1.6979875,2.01397,2.4008025,3.283816,2024-07-21
"R0_t",500,1.3515855,1.6881825,2.000675,2.383585,3.266093,2024-07-28
"R0_t",501,1.3337385,1.670085,1.97693,2.3585075,3.24265175,2024-08-04
"R0_t",502,1.31358325,1.6479725,1.94442,2.3254,3.2019015,2024-08-11
"R0_t",503,1.2885655,1.6130125,1.90841,2.29108,3.147907,2024-08-18
"R0_t",504,1.25714475,1.57996,1.870015,2.24532,3.09255225,2024-08-25
"R0_t",505,1.225647,1.5485775,1.828655,2.201445,3.03981875,2024-09-01
"R0_t",506,1.1962015,1.5136375,1.78549,2.15778,2.98553725,2024-09-08
"R0_t",507,1.174131,1.4787675,1.75544,2.1175025,2.9421145,2024-09-15
"R0_t",508,1.1555255,1.45225,1.729225,2.08073,2.89568025,2024-09-22
"R0_t",509,1.136012,1.4299075,1.70279,2.05202,2.86881924999999,2024-09-29
"R0_t",510,1.12996375,1.416895,1.68848,2.038105,2.85686475,2024-10-06
"R0_t",511,1.128476,1.415985,1.69502,2.0360625,2.866303,2024-10-13
"R0_t",512,1.13410825,1.427795,1.711495,2.060865,2.89216,2024-10-20
"R0_t",513,1.15247225,1.4492675,1.740235,2.0979475,2.94379925,2024-10-27
"R0_t",514,1.183182,1.481585,1.78236,2.1475625,3.03571125,2024-11-03
"R0_t",515,1.2215925,1.5313575,1.846825,2.215575,3.155101,2024-11-10
"R0_t",516,1.274919,1.59229,1.92494,2.30066,3.286018,2024-11-17
"R0_t",517,1.33844375,1.67304,2.01267,2.4155875,3.41639249999999,2024-11-24
"R0_t",518,1.41200525,1.766365,2.116355,2.5439775,3.59198425,2024-12-01
"R0_t",519,1.4939995,1.8733475,2.23832,2.6918325,3.79520325,2024-12-08
"R0_t",520,1.58658,1.9890675,2.366425,2.8421775,4.00188275,2024-12-15
"R0_t",521,1.68619275,2.11297,2.506335,3.0017675,4.2173945,2024-12-22
"R0_t",522,1.783371,2.2356175,2.64196,3.169495,4.4318085,2024-12-29
"R0_t",523,1.7724175,2.2612675,2.673515,3.2254975,4.53125699999999,2025-01-05
"R0_t",524,1.8361585,2.3388775,2.76667,3.3385975,4.68113825,2025-01-12
"R0_t",525,1.88172975,2.40431,2.84072,3.431585,4.77931325,2025-01-19
"R0_t",526,1.91335875,2.453305,2.890855,3.49804,4.831512,2025-01-26
"R0_t",527,1.938001,2.4788525,2.923035,3.5343075,4.87755025,2025-02-02
"R0_t",528,1.93465975,2.4799375,2.925415,3.54134,4.890533,2025-02-09
"R0_t",529,1.9112145,2.4645375,2.90455,3.5102225,4.83778175,2025-02-16
"R0_t",530,1.8858875,2.4276275,2.86125,3.4526125,4.7545465,2025-02-23
"R0_t",531,1.8500035,2.37919,2.80222,3.370925,4.64779025,2025-03-02
"R0_t",532,1.8010945,2.3100675,2.72703,3.2705425,4.53027825,2025-03-09
"R0_t",533,1.7396665,2.2293025,2.641595,3.1606675,4.4061975,2025-03-16
"R0_t",534,1.669311,2.1502825,2.55117,3.0479625,4.28215475,2025-03-23
"R0_t",535,1.6094405,2.07375,2.464075,2.9425125,4.14497225,2025-03-30
"R0_t",536,1.552048,1.9974625,2.37506,2.84115,4.009635,2025-04-06
"R0_t",537,1.4963165,1.9330225,2.299175,2.75097,3.88518275,2025-04-13
"R0_t",538,1.45838,1.8757475,2.240825,2.6782475,3.78128875,2025-04-20
"R0_t",539,1.42397575,1.8314575,2.190135,2.6173675,3.69522025,2025-04-27
"R0_t",540,1.4013295,1.7974925,2.151935,2.5674425,3.61775925,2025-05-04
"R0_t",541,1.39645325,1.7752275,2.12977,2.5337825,3.58250775,2025-05-11
"R0_t",542,1.39119325,1.76279,2.120865,2.524625,3.5507865,2025-05-18
"R0_t",543,1.39719725,1.7657975,2.12636,2.5261425,3.5348,2025-05-25
"R0_t",544,1.40277625,1.7770175,2.13267,2.5365375,3.54532975,2025-06-01
"R0_t",545,1.4200875,1.79623,2.148695,2.559315,3.5787725,2025-06-08
"R0_t",546,1.4380855,1.8203425,2.17051,2.5863975,3.61448525,2025-06-15
"R0_t",547,1.4660585,1.848395,2.19904,2.6285475,3.65760925,2025-06-22
"R0_t",548,1.4863845,1.875455,2.230015,2.6650225,3.7030725,2025-06-29
"R0_t",549,1.50547525,1.897375,2.253465,2.6932025,3.7726075,2025-07-06
"R0_t",550,1.5246975,1.9140625,2.271545,2.7126125,3.80146575,2025-07-13
"R0_t",551,1.53484075,1.927865,2.281325,2.7329525,3.81305725,2025-07-20
"R0_t",552,1.53894325,1.931545,2.28516,2.7259725,3.804535,2025-07-27
"R0_t",553,1.530992,1.92265,2.27812,2.7155025,3.7993425,2025-08-03
"R0_t",554,1.51724575,1.9026825,2.256085,2.6901475,3.763829,2025-08-10
"R0_t",555,1.4871145,1.8751175,2.219995,2.658325,3.72330025,2025-08-17
"R0_t",556,1.4616735,1.8379,2.183075,2.614225,3.67054525,2025-08-24
"R0_t",557,1.4262265,1.794715,2.131885,2.571375,3.609629,2025-08-31
"R0_t",558,1.38725425,1.7486375,2.08181,2.510475,3.543793,2025-09-07
"R0_t",559,1.349323,1.7033975,2.03077,2.4465725,3.46315875,2025-09-14
"R0_t",560,1.30547275,1.6595775,1.986575,2.38722,3.38338525,2025-09-21
"R0_t",561,1.2735865,1.6276925,1.949505,2.3469075,3.3218905,2025-09-28
"R0_t",562,1.252829,1.5997,1.920635,2.31364,3.299282,2025-10-05
"R0_t",563,1.236825,1.5834625,1.89791,2.2874,3.28257325,2025-10-12
"R0_t",564,1.231988,1.5703,1.88894,2.2852475,3.2820195,2025-10-19
"R0_t",565,1.2387115,1.5767875,1.897745,2.2949975,3.29478075,2025-10-26
"R0_t",566,1.255176,1.595515,1.928685,2.323295,3.32453625,2025-11-02
"R0_t",567,1.28513,1.6256775,1.96198,2.371225,3.3911425,2025-11-09
"R0_t",568,1.32269825,1.6691625,2.01969,2.4241475,3.461556,2025-11-16
"R0_t",569,1.36960425,1.7263,2.085105,2.504965,3.54901974999999,2025-11-23
"R0_t",570,1.42279025,1.79611,2.160535,2.60086,3.68585675,2025-11-30
"R0_t",571,1.47780075,1.8822925,2.251405,2.7069475,3.82780125,2025-12-07
"R0_t",572,1.54176525,1.9712675,2.34773,2.822065,4.01523425,2025-12-14
"R0_t",573,1.6165765,2.0647975,2.45898,2.951455,4.16743774999999,2025-12-21
"R_eff_t",1,1.61038725,1.6802625,1.72224,1.76841,1.86292825,2015-01-04
"R_eff_t",2,1.6524955,1.729435,1.775395,1.8244475,1.926645,2015-01-11
"R_eff_t",3,1.69069975,1.770745,1.817095,1.8707725,1.9801785,2015-01-18
"R_eff_t",4,1.7151885,1.7988625,1.84899,1.90248,2.02059225,2015-01-25
"R_eff_t",5,1.7354705,1.8156275,1.86615,1.9190625,2.044018,2015-02-01
"R_eff_t",6,1.73073925,1.816095,1.869025,1.9246425,2.04776,2015-02-08
"R_eff_t",7,1.71888575,1.803145,1.856615,1.9120575,2.03769,2015-02-15
"R_eff_t",8,1.69055325,1.7768375,1.82914,1.8842975,2.008126,2015-02-22
"R_eff_t",9,1.6544155,1.73906,1.789735,1.84488,1.96031925,2015-03-01
"R_eff_t",10,1.609415,1.695685,1.741345,1.79586,1.9054135,2015-03-08
"R_eff_t",11,1.560787,1.64689,1.68977,1.74121,1.84368225,2015-03-15
"R_eff_t",12,1.5102185,1.5943225,1.63426,1.6844575,1.78098525,2015-03-22
"R_eff_t",13,1.45949075,1.5421225,1.581015,1.6260275,1.719193,2015-03-29
"R_eff_t",14,1.41467475,1.49444,1.53308,1.572885,1.65868075,2015-04-05
"R_eff_t",15,1.37517225,1.4522525,1.488275,1.525715,1.6062855,2015-04-12
"R_eff_t",16,1.34501125,1.4162825,1.451445,1.4845875,1.5557715,2015-04-19
"R_eff_t",17,1.320747,1.3872675,1.42209,1.4542875,1.52122025,2015-04-26
"R_eff_t",18,1.3077875,1.36979,1.402405,1.43295,1.4898715,2015-05-03
"R_eff_t",19,1.3050325,1.36024,1.390725,1.4205525,1.46921,2015-05-10
"R_eff_t",20,1.3098895,1.3597175,1.387895,1.415785,1.458157,2015-05-17
"R_eff_t",21,1.3222455,1.3669075,1.392955,1.420095,1.460779,2015-05-24
"R_eff_t",22,1.34237025,1.383195,1.406795,1.431725,1.47097075,2015-05-31
"R_eff_t",23,1.36298775,1.4043775,1.42565,1.44978,1.4894245,2015-06-07
"R_eff_t",24,1.38998525,1.428405,1.44955,1.4734025,1.5162,2015-06-14
"R_eff_t",25,1.411348,1.4539525,1.477115,1.5006525,1.5438425,2015-06-21
"R_eff_t",26,1.430331,1.48094,1.504335,1.5290425,1.5760255,2015-06-28
"R_eff_t",27,1.44626275,1.50373,1.53102,1.5574925,1.60679025,2015-07-05
"R_eff_t",28,1.45499075,1.520925,1.552665,1.58219,1.63364025,2015-07-12
"R_eff_t",29,1.4611035,1.5332475,1.56765,1.6007025,1.65713675,2015-07-19
"R_eff_t",30,1.46072,1.5375625,1.57437,1.6107925,1.6719115,2015-07-26
"R_eff_t",31,1.452632,1.535045,1.572365,1.6107025,1.67667875,2015-08-02
"R_eff_t",32,1.43939425,1.5240875,1.56116,1.6041825,1.66718425,2015-08-09
"R_eff_t",33,1.4222495,1.506845,1.54203,1.58402,1.650554,2015-08-16
"R_eff_t",34,1.401749,1.482025,1.5168,1.55717,1.6228765,2015-08-23
"R_eff_t",35,1.375904,1.452345,1.485045,1.52246,1.5885585,2015-08-30
"R_eff_t",36,1.34459625,1.419155,1.45155,1.485245,1.54739375,2015-09-06
"R_eff_t",37,1.315131,1.384965,1.41598,1.4473275,1.50394825,2015-09-13
"R_eff_t",38,1.290098,1.3499075,1.37957,1.4106675,1.46242825,2015-09-20
"R_eff_t",39,1.2673345,1.3208075,1.348145,1.377,1.42504475,2015-09-27
"R_eff_t",40,1.245155,1.29615,1.32174,1.34781,1.39450025,2015-10-04
"R_eff_t",41,1.2303255,1.2780125,1.301235,1.327035,1.36964275,2015-10-11
"R_eff_t",42,1.22265425,1.2668225,1.2893,1.31343,1.35304075,2015-10-18
"R_eff_t",43,1.22141525,1.2633175,1.286605,1.3107675,1.35287,2015-10-25
"R_eff_t",44,1.2257955,1.2697,1.29208,1.31701,1.36215425,2015-11-01
"R_eff_t",45,1.239539,1.28516,1.308045,1.3338725,1.382621,2015-11-08
"R_eff_t",46,1.26447775,1.3080875,1.33419,1.3620775,1.412264,2015-11-15
"R_eff_t",47,1.29797925,1.341105,1.370735,1.39911,1.45257325,2015-11-22
"R_eff_t",48,1.33603875,1.3817925,1.41326,1.4451075,1.5040035,2015-11-29
"R_eff_t",49,1.3812255,1.43209,1.46299,1.49681,1.56503175,2015-12-06
"R_eff_t",50,1.4329095,1.487075,1.52117,1.5549025,1.62834,2015-12-13
"R_eff_t",51,1.4871025,1.542735,1.57918,1.615385,1.69690575,2015-12-20
"R_eff_t",52,1.540223,1.600205,1.63825,1.678055,1.7635045,2015-12-27
"R_eff_t",53,1.16959725,1.2282525,1.25945,1.293315,1.3675615,2016-01-03
"R_eff_t",54,1.22582175,1.2849375,1.31741,1.3511875,1.424391,2016-01-10
"R_eff_t",55,1.27288675,1.334105,1.36658,1.3997775,1.47179925,2016-01-17
"R_eff_t",56,1.31076325,1.3724175,1.40534,1.4383925,1.5113515,2016-01-24
"R_eff_t",57,1.3382795,1.398915,1.430085,1.465605,1.5333855,2016-01-31
"R_eff_t",58,1.34891225,1.40887,1.439725,1.4746875,1.54266575,2016-02-07
"R_eff_t",59,1.3443855,1.402945,1.435605,1.4685525,1.5354755,2016-02-14
"R_eff_t",60,1.326286,1.382625,1.415085,1.447775,1.51375425,2016-02-21
"R_eff_t",61,1.29601875,1.3499,1.38123,1.4133825,1.478402,2016-02-28
"R_eff_t",62,1.2559235,1.3064975,1.33542,1.3692925,1.42695875,2016-03-06
"R_eff_t",63,1.209698,1.2565625,1.284695,1.3159125,1.369514,2016-03-13
"R_eff_t",64,1.15741575,1.202145,1.22863,1.2566225,1.30789225,2016-03-20
"R_eff_t",65,1.10212675,1.146175,1.169075,1.1964125,1.2456605,2016-03-27
"R_eff_t",66,1.05060725,1.0908925,1.112745,1.1368625,1.184962,2016-04-03
"R_eff_t",67,1.000459325,1.0381425,1.059235,1.0821825,1.1266705,2016-04-10
"R_eff_t",68,0.955694075,0.98999825,1.010295,1.0309775,1.07254925,2016-04-17
"R_eff_t",69,0.915466525,0.94831075,0.967111,0.98663625,1.0239135,2016-04-24
"R_eff_t",70,0.881132175,0.91288325,0.9291635,0.9478555,0.981144925,2016-05-01
"R_eff_t",71,0.853223325,0.88323775,0.899176,0.91633525,0.9477501,2016-05-08
"R_eff_t",72,0.8318565,0.8591405,0.875028,0.890403,0.921005875,2016-05-15
"R_eff_t",73,0.8160328,0.84086825,0.8565925,0.87042625,0.900914125,2016-05-22
"R_eff_t",74,0.802419175,0.82778925,0.8429595,0.85702125,0.88569055,2016-05-29
"R_eff_t",75,0.7925002,0.81860625,0.8321735,0.847601,0.875040925,2016-06-05
"R_eff_t",76,0.787503475,0.8123795,0.8263455,0.841411,0.867629675,2016-06-12
"R_eff_t",77,0.78009345,0.8073095,0.8225215,0.83801075,0.863627125,2016-06-19
"R_eff_t",78,0.7756991,0.80442975,0.8198085,0.83578125,0.862239125,2016-06-26
"R_eff_t",79,0.76948765,0.80168175,0.817234,0.83412675,0.861716325,2016-07-03
"R_eff_t",80,0.7638877,0.79737525,0.8142965,0.8316085,0.8614112,2016-07-10
"R_eff_t",81,0.7569093,0.7916015,0.8095925,0.82734475,0.85964045,2016-07-17
"R_eff_t",82,0.747803225,0.78391025,0.8026985,0.82094525,0.854584125,2016-07-24
"R_eff_t",83,0.738218525,0.77378575,0.7928605,0.811908,0.8461218,2016-07-31
"R_eff_t",84,0.726883525,0.7620215,0.780348,0.799393,0.834468025,2016-08-07
"R_eff_t",85,0.712551125,0.748023,0.7663365,0.78515375,0.820808975,2016-08-14
"R_eff_t",86,0.6971793,0.732702,0.750003,0.76824175,0.804136425,2016-08-21
"R_eff_t",87,0.6827624,0.7165225,0.733327,0.7508245,0.783316825,2016-08-28
"R_eff_t",88,0.669278575,0.70065075,0.7168405,0.7325685,0.765580925,2016-09-04
"R_eff_t",89,0.654864275,0.68551475,0.7003885,0.7158955,0.745915025,2016-09-11
"R_eff_t",90,0.6440487,0.67236675,0.686586,0.70151225,0.729020775,2016-09-18
"R_eff_t",91,0.635912025,0.66222475,0.676158,0.68990475,0.71524255,2016-09-25
"R_eff_t",92,0.6312946,0.65625475,0.668706,0.6818315,0.70768425,2016-10-02
"R_eff_t",93,0.62868515,0.65369275,0.666339,0.679098,0.704299225,2016-10-09
"R_eff_t",94,0.63155635,0.65653775,0.6686875,0.68108325,0.706216275,2016-10-16
"R_eff_t",95,0.63859845,0.66441925,0.6764225,0.6891475,0.715870275,2016-10-23
"R_eff_t",96,0.652677875,0.677534,0.690164,0.70333925,0.72990555,2016-10-30
"R_eff_t",97,0.671004725,0.69686725,0.710598,0.72475225,0.752358625,2016-11-06
"R_eff_t",98,0.696283075,0.72255425,0.737728,0.75220475,0.783262525,2016-11-13
"R_eff_t",99,0.727379175,0.75518925,0.7713005,0.78669975,0.818710425,2016-11-20
"R_eff_t",100,0.764812275,0.79430425,0.8106915,0.8287305,0.86161865,2016-11-27
"R_eff_t",101,0.80684435,0.83876625,0.8559295,0.87600475,0.9136562,2016-12-04
"R_eff_t",102,0.854653825,0.88793625,0.9067575,0.9279255,0.9693338,2016-12-11
"R_eff_t",103,0.9019103,0.94050675,0.9608415,0.98284775,1.02971175,2016-12-18
"R_eff_t",104,0.953369425,0.99366025,1.017045,1.040335,1.090762,2016-12-25
"R_eff_t",105,1.03308175,1.06677,1.083555,1.1013475,1.14206625,2017-01-01
"R_eff_t",106,1.0672625,1.10168,1.120585,1.138635,1.17786275,2017-01-08
"R_eff_t",107,1.0951575,1.1317075,1.150925,1.1711425,1.2124175,2017-01-15
"R_eff_t",108,1.11423925,1.15402,1.17451,1.1957825,1.23908,2017-01-22
"R_eff_t",109,1.12697725,1.1674375,1.189625,1.21223,1.25612075,2017-01-29
"R_eff_t",110,1.1310975,1.1714175,1.192695,1.2173425,1.264781,2017-02-05
"R_eff_t",111,1.12529075,1.165565,1.187545,1.2126525,1.26135025,2017-02-12
"R_eff_t",112,1.11050275,1.1505425,1.173345,1.1995925,1.2439215,2017-02-19
"R_eff_t",113,1.0863965,1.1286425,1.15069,1.175485,1.22120375,2017-02-26
"R_eff_t",114,1.057476,1.1,1.12239,1.1460825,1.191692,2017-03-05
"R_eff_t",115,1.0271855,1.06757,1.08891,1.1115925,1.1549735,2017-03-12
"R_eff_t",116,0.9957067,1.0332575,1.0536,1.075225,1.1150305,2017-03-19
"R_eff_t",117,0.96352665,0.99803425,1.0176,1.0383475,1.07532725,2017-03-26
"R_eff_t",118,0.932733575,0.965348,0.9831905,1.0032725,1.039441,2017-04-02
"R_eff_t",119,0.905841875,0.93511325,0.95294,0.97108325,1.0065845,2017-04-09
"R_eff_t",120,0.879847375,0.909017,0.9265685,0.94328025,0.97738085,2017-04-16
"R_eff_t",121,0.8589032,0.88826225,0.9049575,0.920632,0.9500648,2017-04-23
"R_eff_t",122,0.8457308,0.87333,0.888745,0.9036295,0.9324655,2017-04-30
"R_eff_t",123,0.83656345,0.86399875,0.878046,0.89313775,0.920795375,2017-05-07
"R_eff_t",124,0.833751825,0.860621,0.873462,0.88772375,0.914810775,2017-05-14
"R_eff_t",125,0.836329925,0.8610595,0.874123,0.888678,0.914019525,2017-05-21
"R_eff_t",126,0.84192635,0.86711125,0.879959,0.8930275,0.918991575,2017-05-28
"R_eff_t",127,0.852242775,0.87617675,0.8899315,0.902056,0.927849875,2017-06-04
"R_eff_t",128,0.8655599,0.88905125,0.902588,0.91509575,0.94162475,2017-06-11
"R_eff_t",129,0.877737525,0.90360175,0.917792,0.93098525,0.95746005,2017-06-18
"R_eff_t",130,0.8909797,0.918627,0.93367,0.9467465,0.97542905,2017-06-25
"R_eff_t",131,0.902983075,0.9321815,0.9490485,0.9643185,0.992326325,2017-07-02
"R_eff_t",132,0.913598275,0.94392025,0.9614915,0.978531,1.011251,2017-07-09
"R_eff_t",133,0.918734475,0.95270725,0.970979,0.9893105,1.02449275,2017-07-16
"R_eff_t",134,0.921374575,0.9561455,0.9764155,0.99515825,1.036016,2017-07-23
"R_eff_t",135,0.9190876,0.95608775,0.9766665,0.99637775,1.0385245,2017-07-30
"R_eff_t",136,0.913020775,0.9510965,0.9711895,0.99219325,1.03429375,2017-08-06
"R_eff_t",137,0.902665375,0.94048625,0.9602245,0.9827025,1.024788,2017-08-13
"R_eff_t",138,0.887101925,0.92544025,0.9450875,0.96604425,1.0113015,2017-08-20
"R_eff_t",139,0.867950475,0.907103,0.92703,0.9471955,0.988133475,2017-08-27
"R_eff_t",140,0.849623175,0.886813,0.906226,0.924923,0.9637575,2017-09-03
"R_eff_t",141,0.830314775,0.86637125,0.883565,0.901874,0.93692645,2017-09-10
"R_eff_t",142,0.811678975,0.8453165,0.861535,0.87907175,0.913236225,2017-09-17
"R_eff_t",143,0.79463955,0.825299,0.8417325,0.8584635,0.8896619,2017-09-24
"R_eff_t",144,0.779449975,0.809749,0.8244695,0.84037175,0.870692525,2017-10-01
"R_eff_t",145,0.767056425,0.7974965,0.8112215,0.82666275,0.85630835,2017-10-08
"R_eff_t",146,0.761482275,0.78887775,0.802761,0.8175935,0.846248475,2017-10-15
"R_eff_t",147,0.759733725,0.785722,0.7998145,0.8144305,0.843951625,2017-10-22
"R_eff_t",148,0.7620866,0.78859975,0.8024085,0.81775875,0.84679615,2017-10-29
"R_eff_t",149,0.772126775,0.79728325,0.8107155,0.826934,0.856739075,2017-11-05
"R_eff_t",150,0.7884314,0.81233725,0.82641,0.842526,0.870894675,2017-11-12
"R_eff_t",151,0.80874565,0.8330565,0.8480775,0.8640495,0.891444325,2017-11-19
"R_eff_t",152,0.836160275,0.85996625,0.875521,0.8908235,0.922748625,2017-11-26
"R_eff_t",153,0.866895325,0.8922685,0.9076495,0.922872,0.955460375,2017-12-03
"R_eff_t",154,0.90290005,0.928799,0.9446915,0.9588785,0.993855175,2017-12-10
"R_eff_t",155,0.9394904,0.96808525,0.9832425,0.99762375,1.03397225,2017-12-17
"R_eff_t",156,0.9763887,1.0085,1.022945,1.0383675,1.07597275,2017-12-24
"R_eff_t",157,1.0158365,1.0473125,1.06241,1.07923,1.11601675,2017-12-31
"R_eff_t",158,1.1150575,1.159625,1.184865,1.209695,1.2563385,2018-01-07
"R_eff_t",159,1.15232325,1.2003,1.225925,1.2539875,1.30375025,2018-01-14
"R_eff_t",160,1.17974925,1.2326525,1.259715,1.2894175,1.34158475,2018-01-21
"R_eff_t",161,1.199304,1.25477,1.28361,1.3149275,1.3694335,2018-01-28
"R_eff_t",162,1.209466,1.26589,1.29532,1.32889,1.38182575,2018-02-04
"R_eff_t",163,1.20917725,1.2646825,1.295025,1.32976,1.38217,2018-02-11
"R_eff_t",164,1.19673425,1.2529575,1.283645,1.31747,1.369081,2018-02-18
"R_eff_t",165,1.179048,1.2316275,1.261515,1.294775,1.34407775,2018-02-25
"R_eff_t",166,1.152744,1.20251,1.23022,1.26269,1.3144405,2018-03-04
"R_eff_t",167,1.11894375,1.16717,1.19271,1.22344,1.271944,2018-03-11
"R_eff_t",168,1.0800075,1.1264825,1.15262,1.1800475,1.22724575,2018-03-18
"R_eff_t",169,1.04245975,1.086325,1.110175,1.134595,1.180851,2018-03-25
"R_eff_t",170,1.0064245,1.046525,1.067815,1.0898425,1.13243675,2018-04-01
"R_eff_t",171,0.970743875,1.008825,1.027465,1.0485025,1.08699275,2018-04-08
"R_eff_t",172,0.9387933,0.97482,0.9914975,1.011195,1.046781,2018-04-15
"R_eff_t",173,0.91250865,0.94601475,0.9612885,0.979169,1.01141875,2018-04-22
"R_eff_t",174,0.891804775,0.92226225,0.936488,0.9528605,0.984450575,2018-04-29
"R_eff_t",175,0.875385425,0.90318125,0.9176075,0.93263025,0.96217085,2018-05-06
"R_eff_t",176,0.86419545,0.89093575,0.904832,0.91868875,0.946403225,2018-05-13
"R_eff_t",177,0.85666445,0.8831735,0.8970245,0.91025725,0.936596175,2018-05-20
"R_eff_t",178,0.856547875,0.88068975,0.8942355,0.9071835,0.9326134,2018-05-27
"R_eff_t",179,0.857408,0.88235175,0.89495,0.90829575,0.93385365,2018-06-03
"R_eff_t",180,0.8604303,0.886098,0.8994325,0.91328175,0.9381998,2018-06-10
"R_eff_t",181,0.8650741,0.8923135,0.906297,0.9216095,0.948976,2018-06-17
"R_eff_t",182,0.870727675,0.899852,0.914377,0.93037425,0.9592057,2018-06-24
"R_eff_t",183,0.87539035,0.9066385,0.922237,0.93972175,0.97106055,2018-07-01
"R_eff_t",184,0.879130025,0.9122015,0.928915,0.946919,0.97999325,2018-07-08
"R_eff_t",185,0.879797525,0.91502325,0.933447,0.95214825,0.9886358,2018-07-15
"R_eff_t",186,0.877917525,0.91454025,0.9343745,0.9538175,0.9938472,2018-07-22
"R_eff_t",187,0.873035875,0.91090425,0.931569,0.9523875,0.992916075,2018-07-29
"R_eff_t",188,0.86385595,0.90261075,0.923224,0.946121,0.98674105,2018-08-05
"R_eff_t",189,0.85165655,0.8921285,0.911169,0.9342635,0.97595585,2018-08-12
"R_eff_t",190,0.83600365,0.876924,0.895859,0.9194965,0.96121685,2018-08-19
"R_eff_t",191,0.8197242,0.85962725,0.8785215,0.9001335,0.9415583,2018-08-26
"R_eff_t",192,0.802613975,0.84145975,0.859807,0.88085375,0.9231609,2018-09-02
"R_eff_t",193,0.784714725,0.8230135,0.8406845,0.861285,0.90156375,2018-09-09
"R_eff_t",194,0.766817225,0.804764,0.822155,0.84205525,0.880343925,2018-09-16
"R_eff_t",195,0.752213625,0.78768575,0.8053195,0.8247945,0.8639674,2018-09-23
"R_eff_t",196,0.739865225,0.774953,0.7926015,0.81073275,0.84771175,2018-09-30
"R_eff_t",197,0.732589375,0.76578275,0.7841465,0.80134525,0.836942975,2018-10-07
"R_eff_t",198,0.7291525,0.761913,0.7795765,0.79577675,0.830860775,2018-10-14
"R_eff_t",199,0.732361775,0.76315875,0.7811995,0.79757775,0.83236355,2018-10-21
"R_eff_t",200,0.7393249,0.77042225,0.788793,0.80589925,0.8397892,2018-10-28
"R_eff_t",201,0.7547643,0.78486525,0.803475,0.82040825,0.85394035,2018-11-04
"R_eff_t",202,0.77543185,0.805783,0.8242485,0.84161825,0.874496,2018-11-11
"R_eff_t",203,0.8019308,0.8331205,0.8512895,0.87022425,0.90171445,2018-11-18
"R_eff_t",204,0.834267075,0.86671675,0.885707,0.9048285,0.93929745,2018-11-25
"R_eff_t",205,0.874901075,0.90649725,0.9254945,0.94545975,0.981141025,2018-12-02
"R_eff_t",206,0.91864145,0.95186725,0.9705915,0.99112825,1.0273845,2018-12-09
"R_eff_t",207,0.96418085,1.0000075,1.01978,1.04025,1.07805875,2018-12-16
"R_eff_t",208,1.011531,1.049505,1.07026,1.09121,1.131971,2018-12-23
"R_eff_t",209,1.05836925,1.098865,1.12114,1.1431625,1.18670775,2018-12-30
"R_eff_t",210,1.26545675,1.312405,1.338405,1.3662275,1.4229225,2019-01-06
"R_eff_t",211,1.31559675,1.36606,1.393615,1.4244125,1.48577475,2019-01-13
"R_eff_t",212,1.353978,1.4097125,1.441225,1.473985,1.539432,2019-01-20
"R_eff_t",213,1.37794875,1.441655,1.47552,1.5089975,1.580024,2019-01-27
"R_eff_t",214,1.3897645,1.460175,1.496395,1.53367,1.60519975,2019-02-03
"R_eff_t",215,1.39317925,1.461825,1.50239,1.541415,1.6184215,2019-02-10
"R_eff_t",216,1.38397825,1.4514175,1.491535,1.53407,1.610757,2019-02-17
"R_eff_t",217,1.3634375,1.429145,1.468015,1.5106875,1.5852305,2019-02-24
"R_eff_t",218,1.32989925,1.3955575,1.434285,1.4750525,1.54536225,2019-03-03
"R_eff_t",219,1.2889205,1.353205,1.390785,1.4302175,1.49736,2019-03-10
"R_eff_t",220,1.247508,1.3058425,1.34203,1.377495,1.4421215,2019-03-17
"R_eff_t",221,1.201678,1.2567575,1.28962,1.3238525,1.385005,2019-03-24
"R_eff_t",222,1.15554825,1.20735,1.237845,1.267505,1.3265405,2019-03-31
"R_eff_t",223,1.1116895,1.15951,1.18718,1.2149525,1.26845225,2019-04-07
"R_eff_t",224,1.07078875,1.115295,1.14044,1.164555,1.21540725,2019-04-14
"R_eff_t",225,1.0338835,1.0769175,1.09926,1.121855,1.16865775,2019-04-21
"R_eff_t",226,1.003353,1.044045,1.063905,1.084265,1.12734075,2019-04-28
"R_eff_t",227,0.980481525,1.01627,1.03518,1.0539925,1.0921315,2019-05-05
"R_eff_t",228,0.962573525,0.995426,1.01279,1.0302225,1.066353,2019-05-12
"R_eff_t",229,0.9497471,0.980027,0.996845,1.0127075,1.0484395,2019-05-19
"R_eff_t",230,0.942791425,0.97076875,0.986108,1.00218,1.03423525,2019-05-26
"R_eff_t",231,0.9379075,0.96602575,0.981245,0.99549675,1.0284355,2019-06-02
"R_eff_t",232,0.937011125,0.9645055,0.979463,0.99436725,1.026179,2019-06-09
"R_eff_t",233,0.9373884,0.96524175,0.980507,0.99634425,1.02595625,2019-06-16
"R_eff_t",234,0.93843305,0.96766725,0.983822,0.999368,1.02918075,2019-06-23
"R_eff_t",235,0.9400287,0.969815,0.98646,1.0033375,1.03450475,2019-06-30
"R_eff_t",236,0.9406259,0.9712895,0.9892135,1.006925,1.0376465,2019-07-07
"R_eff_t",237,0.939138025,0.9710015,0.9897765,1.0071675,1.04286175,2019-07-14
"R_eff_t",238,0.932362075,0.96739825,0.9866235,1.0053125,1.0438245,2019-07-21
"R_eff_t",239,0.9240479,0.961073,0.980443,0.99977925,1.039762,2019-07-28
"R_eff_t",240,0.91145585,0.95028525,0.9707465,0.9912115,1.03237025,2019-08-04
"R_eff_t",241,0.8982841,0.937269,0.95721,0.97816,1.01704125,2019-08-11
"R_eff_t",242,0.882090925,0.9200465,0.940261,0.96241825,0.999390475,2019-08-18
"R_eff_t",243,0.86238295,0.90082175,0.922754,0.943827,0.980443275,2019-08-25
"R_eff_t",244,0.843146475,0.880739,0.9022225,0.923657,0.961539125,2019-09-01
"R_eff_t",245,0.824373825,0.860389,0.882177,0.90323125,0.9403526,2019-09-08
"R_eff_t",246,0.80880595,0.84159825,0.8635405,0.88443275,0.922615825,2019-09-15
"R_eff_t",247,0.7931327,0.8260025,0.847323,0.86883625,0.907033525,2019-09-22
"R_eff_t",248,0.779003825,0.81365025,0.8336525,0.8568095,0.895580525,2019-09-29
"R_eff_t",249,0.769510075,0.806718,0.825794,0.84847,0.888775125,2019-10-06
"R_eff_t",250,0.7686624,0.804584,0.8237135,0.84562875,0.886124325,2019-10-13
"R_eff_t",251,0.770782775,0.808192,0.827898,0.850204,0.8907979,2019-10-20
"R_eff_t",252,0.7821209,0.81954625,0.8396075,0.86044625,0.903832475,2019-10-27
"R_eff_t",253,0.8004827,0.83782375,0.8583375,0.87953775,0.922578825,2019-11-03
"R_eff_t",254,0.826973,0.86350575,0.8849655,0.906825,0.9501588,2019-11-10
"R_eff_t",255,0.861322075,0.897686,0.918829,0.93999325,0.983933125,2019-11-17
"R_eff_t",256,0.902271825,0.93931775,0.9608875,0.981374,1.02245175,2019-11-24
"R_eff_t",257,0.95074545,0.98771375,1.00939,1.030605,1.071659,2019-12-01
"R_eff_t",258,1.0065375,1.0429925,1.06372,1.085225,1.1267585,2019-12-08
"R_eff_t",259,1.06473225,1.1030175,1.123685,1.1452825,1.18778875,2019-12-15
"R_eff_t",260,1.12383125,1.165175,1.18599,1.209065,1.2562515,2019-12-22
"R_eff_t",261,1.18428625,1.2267425,1.249195,1.2740575,1.32295625,2019-12-29
"R_eff_t",262,1.20598225,1.2443725,1.266635,1.2893575,1.33105475,2020-01-05
"R_eff_t",263,1.24610575,1.29028,1.3145,1.3411425,1.3883165,2020-01-12
"R_eff_t",264,1.2766715,1.3277475,1.35543,1.385185,1.44059825,2020-01-19
"R_eff_t",265,1.29644375,1.3540975,1.38635,1.4187,1.47820275,2020-01-26
"R_eff_t",266,1.303001,1.3691325,1.404735,1.43892,1.50515,2020-02-02
"R_eff_t",267,1.3022715,1.3723675,1.40892,1.444685,1.51725625,2020-02-09
"R_eff_t",268,1.288678,1.36358,1.39998,1.4388775,1.51649525,2020-02-16
"R_eff_t",269,1.2665495,1.34279,1.379465,1.4178275,1.50030525,2020-02-23
"R_eff_t",270,1.23650725,1.3115975,1.34761,1.386125,1.46688125,2020-03-01
"R_eff_t",271,1.20144275,1.27303,1.308745,1.34557,1.42521875,2020-03-08
"R_eff_t",272,1.1653075,1.230035,1.26463,1.2991325,1.372848,2020-03-15
"R_eff_t",273,1.12666575,1.1848725,1.218665,1.24927,1.32000025,2020-03-22
"R_eff_t",274,1.089625,1.1398275,1.17082,1.19914,1.2638155,2020-03-29
"R_eff_t",275,1.0518485,1.0988275,1.12519,1.1524025,1.208269,2020-04-05
"R_eff_t",276,1.0175025,1.0603925,1.08427,1.1084675,1.155706,2020-04-12
"R_eff_t",277,0.9879033,1.0260575,1.04784,1.07088,1.11182425,2020-04-19
"R_eff_t",278,0.962615375,0.9969245,1.01716,1.0382725,1.07640525,2020-04-26
"R_eff_t",279,0.94353455,0.974444,0.992831,1.011775,1.04931275,2020-05-03
"R_eff_t",280,0.9287317,0.95884225,0.974742,0.992579,1.027626,2020-05-10
"R_eff_t",281,0.91894775,0.94708325,0.963268,0.97910375,1.01284275,2020-05-17
"R_eff_t",282,0.9131588,0.94129125,0.9569875,0.97239575,1.0050535,2020-05-24
"R_eff_t",283,0.9141871,0.94019075,0.9556265,0.97026225,0.9998787,2020-05-31
"R_eff_t",284,0.91334395,0.943365,0.958236,0.97322825,1.00288225,2020-06-07
"R_eff_t",285,0.917531175,0.9484735,0.963275,0.97967475,1.0103005,2020-06-14
"R_eff_t",286,0.922563925,0.95590875,0.9702445,0.98750675,1.017584,2020-06-21
"R_eff_t",287,0.92632955,0.96245875,0.9779165,0.99517325,1.0275015,2020-06-28
"R_eff_t",288,0.929514375,0.966845,0.984463,1.0027475,1.03727175,2020-07-05
"R_eff_t",289,0.93270595,0.9692595,0.988333,1.0076775,1.04631175,2020-07-12
"R_eff_t",290,0.933146,0.96934625,0.989257,1.0100675,1.05028325,2020-07-19
"R_eff_t",291,0.92921415,0.965761,0.985739,1.007565,1.04872225,2020-07-26
"R_eff_t",292,0.920898375,0.95835225,0.977733,1.0014,1.042681,2020-08-02
"R_eff_t",293,0.909535825,0.94608025,0.96552,0.98969825,1.03290425,2020-08-09
"R_eff_t",294,0.89453945,0.93032775,0.950055,0.973833,1.02005025,2020-08-16
"R_eff_t",295,0.876473925,0.91239075,0.931623,0.95530775,0.99997855,2020-08-23
"R_eff_t",296,0.8541802,0.89187675,0.911675,0.9338055,0.978012325,2020-08-30
"R_eff_t",297,0.831807925,0.870787,0.890983,0.9125055,0.9562587,2020-09-06
"R_eff_t",298,0.81316425,0.8504565,0.8704585,0.89167575,0.9328075,2020-09-13
"R_eff_t",299,0.796753225,0.8315365,0.851469,0.8728835,0.913887375,2020-09-20
"R_eff_t",300,0.780016825,0.8152455,0.8359195,0.85635675,0.895607025,2020-09-27
"R_eff_t",301,0.769018375,0.804567,0.8239195,0.845348,0.88218405,2020-10-04
"R_eff_t",302,0.763520075,0.79852625,0.817356,0.8388465,0.875419475,2020-10-11
"R_eff_t",303,0.762034875,0.7981985,0.8167145,0.83709325,0.875448575,2020-10-18
"R_eff_t",304,0.76932065,0.80399625,0.822574,0.84284425,0.882680925,2020-10-25
"R_eff_t",305,0.782807375,0.8164115,0.834825,0.8546805,0.892984825,2020-11-01
"R_eff_t",306,0.801786075,0.8358485,0.853926,0.87380475,0.91048095,2020-11-08
"R_eff_t",307,0.8302285,0.8626965,0.880784,0.90022025,0.936024175,2020-11-15
"R_eff_t",308,0.866518525,0.897106,0.9150275,0.9332785,0.96427985,2020-11-22
"R_eff_t",309,0.907539075,0.93753775,0.954962,0.972731,1.0030505,2020-11-29
"R_eff_t",310,0.954864325,0.984346,1.001435,1.017395,1.049308,2020-12-06
"R_eff_t",311,1.00380375,1.03452,1.05062,1.0676175,1.09861475,2020-12-13
"R_eff_t",312,1.0556785,1.0865275,1.103865,1.122005,1.1530535,2020-12-20
"R_eff_t",313,1.10413675,1.1373525,1.15701,1.17658,1.212607,2020-12-27
"R_eff_t",314,1.43660325,1.5071825,1.545635,1.5871875,1.6689725,2021-01-03
"R_eff_t",315,1.521052,1.58717,1.62359,1.662245,1.74175025,2021-01-10
"R_eff_t",316,1.59084425,1.6556375,1.69505,1.73132,1.80657225,2021-01-17
"R_eff_t",317,1.64001125,1.7094925,1.74752,1.786195,1.86057675,2021-01-24
"R_eff_t",318,1.669915,1.7452575,1.784705,1.8234375,1.90312225,2021-01-31
"R_eff_t",319,1.6823865,1.75856,1.80131,1.8408925,1.9220145,2021-02-07
"R_eff_t",320,1.680937,1.7544875,1.796035,1.836785,1.92083075,2021-02-14
"R_eff_t",321,1.6563845,1.7278675,1.77228,1.81345,1.89735475,2021-02-21
"R_eff_t",322,1.61208875,1.6867975,1.727835,1.7704425,1.8553135,2021-02-28
"R_eff_t",323,1.55493625,1.630675,1.6714,1.7114975,1.79059125,2021-03-07
"R_eff_t",324,1.49236925,1.563215,1.603855,1.6412775,1.71831825,2021-03-14
"R_eff_t",325,1.4254635,1.489765,1.526885,1.561155,1.6322645,2021-03-21
"R_eff_t",326,1.3525185,1.4113375,1.447645,1.4801875,1.54918425,2021-03-28
"R_eff_t",327,1.2825235,1.3359075,1.36763,1.398135,1.459805,2021-04-04
"R_eff_t",328,1.213343,1.2624625,1.290655,1.3196075,1.37343,2021-04-11
"R_eff_t",329,1.15009625,1.19489,1.21945,1.246655,1.295531,2021-04-18
"R_eff_t",330,1.089697,1.131095,1.155295,1.180935,1.224646,2021-04-25
"R_eff_t",331,1.03738075,1.076115,1.098655,1.12209,1.1655235,2021-05-02
"R_eff_t",332,0.988722575,1.02769,1.04903,1.071175,1.1131875,2021-05-09
"R_eff_t",333,0.95120675,0.98663125,1.00752,1.0283,1.06822,2021-05-16
"R_eff_t",334,0.917449225,0.95221475,0.9717745,0.9921425,1.03181175,2021-05-23
"R_eff_t",335,0.8908962,0.9236525,0.943783,0.96286625,1.00067625,2021-05-30
"R_eff_t",336,0.866456825,0.9004455,0.9198715,0.93958175,0.97441195,2021-06-06
"R_eff_t",337,0.84486235,0.88209075,0.9009365,0.919567,0.954775525,2021-06-13
"R_eff_t",338,0.82995485,0.86635625,0.884391,0.9031055,0.93591875,2021-06-20
"R_eff_t",339,0.8126944,0.8519225,0.869773,0.88904875,0.92177905,2021-06-27
"R_eff_t",340,0.80128175,0.8374185,0.8557035,0.87495225,0.90825465,2021-07-04
"R_eff_t",341,0.786468,0.82208025,0.8419545,0.86088525,0.8932529,2021-07-11
"R_eff_t",342,0.772595425,0.80790025,0.827137,0.8459235,0.880516075,2021-07-18
"R_eff_t",343,0.75877305,0.7931875,0.8110115,0.82945975,0.86289035,2021-07-25
"R_eff_t",344,0.742491725,0.776169,0.793656,0.81204175,0.846937025,2021-08-01
"R_eff_t",345,0.7243291,0.7571815,0.775054,0.79297125,0.82671735,2021-08-08
"R_eff_t",346,0.70709735,0.7382345,0.7554915,0.7734655,0.805937425,2021-08-15
"R_eff_t",347,0.688472325,0.7182025,0.736123,0.7528165,0.784664775,2021-08-22
"R_eff_t",348,0.671246625,0.699162,0.716384,0.73357975,0.76295355,2021-08-29
"R_eff_t",349,0.65295605,0.68210925,0.6976155,0.71437025,0.74230905,2021-09-05
"R_eff_t",350,0.638092325,0.66639575,0.681623,0.69772025,0.7251758,2021-09-12
"R_eff_t",351,0.62572385,0.6535705,0.6677855,0.68294475,0.711962325,2021-09-19
"R_eff_t",352,0.617516425,0.643919,0.658367,0.672368,0.7019247,2021-09-26
"R_eff_t",353,0.614151475,0.6386355,0.653018,0.666518,0.69799535,2021-10-03
"R_eff_t",354,0.615772125,0.638516,0.652176,0.66570775,0.698138575,2021-10-10
"R_eff_t",355,0.6204681,0.64345775,0.656907,0.67089575,0.701971275,2021-10-17
"R_eff_t",356,0.629992525,0.6530785,0.6682085,0.68302775,0.711903725,2021-10-24
"R_eff_t",357,0.6433038,0.67033425,0.6861115,0.70217225,0.7305052,2021-10-31
"R_eff_t",358,0.66505985,0.693823,0.7109895,0.72772675,0.7580892,2021-11-07
"R_eff_t",359,0.6913433,0.72330325,0.7426855,0.760763,0.7941558,2021-11-14
"R_eff_t",360,0.72212005,0.7602745,0.781081,0.8015875,0.8404169,2021-11-21
"R_eff_t",361,0.7567055,0.8025265,0.8275015,0.85253875,0.8942485,2021-11-28
"R_eff_t",362,0.7990782,0.85072225,0.880574,0.9092015,0.959762925,2021-12-05
"R_eff_t",363,0.83952615,0.9017885,0.937802,0.972351,1.03153475,2021-12-12
"R_eff_t",364,0.8805526,0.95685725,1.00075,1.0399025,1.10843075,2021-12-19
"R_eff_t",365,0.9235831,1.012225,1.063975,1.1105375,1.188563,2021-12-26
"R_eff_t",366,1.28658925,1.3539825,1.39905,1.44959,1.54788125,2022-01-02
"R_eff_t",367,1.36543625,1.43296,1.47526,1.5227175,1.61927275,2022-01-09
"R_eff_t",368,1.435364,1.503705,1.54408,1.58895,1.677779,2022-01-16
"R_eff_t",369,1.493332,1.5610075,1.59947,1.6410175,1.72090075,2022-01-23
"R_eff_t",370,1.5326495,1.6003675,1.63946,1.67727,1.7548365,2022-01-30
"R_eff_t",371,1.55182575,1.62112,1.659515,1.696455,1.770109,2022-02-06
"R_eff_t",372,1.55502125,1.6213525,1.65976,1.6953975,1.765285,2022-02-13
"R_eff_t",373,1.538417,1.602595,1.638215,1.67449,1.742531,2022-02-20
"R_eff_t",374,1.50129975,1.565265,1.59978,1.6366275,1.7029525,2022-02-27
"R_eff_t",375,1.45630175,1.512285,1.54691,1.5807225,1.64812375,2022-03-06
"R_eff_t",376,1.3928365,1.4490375,1.4826,1.5152875,1.58305725,2022-03-13
"R_eff_t",377,1.32465825,1.3780075,1.409585,1.4397675,1.50836175,2022-03-20
"R_eff_t",378,1.2528955,1.3034025,1.33363,1.3626975,1.4260125,2022-03-27
"R_eff_t",379,1.1820125,1.229415,1.25758,1.284595,1.347007,2022-04-03
"R_eff_t",380,1.11260875,1.158405,1.18309,1.2097625,1.2676185,2022-04-10
"R_eff_t",381,1.04705075,1.091185,1.11436,1.1397925,1.19128025,2022-04-17
"R_eff_t",382,0.988778825,1.0300925,1.053305,1.0765925,1.1252395,2022-04-24
"R_eff_t",383,0.938537425,0.97686375,0.998633,1.0205775,1.065677,2022-05-01
"R_eff_t",384,0.895980825,0.9311965,0.9513005,0.97238325,1.01420675,2022-05-08
"R_eff_t",385,0.85981545,0.89253025,0.9113375,0.93028825,0.9717774,2022-05-15
"R_eff_t",386,0.8282197,0.8606915,0.878759,0.89615075,0.93430485,2022-05-22
"R_eff_t",387,0.803559625,0.83442325,0.8510205,0.8676935,0.9031381,2022-05-29
"R_eff_t",388,0.78380715,0.8132405,0.829697,0.84540025,0.879195275,2022-06-05
"R_eff_t",389,0.767617475,0.79554475,0.811904,0.826805,0.859144475,2022-06-12
"R_eff_t",390,0.752901625,0.78169025,0.7969605,0.81286575,0.841618475,2022-06-19
"R_eff_t",391,0.74024165,0.7691415,0.784241,0.800098,0.8283464,2022-06-26
"R_eff_t",392,0.7283394,0.7580275,0.77283,0.78847625,0.8164976,2022-07-03
"R_eff_t",393,0.715549125,0.74721975,0.761493,0.77708925,0.8050995,2022-07-10
"R_eff_t",394,0.70486645,0.73622375,0.749379,0.76530475,0.795171325,2022-07-17
"R_eff_t",395,0.692287975,0.722666,0.737272,0.75282575,0.7843079,2022-07-24
"R_eff_t",396,0.67832485,0.7083835,0.724015,0.73948575,0.770404575,2022-07-31
"R_eff_t",397,0.6645079,0.69413725,0.709536,0.724773,0.7568285,2022-08-07
"R_eff_t",398,0.648491825,0.6783335,0.6938005,0.7089115,0.740239975,2022-08-14
"R_eff_t",399,0.63406975,0.66241,0.6777355,0.69355325,0.72328755,2022-08-21
"R_eff_t",400,0.61956885,0.64620525,0.662156,0.6770495,0.705737825,2022-08-28
"R_eff_t",401,0.60554545,0.6318955,0.647034,0.661109,0.69203385,2022-09-04
"R_eff_t",402,0.59381805,0.618647,0.633102,0.64808725,0.677658675,2022-09-11
"R_eff_t",403,0.58414205,0.60849,0.621637,0.636189,0.66634875,2022-09-18
"R_eff_t",404,0.57710285,0.6018355,0.6143525,0.627776,0.659915825,2022-09-25
"R_eff_t",405,0.57334895,0.5984915,0.610746,0.6235355,0.6548931,2022-10-02
"R_eff_t",406,0.573679025,0.59965075,0.611814,0.624782,0.6556416,2022-10-09
"R_eff_t",407,0.5798425,0.605407,0.618479,0.631324,0.66322015,2022-10-16
"R_eff_t",408,0.592171175,0.616388,0.6306075,0.64365875,0.67521845,2022-10-23
"R_eff_t",409,0.61006745,0.6344405,0.6492025,0.66232775,0.694011025,2022-10-30
"R_eff_t",410,0.633880825,0.658359,0.674056,0.68858,0.718523575,2022-11-06
"R_eff_t",411,0.6638872,0.689298,0.705863,0.722247,0.75195725,2022-11-13
"R_eff_t",412,0.6982839,0.72723475,0.744935,0.76290325,0.793683175,2022-11-20
"R_eff_t",413,0.736603375,0.770991,0.791562,0.811383,0.845704875,2022-11-27
"R_eff_t",414,0.78069155,0.82215725,0.8451675,0.8672635,0.906162,2022-12-04
"R_eff_t",415,0.8319219,0.87802125,0.904468,0.92879825,0.97359735,2022-12-11
"R_eff_t",416,0.878676975,0.93742,0.9690815,0.99515175,1.05008025,2022-12-18
"R_eff_t",417,0.930537075,0.998828,1.03623,1.06634,1.126598,2022-12-25
"R_eff_t",418,1.082089,1.123445,1.145795,1.169815,1.21432525,2023-01-01
"R_eff_t",419,1.11996925,1.1630825,1.18638,1.211635,1.2618415,2023-01-08
"R_eff_t",420,1.15252975,1.1970475,1.22183,1.24739,1.303262,2023-01-15
"R_eff_t",421,1.17588775,1.22416,1.24943,1.276575,1.3364775,2023-01-22
"R_eff_t",422,1.19129425,1.241445,1.267445,1.2965775,1.35523,2023-01-29
"R_eff_t",423,1.1980535,1.248135,1.274395,1.3044775,1.3655005,2023-02-05
"R_eff_t",424,1.19307275,1.242195,1.271245,1.300525,1.363877,2023-02-12
"R_eff_t",425,1.1773345,1.2282575,1.25737,1.28552,1.34571875,2023-02-19
"R_eff_t",426,1.1555155,1.2046875,1.233155,1.262735,1.3219135,2023-02-26
"R_eff_t",427,1.1264885,1.1754725,1.202925,1.2305025,1.2890745,2023-03-05
"R_eff_t",428,1.09327475,1.140085,1.167115,1.1934975,1.25234475,2023-03-12
"R_eff_t",429,1.05866675,1.1023675,1.12842,1.1534425,1.20811475,2023-03-19
"R_eff_t",430,1.025392,1.0640975,1.08961,1.11276,1.16328425,2023-03-26
"R_eff_t",431,0.989322075,1.028325,1.05141,1.072715,1.11887,2023-04-02
"R_eff_t",432,0.957533575,0.99511175,1.016645,1.036765,1.0811735,2023-04-09
"R_eff_t",433,0.9301699,0.96606025,0.985411,1.00521,1.04758725,2023-04-16
"R_eff_t",434,0.908922275,0.942533,0.960106,0.9792005,1.0162415,2023-04-23
"R_eff_t",435,0.891535925,0.924359,0.9404265,0.95800275,0.99205135,2023-04-30
"R_eff_t",436,0.88252615,0.91224575,0.927785,0.94345375,0.974799575,2023-05-07
"R_eff_t",437,0.876939125,0.90482325,0.920003,0.9359145,0.9653769,2023-05-14
"R_eff_t",438,0.876070475,0.903923,0.918602,0.93377075,0.96116815,2023-05-21
"R_eff_t",439,0.880224225,0.90689375,0.9214355,0.936105,0.962307925,2023-05-28
"R_eff_t",440,0.88761625,0.91482525,0.9288815,0.94251875,0.969066725,2023-06-04
"R_eff_t",441,0.898490825,0.92624275,0.9398725,0.95444675,0.981409825,2023-06-11
"R_eff_t",442,0.908613725,0.9390205,0.953324,0.96874025,0.9964441,2023-06-18
"R_eff_t",443,0.91924415,0.95187675,0.9681005,0.983548,1.01154575,2023-06-25
"R_eff_t",444,0.92815115,0.9634275,0.982417,0.9980385,1.03120875,2023-07-02
"R_eff_t",445,0.93399795,0.97385425,0.9941405,1.01141,1.04799175,2023-07-09
"R_eff_t",446,0.9390702,0.9805325,1.001765,1.0216825,1.06386375,2023-07-16
"R_eff_t",447,0.9389184,0.983493,1.005845,1.0274225,1.0708685,2023-07-23
"R_eff_t",448,0.937018225,0.98160525,1.00574,1.0272325,1.075676,2023-07-30
"R_eff_t",449,0.929285375,0.97479925,0.9994075,1.022345,1.073126,2023-08-06
"R_eff_t",450,0.91902045,0.9634355,0.9881545,1.011905,1.061439,2023-08-13
"R_eff_t",451,0.903482325,0.94750425,0.9713275,0.9949055,1.044381,2023-08-20
"R_eff_t",452,0.88714845,0.9290535,0.952774,0.975167,1.0213335,2023-08-27
"R_eff_t",453,0.86936995,0.908663,0.930667,0.95350625,0.99721305,2023-09-03
"R_eff_t",454,0.8514039,0.88757925,0.9080315,0.9305465,0.970570675,2023-09-10
"R_eff_t",455,0.834653025,0.86689325,0.8865935,0.90695125,0.9446449,2023-09-17
"R_eff_t",456,0.81786675,0.84772925,0.86685,0.88583475,0.92021085,2023-09-24
"R_eff_t",457,0.804757025,0.8324935,0.849708,0.867728,0.9013096,2023-10-01
"R_eff_t",458,0.794579025,0.82142025,0.837323,0.85356075,0.885533875,2023-10-08
"R_eff_t",459,0.7877187,0.8148165,0.829924,0.844785,0.875581025,2023-10-15
"R_eff_t",460,0.786919425,0.81439475,0.827553,0.84245475,0.872344575,2023-10-22
"R_eff_t",461,0.7928323,0.818431,0.8317775,0.8467135,0.87502095,2023-10-29
"R_eff_t",462,0.803908425,0.82828725,0.8432195,0.8575715,0.885245425,2023-11-05
"R_eff_t",463,0.82177885,0.8451495,0.8603635,0.87586275,0.904981025,2023-11-12
"R_eff_t",464,0.842346875,0.86931075,0.884118,0.90067375,0.93054925,2023-11-19
"R_eff_t",465,0.870499475,0.89775525,0.914415,0.9316085,0.96245515,2023-11-26
"R_eff_t",466,0.903740625,0.932649,0.950232,0.96746925,1.00013225,2023-12-03
"R_eff_t",467,0.9419625,0.9732005,0.990089,1.0085375,1.0420065,2023-12-10
"R_eff_t",468,0.981469325,1.0169375,1.03452,1.05393,1.088394,2023-12-17
"R_eff_t",469,1.02348425,1.0602975,1.07887,1.0998225,1.13645025,2023-12-24
"R_eff_t",470,1.0643535,1.1026575,1.124025,1.144625,1.184281,2023-12-31
"R_eff_t",471,1.20757325,1.2566775,1.287375,1.3179075,1.382973,2024-01-07
"R_eff_t",472,1.25652575,1.3099775,1.340715,1.37432,1.43488475,2024-01-14
"R_eff_t",473,1.295599,1.3548325,1.38529,1.420395,1.4824655,2024-01-21
"R_eff_t",474,1.32595325,1.38814,1.41752,1.45413,1.52073425,2024-01-28
"R_eff_t",475,1.34285775,1.4064175,1.43737,1.47437,1.541019,2024-02-04
"R_eff_t",476,1.346179,1.4094925,1.44231,1.47871,1.54692475,2024-02-11
"R_eff_t",477,1.335696,1.398715,1.43164,1.4684375,1.536708,2024-02-18
"R_eff_t",478,1.3145775,1.3760975,1.407505,1.44365,1.5104595,2024-02-25
"R_eff_t",479,1.2840625,1.3410025,1.37258,1.40686,1.4708085,2024-03-03
"R_eff_t",480,1.2450725,1.2982325,1.32925,1.3610275,1.423154,2024-03-10
"R_eff_t",481,1.201323,1.2508725,1.280065,1.31018,1.368568,2024-03-17
"R_eff_t",482,1.1529495,1.2,1.227805,1.2548825,1.31187675,2024-03-24
"R_eff_t",483,1.104122,1.14884,1.17445,1.1992825,1.2541725,2024-03-31
"R_eff_t",484,1.0573265,1.1004825,1.124535,1.1466825,1.19782875,2024-04-07
"R_eff_t",485,1.016162,1.0548175,1.07693,1.09832,1.14576025,2024-04-14
"R_eff_t",486,0.98053745,1.0153925,1.03468,1.0556675,1.0974925,2024-04-21
"R_eff_t",487,0.94969065,0.981065,0.998688,1.01864,1.0564575,2024-04-28
"R_eff_t",488,0.923238675,0.952069,0.9692525,0.9877605,1.021236,2024-05-05
"R_eff_t",489,0.900780575,0.9298375,0.9456305,0.9633425,0.99432915,2024-05-12
"R_eff_t",490,0.88312275,0.9137165,0.9282735,0.94412025,0.974608275,2024-05-19
"R_eff_t",491,0.873651025,0.9017355,0.916654,0.930988,0.96050705,2024-05-26
"R_eff_t",492,0.8674267,0.894233,0.9089565,0.92277325,0.95257055,2024-06-02
"R_eff_t",493,0.862498975,0.89037825,0.904946,0.919586,0.94868985,2024-06-09
"R_eff_t",494,0.8587954,0.88939875,0.9036555,0.918835,0.9466023,2024-06-16
"R_eff_t",495,0.855138125,0.8888605,0.9039795,0.92029525,0.949320975,2024-06-23
"R_eff_t",496,0.85254085,0.88828025,0.9044385,0.9215355,0.95319225,2024-06-30
"R_eff_t",497,0.8510946,0.88688375,0.9042635,0.92241625,0.95666125,2024-07-07
"R_eff_t",498,0.84548205,0.8833685,0.9026995,0.921309,0.960234425,2024-07-14
"R_eff_t",499,0.838969875,0.878248,0.8983105,0.91735525,0.958026575,2024-07-21
"R_eff_t",500,0.8312773,0.8704425,0.8906005,0.909307,0.95247635,2024-07-28
"R_eff_t",501,0.820966175,0.859104,0.8804,0.9003965,0.9427799,2024-08-04
"R_eff_t",502,0.806329,0.845102,0.8663805,0.88709125,0.9291248,2024-08-11
"R_eff_t",503,0.792605625,0.82964375,0.850648,0.871232,0.91170325,2024-08-18
"R_eff_t",504,0.77668385,0.81236125,0.833355,0.853514,0.89226,2024-08-25
"R_eff_t",505,0.76018315,0.79464625,0.815323,0.83463425,0.872332425,2024-09-01
"R_eff_t",506,0.7456222,0.77853275,0.7969645,0.81597725,0.85249905,2024-09-08
"R_eff_t",507,0.7325176,0.764032,0.781601,0.79872975,0.83268485,2024-09-15
"R_eff_t",508,0.72233965,0.75095275,0.7680885,0.78369475,0.81582605,2024-09-22
"R_eff_t",509,0.71411105,0.74163625,0.758541,0.7734215,0.802835075,2024-09-29
"R_eff_t",510,0.7099256,0.737471,0.752951,0.76747875,0.797040925,2024-10-06
"R_eff_t",511,0.709557325,0.73776575,0.75292,0.768062,0.796900075,2024-10-13
"R_eff_t",512,0.715242,0.74447075,0.7588755,0.77339525,0.8057575,2024-10-20
"R_eff_t",513,0.7274263,0.756893,0.77173,0.78692775,0.819859475,2024-10-27
"R_eff_t",514,0.7446564,0.77574475,0.791269,0.806735,0.8406545,2024-11-03
"R_eff_t",515,0.7696647,0.8011515,0.8178,0.83503175,0.87033125,2024-11-10
"R_eff_t",516,0.80064605,0.834793,0.852398,0.8694955,0.908823925,2024-11-17
"R_eff_t",517,0.842828825,0.8756195,0.893552,0.91180525,0.952441,2024-11-24
"R_eff_t",518,0.888326575,0.92261275,0.941802,0.96109675,1.002781,2024-12-01
"R_eff_t",519,0.940077625,0.9765915,0.996221,1.016305,1.06111225,2024-12-08
"R_eff_t",520,0.995019525,1.0340875,1.055215,1.076885,1.12405075,2024-12-15
"R_eff_t",521,1.0531995,1.09442,1.116735,1.1406025,1.1857575,2024-12-22
"R_eff_t",522,1.10942175,1.1536925,1.178445,1.2037175,1.25314625,2024-12-29
"R_eff_t",523,1.129887,1.1749325,1.195775,1.21852,1.25878575,2025-01-05
"R_eff_t",524,1.16576675,1.21373,1.236785,1.2593925,1.305263,2025-01-12
"R_eff_t",525,1.19401975,1.2443225,1.270065,1.292805,1.3439195,2025-01-19
"R_eff_t",526,1.21600975,1.26523,1.292825,1.3182225,1.3720325,2025-01-26
"R_eff_t",527,1.2243255,1.2761175,1.3042,1.33207,1.38785425,2025-02-02
"R_eff_t",528,1.224426,1.2756125,1.30505,1.334395,1.3906095,2025-02-09
"R_eff_t",529,1.21431,1.26449,1.29392,1.3244075,1.38336275,2025-02-16
"R_eff_t",530,1.1948175,1.2434675,1.273265,1.3031225,1.3644315,2025-02-23
"R_eff_t",531,1.16923925,1.214905,1.243775,1.27385,1.331455,2025-03-02
"R_eff_t",532,1.1350635,1.180605,1.207735,1.2366425,1.290294,2025-03-09
"R_eff_t",533,1.09821,1.1417025,1.168525,1.195235,1.24613475,2025-03-16
"R_eff_t",534,1.06087775,1.10336,1.128205,1.1528825,1.20086425,2025-03-23
"R_eff_t",535,1.02425875,1.0648275,1.087525,1.1112575,1.1556725,2025-03-30
"R_eff_t",536,0.989952275,1.0293075,1.05025,1.0718375,1.11259025,2025-04-06
"R_eff_t",537,0.961002325,0.99646475,1.016115,1.0369325,1.0740635,2025-04-13
"R_eff_t",538,0.936043275,0.96901025,0.986677,1.00628,1.04014825,2025-04-20
"R_eff_t",539,0.91523415,0.94705025,0.9634525,0.98130625,1.01303625,2025-04-27
"R_eff_t",540,0.9020463,0.930727,0.9469055,0.962538,0.99356295,2025-05-04
"R_eff_t",541,0.89419165,0.92018375,0.9352875,0.95153575,0.979038175,2025-05-11
"R_eff_t",542,0.890897125,0.915265,0.930882,0.94550525,0.97130525,2025-05-18
"R_eff_t",543,0.8921985,0.9156865,0.930768,0.94459575,0.971350975,2025-05-25
"R_eff_t",544,0.89648215,0.92174025,0.93518,0.94903075,0.9774732,2025-06-01
"R_eff_t",545,0.901644525,0.93101625,0.943375,0.95760175,0.985536175,2025-06-08
"R_eff_t",546,0.91007235,0.94073575,0.9544565,0.9698595,0.99919845,2025-06-15
"R_eff_t",547,0.919900825,0.95192375,0.9675315,0.98398675,1.01477075,2025-06-22
"R_eff_t",548,0.9305045,0.9625235,0.980432,0.9977095,1.03019625,2025-06-29
"R_eff_t",549,0.938693325,0.9718355,0.992436,1.0111225,1.04575,2025-07-06
"R_eff_t",550,0.942389175,0.97938525,1.000655,1.0217725,1.0600275,2025-07-13
"R_eff_t",551,0.94205715,0.9831605,1.00552,1.02726,1.0669145,2025-07-20
"R_eff_t",552,0.9395718,0.98179525,1.0054,1.0283975,1.06896475,2025-07-27
"R_eff_t",553,0.93177185,0.97681,1.000215,1.0237825,1.06679525,2025-08-03
"R_eff_t",554,0.92190315,0.96588075,0.9903495,1.015085,1.0564025,2025-08-10
"R_eff_t",555,0.909773025,0.9522825,0.9758805,1.0008775,1.0421075,2025-08-17
"R_eff_t",556,0.89217695,0.9337245,0.957709,0.98202,1.02407175,2025-08-24
"R_eff_t",557,0.874561175,0.914008,0.9364755,0.95998675,1.0002905,2025-08-31
"R_eff_t",558,0.85579005,0.8931805,0.9145945,0.936161,0.9742616,2025-09-07
"R_eff_t",559,0.8391611,0.87318575,0.892116,0.91261275,0.9497684,2025-09-14
"R_eff_t",560,0.822618975,0.85439175,0.871295,0.890621,0.929066275,2025-09-21
"R_eff_t",561,0.8066851,0.838402,0.853746,0.87155325,0.908530625,2025-09-28
"R_eff_t",562,0.797731875,0.82535475,0.8407495,0.8576615,0.8926762,2025-10-05
"R_eff_t",563,0.788448375,0.81723375,0.831723,0.847923,0.882579125,2025-10-12
"R_eff_t",564,0.7861676,0.81413475,0.8287205,0.84459875,0.8799677,2025-10-19
"R_eff_t",565,0.788774625,0.8174985,0.8326215,0.846938,0.882887225,2025-10-26
"R_eff_t",566,0.797564675,0.8267805,0.841952,0.8568945,0.89028435,2025-11-02
"R_eff_t",567,0.813664425,0.84319425,0.858251,0.873584,0.907798875,2025-11-09
"R_eff_t",568,0.8369078,0.86588625,0.8820675,0.897039,0.931080425,2025-11-16
"R_eff_t",569,0.86685135,0.8946585,0.9116955,0.92651075,0.95957305,2025-11-23
"R_eff_t",570,0.901927325,0.92989625,0.947049,0.96306075,0.995234525,2025-11-30
"R_eff_t",571,0.94041665,0.970508,0.9868285,1.0040875,1.03541175,2025-12-07
"R_eff_t",572,0.98338665,1.01454,1.031355,1.0497575,1.0827175,2025-12-14
"R_eff_t",573,1.0283,1.06007,1.077835,1.0972475,1.1317565,2025-12-21
"expected_reported_cases",1,0.00728291925,0.00859095,0.009672925,0.011377275,0.0164828675,2015-01-04
"expected_reported_cases",2,0.0092227885,0.010821925,0.0121384,0.014262325,0.0203987925,2015-01-11
"expected_reported_cases",3,0.015553515,0.018203,0.02039965,0.023818075,0.0336729725,2015-01-18
"expected_reported_cases",4,0.0228435125,0.026652275,0.02994245,0.034691225,0.04833363,2015-01-25
"expected_reported_cases",5,0.03256566,0.038055625,0.0424409,0.0489694,0.067175935,2015-02-01
"expected_reported_cases",6,0.0451883625,0.0529974,0.0589788,0.067511775,0.0923778949999999,2015-02-08
"expected_reported_cases",7,0.0610799425,0.0719753,0.0801231,0.09160365,0.12367675,2015-02-15
"expected_reported_cases",8,0.080664135,0.09569835,0.106611,0.12142975,0.160989925,2015-02-22
"expected_reported_cases",9,0.10417365,0.12483325,0.1395655,0.157546,0.207254725,2015-03-01
"expected_reported_cases",10,0.13190475,0.1599505,0.1785275,0.201912,0.25947845,2015-03-08
"expected_reported_cases",11,0.16382545,0.20044175,0.22331,0.252099,0.3226007,2015-03-15
"expected_reported_cases",12,0.200585975,0.247503,0.2758365,0.31115125,0.397522725,2015-03-22
"expected_reported_cases",13,0.24115165,0.299224,0.334538,0.37582525,0.4815231,2015-03-29
"expected_reported_cases",14,0.284640325,0.3557745,0.398717,0.447521,0.56705525,2015-04-05
"expected_reported_cases",15,0.33113655,0.418049,0.470555,0.52597175,0.67510245,2015-04-12
"expected_reported_cases",16,0.383509975,0.487184,0.5489605,0.61333525,0.785283774999999,2015-04-19
"expected_reported_cases",17,0.442749775,0.56393575,0.6319205,0.70922225,0.919362975,2015-04-26
"expected_reported_cases",18,0.50946005,0.648188,0.7267145,0.81413675,1.05290175,2015-05-03
"expected_reported_cases",19,0.58841125,0.74349925,0.831776,0.9345595,1.2067515,2015-05-10
"expected_reported_cases",20,0.6791335,0.8563585,0.9564415,1.07865,1.379041,2015-05-17
"expected_reported_cases",21,0.784727,0.98829075,1.101025,1.2459775,1.5854305,2015-05-24
"expected_reported_cases",22,0.9216491,1.14703,1.2788,1.4405775,1.81868225,2015-05-31
"expected_reported_cases",23,1.087791,1.3428325,1.49407,1.6797175,2.09862975,2015-06-07
"expected_reported_cases",24,1.287369,1.586415,1.757355,1.967715,2.4236395,2015-06-14
"expected_reported_cases",25,1.53901525,1.88599,2.07787,2.32945,2.84299325,2015-06-21
"expected_reported_cases",26,1.857094,2.263105,2.48047,2.778885,3.35109375,2015-06-28
"expected_reported_cases",27,2.25335125,2.7245125,2.98729,3.3243825,3.990243,2015-07-05
"expected_reported_cases",28,2.77519725,3.307525,3.60396,3.9863025,4.7728215,2015-07-12
"expected_reported_cases",29,3.38113325,4.013865,4.358265,4.7985275,5.732781,2015-07-19
"expected_reported_cases",30,4.1596,4.8859,5.286625,5.7848275,6.8891995,2015-07-26
"expected_reported_cases",31,5.0445745,5.8919475,6.39541,6.937205,8.2421805,2015-08-02
"expected_reported_cases",32,6.00806875,7.0858525,7.67636,8.3213425,9.82886525,2015-08-09
"expected_reported_cases",33,7.1283565,8.4517825,9.14815,9.90702,11.65862,2015-08-16
"expected_reported_cases",34,8.40371675,9.96974,10.79955,11.713825,13.7250925,2015-08-23
"expected_reported_cases",35,9.87007575,11.629825,12.62625,13.7371,16.0347475,2015-08-30
"expected_reported_cases",36,11.29633,13.421,14.5794,15.9025,18.63341,2015-09-06
"expected_reported_cases",37,12.7350475,15.28635,16.6331,18.26465,21.4781425,2015-09-13
"expected_reported_cases",38,14.33305,17.23665,18.8582,20.6718,24.6192325,2015-09-20
"expected_reported_cases",39,15.9842875,19.2675,21.19745,23.2442,27.838345,2015-09-27
"expected_reported_cases",40,17.783045,21.495125,23.59785,25.94575,31.2636375,2015-10-04
"expected_reported_cases",41,19.597515,23.7776,26.12455,28.800075,34.4418375,2015-10-11
"expected_reported_cases",42,21.6363825,26.415,28.98585,31.91055,38.1351275,2015-10-18
"expected_reported_cases",43,24.0694125,29.321625,32.1933,35.359925,41.9164675,2015-10-25
"expected_reported_cases",44,27.0821325,32.799525,35.83635,39.324125,46.81204,2015-11-01
"expected_reported_cases",45,30.5514325,36.886375,40.31245,43.987,52.6344375,2015-11-08
"expected_reported_cases",46,34.89678,41.870725,45.84915,49.983125,59.1868974999999,2015-11-15
"expected_reported_cases",47,40.5203425,48.016425,52.7573,57.245075,67.6875725,2015-11-22
"expected_reported_cases",48,47.76615,56.135475,61.66395,66.9028,78.813695,2015-11-29
"expected_reported_cases",49,57.084755,66.812725,73.11465,79.3264,93.361775,2015-12-06
"expected_reported_cases",50,69.3926925,80.95105,88.3604,95.85905,111.547875,2015-12-13
"expected_reported_cases",51,85.6449325,98.9994,108.582,117.55075,137.325575,2015-12-20
"expected_reported_cases",52,105.710825,123.58275,135.071,147.04375,170.666325,2015-12-27
"expected_reported_cases",53,102.410075,117.17625,126.2785,136.061,157.399275,2016-01-03
"expected_reported_cases",54,127.2141,144.7735,155.217,167.64975,193.94375,2016-01-10
"expected_reported_cases",55,145.356525,164.602,175.7955,189.87775,217.239025,2016-01-17
"expected_reported_cases",56,168.43145,192.0395,203.884,219.973,250.589025,2016-01-24
"expected_reported_cases",57,196.78315,223.95975,237.8235,255.764,288.66055,2016-01-31
"expected_reported_cases",58,230.230575,260.19925,277.02,296.3555,334.805175,2016-02-07
"expected_reported_cases",59,267.642625,301.3205,320.7575,342.61475,387.715125,2016-02-14
"expected_reported_cases",60,306.724975,345.296,368.4655,391.09525,445.503625,2016-02-21
"expected_reported_cases",61,344.029425,389.3285,416.1425,442.574,509.7868,2016-02-28
"expected_reported_cases",62,378.1635,432.07275,461.4495,491.59125,567.47375,2016-03-06
"expected_reported_cases",63,407.812975,469.92175,503.3415,536.54725,626.274575,2016-03-13
"expected_reported_cases",64,435.82855,500.67075,536.465,573.67325,676.20425,2016-03-20
"expected_reported_cases",65,453.1065,522.33375,559.0095,600.33575,710.2608,2016-03-27
"expected_reported_cases",66,459.743625,532.08375,572.063,615.2845,735.979525,2016-04-03
"expected_reported_cases",67,456.93505,532.097,575.4365,619.23675,740.940025,2016-04-10
"expected_reported_cases",68,444.98845,522.5285,568.36,611.4645,734.052425,2016-04-17
"expected_reported_cases",69,431.051175,505.846,550.3555,594.48225,712.67165,2016-04-24
"expected_reported_cases",70,410.000775,482.17375,526.9075,570.51025,682.45425,2016-05-01
"expected_reported_cases",71,383.72585,456.63725,496.732,539.8205,645.180975,2016-05-08
"expected_reported_cases",72,358.4795,428.9165,465.024,507.32525,610.157075,2016-05-15
"expected_reported_cases",73,334.1013,400.77975,434.1125,474.3895,569.29785,2016-05-22
"expected_reported_cases",74,312.323675,371.7455,402.328,440.61925,525.446175,2016-05-29
"expected_reported_cases",75,289.622325,343.9635,372.0005,408.00625,483.491525,2016-06-05
"expected_reported_cases",76,268.542125,318.68125,344.7095,376.55625,447.10525,2016-06-12
"expected_reported_cases",77,251.292725,294.39875,319.1915,347.511,409.780525,2016-06-19
"expected_reported_cases",78,234.0985,270.88425,295.063,319.53075,377.944325,2016-06-26
"expected_reported_cases",79,218.23405,250.42575,272.122,294.5515,347.611825,2016-07-03
"expected_reported_cases",80,200.80255,231.04575,250.779,270.1595,318.2111,2016-07-10
"expected_reported_cases",81,185.179525,212.08875,229.8835,247.23825,290.886275,2016-07-17
"expected_reported_cases",82,169.847,194.3575,209.5675,225.7,262.577875,2016-07-24
"expected_reported_cases",83,154.40655,176.17475,190.1875,205.111,236.9857,2016-07-31
"expected_reported_cases",84,138.79175,158.86875,171.0915,185.0145,211.81395,2016-08-07
"expected_reported_cases",85,124.248725,142.1205,152.9265,164.50275,188.5573,2016-08-14
"expected_reported_cases",86,110.0702,126.15925,135.6775,145.47,166.977975,2016-08-21
"expected_reported_cases",87,96.00151,110.691,118.9405,127.7665,145.471525,2016-08-28
"expected_reported_cases",88,83.542965,96.25995,103.4435,111.28175,126.92095,2016-09-04
"expected_reported_cases",89,72.0096725,82.950775,89.2314,96.2034,109.05025,2016-09-11
"expected_reported_cases",90,61.829465,71.1335,76.6069,82.70065,93.7645025,2016-09-18
"expected_reported_cases",91,52.7308775,60.751325,65.6344,70.61885,80.652675,2016-09-25
"expected_reported_cases",92,44.8694575,51.8188,56.08245,60.246175,68.7683525,2016-10-02
"expected_reported_cases",93,38.3949425,44.24725,47.88235,51.4801,58.7143225,2016-10-09
"expected_reported_cases",94,32.9380725,37.9501,41.06245,44.049925,50.693165,2016-10-16
"expected_reported_cases",95,28.3979475,32.853175,35.5004,38.0692,43.7797475,2016-10-23
"expected_reported_cases",96,24.8177175,28.7292,31.03915,33.2817,38.26317,2016-10-30
"expected_reported_cases",97,22.12133,25.52255,27.4907,29.56955,33.8927775,2016-11-06
"expected_reported_cases",98,20.0111925,23.072025,24.8646,26.70075,30.6692075,2016-11-13
"expected_reported_cases",99,18.5189225,21.2341,22.90325,24.57015,28.328225,2016-11-20
"expected_reported_cases",100,17.2916275,19.9661,21.5053,23.111425,26.608675,2016-11-27
"expected_reported_cases",101,16.734235,19.1953,20.6875,22.2719,25.4981,2016-12-04
"expected_reported_cases",102,16.30147,18.883925,20.34455,21.949525,25.2452725,2016-12-11
"expected_reported_cases",103,16.3386825,18.955475,20.4865,22.144225,25.53221,2016-12-18
"expected_reported_cases",104,16.7890025,19.5026,21.14665,22.821975,26.360785,2016-12-25
"expected_reported_cases",105,18.1612575,20.76745,22.3996,24.04265,27.381025,2017-01-01
"expected_reported_cases",106,19.1713775,21.892575,23.6087,25.383075,28.91826,2017-01-08
"expected_reported_cases",107,20.649325,23.4381,25.1928,27.11125,30.9012225,2017-01-15
"expected_reported_cases",108,22.309235,25.244275,27.0334,29.083275,33.0857775,2017-01-22
"expected_reported_cases",109,24.1326075,27.2163,29.16865,31.194925,35.394885,2017-01-29
"expected_reported_cases",110,26.1029225,29.35435,31.35395,33.586625,37.839095,2017-02-05
"expected_reported_cases",111,27.93967,31.450325,33.5027,35.85105,40.4535875,2017-02-12
"expected_reported_cases",112,29.8029475,33.523075,35.57375,38.0108,42.73592,2017-02-19
"expected_reported_cases",113,31.2941775,35.1629,37.2467,39.889125,44.873975,2017-02-26
"expected_reported_cases",114,32.20824,36.379625,38.6255,41.3849,46.6125975,2017-03-05
"expected_reported_cases",115,32.832225,37.118425,39.5678,42.322575,47.769295,2017-03-12
"expected_reported_cases",116,33.05642,37.378325,39.8862,42.76775,48.3508575,2017-03-19
"expected_reported_cases",117,32.6822325,37.1093,39.65865,42.5379,48.4802125,2017-03-26
"expected_reported_cases",118,32.0838075,36.246325,38.82365,41.834825,47.901105,2017-04-02
"expected_reported_cases",119,30.9570725,35.065925,37.5559,40.627375,46.8800725,2017-04-09
"expected_reported_cases",120,29.609575,33.57685,36.1031,39.07085,45.094785,2017-04-16
"expected_reported_cases",121,28.0096575,32.0058,34.3386,37.3284,43.410475,2017-04-23
"expected_reported_cases",122,26.508365,30.3099,32.61745,35.4344,41.1361975,2017-04-30
"expected_reported_cases",123,24.88388,28.642775,30.8458,33.581825,39.3139775,2017-05-07
"expected_reported_cases",124,23.5685325,27.073775,29.2492,31.924975,37.2353975,2017-05-14
"expected_reported_cases",125,22.447995,25.6872,27.77215,30.3027,35.233605,2017-05-21
"expected_reported_cases",126,21.451715,24.5237,26.5281,28.904675,33.6338025,2017-05-28
"expected_reported_cases",127,20.4951775,23.508725,25.47495,27.675725,32.2930475,2017-06-04
"expected_reported_cases",128,19.7395575,22.743625,24.62895,26.675725,31.134795,2017-06-11
"expected_reported_cases",129,19.3770325,22.17855,23.94515,25.818675,30.201155,2017-06-18
"expected_reported_cases",130,19.0961725,21.797375,23.44565,25.2128,29.455145,2017-06-25
"expected_reported_cases",131,18.888315,21.54655,23.0861,24.715575,28.80349,2017-07-02
"expected_reported_cases",132,18.808585,21.3988,22.8097,24.38885,28.13997,2017-07-09
"expected_reported_cases",133,18.7863875,21.3164,22.5838,24.141725,27.7192375,2017-07-16
"expected_reported_cases",134,18.8965775,21.154275,22.36635,23.885875,27.364075,2017-07-23
"expected_reported_cases",135,18.7308425,20.9931,22.141,23.624625,26.8368075,2017-07-30
"expected_reported_cases",136,18.505245,20.727075,21.8845,23.225475,26.2345275,2017-08-06
"expected_reported_cases",137,18.1111625,20.26195,21.42885,22.725075,25.60827,2017-08-13
"expected_reported_cases",138,17.643905,19.716025,20.85455,22.09575,24.8135625,2017-08-20
"expected_reported_cases",139,16.84175,18.9552,20.08665,21.286575,23.9529125,2017-08-27
"expected_reported_cases",140,16.0101325,17.98075,19.1241,20.3266,22.8793275,2017-09-03
"expected_reported_cases",141,15.001005,16.904625,18.0031,19.211725,21.6333075,2017-09-10
"expected_reported_cases",142,13.9091925,15.774525,16.8673,17.9903,20.46165,2017-09-17
"expected_reported_cases",143,12.83953,14.5854,15.5942,16.697925,19.1203475,2017-09-24
"expected_reported_cases",144,11.72315,13.392075,14.3157,15.398825,17.7160175,2017-10-01
"expected_reported_cases",145,10.6789975,12.222425,13.14535,14.128625,16.3190375,2017-10-08
"expected_reported_cases",146,9.72426125,11.1502,12.05095,12.9588,15.032995,2017-10-15
"expected_reported_cases",147,8.87123625,10.15155,11.0507,11.9025,13.82779,2017-10-22
"expected_reported_cases",148,8.07676675,9.304135,10.14955,10.95855,12.76184,2017-10-29
"expected_reported_cases",149,7.45508025,8.612605,9.38493,10.1538,11.83583,2017-11-05
"expected_reported_cases",150,6.95744275,8.0652775,8.804775,9.5538325,11.1637625,2017-11-12
"expected_reported_cases",151,6.6137665,7.64495,8.34417,9.08429,10.6542425,2017-11-19
"expected_reported_cases",152,6.33757375,7.340665,8.03343,8.7438625,10.3125825,2017-11-26
"expected_reported_cases",153,6.15009775,7.1407725,7.87524,8.550465,10.07877,2017-12-03
"expected_reported_cases",154,6.1148215,7.0868525,7.818455,8.506035,10.049345,2017-12-10
"expected_reported_cases",155,6.146871,7.1666075,7.8904,8.580065,10.1792375,2017-12-17
"expected_reported_cases",156,6.29507625,7.3520225,8.0862,8.8146775,10.4400025,2017-12-24
"expected_reported_cases",157,6.56010225,7.6436025,8.40121,9.173095,10.90125,2017-12-31
"expected_reported_cases",158,7.60739675,8.74588,9.50178,10.316925,11.9518475,2018-01-07
"expected_reported_cases",159,8.24988375,9.476645,10.2724,11.121975,12.8979675,2018-01-14
"expected_reported_cases",160,9.2742825,10.6054,11.4473,12.316575,14.160605,2018-01-21
"expected_reported_cases",161,10.4473,11.8928,12.7808,13.67395,15.5626375,2018-01-28
"expected_reported_cases",162,11.6376125,13.28415,14.2334,15.159875,17.28806,2018-02-04
"expected_reported_cases",163,13.040335,14.76125,15.8108,16.874875,19.122225,2018-02-11
"expected_reported_cases",164,14.3954775,16.26645,17.4585,18.6054,20.9901875,2018-02-18
"expected_reported_cases",165,15.784595,17.76115,19.0252,20.2796,22.936375,2018-02-25
"expected_reported_cases",166,16.812655,19.119125,20.4916,21.895275,24.749885,2018-03-04
"expected_reported_cases",167,17.706085,20.2964,21.6892,23.245725,26.42231,2018-03-11
"expected_reported_cases",168,18.361065,21.177075,22.7022,24.37475,27.8003575,2018-03-18
"expected_reported_cases",169,18.758525,21.7396,23.3397,25.080575,28.782045,2018-03-25
"expected_reported_cases",170,18.81551,21.981925,23.63495,25.48455,29.5692,2018-04-01
"expected_reported_cases",171,18.638775,21.838775,23.57745,25.486175,29.6036675,2018-04-08
"expected_reported_cases",172,18.16467,21.47235,23.1752,25.133125,29.003775,2018-04-15
"expected_reported_cases",173,17.5945275,20.878275,22.5762,24.504225,28.40683,2018-04-22
"expected_reported_cases",174,16.940865,20.092025,21.8423,23.668,27.55572,2018-04-29
"expected_reported_cases",175,16.2924,19.2774,20.9749,22.762025,26.5142175,2018-05-06
"expected_reported_cases",176,15.5096575,18.404225,20.0375,21.79825,25.451815,2018-05-13
"expected_reported_cases",177,14.83763,17.549325,19.17475,20.7922,24.528985,2018-05-20
"expected_reported_cases",178,14.173225,16.760025,18.3137,19.898375,23.571905,2018-05-27
"expected_reported_cases",179,13.6459425,16.097775,17.5641,19.051825,22.38307,2018-06-03
"expected_reported_cases",180,13.1077175,15.494125,16.8755,18.27305,21.453505,2018-06-10
"expected_reported_cases",181,12.7133825,15.009725,16.29785,17.6052,20.520025,2018-06-17
"expected_reported_cases",182,12.480485,14.5867,15.7855,17.0591,19.658335,2018-06-24
"expected_reported_cases",183,12.214825,14.21325,15.34065,16.5099,19.0488175,2018-07-01
"expected_reported_cases",184,12.07552,13.908,14.95605,16.0389,18.4573125,2018-07-08
"expected_reported_cases",185,11.878385,13.580025,14.57155,15.5874,17.8066775,2018-07-15
"expected_reported_cases",186,11.6625175,13.21075,14.1789,15.160325,17.1970625,2018-07-22
"expected_reported_cases",187,11.4115625,12.830975,13.74255,14.669425,16.582215,2018-07-29
"expected_reported_cases",188,11.078355,12.3921,13.2728,14.1946,15.934825,2018-08-05
"expected_reported_cases",189,10.566245,11.87605,12.7118,13.60305,15.2132225,2018-08-12
"expected_reported_cases",190,9.9968585,11.3043,12.07305,12.93445,14.540195,2018-08-19
"expected_reported_cases",191,9.394474,10.65715,11.40585,12.194275,13.711455,2018-08-26
"expected_reported_cases",192,8.6652965,9.9442825,10.67535,11.4128,12.905575,2018-09-02
"expected_reported_cases",193,7.97772325,9.1972925,9.854095,10.5487,12.0296375,2018-09-09
"expected_reported_cases",194,7.32856125,8.4221475,9.052835,9.71804,11.1699125,2018-09-16
"expected_reported_cases",195,6.5959945,7.67157,8.23733,8.8737525,10.3231425,2018-09-23
"expected_reported_cases",196,5.95846,6.9484625,7.4552,8.0940225,9.48199175,2018-09-30
"expected_reported_cases",197,5.3531985,6.27103,6.747425,7.373445,8.66866575,2018-10-07
"expected_reported_cases",198,4.82229725,5.6613625,6.1321,6.7005375,7.957208,2018-10-14
"expected_reported_cases",199,4.3375725,5.1294725,5.57453,6.125435,7.3352935,2018-10-21
"expected_reported_cases",200,3.952189,4.6772675,5.117645,5.6411775,6.79852674999999,2018-10-28
"expected_reported_cases",201,3.6224955,4.3034075,4.74018,5.239555,6.384527,2018-11-04
"expected_reported_cases",202,3.36059725,4.023855,4.452405,4.90396,6.0336975,2018-11-11
"expected_reported_cases",203,3.178089,3.8233525,4.250835,4.6863875,5.787501,2018-11-18
"expected_reported_cases",204,3.0429715,3.69677,4.12507,4.56149,5.64733875,2018-11-25
"expected_reported_cases",205,2.985936,3.6416575,4.067055,4.5302525,5.62652225,2018-12-02
"expected_reported_cases",206,3.00522275,3.6620175,4.10171,4.588655,5.738956,2018-12-09
"expected_reported_cases",207,3.0692045,3.7677875,4.212155,4.731565,5.94862075,2018-12-16
"expected_reported_cases",208,3.195089,3.9492875,4.412125,4.976485,6.23643474999999,2018-12-23
"expected_reported_cases",209,3.3821575,4.20551,4.700155,5.30995,6.66985575,2018-12-30
"expected_reported_cases",210,4.326823,5.26412,5.821545,6.518635,7.991391,2019-01-06
"expected_reported_cases",211,4.93896675,5.940735,6.56025,7.298455,8.96323475,2019-01-13
"expected_reported_cases",212,5.9471765,7.0814825,7.785055,8.57575,10.333865,2019-01-20
"expected_reported_cases",213,7.132358,8.4327375,9.237925,10.0737,12.119275,2019-01-27
"expected_reported_cases",214,8.5652035,10.057225,10.96305,11.912,14.2192125,2019-02-03
"expected_reported_cases",215,10.2288325,11.946125,13.0191,14.0895,16.5003525,2019-02-10
"expected_reported_cases",216,12.194555,14.1134,15.30525,16.467625,19.09964,2019-02-17
"expected_reported_cases",217,14.2388125,16.46865,17.88355,19.14665,21.9617525,2019-02-24
"expected_reported_cases",218,16.473715,18.955825,20.50635,21.961275,25.098925,2019-03-03
"expected_reported_cases",219,18.7509425,21.492625,23.1641,24.9154,28.2600725,2019-03-10
"expected_reported_cases",220,20.833955,23.9089,25.7499,27.72175,31.4519925,2019-03-17
"expected_reported_cases",221,22.5852475,26.15745,28.08515,30.371475,34.7097225,2019-03-24
"expected_reported_cases",222,24.2017125,28.070125,30.01435,32.600925,37.7275575,2019-03-31
"expected_reported_cases",223,25.320845,29.575475,31.67385,34.45075,40.3185475,2019-04-07
"expected_reported_cases",224,26.22265,30.612425,32.9965,35.766675,42.25387,2019-04-14
"expected_reported_cases",225,26.776195,31.23555,33.8323,36.719325,43.651145,2019-04-21
"expected_reported_cases",226,26.9701175,31.609975,34.2597,37.229125,44.595365,2019-04-28
"expected_reported_cases",227,26.9078,31.664325,34.41805,37.420925,44.95574,2019-05-05
"expected_reported_cases",228,26.8545975,31.500975,34.4365,37.353075,44.867285,2019-05-12
"expected_reported_cases",229,26.59325,31.2642,34.12335,37.13385,44.7629875,2019-05-19
"expected_reported_cases",230,26.3212725,30.96305,33.76985,36.905925,44.2843875,2019-05-26
"expected_reported_cases",231,26.25426,30.7279,33.5618,36.5765,43.62371,2019-06-02
"expected_reported_cases",232,26.024005,30.543275,33.3418,36.2362,43.4114875,2019-06-09
"expected_reported_cases",233,25.93294,30.39155,33.0949,35.9707,42.714675,2019-06-16
"expected_reported_cases",234,26.080285,30.382125,32.9277,35.655025,41.9719625,2019-06-23
"expected_reported_cases",235,26.139495,30.29785,32.7947,35.379,41.4768875,2019-06-30
"expected_reported_cases",236,26.261205,30.21305,32.65925,35.2295,40.9604075,2019-07-07
"expected_reported_cases",237,26.303635,30.2191,32.4568,34.99515,40.2041525,2019-07-14
"expected_reported_cases",238,26.318755,30.0824,32.27695,34.665175,39.6630325,2019-07-21
"expected_reported_cases",239,26.1474775,29.794325,31.87555,34.266775,38.9700525,2019-07-28
"expected_reported_cases",240,25.8054275,29.39875,31.3987,33.60305,38.078725,2019-08-04
"expected_reported_cases",241,25.4177475,28.773125,30.7085,32.723675,36.7909925,2019-08-11
"expected_reported_cases",242,24.7316575,27.941525,29.8216,31.712775,35.589615,2019-08-18
"expected_reported_cases",243,23.8339075,26.879675,28.5902,30.377625,34.1797025,2019-08-25
"expected_reported_cases",244,22.64525,25.6269,27.17795,28.933425,32.401735,2019-09-01
"expected_reported_cases",245,21.3382575,24.19265,25.56965,27.2657,30.5292625,2019-09-08
"expected_reported_cases",246,20.00436,22.6245,23.90665,25.621525,28.6245675,2019-09-15
"expected_reported_cases",247,18.5136675,20.94945,22.23285,23.86555,26.72676,2019-09-22
"expected_reported_cases",248,17.10976,19.280575,20.65475,22.19335,25.1192275,2019-09-29
"expected_reported_cases",249,15.7285525,17.797025,19.179,20.626275,23.4570325,2019-10-06
"expected_reported_cases",250,14.43787,16.4705,17.79205,19.208575,21.9130025,2019-10-13
"expected_reported_cases",251,13.3109625,15.2499,16.5498,17.947275,20.49927,2019-10-20
"expected_reported_cases",252,12.3675925,14.23355,15.5886,16.936775,19.5191275,2019-10-27
"expected_reported_cases",253,11.57087,13.4929,14.85105,16.16065,18.8885575,2019-11-03
"expected_reported_cases",254,10.9970575,12.99055,14.331,15.7065,18.492455,2019-11-10
"expected_reported_cases",255,10.679965,12.710175,14.11545,15.479475,18.3891775,2019-11-17
"expected_reported_cases",256,10.4838675,12.687275,14.18345,15.59195,18.66603,2019-11-24
"expected_reported_cases",257,10.611615,12.9582,14.5206,16.03455,19.3042375,2019-12-01
"expected_reported_cases",258,10.9388725,13.56055,15.22,16.869975,20.38789,2019-12-08
"expected_reported_cases",259,11.655975,14.4632,16.2788,18.101975,21.9971925,2019-12-15
"expected_reported_cases",260,12.7187525,15.787825,17.82795,19.83725,24.20483,2019-12-22
"expected_reported_cases",261,14.1971075,17.60995,19.94825,22.270775,27.050075,2019-12-29
"expected_reported_cases",262,15.9337525,19.5809,21.9074,24.072725,28.96245,2020-01-05
"expected_reported_cases",263,18.3095825,22.423825,25.0459,27.4538,32.7815125,2020-01-12
"expected_reported_cases",264,21.250155,25.8684,28.54905,31.181875,37.0093075,2020-01-19
"expected_reported_cases",265,24.9988025,29.887525,32.88715,35.85595,42.147315,2020-01-26
"expected_reported_cases",266,29.317505,34.64625,37.8608,41.07765,48.381885,2020-02-02
"expected_reported_cases",267,34.1141775,39.907575,43.5415,47.03575,54.9972175,2020-02-09
"expected_reported_cases",268,39.247705,45.926075,49.818,53.597325,61.9764775,2020-02-16
"expected_reported_cases",269,44.7438425,52.23765,56.4511,60.673225,69.40017,2020-02-23
"expected_reported_cases",270,50.1943425,58.42485,63.11835,68.2346,77.7992499999999,2020-03-01
"expected_reported_cases",271,56.2059375,64.2463,69.4906,75.185375,86.85656,2020-03-08
"expected_reported_cases",272,60.911735,69.4974,75.71805,81.850525,94.08052,2020-03-15
"expected_reported_cases",273,64.800495,74.19585,80.5931,87.4109,100.88905,2020-03-22
"expected_reported_cases",274,67.28116,77.58945,84.5061,91.9579,106.36635,2020-03-29
"expected_reported_cases",275,68.697875,79.75985,87.25825,94.985325,110.703525,2020-04-05
"expected_reported_cases",276,69.4276625,81.299725,88.84125,96.956475,113.274375,2020-04-12
"expected_reported_cases",277,69.5895425,81.460825,89.73955,97.808275,115.0109,2020-04-19
"expected_reported_cases",278,68.8783825,81.27815,89.374,97.5249,115.055875,2020-04-26
"expected_reported_cases",279,67.9729625,80.226575,88.5935,96.48305,113.86295,2020-05-03
"expected_reported_cases",280,66.9048425,79.0572,87.0541,94.8375,111.448575,2020-05-10
"expected_reported_cases",281,65.32588,77.8895,85.4938,93.202675,108.731625,2020-05-17
"expected_reported_cases",282,64.6690025,76.4056,83.78525,91.5457,106.6004,2020-05-24
"expected_reported_cases",283,63.6008525,74.9894,82.2198,89.88005,103.912925,2020-05-31
"expected_reported_cases",284,63.04986,74.028975,81.0095,88.105675,101.80115,2020-06-07
"expected_reported_cases",285,62.55943,73.5383,80.11395,86.761075,100.011225,2020-06-14
"expected_reported_cases",286,62.3371825,72.97645,79.33035,85.72775,97.9502225,2020-06-21
"expected_reported_cases",287,62.707125,72.851,78.73365,84.89355,97.014135,2020-06-28
"expected_reported_cases",288,62.786475,72.669325,78.3076,84.2961,95.3080675,2020-07-05
"expected_reported_cases",289,63.22068,72.533,77.975,83.595475,94.1066525,2020-07-12
"expected_reported_cases",290,63.6038725,72.491775,77.51035,83.106825,93.537205,2020-07-19
"expected_reported_cases",291,64.1431075,72.13735,77.0001,82.204325,92.096265,2020-07-26
"expected_reported_cases",292,64.24119,71.3007,76.17585,81.022675,90.37587,2020-08-02
"expected_reported_cases",293,63.3888975,70.0525,74.72805,79.1642,87.7747825,2020-08-09
"expected_reported_cases",294,61.9890725,68.206425,72.8916,77.101525,85.20567,2020-08-16
"expected_reported_cases",295,59.866005,65.94095,70.3002,74.141,82.0280925,2020-08-23
"expected_reported_cases",296,57.3446075,63.0262,67.0428,70.892525,78.45185,2020-08-30
"expected_reported_cases",297,53.97247,59.540675,63.3595,67.1681,74.3684475,2020-09-06
"expected_reported_cases",298,49.9274325,55.767825,59.42555,63.2332,70.56961,2020-09-13
"expected_reported_cases",299,46.3909925,51.7769,55.28225,58.8743,66.69393,2020-09-20
"expected_reported_cases",300,42.4548675,47.8012,51.21205,54.5885,62.4478,2020-09-27
"expected_reported_cases",301,38.60099,43.965375,47.20895,50.5484,58.49984,2020-10-04
"expected_reported_cases",302,35.031705,40.2892,43.5161,46.8669,54.9860075,2020-10-11
"expected_reported_cases",303,31.9486075,37.103725,40.3716,43.610325,51.6381075,2020-10-18
"expected_reported_cases",304,29.33482,34.27165,37.5167,40.811325,48.92981,2020-10-25
"expected_reported_cases",305,27.271555,31.966775,35.1527,38.472775,46.5246325,2020-11-01
"expected_reported_cases",306,25.52701,30.270725,33.3395,36.78945,44.9342975,2020-11-08
"expected_reported_cases",307,24.33829,29.18265,32.0693,35.51225,43.9659975,2020-11-15
"expected_reported_cases",308,23.575225,28.55315,31.41565,34.8774,43.3672025,2020-11-22
"expected_reported_cases",309,23.34902,28.43575,31.3381,34.880575,43.5348375,2020-11-29
"expected_reported_cases",310,23.5872325,28.95625,31.91985,35.554825,44.5510225,2020-12-06
"expected_reported_cases",311,24.41264,30.0649,33.17405,36.9979,46.5386575,2020-12-13
"expected_reported_cases",312,25.855645,31.944475,35.1641,39.2972,49.0819025,2020-12-20
"expected_reported_cases",313,28.1008775,34.4894,37.97705,42.468925,53.03111,2020-12-27
"expected_reported_cases",314,38.891615,48.0218,53.4145,59.361775,75.26074,2021-01-03
"expected_reported_cases",315,46.0640125,56.772075,62.91205,69.576025,87.42664,2021-01-10
"expected_reported_cases",316,59.2378575,72.94475,80.68575,88.958175,111.897275,2021-01-17
"expected_reported_cases",317,76.4231675,93.197925,102.762,113.15775,141.9812,2021-01-24
"expected_reported_cases",318,98.701565,119.6755,131.599,145.54325,181.1317,2021-01-31
"expected_reported_cases",319,126.91755,154.31,168.626,186.83675,229.24475,2021-02-07
"expected_reported_cases",320,163.8701,197.53075,215.1025,238.482,289.6148,2021-02-14
"expected_reported_cases",321,207.771,249.40975,272.2915,301.256,361.99475,2021-02-21
"expected_reported_cases",322,259.92875,310.59425,339.7635,372.41,444.91915,2021-02-28
"expected_reported_cases",323,319.45485,380.2665,414.9545,452.427,539.4723,2021-03-07
"expected_reported_cases",324,383.313525,456.55,496.433,541.43075,643.4497,2021-03-14
"expected_reported_cases",325,448.556525,533.4065,581.6845,629.84875,747.0425,2021-03-21
"expected_reported_cases",326,513.24985,608.445,659.5785,716.1355,850.91995,2021-03-28
"expected_reported_cases",327,576.107075,674.8605,733.4925,797.5545,939.44655,2021-04-04
"expected_reported_cases",328,622.767375,729.98175,794.7035,864.623,1020.3395,2021-04-11
"expected_reported_cases",329,661.22565,774.5465,839.4335,913.44125,1077.46175,2021-04-18
"expected_reported_cases",330,688.882325,801.8715,868.0775,945.0815,1102.30575,2021-04-25
"expected_reported_cases",331,699.7875,813.56575,881.9885,961.3725,1119.48475,2021-05-02
"expected_reported_cases",332,703.33915,815.59125,883.662,960.6525,1111.655,2021-05-09
"expected_reported_cases",333,695.96025,804.253,872.1655,942.87425,1093.35175,2021-05-16
"expected_reported_cases",334,677.36265,785.5105,849.2405,917.4485,1060.1165,2021-05-23
"expected_reported_cases",335,656.880025,759.2005,818.061,883.4145,1016.7105,2021-05-30
"expected_reported_cases",336,628.747925,728.34825,781.41,841.31475,969.938425,2021-06-06
"expected_reported_cases",337,601.94525,692.01575,741.876,798.309,925.451825,2021-06-13
"expected_reported_cases",338,569.98805,653.94775,699.098,753.925,868.51915,2021-06-20
"expected_reported_cases",339,538.248875,612.52025,655.9285,706.1355,814.694825,2021-06-27
"expected_reported_cases",340,500.3495,571.30325,610.365,656.74275,757.5843,2021-07-04
"expected_reported_cases",341,466.8875,529.0505,565.753,608.6595,702.129675,2021-07-11
"expected_reported_cases",342,429.746675,486.466,521.721,560.27975,642.832575,2021-07-18
"expected_reported_cases",343,391.10175,443.312,476.6815,510.42425,590.5558,2021-07-25
"expected_reported_cases",344,352.773325,401.0845,430.8655,461.86025,534.643875,2021-08-01
"expected_reported_cases",345,315.4884,359.26425,385.2875,413.54725,481.176025,2021-08-08
"expected_reported_cases",346,277.261125,318.3255,341.812,366.3325,427.691725,2021-08-15
"expected_reported_cases",347,242.2853,278.519,300.3755,321.37825,377.64415,2021-08-22
"expected_reported_cases",348,208.855975,240.29875,261.5145,279.2345,328.850025,2021-08-29
"expected_reported_cases",349,178.2389,206.554,224.8115,241.229,284.7582,2021-09-05
"expected_reported_cases",350,151.8878,175.73975,191.8335,206.328,242.548825,2021-09-12
"expected_reported_cases",351,128.086175,148.879,162.599,175.5185,207.56505,2021-09-19
"expected_reported_cases",352,107.476025,125.746,137.683,148.94825,176.131525,2021-09-26
"expected_reported_cases",353,90.6983675,106.4145,116.794,126.29675,149.6475,2021-10-03
"expected_reported_cases",354,76.9835925,90.31925,99.02595,107.499,127.165675,2021-10-10
"expected_reported_cases",355,65.748405,76.945075,84.24405,92.059125,108.1722,2021-10-17
"expected_reported_cases",356,56.9308325,66.28705,72.55775,79.66915,93.24791,2021-10-24
"expected_reported_cases",357,49.7061325,57.902,63.24405,69.701425,81.7056249999999,2021-10-31
"expected_reported_cases",358,44.247175,51.477475,56.30185,61.8993,72.59257,2021-11-07
"expected_reported_cases",359,40.115225,46.745325,51.0426,55.9201,65.96576,2021-11-14
"expected_reported_cases",360,37.2607325,43.34115,47.46235,51.90645,61.2496525,2021-11-21
"expected_reported_cases",361,35.58604,41.147175,45.02685,49.597875,58.66491,2021-11-28
"expected_reported_cases",362,34.3845025,39.88095,43.78355,48.664325,57.4722025,2021-12-05
"expected_reported_cases",363,33.82134,39.5891,43.7074,48.658325,58.5565075,2021-12-12
"expected_reported_cases",364,33.8713575,40.382,44.761,50.084125,61.3562425,2021-12-19
"expected_reported_cases",365,34.26952,41.946,47.1088,53.2237,65.73902,2021-12-26
"expected_reported_cases",366,49.0175325,57.389425,62.899,69.15255,81.84761,2022-01-02
"expected_reported_cases",367,55.25951,64.990075,71.1199,78.63725,93.106275,2022-01-09
"expected_reported_cases",368,69.4280125,80.3111,87.8832,96.22235,113.1357,2022-01-16
"expected_reported_cases",369,85.868495,98.9438,108.169,118.06775,138.2142,2022-01-23
"expected_reported_cases",370,106.6309,122.827,133.806,146.22325,169.7113,2022-01-30
"expected_reported_cases",371,132.74525,152.50775,165.282,180.0845,209.900925,2022-02-06
"expected_reported_cases",372,163.86075,188.73175,203.8855,221.07575,256.647375,2022-02-13
"expected_reported_cases",373,201.703,230.813,248.315,268.9665,311.641175,2022-02-20
"expected_reported_cases",374,244.111025,278.112,297.726,322.426,374.011925,2022-02-27
"expected_reported_cases",375,290.282975,328.71275,351.8795,379.21275,441.8789,2022-03-06
"expected_reported_cases",376,337.8799,379.6925,407.85,437.496,508.899625,2022-03-13
"expected_reported_cases",377,381.046025,428.525,458.8965,493.52325,566.56805,2022-03-20
"expected_reported_cases",378,418.194175,471.393,505.0255,541.79175,621.9751,2022-03-27
"expected_reported_cases",379,447.142275,503.834,540.859,580.83025,666.291625,2022-04-03
"expected_reported_cases",380,463.4676,526.70175,565.234,607.263,699.990675,2022-04-10
"expected_reported_cases",381,471.23285,536.52475,576.6525,620.31025,714.532125,2022-04-17
"expected_reported_cases",382,467.7397,534.53425,574.825,619.531,708.483224999999,2022-04-24
"expected_reported_cases",383,453.372225,522.074,561.3115,605.888,699.018025,2022-05-01
"expected_reported_cases",384,432.40495,501.13425,539.202,583.194,674.782525,2022-05-08
"expected_reported_cases",385,408.20765,473.4275,510.2025,554.144,645.03255,2022-05-15
"expected_reported_cases",386,382.485275,441.27275,477.9975,518.64175,607.421175,2022-05-22
"expected_reported_cases",387,354.47635,407.04225,441.859,481.85125,568.129825,2022-05-29
"expected_reported_cases",388,324.009325,372.8415,405.973,443.17775,523.361074999999,2022-06-05
"expected_reported_cases",389,294.913575,339.5365,369.9375,404.37475,482.1737,2022-06-12
"expected_reported_cases",390,268.668375,308.301,335.36,367.127,435.374325,2022-06-19
"expected_reported_cases",391,241.5204,277.77275,303.094,329.65025,394.24435,2022-06-26
"expected_reported_cases",392,216.6583,249.6305,271.91,296.32825,355.11085,2022-07-03
"expected_reported_cases",393,193.819075,222.816,242.621,263.835,315.414,2022-07-10
"expected_reported_cases",394,171.6109,197.90825,215.735,234.52625,280.365775,2022-07-17
"expected_reported_cases",395,150.7876,174.696,189.839,206.80925,248.3913,2022-07-24
"expected_reported_cases",396,131.8042,153.059,166.2365,180.41025,217.536525,2022-07-31
"expected_reported_cases",397,114.213025,132.9495,144.1215,156.425,188.440425,2022-08-07
"expected_reported_cases",398,97.89944,114.17875,123.656,134.142,160.4436,2022-08-14
"expected_reported_cases",399,83.1099975,97.683975,105.567,114.575,136.0038,2022-08-21
"expected_reported_cases",400,69.805765,82.51005,88.9827,96.756275,115.16315,2022-08-28
"expected_reported_cases",401,58.43791,69.19575,74.56885,80.79385,96.53295,2022-09-04
"expected_reported_cases",402,48.3202775,57.624625,61.91955,67.3174,79.77778,2022-09-11
"expected_reported_cases",403,40.256655,47.6076,51.2383,55.90975,65.9235,2022-09-18
"expected_reported_cases",404,33.2388875,39.23615,42.4424,46.2536,54.3512625,2022-09-25
"expected_reported_cases",405,27.3930475,32.474,35.09115,38.334625,45.3339125,2022-10-02
"expected_reported_cases",406,22.876735,26.923575,29.18315,31.8104,37.8414575,2022-10-09
"expected_reported_cases",407,19.1499675,22.4718,24.3952,26.57855,31.93357,2022-10-16
"expected_reported_cases",408,16.0698025,18.98415,20.57375,22.4584,26.94437,2022-10-23
"expected_reported_cases",409,13.8825325,16.27905,17.68105,19.270575,23.1583875,2022-10-30
"expected_reported_cases",410,12.120025,14.2006,15.42055,16.784175,20.27887,2022-11-06
"expected_reported_cases",411,10.7505375,12.619925,13.76385,14.9426,18.039915,2022-11-13
"expected_reported_cases",412,9.815599,11.468875,12.5675,13.634025,16.34309,2022-11-20
"expected_reported_cases",413,9.183644,10.73845,11.77365,12.756325,15.3520525,2022-11-27
"expected_reported_cases",414,8.76596225,10.326425,11.3129,12.2507,14.82308,2022-12-04
"expected_reported_cases",415,8.59523725,10.13085,11.1273,12.15405,14.7109825,2022-12-11
"expected_reported_cases",416,8.6441055,10.2368,11.2569,12.349575,14.93102,2022-12-18
"expected_reported_cases",417,8.83739625,10.568175,11.6734,12.9588,15.5971225,2022-12-25
"expected_reported_cases",418,10.3513575,11.880275,12.98405,14.072875,16.633675,2023-01-01
"expected_reported_cases",419,11.0622775,12.70975,13.9191,15.023825,17.8242275,2023-01-08
"expected_reported_cases",420,12.3163225,14.013225,15.3056,16.5126,19.4532325,2023-01-15
"expected_reported_cases",421,13.738095,15.531425,16.8742,18.1704,21.097945,2023-01-22
"expected_reported_cases",422,15.33696,17.243675,18.644,20.06865,22.94792,2023-01-29
"expected_reported_cases",423,16.93358,19.216275,20.59975,22.123675,25.17149,2023-02-05
"expected_reported_cases",424,18.66543,21.202625,22.67575,24.3724,27.6908725,2023-02-12
"expected_reported_cases",425,20.5162875,23.100675,24.81945,26.56635,30.033835,2023-02-19
"expected_reported_cases",426,22.1108425,24.97385,26.8226,28.727525,32.372075,2023-02-26
"expected_reported_cases",427,23.5059775,26.60325,28.55045,30.6654,34.37793,2023-03-05
"expected_reported_cases",428,24.763425,27.94725,29.9618,32.32195,36.20504,2023-03-12
"expected_reported_cases",429,25.6684025,28.929775,31.073,33.525125,37.8238925,2023-03-19
"expected_reported_cases",430,25.8982325,29.48525,31.76845,34.39715,39.314165,2023-03-26
"expected_reported_cases",431,25.8024975,29.62125,32.00145,34.71455,40.076615,2023-04-02
"expected_reported_cases",432,25.389765,29.432175,31.73705,34.5192,40.23433,2023-04-09
"expected_reported_cases",433,24.7739425,28.778225,31.2052,33.923,39.82059,2023-04-16
"expected_reported_cases",434,24.0223175,27.900675,30.3803,33.147925,39.2491625,2023-04-23
"expected_reported_cases",435,23.2073225,27.0093,29.46825,32.13915,38.017765,2023-04-30
"expected_reported_cases",436,22.37109,26.07935,28.41595,31.07425,36.9810775,2023-05-07
"expected_reported_cases",437,21.541345,25.110825,27.447,30.026475,35.666775,2023-05-14
"expected_reported_cases",438,20.66284,24.2708,26.5256,29.14055,34.4506875,2023-05-21
"expected_reported_cases",439,20.12922,23.560175,25.68835,28.309725,33.234895,2023-05-28
"expected_reported_cases",440,19.6585925,23.01315,25.00705,27.62165,32.3476425,2023-06-04
"expected_reported_cases",441,19.4020325,22.6161,24.57645,27.030025,31.56613,2023-06-11
"expected_reported_cases",442,19.2612975,22.33975,24.2929,26.600425,30.900285,2023-06-18
"expected_reported_cases",443,19.3176225,22.239975,24.07375,26.3478,30.3639675,2023-06-25
"expected_reported_cases",444,19.349805,22.302875,24.032,26.16485,29.9875475,2023-07-02
"expected_reported_cases",445,19.576465,22.372975,23.9957,26.079275,29.896715,2023-07-09
"expected_reported_cases",446,19.686365,22.516375,24.1213,26.02575,29.774805,2023-07-16
"expected_reported_cases",447,19.88919,22.6676,24.15365,26.063525,29.9094025,2023-07-23
"expected_reported_cases",448,19.979925,22.75065,24.2093,25.9761,29.7377025,2023-07-30
"expected_reported_cases",449,19.9891975,22.699375,24.14615,25.895225,29.480155,2023-08-06
"expected_reported_cases",450,19.7776125,22.477225,23.91635,25.552175,29.0023,2023-08-13
"expected_reported_cases",451,19.379125,22.038275,23.45215,25.123825,28.3327375,2023-08-20
"expected_reported_cases",452,18.8614925,21.42985,22.86955,24.4526,27.726935,2023-08-27
"expected_reported_cases",453,17.950555,20.598375,21.9953,23.58825,26.7849575,2023-09-03
"expected_reported_cases",454,17.031265,19.5909,20.99535,22.54915,25.6498975,2023-09-10
"expected_reported_cases",455,16.0327875,18.46805,19.84275,21.33745,24.4397075,2023-09-17
"expected_reported_cases",456,14.9291375,17.2165,18.59895,20.05165,22.95782,2023-09-24
"expected_reported_cases",457,13.874595,15.97275,17.3053,18.754875,21.6619875,2023-10-01
"expected_reported_cases",458,12.76932,14.786775,16.0793,17.41315,20.05633,2023-10-08
"expected_reported_cases",459,11.7018025,13.696825,14.87565,16.160825,18.773265,2023-10-15
"expected_reported_cases",460,10.8432125,12.690775,13.8374,15.062525,17.57461,2023-10-22
"expected_reported_cases",461,10.0730725,11.823275,12.90745,14.0818,16.525035,2023-10-29
"expected_reported_cases",462,9.4201585,11.12345,12.1397,13.2864,15.6619625,2023-11-05
"expected_reported_cases",463,8.94150625,10.587975,11.5344,12.649125,14.9468825,2023-11-12
"expected_reported_cases",464,8.638617,10.2268,11.12635,12.196775,14.3900625,2023-11-19
"expected_reported_cases",465,8.3888725,9.986935,10.9075,11.92795,14.0822275,2023-11-26
"expected_reported_cases",466,8.35711875,9.92781,10.88215,11.8802,13.957365,2023-12-03
"expected_reported_cases",467,8.42023075,10.044675,11.00495,12.01085,14.0932225,2023-12-10
"expected_reported_cases",468,8.70692025,10.321075,11.35395,12.408025,14.6065925,2023-12-17
"expected_reported_cases",469,9.10577725,10.822375,11.93535,13.01775,15.37066,2023-12-24
"expected_reported_cases",470,9.70355,11.519425,12.7114,13.85665,16.4881625,2023-12-31
"expected_reported_cases",471,11.9482225,13.856575,15.1243,16.36255,19.0689675,2024-01-07
"expected_reported_cases",472,13.4103425,15.536625,16.9121,18.265275,21.19841,2024-01-14
"expected_reported_cases",473,15.76097,18.14695,19.6035,21.144275,24.438065,2024-01-21
"expected_reported_cases",474,18.590095,21.227925,22.80085,24.55675,28.12132,2024-01-28
"expected_reported_cases",475,21.8035675,24.910025,26.51695,28.51595,32.53102,2024-02-04
"expected_reported_cases",476,25.5787775,28.97765,30.74585,33.055025,37.55726,2024-02-11
"expected_reported_cases",477,29.6795375,33.496225,35.633,38.14625,43.2046625,2024-02-18
"expected_reported_cases",478,34.350665,38.3348,40.6587,43.3865,49.9203475,2024-02-25
"expected_reported_cases",479,38.3761675,43.190575,45.83,49.0448,56.1308825,2024-03-03
"expected_reported_cases",480,42.578785,47.736775,50.86635,54.491175,62.396395,2024-03-10
"expected_reported_cases",481,46.13327,51.757275,55.41805,59.425825,68.6011025,2024-03-17
"expected_reported_cases",482,48.8460675,55.127175,59.20385,63.904325,74.15794,2024-03-24
"expected_reported_cases",483,50.9262075,57.633975,62.1677,67.3372,78.384425,2024-03-31
"expected_reported_cases",484,51.97918,59.202425,64.2628,69.441075,80.9703325,2024-04-07
"expected_reported_cases",485,52.284215,59.971975,65.1448,70.4189,82.689685,2024-04-14
"expected_reported_cases",486,51.720845,59.681825,65.005,70.464825,83.2398975,2024-04-21
"expected_reported_cases",487,50.85288,58.8925,64.1308,69.759225,82.9755625,2024-04-28
"expected_reported_cases",488,49.565535,57.497725,62.6644,68.301075,81.6859725,2024-05-05
"expected_reported_cases",489,47.9390225,55.745325,60.6172,66.26205,79.5632625,2024-05-12
"expected_reported_cases",490,46.026245,53.780775,58.43005,64.0859,77.0151225,2024-05-19
"expected_reported_cases",491,44.534665,51.740825,56.25895,61.646775,74.55161,2024-05-26
"expected_reported_cases",492,42.7631425,49.787825,54.03625,59.215775,71.125465,2024-06-02
"expected_reported_cases",493,40.9264125,47.81965,51.95185,56.7627,67.7252425,2024-06-09
"expected_reported_cases",494,39.3536775,45.911875,50.0147,54.3038,64.7676549999999,2024-06-16
"expected_reported_cases",495,38.082485,44.166675,47.99035,52.070925,61.6862925,2024-06-23
"expected_reported_cases",496,36.917185,42.462825,46.03905,50.107025,58.9084625,2024-06-30
"expected_reported_cases",497,35.49957,40.867325,44.1802,47.91855,55.968755,2024-07-07
"expected_reported_cases",498,34.5123425,39.270175,42.3036,45.891575,53.3047025,2024-07-14
"expected_reported_cases",499,33.0145225,37.5711,40.3617,43.836325,50.6528125,2024-07-21
"expected_reported_cases",500,31.42187,35.91075,38.41445,41.555025,47.8637625,2024-07-28
"expected_reported_cases",501,29.6625325,33.883925,36.3256,39.355675,45.305755,2024-08-04
"expected_reported_cases",502,28.055635,31.789425,34.1718,36.89235,42.46791,2024-08-11
"expected_reported_cases",503,26.05146,29.484225,31.9085,34.4131,39.5791725,2024-08-18
"expected_reported_cases",504,23.977155,27.21505,29.4335,31.7302,36.5753125,2024-08-25
"expected_reported_cases",505,21.79354,24.864775,26.93705,29.030025,33.4500875,2024-09-01
"expected_reported_cases",506,19.60032,22.53685,24.43745,26.358625,30.42136,2024-09-08
"expected_reported_cases",507,17.496195,20.330125,22.00445,23.823775,27.3550575,2024-09-15
"expected_reported_cases",508,15.6215625,18.203425,19.72185,21.365775,24.6400175,2024-09-22
"expected_reported_cases",509,13.8549,16.264725,17.6057,19.0554,22.17022,2024-09-29
"expected_reported_cases",510,12.34942,14.54195,15.7062,16.978725,19.8359025,2024-10-06
"expected_reported_cases",511,11.029525,13.026975,14.10355,15.24135,17.799635,2024-10-13
"expected_reported_cases",512,9.93493625,11.744475,12.67855,13.738925,16.0317025,2024-10-20
"expected_reported_cases",513,9.06317175,10.709775,11.5549,12.561175,14.609715,2024-10-27
"expected_reported_cases",514,8.398969,9.8689975,10.67835,11.58475,13.5163925,2024-11-03
"expected_reported_cases",515,7.90289225,9.2583975,10.02395,10.839925,12.7179875,2024-11-10
"expected_reported_cases",516,7.533213,8.8140875,9.58489,10.3838,12.16903,2024-11-17
"expected_reported_cases",517,7.353196,8.57915,9.34248,10.1485,12.0304725,2024-11-24
"expected_reported_cases",518,7.31590725,8.5351225,9.31372,10.13,11.9730475,2024-12-01
"expected_reported_cases",519,7.41794275,8.715095,9.508715,10.394825,12.23146,2024-12-08
"expected_reported_cases",520,7.7095635,9.0993625,9.961695,10.873775,12.80556,2024-12-15
"expected_reported_cases",521,8.2177265,9.70569,10.6389,11.669875,13.7933475,2024-12-22
"expected_reported_cases",522,9.008062,10.576775,11.57485,12.750325,15.0448525,2024-12-29
"expected_reported_cases",523,9.9172705,11.472125,12.4534,13.521075,15.66324,2025-01-05
"expected_reported_cases",524,11.054375,12.734825,13.7897,15.0163,17.307465,2025-01-12
"expected_reported_cases",525,12.3664975,14.220075,15.3148,16.618075,19.0612725,2025-01-19
"expected_reported_cases",526,13.8774925,15.926825,17.1182,18.471375,21.1514875,2025-01-26
"expected_reported_cases",527,15.534565,17.815725,19.16965,20.57785,23.55728,2025-02-02
"expected_reported_cases",528,17.2637875,19.86485,21.40225,22.83245,25.96035,2025-02-09
"expected_reported_cases",529,19.2280575,21.991025,23.6535,25.23325,28.4523175,2025-02-16
"expected_reported_cases",530,21.19749,24.2192,25.82855,27.696675,31.21552,2025-02-23
"expected_reported_cases",531,22.986195,26.25145,27.9856,30.0216,34.1824325,2025-03-02
"expected_reported_cases",532,24.444775,27.925,29.87305,31.961625,36.71629,2025-03-09
"expected_reported_cases",533,25.5335325,29.230725,31.34095,33.6388,38.992225,2025-03-16
"expected_reported_cases",534,26.27384,30.2365,32.53985,34.95615,40.672265,2025-03-23
"expected_reported_cases",535,26.70468,30.828425,33.16815,35.70675,41.7256975,2025-03-30
"expected_reported_cases",536,26.75269,30.87725,33.4287,36.029325,42.55192,2025-04-06
"expected_reported_cases",537,26.4058975,30.691825,33.2544,35.892875,42.7101175,2025-04-13
"expected_reported_cases",538,26.030095,30.143325,32.67525,35.3352,42.25614,2025-04-20
"expected_reported_cases",539,25.2602225,29.33905,31.90625,34.6475,41.4715825,2025-04-27
"expected_reported_cases",540,24.413515,28.494425,31.03795,33.719875,40.3324475,2025-05-04
"expected_reported_cases",541,23.6300075,27.614025,30.1039,32.72335,39.0873125,2025-05-11
"expected_reported_cases",542,22.8549025,26.75635,29.2502,31.713825,38.21611,2025-05-18
"expected_reported_cases",543,22.1894925,26.0462,28.34305,30.88905,37.08581,2025-05-25
"expected_reported_cases",544,21.69175,25.4375,27.646,30.193925,36.00334,2025-06-01
"expected_reported_cases",545,21.36937,25.02215,27.10445,29.5473,35.1331425,2025-06-08
"expected_reported_cases",546,21.349435,24.734975,26.7495,29.10745,34.4392575,2025-06-15
"expected_reported_cases",547,21.315735,24.684725,26.5406,28.7607,33.8361225,2025-06-22
"expected_reported_cases",548,21.37008,24.6693,26.48945,28.5438,33.260245,2025-06-29
"expected_reported_cases",549,21.4930575,24.8035,26.51015,28.539575,32.9733175,2025-07-06
"expected_reported_cases",550,21.70715,24.9114,26.57505,28.5507,32.6692875,2025-07-13
"expected_reported_cases",551,21.98843,25.05815,26.6856,28.594625,32.65481,2025-07-20
"expected_reported_cases",552,22.1482825,25.120025,26.70785,28.552025,32.4690675,2025-07-27
"expected_reported_cases",553,22.14134,25.066025,26.65595,28.49945,32.275675,2025-08-03
"expected_reported_cases",554,21.99466,24.7864,26.3783,28.252025,31.88184,2025-08-10
"expected_reported_cases",555,21.6279325,24.3642,26.06965,27.8274,31.423925,2025-08-17
"expected_reported_cases",556,20.93528,23.679475,25.327,27.1519,30.6377625,2025-08-24
"expected_reported_cases",557,20.068375,22.789875,24.4601,26.318975,29.9222275,2025-08-31
"expected_reported_cases",558,18.98865,21.729125,23.35825,25.2034,28.971895,2025-09-07
"expected_reported_cases",559,17.7707175,20.516275,22.08925,23.954575,27.7157325,2025-09-14
"expected_reported_cases",560,16.58294,19.208,20.7324,22.573375,26.2408725,2025-09-21
"expected_reported_cases",561,15.350555,17.84715,19.33785,21.1485,24.5234025,2025-09-28
"expected_reported_cases",562,14.13963,16.53525,17.98135,19.687125,22.9541625,2025-10-05
"expected_reported_cases",563,13.036785,15.30005,16.68365,18.29015,21.566245,2025-10-12
"expected_reported_cases",564,12.0631575,14.182925,15.51555,17.026575,20.047025,2025-10-19
"expected_reported_cases",565,11.17213,13.2183,14.434,15.92265,18.82478,2025-10-26
"expected_reported_cases",566,10.4478825,12.381525,13.56755,14.962925,17.6856325,2025-11-02
"expected_reported_cases",567,9.82659325,11.717275,12.9245,14.3152,16.9123225,2025-11-09
"expected_reported_cases",568,9.38959925,11.275,12.4353,13.794075,16.2953325,2025-11-16
"expected_reported_cases",569,9.1664225,11.0137,12.14845,13.510525,15.934115,2025-11-23
"expected_reported_cases",570,9.059333,10.9403,12.0599,13.43905,15.9210825,2025-11-30
"expected_reported_cases",571,9.094346,11.037625,12.2281,13.6319,16.228375,2025-12-07
"expected_reported_cases",572,9.34031275,11.3674,12.609,14.053,16.860975,2025-12-14
"expected_reported_cases",573,9.82319775,11.9055,13.2482,14.75575,17.72193,2025-12-21
"posterior_predictive_cases",1,0,0,0,0,0,2015-01-04
"posterior_predictive_cases",2,0,0,0,0,0,2015-01-11
"posterior_predictive_cases",3,0,0,0,0,0,2015-01-18
"posterior_predictive_cases",4,0,0,0,0,1,2015-01-25
"posterior_predictive_cases",5,0,0,0,0,1,2015-02-01
"posterior_predictive_cases",6,0,0,0,0,1,2015-02-08
"posterior_predictive_cases",7,0,0,0,0,1,2015-02-15
"posterior_predictive_cases",8,0,0,0,0,1,2015-02-22
"posterior_predictive_cases",9,0,0,0,0,1,2015-03-01
"posterior_predictive_cases",10,0,0,0,0,1,2015-03-08
"posterior_predictive_cases",11,0,0,0,0,2,2015-03-15
"posterior_predictive_cases",12,0,0,0,0,2,2015-03-22
"posterior_predictive_cases",13,0,0,0,1,2,2015-03-29
"posterior_predictive_cases",14,0,0,0,1,2,2015-04-05
"posterior_predictive_cases",15,0,0,0,1,2,2015-04-12
"posterior_predictive_cases",16,0,0,0,1,3,2015-04-19
"posterior_predictive_cases",17,0,0,0,1,3,2015-04-26
"posterior_predictive_cases",18,0,0,0,1,3,2015-05-03
"posterior_predictive_cases",19,0,0,1,1,3,2015-05-10
"posterior_predictive_cases",20,0,0,1,2,4,2015-05-17
"posterior_predictive_cases",21,0,0,1,2,4,2015-05-24
"posterior_predictive_cases",22,0,0,1,2,5,2015-05-31
"posterior_predictive_cases",23,0,0,1,2,5,2015-06-07
"posterior_predictive_cases",24,0,1,1,3,6,2015-06-14
"posterior_predictive_cases",25,0,1,2,3,6,2015-06-21
"posterior_predictive_cases",26,0,1,2,4,8,2015-06-28
"posterior_predictive_cases",27,0,1,3,4,9,2015-07-05
"posterior_predictive_cases",28,0,2,3,5,10,2015-07-12
"posterior_predictive_cases",29,0,2,4,6,12.0249999999999,2015-07-19
"posterior_predictive_cases",30,0,3,5,7,14,2015-07-26
"posterior_predictive_cases",31,1,3,6,9,18,2015-08-02
"posterior_predictive_cases",32,1,4,7,10.25,20.0249999999999,2015-08-09
"posterior_predictive_cases",33,1,5,8,12,23,2015-08-16
"posterior_predictive_cases",34,1,6,9,15,27,2015-08-23
"posterior_predictive_cases",35,2,7,11.5,17,30,2015-08-30
"posterior_predictive_cases",36,3,8,14,20,36,2015-09-06
"posterior_predictive_cases",37,3,10,15,22,41,2015-09-13
"posterior_predictive_cases",38,4,11,17,25,45,2015-09-20
"posterior_predictive_cases",39,4,13,19,28,51,2015-09-27
"posterior_predictive_cases",40,6,14,21,31,59,2015-10-04
"posterior_predictive_cases",41,5,15,24,34,61.0249999999999,2015-10-11
"posterior_predictive_cases",42,6,17,26,38,70,2015-10-18
"posterior_predictive_cases",43,6,19,28,41,78,2015-10-25
"posterior_predictive_cases",44,8,21,32,48,86,2015-11-01
"posterior_predictive_cases",45,10,25,37,53,93,2015-11-08
"posterior_predictive_cases",46,10,27,41,58,108,2015-11-15
"posterior_predictive_cases",47,12,32,48,70,123.025,2015-11-22
"posterior_predictive_cases",48,13,36,55,79,145,2015-11-29
"posterior_predictive_cases",49,18,46,70,97,182.025,2015-12-06
"posterior_predictive_cases",50,22,55,81,114,206,2015-12-13
"posterior_predictive_cases",51,24.975,64,95.5,139.25,260.05,2015-12-20
"posterior_predictive_cases",52,35,84,125,174,301.025,2015-12-27
"posterior_predictive_cases",53,30,75,114,165.25,298,2016-01-03
"posterior_predictive_cases",54,38.975,95,141,203,365.025,2016-01-10
"posterior_predictive_cases",55,43,105,157,225,396,2016-01-17
"posterior_predictive_cases",56,53.975,128,189,266,482.025,2016-01-24
"posterior_predictive_cases",57,58,141,215,309.25,537.174999999999,2016-01-31
"posterior_predictive_cases",58,69.975,172,253,360.25,629.249999999999,2016-02-07
"posterior_predictive_cases",59,83,203.75,299.5,413.25,779.099999999999,2016-02-14
"posterior_predictive_cases",60,88,229,336.5,472,826.075,2016-02-21
"posterior_predictive_cases",61,99,255,373,551,949.224999999999,2016-02-28
"posterior_predictive_cases",62,119.925,293,430,624,1063.35,2016-03-06
"posterior_predictive_cases",63,125.975,313.75,459,651.75,1143.1,2016-03-13
"posterior_predictive_cases",64,133.925,324,477,673,1219.225,2016-03-20
"posterior_predictive_cases",65,152.95,362,528,738.25,1217.2,2016-03-27
"posterior_predictive_cases",66,143.975,344,523,748,1337.375,2016-04-03
"posterior_predictive_cases",67,144,345.75,531.5,771,1389.4,2016-04-10
"posterior_predictive_cases",68,136.975,348,517,734.25,1315.05,2016-04-17
"posterior_predictive_cases",69,148.925,342.75,505.5,732.75,1297.025,2016-04-24
"posterior_predictive_cases",70,126.9,324,464.5,658,1151.05,2016-05-01
"posterior_predictive_cases",71,122.975,311,460,659.25,1168.125,2016-05-08
"posterior_predictive_cases",72,114.9,281.75,407,606.25,1160.25,2016-05-15
"posterior_predictive_cases",73,109.975,269.75,392.5,572.5,1041.2,2016-05-22
"posterior_predictive_cases",74,94,247.75,367,534,953.149999999999,2016-05-29
"posterior_predictive_cases",75,99.975,231,332.5,478,839.249999999999,2016-06-05
"posterior_predictive_cases",76,87.95,214.5,314,444,784.05,2016-06-12
"posterior_predictive_cases",77,80.975,199.75,290.5,418.25,741.075,2016-06-19
"posterior_predictive_cases",78,69.975,179.75,264,382,679.124999999999,2016-06-26
"posterior_predictive_cases",79,64.975,171,244.5,342.5,631.025,2016-07-03
"posterior_predictive_cases",80,63.975,160,229,323,561.099999999999,2016-07-10
"posterior_predictive_cases",81,57.975,142,205.5,297.25,511,2016-07-17
"posterior_predictive_cases",82,51,128,187,263,480.05,2016-07-24
"posterior_predictive_cases",83,46,120,175,250,429.075,2016-07-31
"posterior_predictive_cases",84,43.975,106,155,216,379,2016-08-07
"posterior_predictive_cases",85,38,99,143,195.25,346.025,2016-08-14
"posterior_predictive_cases",86,35,84,122,176,311,2016-08-21
"posterior_predictive_cases",87,27,75,109,156,266,2016-08-28
"posterior_predictive_cases",88,26,65,97,138,249,2016-09-04
"posterior_predictive_cases",89,21,53,82,115,205.025,2016-09-11
"posterior_predictive_cases",90,18,49,71,103,173.025,2016-09-18
"posterior_predictive_cases",91,17,39,58,85.25,162,2016-09-25
"posterior_predictive_cases",92,13,35,53,74,139,2016-10-02
"posterior_predictive_cases",93,10,29,43.5,61,118,2016-10-09
"posterior_predictive_cases",94,9,24,38,54,96.0249999999999,2016-10-16
"posterior_predictive_cases",95,7.975,21,32,45,88.0249999999999,2016-10-23
"posterior_predictive_cases",96,6,18,29,42,75,2016-10-30
"posterior_predictive_cases",97,6,17,25,36,63.0249999999999,2016-11-06
"posterior_predictive_cases",98,5,14,22,33,59.0249999999999,2016-11-13
"posterior_predictive_cases",99,5,13,20,30,52,2016-11-20
"posterior_predictive_cases",100,4.975,13,19,28,54,2016-11-27
"posterior_predictive_cases",101,4,12,18,27,52.0249999999999,2016-12-04
"posterior_predictive_cases",102,4,12,18,27,50.0249999999999,2016-12-11
"posterior_predictive_cases",103,4,12,19,28,50,2016-12-18
"posterior_predictive_cases",104,3,12,19,28,48,2016-12-25
"posterior_predictive_cases",105,5,14,21,29,52,2017-01-01
"posterior_predictive_cases",106,4,14,21,30.25,58,2017-01-08
"posterior_predictive_cases",107,5,15,22,33,60.0249999999999,2017-01-15
"posterior_predictive_cases",108,6,15,24,35,63.0249999999999,2017-01-22
"posterior_predictive_cases",109,5.975,17,27,38,72,2017-01-29
"posterior_predictive_cases",110,7,19,28,41,75,2017-02-05
"posterior_predictive_cases",111,7,20,30,42,80.0249999999999,2017-02-12
"posterior_predictive_cases",112,8,21,32,46,84,2017-02-19
"posterior_predictive_cases",113,8,22,33,48,88.0249999999999,2017-02-26
"posterior_predictive_cases",114,8,23,36,50,90,2017-03-05
"posterior_predictive_cases",115,8,24,36,52,87.0249999999999,2017-03-12
"posterior_predictive_cases",116,9,24,35,53,94.0249999999999,2017-03-19
"posterior_predictive_cases",117,9,23,36,51,95,2017-03-26
"posterior_predictive_cases",118,9,23,34,49,91,2017-04-02
"posterior_predictive_cases",119,9,23,36,50,94.0499999999997,2017-04-09
"posterior_predictive_cases",120,8.975,21,33,49,88.0249999999999,2017-04-16
"posterior_predictive_cases",121,7.975,21,31,44,83.0249999999999,2017-04-23
"posterior_predictive_cases",122,7,20,30,43,79,2017-04-30
"posterior_predictive_cases",123,6,18,28,40,71,2017-05-07
"posterior_predictive_cases",124,6.975,17,25,38,68,2017-05-14
"posterior_predictive_cases",125,6,17,26,39,70.0249999999999,2017-05-21
"posterior_predictive_cases",126,5,16,24,35,61.0249999999999,2017-05-28
"posterior_predictive_cases",127,6,16,24,33,64,2017-06-04
"posterior_predictive_cases",128,5,15,22,32,58,2017-06-11
"posterior_predictive_cases",129,5,14,21,32,56,2017-06-18
"posterior_predictive_cases",130,5,14,21,30,56,2017-06-25
"posterior_predictive_cases",131,4,14,21,30,53,2017-07-02
"posterior_predictive_cases",132,4,14,21,31,57,2017-07-09
"posterior_predictive_cases",133,5,14,21,29,60,2017-07-16
"posterior_predictive_cases",134,5,13.75,20,29,53,2017-07-23
"posterior_predictive_cases",135,5,13,20,30,58.0249999999999,2017-07-30
"posterior_predictive_cases",136,4.975,13,20,30,49,2017-08-06
"posterior_predictive_cases",137,4.975,13,19,29,53,2017-08-13
"posterior_predictive_cases",138,4,12,19,28,51,2017-08-20
"posterior_predictive_cases",139,3,12,19,27,49,2017-08-27
"posterior_predictive_cases",140,4,11,17,25.25,44,2017-09-03
"posterior_predictive_cases",141,3,11,16,24,43,2017-09-10
"posterior_predictive_cases",142,3,10,15,22,42,2017-09-17
"posterior_predictive_cases",143,3,9,14,21,37,2017-09-24
"posterior_predictive_cases",144,3,8,13,19,35,2017-10-01
"posterior_predictive_cases",145,2,7,11,17,33,2017-10-08
"posterior_predictive_cases",146,2,7,11,16,29.0249999999999,2017-10-15
"posterior_predictive_cases",147,1.975,6,10,15,28,2017-10-22
"posterior_predictive_cases",148,1,5,9,14,25,2017-10-29
"posterior_predictive_cases",149,1,5,9,13,24,2017-11-05
"posterior_predictive_cases",150,1,5,8,12,23,2017-11-12
"posterior_predictive_cases",151,1,5,7,11,21,2017-11-19
"posterior_predictive_cases",152,1,4,7,11,20,2017-11-26
"posterior_predictive_cases",153,1,4,7,10,20,2017-12-03
"posterior_predictive_cases",154,1,4,7,11,21,2017-12-10
"posterior_predictive_cases",155,1,4,7,10,20,2017-12-17
"posterior_predictive_cases",156,1,5,7,11,21,2017-12-24
"posterior_predictive_cases",157,1,4,8,12,21,2017-12-31
"posterior_predictive_cases",158,1,5,9,13,23,2018-01-07
"posterior_predictive_cases",159,1.975,6,9,14,26,2018-01-14
"posterior_predictive_cases",160,1,6,10,15,27,2018-01-21
"posterior_predictive_cases",161,2,7,11,17,31,2018-01-28
"posterior_predictive_cases",162,2,8,12,18,35,2018-02-04
"posterior_predictive_cases",163,3,9,14,20,37.0249999999999,2018-02-11
"posterior_predictive_cases",164,3,10,16,23,41,2018-02-18
"posterior_predictive_cases",165,3,11,18,27,46.0249999999999,2018-02-25
"posterior_predictive_cases",166,4,12,19,27,49,2018-03-04
"posterior_predictive_cases",167,4,13,19,28,53,2018-03-11
"posterior_predictive_cases",168,4.975,13,20.5,31,53,2018-03-18
"posterior_predictive_cases",169,5,14,21,29,55,2018-03-25
"posterior_predictive_cases",170,5,14,21,31.25,57,2018-04-01
"posterior_predictive_cases",171,5,14,20,31,62,2018-04-08
"posterior_predictive_cases",172,5,14,21,30,55.0249999999999,2018-04-15
"posterior_predictive_cases",173,4.975,13,21,29,52,2018-04-22
"posterior_predictive_cases",174,4,13,20,28,51.0249999999999,2018-04-29
"posterior_predictive_cases",175,4,12,19,28,51,2018-05-06
"posterior_predictive_cases",176,4,11,17.5,26,49,2018-05-13
"posterior_predictive_cases",177,3.975,11,17,26,47,2018-05-20
"posterior_predictive_cases",178,3.975,11,16,24,43.0249999999999,2018-05-27
"posterior_predictive_cases",179,3,10,16,23,41,2018-06-03
"posterior_predictive_cases",180,3,10,15,21,40,2018-06-10
"posterior_predictive_cases",181,3,10,15,21,40,2018-06-17
"posterior_predictive_cases",182,3,9,14,21,38,2018-06-24
"posterior_predictive_cases",183,2,9,13,19,38,2018-07-01
"posterior_predictive_cases",184,3,9,13,19,36,2018-07-08
"posterior_predictive_cases",185,2,8,13,19,35.0249999999999,2018-07-15
"posterior_predictive_cases",186,3,8,13,19,34,2018-07-22
"posterior_predictive_cases",187,2,8,13,18,34,2018-07-29
"posterior_predictive_cases",188,3,8,12,17,32,2018-08-05
"posterior_predictive_cases",189,2,7,11,16,32,2018-08-12
"posterior_predictive_cases",190,2,7,10,16,31,2018-08-19
"posterior_predictive_cases",191,2,6,10,15,30,2018-08-26
"posterior_predictive_cases",192,1.975,6,9,14,25,2018-09-02
"posterior_predictive_cases",193,1,5,9,14,24,2018-09-09
"posterior_predictive_cases",194,1,5,8,12,24,2018-09-16
"posterior_predictive_cases",195,1,5,7,11,22,2018-09-23
"posterior_predictive_cases",196,1,4,6,10,19,2018-09-30
"posterior_predictive_cases",197,1,4,6,9,18,2018-10-07
"posterior_predictive_cases",198,1,3,6,9,16,2018-10-14
"posterior_predictive_cases",199,0,3,5,8,14,2018-10-21
"posterior_predictive_cases",200,0,3,5,7,14,2018-10-28
"posterior_predictive_cases",201,0,2,4,7,14,2018-11-04
"posterior_predictive_cases",202,0,2,4,6,12,2018-11-11
"posterior_predictive_cases",203,0,2,4,6,12.0249999999999,2018-11-18
"posterior_predictive_cases",204,0,2,4,6,12,2018-11-25
"posterior_predictive_cases",205,0,2,4,6,12,2018-12-02
"posterior_predictive_cases",206,0,2,4,6,11,2018-12-09
"posterior_predictive_cases",207,0,2,4,6,11,2018-12-16
"posterior_predictive_cases",208,0,2,4,6,12,2018-12-23
"posterior_predictive_cases",209,0,2,4,6,13.0249999999999,2018-12-30
"posterior_predictive_cases",210,1,3,5,8,16,2019-01-06
"posterior_predictive_cases",211,1,4,6,9,17,2019-01-13
"posterior_predictive_cases",212,1,4,7,11,20,2019-01-20
"posterior_predictive_cases",213,1,5,8,12,24,2019-01-27
"posterior_predictive_cases",214,2,6,10,15,29,2019-02-03
"posterior_predictive_cases",215,2,8,12,18,34,2019-02-10
"posterior_predictive_cases",216,3,9,14,20,37,2019-02-17
"posterior_predictive_cases",217,3,10,16,24,43.0249999999999,2019-02-24
"posterior_predictive_cases",218,4,12,18,27,50,2019-03-03
"posterior_predictive_cases",219,5,14,21,31,57,2019-03-10
"posterior_predictive_cases",220,5,15,23,34,62,2019-03-17
"posterior_predictive_cases",221,6,16,25,37,69,2019-03-24
"posterior_predictive_cases",222,6,19,28,40,72,2019-03-31
"posterior_predictive_cases",223,7,19,29,41,73.0249999999999,2019-04-07
"posterior_predictive_cases",224,7,19.75,31,44,80,2019-04-14
"posterior_predictive_cases",225,7,20,31,46,78.0249999999999,2019-04-21
"posterior_predictive_cases",226,8,21,32,45,81,2019-04-28
"posterior_predictive_cases",227,7,21,31,46,81,2019-05-05
"posterior_predictive_cases",228,7,20,32,45,76,2019-05-12
"posterior_predictive_cases",229,8,20,32,45,80.0249999999999,2019-05-19
"posterior_predictive_cases",230,8,20,31,45,81,2019-05-26
"posterior_predictive_cases",231,7,20,31,45,81,2019-06-02
"posterior_predictive_cases",232,7,20,29,44,77,2019-06-09
"posterior_predictive_cases",233,8,20,30,43,77,2019-06-16
"posterior_predictive_cases",234,8,20,30,44,81,2019-06-23
"posterior_predictive_cases",235,8,20,29,44,75,2019-06-30
"posterior_predictive_cases",236,7,20,30,43,79.0249999999999,2019-07-07
"posterior_predictive_cases",237,7,20,30,42,78,2019-07-14
"posterior_predictive_cases",238,7,19,29,41,76,2019-07-21
"posterior_predictive_cases",239,6,19,29,40.25,73,2019-07-28
"posterior_predictive_cases",240,8,18,28,40,74,2019-08-04
"posterior_predictive_cases",241,6,18,29,40,74.0249999999999,2019-08-11
"posterior_predictive_cases",242,6,18,28,39,68,2019-08-18
"posterior_predictive_cases",243,6,17,25,37,65,2019-08-25
"posterior_predictive_cases",244,6,16,24,35,61,2019-09-01
"posterior_predictive_cases",245,6,15,24,34,62,2019-09-08
"posterior_predictive_cases",246,5,14,22,31,56.0249999999999,2019-09-15
"posterior_predictive_cases",247,5,13,20,29,53,2019-09-22
"posterior_predictive_cases",248,4,12,18,26,48.0249999999999,2019-09-29
"posterior_predictive_cases",249,3.975,11,18,25,50,2019-10-06
"posterior_predictive_cases",250,3,10,17,23,43,2019-10-13
"posterior_predictive_cases",251,3,9,15,22,38.0249999999999,2019-10-20
"posterior_predictive_cases",252,3,9,14,21,37,2019-10-27
"posterior_predictive_cases",253,3,9,13,20,37.0249999999999,2019-11-03
"posterior_predictive_cases",254,3,8,13,19,34,2019-11-10
"posterior_predictive_cases",255,2,8,12,18,33.0249999999999,2019-11-17
"posterior_predictive_cases",256,2,8,12,18,35,2019-11-24
"posterior_predictive_cases",257,2,8,13,19,38,2019-12-01
"posterior_predictive_cases",258,2,9,14,20,36,2019-12-08
"posterior_predictive_cases",259,3,9,15,22,41.0249999999999,2019-12-15
"posterior_predictive_cases",260,3,10,16,24,46,2019-12-22
"posterior_predictive_cases",261,3,11,18,26,46,2019-12-29
"posterior_predictive_cases",262,4,13,20,29,54,2020-01-05
"posterior_predictive_cases",263,5,14,22,33,59,2020-01-12
"posterior_predictive_cases",264,5,16,25,37,66,2020-01-19
"posterior_predictive_cases",265,7,19.75,29,42,77.0499999999997,2020-01-26
"posterior_predictive_cases",266,9,23,35,50,90.0249999999999,2020-02-02
"posterior_predictive_cases",267,9.975,25,38,55,102.025,2020-02-09
"posterior_predictive_cases",268,11,30,44,64,121.025,2020-02-16
"posterior_predictive_cases",269,13,34,51,76,130.025,2020-02-23
"posterior_predictive_cases",270,15,39,59,81,157,2020-03-01
"posterior_predictive_cases",271,16,43,63.5,91.25,159,2020-03-08
"posterior_predictive_cases",272,19,46,68,101,180,2020-03-15
"posterior_predictive_cases",273,17.975,49,73,105,178.075,2020-03-22
"posterior_predictive_cases",274,23,52,78,109,194.05,2020-03-29
"posterior_predictive_cases",275,20,53,80,112,191.025,2020-04-05
"posterior_predictive_cases",276,18,55,81.5,115,214.025,2020-04-12
"posterior_predictive_cases",277,21,53,80,114,197.05,2020-04-19
"posterior_predictive_cases",278,21,54,83,120,206.025,2020-04-26
"posterior_predictive_cases",279,21.975,54,79,113,217,2020-05-03
"posterior_predictive_cases",280,21.975,51.75,78,113,205,2020-05-10
"posterior_predictive_cases",281,19.975,49,76,108.25,208.025,2020-05-17
"posterior_predictive_cases",282,20.975,51,75,104.25,203.025,2020-05-24
"posterior_predictive_cases",283,21.975,52,77,106.25,193,2020-05-31
"posterior_predictive_cases",284,21,51,74,106,193,2020-06-07
"posterior_predictive_cases",285,18,49,73,104.25,190.025,2020-06-14
"posterior_predictive_cases",286,19,48,71,101,179.075,2020-06-21
"posterior_predictive_cases",287,18,48,72.5,103.25,177.124999999999,2020-06-28
"posterior_predictive_cases",288,19,47,72,101,171,2020-07-05
"posterior_predictive_cases",289,19,47,72,102,173,2020-07-12
"posterior_predictive_cases",290,18,46,72,103,184.05,2020-07-19
"posterior_predictive_cases",291,19,46.75,70,100,182,2020-07-26
"posterior_predictive_cases",292,18,48,71,100,177.025,2020-08-02
"posterior_predictive_cases",293,17,45,67,98,184,2020-08-09
"posterior_predictive_cases",294,18,45,67,97,171,2020-08-16
"posterior_predictive_cases",295,15.975,41,61,88,151.025,2020-08-23
"posterior_predictive_cases",296,16.975,41,62,84,154,2020-08-30
"posterior_predictive_cases",297,15,37.75,57,79,142.025,2020-09-06
"posterior_predictive_cases",298,14,36,53,75,135.025,2020-09-13
"posterior_predictive_cases",299,13,33,50,73,124,2020-09-20
"posterior_predictive_cases",300,12,31,47,68,120.05,2020-09-27
"posterior_predictive_cases",301,12,28,42,60,108,2020-10-04
"posterior_predictive_cases",302,10,26,39,57,97.0249999999999,2020-10-11
"posterior_predictive_cases",303,7,23,35,52,97,2020-10-18
"posterior_predictive_cases",304,9,23,34,49,85,2020-10-25
"posterior_predictive_cases",305,8,20,31,46,81,2020-11-01
"posterior_predictive_cases",306,8,21,30,43,80,2020-11-08
"posterior_predictive_cases",307,7,19,29,43,79,2020-11-15
"posterior_predictive_cases",308,7,19,29,41.25,75,2020-11-22
"posterior_predictive_cases",309,7,18,28,40,77.0249999999999,2020-11-29
"posterior_predictive_cases",310,7,18,28,41,77.0249999999999,2020-12-06
"posterior_predictive_cases",311,6,19,29,43,80.0249999999999,2020-12-13
"posterior_predictive_cases",312,7.975,21,31,46,81,2020-12-20
"posterior_predictive_cases",313,9,24,36,50,93.0249999999999,2020-12-27
"posterior_predictive_cases",314,13.975,31,48,70,132.025,2021-01-03
"posterior_predictive_cases",315,14,38,57,84,150.05,2021-01-10
"posterior_predictive_cases",316,19,49.75,73.5,107,203.05,2021-01-17
"posterior_predictive_cases",317,25,63,94,138,239.025,2021-01-24
"posterior_predictive_cases",318,30.975,81,119,174,311,2021-01-31
"posterior_predictive_cases",319,46.975,101.75,154,225,417.025,2021-02-07
"posterior_predictive_cases",320,55.975,140,199,294.25,512.025,2021-02-14
"posterior_predictive_cases",321,69,171,250,363.25,656.324999999998,2021-02-21
"posterior_predictive_cases",322,86.975,208,307.5,443,838,2021-02-28
"posterior_predictive_cases",323,96.95,255,380,545,984.075,2021-03-07
"posterior_predictive_cases",324,129.975,299,450.5,645,1170.125,2021-03-14
"posterior_predictive_cases",325,147.925,360,535,776.5,1293.45,2021-03-21
"posterior_predictive_cases",326,151.975,399,597,869.5,1512.025,2021-03-28
"posterior_predictive_cases",327,218.975,456,668,943,1677.275,2021-04-04
"posterior_predictive_cases",328,188.975,488.75,742,1071.25,1903.075,2021-04-11
"posterior_predictive_cases",329,212.875,525.25,758.5,1089.25,1943.175,2021-04-18
"posterior_predictive_cases",330,224,548.75,804.5,1134.25,2067.075,2021-04-25
"posterior_predictive_cases",331,229.925,544,812,1127.5,2001,2021-05-02
"posterior_predictive_cases",332,233.925,566.75,813,1119,1990.275,2021-05-09
"posterior_predictive_cases",333,213.975,532.75,800,1133.5,2008.075,2021-05-16
"posterior_predictive_cases",334,214.975,515.5,756.5,1078,1807.225,2021-05-23
"posterior_predictive_cases",335,212.975,505.25,737.5,1052.5,1888.05,2021-05-30
"posterior_predictive_cases",336,197,485.75,705,993.5,1821.55,2021-06-06
"posterior_predictive_cases",337,186.95,437,665,948.5,1632.425,2021-06-13
"posterior_predictive_cases",338,148.975,424.5,669,921.75,1614.1,2021-06-20
"posterior_predictive_cases",339,155.975,418.75,625,857,1511.1,2021-06-27
"posterior_predictive_cases",340,162,375,552,773,1357.025,2021-07-04
"posterior_predictive_cases",341,129,343.75,518,709,1238.175,2021-07-11
"posterior_predictive_cases",342,134.975,321.75,474.5,676.75,1182.375,2021-07-18
"posterior_predictive_cases",343,125.95,286.75,430,587,1154.025,2021-07-25
"posterior_predictive_cases",344,112,261.25,381,534,932.025,2021-08-01
"posterior_predictive_cases",345,105.925,253,355,492,844.099999999999,2021-08-08
"posterior_predictive_cases",346,99.975,216,313.5,438,785.075,2021-08-15
"posterior_predictive_cases",347,65.975,189,278,393.25,706.099999999999,2021-08-22
"posterior_predictive_cases",348,69,159,231,325.25,595.075,2021-08-29
"posterior_predictive_cases",349,55,134,201.5,295,517.05,2021-09-05
"posterior_predictive_cases",350,46.975,114.75,170,248,456.05,2021-09-12
"posterior_predictive_cases",351,38,100,149,209,378.025,2021-09-19
"posterior_predictive_cases",352,36.975,83,123,184,323.05,2021-09-26
"posterior_predictive_cases",353,25,70,105,150,266,2021-10-03
"posterior_predictive_cases",354,22,61.75,91,131,226,2021-10-10
"posterior_predictive_cases",355,18,51,77,113,200,2021-10-17
"posterior_predictive_cases",356,18,45,66,95,171,2021-10-24
"posterior_predictive_cases",357,14,39,58,83,144.025,2021-10-31
"posterior_predictive_cases",358,12,34,51,73.25,137.025,2021-11-07
"posterior_predictive_cases",359,14,31,47,68,126.025,2021-11-14
"posterior_predictive_cases",360,10,27,43,61,113,2021-11-21
"posterior_predictive_cases",361,11,29,41.5,59,107.025,2021-11-28
"posterior_predictive_cases",362,10,26,39,56,102.025,2021-12-05
"posterior_predictive_cases",363,10,26,41,58,102.025,2021-12-12
"posterior_predictive_cases",364,10,27,41,59,110,2021-12-19
"posterior_predictive_cases",365,9,27,41.5,60,112.05,2021-12-26
"posterior_predictive_cases",366,15,37,57,81,154.025,2022-01-02
"posterior_predictive_cases",367,16.975,41,65,91,172,2022-01-09
"posterior_predictive_cases",368,21,53,77,113.25,204,2022-01-16
"posterior_predictive_cases",369,27,68,98,142,251.124999999999,2022-01-23
"posterior_predictive_cases",370,35.975,80,121,170,303.025,2022-01-30
"posterior_predictive_cases",371,48,106,155.5,213,385,2022-02-06
"posterior_predictive_cases",372,47.975,122,184,262.25,476.05,2022-02-13
"posterior_predictive_cases",373,67,150,221,320,588.05,2022-02-20
"posterior_predictive_cases",374,77.95,193,274.5,392.25,693.149999999999,2022-02-27
"posterior_predictive_cases",375,88.975,219.5,324.5,460.25,805.174999999999,2022-03-06
"posterior_predictive_cases",376,94,253.5,370,531.25,960.374999999998,2022-03-13
"posterior_predictive_cases",377,109.9,284.75,414,596.25,1052.3,2022-03-20
"posterior_predictive_cases",378,123.975,309,466.5,659.5,1189.025,2022-03-27
"posterior_predictive_cases",379,143.95,333.75,490,697,1264,2022-04-03
"posterior_predictive_cases",380,145,348.75,509.5,715.5,1224.375,2022-04-10
"posterior_predictive_cases",381,142,350,530,770,1353.275,2022-04-17
"posterior_predictive_cases",382,140.9,347.75,519.5,735.25,1283.125,2022-04-24
"posterior_predictive_cases",383,147,349,521,752,1297,2022-05-01
"posterior_predictive_cases",384,132.975,328,478.5,678,1192.1,2022-05-08
"posterior_predictive_cases",385,120,302.75,460,650.25,1112.025,2022-05-15
"posterior_predictive_cases",386,115.975,295.5,447.5,617.25,1061.1,2022-05-22
"posterior_predictive_cases",387,113.975,272,391,562.25,1063,2022-05-29
"posterior_predictive_cases",388,107.95,250,375,522,944.025,2022-06-05
"posterior_predictive_cases",389,91,222,337,483,861.05,2022-06-12
"posterior_predictive_cases",390,77.975,210,306.5,436.25,762.075,2022-06-19
"posterior_predictive_cases",391,70.975,180,274,386.25,719.099999999999,2022-06-26
"posterior_predictive_cases",392,63,170,243.5,346,599.05,2022-07-03
"posterior_predictive_cases",393,53,144,219.5,316,551.025,2022-07-10
"posterior_predictive_cases",394,50,134,194,274,484.025,2022-07-17
"posterior_predictive_cases",395,46,114,173.5,248,457.099999999999,2022-07-24
"posterior_predictive_cases",396,44.975,105,155,218.25,377.099999999999,2022-07-31
"posterior_predictive_cases",397,34.975,90,130,189,342.05,2022-08-07
"posterior_predictive_cases",398,29,75,113,160,280,2022-08-14
"posterior_predictive_cases",399,23,66,95.5,140,237,2022-08-21
"posterior_predictive_cases",400,21,55,81.5,117,207.025,2022-08-28
"posterior_predictive_cases",401,20,46,68,99.25,176.025,2022-09-04
"posterior_predictive_cases",402,15,37,56,79,143.025,2022-09-11
"posterior_predictive_cases",403,12,30,47,67,116.025,2022-09-18
"posterior_predictive_cases",404,8.975,25,38,55,103,2022-09-25
"posterior_predictive_cases",405,8,21,31,45,81.0249999999999,2022-10-02
"posterior_predictive_cases",406,6,18,27,38,70.0249999999999,2022-10-09
"posterior_predictive_cases",407,5,14,23,34,57,2022-10-16
"posterior_predictive_cases",408,4,12,19,26,48,2022-10-23
"posterior_predictive_cases",409,3,10,15,23,41,2022-10-30
"posterior_predictive_cases",410,2,9,14,20,38,2022-11-06
"posterior_predictive_cases",411,2,8,12,18,34,2022-11-13
"posterior_predictive_cases",412,2,7,11,17,31,2022-11-20
"posterior_predictive_cases",413,2,6,11,16,29.0249999999999,2022-11-27
"posterior_predictive_cases",414,2,6,10,15,27,2022-12-04
"posterior_predictive_cases",415,2,6,10,14,28,2022-12-11
"posterior_predictive_cases",416,2,6,10,15,28,2022-12-18
"posterior_predictive_cases",417,2,7,11,16,29,2022-12-25
"posterior_predictive_cases",418,2,7,11,17,30,2023-01-01
"posterior_predictive_cases",419,2,8,13,19,34,2023-01-08
"posterior_predictive_cases",420,2.975,9,14,20,37,2023-01-15
"posterior_predictive_cases",421,3.975,10,15,23,40,2023-01-22
"posterior_predictive_cases",422,3,11,17,25,44,2023-01-29
"posterior_predictive_cases",423,4,12,19,27,51.0249999999999,2023-02-05
"posterior_predictive_cases",424,4,14,21,31,55,2023-02-12
"posterior_predictive_cases",425,5,15,22,32,58,2023-02-19
"posterior_predictive_cases",426,5,16,25,35,62,2023-02-26
"posterior_predictive_cases",427,7,17,25.5,36,66,2023-03-05
"posterior_predictive_cases",428,5,17,27,39,74,2023-03-12
"posterior_predictive_cases",429,7,19,28,40,72.0249999999999,2023-03-19
"posterior_predictive_cases",430,7,19,29,41,73.0249999999999,2023-03-26
"posterior_predictive_cases",431,7,19,30,43,76.0249999999999,2023-04-02
"posterior_predictive_cases",432,7,18,28,41,77,2023-04-09
"posterior_predictive_cases",433,6.975,18,29,42,73,2023-04-16
"posterior_predictive_cases",434,7,18,28,41,74.0249999999999,2023-04-23
"posterior_predictive_cases",435,7,18,27,39,70,2023-04-30
"posterior_predictive_cases",436,5,17,26,38,69,2023-05-07
"posterior_predictive_cases",437,5,15,24,35,66.0249999999999,2023-05-14
"posterior_predictive_cases",438,6,16,25,35,63,2023-05-21
"posterior_predictive_cases",439,5,15,23,34,60,2023-05-28
"posterior_predictive_cases",440,5,15,23,33,58,2023-06-04
"posterior_predictive_cases",441,5,15,22.5,32,59.0249999999999,2023-06-11
"posterior_predictive_cases",442,6,15,22,32,59,2023-06-18
"posterior_predictive_cases",443,5.975,14,21.5,31,60,2023-06-25
"posterior_predictive_cases",444,5,14,22,31,55.0249999999999,2023-07-02
"posterior_predictive_cases",445,5,15,22,32,56,2023-07-09
"posterior_predictive_cases",446,5,14,22,32,56.0249999999999,2023-07-16
"posterior_predictive_cases",447,6,14,22,32,57,2023-07-23
"posterior_predictive_cases",448,5,14,22,32,54.0249999999999,2023-07-30
"posterior_predictive_cases",449,5,15,22,31,54.0249999999999,2023-08-06
"posterior_predictive_cases",450,5,14,22,31,53,2023-08-13
"posterior_predictive_cases",451,5,14,22,30,54,2023-08-20
"posterior_predictive_cases",452,4,14,21,30,53,2023-08-27
"posterior_predictive_cases",453,4,13,20,29,54,2023-09-03
"posterior_predictive_cases",454,4,13,19,28,50,2023-09-10
"posterior_predictive_cases",455,4,11,18,26,44,2023-09-17
"posterior_predictive_cases",456,4,11,17,25,45,2023-09-24
"posterior_predictive_cases",457,3,10,16,22,39.0249999999999,2023-10-01
"posterior_predictive_cases",458,3,10,15,21,40,2023-10-08
"posterior_predictive_cases",459,3,8,13,20,34.0249999999999,2023-10-15
"posterior_predictive_cases",460,2,8,13,18,34,2023-10-22
"posterior_predictive_cases",461,2,7,11,17,33,2023-10-29
"posterior_predictive_cases",462,2,7,11,16,29,2023-11-05
"posterior_predictive_cases",463,1,7,10,15,28,2023-11-12
"posterior_predictive_cases",464,2,6,10,15,27,2023-11-19
"posterior_predictive_cases",465,2,6,10,14,26,2023-11-26
"posterior_predictive_cases",466,2,6,9,14,29,2023-12-03
"posterior_predictive_cases",467,2,6,10,15,27,2023-12-10
"posterior_predictive_cases",468,2,6.75,10,15,28,2023-12-17
"posterior_predictive_cases",469,2,7,11,16,29.0249999999999,2023-12-24
"posterior_predictive_cases",470,2,7,11,17,30.0249999999999,2023-12-31
"posterior_predictive_cases",471,2,8,14,20,35.0249999999999,2024-01-07
"posterior_predictive_cases",472,3,10,15,23,40,2024-01-14
"posterior_predictive_cases",473,4,11,18,26,48,2024-01-21
"posterior_predictive_cases",474,4,13,21,30,52.0499999999997,2024-01-28
"posterior_predictive_cases",475,6,16,25,35,63,2024-02-04
"posterior_predictive_cases",476,6,18,27,40,73,2024-02-11
"posterior_predictive_cases",477,8,22,32,48,82,2024-02-18
"posterior_predictive_cases",478,7,24,38,54,92.0249999999999,2024-02-25
"posterior_predictive_cases",479,11,29,44,61,113.025,2024-03-03
"posterior_predictive_cases",480,11.975,31,47,68,121,2024-03-10
"posterior_predictive_cases",481,15,34,50,73,138,2024-03-17
"posterior_predictive_cases",482,13,36,54,78,137.025,2024-03-24
"posterior_predictive_cases",483,15,37,54,78,136,2024-03-31
"posterior_predictive_cases",484,15,38,57,82,147,2024-04-07
"posterior_predictive_cases",485,16,39,58,82,154.05,2024-04-14
"posterior_predictive_cases",486,14,39,59,86,149.05,2024-04-21
"posterior_predictive_cases",487,15,39,59,84,145.025,2024-04-28
"posterior_predictive_cases",488,15,38,58,81,147,2024-05-05
"posterior_predictive_cases",489,14,37,55,78,139.025,2024-05-12
"posterior_predictive_cases",490,13,36,54,75.25,148,2024-05-19
"posterior_predictive_cases",491,13,34,52,74,135.025,2024-05-26
"posterior_predictive_cases",492,12,32,50,72,128.025,2024-06-02
"posterior_predictive_cases",493,12,32,48,69,122,2024-06-09
"posterior_predictive_cases",494,11,31,45,65,117,2024-06-16
"posterior_predictive_cases",495,10,29,43,64,118.025,2024-06-23
"posterior_predictive_cases",496,10,27,41,61,108.099999999999,2024-06-30
"posterior_predictive_cases",497,10.975,26,39,58,101.05,2024-07-07
"posterior_predictive_cases",498,9,26,40,56.25,97,2024-07-14
"posterior_predictive_cases",499,9,24,36,52,93.0499999999997,2024-07-21
"posterior_predictive_cases",500,8,23,36,50,95,2024-07-28
"posterior_predictive_cases",501,8.975,22,33,46,81.0249999999999,2024-08-04
"posterior_predictive_cases",502,7,21,31,45,83,2024-08-11
"posterior_predictive_cases",503,6,20,30,42,74.0249999999999,2024-08-18
"posterior_predictive_cases",504,6,18,26,37,67,2024-08-25
"posterior_predictive_cases",505,6,17,25,36,67.0249999999999,2024-09-01
"posterior_predictive_cases",506,5,15,22,31,57.0249999999999,2024-09-08
"posterior_predictive_cases",507,4,13,19,28,57,2024-09-15
"posterior_predictive_cases",508,3,11,17,26,48,2024-09-22
"posterior_predictive_cases",509,3,10,16,22.25,41.0249999999999,2024-09-29
"posterior_predictive_cases",510,2,9,14,21,38,2024-10-06
"posterior_predictive_cases",511,2,8,13,19,34.0249999999999,2024-10-13
"posterior_predictive_cases",512,2,7,11,16,30,2024-10-20
"posterior_predictive_cases",513,2,6,10,15,28.0249999999999,2024-10-27
"posterior_predictive_cases",514,1,6,10,15,27.0249999999999,2024-11-03
"posterior_predictive_cases",515,1,5,9,14,26,2024-11-10
"posterior_predictive_cases",516,1,5,9,13,24.0249999999999,2024-11-17
"posterior_predictive_cases",517,1,5,8,12,23.0249999999999,2024-11-24
"posterior_predictive_cases",518,1,5,9,13,24,2024-12-01
"posterior_predictive_cases",519,1,5,9,13,23.0249999999999,2024-12-08
"posterior_predictive_cases",520,1,6,9,13,25,2024-12-15
"posterior_predictive_cases",521,2,6,9,14,27.0249999999999,2024-12-22
"posterior_predictive_cases",522,2,6,10.5,16,29,2024-12-29
"posterior_predictive_cases",523,2,7.75,11,17,30,2025-01-05
"posterior_predictive_cases",524,2,8,12,19,33.0249999999999,2025-01-12
"posterior_predictive_cases",525,3,9,14,20,38,2025-01-19
"posterior_predictive_cases",526,3,10,15,22,40,2025-01-26
"posterior_predictive_cases",527,4,11,17,25,45.0249999999999,2025-02-02
"posterior_predictive_cases",528,4,12,19,28,50,2025-02-09
"posterior_predictive_cases",529,5,14,21,30,55,2025-02-16
"posterior_predictive_cases",530,5,15,23,34,60,2025-02-23
"posterior_predictive_cases",531,6,16,25,37,63.0249999999999,2025-03-02
"posterior_predictive_cases",532,6,18,27,38,74,2025-03-09
"posterior_predictive_cases",533,7,19,29,41,74,2025-03-16
"posterior_predictive_cases",534,7,19,29,42,82,2025-03-23
"posterior_predictive_cases",535,7,19,30,43,78.0249999999999,2025-03-30
"posterior_predictive_cases",536,7,21,30.5,45,79,2025-04-06
"posterior_predictive_cases",537,7,19,29,42,80,2025-04-13
"posterior_predictive_cases",538,7,19,29,42,74,2025-04-20
"posterior_predictive_cases",539,7,19,29,43,76.0249999999999,2025-04-27
"posterior_predictive_cases",540,6,18,28,40,72.0249999999999,2025-05-04
"posterior_predictive_cases",541,6,17,27,40,70,2025-05-11
"posterior_predictive_cases",542,6,17,27,40,71.0249999999999,2025-05-18
"posterior_predictive_cases",543,6.975,17,26,37,69,2025-05-25
"posterior_predictive_cases",544,5,16,25,36,66.0249999999999,2025-06-01
"posterior_predictive_cases",545,5,16,25,36,64,2025-06-08
"posterior_predictive_cases",546,5,16,25,36,66.0249999999999,2025-06-15
"posterior_predictive_cases",547,5,16,24,35,63,2025-06-22
"posterior_predictive_cases",548,5.975,16,25,36,62,2025-06-29
"posterior_predictive_cases",549,5,17,25,35,65.0499999999997,2025-07-06
"posterior_predictive_cases",550,5,16,24,35,62.0249999999999,2025-07-13
"posterior_predictive_cases",551,6,16,24,35,65.0249999999999,2025-07-20
"posterior_predictive_cases",552,6,15,23,35,63,2025-07-27
"posterior_predictive_cases",553,5,15,24,35,66,2025-08-03
"posterior_predictive_cases",554,5,15,23,35,63,2025-08-10
"posterior_predictive_cases",555,5,16,23,34,59,2025-08-17
"posterior_predictive_cases",556,5,15,24,34,65,2025-08-24
"posterior_predictive_cases",557,5,15,22,31,58,2025-08-31
"posterior_predictive_cases",558,5,14,21,31,55.0249999999999,2025-09-07
"posterior_predictive_cases",559,5,13,19.5,29,54.0249999999999,2025-09-14
"posterior_predictive_cases",560,4,12,19,27,51,2025-09-21
"posterior_predictive_cases",561,4,11.75,17,26,46,2025-09-28
"posterior_predictive_cases",562,4,11,16,24,43.0249999999999,2025-10-05
"posterior_predictive_cases",563,4,9,15,22,39,2025-10-12
"posterior_predictive_cases",564,3,9,14,21,37,2025-10-19
"posterior_predictive_cases",565,2,8,13,19,35,2025-10-26
"posterior_predictive_cases",566,2,8,13,19,34,2025-11-02
"posterior_predictive_cases",567,2,7,11,17,31,2025-11-09
"posterior_predictive_cases",568,2,7,11,16.25,29,2025-11-16
"posterior_predictive_cases",569,2,7,11,16,29,2025-11-23
"posterior_predictive_cases",570,2,7,11,16,31,2025-11-30
"posterior_predictive_cases",571,2,7,11,16,29,2025-12-07
"posterior_predictive_cases",572,2,7,11,17,31.0249999999999,2025-12-14
"posterior_predictive_cases",573,2,7,12,18,33,2025-12-21
