uf,state_name,ensemble_id,foi_pwmean,foi_equiv
RO,Rondonia,1,0.007211363823295314,0.007207506207459052
AC,Acre,1,0.006673722511135892,0.006669055368076817
AM,Amazonas,1,0.009181617240181603,0.009174871772444956
RR,Roraima,1,0.01188497860920501,0.011879679125177546
PA,Para,1,0.008726629617361915,0.008719733356059118
AP,Amapa,1,0.007119237806964458,0.0071096963136413165
TO,Tocantins,1,0.005772013941937041,0.005769630996738504
MA,Maranhao,1,0.009257444631528769,0.009249290100323776
PI,Piaui,1,0.011316476812501705,0.011306593307312594
CE,Ceara,1,0.01064954536554834,0.010643865319323787
RN,Rio Grande do Norte,1,0.009996503264172167,0.009991822312921417
PB,Paraiba,1,0.010925717015763258,0.0109187507614836
PE,Pernambuco,1,0.009810359751337792,0.009805109086168095
AL,Alagoas,1,0.007791237454226973,0.007788011192891855
SE,Sergipe,1,0.00978563823305675,0.00978242444374914
BA,Bahia,1,0.009148679285783737,0.009142819938473863
MG,Minas Gerais,1,0.01380247319028817,0.013798383292742574
ES,Espirito Santo,1,0.012360444509157721,0.012356413779698157
RJ,Rio de Janeiro,1,0.011584474625155805,0.011581156885942887
SP,Sao Paulo,1,0.01519657934982318,0.015193982002723545
PR,Parana,1,0.014242354818690057,0.014240443930860838
SC,Santa Catarina,1,0.015172934305621126,0.015170613167658989
RS,Rio Grande do Sul,1,0.015105792356998405,0.015102167755339456
MS,Mato Grosso do Sul,1,0.008761646244300599,0.00875462446618892
MT,Mato Grosso,1,0.007559910295885327,0.007554414913550498
GO,Goias,1,0.009760376614447102,0.009755385217934372
DF,Distrito Federal,1,0.012523401062377504,0.012522190983240183
RO,Rondonia,2,0.007299928408688214,0.0072967085820494545
AC,Acre,2,0.0065053543059673605,0.0065008478536009605
AM,Amazonas,2,0.010510566191558966,0.010507020154918934
RR,Roraima,2,0.012571929362233758,0.012567955267291786
PA,Para,2,0.01022450467274867,0.01021389886993272
AP,Amapa,2,0.008023509702036764,0.008015102636488677
TO,Tocantins,2,0.006742139901273457,0.0067401847662179395
MA,Maranhao,2,0.010737947920570505,0.010732108701169472
PI,Piaui,2,0.012232164284019112,0.012225043468551787
CE,Ceara,2,0.011523021433450041,0.01151835125697449
RN,Rio Grande do Norte,2,0.010903784901600069,0.010898969551491382
PB,Paraiba,2,0.010657301949857739,0.010650624772204055
PE,Pernambuco,2,0.010404694503298229,0.0103976424114567
AL,Alagoas,2,0.0073096645518487685,0.007305835805894149
SE,Sergipe,2,0.011024232248778503,0.011018156962850068
BA,Bahia,2,0.00898910764910194,0.008981287806102313
MG,Minas Gerais,2,0.013257858993527463,0.013252821434613567
ES,Espirito Santo,2,0.013366811684127629,0.013362283589709312
RJ,Rio de Janeiro,2,0.011940158818240808,0.011934293657050999
SP,Sao Paulo,2,0.016379418585836688,0.01637444007066975
PR,Parana,2,0.014267666820110625,0.014264009374206292
SC,Santa Catarina,2,0.014781978463626872,0.014778272653062112
RS,Rio Grande do Sul,2,0.013416566127792936,0.013413104836554479
MS,Mato Grosso do Sul,2,0.008613459086553423,0.008609241520444075
MT,Mato Grosso,2,0.008015013417130089,0.00800646549079379
GO,Goias,2,0.008660475570736103,0.008655073683121106
DF,Distrito Federal,2,0.011980105764523906,0.011978170036371666
RO,Rondonia,3,0.006859685036900644,0.00685618710237975
AC,Acre,3,0.005772884525267063,0.0057708320624031565
AM,Amazonas,3,0.018291547243830572,0.018271983662097327
RR,Roraima,3,0.022479081898795245,0.02246140165357666
PA,Para,3,0.011190030253867929,0.01118022365690467
AP,Amapa,3,0.010276843729325741,0.010269874621179684
TO,Tocantins,3,0.009330689305483012,0.009324877342589999
MA,Maranhao,3,0.018612237245603097,0.018590767056324134
PI,Piaui,3,0.02288679367759363,0.022867018845875102
CE,Ceara,3,0.01809793124221483,0.01807602770019031
RN,Rio Grande do Norte,3,0.017201340808538124,0.01718360295394038
PB,Paraiba,3,0.015338565382327706,0.015319400648144507
PE,Pernambuco,3,0.014690175367196029,0.014679497133408501
AL,Alagoas,3,0.010855275738950294,0.010846002746649269
SE,Sergipe,3,0.012104644817126663,0.012101920077307007
BA,Bahia,3,0.013123456901553286,0.013112289613344588
MG,Minas Gerais,3,0.01896663679464515,0.018960679746057803
ES,Espirito Santo,3,0.015487153574225969,0.015480294130344829
RJ,Rio de Janeiro,3,0.015282748000590148,0.015271925919879328
SP,Sao Paulo,3,0.019411289649147553,0.019407360213527774
PR,Parana,3,0.017115835678242895,0.01711120093763766
SC,Santa Catarina,3,0.015684779412114207,0.01568138992808339
RS,Rio Grande do Sul,3,0.016073951494340773,0.016070126202517375
MS,Mato Grosso do Sul,3,0.013642380599571693,0.013638843719710081
MT,Mato Grosso,3,0.010235216663377802,0.010227547242460357
GO,Goias,3,0.011819479766115625,0.011808838991546071
DF,Distrito Federal,3,0.019997946577919753,0.019996778539975807
RO,Rondonia,4,0.0085952776904437,0.008592493565350993
AC,Acre,4,0.008341781849434788,0.008337212430099744
AM,Amazonas,4,0.012688243839762938,0.012682360135970351
RR,Roraima,4,0.017618926010497877,0.017608837040088116
PA,Para,4,0.010528533700832647,0.010524050717676767
AP,Amapa,4,0.007980311432158925,0.007976931861223486
TO,Tocantins,4,0.007812633077338121,0.0078104801721884
MA,Maranhao,4,0.012601102016324193,0.012593808450039032
PI,Piaui,4,0.015263012281618115,0.015247625334921158
CE,Ceara,4,0.0123956639540005,0.01239004803489867
RN,Rio Grande do Norte,4,0.011413660537346743,0.011409415084399376
PB,Paraiba,4,0.011327411752276336,0.011323103877945736
PE,Pernambuco,4,0.011343364857378158,0.011338022408724096
AL,Alagoas,4,0.00875764710474791,0.008753636187297813
SE,Sergipe,4,0.011122979849207583,0.011118488436312196
BA,Bahia,4,0.009913633159813869,0.009907552847077476
MG,Minas Gerais,4,0.01504823178803795,0.015043708957857135
ES,Espirito Santo,4,0.014091725732298605,0.014087401642123147
RJ,Rio de Janeiro,4,0.013444364144418922,0.013439480588921152
SP,Sao Paulo,4,0.01714688802066729,0.017143746434405006
PR,Parana,4,0.015201829548695924,0.015200723528665047
SC,Santa Catarina,4,0.015849287360032376,0.015847039618283598
RS,Rio Grande do Sul,4,0.015262182357360354,0.015260804265787029
MS,Mato Grosso do Sul,4,0.01055436355784586,0.010548049723448782
MT,Mato Grosso,4,0.009305511778885906,0.009298322925307221
GO,Goias,4,0.010535292786220268,0.010529420498379762
DF,Distrito Federal,4,0.014666981134240331,0.014665579520867462
RO,Rondonia,5,0.009864290324090324,0.009843458488864846
AC,Acre,5,0.009922650182392585,0.009900882767677843
AM,Amazonas,5,0.0125004766181317,0.012467972242005214
RR,Roraima,5,0.010580687011537178,0.010577162236561253
PA,Para,5,0.010392226020120224,0.010359414534641911
AP,Amapa,5,0.006218601980278808,0.00621101411706716
TO,Tocantins,5,0.007287653326116463,0.007280475882874981
MA,Maranhao,5,0.009940468015635523,0.009934459626453937
PI,Piaui,5,0.011789895894964077,0.011777005528722087
CE,Ceara,5,0.012021857464700057,0.012006971199533121
RN,Rio Grande do Norte,5,0.01228187569228185,0.012263836030628769
PB,Paraiba,5,0.012688550843255784,0.012674418964160477
PE,Pernambuco,5,0.012498732275483735,0.012484721921719006
AL,Alagoas,5,0.010637569270526321,0.010623228607871783
SE,Sergipe,5,0.014046273813978096,0.014021760689171799
BA,Bahia,5,0.011968365114119799,0.011946452621259481
MG,Minas Gerais,5,0.01665009888153013,0.01663924961036868
ES,Espirito Santo,5,0.018243595062621,0.018222477355492067
RJ,Rio de Janeiro,5,0.016116783259947216,0.01609957730724138
SP,Sao Paulo,5,0.018825249583563092,0.018815622546581347
PR,Parana,5,0.015360610867367347,0.015356236887455502
SC,Santa Catarina,5,0.014985392630435067,0.014981632708686953
RS,Rio Grande do Sul,5,0.014779022819767897,0.014774755865396673
MS,Mato Grosso do Sul,5,0.012709954593694773,0.012699794868438781
MT,Mato Grosso,5,0.010499525525340331,0.010470732754426804
GO,Goias,5,0.01434213063117026,0.014311986159745377
DF,Distrito Federal,5,0.01752597362247614,0.017514288883008856
RO,Rondonia,6,0.009635415731278477,0.00962945541255192
AC,Acre,6,0.0076793874988431415,0.007673359581889258
AM,Amazonas,6,0.015447309006578409,0.015440804638576227
RR,Roraima,6,0.016433307661409807,0.016426544808337072
PA,Para,6,0.013192868437912925,0.013184678067084508
AP,Amapa,6,0.010697265267644569,0.010689443441322463
TO,Tocantins,6,0.010338068738325976,0.010334002832126746
MA,Maranhao,6,0.015097013137939486,0.01508897427487611
PI,Piaui,6,0.016900552438491236,0.01688519886329027
CE,Ceara,6,0.016588884863313696,0.016577230701881027
RN,Rio Grande do Norte,6,0.013661611118358811,0.013653927612898069
PB,Paraiba,6,0.012767206574809531,0.012758031190580135
PE,Pernambuco,6,0.011836155850488679,0.011827620288489934
AL,Alagoas,6,0.009100705684657973,0.009093482472605779
SE,Sergipe,6,0.014464153924600156,0.014454956033375032
BA,Bahia,6,0.010700945699040633,0.010690048600644654
MG,Minas Gerais,6,0.01482386823408183,0.0148187761452
ES,Espirito Santo,6,0.01772221123064694,0.017719128617141113
RJ,Rio de Janeiro,6,0.014743578980053568,0.014735150753704936
SP,Sao Paulo,6,0.01795671069751664,0.01795083742777394
PR,Parana,6,0.013369159546143285,0.01336509067814317
SC,Santa Catarina,6,0.013293529662606376,0.013288592943855263
RS,Rio Grande do Sul,6,0.012619639069320142,0.012615269414543872
MS,Mato Grosso do Sul,6,0.010923995084229034,0.010915408859951542
MT,Mato Grosso,6,0.010854633373460251,0.010840290267049893
GO,Goias,6,0.010343639553065727,0.01033646943356349
DF,Distrito Federal,6,0.014303900552719543,0.014301455416053955
RO,Rondonia,7,0.008157508406451606,0.008153549257044592
AC,Acre,7,0.006701203588551036,0.006695392598824091
AM,Amazonas,7,0.010173797736641507,0.010170068284273722
RR,Roraima,7,0.011759630918078972,0.011757542183544524
PA,Para,7,0.00998564543691028,0.009977090710244559
AP,Amapa,7,0.007772246261151509,0.007764345844983361
TO,Tocantins,7,0.010420115525517621,0.010415974809008176
MA,Maranhao,7,0.014512376060186178,0.014504482756835248
PI,Piaui,7,0.017365798729377935,0.017354284393874504
CE,Ceara,7,0.017335345142020793,0.017322701908507838
RN,Rio Grande do Norte,7,0.016037647149415888,0.016026709894202348
PB,Paraiba,7,0.015294484847855526,0.015281875140985236
PE,Pernambuco,7,0.014187773889849676,0.014179856971935294
AL,Alagoas,7,0.010428330550948502,0.01042307245614828
SE,Sergipe,7,0.012772322067326067,0.012765881432230883
BA,Bahia,7,0.012256488021694113,0.012247542510797418
MG,Minas Gerais,7,0.017539550422068312,0.01753480212609743
ES,Espirito Santo,7,0.01567147579844882,0.015666762500253593
RJ,Rio de Janeiro,7,0.01584619037407144,0.01583987275680331
SP,Sao Paulo,7,0.018922696127437175,0.01891953201536761
PR,Parana,7,0.0159079810741914,0.015904997387814486
SC,Santa Catarina,7,0.01621649541059404,0.01621448578745451
RS,Rio Grande do Sul,7,0.015980738050164336,0.015977011956298907
MS,Mato Grosso do Sul,7,0.013752337446630273,0.013746933137000324
MT,Mato Grosso,7,0.01139191720201268,0.011379011860424062
GO,Goias,7,0.01273564222261781,0.012725248638175812
DF,Distrito Federal,7,0.018274782163877706,0.018272257771357447
RO,Rondonia,8,0.006785851856791067,0.006779070927078303
AC,Acre,8,0.006029581113896558,0.006023421113783938
AM,Amazonas,8,0.008669675944338122,0.008657816814028984
RR,Roraima,8,0.013289301228540547,0.013279570110810627
PA,Para,8,0.009493767897137226,0.009480290235732984
AP,Amapa,8,0.007999088302852923,0.00798140256765563
TO,Tocantins,8,0.0066537023509741205,0.006646925273037245
MA,Maranhao,8,0.010120971894494745,0.010111805430687123
PI,Piaui,8,0.011838028172078704,0.011825370731767752
CE,Ceara,8,0.011072265245901764,0.011064111419802434
RN,Rio Grande do Norte,8,0.009930181054292758,0.009925117448156648
PB,Paraiba,8,0.0094445881876592391,0.009437757592317941
PE,Pernambuco,8,0.008838244615917798,0.008833425543958412
AL,Alagoas,8,0.006908947012345913,0.006905094234737013
SE,Sergipe,8,0.01088726854642898,0.010882166383503767
BA,Bahia,8,0.008476165965499466,0.008469377470141322
MG,Minas Gerais,8,0.012274725432699312,0.012270527798894289
ES,Espirito Santo,8,0.012851750904842718,0.012845877100612607
RJ,Rio de Janeiro,8,0.010171550591089637,0.010165473482337617
SP,Sao Paulo,8,0.015347246645024694,0.015341562411783357
PR,Parana,8,0.013814707595960379,0.01380986147023263
SC,Santa Catarina,8,0.014337590124338431,0.01433059556200659
RS,Rio Grande do Sul,8,0.013677457917978478,0.013672728952333292
MS,Mato Grosso do Sul,8,0.007680649050174049,0.007675698296010137
MT,Mato Grosso,8,0.007844498902137072,0.007837223027301736
GO,Goias,8,0.008200165040015287,0.008196110416543157
DF,Distrito Federal,8,0.010361634599266206,0.01036065240926549
RO,Rondonia,9,0.007180228506886807,0.007177248643233718
AC,Acre,9,0.006132600596877046,0.006128338936214269
AM,Amazonas,9,0.013058308169865902,0.013052211785131773
RR,Roraima,9,0.015204421703497863,0.0151998468959236
PA,Para,9,0.009375724942257836,0.009369452599894386
AP,Amapa,9,0.008387722277149214,0.008381491849070532
TO,Tocantins,9,0.005701506422735836,0.005699015713257564
MA,Maranhao,9,0.011692863564779587,0.011686609541825396
PI,Piaui,9,0.01292993785619777,0.012918694384800046
CE,Ceara,9,0.010066432840171868,0.010061077356504909
RN,Rio Grande do Norte,9,0.0093675748230669,0.009363058046753416
PB,Paraiba,9,0.009800065221386904,0.009793736235241577
PE,Pernambuco,9,0.009585634727681733,0.009578008469343433
AL,Alagoas,9,0.00692213884926367,0.006918891731897464
SE,Sergipe,9,0.009215583134849622,0.009212828822091288
BA,Bahia,9,0.008606663463757155,0.008599163939917992
MG,Minas Gerais,9,0.013631631251132075,0.01362410869106147
ES,Espirito Santo,9,0.0122329775200733,0.012227721241496336
RJ,Rio de Janeiro,9,0.010605560475324209,0.01059935564711165
SP,Sao Paulo,9,0.016889645959867288,0.016884488599572953
PR,Parana,9,0.015639594879654224,0.015636064989466212
SC,Santa Catarina,9,0.016614385519040795,0.016611100634464433
RS,Rio Grande do Sul,9,0.015650651229429054,0.015646638909483118
MS,Mato Grosso do Sul,9,0.00820979101744411,0.008204535887369559
MT,Mato Grosso,9,0.0068639892559570126,0.006858354681093968
GO,Goias,9,0.007742403880600968,0.007737238861573024
DF,Distrito Federal,9,0.010521933478004253,0.010520183016105529
RO,Rondonia,10,0.008468246534646706,0.008462601545572795
AC,Acre,10,0.006845203513184644,0.006841062636644784
AM,Amazonas,10,0.014479848031497208,0.014473467714619874
RR,Roraima,10,0.017034166714102763,0.017027726871850054
PA,Para,10,0.011329459588765259,0.01132093411687812
AP,Amapa,10,0.01249515281401446,0.012489980035799892
TO,Tocantins,10,0.008355387599756462,0.008350789614907143
MA,Maranhao,10,0.015175002881882857,0.015166134522007907
PI,Piaui,10,0.017271158299237505,0.01725798214878897
CE,Ceara,10,0.01530336917766231,0.015292132894096502
RN,Rio Grande do Norte,10,0.01315075761691261,0.013142442837948203
PB,Paraiba,10,0.013209335702468386,0.013199172232975868
PE,Pernambuco,10,0.013245317904327376,0.013233745853188974
AL,Alagoas,10,0.010208502956041463,0.010199864484907863
SE,Sergipe,10,0.01137501617098711,0.011372140275613217
BA,Bahia,10,0.011497156520034253,0.011485015794223374
MG,Minas Gerais,10,0.02043822122404911,0.020429750571911064
ES,Espirito Santo,10,0.01577009049255245,0.015763755551395066
RJ,Rio de Janeiro,10,0.01695790068310577,0.01694814553116773
SP,Sao Paulo,10,0.022705433373479026,0.022700392293075182
PR,Parana,10,0.021826876137766786,0.021825668561106966
SC,Santa Catarina,10,0.021924762079494984,0.02192280378137542
RS,Rio Grande do Sul,10,0.02150287277362133,0.0215016756810972
MS,Mato Grosso do Sul,10,0.013769693518744406,0.01376219342332484
MT,Mato Grosso,10,0.009957243625008263,0.00994495643684953
GO,Goias,10,0.013126994088138602,0.01311155337872475
DF,Distrito Federal,10,0.02217000320441397,0.022169732584511062
RO,Rondonia,11,0.00815826171977144,0.008153099051167872
AC,Acre,11,0.0062173454828673095,0.006213409477104207
AM,Amazonas,11,0.012646869896362867,0.012637888685283113
RR,Roraima,11,0.013159881672931303,0.013153296370137995
PA,Para,11,0.011696775876630658,0.01167714684021571
AP,Amapa,11,0.009710645478469178,0.009693697078412241
TO,Tocantins,11,0.009157305422889166,0.00915236163541594
MA,Maranhao,11,0.012235763826996116,0.012227658812301085
PI,Piaui,11,0.01369140798682414,0.013681442367761226
CE,Ceara,11,0.011729194169924876,0.011721898834036895
RN,Rio Grande do Norte,11,0.012741427452689207,0.012733098575322937
PB,Paraiba,11,0.011211895524957317,0.011204524601779703
PE,Pernambuco,11,0.011199575559504571,0.01119506410350755
AL,Alagoas,11,0.009243525008858345,0.009240473029140684
SE,Sergipe,11,0.011255302455836185,0.011248754658560012
BA,Bahia,11,0.00954700864841986,0.009542558325244564
MG,Minas Gerais,11,0.015001092713272608,0.014996495837094418
ES,Espirito Santo,11,0.01410176903588424,0.014097229815638103
RJ,Rio de Janeiro,11,0.014368636336017815,0.014363657265108583
SP,Sao Paulo,11,0.016629055744071045,0.016626158353341216
PR,Parana,11,0.014082795784011596,0.014077693302641603
SC,Santa Catarina,11,0.014746050642504352,0.014739297974608318
RS,Rio Grande do Sul,11,0.01447718412893228,0.014470671511392011
MS,Mato Grosso do Sul,11,0.011851507972933238,0.011848548379758388
MT,Mato Grosso,11,0.010627708879724123,0.010620696899580511
GO,Goias,11,0.012314040398707213,0.012309357977717476
DF,Distrito Federal,11,0.015048681660292352,0.015046625672000324
RO,Rondonia,12,0.008204818824844268,0.008201890868579769
AC,Acre,12,0.006182132531382219,0.006178612197756857
AM,Amazonas,12,0.010847225354008413,0.010839851882517265
RR,Roraima,12,0.01422205175191469,0.014216682104829076
PA,Para,12,0.013728699006657588,0.013712579469221511
AP,Amapa,12,0.013431875946041661,0.013410245012927717
TO,Tocantins,12,0.009088940609489095,0.009084555977999346
MA,Maranhao,12,0.0141558458157153,0.014147106520767444
PI,Piaui,12,0.013771069877723972,0.01376158735747269
CE,Ceara,12,0.011729208875131658,0.011720174234942109
RN,Rio Grande do Norte,12,0.0110659399060569,0.011056279774272974
PB,Paraiba,12,0.009070897052815538,0.009063169457505689
PE,Pernambuco,12,0.00793831911702684,0.007935328705085514
AL,Alagoas,12,0.0062925001883470345,0.006290338314901864
SE,Sergipe,12,0.008162267774685131,0.008159181066457522
BA,Bahia,12,0.007480850334825707,0.0074769848912453404
MG,Minas Gerais,12,0.010749659090682876,0.010746167327685985
ES,Espirito Santo,12,0.009909298459344244,0.00990668328464972
RJ,Rio de Janeiro,12,0.00965728413772448,0.009654431882184466
SP,Sao Paulo,12,0.012772854125065156,0.012771034996786883
PR,Parana,12,0.011158709968259508,0.011153055985979371
SC,Santa Catarina,12,0.01258185430375533,0.012574135371248636
RS,Rio Grande do Sul,12,0.01146257624890242,0.011457309541543685
MS,Mato Grosso do Sul,12,0.008720058776967028,0.00871675022514936
MT,Mato Grosso,12,0.009307076097051295,0.009301122029184705
GO,Goias,12,0.008450218508251024,0.008447041262363435
DF,Distrito Federal,12,0.00908746008526607,0.009085252277259504
RO,Rondonia,13,0.009358820484605127,0.009353368150036533
AC,Acre,13,0.00869076675583419,0.008685200161329766
AM,Amazonas,13,0.012034814759257616,0.012027484645723084
RR,Roraima,13,0.015016489522334156,0.015010350250810699
PA,Para,13,0.01128951830383723,0.011276543605929883
AP,Amapa,13,0.009384340313372737,0.009366779764452608
TO,Tocantins,13,0.0071382629625515994,0.007134207799990737
MA,Maranhao,13,0.011663333841029275,0.011655068921217643
PI,Piaui,13,0.013528872080130401,0.013516736993357965
CE,Ceara,13,0.011716344932144927,0.011706931206880704
RN,Rio Grande do Norte,13,0.010811931129392495,0.010802764198994622
PB,Paraiba,13,0.010185933548533057,0.010177439809048937
PE,Pernambuco,13,0.009326922614736367,0.00932055403273865
AL,Alagoas,13,0.007780988241347765,0.007775717893715181
SE,Sergipe,13,0.010978584988498871,0.010971884885721818
BA,Bahia,13,0.008687189633035905,0.008678216478401756
MG,Minas Gerais,13,0.013394054452652742,0.01338690306334206
ES,Espirito Santo,13,0.013963200049133083,0.013959132503644656
RJ,Rio de Janeiro,13,0.013859938538016625,0.013855304248978802
SP,Sao Paulo,13,0.01655468429141227,0.016550006586857412
PR,Parana,13,0.01430603321070463,0.014301798123027884
SC,Santa Catarina,13,0.015932344805108536,0.01592851833243893
RS,Rio Grande do Sul,13,0.015542749089374561,0.015537042501526262
MS,Mato Grosso do Sul,13,0.010805494579071437,0.010799668306488165
MT,Mato Grosso,13,0.009484893195611108,0.009473243012152261
GO,Goias,13,0.010149528571517151,0.010141578390859812
DF,Distrito Federal,13,0.011882557276828649,0.01187825343896782
RO,Rondonia,14,0.009798529596339244,0.009795588701236658
AC,Acre,14,0.006562788774481903,0.006557852899123705
AM,Amazonas,14,0.011236245041098375,0.01123048317060684
RR,Roraima,14,0.015752361361691555,0.015747794037753306
PA,Para,14,0.014160892743539513,0.01415064374472027
AP,Amapa,14,0.011609188677249593,0.011597454815364673
TO,Tocantins,14,0.01304550686456224,0.013038657482021898
MA,Maranhao,14,0.016356438875183087,0.016349634667343915
PI,Piaui,14,0.017274816502013582,0.01726102384864289
CE,Ceara,14,0.01697875287403274,0.016965106735726387
RN,Rio Grande do Norte,14,0.013813218673401531,0.013803678368565449
PB,Paraiba,14,0.012161669882069842,0.012146161019372482
PE,Pernambuco,14,0.011238289684109922,0.011233455550627863
AL,Alagoas,14,0.008966811918778567,0.008963007326918859
SE,Sergipe,14,0.010670690730027065,0.01066708865123001
BA,Bahia,14,0.010083557527023427,0.010076697437812646
MG,Minas Gerais,14,0.01563274859996378,0.015626766094881343
ES,Espirito Santo,14,0.013541265887778818,0.013536366518716762
RJ,Rio de Janeiro,14,0.014025216891562726,0.014019459904404414
SP,Sao Paulo,14,0.017156665627126536,0.01715463773595342
PR,Parana,14,0.015195409087709402,0.015190570592649074
SC,Santa Catarina,14,0.015608060574609754,0.015601797687379503
RS,Rio Grande do Sul,14,0.014882144721169784,0.01487712435302734
MS,Mato Grosso do Sul,14,0.013094147235861879,0.013089205870228826
MT,Mato Grosso,14,0.013660724921965257,0.013650633965754876
GO,Goias,14,0.01240694459526952,0.01240029292346339
DF,Distrito Federal,14,0.016444708470352173,0.016442736949728247
RO,Rondonia,15,0.007924201496167127,0.007921453593456211
AC,Acre,15,0.00604106109771301,0.006038559601591305
AM,Amazonas,15,0.010723548250424073,0.010720168516181036
RR,Roraima,15,0.01251614013367704,0.012512391451614804
PA,Para,15,0.010292946124563546,0.01028593600982077
AP,Amapa,15,0.011528501971838908,0.011515932746813194
TO,Tocantins,15,0.008882870696722472,0.008880035674004725
MA,Maranhao,15,0.014937180143961807,0.014927291980818541
PI,Piaui,15,0.015083817151675111,0.015070326906704302
CE,Ceara,15,0.01316187340552047,0.013145181798611074
RN,Rio Grande do Norte,15,0.013402855998522124,0.013392797603862102
PB,Paraiba,15,0.013343051727994994,0.01333451183413841
PE,Pernambuco,15,0.012254147221342025,0.012246324977530455
AL,Alagoas,15,0.009439253301065357,0.009435301354351595
SE,Sergipe,15,0.010938115694430617,0.010934963699297898
BA,Bahia,15,0.011260021830185518,0.01125302880440605
MG,Minas Gerais,15,0.015743592414006056,0.015740635757518925
ES,Espirito Santo,15,0.013297314158881458,0.013293057733834482
RJ,Rio de Janeiro,15,0.01313925765573187,0.013135295150233603
SP,Sao Paulo,15,0.01733455540354996,0.017332027606600183
PR,Parana,15,0.016105719152241373,0.01610324927052219
SC,Santa Catarina,15,0.01628380449107211,0.016281079740617866
RS,Rio Grande do Sul,15,0.015389737886898815,0.01538746078454749
MS,Mato Grosso do Sul,15,0.011385308217475876,0.011382764395334546
MT,Mato Grosso,15,0.009916959863298502,0.009912024041686625
GO,Goias,15,0.011078682626929221,0.0110736839766016
DF,Distrito Federal,15,0.015890531787143017,0.015889929353849693
RO,Rondonia,16,0.008672167432787732,0.008669385652926173
AC,Acre,16,0.007261924341430359,0.007259688584429756
AM,Amazonas,16,0.012028591794194889,0.012023611708042573
RR,Roraima,16,0.016841439199373465,0.016830045029623188
PA,Para,16,0.011144412528213767,0.011138280168880473
AP,Amapa,16,0.009207426606081223,0.009202477278125265
TO,Tocantins,16,0.009884051547175749,0.009880642947680564
MA,Maranhao,16,0.013648548940153098,0.01364081641596176
PI,Piaui,16,0.0157597393371159,0.01574845941659475
CE,Ceara,16,0.014546209784371534,0.014540877391908288
RN,Rio Grande do Norte,16,0.014149331452030088,0.014145918515689295
PB,Paraiba,16,0.012964068243998324,0.012958058007608724
PE,Pernambuco,16,0.013410750520630047,0.013406961795900256
AL,Alagoas,16,0.010836300031421256,0.01083355951150306
SE,Sergipe,16,0.013128284430617091,0.013126175464626908
BA,Bahia,16,0.012120342825087314,0.012115795223613427
MG,Minas Gerais,16,0.015509664924525818,0.015506126789743042
ES,Espirito Santo,16,0.014658761285518783,0.014656765650153907
RJ,Rio de Janeiro,16,0.013720579392879542,0.01371548060896345
SP,Sao Paulo,16,0.017196297776218967,0.01719352742636699
PR,Parana,16,0.015697657403831583,0.01569392688544985
SC,Santa Catarina,16,0.014746549639339888,0.014742573121394544
RS,Rio Grande do Sul,16,0.014564465705616121,0.014560659248216446
MS,Mato Grosso do Sul,16,0.011559077304515233,0.01155692201417779
MT,Mato Grosso,16,0.010557572838820597,0.010551009615348344
GO,Goias,16,0.011913586455823352,0.011909493843829845
DF,Distrito Federal,16,0.015003677409709117,0.015002764263960598
RO,Rondonia,17,0.008851826981169144,0.00884954103456224
AC,Acre,17,0.00801822294396398,0.00801681736093482
AM,Amazonas,17,0.011690496913539117,0.011682604515284632
RR,Roraima,17,0.015181753632638153,0.015176069382564094
PA,Para,17,0.012756797427285698,0.012748073003904384
AP,Amapa,17,0.010499813141125847,0.010489215546740097
TO,Tocantins,17,0.011258607954386476,0.011255421550278942
MA,Maranhao,17,0.0148670090950085,0.014856822118333812
PI,Piaui,17,0.012535043262214173,0.012522506487540809
CE,Ceara,17,0.012079540409677668,0.012071394843289195
RN,Rio Grande do Norte,17,0.011873297882641676,0.0118667549877932
PB,Paraiba,17,0.010577833550791612,0.010573453913775108
PE,Pernambuco,17,0.010863058734582093,0.010858103248897936
AL,Alagoas,17,0.010551048449747568,0.010544732413514814
SE,Sergipe,17,0.011713596734005636,0.011710009497928582
BA,Bahia,17,0.010011333848994981,0.010003077311550685
MG,Minas Gerais,17,0.014152301431263765,0.014147740459712208
ES,Espirito Santo,17,0.013997522550530838,0.013992864529594834
RJ,Rio de Janeiro,17,0.013930120645430592,0.013925011142686659
SP,Sao Paulo,17,0.014611051586926662,0.014609881499558995
PR,Parana,17,0.01330991145155927,0.013307858261637974
SC,Santa Catarina,17,0.01252372776842348,0.012520915856084695
RS,Rio Grande do Sul,17,0.012758349868608873,0.012756204066239023
MS,Mato Grosso do Sul,17,0.013596549129596026,0.013593770371244285
MT,Mato Grosso,17,0.011252542634905716,0.011244706046722461
GO,Goias,17,0.013067252438143632,0.013062970800709946
DF,Distrito Federal,17,0.01667958199022687,0.01667852399625652
RO,Rondonia,18,0.01032675501032085,0.0103214281491692
AC,Acre,18,0.009142449392088846,0.009134931681518818
AM,Amazonas,18,0.011889034860836414,0.011880734794883763
RR,Roraima,18,0.014313599929970425,0.01430933857726289
PA,Para,18,0.012837333784080293,0.012826978729274706
AP,Amapa,18,0.010889586719219259,0.010875749564731403
TO,Tocantins,18,0.01115691687061861,0.011153202914221056
MA,Maranhao,18,0.01394444784630914,0.01393747598894941
PI,Piaui,18,0.013812116108793314,0.013803614257936284
CE,Ceara,18,0.013819176970018679,0.013812848258407147
RN,Rio Grande do Norte,18,0.012296050465727784,0.012290645130542769
PB,Paraiba,18,0.01137964244137364,0.011375819835670294
PE,Pernambuco,18,0.010994030269010231,0.010990240660271117
AL,Alagoas,18,0.00949539007685912,0.009492094663314632
SE,Sergipe,18,0.012566411300793527,0.012560594415832373
BA,Bahia,18,0.010133314599517928,0.010127488509772537
MG,Minas Gerais,18,0.014928297463717032,0.014924639047139348
ES,Espirito Santo,18,0.014372735215549956,0.014369354431023424
RJ,Rio de Janeiro,18,0.013247553476431641,0.01324354921839065
SP,Sao Paulo,18,0.01679850971609114,0.016795745814870144
PR,Parana,18,0.01565467832786409,0.01565239439791132
SC,Santa Catarina,18,0.01596742353711865,0.015963776486623418
RS,Rio Grande do Sul,18,0.015555723626450958,0.015553382468574746
MS,Mato Grosso do Sul,18,0.0122966805411825,0.012292471169527575
MT,Mato Grosso,18,0.011917381736914907,0.011907593955827578
GO,Goias,18,0.011954648286822727,0.011951132320615433
DF,Distrito Federal,18,0.014524086131239908,0.014522340910552874
RO,Rondonia,19,0.009362736599682848,0.009354332559648085
AC,Acre,19,0.008020924552056745,0.00801278157384733
AM,Amazonas,19,0.01384633725886961,0.01384072730863605
RR,Roraima,19,0.014607933472320348,0.014604380862711963
PA,Para,19,0.0115008322248743,0.011492823906684256
AP,Amapa,19,0.009266277001972969,0.009260863449532674
TO,Tocantins,19,0.007170066932114921,0.007166226136079618
MA,Maranhao,19,0.013315698923414278,0.013309180860000975
PI,Piaui,19,0.015276958361708858,0.015270500687632133
CE,Ceara,19,0.013337645567723874,0.013331262160066058
RN,Rio Grande do Norte,19,0.012441555267254888,0.012433489442833125
PB,Paraiba,19,0.011221171326203209,0.01121823815420738
PE,Pernambuco,19,0.010887402059866401,0.010882908883257852
AL,Alagoas,19,0.00910098526340826,0.009096042256119536
SE,Sergipe,19,0.011543165762078738,0.011538710397555822
BA,Bahia,19,0.009904763266036815,0.009899378579000674
MG,Minas Gerais,19,0.013188732660867581,0.01318425299930428
ES,Espirito Santo,19,0.015151693232264205,0.015148010999221207
RJ,Rio de Janeiro,19,0.015304169373177409,0.015298527296193224
SP,Sao Paulo,19,0.01580053521644009,0.015796264601607886
PR,Parana,19,0.011609596676183411,0.011607503382070608
SC,Santa Catarina,19,0.013305335689546319,0.013302264749247467
RS,Rio Grande do Sul,19,0.012518416237818044,0.012515909079883175
MS,Mato Grosso do Sul,19,0.01170962812671535,0.011703439704489678
MT,Mato Grosso,19,0.009632311557119704,0.009617423500725059
GO,Goias,19,0.011141559187472328,0.011133769551040283
DF,Distrito Federal,19,0.012450300837857628,0.012445106678030634
RO,Rondonia,20,0.005817446370127734,0.0058158286450148795
AC,Acre,20,0.0045819912812455465,0.0045810859290806695
AM,Amazonas,20,0.010348648794055164,0.010344284775204897
RR,Roraima,20,0.014094631126333296,0.014090630348726006
PA,Para,20,0.009390176036467105,0.009384194029161854
AP,Amapa,20,0.008958127626848979,0.0089507378804579
TO,Tocantins,20,0.006967104642879091,0.006964126618209105
MA,Maranhao,20,0.012663172962032334,0.012656478174637588
PI,Piaui,20,0.013259312529445387,0.013250627716107648
CE,Ceara,20,0.010076723607029365,0.010069085223171414
RN,Rio Grande do Norte,20,0.010156345802711242,0.010151849947356805
PB,Paraiba,20,0.010703491602647199,0.010691898182060771
PE,Pernambuco,20,0.011174551308667187,0.011164949947422469
AL,Alagoas,20,0.008388918475950365,0.008383409554170171
SE,Sergipe,20,0.008769319724359218,0.008767870774963023
BA,Bahia,20,0.009877901636633895,0.00986899214432098
MG,Minas Gerais,20,0.01679753351798051,0.016789199498596537
ES,Espirito Santo,20,0.01195561262277239,0.01194847726453175
RJ,Rio de Janeiro,20,0.012425612254948083,0.012415716558311241
SP,Sao Paulo,20,0.01755860088635251,0.01755552540649869
PR,Parana,20,0.018028462667664016,0.01802683246598786
SC,Santa Catarina,20,0.017710203242147348,0.01770520361351934
RS,Rio Grande do Sul,20,0.018069375788301915,0.018067781685824954
MS,Mato Grosso do Sul,20,0.010402927291864528,0.010396930664965923
MT,Mato Grosso,20,0.007797275121704169,0.007794286620684718
GO,Goias,20,0.010612589402161574,0.010600920317848246
DF,Distrito Federal,20,0.019058471575714234,0.019058262505562966
RO,Rondonia,21,0.009058378411939233,0.009052496737558176
AC,Acre,21,0.008135888252856998,0.008131231853629732
AM,Amazonas,21,0.011791294277284564,0.011780922171980613
RR,Roraima,21,0.014569215636394425,0.014562707846673052
PA,Para,21,0.013725596580823509,0.013705353575635067
AP,Amapa,21,0.010905377166743281,0.010877352252127152
TO,Tocantins,21,0.007267395859966373,0.007262817376942256
MA,Maranhao,21,0.01237575299154312,0.012366319053237883
PI,Piaui,21,0.012707134863557994,0.012694168377458853
CE,Ceara,21,0.010481618814463429,0.010469664424930086
RN,Rio Grande do Norte,21,0.010750182771628267,0.010742935368201001
PB,Paraiba,21,0.010579219463296763,0.010571282418856562
PE,Pernambuco,21,0.009451167960735437,0.009446345752246614
AL,Alagoas,21,0.008039601608654235,0.008035258156888598
SE,Sergipe,21,0.009378721155779406,0.009374421453785028
BA,Bahia,21,0.008885415824233795,0.008877929785931363
MG,Minas Gerais,21,0.01303901252535342,0.013032618172640282
ES,Espirito Santo,21,0.012060090067625592,0.012054233836030106
RJ,Rio de Janeiro,21,0.01198905764337443,0.011985132897374066
SP,Sao Paulo,21,0.014955437897674378,0.01495129857082691
PR,Parana,21,0.013976306016447807,0.013971307078647284
SC,Santa Catarina,21,0.01484796982587803,0.014842881292281538
RS,Rio Grande do Sul,21,0.01508217489021669,0.015074141302826213
MS,Mato Grosso do Sul,21,0.009766784619879223,0.009757444827971341
MT,Mato Grosso,21,0.008888100907431242,0.008881198698753954
GO,Goias,21,0.009403615735292144,0.009396468664144697
DF,Distrito Federal,21,0.01341706541084049,0.01341520508741848
RO,Rondonia,22,0.008874933228194241,0.008873423224427465
AC,Acre,22,0.0074245113231838425,0.007422680990999225
AM,Amazonas,22,0.007978924487112389,0.007974495814750876
RR,Roraima,22,0.012393804769521902,0.012391172695635786
PA,Para,22,0.01080051198645708,0.010797793835192781
AP,Amapa,22,0.009732716473276053,0.00972626286103357
TO,Tocantins,22,0.010543180672297646,0.01054194502127453
MA,Maranhao,22,0.013069943434530844,0.013065073777458113
PI,Piaui,22,0.012757579539680626,0.01275043319372005
CE,Ceara,22,0.012214528518376138,0.012206265742367788
RN,Rio Grande do Norte,22,0.011490948099567895,0.011485772554754524
PB,Paraiba,22,0.01129334513112756,0.011286534410882591
PE,Pernambuco,22,0.010431471899742037,0.010426087160344608
AL,Alagoas,22,0.008577780615071763,0.008574590525198999
SE,Sergipe,22,0.010282062688430026,0.010280492257389558
BA,Bahia,22,0.009833833199890268,0.009829169020482264
MG,Minas Gerais,22,0.014245690169520136,0.014242915042719628
ES,Espirito Santo,22,0.011721183184107073,0.011715992579847203
RJ,Rio de Janeiro,22,0.011850821882040443,0.011846379504493208
SP,Sao Paulo,22,0.0158139628227001,0.015811911729218524
PR,Parana,22,0.014813288998982642,0.014811770657054668
SC,Santa Catarina,22,0.015074721243049363,0.015072131249806392
RS,Rio Grande do Sul,22,0.01415003599070442,0.014148449897879948
MS,Mato Grosso do Sul,22,0.010747211572280703,0.01074433543829325
MT,Mato Grosso,22,0.01068718137504179,0.010683440185457006
GO,Goias,22,0.01045695627531272,0.010452321266729937
DF,Distrito Federal,22,0.015150310049990201,0.015149794646183833
RO,Rondonia,23,0.006357653215847889,0.006355528747028256
AC,Acre,23,0.0063881508997774275,0.0063870029861348545
AM,Amazonas,23,0.008826954790496845,0.008819995303677953
RR,Roraima,23,0.013624421126912515,0.013618627620293993
PA,Para,23,0.00841728098553319,0.008411906443819249
AP,Amapa,23,0.007841483777742363,0.007835050485649352
TO,Tocantins,23,0.006848060269664413,0.006846075464386744
MA,Maranhao,23,0.012642865992570937,0.012630917115423855
PI,Piaui,23,0.013175356943077154,0.013161386048912883
CE,Ceara,23,0.012026463682509236,0.012010682640511198
RN,Rio Grande do Norte,23,0.011879066116323193,0.01186642148712019
PB,Paraiba,23,0.010236409883006444,0.010231133975158834
PE,Pernambuco,23,0.009440062180712772,0.009436144941988968
AL,Alagoas,23,0.007874321788359088,0.007871838853499404
SE,Sergipe,23,0.00983071587975181,0.009828061363020795
BA,Bahia,23,0.00895719927498787,0.008952889159799735
MG,Minas Gerais,23,0.011430432398148121,0.011428469040666536
ES,Espirito Santo,23,0.011609477415599385,0.011602034977486774
RJ,Rio de Janeiro,23,0.010394621198607516,0.010389978724881796
SP,Sao Paulo,23,0.01306225661278414,0.013060323880766292
PR,Parana,23,0.011581937467040407,0.01158017556898712
SC,Santa Catarina,23,0.012093727404647975,0.012090177100563232
RS,Rio Grande do Sul,23,0.011131232799973755,0.011129963080921327
MS,Mato Grosso do Sul,23,0.008332613423683157,0.008327520775487639
MT,Mato Grosso,23,0.007214734508818305,0.007210865188145424
GO,Goias,23,0.008170437644727538,0.008166338536523933
DF,Distrito Federal,23,0.011388337678804056,0.011387815451121617
RO,Rondonia,24,0.009575830480808609,0.009569910192515924
AC,Acre,24,0.008463118842699666,0.008457310726551414
AM,Amazonas,24,0.012633286636535346,0.01262867203658632
RR,Roraima,24,0.01489311549583985,0.014886919592999273
PA,Para,24,0.010288330184286593,0.01028372720033235
AP,Amapa,24,0.008076088617829064,0.008070651195599817
TO,Tocantins,24,0.009065066684468995,0.009062751027287536
MA,Maranhao,24,0.012511003184371799,0.012504045456819983
PI,Piaui,24,0.012548466172675231,0.012538599709509006
CE,Ceara,24,0.01231939877575376,0.012310220657943488
RN,Rio Grande do Norte,24,0.011130620594817566,0.011120696593337963
PB,Paraiba,24,0.011910395308510006,0.011902872528169944
PE,Pernambuco,24,0.01194508269980531,0.011936653026592935
AL,Alagoas,24,0.0096910689609839,0.009684185796495298
SE,Sergipe,24,0.012166814755548743,0.01216028013254001
BA,Bahia,24,0.010305194924080004,0.01029317594378317
MG,Minas Gerais,24,0.01737095209418584,0.01736355012312668
ES,Espirito Santo,24,0.01613499993103475,0.016130575248917717
RJ,Rio de Janeiro,24,0.017312631358992067,0.01730545433467681
SP,Sao Paulo,24,0.019573330333368968,0.019568682175725684
PR,Parana,24,0.016861003643915545,0.016859244344990088
SC,Santa Catarina,24,0.017612145568111817,0.017609677559482673
RS,Rio Grande do Sul,24,0.01697208864954301,0.01697047043511149
MS,Mato Grosso do Sul,24,0.013175130287226774,0.01316876661112845
MT,Mato Grosso,24,0.011076014306002682,0.011058200270818663
GO,Goias,24,0.013399065546380644,0.013387734250622571
DF,Distrito Federal,24,0.019101687151882697,0.01909891209815865
RO,Rondonia,25,0.00781790751144572,0.00781646561513513
AC,Acre,25,0.006504367329434886,0.0065037176202169394
AM,Amazonas,25,0.013777967956632832,0.013772098342403921
RR,Roraima,25,0.017234780384525653,0.01722993051965654
PA,Para,25,0.012111860837651143,0.012103629319673315
AP,Amapa,25,0.012374595829881341,0.012364394560468098
TO,Tocantins,25,0.010529802554736196,0.01052689321656135
MA,Maranhao,25,0.017552722176000835,0.017543618202923068
PI,Piaui,25,0.018419670824705966,0.018409330297441285
CE,Ceara,25,0.014031775895669781,0.014018606563929264
RN,Rio Grande do Norte,25,0.01283916382046933,0.012828183079577272
PB,Paraiba,25,0.009970901788502367,0.00996506334894742
PE,Pernambuco,25,0.009241989228636395,0.009240436744572518
AL,Alagoas,25,0.008438869857189784,0.008436517785140546
SE,Sergipe,25,0.009331584037243898,0.009330824893786019
BA,Bahia,25,0.009015443651808605,0.00901261190291084
MG,Minas Gerais,25,0.011096696509248015,0.011095244503879163
ES,Espirito Santo,25,0.010872299735767652,0.010870274294695668
RJ,Rio de Janeiro,25,0.010770728694281386,0.010768428427573312
SP,Sao Paulo,25,0.011926800851543027,0.011925884024082654
PR,Parana,25,0.010537915490997165,0.010536004686905404
SC,Santa Catarina,25,0.010441565663098031,0.01043833895553971
RS,Rio Grande do Sul,25,0.009838408734886214,0.009836580210315199
MS,Mato Grosso do Sul,25,0.010590688686103201,0.010589875339271105
MT,Mato Grosso,25,0.010601787216461994,0.01059811383072816
GO,Goias,25,0.009577807248906079,0.009575808910558066
DF,Distrito Federal,25,0.012508704985462839,0.012507773248063193
RO,Rondonia,26,0.0060207353232112,0.0060184868499711126
AC,Acre,26,0.005742335113119491,0.005739067400648783
AM,Amazonas,26,0.008979096665929219,0.008976251730368682
RR,Roraima,26,0.01259987252630346,0.012595684043101152
PA,Para,26,0.0074467063531612684,0.007443825444562293
AP,Amapa,26,0.007351072252911636,0.007348159339585456
TO,Tocantins,26,0.005444372937880617,0.005442956052724944
MA,Maranhao,26,0.009485021197915259,0.009481353469666387
PI,Piaui,26,0.010164901275485343,0.010157962843212132
CE,Ceara,26,0.009357406522803188,0.009353054431792285
RN,Rio Grande do Norte,26,0.008752526676897649,0.00874793695433521
PB,Paraiba,26,0.008671714205796386,0.00866765506012231
PE,Pernambuco,26,0.008408124043416907,0.008404009841351976
AL,Alagoas,26,0.006577252090982213,0.006574033711379923
SE,Sergipe,26,0.008986118642449753,0.008981917900081671
BA,Bahia,26,0.00745624489324648,0.007451206923680866
MG,Minas Gerais,26,0.010980402593922184,0.010977556772690016
ES,Espirito Santo,26,0.011139455184593744,0.01113656604466296
RJ,Rio de Janeiro,26,0.009912018677724553,0.00990868287434787
SP,Sao Paulo,26,0.01183646769556982,0.01183512189580417
PR,Parana,26,0.010943622621466689,0.010942453788217945
SC,Santa Catarina,26,0.011487164879058091,0.01148505089090899
RS,Rio Grande do Sul,26,0.011238223764966802,0.011237041769282394
MS,Mato Grosso do Sul,26,0.007772322632948648,0.007766220127713072
MT,Mato Grosso,26,0.006723177580289447,0.0067189565471685786
GO,Goias,26,0.007778407579006533,0.007773559222002948
DF,Distrito Federal,26,0.011319324346488618,0.011318465046793336
RO,Rondonia,27,0.007974197200893636,0.007970874997922352
AC,Acre,27,0.006983625293129579,0.0069813583699909025
AM,Amazonas,27,0.008497600178852061,0.008488515688673308
RR,Roraima,27,0.010642296843098458,0.010639556145721948
PA,Para,27,0.011116868661649518,0.011093690110763828
AP,Amapa,27,0.009768190616831427,0.009746701927130388
TO,Tocantins,27,0.007931302964215197,0.007927227592222804
MA,Maranhao,27,0.011090879284574001,0.011082703478724648
PI,Piaui,27,0.011991383302114257,0.011975265958194854
CE,Ceara,27,0.011380612347284361,0.01136713275714595
RN,Rio Grande do Norte,27,0.011166503592061389,0.01115641502524094
PB,Paraiba,27,0.01124617405327489,0.01123388299195671
PE,Pernambuco,27,0.009802339037517184,0.009795449704533487
AL,Alagoas,27,0.007721962653886392,0.007719603618838051
SE,Sergipe,27,0.00983279014909927,0.0098291734313885
BA,Bahia,27,0.00981074531101532,0.009802680552350071
MG,Minas Gerais,27,0.012178261000338366,0.012173016780620416
ES,Espirito Santo,27,0.011248426359017466,0.011242761694202946
RJ,Rio de Janeiro,27,0.010910870031515467,0.010908117034744582
SP,Sao Paulo,27,0.013714502339885675,0.013712049061594489
PR,Parana,27,0.012346585510587467,0.012343519225300999
SC,Santa Catarina,27,0.013576374155228997,0.013574147656383736
RS,Rio Grande do Sul,27,0.012941850438144246,0.012935474145807972
MS,Mato Grosso do Sul,27,0.009392613753131718,0.009387248863062482
MT,Mato Grosso,27,0.00813928680534844,0.008135167719721477
GO,Goias,27,0.008720690745139906,0.00871383325629458
DF,Distrito Federal,27,0.009685058345183165,0.009683295496116528
RO,Rondonia,28,0.008036801137520231,0.008032516572799213
AC,Acre,28,0.00624985315122925,0.006245931625519838
AM,Amazonas,28,0.012614893304918207,0.012610166896911666
RR,Roraima,28,0.015264006668895675,0.015255039666838444
PA,Para,28,0.012916034060449902,0.01290663421842205
AP,Amapa,28,0.011257534672235642,0.011246530760054878
TO,Tocantins,28,0.008775056688104809,0.008771347019503198
MA,Maranhao,28,0.012560455042664566,0.012555414877520562
PI,Piaui,28,0.014274050323282555,0.01426501907817933
CE,Ceara,28,0.012968556685165684,0.012962483285649445
RN,Rio Grande do Norte,28,0.011681697280047114,0.011676442374462003
PB,Paraiba,28,0.01168528429378324,0.011676197966502093
PE,Pernambuco,28,0.010941908678156163,0.010935180062610102
AL,Alagoas,28,0.007894289923191232,0.007890778862539664
SE,Sergipe,28,0.010356487822883271,0.010353536210857682
BA,Bahia,28,0.009593474248248735,0.009586883298353862
MG,Minas Gerais,28,0.01432326103447801,0.014317528388436009
ES,Espirito Santo,28,0.012612712715201988,0.012608794554613334
RJ,Rio de Janeiro,28,0.011408790877290506,0.0114015323569212
SP,Sao Paulo,28,0.017076133492670707,0.01706980860667181
PR,Parana,28,0.015286574104828345,0.015281264193451695
SC,Santa Catarina,28,0.015176340266660149,0.0151698885385139
RS,Rio Grande do Sul,28,0.013976241697705396,0.01397166212765894
MS,Mato Grosso do Sul,28,0.007781773627362291,0.007776254823721478
MT,Mato Grosso,28,0.008855849249899017,0.008849832899488166
GO,Goias,28,0.009789860179721336,0.009783802739885756
DF,Distrito Federal,28,0.013384463837812648,0.013382162605867949
RO,Rondonia,29,0.006627208893309523,0.00662420004645968
AC,Acre,29,0.005366603555331761,0.005364501196729577
AM,Amazonas,29,0.009882298353159447,0.009873227721424295
RR,Roraima,29,0.012473591432922931,0.01246950978966934
PA,Para,29,0.0103754347703062,0.010357259628259355
AP,Amapa,29,0.00869848332827515,0.008678883568720671
TO,Tocantins,29,0.0065803939045521115,0.00657732865449613
MA,Maranhao,29,0.01116932415254565,0.011160899894037849
PI,Piaui,29,0.012184072362241444,0.012176674112119451
CE,Ceara,29,0.009616674050519088,0.009609301777532194
RN,Rio Grande do Norte,29,0.009608761742262245,0.009604058235280294
PB,Paraiba,29,0.01010388287274305,0.010096731788713011
PE,Pernambuco,29,0.009876368606651361,0.009871184387922016
AL,Alagoas,29,0.008123937846404288,0.00812076158960719
SE,Sergipe,29,0.008288909208093982,0.008287838925884021
BA,Bahia,29,0.009329124021335495,0.009324050812243221
MG,Minas Gerais,29,0.01470793496792713,0.014702814845358216
ES,Espirito Santo,29,0.011249596006237596,0.011244729472509133
RJ,Rio de Janeiro,29,0.011996852222146121,0.011991731836636849
SP,Sao Paulo,29,0.015111299798503711,0.015109577546420965
PR,Parana,29,0.015062557788846666,0.01506099171806804
SC,Santa Catarina,29,0.015331555372781426,0.015328155227775891
RS,Rio Grande do Sul,29,0.01567906260917017,0.01567685499581055
MS,Mato Grosso do Sul,29,0.01023984903945555,0.010234207722885223
MT,Mato Grosso,29,0.008295118831660222,0.008291102886713133
GO,Goias,29,0.010787546636786889,0.010779861575865938
DF,Distrito Federal,29,0.017256387798401742,0.017256284944827338
RO,Rondonia,30,0.00941425376153052,0.009411167923383605
AC,Acre,30,0.006662950677713037,0.006661072657738112
AM,Amazonas,30,0.010806854271238873,0.010800619326464936
RR,Roraima,30,0.012784361597326228,0.012778975768743603
PA,Para,30,0.012878480496768022,0.012865427772376382
AP,Amapa,30,0.012851671526367747,0.012831301289559718
TO,Tocantins,30,0.009213268672990169,0.00920912245873115
MA,Maranhao,30,0.013927053441138083,0.013918240009442383
PI,Piaui,30,0.012924188228655894,0.012912691154293646
CE,Ceara,30,0.011307329514772693,0.01129744485438444
RN,Rio Grande do Norte,30,0.012208806564581539,0.012201953369417963
PB,Paraiba,30,0.012631792084029732,0.012620645721012368
PE,Pernambuco,30,0.012074581517908876,0.012065537156136738
AL,Alagoas,30,0.009034511593435345,0.009030231902482781
SE,Sergipe,30,0.010523188856458482,0.0105205156341229
BA,Bahia,30,0.011322573396287654,0.011314131026188189
MG,Minas Gerais,30,0.017462485828301642,0.017456721168323804
ES,Espirito Santo,30,0.01308112017380462,0.013075290963345455
RJ,Rio de Janeiro,30,0.013653273457305529,0.013645890384431881
SP,Sao Paulo,30,0.01974620877138561,0.01974210390818761
PR,Parana,30,0.01882215308976989,0.018818949451251146
SC,Santa Catarina,30,0.019248804002131723,0.019245678156940605
RS,Rio Grande do Sul,30,0.018204605614530137,0.01820160621878386
MS,Mato Grosso do Sul,30,0.011147248402163659,0.011144055531178339
MT,Mato Grosso,30,0.010700153088495095,0.010695135848932657
GO,Goias,30,0.011901825262513838,0.011893666081969952
DF,Distrito Federal,30,0.017226696780951935,0.01722587391861605
RO,Rondonia,31,0.006793627655252686,0.006790824872088044
AC,Acre,31,0.005688487557938219,0.005686630949125792
AM,Amazonas,31,0.011463279807340309,0.01145862887703094
RR,Roraima,31,0.015476554145435667,0.015470199854969106
PA,Para,31,0.009662064040495386,0.009656246215386369
AP,Amapa,31,0.008997018557605927,0.00899075175132675
TO,Tocantins,31,0.008438222289621718,0.008435326624143613
MA,Maranhao,31,0.013803622235479967,0.013793134993291982
PI,Piaui,31,0.017085960324588482,0.017075457300580264
CE,Ceara,31,0.013709165572000196,0.013701716830531563
RN,Rio Grande do Norte,31,0.012284947904989919,0.012278393880271526
PB,Paraiba,31,0.012453709862133133,0.012437728758364687
PE,Pernambuco,31,0.012319345586689233,0.012307947076672864
AL,Alagoas,31,0.00865222116563921,0.008644447272438415
SE,Sergipe,31,0.010268453649774047,0.01026724917396049
BA,Bahia,31,0.01095813552030643,0.010948676052702385
MG,Minas Gerais,31,0.018143570209223612,0.018133875564460344
ES,Espirito Santo,31,0.013210191998833637,0.01320337873380011
RJ,Rio de Janeiro,31,0.012754718226487202,0.012741587824552807
SP,Sao Paulo,31,0.018917198174295678,0.018913115747967862
PR,Parana,31,0.018671701111961717,0.01866983761399326
SC,Santa Catarina,31,0.018083324544635054,0.018081848793624518
RS,Rio Grande do Sul,31,0.01870681492031519,0.018704699791391423
MS,Mato Grosso do Sul,31,0.011297982942705072,0.011289373917648572
MT,Mato Grosso,31,0.008730493098939198,0.008724524590100645
GO,Goias,31,0.010525883446730389,0.010510625408129822
DF,Distrito Federal,31,0.020451618249005692,0.02045115465957319
RO,Rondonia,32,0.008204881655305871,0.008202034753965276
AC,Acre,32,0.007070499688551882,0.007067418931546381
AM,Amazonas,32,0.011908337642309343,0.011903242364609259
RR,Roraima,32,0.015417599434471397,0.015410682297586248
PA,Para,32,0.010896441465652865,0.01088816385407888
AP,Amapa,32,0.009691236290631533,0.00968091190510038
TO,Tocantins,32,0.008204840491075139,0.008201866274135402
MA,Maranhao,32,0.011924477469951468,0.011918772525624973
PI,Piaui,32,0.014057003648462577,0.014045991850949442
CE,Ceara,32,0.012435038581082015,0.012429607647792577
RN,Rio Grande do Norte,32,0.011514157430824479,0.011509435920410541
PB,Paraiba,32,0.010673102870272575,0.010669174877538464
PE,Pernambuco,32,0.010152428644203317,0.01014900779429463
AL,Alagoas,32,0.008740692940646059,0.008737557023953001
SE,Sergipe,32,0.011000308498959922,0.010995797707319939
BA,Bahia,32,0.009264268142412251,0.00926022905160723
MG,Minas Gerais,32,0.011318778823488196,0.0113166081251439
ES,Espirito Santo,32,0.012706928236178531,0.012702685403820548
RJ,Rio de Janeiro,32,0.011087394968045927,0.01108431247702012
SP,Sao Paulo,32,0.012407784205997694,0.012406578334176297
PR,Parana,32,0.010946664540096386,0.010945018187471582
SC,Santa Catarina,32,0.011533873092745504,0.011531234491189767
RS,Rio Grande do Sul,32,0.011328044529338959,0.011325747627288125
MS,Mato Grosso do Sul,32,0.009577564943455468,0.009574326171546282
MT,Mato Grosso,32,0.008501854183739596,0.008497568479734078
GO,Goias,32,0.008888639461139948,0.008885299476475693
DF,Distrito Federal,32,0.010961313226302985,0.010960536575446824
RO,Rondonia,33,0.010201376660318737,0.010196457185460207
AC,Acre,33,0.008626682205288312,0.008620630511887412
AM,Amazonas,33,0.016094265835304915,0.01608778955213809
RR,Roraima,33,0.018769811816024717,0.01876207140182262
PA,Para,33,0.014695492085654311,0.014688564224775758
AP,Amapa,33,0.013686263469352526,0.01367204689080398
TO,Tocantins,33,0.010930462558707311,0.01092852673251875
MA,Maranhao,33,0.016495374534997893,0.01648622645147707
PI,Piaui,33,0.0158585643214952,0.01584812221713388
CE,Ceara,33,0.014089461292104814,0.014083373586893575
RN,Rio Grande do Norte,33,0.013976780694901348,0.013970099902021527
PB,Paraiba,33,0.012251107215311505,0.012246583655816809
PE,Pernambuco,33,0.01110920993983991,0.01110579050248549
AL,Alagoas,33,0.009795965515789654,0.009792077473081213
SE,Sergipe,33,0.012538391128694879,0.012534188912728696
BA,Bahia,33,0.01075836318131809,0.010752485407314202
MG,Minas Gerais,33,0.014486203743248067,0.014482422479449602
ES,Espirito Santo,33,0.013882260851643572,0.013879800002255518
RJ,Rio de Janeiro,33,0.014202170686563586,0.01419699216853396
SP,Sao Paulo,33,0.015004185786900196,0.015001824020223837
PR,Parana,33,0.013066451660879434,0.013064936960631964
SC,Santa Catarina,33,0.01317907807140222,0.013177026889689194
RS,Rio Grande do Sul,33,0.012833437027648033,0.012832036377254209
MS,Mato Grosso do Sul,33,0.010790791234591065,0.010787469688514602
MT,Mato Grosso,33,0.012168342933312466,0.0121573853937866
GO,Goias,33,0.012793932843386828,0.012788834808699237
DF,Distrito Federal,33,0.015533746748481899,0.015530941743986604
RO,Rondonia,34,0.008647545002650291,0.008619808736201696
AC,Acre,34,0.010011650721067186,0.00997176012685593
AM,Amazonas,34,0.013447668441143095,0.01342827488421024
RR,Roraima,34,0.015619103476569224,0.015603676660379729
PA,Para,34,0.010292772014514846,0.010270205397956231
AP,Amapa,34,0.006537189911091157,0.006530662579779612
TO,Tocantins,34,0.0051954562301028085,0.005184816295997401
MA,Maranhao,34,0.010136375887531742,0.010125552097004288
PI,Piaui,34,0.012518041356390943,0.012500982705292516
CE,Ceara,34,0.013971317025926465,0.013945420271239697
RN,Rio Grande do Norte,34,0.013288032818132402,0.013257536365736169
PB,Paraiba,34,0.011465287776449215,0.011446374100593544
PE,Pernambuco,34,0.010820204907179921,0.010798225651530066
AL,Alagoas,34,0.009560158712380033,0.009537194613940014
SE,Sergipe,34,0.0170756855457956,0.01703212012880102
BA,Bahia,34,0.01047483903288228,0.010437667775982106
MG,Minas Gerais,34,0.011931558824433815,0.011908735187769363
ES,Espirito Santo,34,0.02046215909833942,0.020420908955208265
RJ,Rio de Janeiro,34,0.01728425792073642,0.017246367208368377
SP,Sao Paulo,34,0.015225177125305503,0.015193126167039972
PR,Parana,34,0.008744101793452594,0.008740173662366438
SC,Santa Catarina,34,0.010551746750176972,0.010540867665212485
RS,Rio Grande do Sul,34,0.009156304851992177,0.00915272902898614
MS,Mato Grosso do Sul,34,0.008404908145600692,0.008392554740186235
MT,Mato Grosso,34,0.009782461923585034,0.009719767338085824
GO,Goias,34,0.012586202975228193,0.012530612162146796
DF,Distrito Federal,34,0.01109278516865516,0.011055010453772154
RO,Rondonia,35,0.005384906930433259,0.005382223365521695
AC,Acre,35,0.0032888398812390713,0.003287922104904701
AM,Amazonas,35,0.011017276603445016,0.011008628382760708
RR,Roraima,35,0.01593091536799917,0.01591875509075581
PA,Para,35,0.01148430816569865,0.01145980815927157
AP,Amapa,35,0.009450073054810713,0.009437552863330874
TO,Tocantins,35,0.006987845018897904,0.006984189861594427
MA,Maranhao,35,0.012712093569266366,0.01270036900651772
PI,Piaui,35,0.013937926058054741,0.013924340072799586
CE,Ceara,35,0.010368847091421654,0.01035812398717236
RN,Rio Grande do Norte,35,0.010111556588538058,0.010102057378823387
PB,Paraiba,35,0.009241862602212632,0.009233716170388281
PE,Pernambuco,35,0.009090092835823597,0.009085346581573506
AL,Alagoas,35,0.007096230284736022,0.0070942635257520556
SE,Sergipe,35,0.007646900925734541,0.007644934038448691
BA,Bahia,35,0.008113666459218896,0.008108210970707921
MG,Minas Gerais,35,0.012251418465694166,0.012246750478755711
ES,Espirito Santo,35,0.010519616431627936,0.010513347468444272
RJ,Rio de Janeiro,35,0.010273482518644256,0.010268292154376813
SP,Sao Paulo,35,0.014254621849783341,0.014251437014159887
PR,Parana,35,0.012650532705367675,0.012646000086098305
SC,Santa Catarina,35,0.01229547040207344,0.012290360149135166
RS,Rio Grande do Sul,35,0.011648188287190078,0.01164301793499549
MS,Mato Grosso do Sul,35,0.008315140882147652,0.008314247616698918
MT,Mato Grosso,35,0.0067944769210376435,0.006790453640531233
GO,Goias,35,0.008228254726099185,0.008222919480271068
DF,Distrito Federal,35,0.012012325625659383,0.012011881130273114
RO,Rondonia,36,0.009199920173632272,0.009197311418434892
AC,Acre,36,0.007315721926105514,0.007313811974998625
AM,Amazonas,36,0.01234563070952767,0.01234076383800082
RR,Roraima,36,0.01645852137209407,0.0164513732615481
PA,Para,36,0.012238161944065113,0.012228270297478264
AP,Amapa,36,0.010233565313631907,0.010219949837600972
TO,Tocantins,36,0.009652873979362793,0.00964841205695967
MA,Maranhao,36,0.01357578306289028,0.013569073475221812
PI,Piaui,36,0.016244327414263272,0.016232657848526292
CE,Ceara,36,0.012949797297546962,0.012938940098667405
RN,Rio Grande do Norte,36,0.011347296400495595,0.011340420302102945
PB,Paraiba,36,0.012519627281628629,0.01250455381091011
PE,Pernambuco,36,0.011508965943669064,0.011496197099388301
AL,Alagoas,36,0.008007985554162657,0.00800340944960053
SE,Sergipe,36,0.009562808619087728,0.009558877496687445
BA,Bahia,36,0.010313100421622513,0.010302212169023215
MG,Minas Gerais,36,0.01720554383127968,0.01719476554169686
ES,Espirito Santo,36,0.012504275370833982,0.012496149569396623
RJ,Rio de Janeiro,36,0.012321515921302222,0.012311998381878363
SP,Sao Paulo,36,0.019205899034187315,0.01919975436139261
PR,Parana,36,0.019150747976278467,0.019146510180543322
SC,Santa Catarina,36,0.01953886382994394,0.01953407974280393
RS,Rio Grande do Sul,36,0.019817520919758528,0.019809476594261494
MS,Mato Grosso do Sul,36,0.00973337503764113,0.009726811412059605
MT,Mato Grosso,36,0.009943837542230417,0.009938493555043783
GO,Goias,36,0.010363302777154235,0.01035178846273374
DF,Distrito Federal,36,0.01600928250744216,0.016008907093551687
RO,Rondonia,37,0.009012254653369646,0.00900954395212876
AC,Acre,37,0.007451155473373991,0.007447376289005367
AM,Amazonas,37,0.012537437328238383,0.01253305887749663
RR,Roraima,37,0.01575291088805999,0.015748729021644342
PA,Para,37,0.012264722143741939,0.01225688969138882
AP,Amapa,37,0.011022661050029825,0.01101091177922757
TO,Tocantins,37,0.009415392960240085,0.009413052052811075
MA,Maranhao,37,0.01478885922830899,0.014782504703593272
PI,Piaui,37,0.01630948428671725,0.01630416823297127
CE,Ceara,37,0.014033180098794175,0.014026060841309125
RN,Rio Grande do Norte,37,0.013597123919508328,0.013590922267509398
PB,Paraiba,37,0.011756622414237831,0.011751370424771089
PE,Pernambuco,37,0.010963499245184475,0.010959317779069914
AL,Alagoas,37,0.008734709939178338,0.008731158886325693
SE,Sergipe,37,0.011892447355573186,0.011889622224300187
BA,Bahia,37,0.010706791033180191,0.010701982204764041
MG,Minas Gerais,37,0.013617030343658089,0.013614443549169667
ES,Espirito Santo,37,0.01351372927247374,0.013511711302786951
RJ,Rio de Janeiro,37,0.012228355674353111,0.012224061999508718
SP,Sao Paulo,37,0.01519617694181126,0.015193826362363763
PR,Parana,37,0.013408870641376193,0.01340712956186493
SC,Santa Catarina,37,0.013809723113712093,0.013806375457173921
RS,Rio Grande do Sul,37,0.013258094038280701,0.013256116071219856
MS,Mato Grosso do Sul,37,0.009356979856936197,0.00935287719820386
MT,Mato Grosso,37,0.010412440881854826,0.010404845651860931
GO,Goias,37,0.010231512557391813,0.010227922813446456
DF,Distrito Federal,37,0.012592893135967427,0.01259126673059669
RO,Rondonia,38,0.00870906487930421,0.008703484121116859
AC,Acre,38,0.00765148719767409,0.007646765833335553
AM,Amazonas,38,0.010925269347849006,0.010920100790475479
RR,Roraima,38,0.011472777932059915,0.011469467746610586
PA,Para,38,0.010395572097864021,0.010384399212085197
AP,Amapa,38,0.00907179043756414,0.009055672572096867
TO,Tocantins,38,0.008138507245403164,0.008134486466118746
MA,Maranhao,38,0.012134329736892378,0.01212546136393997
PI,Piaui,38,0.01649705865098959,0.016484327393999215
CE,Ceara,38,0.015150841877323283,0.01513824232934606
RN,Rio Grande do Norte,38,0.013953539211073276,0.0139455556774086
PB,Paraiba,38,0.013644134663723006,0.013632201834627534
PE,Pernambuco,38,0.012469300736568132,0.012461164302957106
AL,Alagoas,38,0.009122001558094438,0.009115248430026892
SE,Sergipe,38,0.012683898299287552,0.01267983170998778
BA,Bahia,38,0.011716764073625307,0.011707267641916095
MG,Minas Gerais,38,0.015559749443381697,0.01555477898510264
ES,Espirito Santo,38,0.01506901419192179,0.015064776133929803
RJ,Rio de Janeiro,38,0.01329715737703319,0.013289631820086054
SP,Sao Paulo,38,0.016691758911284063,0.016688927416617885
PR,Parana,38,0.014835541349126841,0.014832930606412874
SC,Santa Catarina,38,0.01540612582310188,0.015403129920192563
RS,Rio Grande do Sul,38,0.015461564659524136,0.015456231956608748
MS,Mato Grosso do Sul,38,0.010298328703249236,0.01028943241180612
MT,Mato Grosso,38,0.009381869918944366,0.009370991805896975
GO,Goias,38,0.010112294158995741,0.010104258817815525
DF,Distrito Federal,38,0.014036911999053669,0.014035334560053804
RO,Rondonia,39,0.009113707689753149,0.0091088318431998775
AC,Acre,39,0.008929706211277453,0.008924308283813102
AM,Amazonas,39,0.011884284986257737,0.011880573588262828
RR,Roraima,39,0.014415066552382807,0.014411672571290923
PA,Para,39,0.010167689950024554,0.01015894467028605
AP,Amapa,39,0.009039242560358209,0.0090329738255193
TO,Tocantins,39,0.007737448763654917,0.0077349589938858695
MA,Maranhao,39,0.011690235745288581,0.011684678516812631
PI,Piaui,39,0.013610737671702563,0.013604956037229282
CE,Ceara,39,0.013004627989063006,0.012999996019199232
RN,Rio Grande do Norte,39,0.012532201442486627,0.0125286567326574
PB,Paraiba,39,0.012869738915556298,0.012864554978082508
PE,Pernambuco,39,0.011795756192159485,0.011789921396627871
AL,Alagoas,39,0.009523352744853084,0.009519133075742306
SE,Sergipe,39,0.012660844515705217,0.012655645215934215
BA,Bahia,39,0.010989130395166732,0.010982290117481027
MG,Minas Gerais,39,0.014114852633018217,0.014110824472286891
ES,Espirito Santo,39,0.014603551141184947,0.014600346228837477
RJ,Rio de Janeiro,39,0.012450037365551392,0.012445869123146451
SP,Sao Paulo,39,0.017394375704721632,0.017390110242329608
PR,Parana,39,0.01566424711760358,0.01566155485471671
SC,Santa Catarina,39,0.016791075441959676,0.016788826926375667
RS,Rio Grande do Sul,39,0.015347101433912201,0.015343418281294513
MS,Mato Grosso do Sul,39,0.010674778449381745,0.010667968053928738
MT,Mato Grosso,39,0.008620987547897545,0.008613205191352311
GO,Goias,39,0.009128325509440661,0.009123336277115122
DF,Distrito Federal,39,0.0112415303439255,0.011240333712058011
RO,Rondonia,40,0.009432200130105142,0.009429401398685809
AC,Acre,40,0.008466431273777669,0.008462488728805754
AM,Amazonas,40,0.013359333935540122,0.013356280513407533
RR,Roraima,40,0.014281185129781474,0.01427858315437576
PA,Para,40,0.012380557391322433,0.012376206410872632
AP,Amapa,40,0.0115385239963536,0.011532750567069474
TO,Tocantins,40,0.009014199554777245,0.009012396546962459
MA,Maranhao,40,0.012928496400150933,0.012924187327209765
PI,Piaui,40,0.014335398866840725,0.014330423211205688
CE,Ceara,40,0.013458438460327897,0.01345378482575129
RN,Rio Grande do Norte,40,0.0127964242221649,0.012792598859991138
PB,Paraiba,40,0.01277990412381118,0.012774412913129552
PE,Pernambuco,40,0.01151784149881004,0.011511117386097098
AL,Alagoas,40,0.008780897112759712,0.008777075604918161
SE,Sergipe,40,0.012110186230008169,0.012105472215859864
BA,Bahia,40,0.010637138971721766,0.010630518929950821
MG,Minas Gerais,40,0.015179868836402235,0.015176178802542559
ES,Espirito Santo,40,0.013822491554074839,0.013818679370931253
RJ,Rio de Janeiro,40,0.01252683413462985,0.012522219464036768
SP,Sao Paulo,40,0.016677770708971716,0.01667421429858002
PR,Parana,40,0.015672764432908777,0.01567157575157027
SC,Santa Catarina,40,0.016211769626139655,0.016209861191833156
RS,Rio Grande do Sul,40,0.01603926332238443,0.016038191542943402
MS,Mato Grosso do Sul,40,0.009448357711525957,0.00944251629646998
MT,Mato Grosso,40,0.010004498814539698,0.009998517397589812
GO,Goias,40,0.010551137579402348,0.010545708033748663
DF,Distrito Federal,40,0.014502981910880897,0.014502108326280133
RO,Rondonia,41,0.007092563845293071,0.007090940975001035
AC,Acre,41,0.005743321424103676,0.0057416167675353935
AM,Amazonas,41,0.009176043202458918,0.00917276737575789
RR,Roraima,41,0.011671583052057127,0.011669444328328959
PA,Para,41,0.010604078264627144,0.010595615458422525
AP,Amapa,41,0.009648981104998289,0.009639278659813151
TO,Tocantins,41,0.00798687500215921,0.007983186632548142
MA,Maranhao,41,0.011780947688651849,0.011775966694915417
PI,Piaui,41,0.01373912277945572,0.013731816114468595
CE,Ceara,41,0.012852206327388229,0.01284167945950292
RN,Rio Grande do Norte,41,0.012194102229415981,0.01218536309843838
PB,Paraiba,41,0.012991267496755094,0.012978504178407404
PE,Pernambuco,41,0.011358363626769202,0.011346911710904512
AL,Alagoas,41,0.007563712810624001,0.007559349643206215
SE,Sergipe,41,0.009774392972827265,0.009771559515847584
BA,Bahia,41,0.010484061778841283,0.01047474543297541
MG,Minas Gerais,41,0.01444608967572369,0.014439348139293052
ES,Espirito Santo,41,0.01123347583990804,0.011226517293725247
RJ,Rio de Janeiro,41,0.009256743331446113,0.009248070490283755
SP,Sao Paulo,41,0.01630094016340585,0.01629516374192705
PR,Parana,41,0.016710258837585385,0.016705396607048357
SC,Santa Catarina,41,0.01743069707100528,0.017425488994560912
RS,Rio Grande do Sul,41,0.015979201253421452,0.015974815507443958
MS,Mato Grosso do Sul,41,0.007197169502939273,0.007192155277184434
MT,Mato Grosso,41,0.0084905049042075,0.008486497204516854
GO,Goias,41,0.008300999583583058,0.008294280695311086
DF,Distrito Federal,41,0.012841127781209362,0.012840592665457522
RO,Rondonia,42,0.00599010749980431,0.005987129294753485
AC,Acre,42,0.0053458351743529385,0.0053428212984585124
AM,Amazonas,42,0.01111635345451945,0.011110442411557918
RR,Roraima,42,0.010820535206846177,0.010817642120751399
PA,Para,42,0.009144923718426644,0.009135425593874119
AP,Amapa,42,0.0069329010221396686,0.006925722167107554
TO,Tocantins,42,0.004495629566908536,0.004492732645521175
MA,Maranhao,42,0.009796180908360704,0.009787891644838523
PI,Piaui,42,0.011613902401434471,0.011606429874391982
CE,Ceara,42,0.011143887596383585,0.011135754597439483
RN,Rio Grande do Norte,42,0.009862118407967106,0.00985519366679092
PB,Paraiba,42,0.010017597759288401,0.01001204825650411
PE,Pernambuco,42,0.009191643057607852,0.009185777588730812
AL,Alagoas,42,0.007241509501371406,0.007236444486797127
SE,Sergipe,42,0.011456814695570871,0.01144949355551381
BA,Bahia,42,0.00853845620473071,0.008531071822687556
MG,Minas Gerais,42,0.012298575467749748,0.012295682355686822
ES,Espirito Santo,42,0.013130980055845372,0.013124782651898911
RJ,Rio de Janeiro,42,0.009806862534472258,0.009799611917026203
SP,Sao Paulo,42,0.014205883418158143,0.01420298479956844
PR,Parana,42,0.013111577708889472,0.013110585121509945
SC,Santa Catarina,42,0.013952866649453968,0.01394957883319475
RS,Rio Grande do Sul,42,0.013555242917354509,0.013554409232782188
MS,Mato Grosso do Sul,42,0.007552112486527873,0.007543877417377224
MT,Mato Grosso,42,0.005838017886770224,0.005834008126283938
GO,Goias,42,0.007234867197423927,0.007229840274589409
DF,Distrito Federal,42,0.011380650496400134,0.01138011629395754
RO,Rondonia,43,0.007389666574358166,0.007384233724320977
AC,Acre,43,0.006712701865572221,0.006706767962618645
AM,Amazonas,43,0.009697444131117495,0.009688828504160795
RR,Roraima,43,0.012412760466594728,0.012407136374544213
PA,Para,43,0.008946113766130182,0.00893868879500622
AP,Amapa,43,0.008915995315857716,0.008904059785895743
TO,Tocantins,43,0.007980955059397176,0.007979048798425174
MA,Maranhao,43,0.012022616617745055,0.012016049075283622
PI,Piaui,43,0.012271337818274606,0.012264776219681308
CE,Ceara,43,0.01213250904925622,0.012123863230732702
RN,Rio Grande do Norte,43,0.011425592763418776,0.011420616114598632
PB,Paraiba,43,0.012246092283681445,0.012235117659671425
PE,Pernambuco,43,0.01209780469517813,0.01209047132361058
AL,Alagoas,43,0.00995049876578966,0.009945185647183665
SE,Sergipe,43,0.011336446096516349,0.011334112165994958
BA,Bahia,43,0.011615410722048525,0.011607567197703568
MG,Minas Gerais,43,0.016748242946174646,0.016744262794497353
ES,Espirito Santo,43,0.013872916226359942,0.013868074734773484
RJ,Rio de Janeiro,43,0.013401771132821613,0.013396339498012562
SP,Sao Paulo,43,0.017405799377329428,0.017403843816897732
PR,Parana,43,0.01719886051639504,0.017196733871052392
SC,Santa Catarina,43,0.01666453837408594,0.016663182933657386
RS,Rio Grande do Sul,43,0.01735557792160686,0.017351774370598656
MS,Mato Grosso do Sul,43,0.0121228384472716,0.012114435280277079
MT,Mato Grosso,43,0.008869842389089765,0.008865350964293002
GO,Goias,43,0.011162065665469928,0.011154334278531247
DF,Distrito Federal,43,0.017350226533173866,0.017350025939800638
RO,Rondonia,44,0.009159129959952115,0.009156213272587465
AC,Acre,44,0.00788070749557938,0.007875150447189254
AM,Amazonas,44,0.010397082144190859,0.010393430116437017
RR,Roraima,44,0.011782360185891709,0.01177863091857229
PA,Para,44,0.013063124148172922,0.01305411915425866
AP,Amapa,44,0.011982467104268285,0.011969160644349405
TO,Tocantins,44,0.010631586930574397,0.010626591229386424
MA,Maranhao,44,0.014242658387553208,0.014233606982031593
PI,Piaui,44,0.013405530978820803,0.013392091400674605
CE,Ceara,44,0.014945379151325749,0.014933336747482973
RN,Rio Grande do Norte,44,0.013753608967941785,0.013746799802401526
PB,Paraiba,44,0.012034928306396164,0.01202579088689301
PE,Pernambuco,44,0.010549918319103123,0.010543875517729485
AL,Alagoas,44,0.008871396860789593,0.008864950073231168
SE,Sergipe,44,0.014986895167122136,0.0149745094650651
BA,Bahia,44,0.010484842165769849,0.010476378791261082
MG,Minas Gerais,44,0.011992085895974003,0.011988764798964583
ES,Espirito Santo,44,0.01465905011294938,0.014654208592971322
RJ,Rio de Janeiro,44,0.011543535173299941,0.011539027402963116
SP,Sao Paulo,44,0.013843697378617417,0.013841252716749916
PR,Parana,44,0.01163015380137067,0.01162708804531711
SC,Santa Catarina,44,0.012858861235081398,0.012854556007293546
RS,Rio Grande do Sul,44,0.011536635188164626,0.011533926780512647
MS,Mato Grosso do Sul,44,0.009453597015385415,0.009445978519898758
MT,Mato Grosso,44,0.011034132040486118,0.011025799903257002
GO,Goias,44,0.008960925868990267,0.008957592304851698
DF,Distrito Federal,44,0.010103946564397004,0.010101874234636909
RO,Rondonia,45,0.007447565579346026,0.007440292543378601
AC,Acre,45,0.008524513924394279,0.008515202917818324
AM,Amazonas,45,0.010050927465500294,0.010044735294952936
RR,Roraima,45,0.011844425398920349,0.011841231730634977
PA,Para,45,0.006990412306555816,0.006985363923724587
AP,Amapa,45,0.004660271331578419,0.004657015751371415
TO,Tocantins,45,0.006259112918953113,0.0062553622060825854
MA,Maranhao,45,0.011037566933888375,0.01103020460837679
PI,Piaui,45,0.013231014708279648,0.013221370186063341
CE,Ceara,45,0.013942931220248193,0.013933102624636868
RN,Rio Grande do Norte,45,0.012163110159461008,0.01215391927454166
PB,Paraiba,45,0.013404535645951145,0.013393165983036893
PE,Pernambuco,45,0.01252661690878247,0.01251291388938751
AL,Alagoas,45,0.008794148349423332,0.008787788840738518
SE,Sergipe,45,0.012489167646207758,0.01247922816165439
BA,Bahia,45,0.010590711984881535,0.010578631711778313
MG,Minas Gerais,45,0.017157964818442353,0.01714957687329916
ES,Espirito Santo,45,0.01637719483883874,0.016367263030898745
RJ,Rio de Janeiro,45,0.014490318817068935,0.014481892570111964
SP,Sao Paulo,45,0.020514128466314015,0.020506621629046665
PR,Parana,45,0.01758345855047388,0.01757968332615489
SC,Santa Catarina,45,0.01892098327946528,0.018916759053381756
RS,Rio Grande do Sul,45,0.017778373257236087,0.01777419297895693
MS,Mato Grosso do Sul,45,0.011004363378908203,0.01099327777101578
MT,Mato Grosso,45,0.009172497371194308,0.009161540107579982
GO,Goias,45,0.01044388434891265,0.010434077975263887
DF,Distrito Federal,45,0.013902674200934153,0.013899814568346637
RO,Rondonia,46,0.007305314829079126,0.0073011466921474215
AC,Acre,46,0.005286771307580215,0.00528500999446512
AM,Amazonas,46,0.009868233199647969,0.009859401041885379
RR,Roraima,46,0.012766783809562011,0.012760396366448922
PA,Para,46,0.010273779209527944,0.010260968715083743
AP,Amapa,46,0.009579957457049676,0.009562448139344353
TO,Tocantins,46,0.007905198243426004,0.007900599885475652
MA,Maranhao,46,0.011851463089145664,0.011842378122188805
PI,Piaui,46,0.0117054713202841,0.011691805617562967
CE,Ceara,46,0.01092685514181102,0.010918342425892215
RN,Rio Grande do Norte,46,0.01122685115791564,0.011219023401802048
PB,Paraiba,46,0.0113048996328839,0.011290624656956126
PE,Pernambuco,46,0.010793282352085112,0.010785031031865412
AL,Alagoas,46,0.00813725084541706,0.008133874623076713
SE,Sergipe,46,0.009897643324024945,0.009895260404725966
BA,Bahia,46,0.010464556184232384,0.010454146267622798
MG,Minas Gerais,46,0.016055155596778177,0.016046208342365347
ES,Espirito Santo,46,0.012406199982586226,0.012397548088421827
RJ,Rio de Janeiro,46,0.012330052550504683,0.012321623732938566
SP,Sao Paulo,46,0.01978465237125511,0.019775923998930665
PR,Parana,46,0.018617042027651135,0.018606791725649295
SC,Santa Catarina,46,0.019099479479283803,0.019085569536940076
RS,Rio Grande do Sul,46,0.017854975336682895,0.017842106387814905
MS,Mato Grosso do Sul,46,0.00996689489648396,0.009964988448495414
MT,Mato Grosso,46,0.009388004677213471,0.009381339972054842
GO,Goias,46,0.010509763168239266,0.010503963205565884
DF,Distrito Federal,46,0.014516933461768432,0.014516021863614592
RO,Rondonia,47,0.009488930702757825,0.009485772373555612
AC,Acre,47,0.009348654221102894,0.009345519553363466
AM,Amazonas,47,0.010995850452614128,0.010988200901401634
RR,Roraima,47,0.015153985582179343,0.015149715839658727
PA,Para,47,0.012362642443048822,0.01234815931417057
AP,Amapa,47,0.009583770258700164,0.009567565612448994
TO,Tocantins,47,0.010861484883901665,0.010858371215616556
MA,Maranhao,47,0.015581615869201584,0.01557305721576862
PI,Piaui,47,0.01629337855238531,0.016283240576973824
CE,Ceara,47,0.017369535573829677,0.01736051608125978
RN,Rio Grande do Norte,47,0.016473903374066134,0.01646488183629736
PB,Paraiba,47,0.014751470514646887,0.014739741274309224
PE,Pernambuco,47,0.013874487001340407,0.013867380375259154
AL,Alagoas,47,0.011625519016141776,0.011617291965189201
SE,Sergipe,47,0.016809531689638463,0.016801379729166743
BA,Bahia,47,0.01335843655850627,0.013347653704641188
MG,Minas Gerais,47,0.0167938998252829,0.01679002270138137
ES,Espirito Santo,47,0.017125893451119666,0.017122052479271635
RJ,Rio de Janeiro,47,0.014908188353205901,0.014903449103371609
SP,Sao Paulo,47,0.017247170230891555,0.017245542688591825
PR,Parana,47,0.016140163581889848,0.016137354636152467
SC,Santa Catarina,47,0.016415060377617405,0.01641151330336515
RS,Rio Grande do Sul,47,0.016007280758509997,0.01600221351288922
MS,Mato Grosso do Sul,47,0.013811649252524342,0.013806341575261494
MT,Mato Grosso,47,0.012064988922253638,0.012057141761343704
GO,Goias,47,0.011943057498060137,0.011936420801342388
DF,Distrito Federal,47,0.01637284948058794,0.01637204477291036
RO,Rondonia,48,0.00574011414640837,0.0057386779970190925
AC,Acre,48,0.005101983778650424,0.005101115710214993
AM,Amazonas,48,0.00950751860154939,0.009502105728410029
RR,Roraima,48,0.012879431153257202,0.012874698004915792
PA,Para,48,0.010072761742036859,0.010066096867098306
AP,Amapa,48,0.009399212224319935,0.009389779395999354
TO,Tocantins,48,0.006865672041690616,0.006863560058769202
MA,Maranhao,48,0.011912816896628514,0.0119053087271745
PI,Piaui,48,0.010985345770857385,0.01097940221943369
CE,Ceara,48,0.008760205759469796,0.008754973255040044
RN,Rio Grande do Norte,48,0.008571972554048037,0.008567095389274595
PB,Paraiba,48,0.008096628752072278,0.008093186704263861
PE,Pernambuco,48,0.007361522938161236,0.00735921880166857
AL,Alagoas,48,0.005791492792710295,0.005789950011811457
SE,Sergipe,48,0.006920876706818655,0.006919544698383646
BA,Bahia,48,0.006883035682554616,0.0068800177067437004
MG,Minas Gerais,48,0.009180383641491823,0.009178344669262184
ES,Espirito Santo,48,0.008382742189065817,0.008380011964592272
RJ,Rio de Janeiro,48,0.008089200562593919,0.00808642500340865
SP,Sao Paulo,48,0.011267225014499116,0.011265139015282106
PR,Parana,48,0.010618942668005012,0.010616503481195002
SC,Santa Catarina,48,0.011193428218932825,0.011189950325350721
RS,Rio Grande do Sul,48,0.010135594590413386,0.010133406656700993
MS,Mato Grosso do Sul,48,0.006824546975416718,0.0068223323468391784
MT,Mato Grosso,48,0.006367053219193114,0.006364096097386681
GO,Goias,48,0.006398201356350201,0.006395533430451607
DF,Distrito Federal,48,0.008852810885958387,0.008852177580250144
RO,Rondonia,49,0.007369789497432912,0.007366325214514768
AC,Acre,49,0.005989165979373369,0.005985114050808698
AM,Amazonas,49,0.009522235219324084,0.009516809717823137
RR,Roraima,49,0.010303377596667659,0.01029936361111344
PA,Para,49,0.01026111332673681,0.010246977131432026
AP,Amapa,49,0.008738429781152772,0.008720945042515226
TO,Tocantins,49,0.006071553429581933,0.00606859639570499
MA,Maranhao,49,0.00912420114824694,0.009118720386016266
PI,Piaui,49,0.011076970611925325,0.011068772257939995
CE,Ceara,49,0.010399627712065911,0.010390640793111985
RN,Rio Grande do Norte,49,0.009589882073960143,0.009583395294004635
PB,Paraiba,49,0.010243904288142694,0.010232164642294785
PE,Pernambuco,49,0.008914437580073273,0.008907511138573422
AL,Alagoas,49,0.006466212298925543,0.006462823968464913
SE,Sergipe,49,0.008488994680369892,0.008485457428835176
BA,Bahia,49,0.008375531306104949,0.008368172525088643
MG,Minas Gerais,49,0.01249342689293378,0.012488933468950579
ES,Espirito Santo,49,0.011176059367676575,0.011171306762604109
RJ,Rio de Janeiro,49,0.010533518539346838,0.010529746867002759
SP,Sao Paulo,49,0.014311327701009463,0.014308869996023094
PR,Parana,49,0.012950236178544227,0.012947059376134485
SC,Santa Catarina,49,0.013258538344827375,0.013255314047409494
RS,Rio Grande do Sul,49,0.012934947686038537,0.012929891816213292
MS,Mato Grosso do Sul,49,0.008200886201778114,0.008196820803281525
MT,Mato Grosso,49,0.008004895645062552,0.007998716440763309
GO,Goias,49,0.008962847718076553,0.008957055392294707
DF,Distrito Federal,49,0.011633026146535337,0.01163194029400587
RO,Rondonia,50,0.009302329915173732,0.009294307609722408
AC,Acre,50,0.005936698778873559,0.0059302435488129855
AM,Amazonas,50,0.012739936990207297,0.01273004103186684
RR,Roraima,50,0.013345370492234573,0.013337034331766326
PA,Para,50,0.011077012599903811,0.011058102962503848
AP,Amapa,50,0.008088505745241746,0.008075970454572983
TO,Tocantins,50,0.006244704351623275,0.006240758549449569
MA,Maranhao,50,0.010308906629455248,0.010300351375661201
PI,Piaui,50,0.012899067138270607,0.012888192610651349
CE,Ceara,50,0.010079026004255824,0.010071359207873463
RN,Rio Grande do Norte,50,0.011629161738919066,0.011621928367600768
PB,Paraiba,50,0.012276792256539014,0.012267278042148944
PE,Pernambuco,50,0.011530517422212038,0.011521097210086336
AL,Alagoas,50,0.008738199758761845,0.008731501536386247
SE,Sergipe,50,0.011244677561185024,0.011236584095910199
BA,Bahia,50,0.010370310831955075,0.010361343564344025
MG,Minas Gerais,50,0.014579574946710562,0.014573126687680866
ES,Espirito Santo,50,0.014335173888315917,0.01432770731465534
RJ,Rio de Janeiro,50,0.013922315850434979,0.013916194190677324
SP,Sao Paulo,50,0.018872723369206,0.018866144147705977
PR,Parana,50,0.015908764417725492,0.015904267108658793
SC,Santa Catarina,50,0.017600437258183645,0.017597780084337687
RS,Rio Grande do Sul,50,0.015930819205760425,0.015924527539495893
MS,Mato Grosso do Sul,50,0.010789055565621621,0.010782287639157829
MT,Mato Grosso,50,0.008924250301220278,0.00891772285682665
GO,Goias,50,0.009849105240274767,0.009841699942016089
DF,Distrito Federal,50,0.011599922296634941,0.011594785481809063
RO,Rondonia,51,0.00823314106254938,0.008228303369877057
AC,Acre,51,0.0087746128724559,0.00876841247202754
AM,Amazonas,51,0.01100158840010155,0.010996887771611634
RR,Roraima,51,0.01389586810404711,0.013890316861454581
PA,Para,51,0.007578170672613308,0.007575500434368287
AP,Amapa,51,0.0068603292452832695,0.0068585631647573725
TO,Tocantins,51,0.007445275458808102,0.007443393245221289
MA,Maranhao,51,0.010909708865626394,0.010904402016894105
PI,Piaui,51,0.012374440227309635,0.012364486218639736
CE,Ceara,51,0.011216201037748062,0.011210746063404825
RN,Rio Grande do Norte,51,0.011022436587765578,0.011015116009456875
PB,Paraiba,51,0.010123123251153908,0.010118557089544126
PE,Pernambuco,51,0.010258367527556062,0.010251647357803918
AL,Alagoas,51,0.008679944351739322,0.008675028667247025
SE,Sergipe,51,0.011647662824905236,0.011638846525806035
BA,Bahia,51,0.008658822667950141,0.008652837421984754
MG,Minas Gerais,51,0.011715876450793191,0.011711401104621435
ES,Espirito Santo,51,0.013975367369331835,0.013969567896672346
RJ,Rio de Janeiro,51,0.013377483057480122,0.013371861464439234
SP,Sao Paulo,51,0.01486442594588525,0.014860058087100537
PR,Parana,51,0.01217107109174281,0.01216937572171247
SC,Santa Catarina,51,0.013962952974508686,0.013961102724973746
RS,Rio Grande do Sul,51,0.01257311601854675,0.012570888083040892
MS,Mato Grosso do Sul,51,0.010504787422424543,0.010498981871465505
MT,Mato Grosso,51,0.0084059304041466,0.008396411496475879
GO,Goias,51,0.009432490553848656,0.00942670513329964
DF,Distrito Federal,51,0.010356910653849284,0.010353500164471823
RO,Rondonia,52,0.008099626395759394,0.008095132599474792
AC,Acre,52,0.00698730509560961,0.0069830637617181186
AM,Amazonas,52,0.010605148912654499,0.010598332528124206
RR,Roraima,52,0.01609837324278897,0.016085569819053364
PA,Para,52,0.010416208509915408,0.010406903835670018
AP,Amapa,52,0.008529353113847012,0.00851798812531369
TO,Tocantins,52,0.006858307342337745,0.006854869456504376
MA,Maranhao,52,0.011852927236388155,0.011842799807124379
PI,Piaui,52,0.01452541765154953,0.014516602119425187
CE,Ceara,52,0.013536065523831107,0.013526797360831016
RN,Rio Grande do Norte,52,0.012163040428147948,0.012154868077580507
PB,Paraiba,52,0.011848021860135371,0.011840907487683301
PE,Pernambuco,52,0.010645825826032232,0.0106398548378873
AL,Alagoas,52,0.008387802675614316,0.008384122088956754
SE,Sergipe,52,0.010701255276966921,0.010698659848983582
BA,Bahia,52,0.010080876345663575,0.010074846144600786
MG,Minas Gerais,52,0.013006962662946249,0.013003803698814407
ES,Espirito Santo,52,0.012930514344527867,0.012927042390256565
RJ,Rio de Janeiro,52,0.01147424145972456,0.01147105476514025
SP,Sao Paulo,52,0.01601324439145644,0.0160086642584463
PR,Parana,52,0.013812359904577923,0.013809455462848803
SC,Santa Catarina,52,0.014379742626725986,0.014377287936140971
RS,Rio Grande do Sul,52,0.013518549108208504,0.013515314702562719
MS,Mato Grosso do Sul,52,0.008875562633266831,0.008871278904202744
MT,Mato Grosso,52,0.008321338130306815,0.00831440228519991
GO,Goias,52,0.009014118615923307,0.00901042923736307
DF,Distrito Federal,52,0.010373233993458523,0.010371467123913184
RO,Rondonia,53,0.010856804316583537,0.010843779038228623
AC,Acre,53,0.011348002432447667,0.011332908471355766
AM,Amazonas,53,0.014244527188821203,0.014233835617895126
RR,Roraima,53,0.015590224242473255,0.015584493972316312
PA,Para,53,0.011267926018498487,0.01125614989610317
AP,Amapa,53,0.008876405796559695,0.00887037437087678
TO,Tocantins,53,0.008773947252622568,0.00876830646719603
MA,Maranhao,53,0.012248437426110871,0.01224153713139876
PI,Piaui,53,0.01272411302245409,0.012713351456060909
CE,Ceara,53,0.014545403915990884,0.01452866686362193
RN,Rio Grande do Norte,53,0.013046589535245401,0.013031585119899517
PB,Paraiba,53,0.011771516144815936,0.011761927426738854
PE,Pernambuco,53,0.011506580709544578,0.011495230883809025
AL,Alagoas,53,0.01049344616173271,0.010483837848060642
SE,Sergipe,53,0.015005605580111802,0.014988042814417334
BA,Bahia,53,0.010666290291448255,0.010651204329974106
MG,Minas Gerais,53,0.013782644757726902,0.01377198970379162
ES,Espirito Santo,53,0.017538357860660665,0.01752431272999871
RJ,Rio de Janeiro,53,0.01676325176676433,0.016749265994825735
SP,Sao Paulo,53,0.01715931483479179,0.017146790514553274
PR,Parana,53,0.012348777100579337,0.012345649590422574
SC,Santa Catarina,53,0.013587320956128869,0.013582920839885835
RS,Rio Grande do Sul,53,0.012687983319338117,0.012684955351750817
MS,Mato Grosso do Sul,53,0.011695558944957095,0.011686815026887917
MT,Mato Grosso,53,0.011133891004251483,0.01110347050006937
GO,Goias,53,0.01316437399751505,0.01314476467482778
DF,Distrito Federal,53,0.013633434276042605,0.013616146081567809
RO,Rondonia,54,0.009519277680194206,0.009516583147074377
AC,Acre,54,0.008871670221805005,0.008868620629535622
AM,Amazonas,54,0.010952184083060323,0.010948235534343258
RR,Roraima,54,0.014102982864587875,0.014098733596330494
PA,Para,54,0.010883921351252688,0.010880632420467927
AP,Amapa,54,0.009104816229384142,0.009100694470115698
TO,Tocantins,54,0.010418447762659825,0.010416855154735382
MA,Maranhao,54,0.013901105622080577,0.013896043709422153
PI,Piaui,54,0.013578547016908839,0.013573684590798041
CE,Ceara,54,0.013757243768860948,0.013752612248602311
RN,Rio Grande do Norte,54,0.013026343922947155,0.013022863238291698
PB,Paraiba,54,0.014172902625482054,0.014154511145580967
PE,Pernambuco,54,0.014036410432241905,0.014023852490282145
AL,Alagoas,54,0.010804474949153368,0.010795830320850505
SE,Sergipe,54,0.013270348889374735,0.01326687694937739
BA,Bahia,54,0.012663762459956655,0.012652049438221858
MG,Minas Gerais,54,0.018178104268886164,0.018169216042974
ES,Espirito Santo,54,0.015330674900430831,0.015324272994720283
RJ,Rio de Janeiro,54,0.014592354708108941,0.014581169473327394
SP,Sao Paulo,54,0.02091314980085959,0.020907893221095864
PR,Parana,54,0.019726578296076675,0.019721038212513038
SC,Santa Catarina,54,0.018827710118747478,0.018823165177889983
RS,Rio Grande do Sul,54,0.017392847869596037,0.017387124878707357
MS,Mato Grosso do Sul,54,0.013799531697498073,0.013790470698269455
MT,Mato Grosso,54,0.011516640493840706,0.01151060170194181
GO,Goias,54,0.012789352944299132,0.012778400851128332
DF,Distrito Federal,54,0.020227827131003556,0.020226361769113386
RO,Rondonia,55,0.008671968443720693,0.008662154466564877
AC,Acre,55,0.008130386189222835,0.00812033891850496
AM,Amazonas,55,0.012622160171302712,0.012611661470103367
RR,Roraima,55,0.012533019327289313,0.01252533134246015
PA,Para,55,0.008642363709631175,0.008633300114485803
AP,Amapa,55,0.006651018509231016,0.006647259222607126
TO,Tocantins,55,0.0061500782907964995,0.006146258959069271
MA,Maranhao,55,0.009830614556560915,0.0098219153197476
PI,Piaui,55,0.013616587202401076,0.013601279999524967
CE,Ceara,55,0.013758749062937245,0.013749886359364952
RN,Rio Grande do Norte,55,0.012360271804566367,0.01235032968954963
PB,Paraiba,55,0.013262611436818497,0.013253469944825208
PE,Pernambuco,55,0.013614519161874764,0.013602431842444456
AL,Alagoas,55,0.00986419699370415,0.009854507149776074
SE,Sergipe,55,0.014647361995356316,0.014635080797938502
BA,Bahia,55,0.011373424217730306,0.011359030625062175
MG,Minas Gerais,55,0.01814837234836431,0.018140019058632845
ES,Espirito Santo,55,0.01863278422085907,0.018626066850908108
RJ,Rio de Janeiro,55,0.017400755010759748,0.017389494968890588
SP,Sao Paulo,55,0.020415566859875993,0.020410145245269164
PR,Parana,55,0.017404519981442233,0.017402612815644484
SC,Santa Catarina,55,0.0179721688260199,0.017970214794473183
RS,Rio Grande do Sul,55,0.017685983516553233,0.017683294420342152
MS,Mato Grosso do Sul,55,0.012322754495848348,0.012311411820836976
MT,Mato Grosso,55,0.009263410704066449,0.009240941203029493
GO,Goias,55,0.012803445552542652,0.012785974212391728
DF,Distrito Federal,55,0.019312444771701322,0.019308178753173692
RO,Rondonia,56,0.007445901889483381,0.007443725020389109
AC,Acre,56,0.005844870485890913,0.005843986115562737
AM,Amazonas,56,0.010978620029738751,0.010975115349285572
RR,Roraima,56,0.014540932562894923,0.014535950883925012
PA,Para,56,0.009430251453735479,0.009424884845909207
AP,Amapa,56,0.00820074164639654,0.008194263841170718
TO,Tocantins,56,0.007757603964916214,0.0077558013792672215
MA,Maranhao,56,0.012614388313027408,0.012607504769194169
PI,Piaui,56,0.013581762330092955,0.013574277091548702
CE,Ceara,56,0.010498677332980669,0.010491970485399963
RN,Rio Grande do Norte,56,0.010942719730039076,0.010939685077399815
PB,Paraiba,56,0.011794683791896755,0.011782365958557918
PE,Pernambuco,56,0.01204005766497084,0.012028380315494535
AL,Alagoas,56,0.008557587537603594,0.008552854660471476
SE,Sergipe,56,0.009553974580684396,0.009552482193744641
BA,Bahia,56,0.010590312221738032,0.010580523238668638
MG,Minas Gerais,56,0.017910716996168766,0.017900780414982533
ES,Espirito Santo,56,0.012503476709462029,0.012495496363197101
RJ,Rio de Janeiro,56,0.013237669640637257,0.013229372842817055
SP,Sao Paulo,56,0.020501417487171006,0.020494228794327777
PR,Parana,56,0.020213575721058488,0.02020968786316481
SC,Santa Catarina,56,0.020800192166244427,0.020797068098212926
RS,Rio Grande do Sul,56,0.01970444754090323,0.019699739201393666
MS,Mato Grosso do Sul,56,0.011388097831607403,0.011384200371479275
MT,Mato Grosso,56,0.00886358002424114,0.008860776064468499
GO,Goias,56,0.010512218594226847,0.010503044528534606
DF,Distrito Federal,56,0.017695938661330044,0.01769566466507721
RO,Rondonia,57,0.005944180419222525,0.005939027301141012
AC,Acre,57,0.005808251760057003,0.005804378469528996
AM,Amazonas,57,0.008999723352396091,0.008994867544702174
RR,Roraima,57,0.011407175844504002,0.01140379896480128
PA,Para,57,0.007819624147239256,0.007812755873949827
AP,Amapa,57,0.006710262562461019,0.006704008221839755
TO,Tocantins,57,0.005225963636831931,0.005223039651895504
MA,Maranhao,57,0.009681334777339942,0.009672377803823056
PI,Piaui,57,0.010084175150736268,0.010076790547291162
CE,Ceara,57,0.009451891585992505,0.009446183414813987
RN,Rio Grande do Norte,57,0.008065551171878802,0.008061093579798522
PB,Paraiba,57,0.007757664143941655,0.00775367714352012
PE,Pernambuco,57,0.007214075184139212,0.007208746892958069
AL,Alagoas,57,0.006729652619703418,0.006724292616681347
SE,Sergipe,57,0.010241498876529885,0.010235392080694133
BA,Bahia,57,0.007168719876774708,0.007160616648163032
MG,Minas Gerais,57,0.008962681061534545,0.008958767261233484
ES,Espirito Santo,57,0.012398127189529148,0.012394460404540182
RJ,Rio de Janeiro,57,0.01014669088078098,0.010143728704256692
SP,Sao Paulo,57,0.012223345045398184,0.01221972881963209
PR,Parana,57,0.008393480678049476,0.00839152159376685
SC,Santa Catarina,57,0.009950983306022081,0.009948544366146226
RS,Rio Grande do Sul,57,0.008521158306996965,0.008518507905428458
MS,Mato Grosso do Sul,57,0.008431545962251843,0.00842743740012851
MT,Mato Grosso,57,0.005749370477631242,0.005740182970969322
GO,Goias,57,0.006667511971340345,0.0066623615608430815
DF,Distrito Federal,57,0.006693209792170415,0.006690209637299188
RO,Rondonia,58,0.007580132099918422,0.007577718816486068
AC,Acre,58,0.0067997149286926515,0.006797227076137525
AM,Amazonas,58,0.009061784398241448,0.009054484136695864
RR,Roraima,58,0.012609612177581202,0.012602294982021164
PA,Para,58,0.012157540497218294,0.012146887907422658
AP,Amapa,58,0.011219754931847967,0.011203698045628907
TO,Tocantins,58,0.008453674249560294,0.008449480543231585
MA,Maranhao,58,0.012314210863232226,0.01230500222158604
PI,Piaui,58,0.010941132399070595,0.010928222550590706
CE,Ceara,58,0.012229613932960908,0.01222005442297532
RN,Rio Grande do Norte,58,0.011888162379160294,0.011879783370106362
PB,Paraiba,58,0.009807927941131478,0.009801169246633018
PE,Pernambuco,58,0.008865083048805495,0.00886096935405587
AL,Alagoas,58,0.007612853147992597,0.00760981773172072
SE,Sergipe,58,0.012015943356559968,0.01200809646649347
BA,Bahia,58,0.00848815543579649,0.008482551152192704
MG,Minas Gerais,58,0.010071354915646273,0.010068770481620854
ES,Espirito Santo,58,0.012337370338548469,0.01233329675819239
RJ,Rio de Janeiro,58,0.00980566565047222,0.009802234490811735
SP,Sao Paulo,58,0.011366375168886568,0.01136475912845987
PR,Parana,58,0.009191161177843996,0.009187897122031653
SC,Santa Catarina,58,0.010006050337543461,0.010002153296072232
RS,Rio Grande do Sul,58,0.008816795829146885,0.008814391336303422
MS,Mato Grosso do Sul,58,0.008109436844901782,0.008103989156184783
MT,Mato Grosso,58,0.009021420403245791,0.009016028362390127
GO,Goias,58,0.00811152627275841,0.00810896070620636
DF,Distrito Federal,58,0.009287608486858803,0.009285860276379416
RO,Rondonia,59,0.008152674496171993,0.008149459793433752
AC,Acre,59,0.007846760011121732,0.007843040692770338
AM,Amazonas,59,0.008770101336503557,0.008764220868921166
RR,Roraima,59,0.010808901494085097,0.010805276203840364
PA,Para,59,0.0091375158059412,0.009131981047226633
AP,Amapa,59,0.00743676794916354,0.007429628122243273
TO,Tocantins,59,0.007292736403811012,0.007290631834758776
MA,Maranhao,59,0.010348235280720697,0.010340907256101218
PI,Piaui,59,0.011009444894339878,0.011000387704981643
CE,Ceara,59,0.010742138862070004,0.010734150446693817
RN,Rio Grande do Norte,59,0.010567647063736503,0.010563454745082405
PB,Paraiba,59,0.010889682425167023,0.010884847200652694
PE,Pernambuco,59,0.009930097342346646,0.009925883696037072
AL,Alagoas,59,0.008143177634695886,0.008140400132667333
SE,Sergipe,59,0.010147161719711657,0.010144936376028646
BA,Bahia,59,0.009649930759074958,0.009644866752955597
MG,Minas Gerais,59,0.012784125449474514,0.012781593198592222
ES,Espirito Santo,59,0.011883830374007129,0.01187934165253831
RJ,Rio de Janeiro,59,0.011344924282376394,0.01134178883187289
SP,Sao Paulo,59,0.014287735149736986,0.01428530198820731
PR,Parana,59,0.012688523969242877,0.0126872952074247
SC,Santa Catarina,59,0.013230102355488629,0.013227969269995036
RS,Rio Grande do Sul,59,0.012857789299117987,0.012855840570022594
MS,Mato Grosso do Sul,59,0.00936143444400249,0.00935431688689479
MT,Mato Grosso,59,0.008298228693398411,0.008293670546282205
GO,Goias,59,0.009207701249509358,0.009204182719632702
DF,Distrito Federal,59,0.011401539385528544,0.01140017339127164
RO,Rondonia,60,0.010455570136492924,0.010450970541066452
AC,Acre,60,0.009007784541771948,0.009003331553968926
AM,Amazonas,60,0.011759805092672859,0.011745217316279026
RR,Roraima,60,0.017744147331146563,0.017733374243209626
PA,Para,60,0.012510312955269446,0.012498213427285854
AP,Amapa,60,0.012125860231592492,0.012112332032037763
TO,Tocantins,60,0.012439462755701102,0.012435651489819772
MA,Maranhao,60,0.017103075169395195,0.017093720422881736
PI,Piaui,60,0.01564650645143653,0.015632996331484583
CE,Ceara,60,0.014287478661405428,0.014275132466941216
RN,Rio Grande do Norte,60,0.013613666874896138,0.013607335322570113
PB,Paraiba,60,0.014126226379882475,0.0141141857793493
PE,Pernambuco,60,0.013181989739119505,0.013170942012206241
AL,Alagoas,60,0.01112408739223238,0.011115546127204765
SE,Sergipe,60,0.012193776018559341,0.012190379473304144
BA,Bahia,60,0.01283035406390435,0.012820226023496828
MG,Minas Gerais,60,0.018323313428137804,0.018319357439362277
ES,Espirito Santo,60,0.014333245056117693,0.014324751224471922
RJ,Rio de Janeiro,60,0.015624617158055822,0.015616301315616865
SP,Sao Paulo,60,0.019130870028254962,0.019128560654722838
PR,Parana,60,0.01893737906724815,0.018935789766457333
SC,Santa Catarina,60,0.018772589153157868,0.01876887760664862
RS,Rio Grande do Sul,60,0.017975477016520577,0.01797403263493943
MS,Mato Grosso do Sul,60,0.014170651275609056,0.014162097529196907
MT,Mato Grosso,60,0.012880636173650074,0.012875854071378617
GO,Goias,60,0.013388462374242016,0.01337874737665417
DF,Distrito Federal,60,0.020068302859884063,0.020067485042130566
RO,Rondonia,61,0.007409888625187598,0.007405806909218173
AC,Acre,61,0.007083618124176903,0.007081774665599111
AM,Amazonas,61,0.014107349884939792,0.01409624120187565
RR,Roraima,61,0.01821271558111396,0.01820441748708813
PA,Para,61,0.011478364295065314,0.011461045133043971
AP,Amapa,61,0.010677180513714364,0.010664237402967324
TO,Tocantins,61,0.007899471552856693,0.00789428313493573
MA,Maranhao,61,0.015616216362018804,0.015599703878824882
PI,Piaui,61,0.017194013158591686,0.017181685375213758
CE,Ceara,61,0.012991158478417619,0.012974589719924023
RN,Rio Grande do Norte,61,0.013027609197114176,0.013010055620956
PB,Paraiba,61,0.010666348647727135,0.010658075127289716
PE,Pernambuco,61,0.009481766635787264,0.009478446583297214
AL,Alagoas,61,0.008176148394806999,0.008173352853545885
SE,Sergipe,61,0.009581895998094883,0.00957935988818568
BA,Bahia,61,0.009425442348848139,0.009420485778340372
MG,Minas Gerais,61,0.012057205754947623,0.012054812779286675
ES,Espirito Santo,61,0.011760234358702475,0.011757059657132278
RJ,Rio de Janeiro,61,0.011591943267508021,0.011587535902076649
SP,Sao Paulo,61,0.014233489778252546,0.014230666021622177
PR,Parana,61,0.012378685837514353,0.012377002404059867
SC,Santa Catarina,61,0.012819353545911778,0.01281711650154923
RS,Rio Grande do Sul,61,0.012778128303428208,0.01277614032042233
MS,Mato Grosso do Sul,61,0.008693603590084592,0.008690202098741278
MT,Mato Grosso,61,0.008236374145222363,0.008228649946986145
GO,Goias,61,0.009161952551896703,0.009157382820084327
DF,Distrito Federal,61,0.010470522142689849,0.010469379930716855
RO,Rondonia,62,0.007263332491013551,0.007256288756959295
AC,Acre,62,0.0073872212690825065,0.0073818845053764855
AM,Amazonas,62,0.012851836015515329,0.012837823760437442
RR,Roraima,62,0.0142944873553901,0.01428264897974354
PA,Para,62,0.008432621765045126,0.008414960953098082
AP,Amapa,62,0.0061813988963525445,0.0061602948249322494
TO,Tocantins,62,0.00620729165040422,0.006201800440039235
MA,Maranhao,62,0.010065949313093283,0.010056512483557331
PI,Piaui,62,0.014612931433328796,0.014592358444666734
CE,Ceara,62,0.012772501511387428,0.012766740654101886
RN,Rio Grande do Norte,62,0.012590597516252485,0.012584778562273287
PB,Paraiba,62,0.012968185454230953,0.012959346688373083
PE,Pernambuco,62,0.012963672576972922,0.012954670818105142
AL,Alagoas,62,0.009404603193846525,0.00939936068855615
SE,Sergipe,62,0.013223208912161213,0.013216914523350444
BA,Bahia,62,0.011350002448342918,0.011340143617382925
MG,Minas Gerais,62,0.015126436232773547,0.015120195632266971
ES,Espirito Santo,62,0.016249594549927325,0.01624424493839601
RJ,Rio de Janeiro,62,0.01450460746753562,0.014496391539866335
SP,Sao Paulo,62,0.017581382795635148,0.017575833822880246
PR,Parana,62,0.015647994115996967,0.015643762561364117
SC,Santa Catarina,62,0.01635909894173542,0.01635291461347536
RS,Rio Grande do Sul,62,0.015879416572246074,0.015871937056943296
MS,Mato Grosso do Sul,62,0.009754666928552378,0.009749932786211854
MT,Mato Grosso,62,0.008340262660855262,0.008325968497158625
GO,Goias,62,0.01027798345433775,0.010269325697389593
DF,Distrito Federal,62,0.013028828959611516,0.01302664445255631
RO,Rondonia,63,0.007531411907832868,0.007529133036853888
AC,Acre,63,0.005975804361621934,0.0059731784342052716
AM,Amazonas,63,0.011024895977928799,0.01102181468830409
RR,Roraima,63,0.013845043152172594,0.013841725555617154
PA,Para,63,0.010408115714203891,0.010403976787709454
AP,Amapa,63,0.009017993432453745,0.009013562821047892
TO,Tocantins,63,0.008831670024372861,0.008828139397665654
MA,Maranhao,63,0.014622234804093128,0.014610946353675911
PI,Piaui,63,0.018771525377118514,0.01876202179869105
CE,Ceara,63,0.017478478427304125,0.01746402900233511
RN,Rio Grande do Norte,63,0.01647051975299275,0.016459981763003104
PB,Paraiba,63,0.01579081512837193,0.015763403051640423
PE,Pernambuco,63,0.015409055165268588,0.01539105577143393
AL,Alagoas,63,0.010337801686106584,0.010328258438855478
SE,Sergipe,63,0.013316092274621584,0.013313739992596694
BA,Bahia,63,0.013696083566777182,0.013681205381574637
MG,Minas Gerais,63,0.019499218636972328,0.01948989157808123
ES,Espirito Santo,63,0.01651448040809538,0.0165063933807912
RJ,Rio de Janeiro,63,0.014443839987546859,0.01443111016888436
SP,Sao Paulo,63,0.019425724581264753,0.019420398557867556
PR,Parana,63,0.01836976162871959,0.018365892247373946
SC,Santa Catarina,63,0.017808599924622293,0.01780674572354308
RS,Rio Grande do Sul,63,0.017231298606132886,0.017229175403002082
MS,Mato Grosso do Sul,63,0.012385552670313814,0.012378850408384507
MT,Mato Grosso,63,0.010503102108404286,0.010492337572936862
GO,Goias,63,0.011504563132386554,0.01149174077865605
DF,Distrito Federal,63,0.020457383147847067,0.020455475821501257
RO,Rondonia,64,0.009449006808388692,0.009445959729833796
AC,Acre,64,0.0066552972113159475,0.006652783765172624
AM,Amazonas,64,0.010967770000646592,0.010965786809648279
RR,Roraima,64,0.013286088983303287,0.013283386304177356
PA,Para,64,0.011929899260912983,0.01192550630128425
AP,Amapa,64,0.010446628926584487,0.010440763339919456
TO,Tocantins,64,0.011463631419316512,0.011459723469760602
MA,Maranhao,64,0.013528021241691012,0.013525567147895854
PI,Piaui,64,0.013486346985233006,0.013481775651032198
CE,Ceara,64,0.013851272446707506,0.013846452842975353
RN,Rio Grande do Norte,64,0.011870580089149808,0.011867468786112226
PB,Paraiba,64,0.012468964654751549,0.012459155749853002
PE,Pernambuco,64,0.012520220970335541,0.012512197742937313
AL,Alagoas,64,0.009271264602227259,0.009268172479339962
SE,Sergipe,64,0.011057972271332152,0.01105636429553232
BA,Bahia,64,0.011496892066005375,0.011489989898600951
MG,Minas Gerais,64,0.016744180144513687,0.016737720590730556
ES,Espirito Santo,64,0.013590536808771174,0.013582704100054634
RJ,Rio de Janeiro,64,0.012626801588100187,0.012618140987115486
SP,Sao Paulo,64,0.019222908490632996,0.019218230815924782
PR,Parana,64,0.01797248161862716,0.017968785684509426
SC,Santa Catarina,64,0.018397378143675206,0.018392911235316778
RS,Rio Grande do Sul,64,0.017280385582057176,0.01727676311219612
MS,Mato Grosso do Sul,64,0.010753449527415554,0.010750660981998856
MT,Mato Grosso,64,0.01059104635023939,0.010585894074781483
GO,Goias,64,0.010886988696793718,0.010881888909311351
DF,Distrito Federal,64,0.014662277234854677,0.01466154046235351
RO,Rondonia,65,0.00800852738755428,0.008004744811670964
AC,Acre,65,0.006511600682757244,0.006506451440617838
AM,Amazonas,65,0.011907644245474453,0.011903513913954637
RR,Roraima,65,0.014610222239652108,0.01460648544249156
PA,Para,65,0.011878211239758634,0.01187138623290112
AP,Amapa,65,0.01185363894994027,0.011843882284436162
TO,Tocantins,65,0.007594025434381869,0.0075913253119900765
MA,Maranhao,65,0.015079111219517086,0.015069337575557017
PI,Piaui,65,0.016403734994892203,0.01639044575052745
CE,Ceara,65,0.014325284447633618,0.014311673065095825
RN,Rio Grande do Norte,65,0.012729236779991042,0.012713808048495253
PB,Paraiba,65,0.011273809461356275,0.011266778091463849
PE,Pernambuco,65,0.010054183973956127,0.010049073637067469
AL,Alagoas,65,0.007848461170847261,0.007844780837631356
SE,Sergipe,65,0.0107104368032544,0.010705682755995479
BA,Bahia,65,0.00969075749497106,0.009685558942968832
MG,Minas Gerais,65,0.011397055987540906,0.011394797058664051
ES,Espirito Santo,65,0.012322356083763659,0.012319258139943693
RJ,Rio de Janeiro,65,0.009855325125175654,0.009851799154377654
SP,Sao Paulo,65,0.012993150888699092,0.012991505915708855
PR,Parana,65,0.011597804116806346,0.01159616052363149
SC,Santa Catarina,65,0.012276643962260048,0.012275121373099624
RS,Rio Grande do Sul,65,0.011349813551824382,0.011347759961112336
MS,Mato Grosso do Sul,65,0.008428318204659571,0.008421899948938254
MT,Mato Grosso,65,0.008336590608858604,0.008330538118672216
GO,Goias,65,0.0076340202348628506,0.007631438301990267
DF,Distrito Federal,65,0.009348418936624863,0.009347190982965273
RO,Rondonia,66,0.0055967887650211715,0.005593751499208462
AC,Acre,66,0.004934301125089801,0.0049318002984343615
AM,Amazonas,66,0.010313672740712279,0.010306604935783104
RR,Roraima,66,0.012840391618182088,0.012832294585559408
PA,Para,66,0.007863038445596876,0.007850478895803379
AP,Amapa,66,0.005884135085063684,0.005870328183369806
TO,Tocantins,66,0.004578267118455263,0.004574909584075009
MA,Maranhao,66,0.010088563770269085,0.010079005838278208
PI,Piaui,66,0.012777718488481268,0.012764244264813056
CE,Ceara,66,0.010241952381013185,0.010232717694148082
RN,Rio Grande do Norte,66,0.00934381741057244,0.00933661809856643
PB,Paraiba,66,0.009832866143374332,0.009821746760661483
PE,Pernambuco,66,0.009228205633836334,0.009219122725711055
AL,Alagoas,66,0.0066476310640294365,0.0066423748016866315
SE,Sergipe,66,0.01029028428119414,0.010285497248361735
BA,Bahia,66,0.008826074620936396,0.008816712933631846
MG,Minas Gerais,66,0.013043724624326325,0.013035685182848929
ES,Espirito Santo,66,0.013457022810393314,0.013452815391688733
RJ,Rio de Janeiro,66,0.010303752820361237,0.010296184019448274
SP,Sao Paulo,66,0.015431737436400295,0.015427343669326765
PR,Parana,66,0.01439697883729975,0.014392563508787058
SC,Santa Catarina,66,0.015456834522836744,0.015450317102415512
RS,Rio Grande do Sul,66,0.014972063805412814,0.014963733375656006
MS,Mato Grosso do Sul,66,0.007399075602135236,0.007393581757308003
MT,Mato Grosso,66,0.005989378222019323,0.005983935485561446
GO,Goias,66,0.0072684871122300175,0.007262844035135693
DF,Distrito Federal,66,0.009141491835383578,0.009140039189055576
RO,Rondonia,67,0.010847844693470308,0.01084430997364319
AC,Acre,67,0.009933609350096424,0.009929475938144744
AM,Amazonas,67,0.012836824830173552,0.012831156930242772
RR,Roraima,67,0.018769508461105193,0.01875944585428567
PA,Para,67,0.010612351607180477,0.010606828417176114
AP,Amapa,67,0.008557549368310735,0.008552947460842585
TO,Tocantins,67,0.01140709996041105,0.011404952651725475
MA,Maranhao,67,0.015228637230276131,0.015222418442559511
PI,Piaui,67,0.016840576207726436,0.01683089043876819
CE,Ceara,67,0.014510408823712375,0.014505286014106864
RN,Rio Grande do Norte,67,0.013853747040645233,0.013849566993852225
PB,Paraiba,67,0.012551532347184917,0.012549036992465968
PE,Pernambuco,67,0.011993485734934453,0.011990604949620518
AL,Alagoas,67,0.010154832855660255,0.010152415702001783
SE,Sergipe,67,0.012193910722416218,0.012189635930562149
BA,Bahia,67,0.01065980116333011,0.010655968147886533
MG,Minas Gerais,67,0.015438380382892868,0.015434929126043878
ES,Espirito Santo,67,0.014292704402451435,0.014289723320314487
RJ,Rio de Janeiro,67,0.015625620318644024,0.015622095382464304
SP,Sao Paulo,67,0.017604814118563683,0.017600911463361357
PR,Parana,67,0.014944520813511504,0.014943056200542062
SC,Santa Catarina,67,0.016296203348433878,0.016293722540660315
RS,Rio Grande do Sul,67,0.015478009794366566,0.015475704453122187
MS,Mato Grosso do Sul,67,0.012956165761244129,0.012950554196693786
MT,Mato Grosso,67,0.01279407510082923,0.01278603940333205
GO,Goias,67,0.012744360612159661,0.012740568463208759
DF,Distrito Federal,67,0.015401748293397398,0.015399989553501333
RO,Rondonia,68,0.009149502907176702,0.009145640052069944
AC,Acre,68,0.008508833398585535,0.0085068124227032655
AM,Amazonas,68,0.010837354697013909,0.01082922272134255
RR,Roraima,68,0.015104724274373003,0.0150941766507091
PA,Para,68,0.010473635292463432,0.01045949402838605
AP,Amapa,68,0.008257414326813846,0.008238819386575507
TO,Tocantins,68,0.00935021523541191,0.009347101718295574
MA,Maranhao,68,0.011907452967941788,0.011897564441117949
PI,Piaui,68,0.013400461398228846,0.013383880266372432
CE,Ceara,68,0.012086734362128268,0.012073987125680362
RN,Rio Grande do Norte,68,0.011856883875505729,0.011848835693328843
PB,Paraiba,68,0.015602589138765976,0.015568475811497675
PE,Pernambuco,68,0.015459358990849298,0.015426388136871921
AL,Alagoas,68,0.009628874050175543,0.009613561233436308
SE,Sergipe,68,0.01072135253220404,0.01071440112562231
BA,Bahia,68,0.01302455352638606,0.012993991796678043
MG,Minas Gerais,68,0.02378033596484749,0.023758241013979227
ES,Espirito Santo,68,0.015058200708513348,0.01503835664258033
RJ,Rio de Janeiro,68,0.01812943106241124,0.018104094587536545
SP,Sao Paulo,68,0.02409385416450027,0.024085002657876657
PR,Parana,68,0.02492256098901014,0.02491805229795848
SC,Santa Catarina,68,0.024495472686081526,0.02449161645007679
RS,Rio Grande do Sul,68,0.025055890887601993,0.0250486856462712
MS,Mato Grosso do Sul,68,0.01442891858255829,0.014409523210998873
MT,Mato Grosso,68,0.01146981390124562,0.01145874873660792
GO,Goias,68,0.01426540230856604,0.014232412558930868
DF,Distrito Federal,68,0.025763401197403894,0.02576219068600396
RO,Rondonia,69,0.005559691159842429,0.005557541496488906
AC,Acre,69,0.005759875505231503,0.0057583748018071035
AM,Amazonas,69,0.00927735636260392,0.009272002446701974
RR,Roraima,69,0.015439861411756354,0.015426495411928145
PA,Para,69,0.007194169014437579,0.0071892260426823455
AP,Amapa,69,0.006017682016014998,0.006014419552315196
TO,Tocantins,69,0.005063674262147632,0.005061746284894539
MA,Maranhao,69,0.009948188566620086,0.009939402781826501
PI,Piaui,69,0.013451991617434583,0.013440236206929787
CE,Ceara,69,0.009612762808995519,0.00960655585504433
RN,Rio Grande do Norte,69,0.009431207241943396,0.00942766719067265
PB,Paraiba,69,0.008742360399411704,0.008740152241904931
PE,Pernambuco,69,0.008500361542108424,0.008497919473710858
AL,Alagoas,69,0.00696258901437327,0.006960889386100814
SE,Sergipe,69,0.00880082917097625,0.008798532906206136
BA,Bahia,69,0.007817989531449986,0.007814944396208735
MG,Minas Gerais,69,0.01049046029121701,0.010488395325441274
ES,Espirito Santo,69,0.011239078635944665,0.011235296746727297
RJ,Rio de Janeiro,69,0.009602801329272328,0.009599625480016093
SP,Sao Paulo,69,0.013494384426481515,0.013491236312578748
PR,Parana,69,0.011248106200548608,0.01124654496460092
SC,Santa Catarina,69,0.012110102776943209,0.012107284095173794
RS,Rio Grande do Sul,69,0.010984429376784725,0.010982632676862844
MS,Mato Grosso do Sul,69,0.007757957653116077,0.007755147337464067
MT,Mato Grosso,69,0.005842447495625992,0.005838968838908277
GO,Goias,69,0.006665817222773484,0.006663138925193673
DF,Distrito Federal,69,0.008436525784976303,0.008435691266563973
RO,Rondonia,70,0.008717493120382952,0.0087152863448682
AC,Acre,70,0.00703368443891501,0.0070305817835675955
AM,Amazonas,70,0.012029903475558478,0.01202501464504741
RR,Roraima,70,0.014726140341400554,0.014722730506525648
PA,Para,70,0.011538683593048145,0.011532707367467455
AP,Amapa,70,0.010715492941800265,0.010705594023510826
TO,Tocantins,70,0.01013017006706073,0.010127765762360233
MA,Maranhao,70,0.014370420640781355,0.01436420202866585
PI,Piaui,70,0.015757475613013935,0.01575252841727053
CE,Ceara,70,0.014226752563723306,0.014219310993022184
RN,Rio Grande do Norte,70,0.013490552561019548,0.013485128271324679
PB,Paraiba,70,0.013183713359917883,0.013175829716817432
PE,Pernambuco,70,0.012296948905274902,0.012291997029231966
AL,Alagoas,70,0.010199198233451072,0.010195446396024441
SE,Sergipe,70,0.011583861222285202,0.011582118036349289
BA,Bahia,70,0.01191351319252213,0.011908505067202065
MG,Minas Gerais,70,0.01599936835156344,0.0159968468526145
ES,Espirito Santo,70,0.014032121440778306,0.014029137855240579
RJ,Rio de Janeiro,70,0.013957515246672193,0.013953804742079754
SP,Sao Paulo,70,0.017254555613687744,0.01725295940264536
PR,Parana,70,0.015591733146087207,0.01559018610280386
SC,Santa Catarina,70,0.015548980072458921,0.015546937839503741
RS,Rio Grande do Sul,70,0.014843954442755512,0.014841745094071447
MS,Mato Grosso do Sul,70,0.012051276880443053,0.012048336231854653
MT,Mato Grosso,70,0.01075054351061427,0.010744421885519637
GO,Goias,70,0.012006172075969554,0.0120015615231648
DF,Distrito Federal,70,0.015974202485859998,0.015973457071740332
RO,Rondonia,71,0.005042000924593683,0.0050396643370537566
AC,Acre,71,0.004927732795571921,0.004926409593314339
AM,Amazonas,71,0.009834773382556575,0.009829911437855674
RR,Roraima,71,0.013779223895507517,0.013770645027158756
PA,Para,71,0.006823953749111845,0.006818658236079786
AP,Amapa,71,0.007337307604206632,0.007330968201937549
TO,Tocantins,71,0.004661883167804575,0.004659551070815081
MA,Maranhao,71,0.009453635910143083,0.00944560424881862
PI,Piaui,71,0.010367241851265103,0.01035904859760265
CE,Ceara,71,0.007305186026088198,0.0072990479367909655
RN,Rio Grande do Norte,71,0.007372637468537724,0.007368624006814001
PB,Paraiba,71,0.007671256449118429,0.0076676549804385145
PE,Pernambuco,71,0.007609318242736895,0.007606370418630066
AL,Alagoas,71,0.006359482693437736,0.006357816100210857
SE,Sergipe,71,0.0070452308028253864,0.007043159398007714
BA,Bahia,71,0.006911020097158783,0.0069072799025770345
MG,Minas Gerais,71,0.010273946297045724,0.010270927635342904
ES,Espirito Santo,71,0.009903481795085812,0.009898537524337978
RJ,Rio de Janeiro,71,0.009411743562349225,0.009408191204903969
SP,Sao Paulo,71,0.012475827515075998,0.01247383831788636
PR,Parana,71,0.011051292251260482,0.011050096297092431
SC,Santa Catarina,71,0.012188558371143424,0.012186017369767052
RS,Rio Grande do Sul,71,0.01135524465076157,0.011353579663540093
MS,Mato Grosso do Sul,71,0.007381799407050482,0.007378318892384369
MT,Mato Grosso,71,0.004995307819447124,0.004991242424652468
GO,Goias,71,0.006742024841079236,0.006737290343745779
DF,Distrito Federal,71,0.009014590108305591,0.009013323238176251
RO,Rondonia,72,0.006890492832460095,0.006885825136261276
AC,Acre,72,0.006075521304779309,0.006072819947541337
AM,Amazonas,72,0.012141333550767968,0.012133285728718565
RR,Roraima,72,0.01554707945007414,0.0155387759779182
PA,Para,72,0.008869692695002507,0.008858968195346411
AP,Amapa,72,0.007303341796825027,0.007288677022416793
TO,Tocantins,72,0.0077404099676177274,0.0077342536695358365
MA,Maranhao,72,0.014265451695227856,0.014248446783121142
PI,Piaui,72,0.017180603651206185,0.01716220828529908
CE,Ceara,72,0.015382933197674482,0.01537341081482634
RN,Rio Grande do Norte,72,0.014451833617444568,0.014443001175028182
PB,Paraiba,72,0.013568270923888109,0.013551694168441066
PE,Pernambuco,72,0.015409048371467712,0.015395276334873921
AL,Alagoas,72,0.010633034749085042,0.01061780538573198
SE,Sergipe,72,0.014657613162443725,0.014651198154887787
BA,Bahia,72,0.013023435589586942,0.013006490513953126
MG,Minas Gerais,72,0.021334413229233337,0.02132243824539038
ES,Espirito Santo,72,0.01908072448381404,0.019073580585975566
RJ,Rio de Janeiro,72,0.01694971787727367,0.016931036297611796
SP,Sao Paulo,72,0.02241500838868524,0.022411215847364132
PR,Parana,72,0.020667123898662057,0.02066317277037746
SC,Santa Catarina,72,0.020196324381185248,0.0201927479772934
RS,Rio Grande do Sul,72,0.0206288465314385,0.020622981123213903
MS,Mato Grosso do Sul,72,0.01546338474113263,0.015458311494140911
MT,Mato Grosso,72,0.010393646558449186,0.01037616691762616
GO,Goias,72,0.012499481502484967,0.012481834985644553
DF,Distrito Federal,72,0.022970040227631605,0.02296774966156447
RO,Rondonia,73,0.007624998090708046,0.0076227913419882574
AC,Acre,73,0.008795715818846637,0.008792967493813456
AM,Amazonas,73,0.008642441446319338,0.008640000334066
RR,Roraima,73,0.013626974076598172,0.013621604111114054
PA,Para,73,0.007990506595315666,0.007988102144091744
AP,Amapa,73,0.0068711485923982915,0.0068690169404744695
TO,Tocantins,73,0.007400191896573545,0.007398187056360038
MA,Maranhao,73,0.010243944824471388,0.010238111670847224
PI,Piaui,73,0.011863006512895678,0.011855230838767123
CE,Ceara,73,0.011570011076405465,0.011564309467064288
RN,Rio Grande do Norte,73,0.011174122683181818,0.011168420552883616
PB,Paraiba,73,0.010726430817196968,0.01072197842970476
PE,Pernambuco,73,0.010404265244369264,0.010398947204771846
AL,Alagoas,73,0.008257690022504392,0.008254742921382095
SE,Sergipe,73,0.011628928703943707,0.011622768121091741
BA,Bahia,73,0.009336067820346659,0.009330025389115456
MG,Minas Gerais,73,0.013486194016119495,0.013481956629498094
ES,Espirito Santo,73,0.013204345011114494,0.013200899008430283
RJ,Rio de Janeiro,73,0.011525013790748613,0.011521124278063902
SP,Sao Paulo,73,0.015809423289114513,0.01580509840104574
PR,Parana,73,0.015082154660168675,0.01508044083028138
SC,Santa Catarina,73,0.015492655376874364,0.0154907751974894
RS,Rio Grande do Sul,73,0.015089550245198449,0.015088126871797895
MS,Mato Grosso do Sul,73,0.009410424502355795,0.009405309994524567
MT,Mato Grosso,73,0.008177108818106715,0.008171930849659462
GO,Goias,73,0.009177373402489796,0.009173088972393786
DF,Distrito Federal,73,0.012601509741948876,0.012600570897903859
RO,Rondonia,74,0.008587025069975983,0.008585584192129361
AC,Acre,74,0.0076405842152503034,0.007637714134215652
AM,Amazonas,74,0.010369173596111753,0.010366550107242587
RR,Roraima,74,0.012163472412534694,0.012161097031528647
PA,Para,74,0.01040516768971794,0.010402256550603515
AP,Amapa,74,0.009416016452903082,0.009410666117613205
TO,Tocantins,74,0.00893123113290167,0.008929914478886617
MA,Maranhao,74,0.012384099715422854,0.012379985916066595
PI,Piaui,74,0.011806603727757383,0.011800911647460237
CE,Ceara,74,0.012891709393420337,0.012887581422701138
RN,Rio Grande do Norte,74,0.01161853471397378,0.011614792557449238
PB,Paraiba,74,0.011470904140447732,0.011466058425122327
PE,Pernambuco,74,0.010826641599059661,0.010821662524802626
AL,Alagoas,74,0.008819358350107666,0.00881525721794275
SE,Sergipe,74,0.011948582075448414,0.011944334586425878
BA,Bahia,74,0.010112389275414886,0.010106250013039787
MG,Minas Gerais,74,0.015058271620293471,0.015054652739064278
ES,Espirito Santo,74,0.013640124269315651,0.013637459991600612
RJ,Rio de Janeiro,74,0.01235743079709027,0.012352620500183209
SP,Sao Paulo,74,0.015588261028196083,0.01558654842903017
PR,Parana,74,0.015221759374715692,0.015220688261921599
SC,Santa Catarina,74,0.015847716071896542,0.015845222649207374
RS,Rio Grande do Sul,74,0.01584951779382227,0.01584832944330564
MS,Mato Grosso do Sul,74,0.01106320215690285,0.011056921286069043
MT,Mato Grosso,74,0.009921700087956956,0.009917610251265644
GO,Goias,74,0.010896932081265166,0.01089111706329384
DF,Distrito Federal,74,0.016542592108487988,0.016542133125892977
RO,Rondonia,75,0.009931583716689075,0.00992925300685796
AC,Acre,75,0.007339126088851663,0.007336745379684793
AM,Amazonas,75,0.012977939599481783,0.012970863268626088
RR,Roraima,75,0.015205372520275571,0.015200498927808576
PA,Para,75,0.012694618974207563,0.012686045004834615
AP,Amapa,75,0.01069437246625215,0.010682987858049017
TO,Tocantins,75,0.010231699686496004,0.010229664821115874
MA,Maranhao,75,0.014036366985142164,0.014028052520272914
PI,Piaui,75,0.013211452288952158,0.01320090897741699
CE,Ceara,75,0.012256252781168923,0.012245673032084277
RN,Rio Grande do Norte,75,0.011354743238104897,0.011348446497596499
PB,Paraiba,75,0.011160076564205687,0.011152469644158483
PE,Pernambuco,75,0.010542844038219054,0.010538482845654718
AL,Alagoas,75,0.008857109713805147,0.00885328099859036
SE,Sergipe,75,0.010266698308834147,0.010263637284747214
BA,Bahia,75,0.009825523297331325,0.009819038678387149
MG,Minas Gerais,75,0.015451960097481678,0.015448131272936167
ES,Espirito Santo,75,0.01390948996853871,0.013902877958749841
RJ,Rio de Janeiro,75,0.014375151142792586,0.01437060271071784
SP,Sao Paulo,75,0.01697711177229694,0.0169754034909846
PR,Parana,75,0.01505722378067279,0.015055157210342288
SC,Santa Catarina,75,0.015284382216750644,0.01528204996076772
RS,Rio Grande do Sul,75,0.014539489127645768,0.014536807062221333
MS,Mato Grosso do Sul,75,0.012157627090299085,0.012155137495566381
MT,Mato Grosso,75,0.011791386444090973,0.01178578320788797
GO,Goias,75,0.012536746732852185,0.01253234855180425
DF,Distrito Federal,75,0.015872492507071963,0.01587133249394172
RO,Rondonia,76,0.009121166914467179,0.009116472812775665
AC,Acre,76,0.00896586542171702,0.008962388268216213
AM,Amazonas,76,0.01038904986221944,0.010380538884811469
RR,Roraima,76,0.01584233798753809,0.01583606103123408
PA,Para,76,0.010010558440388291,0.010001573761799788
AP,Amapa,76,0.006655620263729479,0.006646270357307658
TO,Tocantins,76,0.011025198772295703,0.0110214319801077
MA,Maranhao,76,0.01474300735454803,0.014729427895460096
PI,Piaui,76,0.014994327149663013,0.014977949933895326
CE,Ceara,76,0.01536852187707362,0.01535193681751633
RN,Rio Grande do Norte,76,0.011181249271565061,0.011173707305154117
PB,Paraiba,76,0.010734225873953014,0.010725585978768843
PE,Pernambuco,76,0.009535768828541782,0.009531804952436478
AL,Alagoas,76,0.00886163465577335,0.008857542003256853
SE,Sergipe,76,0.012086604380726966,0.012081924671180511
BA,Bahia,76,0.00934536184764131,0.009338236479096103
MG,Minas Gerais,76,0.012303814504593237,0.0123006862766845
ES,Espirito Santo,76,0.01380679877952107,0.013802639051484043
RJ,Rio de Janeiro,76,0.012568046081867403,0.012565128819760128
SP,Sao Paulo,76,0.013805619432095077,0.013803269529095719
PR,Parana,76,0.011000485902235391,0.01099884625333863
SC,Santa Catarina,76,0.01128380885309386,0.011280861298798132
RS,Rio Grande do Sul,76,0.010884403293186967,0.01088249075833027
MS,Mato Grosso do Sul,76,0.011756343175390096,0.01174822881170108
MT,Mato Grosso,76,0.010559046442945781,0.010548514831870642
GO,Goias,76,0.009877407375092356,0.00987411633521224
DF,Distrito Federal,76,0.012401246308633733,0.01239974297080802
RO,Rondonia,77,0.011178920578739829,0.011174457532367529
AC,Acre,77,0.008197179559312137,0.008193390428809896
AM,Amazonas,77,0.014081760092704416,0.014077413624582136
RR,Roraima,77,0.014977586495970563,0.014973096457552274
PA,Para,77,0.014625254839043134,0.014617849514619969
AP,Amapa,77,0.01304872437389266,0.013039184572774747
TO,Tocantins,77,0.011821903904653286,0.01181724646130516
MA,Maranhao,77,0.014683602504028032,0.014674167436146902
PI,Piaui,77,0.01678404525944039,0.016773178307540763
CE,Ceara,77,0.016763414541416433,0.016750928562230833
RN,Rio Grande do Norte,77,0.014595757433248487,0.014586584911430323
PB,Paraiba,77,0.013529943868805827,0.013522857666867463
PE,Pernambuco,77,0.011828047914568573,0.011823859360800276
AL,Alagoas,77,0.009337328524496922,0.009334224777614426
SE,Sergipe,77,0.012246894176028783,0.012243488508863507
BA,Bahia,77,0.011080344347681344,0.011074246388479448
MG,Minas Gerais,77,0.012445342657911189,0.0124423146331323
ES,Espirito Santo,77,0.014168985396964555,0.014165621342724144
RJ,Rio de Janeiro,77,0.0121025253401728,0.012099374977859956
SP,Sao Paulo,77,0.014273242445616405,0.014270725779440642
PR,Parana,77,0.011978389636942827,0.011976321146087505
SC,Santa Catarina,77,0.0127651207745153,0.012763101181369925
RS,Rio Grande do Sul,77,0.011541231696998767,0.011539011767169911
MS,Mato Grosso do Sul,77,0.009523903356872707,0.009518981553669138
MT,Mato Grosso,77,0.011171425037453381,0.011163952725443868
GO,Goias,77,0.009769472099776117,0.009767093734224646
DF,Distrito Federal,77,0.010405368134772894,0.010403359083705098
RO,Rondonia,78,0.00960468244567013,0.009602603749298657
AC,Acre,78,0.007237411040753455,0.007234303384317829
AM,Amazonas,78,0.011585161798197964,0.01158165310591132
RR,Roraima,78,0.014946400118309734,0.014940480200838557
PA,Para,78,0.01284472773672714,0.012839422216158978
AP,Amapa,78,0.010589473167612884,0.01058342232840849
TO,Tocantins,78,0.010613213719171195,0.0106111563839459
MA,Maranhao,78,0.014047121430593496,0.01404288574491754
PI,Piaui,78,0.013926104426369894,0.013921553044447867
CE,Ceara,78,0.01276538815313186,0.012760732322728523
RN,Rio Grande do Norte,78,0.012421028148105868,0.012417776364556796
PB,Paraiba,78,0.012142431867510448,0.012134696838274884
PE,Pernambuco,78,0.011551001497065148,0.011545271259969604
AL,Alagoas,78,0.009041827470023966,0.009036718657415121
SE,Sergipe,78,0.010982933918258535,0.010980934104655454
BA,Bahia,78,0.010681275344506186,0.010675018996193211
MG,Minas Gerais,78,0.016240948227179905,0.01623652697082236
ES,Espirito Santo,78,0.013395205991424627,0.013391269667551975
RJ,Rio de Janeiro,78,0.014546888642056267,0.014541263971094587
SP,Sao Paulo,78,0.017872826667580808,0.01786988576587718
PR,Parana,78,0.01618710791961091,0.016184815253992534
SC,Santa Catarina,78,0.015690944369541278,0.015688013724676014
RS,Rio Grande do Sul,78,0.01498423109841286,0.014982112039244646
MS,Mato Grosso do Sul,78,0.011703237170649392,0.01169855447481149
MT,Mato Grosso,78,0.012122882861164601,0.01211706863151968
GO,Goias,78,0.012565439543721269,0.012558537109004592
DF,Distrito Federal,78,0.017872694092028796,0.01787153147236477
RO,Rondonia,79,0.0077690639431308,0.007766698540032117
AC,Acre,79,0.007480755683520873,0.0074796787063440805
AM,Amazonas,79,0.008551889420575748,0.008546764149718626
RR,Roraima,79,0.011739454686741884,0.01173471344585252
PA,Para,79,0.008382873176761499,0.008378608357766307
AP,Amapa,79,0.007246515764978525,0.007240641598406903
TO,Tocantins,79,0.009204013763918358,0.009202063073417038
MA,Maranhao,79,0.011762107629953578,0.011753477560004376
PI,Piaui,79,0.011034450510556246,0.011027178834078014
CE,Ceara,79,0.010961412464991327,0.010953721402585386
RN,Rio Grande do Norte,79,0.011422100693412308,0.011417433988254769
PB,Paraiba,79,0.011311287944065308,0.011304645880918517
PE,Pernambuco,79,0.011620273905180153,0.011613987218921257
AL,Alagoas,79,0.010778241646398637,0.010769764903938979
SE,Sergipe,79,0.011962186635706343,0.011958058211915677
BA,Bahia,79,0.011311054298690771,0.011300610683999228
MG,Minas Gerais,79,0.016065800566104342,0.016061534684865035
ES,Espirito Santo,79,0.015412554437748473,0.01540461990411145
RJ,Rio de Janeiro,79,0.015363689892952174,0.015358940697040703
SP,Sao Paulo,79,0.016721003068813012,0.0167190023179179
PR,Parana,79,0.01488925138061664,0.014885855819746552
SC,Santa Catarina,79,0.013732584377517202,0.013729973474499724
RS,Rio Grande do Sul,79,0.013531128026607534,0.013527908601225188
MS,Mato Grosso do Sul,79,0.013894899511306728,0.013892106746685283
MT,Mato Grosso,79,0.010463932795128915,0.010455346740313773
GO,Goias,79,0.01213982661620596,0.012134816782818523
DF,Distrito Federal,79,0.0173317099905189,0.017330331219561707
RO,Rondonia,80,0.007992741061942562,0.007987883199164346
AC,Acre,80,0.0075353309879496915,0.007529112122590207
AM,Amazonas,80,0.01151085998661724,0.011505155135571595
RR,Roraima,80,0.014552802584530566,0.01454724507548595
PA,Para,80,0.009944502326274805,0.009936143480949159
AP,Amapa,80,0.008003558397806122,0.007996509652478275
TO,Tocantins,80,0.007010098229362482,0.007007161108999218
MA,Maranhao,80,0.011714819137226724,0.011707815970206507
PI,Piaui,80,0.012197746185982716,0.012187763200133244
CE,Ceara,80,0.012296901120677764,0.012289059829564552
RN,Rio Grande do Norte,80,0.011553168203336272,0.011547365686329282
PB,Paraiba,80,0.011737130620408712,0.011729319825770999
PE,Pernambuco,80,0.010725352810852145,0.010719717927627144
AL,Alagoas,80,0.008639024614063205,0.00863349267130178
SE,Sergipe,80,0.012652866392907526,0.012646316505735292
BA,Bahia,80,0.010244708153830894,0.01023512161797734
MG,Minas Gerais,80,0.013421989020986099,0.013417720713585832
ES,Espirito Santo,80,0.014605227699915343,0.0146014024845092
RJ,Rio de Janeiro,80,0.012753503156470742,0.012747677894447976
SP,Sao Paulo,80,0.015810751954550596,0.015806907044804565
PR,Parana,80,0.013241230384704154,0.013238700043276808
SC,Santa Catarina,80,0.013678187291438937,0.013674959742774828
RS,Rio Grande do Sul,80,0.012682420539999545,0.012679671796268476
MS,Mato Grosso do Sul,80,0.009062596452557902,0.009055668233752276
MT,Mato Grosso,80,0.008577164793319093,0.008565285673020017
GO,Goias,80,0.0096981724179486,0.009692042450075307
DF,Distrito Federal,80,0.011216884707087245,0.011214189588989008
RO,Rondonia,81,0.008470923290231306,0.00846793103029671
AC,Acre,81,0.0073631174968232386,0.007360184081023841
AM,Amazonas,81,0.013373695187749012,0.013363953387891448
RR,Roraima,81,0.017396456501439707,0.017386738337707285
PA,Para,81,0.011046934260528008,0.011039421566577659
AP,Amapa,81,0.00897935568921927,0.008970560921976492
TO,Tocantins,81,0.009072203060520999,0.009069775186015034
MA,Maranhao,81,0.014130216418971655,0.014117805754945843
PI,Piaui,81,0.014400643451761296,0.014391009736381513
CE,Ceara,81,0.011835288988915116,0.011831892461257964
RN,Rio Grande do Norte,81,0.011400209083224842,0.011396188950725873
PB,Paraiba,81,0.009849409170132429,0.009846851110657796
PE,Pernambuco,81,0.009546559814065528,0.00954474078141705
AL,Alagoas,81,0.008872033566075018,0.0088701272298334
SE,Sergipe,81,0.010089652304276853,0.010088069126163184
BA,Bahia,81,0.009185403185127214,0.009182166643039271
MG,Minas Gerais,81,0.012166469974651442,0.012163410232920075
ES,Espirito Santo,81,0.012270234115009897,0.012268796058604819
RJ,Rio de Janeiro,81,0.012620831328113548,0.012618625633777926
SP,Sao Paulo,81,0.013842083699823092,0.013840571060644886
PR,Parana,81,0.010887409681861417,0.010885682234685648
SC,Santa Catarina,81,0.011212650177202323,0.011210824403619122
RS,Rio Grande do Sul,81,0.010985091938807758,0.010983040992043613
MS,Mato Grosso do Sul,81,0.011786879665501071,0.01178523844764598
MT,Mato Grosso,81,0.010102254721150027,0.010093903599169363
GO,Goias,81,0.010973589206692325,0.01097088036117427
DF,Distrito Federal,81,0.012806568506298308,0.012804721060265692
RO,Rondonia,82,0.010056022478936876,0.01005351958783577
AC,Acre,82,0.008563892492786714,0.008562073302280157
AM,Amazonas,82,0.011180334723047589,0.011173244186620359
RR,Roraima,82,0.01671385601628805,0.016704266473928094
PA,Para,82,0.01135726568392155,0.011351098321862785
AP,Amapa,82,0.009835846155600672,0.009827691398642854
TO,Tocantins,82,0.010403305865560304,0.010401044938178386
MA,Maranhao,82,0.012871741227503175,0.012863407384518863
PI,Piaui,82,0.014503713853801722,0.014489079100146834
CE,Ceara,82,0.013224001916643906,0.013217820701084597
RN,Rio Grande do Norte,82,0.01188146593351616,0.011876993450382269
PB,Paraiba,82,0.011809433874409523,0.011804026042947913
PE,Pernambuco,82,0.011747806731710055,0.011744115438594533
AL,Alagoas,82,0.010567381735328136,0.010564132932430624
SE,Sergipe,82,0.012143907117396215,0.0121418014762508
BA,Bahia,82,0.010970664583187552,0.010966054018128349
MG,Minas Gerais,82,0.01585148083742539,0.01584777481506186
ES,Espirito Santo,82,0.014398039833398019,0.014395254584217849
RJ,Rio de Janeiro,82,0.014110263474567503,0.01410676499691206
SP,Sao Paulo,82,0.01607134987812732,0.01607030193303596
PR,Parana,82,0.015399248626403586,0.0153974781990065
SC,Santa Catarina,82,0.015129899679446807,0.015127705742982698
RS,Rio Grande do Sul,82,0.015935014720389797,0.01593220495033399
MS,Mato Grosso do Sul,82,0.012901051276253813,0.01289736602689946
MT,Mato Grosso,82,0.01104666503900679,0.01104161277297741
GO,Goias,82,0.012885131713523111,0.012880854134803043
DF,Distrito Federal,82,0.016956034530764705,0.016955555167855497
RO,Rondonia,83,0.006943946990857019,0.006940527873163016
AC,Acre,83,0.007185402630091088,0.007182886256401036
AM,Amazonas,83,0.009624049441971066,0.009620554648501846
RR,Roraima,83,0.01204230612664793,0.012039798373226345
PA,Para,83,0.0069128519461109815,0.006908526179953193
AP,Amapa,83,0.006033834209127256,0.00603022145042035
TO,Tocantins,83,0.0062991116136596045,0.006296883314398219
MA,Maranhao,83,0.009686880578363966,0.009681673144257082
PI,Piaui,83,0.011250082349178132,0.011245677373161114
CE,Ceara,83,0.01102994666931928,0.011025095196313582
RN,Rio Grande do Norte,83,0.010339436120560028,0.010336237401560066
PB,Paraiba,83,0.012085297536584085,0.012074594817061681
PE,Pernambuco,83,0.011528036455736246,0.01151841524973871
AL,Alagoas,83,0.00866845936540953,0.008664588280669716
SE,Sergipe,83,0.010589113462754717,0.010586591834205267
BA,Bahia,83,0.010450391228927425,0.010442155115418437
MG,Minas Gerais,83,0.015600605001119348,0.015594564813705886
ES,Espirito Santo,83,0.013448020203072316,0.01344194448246301
RJ,Rio de Janeiro,83,0.01220977810296775,0.012202940227969689
SP,Sao Paulo,83,0.01676054290331666,0.016757110056949225
PR,Parana,83,0.015408685174505958,0.015406786329123966
SC,Santa Catarina,83,0.016430664030528536,0.016429257070267676
RS,Rio Grande do Sul,83,0.015705895686483333,0.015703827735890276
MS,Mato Grosso do Sul,83,0.009586951580701816,0.009579518784319138
MT,Mato Grosso,83,0.0070633297866153294,0.007056834341864953
GO,Goias,83,0.009252974934859848,0.009242653886734642
DF,Distrito Federal,83,0.01627227338441447,0.016271076586632734
RO,Rondonia,84,0.007821124442267693,0.007816014729819255
AC,Acre,84,0.007563974534421935,0.007556777297263102
AM,Amazonas,84,0.009971450483612676,0.009967547000808843
RR,Roraima,84,0.012812916746895525,0.012809155158036021
PA,Para,84,0.008269917336763577,0.00826453016957005
AP,Amapa,84,0.005962507971327694,0.005956165784539653
TO,Tocantins,84,0.007227085732232256,0.007224221759442419
MA,Maranhao,84,0.011183294236369962,0.011178460191445956
PI,Piaui,84,0.012196020820391588,0.012188170768607195
CE,Ceara,84,0.012078216149994322,0.012067850683276277
RN,Rio Grande do Norte,84,0.009457518375042127,0.009450808847548373
PB,Paraiba,84,0.009944890134950148,0.00993840347472693
PE,Pernambuco,84,0.010016128987185435,0.010007879251376601
AL,Alagoas,84,0.007076792780631922,0.007071498606040622
SE,Sergipe,84,0.009746730083917864,0.00974050978615082
BA,Bahia,84,0.00819242142374363,0.008183669890482886
MG,Minas Gerais,84,0.01650143161355444,0.016490632302154713
ES,Espirito Santo,84,0.013334038577201208,0.013328734347514106
RJ,Rio de Janeiro,84,0.013385992780618616,0.013378836209412394
SP,Sao Paulo,84,0.01850669739013358,0.01850276020090343
PR,Parana,84,0.017090553478893836,0.017088336581797727
SC,Santa Catarina,84,0.01827058971781018,0.01826879663302091
RS,Rio Grande do Sul,84,0.018427464371670716,0.018425248610735565
MS,Mato Grosso do Sul,84,0.011239948766234097,0.011230775427242023
MT,Mato Grosso,84,0.009000152103303039,0.008988934248713153
GO,Goias,84,0.01029550867803311,0.010283142008600137
DF,Distrito Federal,84,0.017816355262574933,0.01781498515364663
RO,Rondonia,85,0.007313412395636037,0.007309739553704536
AC,Acre,85,0.008161037749612878,0.008157818716031329
AM,Amazonas,85,0.008297680464928047,0.008290117084454433
RR,Roraima,85,0.012653624378504036,0.012647522894389194
PA,Para,85,0.008981973309135952,0.008970070443126024
AP,Amapa,85,0.006948080038488414,0.0069334868426163074
TO,Tocantins,85,0.00690759051526761,0.006904106603876951
MA,Maranhao,85,0.009576601396925153,0.00956728342882705
PI,Piaui,85,0.00977992853526146,0.009769415841127602
CE,Ceara,85,0.010460564752164581,0.010451003491522854
RN,Rio Grande do Norte,85,0.010427318870991017,0.010419796979604885
PB,Paraiba,85,0.009177528233243434,0.009171672500166985
PE,Pernambuco,85,0.008303481831362902,0.00829933592331333
AL,Alagoas,85,0.007887185953309728,0.00788339092935837
SE,Sergipe,85,0.011113053037142578,0.01110549208868039
BA,Bahia,85,0.008174995347456403,0.008167840338135873
MG,Minas Gerais,85,0.010494879757620024,0.010491071638604011
ES,Espirito Santo,85,0.011530503290605985,0.01152596203511578
RJ,Rio de Janeiro,85,0.010343489065341866,0.010341297624444365
SP,Sao Paulo,85,0.012836314799246223,0.01283369637248902
PR,Parana,85,0.010674715274778816,0.010671330948862811
SC,Santa Catarina,85,0.011726028094851897,0.011720386018057145
RS,Rio Grande do Sul,85,0.011169679325869488,0.011165012582591996
MS,Mato Grosso do Sul,85,0.009146977685864264,0.00914198091740103
MT,Mato Grosso,85,0.007203844628483557,0.007197319571526647
GO,Goias,85,0.008019133541162567,0.00801534950582513
DF,Distrito Federal,85,0.00943943429606681,0.009437584148561025
RO,Rondonia,86,0.00725634336123179,0.007252472050766724
AC,Acre,86,0.006294107745696787,0.0062904970049235225
AM,Amazonas,86,0.01064844413853336,0.010644299103547195
RR,Roraima,86,0.013512704605356416,0.01350595444132852
PA,Para,86,0.008796560360808966,0.008791510749763259
AP,Amapa,86,0.0070994880995420085,0.007096457510934862
TO,Tocantins,86,0.0058087211496178435,0.005806161539316798
MA,Maranhao,86,0.01074874600666856,0.010742464869344114
PI,Piaui,86,0.012440895025799528,0.012434167651609672
CE,Ceara,86,0.011718365805265227,0.011712386197550497
RN,Rio Grande do Norte,86,0.010661186237542268,0.010656887007747393
PB,Paraiba,86,0.01099785096790907,0.010991701822847389
PE,Pernambuco,86,0.010679531499918089,0.01067346782353523
AL,Alagoas,86,0.00782584306280317,0.007822511245829219
SE,Sergipe,86,0.01077923892979642,0.010775277103486969
BA,Bahia,86,0.00967885051671275,0.00967186474585769
MG,Minas Gerais,86,0.014563258673281017,0.014558399494059748
ES,Espirito Santo,86,0.013808824883982256,0.013804565145594519
RJ,Rio de Janeiro,86,0.012383674343816998,0.012377637556213255
SP,Sao Paulo,86,0.016397361229932697,0.016394214981101718
PR,Parana,86,0.014985876960892555,0.014984483098706886
SC,Santa Catarina,86,0.015648625262481203,0.01564677033522902
RS,Rio Grande do Sul,86,0.015042211299054021,0.015040436404744261
MS,Mato Grosso do Sul,86,0.008971752230277026,0.008964881820264791
MT,Mato Grosso,86,0.007571304166672624,0.007563166086209442
GO,Goias,86,0.009266890137250882,0.00926029391709435
DF,Distrito Federal,86,0.01314232411970205,0.013140935217141835
RO,Rondonia,87,0.012586645566926492,0.012580837242590839
AC,Acre,87,0.009319810063947857,0.009316845393616529
AM,Amazonas,87,0.012669419545586242,0.012660257134687172
RR,Roraima,87,0.015263224775155574,0.015258324589110658
PA,Para,87,0.016560270530432967,0.016552216395757758
AP,Amapa,87,0.014968559349615274,0.0149497167749037
TO,Tocantins,87,0.01421297089969291,0.014208411062122362
MA,Maranhao,87,0.016630595403892966,0.01662329952854111
PI,Piaui,87,0.013684666591720676,0.013670482200854494
CE,Ceara,87,0.013578541065452341,0.013566545828668918
RN,Rio Grande do Norte,87,0.011149658644163571,0.011144124937634153
PB,Paraiba,87,0.013651703667456817,0.013634482798795622
PE,Pernambuco,87,0.013040636551971501,0.01302258201894557
AL,Alagoas,87,0.009890072735009971,0.009884382097015846
SE,Sergipe,87,0.010652718868531627,0.010649615498115694
BA,Bahia,87,0.011598839187994396,0.011581420036376727
MG,Minas Gerais,87,0.02065066148413812,0.020632219982554052
ES,Espirito Santo,87,0.014544924561467705,0.014525630694423287
RJ,Rio de Janeiro,87,0.01616216207965743,0.01614589580169096
SP,Sao Paulo,87,0.029084653654649063,0.029049950648414414
PR,Parana,87,0.027420247190853727,0.02739181460972194
SC,Santa Catarina,87,0.027666018995213235,0.0276432562887744
RS,Rio Grande do Sul,87,0.024487272694879263,0.024466726228773585
MS,Mato Grosso do Sul,87,0.01312390808449632,0.013117695518992101
MT,Mato Grosso,87,0.013463574152375162,0.013457713082029539
GO,Goias,87,0.014025417493925446,0.014017277720279532
DF,Distrito Federal,87,0.020654946952943506,0.020653997068767204
RO,Rondonia,88,0.009136084497633406,0.009131500159024534
AC,Acre,88,0.007846465889800164,0.007838702984199367
AM,Amazonas,88,0.012250746605785918,0.012244910065661158
RR,Roraima,88,0.01486402894900868,0.014857948635265206
PA,Para,88,0.010789935420139302,0.010775460636249087
AP,Amapa,88,0.007779914465061136,0.007768687690763096
TO,Tocantins,88,0.00739662429836001,0.0073932937899674365
MA,Maranhao,88,0.012049563719868492,0.012042436978979444
PI,Piaui,88,0.014294783553506945,0.014284117579104565
CE,Ceara,88,0.013270085528146439,0.013262508122273918
RN,Rio Grande do Norte,88,0.011373133637125768,0.011366555093186874
PB,Paraiba,88,0.011594496872846994,0.01158773174206013
PE,Pernambuco,88,0.010713618907939596,0.010706486259294995
AL,Alagoas,88,0.008058948621489601,0.008052907956178466
SE,Sergipe,88,0.011260533354914429,0.011254249120163267
BA,Bahia,88,0.00964914644322662,0.009639728885913
MG,Minas Gerais,88,0.014873552472334151,0.014868049951174769
ES,Espirito Santo,88,0.015038108354350956,0.015033137362245203
RJ,Rio de Janeiro,88,0.014156833478071043,0.014151501929096855
SP,Sao Paulo,88,0.017898596171339504,0.017893788917696305
PR,Parana,88,0.015093164774903568,0.015090150942669503
SC,Santa Catarina,88,0.016824625682471134,0.016821140236894426
RS,Rio Grande do Sul,88,0.01581352031942323,0.01580974682296992
MS,Mato Grosso do Sul,88,0.010821996982727284,0.010814737478371654
MT,Mato Grosso,88,0.009614288565574301,0.009604734697388918
GO,Goias,88,0.010441328054796075,0.010433295681753916
DF,Distrito Federal,88,0.013889991709370964,0.013887403523348319
RO,Rondonia,89,0.009186463476726974,0.009181646064517456
AC,Acre,89,0.00792829874799081,0.00792303346812812
AM,Amazonas,89,0.01084112423689571,0.010838053380868505
RR,Roraima,89,0.010327478062105112,0.010325618567354429
PA,Para,89,0.009855998153562777,0.009848078967630222
AP,Amapa,89,0.00860089916247759,0.008591199603248294
TO,Tocantins,89,0.007624804701431495,0.007621626254890483
MA,Maranhao,89,0.010115238435207308,0.01011154986581178
PI,Piaui,89,0.010484547981038369,0.010479063192853738
CE,Ceara,89,0.011170830290726307,0.011164919291538006
RN,Rio Grande do Norte,89,0.011840987192978013,0.011836523859658417
PB,Paraiba,89,0.013281269640530833,0.013268441203556398
PE,Pernambuco,89,0.01282590738598894,0.01281046343425947
AL,Alagoas,89,0.008682858281756195,0.008676959065112705
SE,Sergipe,89,0.012112954244098873,0.012106458383495623
BA,Bahia,89,0.011299960057296388,0.01128652589298763
MG,Minas Gerais,89,0.018622310936136213,0.01860996294175645
ES,Espirito Santo,89,0.014457203693354454,0.01444747371241845
RJ,Rio de Janeiro,89,0.014466348060081147,0.014456501351108557
SP,Sao Paulo,89,0.021408764306344044,0.021400103780921907
PR,Parana,89,0.02017199154539309,0.020166922905635983
SC,Santa Catarina,89,0.02251252071064808,0.02250807397645011
RS,Rio Grande do Sul,89,0.02050912374671476,0.020505046868742296
MS,Mato Grosso do Sul,89,0.010811301548782608,0.010803480619898774
MT,Mato Grosso,89,0.009237155041807327,0.00922696986871263
GO,Goias,89,0.010737154993618488,0.010726010476721181
DF,Distrito Federal,89,0.016668487095508125,0.016665890116821198
RO,Rondonia,90,0.008689691640102819,0.008685987490015494
AC,Acre,90,0.00778824673571626,0.007783674825786449
AM,Amazonas,90,0.012265087656497302,0.012258491443000879
RR,Roraima,90,0.01695691862835303,0.01694707732257635
PA,Para,90,0.011595608480201271,0.011581526512722033
AP,Amapa,90,0.009413145995886364,0.009397835181759356
TO,Tocantins,90,0.007264547808456118,0.007259751354581127
MA,Maranhao,90,0.01173022386061576,0.011721948843107293
PI,Piaui,90,0.014747883393135727,0.014729747792829973
CE,Ceara,90,0.013220055158292911,0.013210326209348337
RN,Rio Grande do Norte,90,0.012009818790916338,0.012003175576172963
PB,Paraiba,90,0.01125299746563882,0.011247016100464543
PE,Pernambuco,90,0.01077508595389216,0.010768642993949881
AL,Alagoas,90,0.00841427329168344,0.00841057962946037
SE,Sergipe,90,0.01284665506871137,0.012838309296589221
BA,Bahia,90,0.009832151188663242,0.00982475774410514
MG,Minas Gerais,90,0.01321622703071939,0.013209742888639452
ES,Espirito Santo,90,0.014685116204136435,0.014680256976363179
RJ,Rio de Janeiro,90,0.011111204778118543,0.011104340268848182
SP,Sao Paulo,90,0.016815081979952875,0.016808181122216433
PR,Parana,90,0.015692333307474438,0.015686621699228805
SC,Santa Catarina,90,0.016934118171667074,0.016928109482459975
RS,Rio Grande do Sul,90,0.015624091743728627,0.015617552827018209
MS,Mato Grosso do Sul,90,0.007798678015097132,0.007792868682912876
MT,Mato Grosso,90,0.00827515583222503,0.008269148104393251
GO,Goias,90,0.008284378263656264,0.008279629847784081
DF,Distrito Federal,90,0.01012642485710729,0.010124756493190105
RO,Rondonia,91,0.010194137936721146,0.010186656368371221
AC,Acre,91,0.009518709343881594,0.009510960861279566
AM,Amazonas,91,0.017346732459972102,0.01733272737806613
RR,Roraima,91,0.017706833772429112,0.017698745823111553
PA,Para,91,0.011612358036076824,0.011601007202839148
AP,Amapa,91,0.008830476395496736,0.008820299673880936
TO,Tocantins,91,0.008453900342893093,0.008448842980748118
MA,Maranhao,91,0.013632005916864398,0.013621001275260017
PI,Piaui,91,0.014903359326093279,0.014885572343648927
CE,Ceara,91,0.014652185197840081,0.014640351206737267
RN,Rio Grande do Norte,91,0.013740399260197959,0.013729644597434384
PB,Paraiba,91,0.01375660754577614,0.013744027094234904
PE,Pernambuco,91,0.012912068012798086,0.012898484977773563
AL,Alagoas,91,0.00886231314568253,0.008855493703343582
SE,Sergipe,91,0.013663179795543916,0.013652017144304859
BA,Bahia,91,0.010923346562350389,0.010909326599691477
MG,Minas Gerais,91,0.018686819916042513,0.01867210630029682
ES,Espirito Santo,91,0.016163186542398917,0.016153977812111364
RJ,Rio de Janeiro,91,0.014617823192253127,0.014607244082183923
SP,Sao Paulo,91,0.020933100368422285,0.020924640071015514
PR,Parana,91,0.020150331032055917,0.020144642824960948
SC,Santa Catarina,91,0.0209719567982805,0.020965648005395892
RS,Rio Grande do Sul,91,0.02103196323751938,0.02102538907514763
MS,Mato Grosso do Sul,91,0.01075514884174706,0.010746613585969622
MT,Mato Grosso,91,0.010341002799766423,0.010321819938424237
GO,Goias,91,0.01070951354804157,0.010696232800229492
DF,Distrito Federal,91,0.01630101051945712,0.01629845250019917
RO,Rondonia,92,0.00876057357211881,0.008758725777345084
AC,Acre,92,0.007398635564823489,0.007396739352240408
AM,Amazonas,92,0.010702163954524392,0.010691488008057715
RR,Roraima,92,0.01574980569167075,0.015743026535762875
PA,Para,92,0.012830465197916072,0.012822661053021512
AP,Amapa,92,0.01165873632737153,0.011648064503869286
TO,Tocantins,92,0.010124838875935694,0.010123449444975606
MA,Maranhao,92,0.013994887528071615,0.013985722792952814
PI,Piaui,92,0.013643976201517529,0.01363022682265816
CE,Ceara,92,0.010993990710256682,0.010984771251272882
RN,Rio Grande do Norte,92,0.010621215136865533,0.010615712048860231
PB,Paraiba,92,0.009657625355070374,0.009654140967475659
PE,Pernambuco,92,0.009180554708688369,0.009178345352260189
AL,Alagoas,92,0.008479934054562705,0.00847792113758832
SE,Sergipe,92,0.008855164279963818,0.008854055773090045
BA,Bahia,92,0.00847383423527776,0.008471052270408532
MG,Minas Gerais,92,0.012750608194918524,0.012748259730736476
ES,Espirito Santo,92,0.011038401386215358,0.01103134377512472
RJ,Rio de Janeiro,92,0.011338942034242369,0.011335369312830605
SP,Sao Paulo,92,0.013719649336469138,0.013718624822444373
PR,Parana,92,0.012851179398376492,0.012849517133280737
SC,Santa Catarina,92,0.012990656696290523,0.012986063311454894
RS,Rio Grande do Sul,92,0.012419626499746473,0.012417448844634442
MS,Mato Grosso do Sul,92,0.010498014755370846,0.01049486309715449
MT,Mato Grosso,92,0.010155466403552898,0.010153697829198189
GO,Goias,92,0.011003073936652246,0.011001393982207891
DF,Distrito Federal,92,0.013351279444029794,0.013350875163269407
RO,Rondonia,93,0.008291896883709586,0.008285027286426029
AC,Acre,93,0.007569929474759756,0.007561627429705877
AM,Amazonas,93,0.0127360856701109,0.012729696514206964
RR,Roraima,93,0.015015840672540423,0.015009762004857355
PA,Para,93,0.009260155773984995,0.009254954164796393
AP,Amapa,93,0.007595275287613599,0.0075912049190362115
TO,Tocantins,93,0.007229870077050594,0.007226331289828738
MA,Maranhao,93,0.012490134041390927,0.012484004636432837
PI,Piaui,93,0.014272146521157865,0.014261701854878347
CE,Ceara,93,0.012169619880394673,0.012162999184801727
RN,Rio Grande do Norte,93,0.011570668698966875,0.011562185864380518
PB,Paraiba,93,0.010302142343742363,0.010297475875370317
PE,Pernambuco,93,0.010277721194984631,0.010269151872018323
AL,Alagoas,93,0.008299543500252025,0.008292384708341897
SE,Sergipe,93,0.012472838806334981,0.012458079392076042
BA,Bahia,93,0.008550393411785071,0.008542630903054831
MG,Minas Gerais,93,0.012779300947232454,0.01277349327177545
ES,Espirito Santo,93,0.01532753976707418,0.015320127926872176
RJ,Rio de Janeiro,93,0.014781605421232384,0.014773826261246464
SP,Sao Paulo,93,0.016253324380301942,0.01624875345984733
PR,Parana,93,0.012296370678901663,0.012293635332567708
SC,Santa Catarina,93,0.014025150137502005,0.014021333402636223
RS,Rio Grande do Sul,93,0.01272514287153241,0.01272158075166033
MS,Mato Grosso do Sul,93,0.011590994434738825,0.011582103189442935
MT,Mato Grosso,93,0.0089653314676662,0.008949920005828173
GO,Goias,93,0.009773550396352684,0.0097646054550817
DF,Distrito Federal,93,0.012338802630491297,0.012333751158757266
RO,Rondonia,94,0.005743893133246601,0.005739430226966686
AC,Acre,94,0.005319765267496767,0.005318762799811734
AM,Amazonas,94,0.009167691893930427,0.009159360333636303
RR,Roraima,94,0.011561025388912025,0.011553748752284331
PA,Para,94,0.009313805683342068,0.009290835239923101
AP,Amapa,94,0.006851021659093122,0.006822480553585714
TO,Tocantins,94,0.005444850927341966,0.005439186683886316
MA,Maranhao,94,0.008944986292633633,0.008934701996486206
PI,Piaui,94,0.012179409482623279,0.0121628689539707
CE,Ceara,94,0.010848626661162137,0.0108325500095535
RN,Rio Grande do Norte,94,0.009802012149900851,0.009793069647627148
PB,Paraiba,94,0.012029355080198041,0.012003103388223545
PE,Pernambuco,94,0.010534486409667613,0.010518669714716312
AL,Alagoas,94,0.007295168638164328,0.007289283435706355
SE,Sergipe,94,0.011020764692724696,0.01101306453629471
BA,Bahia,94,0.009732545023587677,0.009718393081294336
MG,Minas Gerais,94,0.014295004592650248,0.014285002938739376
ES,Espirito Santo,94,0.013174745397736509,0.013166344085925295
RJ,Rio de Janeiro,94,0.010204680308320785,0.010193478373860126
SP,Sao Paulo,94,0.01567655402070296,0.015671567053460244
PR,Parana,94,0.015163756809964572,0.015157296439918349
SC,Santa Catarina,94,0.014883643649850876,0.01487828099811922
RS,Rio Grande do Sul,94,0.014571905343793257,0.014560526400886665
MS,Mato Grosso do Sul,94,0.007228486926138486,0.007221656157110121
MT,Mato Grosso,94,0.006559723220549653,0.006552240359303476
GO,Goias,94,0.008169421005796327,0.008155606291742593
DF,Distrito Federal,94,0.01286217442263852,0.012861787490946614
RO,Rondonia,95,0.007392286773581453,0.007390309820637973
AC,Acre,95,0.006496557803099179,0.006494942665798559
AM,Amazonas,95,0.008420981778196697,0.008417502030684029
RR,Roraima,95,0.010831191136221397,0.01082899911288947
PA,Para,95,0.009917757496817215,0.009911273216543628
AP,Amapa,95,0.00843881293558049,0.008429924338977175
TO,Tocantins,95,0.007195431899756978,0.0071934078644642525
MA,Maranhao,95,0.011116595156862358,0.011111856082550917
PI,Piaui,95,0.011987686825993854,0.011979792321723307
CE,Ceara,95,0.010898546867974462,0.010889351597096895
RN,Rio Grande do Norte,95,0.010762780549774474,0.010757462376756032
PB,Paraiba,95,0.010834673588934106,0.010829500938324273
PE,Pernambuco,95,0.009455496033769717,0.009452280179555458
AL,Alagoas,95,0.0075822204610371735,0.007580165886028492
SE,Sergipe,95,0.009266409829624553,0.00926418042754925
BA,Bahia,95,0.008842843355825991,0.008839537309738115
MG,Minas Gerais,95,0.012514326856152247,0.012512012085678112
ES,Espirito Santo,95,0.010831636351270178,0.01082888049966541
RJ,Rio de Janeiro,95,0.010721678939036914,0.01071891245378822
SP,Sao Paulo,95,0.013555585608927726,0.013553886679630311
PR,Parana,95,0.01208345858454861,0.01208227684829172
SC,Santa Catarina,95,0.012649968073023708,0.012648613429735856
RS,Rio Grande do Sul,95,0.012187906345375147,0.012186143462494583
MS,Mato Grosso do Sul,95,0.009205017352122747,0.009201209748241958
MT,Mato Grosso,95,0.007936310434967736,0.007931989105103426
GO,Goias,95,0.008720236608533717,0.008716037380145645
DF,Distrito Federal,95,0.01155441217167085,0.011553251538622225
RO,Rondonia,96,0.008161509273104273,0.008158615442417685
AC,Acre,96,0.006629574630302341,0.006628301236137463
AM,Amazonas,96,0.01106433860645219,0.011061271168610064
RR,Roraima,96,0.012105059593461375,0.012103325986678551
PA,Para,96,0.010654739079520581,0.01064813934399347
AP,Amapa,96,0.009300611165704293,0.009294393611501887
TO,Tocantins,96,0.009132396336073842,0.009128869606986277
MA,Maranhao,96,0.012250350495627707,0.012246222938504317
PI,Piaui,96,0.013443316844570403,0.013437803188232683
CE,Ceara,96,0.011973075119533248,0.011965706968223994
RN,Rio Grande do Norte,96,0.012073565539857759,0.012068491928737357
PB,Paraiba,96,0.012609894029124885,0.012595427304146688
PE,Pernambuco,96,0.012342372080773373,0.012331087358878546
AL,Alagoas,96,0.009009827980694314,0.009004573152014658
SE,Sergipe,96,0.009886071876419085,0.009884203066121488
BA,Bahia,96,0.01155510034398965,0.011544571771558725
MG,Minas Gerais,96,0.018218806940224787,0.018208997930574334
ES,Espirito Santo,96,0.012549383739698487,0.012540690310158857
RJ,Rio de Janeiro,96,0.012908595053483626,0.012897937397766476
SP,Sao Paulo,96,0.019229564763257812,0.019224793514398396
PR,Parana,96,0.0191341965200488,0.019130678346120065
SC,Santa Catarina,96,0.018946039767827227,0.01894292256879099
RS,Rio Grande do Sul,96,0.018625909874130712,0.018621365328816666
MS,Mato Grosso do Sul,96,0.011357371149421548,0.011353574829234693
MT,Mato Grosso,96,0.010034478854312537,0.010029604694842213
GO,Goias,96,0.01136997088066709,0.011359573993546243
DF,Distrito Federal,96,0.018113163222819403,0.018112789998089684
RO,Rondonia,97,0.009554500271377431,0.009551149316108393
AC,Acre,97,0.007735348816352031,0.007730529014170824
AM,Amazonas,97,0.011496316393894456,0.011489645471187655
RR,Roraima,97,0.014027978048754792,0.014021468136360647
PA,Para,97,0.01128637336413908,0.011279004254049235
AP,Amapa,97,0.009680681371210916,0.00967010118242289
TO,Tocantins,97,0.008535324242322723,0.008531507672274879
MA,Maranhao,97,0.011692683777700134,0.01168533853001657
PI,Piaui,97,0.013814451437971602,0.013799195910062028
CE,Ceara,97,0.013615294286480076,0.013604697204248594
RN,Rio Grande do Norte,97,0.01166425017568111,0.01165414554015542
PB,Paraiba,97,0.011834286655566316,0.011823414754190424
PE,Pernambuco,97,0.010312308826410878,0.010303808029736072
AL,Alagoas,97,0.007707854366911784,0.007703047387347869
SE,Sergipe,97,0.011754221783892462,0.011747866523498398
BA,Bahia,97,0.009565205668209661,0.009556819178936107
MG,Minas Gerais,97,0.014455073541003073,0.01444903325189791
ES,Espirito Santo,97,0.014115659232200782,0.014108463906322791
RJ,Rio de Janeiro,97,0.011995412287990325,0.01198862190256835
SP,Sao Paulo,97,0.016753858273620643,0.016748984252541375
PR,Parana,97,0.01529979946715326,0.015296102045339361
SC,Santa Catarina,97,0.01619270149113499,0.016188042784650244
RS,Rio Grande do Sul,97,0.015311122941553514,0.015306283171068748
MS,Mato Grosso do Sul,97,0.008500487622910544,0.008495637916969938
MT,Mato Grosso,97,0.010067880286081632,0.010061751992397349
GO,Goias,97,0.00968625494600297,0.009681564897582148
DF,Distrito Federal,97,0.01099562021243203,0.010993787683005352
RO,Rondonia,98,0.006211445947673442,0.0062093417940111495
AC,Acre,98,0.004935182637206917,0.004934512802244047
AM,Amazonas,98,0.009521900327858946,0.00951247529226371
RR,Roraima,98,0.013989822960791782,0.013983479008777187
PA,Para,98,0.010856157016657625,0.010835125528183092
AP,Amapa,98,0.01038763336720848,0.010366016087144363
TO,Tocantins,98,0.007411277487411499,0.007405528317930171
MA,Maranhao,98,0.01311118932624754,0.013097742600029074
PI,Piaui,98,0.014701822459247673,0.014686329242556752
CE,Ceara,98,0.011938651906718374,0.011919993819664607
RN,Rio Grande do Norte,98,0.010794179064745191,0.010777972542377737
PB,Paraiba,98,0.010046026799816218,0.010033666498177322
PE,Pernambuco,98,0.008387581556665935,0.008382824811016253
AL,Alagoas,98,0.00649389063310612,0.006492094617535621
SE,Sergipe,98,0.007291705555760169,0.007289740806488073
BA,Bahia,98,0.008239208086762187,0.008233447358514025
MG,Minas Gerais,98,0.010294942508469901,0.010291197512722079
ES,Espirito Santo,98,0.008765094148814793,0.008757979744690617
RJ,Rio de Janeiro,98,0.007645530902211029,0.007642125934221276
SP,Sao Paulo,98,0.010997109163903635,0.010995741319655215
PR,Parana,98,0.01139600291810319,0.011392627408050145
SC,Santa Catarina,98,0.012264028923417193,0.012259131942000635
RS,Rio Grande do Sul,98,0.01141045617459642,0.011406179350144052
MS,Mato Grosso do Sul,98,0.007312128712472276,0.007308895489009886
MT,Mato Grosso,98,0.006985484977839629,0.006981221000311577
GO,Goias,98,0.006884089132276582,0.006879444896077811
DF,Distrito Federal,98,0.00867237231399667,0.008671854194115624
RO,Rondonia,99,0.008117517335714636,0.00811468611410408
AC,Acre,99,0.005782394305488158,0.005778552990075615
AM,Amazonas,99,0.009100339738807382,0.009093525464739708
RR,Roraima,99,0.012042362314920124,0.012037995763937626
PA,Para,99,0.01184098413731253,0.011834089590894362
AP,Amapa,99,0.010588893465815461,0.010577048526173836
TO,Tocantins,99,0.008169405634996602,0.008165387934584496
MA,Maranhao,99,0.013458385259765575,0.01344969466274641
PI,Piaui,99,0.013870457649403346,0.013855521995880823
CE,Ceara,99,0.01295656854165482,0.012940806924942575
RN,Rio Grande do Norte,99,0.01219087336959608,0.012178248454942735
PB,Paraiba,99,0.011991216385882377,0.011980051736337921
PE,Pernambuco,99,0.010417977367278734,0.010409964818541223
AL,Alagoas,99,0.007397772777477045,0.007393194980006017
SE,Sergipe,99,0.0092633074498987035,0.009260819299790713
BA,Bahia,99,0.01010450828521827,0.010097179836782223
MG,Minas Gerais,99,0.014562376716736792,0.01455806513956314
ES,Espirito Santo,99,0.011726980247267146,0.011720944456710363
RJ,Rio de Janeiro,99,0.01102418156288984,0.011018180335208058
SP,Sao Paulo,99,0.015024700688024995,0.015022579345501047
PR,Parana,99,0.013888595854193877,0.013885993696438396
SC,Santa Catarina,99,0.0137200431276478,0.013717609220662891
RS,Rio Grande do Sul,99,0.014337750351861191,0.014335312745370907
MS,Mato Grosso do Sul,99,0.00897107711872399,0.00896421594645482
MT,Mato Grosso,99,0.009507048180536253,0.009502644455507426
GO,Goias,99,0.010104135369219806,0.010097858369874656
DF,Distrito Federal,99,0.014972441848350556,0.014971739768258193
RO,Rondonia,100,0.0072344925076684545,0.007232903731438936
AC,Acre,100,0.005657297600506382,0.005656068823268502
AM,Amazonas,100,0.008854477832089152,0.008849899326871165
RR,Roraima,100,0.012314740203196872,0.012309710659429294
PA,Para,100,0.010385481632584508,0.010380088056165354
AP,Amapa,100,0.009701810129619235,0.009693437475483561
TO,Tocantins,100,0.00812407773006491,0.008122082723032673
MA,Maranhao,100,0.010418743194603116,0.010414594480401412
PI,Piaui,100,0.01169483156588365,0.01168793595898037
CE,Ceara,100,0.009768920448124375,0.009763891528482014
RN,Rio Grande do Norte,100,0.008983473690457312,0.00898052162215349
PB,Paraiba,100,0.009430455313535103,0.009423300586081923
PE,Pernambuco,100,0.00871719293880162,0.00871192993480282
AL,Alagoas,100,0.006450202744091602,0.006446908183597846
SE,Sergipe,100,0.008563002638222735,0.008560843502919599
BA,Bahia,100,0.007857035620677078,0.00785180630869359
MG,Minas Gerais,100,0.012435698781712495,0.012432211099624205
ES,Espirito Santo,100,0.01099404914907245,0.010990242988252845
RJ,Rio de Janeiro,100,0.010233737037405669,0.010228114449078157
SP,Sao Paulo,100,0.014101164616666002,0.014098968240745656
PR,Parana,100,0.012761884145936576,0.012760162335726563
SC,Santa Catarina,100,0.01295923437769727,0.012956958611220372
RS,Rio Grande do Sul,100,0.012284951279013285,0.012283782138468985
MS,Mato Grosso do Sul,100,0.0080259102228686,0.008020296240320338
MT,Mato Grosso,100,0.008264553842446452,0.008261334034407515
GO,Goias,100,0.008470268813094596,0.008464025150245288
DF,Distrito Federal,100,0.012909321022315562,0.012908714361614048
