"variable","t","q025","q25","median","q75","q975","week_start"
"latent_infections",1,0.369063428936876,1.91248453681318,5.12922467714621,11.3456503498421,40.5973224132141,2015-01-04
"latent_infections",2,0.397735378043347,2.06890977408277,4.86257768699578,11.1517631877751,38.5628581348253,2015-01-11
"latent_infections",3,0.383580937967361,2.09074889987478,4.97001292357237,10.7501984116859,41.5491087052382,2015-01-18
"latent_infections",4,0.39789568529968,2.27750651165921,5.14343213463304,11.0070633998175,39.4612254489192,2015-01-25
"latent_infections",5,0.414385718244651,2.3841720287227,5.78135045225096,13.2640896629181,46.305785496579,2015-02-01
"latent_infections",6,0.486103632747746,3.33744146265565,8.81335337340415,21.5674422206825,71.6417393281259,2015-02-08
"latent_infections",7,0.749750126068221,6.23052595974567,15.3423818774262,30.8536853927667,85.7254915588321,2015-02-15
"latent_infections",8,0.539606693794031,3.95761233524463,9.65958324989817,22.6652626024478,73.8520097766462,2015-02-22
"latent_infections",9,8.14148186372801,14.8869290797538,20.5912127052302,28.9232654980378,55.0125260358904,2015-03-01
"latent_infections",10,8.83421547413125,16.0498992194383,22.0508493733269,30.1061522083886,53.5692215861723,2015-03-08
"latent_infections",11,10.1984137417987,18.2366319924663,24.3661614167998,32.8457064187521,56.579843355447,2015-03-15
"latent_infections",12,11.2280781699933,19.5416318897021,26.4319456895677,35.3589070166614,61.9279190924069,2015-03-22
"latent_infections",13,11.9645055450835,20.9042534492641,28.1523309382504,37.4037702594566,65.0591355144201,2015-03-29
"latent_infections",14,12.4262123663073,21.6094239070274,29.1684749307589,39.3553873951044,66.7007029544862,2015-04-05
"latent_infections",15,12.6543133179974,21.7611380338202,29.6508254838973,40.0061878782549,68.0308433534132,2015-04-12
"latent_infections",16,12.5004525048313,21.5287275217772,29.6298087829402,39.9921615914652,69.8279043879794,2015-04-19
"latent_infections",17,11.6250137500423,20.3764447576309,28.4798891168915,38.0764749520568,66.3814224511369,2015-04-26
"latent_infections",18,10.1500662671505,18.1254249761211,25.3133249775492,33.9201942832519,58.8821790328583,2015-05-03
"latent_infections",19,8.55289383491865,16.2375506873899,22.7057514974042,31.0546959912476,54.4425372140172,2015-05-10
"latent_infections",20,6.77527203740477,13.3415945813928,18.6749564380086,25.8536477047069,46.5062665243656,2015-05-17
"latent_infections",21,5.54583132032438,11.1066487714587,15.6077705652567,22.0204316602819,39.6891703791904,2015-05-24
"latent_infections",22,4.24805040471536,8.73277278124138,12.6173640243064,17.9437161550448,33.9919644988893,2015-05-31
"latent_infections",23,3.25738627603741,6.85398056635459,9.94083011154565,14.4046152572718,27.536431054739,2015-06-07
"latent_infections",24,2.38207935536643,5.42930827797005,7.91838742231025,11.4992193074266,22.5157834488233,2015-06-14
"latent_infections",25,1.71805228497347,4.10765495046014,6.12435333053535,9.07315240426949,18.5178057436448,2015-06-21
"latent_infections",26,1.28384964093835,3.15876253036415,4.86683856477169,7.16899623209179,15.2952403234893,2015-06-28
"latent_infections",27,0.968367072468114,2.41392603102856,3.87330828826407,5.7325076877687,12.5765386734812,2015-07-05
"latent_infections",28,0.701777177670986,1.88842583899459,3.11611476572137,4.66459838483245,10.3637407178083,2015-07-12
"latent_infections",29,0.55463310896616,1.48996811370696,2.53952015320734,3.85852030896602,8.86611675383539,2015-07-19
"latent_infections",30,0.43463690443972,1.23274800969497,2.07976706653559,3.21574750686524,7.63700525787311,2015-07-26
"latent_infections",31,0.359991735369111,1.02402501937528,1.75529041456556,2.76326728232379,6.78124776589182,2015-08-02
"latent_infections",32,0.296230731449217,0.864939516079895,1.51246692873077,2.40791414323849,5.95500554897343,2015-08-09
"latent_infections",33,0.25375049777146,0.746374607888511,1.33894844464735,2.13032930650351,5.47822801213082,2015-08-16
"latent_infections",34,0.226189918242109,0.67665957474578,1.20655414213911,1.96386080184711,5.07925127868564,2015-08-23
"latent_infections",35,0.200954447263795,0.623192814075795,1.13281127538739,1.84562906294914,4.96591455249772,2015-08-30
"latent_infections",36,0.19231769127086,0.604825904288707,1.09985769956556,1.79623681848058,4.72816681342996,2015-09-06
"latent_infections",37,0.191831188292485,0.608268736494838,1.08960520280271,1.78395878301983,4.70583088174277,2015-09-13
"latent_infections",38,0.204149157805699,0.647549151451651,1.1056594588843,1.84235811598944,4.83642336809843,2015-09-20
"latent_infections",39,0.221872471884604,0.686110358624931,1.180477096412,1.94836019591168,5.1111586694638,2015-09-27
"latent_infections",40,0.251968152592258,0.763581954230899,1.31385985060538,2.17402065596227,5.41251876244166,2015-10-04
"latent_infections",41,0.309301986205618,0.908762315553079,1.49409570335762,2.45021183917192,6.11576090567436,2015-10-11
"latent_infections",42,0.394509023188811,1.08967120678102,1.77135320590614,2.87527911203031,6.76503107733436,2015-10-18
"latent_infections",43,0.512431581375328,1.36141553660072,2.19496840362955,3.46782126510307,7.80070693631145,2015-10-25
"latent_infections",44,0.71373679482371,1.74476985836574,2.80619087694394,4.31617256396707,9.12903777271465,2015-11-01
"latent_infections",45,0.986754400583823,2.33540767256889,3.67365509656125,5.54564208030197,11.2890342278466,2015-11-08
"latent_infections",46,1.47053588105264,3.25637383407855,5.01114077806191,7.34313789279128,14.1254315011574,2015-11-15
"latent_infections",47,2.23367166630879,4.6417457124745,6.91157008176076,10.0291336020583,18.4677798149376,2015-11-22
"latent_infections",48,3.62526716055552,6.81404240097139,9.76884439265233,13.976324863295,25.2783019881408,2015-11-29
"latent_infections",49,5.41615107929449,9.92806188077961,13.7810377824136,19.3171143352327,33.2796475027284,2015-12-06
"latent_infections",50,8.41663194970399,15.074751607164,20.3651192265941,27.848897297849,46.3307290585031,2015-12-13
"latent_infections",51,12.7217023099282,21.5051214926897,28.5652265245316,37.5511335477235,60.5408895067095,2015-12-20
"latent_infections",52,18.5259617782641,31.5026044720189,40.6334843031948,53.0761422897691,82.285477200901,2015-12-27
"latent_infections",53,28.0251555206831,46.8817549578634,59.7111753896272,75.2606547959637,116.491421084274,2016-01-03
"latent_infections",54,41.5731080621509,68.8849550245415,85.8851663040983,107.564784382051,163.51006818282,2016-01-10
"latent_infections",55,59.3520469914877,95.4548167766,118.200774231325,145.928459060541,215.189275360182,2016-01-17
"latent_infections",56,84.0240928641379,131.350613642564,161.048493204777,196.306401931568,296.677868490859,2016-01-24
"latent_infections",57,126.045127424676,194.16359653057,240.259630749099,292.691323438591,430.379369173805,2016-01-31
"latent_infections",58,156.908887285228,238.850382515564,293.397715540418,357.177749877396,524.706362904759,2016-02-07
"latent_infections",59,240.764872714081,360.187817243081,442.231574300141,533.086728284552,775.077368221303,2016-02-14
"latent_infections",60,359.561327226263,517.067414249453,633.400865544317,765.072621952652,1098.50465450389,2016-02-21
"latent_infections",61,606.48838237232,880.74414519893,1076.53688662791,1286.9957225957,1815.9366596526,2016-02-28
"latent_infections",62,1017.62215884448,1467.64920466418,1793.78918038761,2139.26897162823,2985.76662574958,2016-03-06
"latent_infections",63,1438.20878007817,2073.56651732706,2525.68261605937,2992.97296749843,4254.07805049215,2016-03-13
"latent_infections",64,1989.66455233997,2859.58060742022,3479.03969227385,4121.98977993847,5875.8121413359,2016-03-20
"latent_infections",65,2711.67928780497,3980.91476526168,4827.79975094068,5749.72819534278,8139.06367445635,2016-03-27
"latent_infections",66,3960.20538655147,5751.40118592862,6932.68926528103,8259.32778663871,11622.6357373076,2016-04-03
"latent_infections",67,5589.30493696404,8111.09325610659,9879.52478780057,11693.7645920423,16490.1133920567,2016-04-10
"latent_infections",68,8139.31787224843,11685.3325040817,14105.6784679546,16648.1508504574,23242.6962529137,2016-04-17
"latent_infections",69,11903.1616299335,17006.250178891,20740.6075872769,24478.7352230903,33892.5928234804,2016-04-24
"latent_infections",70,16750.4558325136,24029.3550256786,29029.6579351457,34343.7494511443,47995.8295809449,2016-05-01
"latent_infections",71,21040.1488052241,30361.3958129485,36696.72891918,43442.5541463118,60050.2084521269,2016-05-08
"latent_infections",72,22234.4665125456,32158.9018326336,38514.8317048949,45691.2434318841,64663.8908446205,2016-05-15
"latent_infections",73,23355.0613333014,33558.3491024412,40299.8022278295,47885.3657205935,66720.9383087632,2016-05-22
"latent_infections",74,24008.4688252585,34435.1106004471,41570.0542136766,49039.9858892745,68540.6704771323,2016-05-29
"latent_infections",75,22800.7709634091,32111.7553593577,38558.9195224244,45670.13835862,62943.0305228585,2016-06-05
"latent_infections",76,20584.4154935756,29262.1820785576,35268.6740543128,41896.0026471592,57755.8388819524,2016-06-12
"latent_infections",77,16992.2959843425,25164.0973360136,30171.2367758575,35697.3090924384,49129.3106322625,2016-06-19
"latent_infections",78,15631.1867711867,22734.6512530812,27334.5663326871,32184.8507404648,44620.5855630083,2016-06-26
"latent_infections",79,13687.6639394381,19997.497623641,23968.2667484099,28242.4216344898,39338.8595578579,2016-07-03
"latent_infections",80,12660.1386206736,18337.2408016039,21918.6203592738,25922.3813408838,35734.6051540351,2016-07-10
"latent_infections",81,10657.1004844113,15312.0868327776,18124.864754035,21589.6854634699,29749.4769124388,2016-07-17
"latent_infections",82,9087.60862297003,13081.1170872733,15647.896143385,18492.3918003957,25748.0082469181,2016-07-24
"latent_infections",83,7601.88546093876,10971.6041699182,13117.3813905662,15568.8430935776,21794.1785506697,2016-07-31
"latent_infections",84,6298.3287403248,9020.55774175234,10824.2749746848,12746.6887380411,17469.264821918,2016-08-07
"latent_infections",85,5400.61243185341,7762.0501179451,9248.56475536947,10993.1885500456,15186.301061228,2016-08-14
"latent_infections",86,4438.45233443779,6521.07352347652,7793.30008608555,9216.10303773592,12869.1204114392,2016-08-21
"latent_infections",87,3691.60564755513,5413.71615424395,6446.08244794888,7713.63616363394,10576.4977500363,2016-08-28
"latent_infections",88,2989.4398326823,4343.01080180283,5231.45786581979,6204.10888639888,8484.1057427157,2016-09-04
"latent_infections",89,2692.73665203158,3942.60224789056,4699.75911641321,5610.78799697568,7629.2192255684,2016-09-11
"latent_infections",90,2318.26735561017,3292.65329654881,3957.0675690608,4672.68269925576,6450.68429935325,2016-09-18
"latent_infections",91,2168.47083211729,3094.41489451462,3711.54711733382,4411.11674703991,6011.2770408269,2016-09-25
"latent_infections",92,2049.99573844774,2964.94722091295,3549.87123780747,4206.17707566213,5733.58161773628,2016-10-02
"latent_infections",93,2038.0047428201,2959.61105887433,3526.36842995218,4191.30780217753,5647.98325230263,2016-10-09
"latent_infections",94,2180.95827981479,3139.35479561082,3786.3288182815,4472.56126830109,6133.36260601275,2016-10-16
"latent_infections",95,2155.16650258578,3118.50936696963,3757.80144056528,4461.19758218377,6154.43253504736,2016-10-23
"latent_infections",96,2552.56616323089,3687.76721496504,4362.31174288005,5198.05527461553,7145.93284748621,2016-10-30
"latent_infections",97,2928.98953165372,4242.77605240178,5077.36596377352,6030.48868189454,8183.00338774381,2016-11-06
"latent_infections",98,3495.70090313239,5093.31659032214,6112.38478635886,7229.67927173123,9978.5304205148,2016-11-13
"latent_infections",99,3868.40047800138,5581.07865480238,6761.4972101839,7983.85859935425,10833.2133361843,2016-11-20
"latent_infections",100,3016.02926308712,4301.70449986476,5176.90215595487,6125.01473593083,8307.97555574481,2016-11-27
"latent_infections",101,2344.97141450988,3364.0944438864,4041.73451842278,4768.92695926128,6568.56423808356,2016-12-04
"latent_infections",102,1876.79669572772,2680.87364050646,3231.55972875923,3821.95500567123,5238.93106506383,2016-12-11
"latent_infections",103,1560.43234088779,2251.39050370771,2719.83255554917,3240.15007228988,4441.09253786143,2016-12-18
"latent_infections",104,1410.80653621969,2017.31516306006,2460.80428303168,2933.46680611513,4064.94425613537,2016-12-25
"latent_infections",105,2008.96759133492,2879.58097682728,3458.71390417224,4081.41996400312,5566.95185415497,2017-01-01
"latent_infections",106,2399.28738501687,3430.06606891837,4079.86529922249,4850.30723832714,6644.73176679523,2017-01-08
"latent_infections",107,3030.16791609342,4366.90791737358,5205.18427902967,6161.67086439623,8432.60360216836,2017-01-15
"latent_infections",108,3580.35234248463,5113.70513182796,6110.83367660851,7268.96084500977,9870.6930292669,2017-01-22
"latent_infections",109,4368.60442898419,6301.36077791624,7503.30939930478,8898.98217197492,12105.2193479586,2017-01-29
"latent_infections",110,5467.55917718899,7818.96429094118,9372.93714507542,11069.1871698492,15356.7504850437,2017-02-05
"latent_infections",111,6772.26738344083,9753.75339786543,11644.6675357794,13841.7016556583,19001.4531286323,2017-02-12
"latent_infections",112,9210.18033233912,13074.8941395633,15638.5326771973,18624.2986512927,25422.0085222336,2017-02-19
"latent_infections",113,13783.1077388098,19564.4526888566,23374.705674478,27695.9086594594,37687.5733609643,2017-02-26
"latent_infections",114,20049.7180064744,28564.2991010038,34025.4998493013,40288.3774001801,55061.3325013335,2017-03-05
"latent_infections",115,29987.9950907679,42216.8242792536,50477.5343267056,60057.795639025,81239.8366957485,2017-03-12
"latent_infections",116,40004.2019541236,56878.404143778,68191.8252522355,81318.7597734039,109531.743085236,2017-03-19
"latent_infections",117,57897.6378639531,81989.2476035747,98264.1354372316,116827.58017322,156922.092227988,2017-03-26
"latent_infections",118,70063.4163657814,100839.864288336,120535.178960104,143526.242867098,194687.554963461,2017-04-02
"latent_infections",119,82538.4555273757,118476.664405833,142782.524947229,168470.006776178,228593.386905183,2017-04-09
"latent_infections",120,92546.0905026191,133272.753168553,158731.182014067,189827.652575878,254840.702683421,2017-04-16
"latent_infections",121,90120.5895448415,129075.937630844,154768.434409684,183069.268523241,251566.691100034,2017-04-23
"latent_infections",122,95134.8813523509,133755.964361495,161799.032681775,192159.521296172,256803.342620243,2017-04-30
"latent_infections",123,83521.9956615214,119590.155787697,143369.590232039,170037.091654995,230815.252201985,2017-05-07
"latent_infections",124,73674.8568830745,104452.583815051,125260.596553038,148375.803467658,202365.143325033,2017-05-14
"latent_infections",125,54860.0409698609,78410.2170778674,94030.1340296909,111099.550796456,151433.488451402,2017-05-21
"latent_infections",126,43080.0390167763,61322.7974462582,73805.2094277039,87699.1138157193,119130.530709692,2017-05-28
"latent_infections",127,31480.572685596,45153.6599935808,54186.2638301096,64493.0203306368,88561.2794042219,2017-06-04
"latent_infections",128,22435.5979009002,32098.8463054728,38584.05996999,46278.0460817478,63101.5887205965,2017-06-11
"latent_infections",129,17547.2334243788,25037.3730037599,30064.2557143989,35787.5501263441,49242.8916610391,2017-06-18
"latent_infections",130,13571.4588797206,19493.0696196593,23421.3017555963,27902.2714949875,37917.7693646499,2017-06-25
"latent_infections",131,11090.9080021029,15977.107941226,19292.2054584164,22865.0281229137,31114.6081996589,2017-07-02
"latent_infections",132,8496.98172697928,12267.560846655,14844.1861366387,17642.992080017,24187.7089106935,2017-07-09
"latent_infections",133,7146.75401430813,10125.3629504396,12102.3742805285,14519.9476573562,19844.3160071424,2017-07-16
"latent_infections",134,5590.32608164307,7971.09718968778,9632.69043605318,11600.1388457526,15983.6372814125,2017-07-23
"latent_infections",135,4569.15584299284,6531.0554327379,7876.49274897719,9400.97344043362,12928.96399572,2017-07-30
"latent_infections",136,3330.77317745463,4836.77114658232,5870.79948670013,6992.02586792915,9591.75808745467,2017-08-06
"latent_infections",137,2606.58437171936,3744.24052779086,4515.97308163452,5405.37303429493,7383.65092668941,2017-08-13
"latent_infections",138,1867.50335019611,2690.87160997275,3271.39085069185,3897.73137302245,5469.84427423647,2017-08-20
"latent_infections",139,1327.41230237497,1971.35559224462,2378.91117815209,2843.90404265634,3957.56115095773,2017-08-27
"latent_infections",140,1099.40674964741,1612.27153964704,1955.02023765907,2343.86221438079,3269.11214405052,2017-09-03
"latent_infections",141,948.226975284777,1374.82207536126,1659.62333264703,2013.48642055754,2759.2029900934,2017-09-10
"latent_infections",142,794.941353582912,1155.15470357595,1408.99290085601,1688.71657744013,2321.88397569514,2017-09-17
"latent_infections",143,697.189826551235,1004.49732896713,1228.52316373658,1489.04912591333,2026.81581781984,2017-09-24
"latent_infections",144,622.076699081649,916.632272272656,1113.20152340866,1329.33358730657,1824.85419508016,2017-10-01
"latent_infections",145,497.132631166208,732.646513997841,893.490764264858,1082.06913547129,1492.63701310388,2017-10-08
"latent_infections",146,475.663915662631,691.790681718761,838.492751744467,1019.45279363281,1423.44098617298,2017-10-15
"latent_infections",147,449.131224580798,662.655078841522,809.435712312276,972.573591984422,1355.21473441543,2017-10-22
"latent_infections",148,475.960537519686,693.38390544643,856.71330166776,1035.53772112557,1440.13132073548,2017-10-29
"latent_infections",149,467.178288534902,674.311091057874,830.186083220629,996.075808012193,1402.02692920134,2017-11-05
"latent_infections",150,408.870124844372,592.966956906206,731.803171580779,889.509012995828,1232.92966231486,2017-11-12
"latent_infections",151,359.60060326675,526.577457606301,641.610582451444,773.521238181502,1087.09349023397,2017-11-19
"latent_infections",152,340.303909559171,502.499957381056,612.745624449552,744.124557854387,1035.1106535992,2017-11-26
"latent_infections",153,328.045853542344,478.46042638564,584.401834398748,705.734977627075,983.440120071592,2017-12-03
"latent_infections",154,304.517984883831,448.114520041105,547.131341164175,663.830964299179,941.794794777916,2017-12-10
"latent_infections",155,255.423403252828,382.813600366732,470.569802452365,568.320960670972,825.228223616424,2017-12-17
"latent_infections",156,245.458398677587,366.055306759271,450.568211824303,544.750554641645,775.267665226139,2017-12-24
"latent_infections",157,275.101187714121,410.570189585631,504.78082774107,610.489160811111,858.609411395255,2017-12-31
"latent_infections",158,302.081783006947,448.40760449253,549.325125488812,667.162742324536,952.154277155876,2018-01-07
"latent_infections",159,330.805730710434,492.136328495773,603.191915023186,734.900759051159,1036.37681244315,2018-01-14
"latent_infections",160,346.575698773126,515.138052666264,632.304785625007,763.356560378227,1084.79946511795,2018-01-21
"latent_infections",161,358.631266055215,534.55139998298,656.350383578469,797.32504839277,1126.40771997917,2018-01-28
"latent_infections",162,365.957071623635,549.97812517162,675.532068064026,828.29553551493,1168.35686684106,2018-02-04
"latent_infections",163,392.48355070715,577.674446000903,715.007916205892,869.721989668909,1224.87372759214,2018-02-11
"latent_infections",164,423.528108668845,636.201546206157,781.126464055655,950.701767997986,1331.68469581742,2018-02-18
"latent_infections",165,487.439053787181,726.753170738139,895.698438726082,1088.90579929891,1532.47611565835,2018-02-25
"latent_infections",166,464.231810261765,692.935501257342,860.201473600932,1036.03601825451,1464.76148366792,2018-03-04
"latent_infections",167,492.632493515956,734.895478612754,905.818017207312,1097.10950426583,1545.09948322969,2018-03-11
"latent_infections",168,447.6273979054,676.28552143721,832.033192294574,1011.218247957,1410.73956501493,2018-03-18
"latent_infections",169,441.135789082849,667.804876444781,828.611517452829,1011.20448342767,1419.62674565778,2018-03-25
"latent_infections",170,495.324474508721,741.768942152261,915.84903827018,1118.18488844487,1581.71345368791,2018-04-01
"latent_infections",171,480.621019947807,725.501516776296,894.45548354941,1093.75543993392,1579.20260921776,2018-04-08
"latent_infections",172,436.066296328125,648.979258036643,805.388841916689,976.580622471172,1400.40706520991,2018-04-15
"latent_infections",173,336.672836216723,509.216541842436,631.064092284332,767.022369656573,1101.31598416628,2018-04-22
"latent_infections",174,290.610271297053,438.002629792677,544.965729318874,669.738679522114,946.641198575403,2018-04-29
"latent_infections",175,243.63151687132,368.862485547771,462.293484797852,565.741307285504,812.660590480026,2018-05-06
"latent_infections",176,236.25538785362,354.483204443776,444.627653805924,539.760569477037,774.16705074074,2018-05-13
"latent_infections",177,218.831319406063,327.308035395157,411.980740045785,504.907092417733,728.132576226569,2018-05-20
"latent_infections",178,197.781536724787,303.209579228862,377.000035568593,466.897881721472,666.222900186153,2018-05-27
"latent_infections",179,185.55524138957,284.122013513769,352.963486920278,434.792295926397,626.970750385777,2018-06-03
"latent_infections",180,180.486700198381,278.20481280032,347.280735477578,429.408463339434,612.241721280418,2018-06-10
"latent_infections",181,179.872658607407,271.517873967922,338.09999419543,414.501355435849,592.656274188025,2018-06-17
"latent_infections",182,155.498169759045,235.563810675581,293.87517017855,365.350294263083,536.578756097249,2018-06-24
"latent_infections",183,163.390757473531,249.442090132335,312.560216754305,386.635766988259,552.705511530803,2018-07-01
"latent_infections",184,154.76426631384,237.731078266009,296.840141480257,364.961091395719,528.208221795813,2018-07-08
"latent_infections",185,145.088091825791,223.196122779842,280.685447490298,345.218333624028,498.321842910968,2018-07-15
"latent_infections",186,132.244484067516,203.706902775698,256.584577291377,318.228375527345,463.573723583262,2018-07-22
"latent_infections",187,114.698540712949,180.659214561841,226.895296887857,280.103397577365,417.86137048986,2018-07-29
"latent_infections",188,110.755160484867,172.203070840354,219.558446926066,270.562131436493,397.262839435264,2018-08-05
"latent_infections",189,103.524107200953,159.720377263988,203.222469197068,251.875445706217,364.352020350328,2018-08-12
"latent_infections",190,91.2421922561776,146.264528051608,184.378272859004,230.170285792435,343.462768845517,2018-08-19
"latent_infections",191,82.5595440013901,132.036789134317,167.399162279787,208.046822424222,308.285574271533,2018-08-26
"latent_infections",192,76.5140156983787,119.90955988537,153.236705270356,191.981969689792,284.608177243095,2018-09-02
"latent_infections",193,66.4061810399159,107.052912760273,136.228251281573,171.764465363528,253.15253356941,2018-09-09
"latent_infections",194,62.5699555740138,98.8683311470366,125.933206670674,157.535166966826,232.227471691118,2018-09-16
"latent_infections",195,56.7505465226761,91.0165097279098,115.718044285013,144.72410270287,218.457125190205,2018-09-23
"latent_infections",196,55.6871196309149,87.9342940127325,112.60578709443,141.19758317312,212.374489562258,2018-09-30
"latent_infections",197,54.2796540595562,88.4478548001229,112.810540422058,142.274185727313,213.681643900916,2018-10-07
"latent_infections",198,57.6248430185192,93.5926541254222,119.580375588619,149.214241306085,222.607649286074,2018-10-14
"latent_infections",199,55.093400077299,89.946840068949,115.340603837858,145.405367723795,218.87335320368,2018-10-21
"latent_infections",200,56.8584991078247,93.0120792579643,118.63382911308,148.733022658182,224.21570531004,2018-10-28
"latent_infections",201,58.2023115169205,92.5491122829092,117.694578399726,149.267274747678,227.952865455794,2018-11-04
"latent_infections",202,58.269840134522,91.8651793507791,117.951747071738,147.765678551281,224.618451483074,2018-11-11
"latent_infections",203,57.4170495380911,91.6006150167674,117.676150823025,149.588170589395,226.902879917143,2018-11-18
"latent_infections",204,54.5951212425084,86.6815117350277,112.024323017549,141.498761320083,211.341643563515,2018-11-25
"latent_infections",205,50.5294030017414,81.5586979813127,104.759359108601,133.456456937237,198.661296076878,2018-12-02
"latent_infections",206,46.4512459593224,75.349527821966,96.7018417501585,123.941173764219,184.279690164854,2018-12-09
"latent_infections",207,42.5588709103529,70.9658634450832,91.772143328267,117.925321856923,177.144885505925,2018-12-16
"latent_infections",208,40.9148706734974,67.3678137212591,88.5517776829552,114.115564091007,174.85400484623,2018-12-23
"latent_infections",209,38.9079846150131,67.5305185511199,89.1804276030181,118.869886867037,195.023111732142,2018-12-30
"susceptible_prop",1,0.999995440787316,0.999998725846191,0.999999423971217,0.999999785221703,0.999999958552964,2015-01-04
"susceptible_prop",2,0.999993400677352,0.999997431113765,0.999998533681692,0.999999216854917,0.999999793132235,2015-01-11
"susceptible_prop",3,0.999991549820317,0.999996174805155,0.999997619990839,0.999998593005599,0.999999483997638,2015-01-18
"susceptible_prop",4,0.999989803558285,0.999994912673696,0.999996674728986,0.999997846013876,0.999999077071656,2015-01-25
"susceptible_prop",5,0.999987629619371,0.999993508552169,0.999995560571858,0.999996984424013,0.999998612874766,2015-02-01
"susceptible_prop",6,0.999983305519667,0.999991208219907,0.999993786477537,0.999995770101183,0.99999791757852,2015-02-08
"susceptible_prop",7,0.999979065337497,0.999988396408106,0.999991365223382,0.999993569293204,0.999996699819101,2015-02-15
"susceptible_prop",8,0.999976707364527,0.999986312549566,0.999989496652599,0.999991982706802,0.999995304399157,2015-02-22
"susceptible_prop",9,0.999971672983067,0.999983212816559,0.999987078451646,0.999990010094317,0.999994106504411,2015-03-01
"susceptible_prop",10,0.99996685438757,0.999979892153807,0.999984548796318,0.999987950526699,0.999992852403487,2015-03-08
"susceptible_prop",11,0.999961207099577,0.999976278054825,0.999981825499258,0.999985705457069,0.99999136990689,2015-03-15
"susceptible_prop",12,0.999954882411843,0.999972448296058,0.9999787323394,0.999983262590093,0.999989877577831,2015-03-22
"susceptible_prop",13,0.999948081701018,0.999968334005199,0.999975461895233,0.99998070454061,0.999988119857524,2015-03-29
"susceptible_prop",14,0.999941930954703,0.999964076843703,0.999972205891732,0.999977976164836,0.999986338290726,2015-04-05
"susceptible_prop",15,0.999934992128351,0.999959946489049,0.999968721011631,0.999975232562752,0.999984499373792,2015-04-12
"susceptible_prop",16,0.999928499913887,0.999955676535598,0.999965335615752,0.999972515692238,0.999982658884492,2015-04-19
"susceptible_prop",17,0.999921830091474,0.999951498874529,0.9999620374142,0.999969974837213,0.99998095922541,2015-04-26
"susceptible_prop",18,0.999916337373555,0.999947648245046,0.999959083807692,0.999967680260017,0.999979479192655,2015-05-03
"susceptible_prop",19,0.999911334383409,0.999944381149293,0.999956377574733,0.999965643861154,0.99997818195945,2015-05-10
"susceptible_prop",20,0.999907230633415,0.99994162671074,0.999954244306238,0.999963781859457,0.999976926629155,2015-05-17
"susceptible_prop",21,0.999903739756538,0.999939286870569,0.999952418201259,0.999962284031793,0.999976046820234,2015-05-24
"susceptible_prop",22,0.999900866854048,0.999937223013905,0.999950912953123,0.999961147352112,0.999975223232556,2015-05-31
"susceptible_prop",23,0.999898827097199,0.999935683168804,0.999949689175696,0.999960252419628,0.999974628519084,2015-06-07
"susceptible_prop",24,0.99989701511058,0.999934452798792,0.999948707710663,0.999959525979913,0.999974145696172,2015-06-14
"susceptible_prop",25,0.999895639919112,0.999933502910035,0.999947913154714,0.999958956093706,0.999973771919372,2015-06-21
"susceptible_prop",26,0.999894237102889,0.999932837528835,0.999947380615237,0.999958507293407,0.999973406202628,2015-06-28
"susceptible_prop",27,0.999893306226358,0.999932162162557,0.999946882140564,0.999958027604225,0.999973019117449,2015-07-05
"susceptible_prop",28,0.999892195738836,0.999931616886666,0.999946501112316,0.999957695888411,0.999972689239947,2015-07-12
"susceptible_prop",29,0.999891400479233,0.999931184498445,0.999946250078117,0.999957423112484,0.999972569935761,2015-07-19
"susceptible_prop",30,0.999890866025647,0.999930877729914,0.999946037863271,0.999957238418169,0.999972420883554,2015-07-26
"susceptible_prop",31,0.999890597659024,0.999930666434164,0.999945860186433,0.999957056654697,0.999972313800977,2015-08-02
"susceptible_prop",32,0.999890041696228,0.999930404264602,0.999945726483626,0.99995690626187,0.999972157710403,2015-08-09
"susceptible_prop",33,0.999889915766624,0.999930135621231,0.999945490190144,0.999956729139152,0.999972055361292,2015-08-16
"susceptible_prop",34,0.999889661213412,0.999929910418496,0.999945287920748,0.999956533896874,0.999971984250753,2015-08-23
"susceptible_prop",35,0.999889176934287,0.99992975706945,0.999945114919106,0.999956402003134,0.999971864108831,2015-08-30
"susceptible_prop",36,0.999888633669599,0.999929525554789,0.99994490815736,0.99995627825669,0.99997173940436,2015-09-06
"susceptible_prop",37,0.999888075191509,0.999929389743511,0.999944778776451,0.999956142519133,0.999971656533353,2015-09-13
"susceptible_prop",38,0.999887906886573,0.999929227998652,0.999944645554358,0.99995599230532,0.999971635159386,2015-09-20
"susceptible_prop",39,0.999887309297682,0.999929095469272,0.999944503746418,0.999955862425798,0.999971620996322,2015-09-27
"susceptible_prop",40,0.999886959474414,0.999928933366247,0.999944316297772,0.999955714505142,0.99997151001613,2015-10-04
"susceptible_prop",41,0.999886516528391,0.999928662516847,0.999944086959064,0.999955547077702,0.999971417636837,2015-10-11
"susceptible_prop",42,0.99988623050715,0.999928356204666,0.999943822406639,0.999955322299855,0.999971258977808,2015-10-18
"susceptible_prop",43,0.999885918774685,0.99992813363858,0.999943521815214,0.999955086414032,0.999971098339363,2015-10-25
"susceptible_prop",44,0.999885131173352,0.999927728425381,0.999943187001206,0.999954803162582,0.999970878237497,2015-11-01
"susceptible_prop",45,0.999884494497072,0.999927157297929,0.999942740140898,0.999954429516593,0.999970589444141,2015-11-08
"susceptible_prop",46,0.999882981281177,0.999926400311618,0.999942158134902,0.999953894855815,0.999970245537543,2015-11-15
"susceptible_prop",47,0.999881103176687,0.999925581309037,0.999941198221389,0.999953192520994,0.99996981092317,2015-11-22
"susceptible_prop",48,0.999878118662726,0.999924223746471,0.999939924070556,0.999952282192966,0.999969082665823,2015-11-29
"susceptible_prop",49,0.999875473752323,0.999922202754896,0.999938185861803,0.999950862857402,0.999968130530694,2015-12-06
"susceptible_prop",50,0.999871579068626,0.999919451999904,0.999935820108103,0.999948800904026,0.999966817331373,2015-12-13
"susceptible_prop",51,0.999866731160625,0.999915579361235,0.999932456629872,0.999945846394883,0.999965056173254,2015-12-20
"susceptible_prop",52,0.999859225653426,0.999910012478702,0.999927612036407,0.999941729518439,0.999962464084048,2015-12-27
"susceptible_prop",53,0.999848382350126,0.999901419812564,0.999920607060316,0.999935993143426,0.999958240537658,2016-01-03
"susceptible_prop",54,0.999831917778612,0.999889635906548,0.999910898551459,0.999927579710603,0.999952685358719,2016-01-10
"susceptible_prop",55,0.999810126407175,0.999873275514003,0.999897422773334,0.999916186422656,0.999945099791955,2016-01-17
"susceptible_prop",56,0.999780795947981,0.999851502246502,0.99987943627786,0.999900621129024,0.999934825183595,2016-01-24
"susceptible_prop",57,0.999737744768632,0.999819404149213,0.999851710195008,0.99987766986449,0.999919078213147,2016-01-31
"susceptible_prop",58,0.999683017126473,0.99977999719855,0.999817922749067,0.999849528011624,0.99989945449979,2016-02-07
"susceptible_prop",59,0.999601167478764,0.999720714090605,0.999767647048777,0.999807864508254,0.999870598271002,2016-02-14
"susceptible_prop",60,0.999477837291523,0.999635295030275,0.9996956990862,0.999748287408278,0.999826973542762,2016-02-21
"susceptible_prop",61,0.999280549986115,0.999492896918696,0.999573585102028,0.999647588791657,0.999756161305786,2016-02-28
"susceptible_prop",62,0.998956252198746,0.999256020327638,0.999370570089588,0.999482287160793,0.999642286506963,2016-03-06
"susceptible_prop",63,0.998484677981501,0.998919326434761,0.99908487778734,0.999242902836664,0.99947937195357,2016-03-13
"susceptible_prop",64,0.99783706956602,0.99845872755444,0.998692977372366,0.998921657164252,0.999243458533845,2016-03-20
"susceptible_prop",65,0.996947545062055,0.997808295004274,0.998148308275535,0.99847145077131,0.998937093674036,2016-03-27
"susceptible_prop",66,0.995662126579359,0.996887558585633,0.997362118343968,0.997815769925813,0.998488999937459,2016-04-03
"susceptible_prop",67,0.993873090851993,0.995582598950022,0.996250771209494,0.996897684412179,0.997844674469844,2016-04-10
"susceptible_prop",68,0.99127075285457,0.99370838170428,0.994657738231939,0.995568943139156,0.996921445222138,2016-04-17
"susceptible_prop",69,0.987520238189796,0.990981375967919,0.992300730367346,0.993621614753191,0.995576772807498,2016-04-24
"susceptible_prop",70,0.982258516180683,0.987145061194724,0.989038292638545,0.99087329292311,0.993638799020572,2016-05-01
"susceptible_prop",71,0.975486875488436,0.982268598542291,0.984879969867169,0.987439918229449,0.991255151368829,2016-05-08
"susceptible_prop",72,0.968350713532697,0.977213282114419,0.980516926383749,0.983811152404417,0.988662614796251,2016-05-15
"susceptible_prop",73,0.961079888448285,0.971887745857411,0.97595677703982,0.979943688829555,0.986007765468977,2016-05-22
"susceptible_prop",74,0.953692686990344,0.966351751636145,0.971332855816648,0.976051608628484,0.983185615876347,2016-05-29
"susceptible_prop",75,0.946810479479584,0.961231268940791,0.966944343134561,0.972388823661936,0.980540044973699,2016-06-05
"susceptible_prop",76,0.940471862849031,0.956605020059114,0.96296484892846,0.969066332619224,0.978156927996044,2016-06-12
"susceptible_prop",77,0.935058064372967,0.952660048349718,0.959462096788471,0.966271978486487,0.976222649531429,2016-06-19
"susceptible_prop",78,0.929953821708717,0.949007106779418,0.956338661727817,0.963628776547866,0.974421246567067,2016-06-26
"susceptible_prop",79,0.925572675136221,0.945938433150078,0.953621097952548,0.96133627374685,0.972823584098041,2016-07-03
"susceptible_prop",80,0.921782357340626,0.943050623557512,0.951085861805907,0.959286019490987,0.971374879782269,2016-07-10
"susceptible_prop",81,0.918472024413147,0.940717381832429,0.94904743869092,0.957521906096177,0.970207854625372,2016-07-17
"susceptible_prop",82,0.915619280345283,0.938654655534347,0.947312544388182,0.956021213931102,0.969112740247287,2016-07-24
"susceptible_prop",83,0.913268905524619,0.936858382118798,0.945833183790403,0.95482416646282,0.968238161155056,2016-07-31
"susceptible_prop",84,0.911308114169899,0.935480562608177,0.944607199113209,0.953773869256794,0.967511607091626,2016-08-07
"susceptible_prop",85,0.909590794832836,0.934274979233966,0.943564778694196,0.952867278749131,0.966862678875727,2016-08-14
"susceptible_prop",86,0.908324855640802,0.933220334669495,0.942697482505026,0.952142959513355,0.96632175613492,2016-08-21
"susceptible_prop",87,0.907273585300215,0.932390258257778,0.941944039067189,0.951549177757371,0.965904412032747,2016-08-28
"susceptible_prop",88,0.906306303565063,0.931671329027072,0.941384500305423,0.951043500875191,0.965567266316291,2016-09-04
"susceptible_prop",89,0.905359652688674,0.931039530920984,0.940841338494531,0.950583783948812,0.965234356371552,2016-09-11
"susceptible_prop",90,0.904663022612639,0.930491927769639,0.940409341451006,0.950187408910667,0.964923762324701,2016-09-18
"susceptible_prop",91,0.904001593797605,0.930000686565045,0.939983008922969,0.949818840332522,0.964645353226412,2016-09-25
"susceptible_prop",92,0.90335531364035,0.929567563264124,0.939599436873049,0.949498042769064,0.964408886977302,2016-10-02
"susceptible_prop",93,0.902740765029391,0.929046510640283,0.939216322944854,0.949154729632373,0.964177021754634,2016-10-09
"susceptible_prop",94,0.901988287323549,0.928562095124468,0.938785589013642,0.948794997114482,0.963955379883634,2016-10-16
"susceptible_prop",95,0.901352517053257,0.928043900152036,0.938346404733358,0.948439713590882,0.963733683081239,2016-10-23
"susceptible_prop",96,0.90053753486924,0.927482610000014,0.937857118189863,0.948004982928107,0.963436109251704,2016-10-30
"susceptible_prop",97,0.899623866968516,0.9267780085627,0.937312491808096,0.94751692605606,0.963095874523117,2016-11-06
"susceptible_prop",98,0.898583531693361,0.926005591708773,0.936560672164554,0.946976094549648,0.962735889586281,2016-11-13
"susceptible_prop",99,0.89750047893139,0.925099982260699,0.9358237975824,0.946315195723404,0.962328584168571,2016-11-20
"susceptible_prop",100,0.896680475848966,0.924398066544421,0.935259663740383,0.945822802636941,0.961987210373228,2016-11-27
"susceptible_prop",101,0.896016924747963,0.923829647239657,0.934760212742451,0.945440374364084,0.961695885474748,2016-12-04
"susceptible_prop",102,0.895501076768362,0.923401212267256,0.934373281409007,0.945137708149258,0.961472306848991,2016-12-11
"susceptible_prop",103,0.895050805874191,0.92304395332779,0.934079202558384,0.944876154244601,0.96125932563769,2016-12-18
"susceptible_prop",104,0.894640337553486,0.922736912006591,0.933799261661686,0.944657692946127,0.961092243882205,2016-12-25
"susceptible_prop",105,0.894088983729452,0.922284368514076,0.933408411143959,0.94431847935848,0.960824648537892,2017-01-01
"susceptible_prop",106,0.893373542758213,0.921767076773476,0.932948747899215,0.943896778817081,0.960533872811338,2017-01-08
"susceptible_prop",107,0.892446434898788,0.921064520534726,0.932331039534439,0.943398578483433,0.960181662878213,2017-01-15
"susceptible_prop",108,0.89134202271497,0.920293434587316,0.931626803214834,0.942816759297487,0.959795692772257,2017-01-22
"susceptible_prop",109,0.890041707241615,0.919300377358397,0.930725141350198,0.94208012297909,0.959265113496458,2017-01-29
"susceptible_prop",110,0.888403372497706,0.918098520843738,0.929659215073706,0.941176570424859,0.958740093217586,2017-02-05
"susceptible_prop",111,0.886183313141386,0.91658847395682,0.928363995551122,0.939993469550049,0.957888814644401,2017-02-12
"susceptible_prop",112,0.883056463153358,0.914490534971403,0.926638256529454,0.93846957648942,0.956855906806554,2017-02-19
"susceptible_prop",113,0.878920881189897,0.91141665416855,0.924013221804201,0.936178630731682,0.955275764945891,2017-02-26
"susceptible_prop",114,0.87313096443935,0.906828183774171,0.920158948830626,0.932778924425722,0.952958369417961,2017-03-05
"susceptible_prop",115,0.864390335682575,0.900181436054291,0.914451616038134,0.927965076276942,0.949244143495043,2017-03-12
"susceptible_prop",116,0.852660394314586,0.891242801491904,0.906697298201922,0.921572196645938,0.944777467486021,2017-03-19
"susceptible_prop",117,0.835909207371002,0.878378977379924,0.89583748462057,0.911935949932179,0.938135436843505,2017-03-26
"susceptible_prop",118,0.814566616421657,0.862701567779294,0.882265349120789,0.900226601208786,0.929890136512221,2017-04-02
"susceptible_prop",119,0.79036376160633,0.843552362574189,0.866236294160511,0.88669980407196,0.920503159576736,2017-04-09
"susceptible_prop",120,0.761886949363096,0.822447967291333,0.848389678154248,0.871438310992241,0.90935577124202,2017-04-16
"susceptible_prop",121,0.733771407484195,0.80216501074813,0.83087487593516,0.856670316672492,0.898823825443613,2017-04-23
"susceptible_prop",122,0.705408323457065,0.780491656472117,0.812517031899707,0.841271468116367,0.888586928649858,2017-04-30
"susceptible_prop",123,0.679012062035934,0.761784457611826,0.796412393404481,0.827416784464245,0.879124043859228,2017-05-07
"susceptible_prop",124,0.65715319829783,0.745011124892109,0.782088004978318,0.815645238615565,0.870376481218065,2017-05-14
"susceptible_prop",125,0.640666077285894,0.732853674434161,0.77156940344414,0.806659041668524,0.863977037032231,2017-05-21
"susceptible_prop",126,0.627980916066378,0.72312924686743,0.763255070588632,0.799562813540624,0.859162231266378,2017-05-28
"susceptible_prop",127,0.619030191707278,0.715989321845186,0.757223191704772,0.794366578793166,0.855515625278016,2017-06-04
"susceptible_prop",128,0.611656836363177,0.710874799853607,0.752715448622817,0.790800549581602,0.852810029310027,2017-06-11
"susceptible_prop",129,0.605997814088656,0.707019943441898,0.749205809261851,0.787797160029694,0.85068526005569,2017-06-18
"susceptible_prop",130,0.601738625960422,0.704003272531663,0.746555794834659,0.785561573881865,0.849139395453503,2017-06-25
"susceptible_prop",131,0.598177893421707,0.701397798879532,0.74439681589667,0.783684040145615,0.8477363012842,2017-07-02
"susceptible_prop",132,0.59529479742689,0.699469996533763,0.742790027295792,0.78229118775314,0.846722101184082,2017-07-09
"susceptible_prop",133,0.59324228087445,0.697877374696355,0.741463826596522,0.781103643228231,0.845937976152299,2017-07-16
"susceptible_prop",134,0.591545175350297,0.696544832147355,0.740385042622772,0.780194109548182,0.845265180840465,2017-07-23
"susceptible_prop",135,0.590266685684735,0.695594788792226,0.739559618661773,0.779419885070107,0.844777245645279,2017-07-30
"susceptible_prop",136,0.58924351973635,0.69483651467813,0.738907893077893,0.778887946184263,0.844402289585835,2017-08-06
"susceptible_prop",137,0.588475415393098,0.694278328015788,0.738421328798603,0.778456046866481,0.844077208806966,2017-08-13
"susceptible_prop",138,0.587953332798762,0.693821303626795,0.738037698079337,0.778141844981005,0.843861163508623,2017-08-20
"susceptible_prop",139,0.587460138431348,0.693462745710838,0.73775850355227,0.777936143899002,0.843705871207896,2017-08-27
"susceptible_prop",140,0.587122326134617,0.693177349378126,0.737526525496456,0.777791120807734,0.843576849190507,2017-09-03
"susceptible_prop",141,0.586814612211032,0.692946496892327,0.737330867729772,0.777629600156144,0.843464535656011,2017-09-10
"susceptible_prop",142,0.586571885228696,0.692752320136367,0.73718134473582,0.777505156259611,0.843353086662329,2017-09-17
"susceptible_prop",143,0.586344525527299,0.692593992835296,0.737040913536154,0.777404488456035,0.843265485312434,2017-09-24
"susceptible_prop",144,0.586167045826823,0.692452452681988,0.736912741961643,0.777313822085858,0.843189250105049,2017-10-01
"susceptible_prop",145,0.586047451223979,0.692346245604167,0.7367963636118,0.777252052670303,0.843119524755388,2017-10-08
"susceptible_prop",146,0.58592242768647,0.692247631834678,0.736701162702272,0.777178717633674,0.843061603483286,2017-10-15
"susceptible_prop",147,0.585790606039928,0.692144015310768,0.736619005346171,0.777110084369174,0.843010957032676,2017-10-22
"susceptible_prop",148,0.585643654127466,0.692035774129689,0.736535311717351,0.777040230404324,0.842949128967439,2017-10-29
"susceptible_prop",149,0.585513255965241,0.69193028128714,0.736455434418539,0.776978278016096,0.842892671126479,2017-11-05
"susceptible_prop",150,0.58537778616167,0.69183533631147,0.736386843742525,0.776908335091994,0.842844883334281,2017-11-12
"susceptible_prop",151,0.585272822036276,0.691747612254269,0.736320552025713,0.776853341215984,0.842791373138847,2017-11-19
"susceptible_prop",152,0.585175386970336,0.691662978736416,0.736256730983183,0.776790968491971,0.842747691818001,2017-11-26
"susceptible_prop",153,0.585080040151115,0.691570816446713,0.736196090973392,0.776733427718453,0.842707391500802,2017-12-03
"susceptible_prop",154,0.585006693934734,0.691497084247015,0.736130262993021,0.776686236452667,0.842669593106757,2017-12-10
"susceptible_prop",155,0.584922231205128,0.691430028128694,0.736076329679872,0.776646680334361,0.842641949785539,2017-12-17
"susceptible_prop",156,0.584857187239621,0.691361682510146,0.736028407603127,0.776610361573731,0.84261057913513,2017-12-24
"susceptible_prop",157,0.58476413417766,0.691292397931715,0.735969988605225,0.776565759954255,0.842572975558976,2017-12-31
"susceptible_prop",158,0.584676074437068,0.691213478172654,0.735906478733052,0.776515161911254,0.842537706795721,2018-01-07
"susceptible_prop",159,0.58458429103085,0.69113536808426,0.735834664751604,0.776448040478442,0.842502307314421,2018-01-14
"susceptible_prop",160,0.584490236943421,0.691053380454888,0.735766535178277,0.776390042913679,0.842461889668974,2018-01-21
"susceptible_prop",161,0.584381704729349,0.690960872478438,0.735706476852549,0.776320593369199,0.842418355077347,2018-01-28
"susceptible_prop",162,0.584279200661876,0.69085747976977,0.735642764162361,0.776250768716971,0.842375779590059,2018-02-04
"susceptible_prop",163,0.584165755161617,0.690757242387509,0.735574886536746,0.77618069753433,0.842327814678553,2018-02-11
"susceptible_prop",164,0.584047744695194,0.690644283417369,0.735484684224286,0.776103927299329,0.84226701666561,2018-02-18
"susceptible_prop",165,0.583904865795542,0.690535124114016,0.735394596631364,0.776038448104719,0.842207455907007,2018-02-25
"susceptible_prop",166,0.583771529861361,0.690417866331383,0.73531607561773,0.775963503493415,0.842139626112002,2018-03-04
"susceptible_prop",167,0.583636341526765,0.690298128139574,0.735234801207218,0.775860615343786,0.842070887662692,2018-03-11
"susceptible_prop",168,0.583502790430138,0.69018243996459,0.735164348899665,0.775777812161862,0.842003849378947,2018-03-18
"susceptible_prop",169,0.583392102617788,0.690055828370318,0.735090262191289,0.775705271858695,0.841933141823404,2018-03-25
"susceptible_prop",170,0.5832375323026,0.689939858591414,0.734993768194405,0.77559273073918,0.841870582971432,2018-04-01
"susceptible_prop",171,0.583102722276189,0.68982146518333,0.734900031194826,0.775490631737787,0.841798894575874,2018-04-08
"susceptible_prop",172,0.582966351519994,0.689715716559153,0.734803745258297,0.775404568727869,0.841742295762663,2018-04-15
"susceptible_prop",173,0.582871815013103,0.689624508610425,0.734718798635932,0.775341557720053,0.841700731763278,2018-04-22
"susceptible_prop",174,0.582786423676982,0.689551746134306,0.734656430454884,0.77528159631373,0.841670989333011,2018-04-29
"susceptible_prop",175,0.582717541432538,0.689488871812729,0.734607977223991,0.775235866511392,0.841647886095434,2018-05-06
"susceptible_prop",176,0.582650225279263,0.689422860913801,0.734557625646658,0.775184126490698,0.841626831574699,2018-05-13
"susceptible_prop",177,0.582596286942085,0.689368340138429,0.734505400478572,0.775135546278708,0.841608361881208,2018-05-20
"susceptible_prop",178,0.582538534775505,0.689310865151295,0.734455453910864,0.775094230508541,0.841587500175385,2018-05-27
"susceptible_prop",179,0.582483152175396,0.689258077395028,0.734413906911794,0.775055227634736,0.841568782938375,2018-06-03
"susceptible_prop",180,0.582423391955384,0.689207675114546,0.734369731171835,0.775012640479935,0.841552578493049,2018-06-10
"susceptible_prop",181,0.582361069857073,0.689156273633063,0.734324625032176,0.774976096976243,0.841539299673981,2018-06-17
"susceptible_prop",182,0.582291655069018,0.689111691611857,0.734285402098805,0.774939957504059,0.841528573280714,2018-06-24
"susceptible_prop",183,0.582232940657303,0.689078413855985,0.734247511680568,0.77490459372562,0.841516530235731,2018-07-01
"susceptible_prop",184,0.582177464618298,0.689043044239783,0.73421165795728,0.774867318615241,0.841505391924576,2018-07-08
"susceptible_prop",185,0.582133969537773,0.689007512657429,0.734176026027917,0.774833057642826,0.841493102233825,2018-07-15
"susceptible_prop",186,0.582091287384876,0.688973882090944,0.734143371982804,0.774799663074942,0.841480515222287,2018-07-22
"susceptible_prop",187,0.582047352305282,0.688940897471479,0.734111275531293,0.774773878152963,0.841470544983471,2018-07-29
"susceptible_prop",188,0.582017065175423,0.688914287415443,0.734085109761262,0.774751298110611,0.841460419713584,2018-08-05
"susceptible_prop",189,0.581989028890509,0.688884520480652,0.734057144812888,0.774729917585748,0.841450823483328,2018-08-12
"susceptible_prop",190,0.581965292640011,0.688858915489395,0.734033572465309,0.774708572401551,0.84144282766193,2018-08-19
"susceptible_prop",191,0.581941403292405,0.688836351124413,0.734012901453284,0.774685839506956,0.841435853251847,2018-08-26
"susceptible_prop",192,0.581920199551585,0.688813220122022,0.733994619540946,0.774662245692272,0.841428038211416,2018-09-02
"susceptible_prop",193,0.581900792386123,0.688790910350634,0.733977649117682,0.774644295039684,0.841421282296749,2018-09-09
"susceptible_prop",194,0.581884708580081,0.688770998217943,0.733964162231622,0.77462929561965,0.841414940020415,2018-09-16
"susceptible_prop",195,0.581869886152402,0.688749887792311,0.733951929444366,0.774618734666149,0.841409024052813,2018-09-23
"susceptible_prop",196,0.581854253918549,0.688730621224033,0.733940079717186,0.774608079365551,0.841403831106991,2018-09-30
"susceptible_prop",197,0.581837762860036,0.688712061067259,0.733928440952203,0.774597335103818,0.841398105975298,2018-10-07
"susceptible_prop",198,0.581824458256775,0.688692386940853,0.73391510589304,0.774587724315508,0.841393224077204,2018-10-14
"susceptible_prop",199,0.581812940632655,0.688676386142305,0.73390067632831,0.774578774859511,0.841387777708505,2018-10-21
"susceptible_prop",200,0.58179776629366,0.688657484223966,0.733883710389229,0.774567417832487,0.84138302095794,2018-10-28
"susceptible_prop",201,0.58178419167632,0.688642523978924,0.733867326503468,0.774557707663208,0.841378473717135,2018-11-04
"susceptible_prop",202,0.581768842278887,0.688628099455264,0.733852736390332,0.774547957483929,0.841371279368717,2018-11-11
"susceptible_prop",203,0.581753510405859,0.688612921419002,0.733838284073845,0.774535280491245,0.841363670441979,2018-11-18
"susceptible_prop",204,0.581738220335924,0.688599732406508,0.733824710648906,0.77452297981612,0.841356427873564,2018-11-25
"susceptible_prop",205,0.581722192518134,0.688586476839128,0.733810942144472,0.774512213557007,0.841350209904478,2018-12-02
"susceptible_prop",206,0.581709476779504,0.688572457886237,0.733798903965636,0.77450112388593,0.841344407869676,2018-12-09
"susceptible_prop",207,0.58169443749472,0.688559263920633,0.733786575023532,0.774491413923974,0.841339979312963,2018-12-16
"susceptible_prop",208,0.581681300606711,0.688549899566003,0.733774152077832,0.774483203092834,0.841335792569282,2018-12-23
"susceptible_prop",209,0.581663222460841,0.688542890359002,0.733761898554362,0.774475325535935,0.841332181827505,2018-12-30
"immune_prop",1,4.14470355231122e-08,2.14778296647733e-07,5.76028782561799e-07,1.27415380873908e-06,4.55921268358306e-06,2015-01-04
"immune_prop",2,2.06867765020768e-07,7.83145082450254e-07,1.46631830777455e-06,2.56888623487161e-06,6.59932264759356e-06,2015-01-11
"immune_prop",3,5.16002362152546e-07,1.40699440071002e-06,2.38000916075176e-06,3.82519484454225e-06,8.45017968311712e-06,2015-01-18
"immune_prop",4,9.22928343793927e-07,2.15398612438134e-06,3.32527101404301e-06,5.08732630369324e-06,1.01964417153627e-05,2015-01-25
"immune_prop",5,1.38712523388429e-06,3.01557598683666e-06,4.4394281422111e-06,6.4914478311584e-06,1.23703806284681e-05,2015-02-01
"immune_prop",6,2.08242148056481e-06,4.22989881748714e-06,6.21352246304996e-06,8.7917800928039e-06,1.66944803327657e-05,2015-02-08
"immune_prop",7,3.3001808987021e-06,6.43070679567925e-06,8.63477661777745e-06,1.1603591894116e-05,2.09346625033385e-05,2015-02-15
"immune_prop",8,4.69560084332687e-06,8.01729319779843e-06,1.05033474006588e-05,1.36874504335638e-05,2.32926354727242e-05,2015-02-22
"immune_prop",9,5.89349558918484e-06,9.9899056832109e-06,1.29215483540834e-05,1.67871834413635e-05,2.83270169332495e-05,2015-03-01
"immune_prop",10,7.14759651294083e-06,1.20494733014398e-05,1.54512036820154e-05,2.01078461933291e-05,3.31456124300161e-05,2015-03-08
"immune_prop",11,8.63009311024565e-06,1.42945429313923e-05,1.81745007420409e-05,2.37219451754145e-05,3.87929004233178e-05,2015-03-15
"immune_prop",12,1.01224221692758e-05,1.67374099070694e-05,2.12676605997331e-05,2.75517039420858e-05,4.5117588156543e-05,2015-03-22
"immune_prop",13,1.18801424756648e-05,1.92954593894457e-05,2.45381047673243e-05,3.16659948007003e-05,5.19182989819678e-05,2015-03-29
"immune_prop",14,1.36617092736435e-05,2.20238351640867e-05,2.77941082681976e-05,3.59231562969131e-05,5.80690452971739e-05,2015-04-05
"immune_prop",15,1.55006262080398e-05,2.47674372483575e-05,3.12789883690212e-05,4.00535109510991e-05,6.50078716489672e-05,2015-04-12
"immune_prop",16,1.7341115507824e-05,2.74843077622822e-05,3.46643842484839e-05,4.43234644024182e-05,7.15000861131548e-05,2015-04-19
"immune_prop",17,1.90407745898846e-05,3.00251627868287e-05,3.79625858000221e-05,4.85011254708623e-05,7.81699085262988e-05,2015-04-26
"immune_prop",18,2.05208073452229e-05,3.23197399827169e-05,4.09161923083934e-05,5.23517549537722e-05,8.366262644523e-05,2015-05-03
"immune_prop",19,2.18180405496121e-05,3.43561388462532e-05,4.36224252672313e-05,5.56188507069844e-05,8.86656165905997e-05,2015-05-10
"immune_prop",20,2.30733708448783e-05,3.62181405433315e-05,4.57556937616399e-05,5.83732892596722e-05,9.27693665846413e-05,2015-05-17
"immune_prop",21,2.39531797660064e-05,3.77159682073969e-05,4.75817987413141e-05,6.07131294314833e-05,9.62602434622817e-05,2015-05-24
"immune_prop",22,2.47767674434102e-05,3.885264788836e-05,4.9087046877061e-05,6.27769860948035e-05,9.91331459519462e-05,2015-05-31
"immune_prop",23,2.53714809156064e-05,3.97475803720626e-05,5.03108243038453e-05,6.43168311964259e-05,0.000101172902800917,2015-06-07
"immune_prop",24,2.58543038275827e-05,4.04740200868614e-05,5.12922893372014e-05,6.5547201207522e-05,0.000102984889420063,2015-06-14
"immune_prop",25,2.62280806280685e-05,4.10439062940304e-05,5.20868452865142e-05,6.64970899648398e-05,0.00010436008088788,2015-06-21
"immune_prop",26,2.65937973719127e-05,4.14927065934267e-05,5.26193847634193e-05,6.71624711647556e-05,0.000105762897111264,2015-06-28
"immune_prop",27,2.69808825515139e-05,4.19723957753304e-05,5.31178594360693e-05,6.78378374429356e-05,0.000106693773641681,2015-07-05
"immune_prop",28,2.73107600525818e-05,4.23041115893974e-05,5.34988876838005e-05,6.83831133340973e-05,0.000107804261164118,2015-07-12
"immune_prop",29,2.7430064239492e-05,4.25768875158272e-05,5.37499218827286e-05,6.88155015554637e-05,0.000108599520766878,2015-07-19
"immune_prop",30,2.75791164458888e-05,4.27615818305027e-05,5.3962136729202e-05,6.91222700860139e-05,0.000109133974352996,2015-07-26
"immune_prop",31,2.7686199023147e-05,4.29433453030537e-05,5.41398135671667e-05,6.93335658357996e-05,0.000109402340976383,2015-08-02
"immune_prop",32,2.78422895967328e-05,4.30937381301344e-05,5.42735163737706e-05,6.95957353980259e-05,0.00010995830377164,2015-08-09
"immune_prop",33,2.7944638708155e-05,4.32708608482935e-05,5.45098098556074e-05,6.98643787692965e-05,0.000110084233375818,2015-08-16
"immune_prop",34,2.8015749246646e-05,4.34661031261663e-05,5.47120792518951e-05,7.00895815043123e-05,0.000110338786588077,2015-08-23
"immune_prop",35,2.81358911689789e-05,4.35979968655686e-05,5.48850808936852e-05,7.02429305504404e-05,0.000110823065713062,2015-08-30
"immune_prop",36,2.82605956395288e-05,4.37217433097159e-05,5.5091842640409e-05,7.04744452109385e-05,0.000111366330401436,2015-09-06
"immune_prop",37,2.83434666467602e-05,4.38574808668546e-05,5.52212235487293e-05,7.06102564886346e-05,0.000111924808491187,2015-09-13
"immune_prop",38,2.83648406144088e-05,4.40076946799373e-05,5.53544456418642e-05,7.07720013475022e-05,0.000112093113426553,2015-09-20
"immune_prop",39,2.83790036777309e-05,4.4137574202241e-05,5.54962535824211e-05,7.09045307279443e-05,0.000112690702317628,2015-09-27
"immune_prop",40,2.84899838700975e-05,4.42854948576044e-05,5.56837022282486e-05,7.10666337527532e-05,0.000113040525585761,2015-10-04
"immune_prop",41,2.85823631635596e-05,4.44529222979051e-05,5.59130409363839e-05,7.13374831529945e-05,0.000113483471609274,2015-10-11
"immune_prop",42,2.8741022192047e-05,4.46777001454901e-05,5.61775933604625e-05,7.16437953335591e-05,0.000113769492850099,2015-10-18
"immune_prop",43,2.89016606369902e-05,4.49135859683647e-05,5.64781847862128e-05,7.18663614198423e-05,0.000114081225314561,2015-10-25
"immune_prop",44,2.91217625026235e-05,4.5196837418271e-05,5.68129987937316e-05,7.22715746186431e-05,0.000114868826647649,2015-11-01
"immune_prop",45,2.94105558594104e-05,4.55704834067261e-05,5.72598591019324e-05,7.28427020712796e-05,0.000115505502927904,2015-11-08
"immune_prop",46,2.97544624571405e-05,4.61051441845994e-05,5.78418650984958e-05,7.35996883823586e-05,0.000117018718822587,2015-11-15
"immune_prop",47,3.0189076829551e-05,4.68074790058448e-05,5.88017786107287e-05,7.44186909630573e-05,0.000118896823313353,2015-11-22
"immune_prop",48,3.09173341775104e-05,4.77178070343587e-05,6.00759294445141e-05,7.57762535288642e-05,0.000121881337273871,2015-11-29
"immune_prop",49,3.18694693065225e-05,4.91371425977993e-05,6.18141381972803e-05,7.77972451042053e-05,0.000124526247676646,2015-12-06
"immune_prop",50,3.31826686271464e-05,5.11990959737862e-05,6.41798918974423e-05,8.05480000956593e-05,0.000128420931373843,2015-12-13
"immune_prop",51,3.49438267462643e-05,5.41536051172353e-05,6.75433701281536e-05,8.44206387652369e-05,0.000133268839374739,2015-12-20
"immune_prop",52,3.75359159520167e-05,5.82704815605684e-05,7.23879635929903e-05,8.99875212983237e-05,0.000140774346573716,2015-12-27
"immune_prop",53,4.17594623417228e-05,6.40068565742336e-05,7.93929396838422e-05,9.85801874358594e-05,0.000151617649873767,2016-01-03
"immune_prop",54,4.73146412807907e-05,7.24202893969683e-05,8.91014485406294e-05,0.000110364093452497,0.000168082221388366,2016-01-10
"immune_prop",55,5.49002080452859e-05,8.38135773439663e-05,0.000102577226665901,0.000126724485996654,0.000189873592824807,2016-01-17
"immune_prop",56,6.51748164053001e-05,9.93788709756915e-05,0.000120563722140032,0.000148497753497678,0.000219204052018915,2016-01-24
"immune_prop",57,8.09217868526502e-05,0.000122330135510357,0.000148289804991764,0.000180595850786835,0.000262255231367764,2016-01-31
"immune_prop",58,0.000100545500210189,0.000150471988375644,0.000182077250932777,0.000220002801449848,0.000316982873526736,2016-02-07
"immune_prop",59,0.00012940172899755,0.000192135491745626,0.000232352951222703,0.00027928590939541,0.000398832521236026,2016-02-14
"immune_prop",60,0.000173026457237704,0.000251712591722436,0.000304300913799793,0.00036470496972496,0.000522162708477533,2016-02-21
"immune_prop",61,0.000243838694214082,0.000352411208342979,0.000426414897971517,0.000507103081303584,0.000719450013884829,2016-02-28
"immune_prop",62,0.000357713493036707,0.000517712839206874,0.000629429910412316,0.000743979672361839,0.00104374780125367,2016-03-06
"immune_prop",63,0.00052062804642983,0.000757097163335774,0.00091512221266038,0.00108067356523858,0.00151532201849941,2016-03-13
"immune_prop",64,0.000756541466155442,0.00107834283574831,0.00130702262763399,0.00154127244556027,0.00216293043398038,2016-03-20
"immune_prop",65,0.00106290632596375,0.00152854922869017,0.00185169172446453,0.00219170499572602,0.00305245493794545,2016-03-27
"immune_prop",66,0.00151100006254054,0.00218423007418678,0.00263788165603179,0.00311244141436731,0.00433787342064103,2016-04-03
"immune_prop",67,0.00215532553015575,0.00310231558782118,0.00374922879050577,0.00441740104997798,0.00612690914800705,2016-04-10
"immune_prop",68,0.00307855477786236,0.00443105686084433,0.00534226176806113,0.00629161829571961,0.00872924714542977,2016-04-17
"immune_prop",69,0.00442322719250225,0.00637838524680887,0.0076992696326541,0.00901862403208137,0.0124797618102044,2016-04-24
"immune_prop",70,0.00636120097942852,0.0091267070768899,0.010961707361455,0.0128549388052759,0.0177414838193172,2016-05-01
"immune_prop",71,0.00874484863117091,0.0125600817705511,0.0151200301328314,0.0177314014577087,0.0245131245115642,2016-05-08
"immune_prop",72,0.0113373852037493,0.0161888475955827,0.0194830736162507,0.0227867178855806,0.0316492864673027,2016-05-15
"immune_prop",73,0.0139922345310229,0.0200563111704451,0.0240432229601803,0.028112254142589,0.0389201115517149,2016-05-22
"immune_prop",74,0.0168143841236525,0.0239483913715165,0.0286671441833521,0.0336482483638554,0.0463073130096557,2016-05-29
"immune_prop",75,0.0194599550263008,0.0276111763380635,0.0330556568654392,0.0387687310592087,0.0531895205204164,2016-06-05
"immune_prop",76,0.0218430720039558,0.0309336673807761,0.0370351510715399,0.0433949799408859,0.0595281371509691,2016-06-12
"immune_prop",77,0.023777350468571,0.0337280215135128,0.0405379032115294,0.0473399516502817,0.0649419356270329,2016-06-19
"immune_prop",78,0.0255787534329329,0.0363712234521341,0.0436613382721834,0.0509928932205823,0.0700461782912831,2016-06-26
"immune_prop",79,0.0271764159019589,0.0386637262531498,0.0463789020474522,0.0540615668499215,0.0744273248637791,2016-07-03
"immune_prop",80,0.0286251202177311,0.0407139805090128,0.0489141381940926,0.0569493764424879,0.0782176426593738,2016-07-10
"immune_prop",81,0.0297921453746278,0.0424780939038231,0.0509525613090801,0.0592826181675714,0.0815279755868527,2016-07-17
"immune_prop",82,0.0308872597527127,0.043978786068898,0.0526874556118184,0.0613453444656533,0.084380719654717,2016-07-24
"immune_prop",83,0.0317618388449444,0.04517583353718,0.0541668162095968,0.063141617881202,0.0867310944753806,2016-07-31
"immune_prop",84,0.0324883929083744,0.0462261307432062,0.0553928008867908,0.0645194373918233,0.0886918858301013,2016-08-07
"immune_prop",85,0.0331373211242728,0.0471327212508694,0.0564352213058039,0.065725020766034,0.0904092051671638,2016-08-14
"immune_prop",86,0.0336782438650804,0.0478570404866447,0.0573025174949734,0.0667796653305052,0.0916751443591979,2016-08-21
"immune_prop",87,0.034095587967253,0.0484508222426287,0.058055960932811,0.0676097417422216,0.0927264146997849,2016-08-28
"immune_prop",88,0.034432733683709,0.0489564991248086,0.058615499694577,0.0683286709729285,0.0936936964349365,2016-09-04
"immune_prop",89,0.0347656436284481,0.0494162160511883,0.0591586615054692,0.0689604690790159,0.0946403473113262,2016-09-11
"immune_prop",90,0.0350762376752987,0.0498125910893326,0.0595906585489943,0.0695080722303609,0.0953369773873607,2016-09-18
"immune_prop",91,0.0353546467735884,0.0501811596674784,0.060016991077031,0.0699993134349546,0.0959984062023946,2016-09-25
"immune_prop",92,0.0355911130226981,0.0505019572309365,0.0604005631269508,0.0704324367358762,0.0966446863596499,2016-10-02
"immune_prop",93,0.0358229782453655,0.0508452703676271,0.0607836770551461,0.070953489359717,0.0972592349706085,2016-10-09
"immune_prop",94,0.0360446201163658,0.0512050028855184,0.0612144109863576,0.0714379048755319,0.0980117126764507,2016-10-16
"immune_prop",95,0.0362663169187612,0.051560286409118,0.0616535952666419,0.0719560998479639,0.0986474829467434,2016-10-23
"immune_prop",96,0.0365638907482956,0.0519950170718931,0.0621428818101369,0.0725173899999858,0.0994624651307603,2016-10-30
"immune_prop",97,0.0369041254768834,0.0524830739439402,0.062687508191904,0.0732219914373002,0.100376133031484,2016-11-06
"immune_prop",98,0.0372641104137194,0.053023905450352,0.0634393278354462,0.0739944082912271,0.101416468306639,2016-11-13
"immune_prop",99,0.0376714158314289,0.0536848042765964,0.0641762024175999,0.0749000177393009,0.10249952106861,2016-11-20
"immune_prop",100,0.0380127896267719,0.054177197363059,0.0647403362596166,0.075601933455579,0.103319524151034,2016-11-27
"immune_prop",101,0.0383041145252516,0.054559625635916,0.065239787257549,0.0761703527603428,0.103983075252037,2016-12-04
"immune_prop",102,0.0385276931510088,0.0548622918507419,0.0656267185909932,0.0765987877327442,0.104498923231638,2016-12-11
"immune_prop",103,0.0387406743623102,0.0551238457553986,0.0659207974416166,0.0769560466722103,0.104949194125809,2016-12-18
"immune_prop",104,0.0389077561177948,0.0553423070538734,0.0662007383383141,0.0772630879934093,0.105359662446514,2016-12-25
"immune_prop",105,0.0391753514621076,0.0556815206415197,0.0665915888560414,0.0777156314859236,0.105911016270548,2017-01-01
"immune_prop",106,0.0394661271886617,0.0561032211829194,0.0670512521007853,0.0782329232265238,0.106626457241787,2017-01-08
"immune_prop",107,0.0398183371217873,0.0566014215165672,0.0676689604655611,0.0789354794652744,0.107553565101212,2017-01-15
"immune_prop",108,0.0402043072277431,0.0571832407025128,0.0683731967851655,0.0797065654126838,0.10865797728503,2017-01-22
"immune_prop",109,0.0407348865035423,0.0579198770209101,0.0692748586498018,0.0806996226416034,0.109958292758385,2017-01-29
"immune_prop",110,0.0412599067824135,0.0588234295751406,0.0703407849262941,0.0819014791562616,0.111596627502294,2017-02-05
"immune_prop",111,0.0421111853555991,0.0600065304499508,0.0716360044488783,0.0834115260431798,0.113816686858614,2017-02-12
"immune_prop",112,0.0431440931934461,0.0615304235105804,0.0733617434705463,0.0855094650285967,0.116943536846642,2017-02-19
"immune_prop",113,0.0447242350541092,0.0638213692683177,0.0759867781957992,0.0885833458314495,0.121079118810103,2017-02-26
"immune_prop",114,0.0470416305820392,0.0672210755742783,0.0798410511693743,0.0931718162258286,0.12686903556065,2017-03-05
"immune_prop",115,0.0507558565049572,0.0720349237230576,0.0855483839618663,0.0998185639457093,0.135609664317425,2017-03-12
"immune_prop",116,0.0552225325139788,0.0784278033540618,0.0933027017980783,0.108757198508096,0.147339605685414,2017-03-19
"immune_prop",117,0.0618645631564955,0.0880640500678207,0.10416251537943,0.121621022620076,0.164090792628998,2017-03-26
"immune_prop",118,0.0701098634877788,0.0997733987912144,0.117734650879211,0.137298432220706,0.185433383578343,2017-04-02
"immune_prop",119,0.0794968404232635,0.11330019592804,0.133763705839489,0.156447637425811,0.20963623839367,2017-04-09
"immune_prop",120,0.0906442287579797,0.128561689007759,0.151610321845752,0.177552032708667,0.238113050636904,2017-04-16
"immune_prop",121,0.101176174556387,0.143329683327508,0.16912512406484,0.19783498925187,0.266228592515805,2017-04-23
"immune_prop",122,0.111413071350143,0.158728531883633,0.187482968100293,0.219508343527883,0.294591676542935,2017-04-30
"immune_prop",123,0.120875956140772,0.172583215535755,0.203587606595519,0.238215542388174,0.320987937964066,2017-05-07
"immune_prop",124,0.129623518781935,0.184354761384435,0.217911995021682,0.254988875107891,0.34284680170217,2017-05-14
"immune_prop",125,0.136022962967769,0.193340958331476,0.22843059655586,0.267146325565839,0.359333922714106,2017-05-21
"immune_prop",126,0.140837768733622,0.200437186459376,0.236744929411368,0.27687075313257,0.372019083933622,2017-05-28
"immune_prop",127,0.144484374721984,0.205633421206834,0.242776808295228,0.284010678154814,0.380969808292722,2017-06-04
"immune_prop",128,0.147189970689973,0.209199450418398,0.247284551377183,0.289125200146393,0.388343163636823,2017-06-11
"immune_prop",129,0.14931473994431,0.212202839970306,0.250794190738149,0.292980056558102,0.394002185911344,2017-06-18
"immune_prop",130,0.150860604546497,0.214438426118135,0.253444205165341,0.295996727468337,0.398261374039578,2017-06-25
"immune_prop",131,0.1522636987158,0.216315959854385,0.25560318410333,0.298602201120468,0.401822106578293,2017-07-02
"immune_prop",132,0.153277898815918,0.21770881224686,0.257209972704208,0.300530003466237,0.40470520257311,2017-07-09
"immune_prop",133,0.154062023847701,0.218896356771769,0.258536173403478,0.302122625303645,0.40675771912555,2017-07-16
"immune_prop",134,0.154734819159535,0.219805890451818,0.259614957377228,0.303455167852645,0.408454824649703,2017-07-23
"immune_prop",135,0.155222754354721,0.220580114929893,0.260440381338227,0.304405211207774,0.409733314315265,2017-07-30
"immune_prop",136,0.155597710414165,0.221112053815737,0.261092106922108,0.30516348532187,0.41075648026365,2017-08-06
"immune_prop",137,0.155922791193034,0.221543953133519,0.261578671201397,0.305721671984212,0.411524584606902,2017-08-13
"immune_prop",138,0.156138836491378,0.221858155018995,0.261962301920663,0.306178696373205,0.412046667201238,2017-08-20
"immune_prop",139,0.156294128792104,0.222063856100998,0.26224149644773,0.306537254289162,0.412539861568652,2017-08-27
"immune_prop",140,0.156423150809492,0.222208879192266,0.262473474503544,0.306822650621874,0.412877673865383,2017-09-03
"immune_prop",141,0.156535464343989,0.222370399843856,0.262669132270228,0.307053503107673,0.413185387788968,2017-09-10
"immune_prop",142,0.156646913337671,0.222494843740389,0.26281865526418,0.307247679863633,0.413428114771304,2017-09-17
"immune_prop",143,0.156734514687566,0.222595511543965,0.262959086463847,0.307406007164704,0.413655474472701,2017-09-24
"immune_prop",144,0.156810749894951,0.222686177914142,0.263087258038357,0.307547547318012,0.413832954173177,2017-10-01
"immune_prop",145,0.156880475244612,0.222747947329697,0.2632036363882,0.307653754395833,0.413952548776022,2017-10-08
"immune_prop",146,0.156938396516714,0.222821282366326,0.263298837297728,0.307752368165322,0.41407757231353,2017-10-15
"immune_prop",147,0.156989042967324,0.222889915630826,0.263380994653829,0.307855984689232,0.414209393960072,2017-10-22
"immune_prop",148,0.157050871032561,0.222959769595676,0.263464688282649,0.307964225870311,0.414356345872534,2017-10-29
"immune_prop",149,0.157107328873521,0.223021721983904,0.263544565581461,0.30806971871286,0.414486744034759,2017-11-05
"immune_prop",150,0.157155116665719,0.223091664908006,0.263613156257475,0.30816466368853,0.41462221383833,2017-11-12
"immune_prop",151,0.157208626861153,0.223146658784016,0.263679447974287,0.308252387745731,0.414727177963724,2017-11-19
"immune_prop",152,0.157252308181999,0.223209031508029,0.263743269016817,0.308337021263584,0.414824613029664,2017-11-26
"immune_prop",153,0.157292608499198,0.223266572281547,0.263803909026608,0.308429183553287,0.414919959848885,2017-12-03
"immune_prop",154,0.157330406893243,0.223313763547334,0.263869737006979,0.308502915752985,0.414993306065266,2017-12-10
"immune_prop",155,0.157358050214461,0.223353319665639,0.263923670320128,0.308569971871306,0.415077768794872,2017-12-17
"immune_prop",156,0.15738942086487,0.223389638426269,0.263971592396873,0.308638317489854,0.415142812760379,2017-12-24
"immune_prop",157,0.157427024441024,0.223434240045745,0.264030011394775,0.308707602068285,0.41523586582234,2017-12-31
"immune_prop",158,0.157462293204279,0.223484838088746,0.264093521266948,0.308786521827346,0.415323925562932,2018-01-07
"immune_prop",159,0.157497692685579,0.223551959521558,0.264165335248396,0.30886463191574,0.41541570896915,2018-01-14
"immune_prop",160,0.157538110331026,0.223609957086321,0.264233464821723,0.308946619545112,0.415509763056579,2018-01-21
"immune_prop",161,0.157581644922653,0.223679406630801,0.264293523147451,0.309039127521562,0.41561829527065,2018-01-28
"immune_prop",162,0.157624220409941,0.223749231283029,0.264357235837639,0.30914252023023,0.415720799338124,2018-02-04
"immune_prop",163,0.157672185321447,0.223819302465669,0.264425113463254,0.309242757612491,0.415834244838383,2018-02-11
"immune_prop",164,0.15773298333439,0.223896072700671,0.264515315775714,0.309355716582631,0.415952255304806,2018-02-18
"immune_prop",165,0.157792544092993,0.223961551895281,0.264605403368636,0.309464875885984,0.416095134204458,2018-02-25
"immune_prop",166,0.157860373887998,0.224036496506585,0.26468392438227,0.309582133668617,0.416228470138639,2018-03-04
"immune_prop",167,0.157929112337308,0.224139384656214,0.264765198792782,0.309701871860426,0.416363658473235,2018-03-11
"immune_prop",168,0.157996150621053,0.224222187838138,0.264835651100335,0.30981756003541,0.416497209569862,2018-03-18
"immune_prop",169,0.158066858176596,0.224294728141305,0.264909737808711,0.309944171629682,0.416607897382212,2018-03-25
"immune_prop",170,0.158129417028568,0.22440726926082,0.265006231805595,0.310060141408586,0.416762467697401,2018-04-01
"immune_prop",171,0.158201105424126,0.224509368262213,0.265099968805174,0.31017853481667,0.416897277723811,2018-04-08
"immune_prop",172,0.158257704237337,0.224595431272131,0.265196254741703,0.310284283440847,0.417033648480006,2018-04-15
"immune_prop",173,0.158299268236722,0.224658442279947,0.265281201364068,0.310375491389575,0.417128184986897,2018-04-22
"immune_prop",174,0.15832901066699,0.22471840368627,0.265343569545116,0.310448253865694,0.417213576323018,2018-04-29
"immune_prop",175,0.158352113904566,0.224764133488608,0.265392022776009,0.310511128187271,0.417282458567462,2018-05-06
"immune_prop",176,0.158373168425301,0.224815873509302,0.265442374353342,0.310577139086199,0.417349774720737,2018-05-13
"immune_prop",177,0.158391638118792,0.224864453721292,0.265494599521428,0.310631659861571,0.417403713057915,2018-05-20
"immune_prop",178,0.158412499824615,0.224905769491459,0.265544546089136,0.310689134848705,0.417461465224495,2018-05-27
"immune_prop",179,0.158431217061625,0.224944772365264,0.265586093088206,0.310741922604972,0.417516847824604,2018-06-03
"immune_prop",180,0.158447421506951,0.224987359520065,0.265630268828165,0.310792324885454,0.417576608044616,2018-06-10
"immune_prop",181,0.158460700326019,0.225023903023757,0.265675374967824,0.310843726366937,0.417638930142927,2018-06-17
"immune_prop",182,0.158471426719286,0.225060042495941,0.265714597901195,0.310888308388143,0.417708344930982,2018-06-24
"immune_prop",183,0.158483469764269,0.22509540627438,0.265752488319431,0.310921586144015,0.417767059342697,2018-07-01
"immune_prop",184,0.158494608075424,0.225132681384759,0.26578834204272,0.310956955760217,0.417822535381702,2018-07-08
"immune_prop",185,0.158506897766175,0.225166942357175,0.265823973972083,0.310992487342571,0.417866030462227,2018-07-15
"immune_prop",186,0.158519484777713,0.225200336925058,0.265856628017196,0.311026117909056,0.417908712615124,2018-07-22
"immune_prop",187,0.158529455016529,0.225226121847037,0.265888724468707,0.311059102528521,0.417952647694718,2018-07-29
"immune_prop",188,0.158539580286416,0.225248701889389,0.265914890238738,0.311085712584557,0.417982934824577,2018-08-05
"immune_prop",189,0.158549176516672,0.225270082414252,0.265942855187112,0.311115479519348,0.418010971109491,2018-08-12
"immune_prop",190,0.15855717233807,0.225291427598449,0.265966427534691,0.311141084510606,0.418034707359989,2018-08-19
"immune_prop",191,0.158564146748153,0.225314160493044,0.265987098546716,0.311163648875587,0.418058596707595,2018-08-26
"immune_prop",192,0.158571961788584,0.225337754307728,0.266005380459054,0.311186779877978,0.418079800448415,2018-09-02
"immune_prop",193,0.158578717703251,0.225355704960316,0.266022350882318,0.311209089649366,0.418099207613877,2018-09-09
"immune_prop",194,0.158585059979585,0.22537070438035,0.266035837768378,0.311229001782057,0.418115291419919,2018-09-16
"immune_prop",195,0.158590975947187,0.225381265333851,0.266048070555634,0.311250112207689,0.418130113847598,2018-09-23
"immune_prop",196,0.158596168893009,0.225391920634449,0.266059920282814,0.311269378775967,0.418145746081451,2018-09-30
"immune_prop",197,0.158601894024702,0.225402664896182,0.266071559047797,0.311287938932741,0.418162237139964,2018-10-07
"immune_prop",198,0.158606775922796,0.225412275684492,0.26608489410696,0.311307613059147,0.418175541743226,2018-10-14
"immune_prop",199,0.158612222291495,0.22542122514049,0.26609932367169,0.311323613857694,0.418187059367345,2018-10-21
"immune_prop",200,0.15861697904206,0.225432582167513,0.266116289610771,0.311342515776034,0.41820223370634,2018-10-28
"immune_prop",201,0.158621526282864,0.225442292336792,0.266132673496532,0.311357476021076,0.41821580832368,2018-11-04
"immune_prop",202,0.158628720631283,0.225452042516071,0.266147263609668,0.311371900544736,0.418231157721113,2018-11-11
"immune_prop",203,0.158636329558021,0.225464719508755,0.266161715926155,0.311387078580998,0.418246489594142,2018-11-18
"immune_prop",204,0.158643572126436,0.22547702018388,0.266175289351094,0.311400267593492,0.418261779664076,2018-11-25
"immune_prop",205,0.158649790095522,0.225487786442993,0.266189057855528,0.311413523160872,0.418277807481866,2018-12-02
"immune_prop",206,0.158655592130324,0.22549887611407,0.266201096034364,0.311427542113763,0.418290523220496,2018-12-09
"immune_prop",207,0.158660020687037,0.225508586076026,0.266213424976468,0.311440736079367,0.41830556250528,2018-12-16
"immune_prop",208,0.158664207430718,0.225516796907166,0.266225847922168,0.311450100433997,0.418318699393289,2018-12-23
"immune_prop",209,0.158667818172495,0.225524674464065,0.266238101445638,0.311457109640998,0.418336777539159,2018-12-30
"R0_t",1,0.768791029440696,1.10547674511491,1.33466663511612,1.59896341621276,2.25830940289556,2015-01-04
"R0_t",2,0.768791029440696,1.10547674511491,1.33466663511612,1.59896341621276,2.25830940289556,2015-01-11
"R0_t",3,0.768791029440696,1.10547674511491,1.33466663511612,1.59896341621276,2.25830940289556,2015-01-18
"R0_t",4,0.768791029440696,1.10547674511491,1.33466663511612,1.59896341621276,2.25830940289556,2015-01-25
"R0_t",5,0.768791029440696,1.10547674511491,1.33466663511612,1.59896341621276,2.25830940289556,2015-02-01
"R0_t",6,0.768791029440696,1.10547674511491,1.33466663511612,1.59896341621276,2.25830940289556,2015-02-08
"R0_t",7,0.768791029440696,1.10547674511491,1.33466663511612,1.59896341621276,2.25830940289556,2015-02-15
"R0_t",8,0.768791029440696,1.10547674511491,1.33466663511612,1.59896341621276,2.25830940289556,2015-02-22
"R0_t",9,0.768791029440696,1.10547674511491,1.33466663511612,1.59896341621276,2.25830940289556,2015-03-01
"R0_t",10,0.807145073857468,1.11628193682034,1.32078733119107,1.5795189424272,2.20946536662684,2015-03-08
"R0_t",11,0.793533119298116,1.08323893855595,1.27826685652735,1.50516423566188,2.0637458264206,2015-03-15
"R0_t",12,0.784567477596493,1.05866544103256,1.23154771185869,1.44028241617727,1.94256706899336,2015-03-22
"R0_t",13,0.784504472379592,1.03140114874246,1.18968817029452,1.37474640217456,1.80075196342964,2015-03-29
"R0_t",14,0.758179147532597,0.994923879332451,1.14469366378281,1.31136399402667,1.72293081845323,2015-04-05
"R0_t",15,0.720698765105288,0.951747697362497,1.08831572166537,1.24519940421502,1.62184007666146,2015-04-12
"R0_t",16,0.685509537651789,0.900529336350649,1.03111578222333,1.18866101208274,1.51885892262112,2015-04-19
"R0_t",17,0.634096716160397,0.835295616859605,0.959081397988661,1.09889488474428,1.42802126871533,2015-04-26
"R0_t",18,0.560546663948916,0.742175028185301,0.850267828944315,0.974353842883318,1.29370378050455,2015-05-03
"R0_t",19,0.512452857079478,0.68699684375948,0.789686903499075,0.912560085711908,1.19478856783474,2015-05-10
"R0_t",20,0.45737757511571,0.61077525426713,0.70196230958871,0.817978093996943,1.08254683042277,2015-05-17
"R0_t",21,0.418373902838036,0.563490640560845,0.657072343209435,0.763536182641871,1.00408069116786,2015-05-24
"R0_t",22,0.382583907431594,0.524151911032636,0.616148755654793,0.71498327206394,0.953114905920822,2015-05-31
"R0_t",23,0.348687222904289,0.488286159201029,0.575100526453342,0.671753182697855,0.894306132325101,2015-06-07
"R0_t",24,0.330624029440902,0.469810894406152,0.555760055284766,0.651916661776483,0.866546208840175,2015-06-14
"R0_t",25,0.321907270299845,0.450555519962774,0.533587591154693,0.625266383259607,0.840738084857079,2015-06-21
"R0_t",26,0.310639582370238,0.443449885829461,0.526111087384737,0.618468786874193,0.819936443353054,2015-06-28
"R0_t",27,0.302799975494494,0.444816066381394,0.527677741726148,0.621776594643995,0.831584571820642,2015-07-05
"R0_t",28,0.308269631124843,0.451093040890788,0.535539901962826,0.632110275412641,0.854940320377911,2015-07-12
"R0_t",29,0.317386081333707,0.462695670871962,0.552766184281431,0.654711362547481,0.876753034817046,2015-07-19
"R0_t",30,0.336225479156578,0.483780345668391,0.572993500128332,0.677157789021333,0.909382958846886,2015-07-26
"R0_t",31,0.355103598085724,0.50917772033431,0.605131163751733,0.710167166679779,0.950715658151624,2015-08-02
"R0_t",32,0.375827508196538,0.538923815297624,0.637308729418042,0.751137098502388,1.02617412663504,2015-08-09
"R0_t",33,0.402788249860108,0.570014751347278,0.677336210660542,0.797472156740279,1.06848024054612,2015-08-16
"R0_t",34,0.43443703254721,0.614462933965189,0.723708638547937,0.853216885971948,1.16208350070753,2015-08-23
"R0_t",35,0.470119315809406,0.657519293327535,0.781703285982565,0.927758378297549,1.24802960635163,2015-08-30
"R0_t",36,0.505810779358916,0.715817453103955,0.842908240488716,0.992282215512765,1.35463932308971,2015-09-06
"R0_t",37,0.567519120971694,0.771401728251408,0.909772868861855,1.08304137193259,1.46524655481178,2015-09-13
"R0_t",38,0.614938816105586,0.840382737045623,0.996036983678706,1.16676018035828,1.60729657858236,2015-09-20
"R0_t",39,0.673691761027807,0.919315191009268,1.0815965347002,1.26931673829849,1.72772711468038,2015-09-27
"R0_t",40,0.724381170484509,1.0025983069199,1.18392811309669,1.39656107636714,1.86958060507356,2015-10-04
"R0_t",41,0.799756195148824,1.09546316408742,1.28173974273094,1.51040802977074,2.08056668173802,2015-10-11
"R0_t",42,0.870678449323186,1.17957745809823,1.39533470898051,1.6417098596138,2.26337217471096,2015-10-18
"R0_t",43,0.943446552479786,1.28854042526502,1.51658429378125,1.78254105355115,2.46137764924426,2015-10-25
"R0_t",44,1.02614772726894,1.39647554527113,1.6326865446117,1.92464879876211,2.7191498112755,2015-11-01
"R0_t",45,1.10633172659185,1.51234560061106,1.76570014582008,2.07366964289503,2.88198346860151,2015-11-08
"R0_t",46,1.20748142037515,1.63092406925384,1.90853815230892,2.25772624695007,3.12762032564522,2015-11-15
"R0_t",47,1.31282634042921,1.74762813198197,2.04863770477494,2.39352707850459,3.24963483541233,2015-11-22
"R0_t",48,1.41461656479532,1.86069534378441,2.18124741811565,2.5350381873884,3.52581808805729,2015-11-29
"R0_t",49,1.46459525111955,1.93334628456203,2.22224614363621,2.57801710142211,3.59687243203754,2015-12-06
"R0_t",50,1.54589405474176,2.01589443689342,2.32128806955968,2.68487090808657,3.62981742980399,2015-12-13
"R0_t",51,1.50070181107502,1.96583084600941,2.25062052663062,2.60052465273068,3.49316861842486,2015-12-20
"R0_t",52,1.5292816013746,1.96171515620028,2.2574229266356,2.584929988871,3.38925859310417,2015-12-27
"R0_t",53,1.59843755560442,2.036404473773,2.31724648131598,2.65422300719538,3.38138761037958,2016-01-03
"R0_t",54,1.63989676954325,2.05983715456041,2.33270119695869,2.6403498518213,3.37223121217286,2016-01-10
"R0_t",55,1.58678495262958,1.96992484200383,2.22184945206067,2.49913062653824,3.09579694696612,2016-01-17
"R0_t",56,1.54526468659714,1.90536246051602,2.12451460094183,2.36537567812996,2.93607745205321,2016-01-24
"R0_t",57,1.69689077441663,2.04912424181125,2.26461515040055,2.51584915457972,3.0857095510729,2016-01-31
"R0_t",58,1.47602286627038,1.79416255486318,1.98733965141055,2.18884030918731,2.68087188765793,2016-02-07
"R0_t",59,1.64657931988551,1.95009001419231,2.13887809845694,2.34983506812032,2.80724013842797,2016-02-14
"R0_t",60,1.74607486572535,2.08784652764505,2.27919136167416,2.4838060131767,2.92648743429842,2016-02-21
"R0_t",61,2.1278937653207,2.49368728958953,2.72864864720447,2.96684956014999,3.46735838447582,2016-02-28
"R0_t",62,2.40315108476821,2.80564307562189,3.03364121474551,3.27894687782659,3.81257387878596,2016-03-06
"R0_t",63,2.13524626929642,2.45529528732236,2.64471597139069,2.84758168666899,3.27488817383264,2016-03-13
"R0_t",64,1.86920797020384,2.14258729982448,2.29201562512262,2.4676029125495,2.82856058136506,2016-03-20
"R0_t",65,1.79560081271355,2.03165954121473,2.17170169885639,2.33136633702247,2.65163758619204,2016-03-27
"R0_t",66,1.84211092564464,2.09539967261457,2.23597991795442,2.38831864814234,2.71375862022361,2016-04-03
"R0_t",67,1.85808769346971,2.11148702234416,2.26158541677216,2.42281937683708,2.76231428032599,2016-04-10
"R0_t",68,1.9089225229789,2.14895155157634,2.28689872135986,2.43223788056362,2.75381882165812,2016-04-17
"R0_t",69,1.94477075574726,2.21271484641607,2.35742684587272,2.5127930551948,2.85264988616075,2016-04-24
"R0_t",70,1.92831848265049,2.16615283804064,2.30573591642383,2.46155304452778,2.79323122706504,2016-05-01
"R0_t",71,1.69313995686218,1.91332530318715,2.03643455794974,2.16567261345144,2.43764412196004,2016-05-08
"R0_t",72,1.28346421070104,1.4598627129287,1.55037406395301,1.65376205981413,1.87770618857855,2016-05-15
"R0_t",73,1.06780578745716,1.20448281789914,1.28192069805507,1.37136300616689,1.5545788879264,2016-05-22
"R0_t",74,0.971401545943526,1.09743494642808,1.16809514847341,1.243024880837,1.39946606541272,2016-05-29
"R0_t",75,0.847394445947672,0.959627596312467,1.01833894077775,1.08431411841732,1.22791535360098,2016-06-05
"R0_t",76,0.755262674325887,0.853878242173068,0.91147303229837,0.969162865337977,1.09358349025776,2016-06-12
"R0_t",77,0.659285504095831,0.750365846778334,0.799981225867519,0.851921453546892,0.964532245313898,2016-06-19
"R0_t",78,0.64958125632585,0.733745016469369,0.783675613907917,0.836475930993012,0.947958304931294,2016-06-26
"R0_t",79,0.640529942048664,0.720453202243336,0.769261371075191,0.82145859263834,0.932280628635203,2016-07-03
"R0_t",80,0.660571199960728,0.744258200262338,0.793913810320257,0.845752036508888,0.954668683372783,2016-07-10
"R0_t",81,0.615143724503797,0.69519368967332,0.741462312386878,0.792535469731214,0.898615396899026,2016-07-17
"R0_t",82,0.591277305607677,0.672568689851773,0.716826820484678,0.76680685330169,0.865325205730409,2016-07-24
"R0_t",83,0.568565009049223,0.64975369659396,0.69656091591975,0.745068659671691,0.845594457866342,2016-07-31
"R0_t",84,0.553063413917335,0.627234803699365,0.667103278555512,0.71014474405849,0.802254542913498,2016-08-07
"R0_t",85,0.556913784536206,0.636257863553655,0.678822411681195,0.724332714847441,0.823543825123462,2016-08-14
"R0_t",86,0.562939576273628,0.636817048178799,0.680447383633269,0.726263245167684,0.825561693257064,2016-08-21
"R0_t",87,0.54940683431697,0.62716000550908,0.670567329573328,0.717110800264777,0.81764425988079,2016-08-28
"R0_t",88,0.529011691146679,0.598171318490461,0.643330758159381,0.688151144210662,0.778615492224345,2016-09-04
"R0_t",89,0.572403018673745,0.651056772649946,0.694886641588992,0.743649053505851,0.84853586156137,2016-09-11
"R0_t",90,0.577254216227866,0.656841791256201,0.702897690523892,0.75238668352994,0.855467048436985,2016-09-18
"R0_t",91,0.637274283611623,0.726582489157491,0.774463259109322,0.829638879174955,0.949934839212803,2016-09-25
"R0_t",92,0.699875406945585,0.801781545165043,0.856260580259465,0.915144843418351,1.05733300451676,2016-10-02
"R0_t",93,0.783541639456703,0.893357459413255,0.953579348020048,1.01816905967193,1.16855107260355,2016-10-09
"R0_t",94,0.894153177713979,1.01461937440002,1.08670279363578,1.16086249705555,1.3260038912484,2016-10-16
"R0_t",95,0.895785877894469,1.02879247549737,1.10268938998502,1.18414439634907,1.3559321771871,2016-10-23
"R0_t",96,1.0391109437445,1.19194745425719,1.2711977959577,1.35555211983806,1.55160974557758,2016-10-30
"R0_t",97,1.15873250221012,1.32534227621476,1.42053332998123,1.51871891642976,1.7352290916399,2016-11-06
"R0_t",98,1.27215819500251,1.44155101150654,1.54528521295838,1.65179224945229,1.89445652235951,2016-11-13
"R0_t",99,1.21195366237113,1.3877875765306,1.4867848866191,1.59159406439589,1.8118301143724,2016-11-20
"R0_t",100,0.802985082070316,0.918507088978497,0.982611564463824,1.04931959760197,1.18868775817218,2016-11-27
"R0_t",101,0.578108992346895,0.664466111391551,0.71320065070627,0.766238198674548,0.888577616516324,2016-12-04
"R0_t",102,0.500190443412271,0.577693078429701,0.623688865549546,0.67421823958214,0.775396028343329,2016-12-11
"R0_t",103,0.502531838101298,0.584345967528318,0.630412086442546,0.681402700122165,0.79130972890586,2016-12-18
"R0_t",104,0.557871649726936,0.646750365043576,0.703540888032403,0.759559733290062,0.880409967276343,2016-12-25
"R0_t",105,0.97187453421534,1.11384623671985,1.19472552078722,1.28085165025902,1.46916464294568,2017-01-01
"R0_t",106,1.2443277520211,1.4428340742654,1.54862176167024,1.66393450414118,1.90336257606357,2017-01-08
"R0_t",107,1.43955299726286,1.63467325372226,1.75252626255283,1.87707518721068,2.13281406281407,2017-01-15
"R0_t",108,1.40727238881054,1.59717984908313,1.70770911410514,1.82724999939078,2.06525938860616,2017-01-22
"R0_t",109,1.41442510159373,1.60105426425115,1.70695365633156,1.82225056604237,2.07351583676807,2017-01-29
"R0_t",110,1.45126999922795,1.65282585074302,1.76498975148048,1.87617342751162,2.1235376853121,2017-02-05
"R0_t",111,1.48719405386257,1.68286149938865,1.79016993776245,1.91894627048029,2.18959017149601,2017-02-12
"R0_t",112,1.62341004120345,1.83609353177646,1.96351619484328,2.09340418002758,2.37923774275488,2017-02-19
"R0_t",113,1.91973917065667,2.17315136160209,2.32571056686293,2.48229486862917,2.80611672055125,2017-02-26
"R0_t",114,2.12489373298853,2.37614001858084,2.52792892710701,2.68948995583955,3.04677468769652,2017-03-05
"R0_t",115,2.20524125399518,2.47821863657397,2.63319741814032,2.81011585940111,3.17784267786748,2017-03-12
"R0_t",116,2.02718638068875,2.3105720096813,2.46386396504112,2.62513633496333,2.98329145360138,2017-03-19
"R0_t",117,2.05727049328145,2.3312798905916,2.48183873847889,2.64726138356375,2.97712047419258,2017-03-26
"R0_t",118,1.82479398766576,2.05682091690586,2.20271152923516,2.35027423359424,2.67132334849113,2017-04-02
"R0_t",119,1.5872551889815,1.80353664942401,1.92142792642215,2.04441181186198,2.33212484416489,2017-04-09
"R0_t",120,1.41351057352861,1.60555759836198,1.71475776923619,1.83308637686802,2.09107653677606,2017-04-16
"R0_t",121,1.15060095717725,1.31948796156707,1.41372504277166,1.52029178726758,1.75886524579129,2017-04-23
"R0_t",122,1.09377480928437,1.24768293807786,1.34282082326794,1.44535209958835,1.66004420434839,2017-04-30
"R0_t",123,0.937415203828064,1.07884191316364,1.16155594707498,1.24847431720722,1.44716001328908,2017-05-07
"R0_t",124,0.825029303127221,0.948976941957504,1.01948151648221,1.10091531435176,1.28853132289567,2017-05-14
"R0_t",125,0.655883454697728,0.760335468027878,0.820794234098222,0.89181958228485,1.04989833656413,2017-05-21
"R0_t",126,0.583012333577445,0.679966824844916,0.735215200901868,0.80128916063009,0.949154255011846,2017-05-28
"R0_t",127,0.527587344788489,0.611781362276875,0.661914555224866,0.721893555817315,0.864422407907605,2017-06-04
"R0_t",128,0.477504943247467,0.55504970175464,0.60296785046746,0.659879513900944,0.78433716575066,2017-06-11
"R0_t",129,0.486006213251078,0.567567803303273,0.617480766150961,0.675750777290346,0.812894466245272,2017-06-18
"R0_t",130,0.511065456782728,0.596853498468026,0.650373405068304,0.710478754425614,0.846389807850205,2017-06-25
"R0_t",131,0.563372569995318,0.654441443917982,0.713684363180424,0.780160824449802,0.9337911333857,2017-07-02
"R0_t",132,0.565349910703202,0.658564461338554,0.713537813505498,0.783143976904191,0.945635002672861,2017-07-09
"R0_t",133,0.589702023783263,0.684249090020464,0.746724473478263,0.816996729986267,0.997699981399733,2017-07-16
"R0_t",134,0.593417521216298,0.689890051414556,0.751311263786938,0.822873999092133,1.00358029859041,2017-07-23
"R0_t",135,0.605861106139947,0.703464247198996,0.768498868263079,0.840715726815119,1.00912783728903,2017-07-30
"R0_t",136,0.556488940797695,0.653626310473724,0.711822909457756,0.780487136062097,0.936585105356311,2017-08-06
"R0_t",137,0.539888237189553,0.632853969133049,0.689508198326943,0.753982780662245,0.906245827487285,2017-08-13
"R0_t",138,0.497062918043519,0.584783498543122,0.638143756313038,0.700992530631177,0.860560380278096,2017-08-20
"R0_t",139,0.466363551945147,0.553224534166986,0.607606729171797,0.666309190346648,0.801118236733649,2017-08-27
"R0_t",140,0.510299226651929,0.608703708712078,0.664870065754681,0.733977188187022,0.890382157856037,2017-09-03
"R0_t",141,0.589573741192666,0.696544608102485,0.763476261964588,0.842166204833217,1.02360043033278,2017-09-10
"R0_t",142,0.639594182572941,0.758060361301476,0.831936067475832,0.914720215494585,1.11715540876377,2017-09-17
"R0_t",143,0.687475302890618,0.813897807353749,0.893479464266567,0.987538675076042,1.19733084750493,2017-09-24
"R0_t",144,0.739442545683137,0.879689952492661,0.964411613538962,1.06482233656376,1.29307019555795,2017-10-01
"R0_t",145,0.682957786094194,0.818775247776139,0.90215542162957,1.00396238905859,1.22794270011598,2017-10-08
"R0_t",146,0.747421862078216,0.892742429427463,0.981379925143345,1.08391429402171,1.32418675054771,2017-10-15
"R0_t",147,0.825977705559844,0.990238446623125,1.08857000139876,1.20837681628499,1.48572548449723,2017-10-22
"R0_t",148,0.980199132036743,1.17070817443446,1.29323593096447,1.43092808825038,1.75784555183823,2017-10-29
"R0_t",149,1.01793760565916,1.20768932401292,1.32772292860565,1.46817253942677,1.81172284051379,2017-11-05
"R0_t",150,0.904321449861606,1.07759364434251,1.18542324953009,1.31757098659323,1.62191356929697,2017-11-12
"R0_t",151,0.805824745127292,0.968492498190672,1.06527196235908,1.18563708965013,1.44383455843646,2017-11-19
"R0_t",152,0.832990813597227,0.995504693318747,1.09409920680803,1.21101284905407,1.50031450427116,2017-11-26
"R0_t",153,0.887830937869833,1.04684181508751,1.15181582944785,1.27499178008059,1.58629577905305,2017-12-03
"R0_t",154,0.885401684817667,1.06069526087304,1.16187844214527,1.29397482922028,1.59216526165749,2017-12-10
"R0_t",155,0.791912168848108,0.963429111393821,1.06678467886421,1.18702256863598,1.46699299169583,2017-12-17
"R0_t",156,0.81876991831356,0.992199085397411,1.0990473092593,1.22201530931117,1.50323696365593,2017-12-24
"R0_t",157,1.02127156017015,1.22625484100408,1.3535000910893,1.49728904581168,1.82765244995291,2017-12-31
"R0_t",158,1.1861145718411,1.41151140813706,1.55896136727094,1.73039657864979,2.14721471343456,2018-01-07
"R0_t",159,1.26663628356723,1.51743669375782,1.66655422605249,1.85287058721624,2.26427033307788,2018-01-14
"R0_t",160,1.23992581875185,1.4766742679453,1.61972970848962,1.79213448654943,2.19339036419182,2018-01-21
"R0_t",161,1.17937318407884,1.41446459862736,1.56094290848629,1.71281896234564,2.12026913380921,2018-01-28
"R0_t",162,1.14561903941772,1.37043608152695,1.50272835472243,1.65665457878781,2.07907827438439,2018-02-04
"R0_t",163,1.1565026705954,1.3825044755074,1.51692121892417,1.67918488759537,2.05901103885537,2018-02-11
"R0_t",164,1.21620788335512,1.44831475806764,1.59354796470208,1.77079154582225,2.15047465461048,2018-02-18
"R0_t",165,1.33188404748294,1.57829212886086,1.73691516476146,1.91115704766147,2.30844748079156,2018-02-25
"R0_t",166,1.18068235326061,1.39644350542519,1.53460321402451,1.69395631660268,2.09840247153305,2018-03-04
"R0_t",167,1.13065355583709,1.36054391560164,1.49487304061226,1.64096560335995,2.03553626916973,2018-03-11
"R0_t",168,1.00946217888377,1.19787578780994,1.32165191374644,1.46305288819242,1.79742761787569,2018-03-18
"R0_t",169,0.974447528618019,1.17213800360158,1.29471556155521,1.43066067205417,1.76220123395682,2018-03-25
"R0_t",170,1.11717275284122,1.33083140282848,1.46666476618072,1.61454203359795,1.99109650099878,2018-04-01
"R0_t",171,1.09623215933209,1.31146503776179,1.43972065475991,1.58971835265922,1.97653530834027,2018-04-08
"R0_t",172,0.957591622172934,1.14224369399538,1.25329089807084,1.37914286074298,1.70407770792463,2018-04-15
"R0_t",173,0.743167368722602,0.885462034099666,0.980833990973474,1.0830217471569,1.34540423190265,2018-04-22
"R0_t",174,0.679986491420735,0.823639451864248,0.913041168646614,1.01174075250879,1.23960666329216,2018-04-29
"R0_t",175,0.663056715440416,0.802470318564142,0.89254414784547,0.993478239949208,1.23589729324204,2018-05-06
"R0_t",176,0.762049681442845,0.911208060704794,1.0062445514977,1.11664425937378,1.38639366777632,2018-05-13
"R0_t",177,0.821557732534965,0.98540966015621,1.08877668060173,1.20984933772614,1.48687445315836,2018-05-20
"R0_t",178,0.84216521336951,1.01010287914432,1.11433391562204,1.23690187103222,1.5552584338113,2018-05-27
"R0_t",179,0.840337997737209,1.02518841604124,1.13185418725943,1.26065979508086,1.56086520450232,2018-06-03
"R0_t",180,0.898638974368927,1.0836349830564,1.20006817981795,1.33298655581757,1.66297282053949,2018-06-10
"R0_t",181,0.930885474728179,1.12961969580216,1.24828821752267,1.38796941294874,1.7021651773983,2018-06-17
"R0_t",182,0.84770380004888,1.02665486675533,1.13902672858309,1.26940110275652,1.58867313169644,2018-06-24
"R0_t",183,0.943436373641417,1.13689260451971,1.26200681817854,1.40325291950538,1.740165182145,2018-07-01
"R0_t",184,0.952384762874188,1.14656353629109,1.2721937774108,1.41551501169645,1.76862459714424,2018-07-08
"R0_t",185,0.915368907187541,1.10911757217539,1.23040556106138,1.37260652422175,1.70871349664768,2018-07-15
"R0_t",186,0.865892644421494,1.05364465531551,1.16417855900487,1.29866834067628,1.62409239284995,2018-07-22
"R0_t",187,0.800550003891324,0.973891096299707,1.08338488359322,1.21584266019068,1.50332153418357,2018-07-29
"R0_t",188,0.81878332288198,1.00936492100529,1.12528706864133,1.25686144300657,1.54349763311501,2018-08-05
"R0_t",189,0.83357123839074,1.02034042070758,1.14040975277579,1.27773543962506,1.60542442311415,2018-08-12
"R0_t",190,0.817336498441811,1.00640695962525,1.12174707770524,1.25964158298014,1.58305958001496,2018-08-19
"R0_t",191,0.794356323914972,0.978168279049619,1.09391493982483,1.22320913310926,1.54121008971773,2018-08-26
"R0_t",192,0.785562446189999,0.972053741687687,1.08860602646401,1.21476908049396,1.52306558545308,2018-09-02
"R0_t",193,0.769249815353344,0.947243550123248,1.06129897795075,1.18867021178945,1.50609104317272,2018-09-09
"R0_t",194,0.784444078842515,0.962369871560174,1.07582210334065,1.20303084763489,1.50914186316192,2018-09-16
"R0_t",195,0.784253597963315,0.971164778912867,1.08692490482027,1.22480069620636,1.53965267001909,2018-09-23
"R0_t",196,0.838933805681289,1.03649571876494,1.15912641583709,1.30896077098456,1.6594961594311,2018-09-30
"R0_t",197,0.913821418999478,1.12744396143578,1.2681005597869,1.42357589276184,1.79771316566343,2018-10-07
"R0_t",198,1.02792148442081,1.26056079605856,1.40388129437466,1.57432780233225,1.97914125511564,2018-10-14
"R0_t",199,0.987491581386175,1.22122081170883,1.37650940188044,1.54546677860845,1.94722254536325,2018-10-21
"R0_t",200,1.01439009350471,1.25163548828061,1.3995766750265,1.57582551061075,1.97594003416398,2018-10-28
"R0_t",201,1.0111279392597,1.23897403961016,1.39454674122771,1.56450342423941,1.9820841733298,2018-11-04
"R0_t",202,0.988437274863792,1.22138624374081,1.36843151562027,1.54901613194713,1.967763092835,2018-11-11
"R0_t",203,0.975417247767929,1.21474969843011,1.36855799329578,1.54400409266704,1.95030037132623,2018-11-18
"R0_t",204,0.938109089938728,1.15334900003481,1.29412399195295,1.45308612503609,1.83502512046828,2018-11-25
"R0_t",205,0.884213071274066,1.09024485032861,1.22851270796565,1.38012335982911,1.75068792303951,2018-12-02
"R0_t",206,0.820268904961249,1.04134471425275,1.1731272095496,1.32517210731458,1.67440662045627,2018-12-09
"R0_t",207,0.807701364879796,1.03318429475291,1.17240878551378,1.3355560161026,1.70849769002132,2018-12-16
"R0_t",208,0.792426989820682,1.04363386209156,1.20086818970469,1.38448783333833,1.8050803724723,2018-12-23
"R0_t",209,0.818305971149507,1.10304103047706,1.29138469470416,1.51507655921664,2.03752342618043,2018-12-30
"R_eff_t",1,0.768791029440696,1.10547674511491,1.33466663511612,1.59896341621276,2.25830940289556,2015-01-04
"R_eff_t",2,0.768791029440696,1.10547674511491,1.33466663511612,1.59896341621276,2.25830940289556,2015-01-11
"R_eff_t",3,0.768791029440696,1.10547674511491,1.33466663511612,1.59896341621276,2.25830940289556,2015-01-18
"R_eff_t",4,0.768791029440696,1.10547674511491,1.33466663511612,1.59896341621276,2.25830940289556,2015-01-25
"R_eff_t",5,0.768791029440696,1.10547674511491,1.33466663511612,1.59896341621276,2.25830940289556,2015-02-01
"R_eff_t",6,0.768791029440696,1.10547674511491,1.33466663511612,1.59896341621276,2.25830940289556,2015-02-08
"R_eff_t",7,0.768791029440696,1.10547674511491,1.33466663511612,1.59896341621276,2.25830940289556,2015-02-15
"R_eff_t",8,0.768791029440696,1.10547674511491,1.33466663511612,1.59896341621276,2.25830940289556,2015-02-22
"R_eff_t",9,0.76878054244225,1.10545743631393,1.33465232356353,1.59894314700219,2.25829582979862,2015-03-01
"R_eff_t",10,0.807132972191659,1.1162676183318,1.32077239217517,1.57949775543256,2.20944958168434,2015-03-08
"R_eff_t",11,0.793518003029957,1.08322016102078,1.27824876536402,1.50514562190347,2.06372152245032,2015-03-15
"R_eff_t",12,0.784558300386029,1.05864833060759,1.23152049055713,1.44026437275724,1.94255270443036,2015-03-22
"R_eff_t",13,0.784485284443383,1.03138330888931,1.18966584877488,1.3747189923023,1.80067147051144,2015-03-29
"R_eff_t",14,0.758154725259574,0.994893883333602,1.14466299138574,1.31133384515527,1.72290388034996,2015-04-05
"R_eff_t",15,0.720660248834213,0.951724166420586,1.08827897866895,1.24517061212874,1.62180196126513,2015-04-12
"R_eff_t",16,0.685492497926433,0.900509175417693,1.03108727219062,1.18863045666798,1.51880101602576,2015-04-19
"R_eff_t",17,0.634048428375856,0.835269519781714,0.959043830590919,1.09884731701311,1.42796679270335,2015-04-26
"R_eff_t",18,0.560520519488898,0.742146008347447,0.850217626474245,0.974306953255353,1.29363758388759,2015-05-03
"R_eff_t",19,0.512428749371814,0.686963714918255,0.789658990475115,0.912530375668693,1.19476796601449,2015-05-10
"R_eff_t",20,0.457343465682858,0.610736976340487,0.701927665963177,0.817940007348486,1.08247995084933,2015-05-17
"R_eff_t",21,0.418354292685587,0.563459073315821,0.657042021171476,0.7635027904431,1.004046629544,2015-05-24
"R_eff_t",22,0.382569768917206,0.524119098953763,0.616114207923914,0.714946662928025,0.953076904610698,2015-05-31
"R_eff_t",23,0.348665432759053,0.488254124126437,0.575071145299992,0.671728993882395,0.89426925624117,2015-06-07
"R_eff_t",24,0.330602334304695,0.469769762943628,0.555730519435528,0.651855205312298,0.866476550899517,2015-06-14
"R_eff_t",25,0.321894994020582,0.450533114471979,0.533548857274265,0.625235175213807,0.840694426509238,2015-06-21
"R_eff_t",26,0.31061944661171,0.443429580305845,0.526087269940047,0.618439780124864,0.819904117288479,2015-06-28
"R_eff_t",27,0.302778503596106,0.444789829287074,0.527643894619427,0.621731959391868,0.831566608652948,2015-07-05
"R_eff_t",28,0.308256119333681,0.451055993331776,0.535521632300405,0.632075664110404,0.854907116769113,2015-07-12
"R_eff_t",29,0.317368715390813,0.462668683939155,0.552743253311577,0.654694801148902,0.87670508580506,2015-07-19
"R_eff_t",30,0.336202873567569,0.483755593212384,0.572957238747142,0.677124813713369,0.909317148519747,2015-07-26
"R_eff_t",31,0.355090868688381,0.509153375834088,0.605093899675187,0.710124019990569,0.950633548129172,2015-08-02
"R_eff_t",32,0.375785321143681,0.538900024728675,0.637279494933054,0.751084038548002,1.02609907180641,2015-08-09
"R_eff_t",33,0.402763678099666,0.569989675813852,0.677287320378498,0.797425146112567,1.06841322171323,2015-08-16
"R_eff_t",34,0.434419203581922,0.614439161641404,0.723664386602053,0.853165691681411,1.16203570832244,2015-08-23
"R_eff_t",35,0.470087121377835,0.657491027678601,0.781659581854838,0.927721037039186,1.24796875279158,2015-08-30
"R_eff_t",36,0.505785019638528,0.715746015352856,0.842848112261995,0.992221739123087,1.3545960266907,2015-09-06
"R_eff_t",37,0.567488850089769,0.771349022828131,0.909741339937921,1.08299459647238,1.46520334416068,2015-09-13
"R_eff_t",38,0.614885417230862,0.840338038053007,0.995980256936594,1.1667123129861,1.60722422901621,2015-09-20
"R_eff_t",39,0.673642651546192,0.919259762546672,1.08152806009258,1.26923846939074,1.72763294211684,2015-09-27
"R_eff_t",40,0.724286796821112,1.0025491461782,1.18385700565706,1.39648292393807,1.86950467342134,2015-10-04
"R_eff_t",41,0.799713921209553,1.09541017081941,1.28166675302975,1.51034260391922,2.08046738434089,2015-10-11
"R_eff_t",42,0.870636300036169,1.17948467969145,1.39525432016825,1.64162588108646,2.26321459381893,2015-10-18
"R_eff_t",43,0.943384798781026,1.2884519229292,1.51648951337665,1.78236795299718,2.46128706035144,2015-10-25
"R_eff_t",44,1.02609519732758,1.39636617373976,1.63257322455545,1.9245213458528,2.71903255284398,2015-11-01
"R_eff_t",45,1.10628507286724,1.51227278386959,1.76562344204849,2.07354561816405,2.88182001911238,2015-11-08
"R_eff_t",46,1.20742483445924,1.63085728620002,1.90844055299289,2.25759393239384,3.12745768068697,2015-11-15
"R_eff_t",47,1.31274339123518,1.74755278577366,2.04850733761846,2.39338306829219,3.24942420046327,2015-11-22
"R_eff_t",48,1.41453236178571,1.86053046522086,2.18109488728305,2.53484982734704,3.52565350365048,2015-11-29
"R_eff_t",49,1.46450916906563,1.93322685725997,2.22207183543354,2.5778616930304,3.59672854863924,2015-12-06
"R_eff_t",50,1.54581625563171,2.01563349144988,2.32114789530363,2.68462411350681,3.62964362618066,2015-12-13
"R_eff_t",51,1.50054336777674,1.96572336897883,2.25046234136638,2.60040510189002,3.49299646220323,2015-12-20
"R_eff_t",52,1.52915072648265,1.96158502230109,2.2572251456839,2.58476246734083,3.38900787882141,2015-12-27
"R_eff_t",53,1.59826235272015,2.03624991903358,2.31700660729512,2.65403673447046,3.38117515390171,2016-01-03
"R_eff_t",54,1.63977823455366,2.05970526222097,2.33244710302944,2.64009974706486,3.37194062945296,2016-01-10
"R_eff_t",55,1.58660286611543,1.96978708393701,2.22153322268749,2.49885458301553,3.09563542940924,2016-01-17
"R_eff_t",56,1.54513766912705,1.90512620210647,2.12431790803016,2.36514771783301,2.93574619600521,2016-01-24
"R_eff_t",57,1.69665606278926,2.0489006349153,2.26428765767181,2.51555451238109,3.08550908423405,2016-01-31
"R_eff_t",58,1.4757729754412,1.79381042092477,1.98707884272413,2.18853234715424,2.68048774728945,2016-02-07
"R_eff_t",59,1.64629695036792,1.94974480984772,2.13846986879494,2.34945900620927,2.80691732649201,2016-02-14
"R_eff_t",60,1.74573822548349,2.08738436329022,2.27863756645898,2.48327015307266,2.92552175528466,2016-02-21
"R_eff_t",61,2.1273421031919,2.49286987010983,2.72777054424039,2.96607925105935,3.46654706134607,2016-02-28
"R_eff_t",62,2.40194723138343,2.80430108378807,3.03222152433903,3.2776734500871,3.81094340851369,2016-03-06
"R_eff_t",63,2.13317838623033,2.45355298194109,2.64299872457785,2.84629426593855,3.27291791665792,2016-03-13
"R_eff_t",64,1.86745238262162,2.14069892393491,2.28963955730137,2.46580401723656,2.82628279759916,2016-03-20
"R_eff_t",65,1.79350867499009,2.02928043369618,2.16890496596586,2.32783520331379,2.64684237345562,2016-03-27
"R_eff_t",66,1.83847467243803,2.09116889847968,2.23151057191388,2.38401047123772,2.70836458204864,2016-04-03
"R_eff_t",67,1.8520172434393,2.10554589129326,2.25539590307672,2.4162850073464,2.75428435821138,2016-04-10
"R_eff_t",68,1.89984425144249,2.14022895146924,2.27812006352306,2.42339896446694,2.74519464672918,2016-04-17
"R_eff_t",69,1.93508074044772,2.20030910214777,2.34466828940167,2.49943506130047,2.84027159666174,2016-04-24
"R_eff_t",70,1.91433760514922,2.1496053682827,2.2888261465476,2.44270167423839,2.77315252217179,2016-05-01
"R_eff_t",71,1.67545915404128,1.89203941789157,2.01359704347425,2.14034055690711,2.41210829540742,2016-05-08
"R_eff_t",72,1.26413994000052,1.43806572387859,1.52688051458449,1.62819482932264,1.85115101949035,2016-05-15
"R_eff_t",73,1.04425958082153,1.18145398901219,1.25738541726539,1.34487280260748,1.52834476638952,2016-05-22
"R_eff_t",74,0.946262709831264,1.07103898531018,1.13851262023242,1.21403008147089,1.36448935471306,2016-05-29
"R_eff_t",75,0.822551263816995,0.931005492811131,0.988289313850952,1.05339597151574,1.19417140391564,2016-06-05
"R_eff_t",76,0.729817522161668,0.824596640018192,0.880065045347327,0.936380967919428,1.05697658377692,2016-06-12
"R_eff_t",77,0.634732929664902,0.721468363357548,0.769112120052736,0.820878710372378,0.928950945630678,2016-06-19
"R_eff_t",78,0.62242024691644,0.702987121630014,0.751983204744895,0.801461794765334,0.905139152274518,2016-06-26
"R_eff_t",79,0.611358261904269,0.688865234349977,0.734212426022229,0.784648746860094,0.888992369117527,2016-07-03
"R_eff_t",80,0.628561869776276,0.708888977968523,0.755937697095052,0.804516661332497,0.909397380690691,2016-07-10
"R_eff_t",81,0.586462125960849,0.66130746847819,0.704273212368148,0.753099924911457,0.851682914820468,2016-07-17
"R_eff_t",82,0.562772921354466,0.637779025004319,0.680027882296756,0.726449130333128,0.818326724027066,2016-07-24
"R_eff_t",83,0.539701455284835,0.615494938064758,0.658873148119779,0.703573891729565,0.798994086277385,2016-07-31
"R_eff_t",84,0.523326018823017,0.592074317611451,0.629630114996836,0.67003115967308,0.75923065255287,2016-08-07
"R_eff_t",85,0.527373935041361,0.600958672434444,0.641145566951739,0.683616680336318,0.773674622842319,2016-08-14
"R_eff_t",86,0.530963211601934,0.60093832123393,0.641293999598321,0.684396196714498,0.775449286931926,2016-08-21
"R_eff_t",87,0.518127824933103,0.591088519464333,0.6321144811862,0.67422332549555,0.76789020801601,2016-08-28
"R_eff_t",88,0.497955091809552,0.562900162262843,0.605500760768558,0.646572295631822,0.733794295462126,2016-09-04
"R_eff_t",89,0.538396124025147,0.611527266898555,0.652725428390208,0.699577142802045,0.794349624442543,2016-09-11
"R_eff_t",90,0.543233158526102,0.617384561378334,0.660715424413413,0.707159752189697,0.801830998213462,2016-09-18
"R_eff_t",91,0.60061807841052,0.681727634243061,0.728269463966687,0.778177414127455,0.890623054104622,2016-09-25
"R_eff_t",92,0.660186036126154,0.752941665560817,0.804134419277661,0.859406515729454,0.989592757649691,2016-10-02
"R_eff_t",93,0.734583186626065,0.838273731747101,0.894252551336407,0.955390665317846,1.09677421974509,2016-10-09
"R_eff_t",94,0.839705339391446,0.953040524111238,1.02002074683261,1.08774246561674,1.24150098541573,2016-10-16
"R_eff_t",95,0.843061123544351,0.966294806864903,1.03370216902609,1.11011729528533,1.26892138168498,2016-10-23
"R_eff_t",96,0.976449265271052,1.11718281700164,1.19150395784758,1.2694709804058,1.45480486221509,2016-10-30
"R_eff_t",97,1.09306469463231,1.24225085072784,1.33034277123497,1.42035914773264,1.61880691184034,2016-11-06
"R_eff_t",98,1.19390895318313,1.35044140784597,1.44708748366055,1.5454675209723,1.7688521246217,2016-11-13
"R_eff_t",99,1.13483669961608,1.2963186698589,1.39082878323626,1.48761909206706,1.69397678793324,2016-11-20
"R_eff_t",100,0.75366721170407,0.858577571859033,0.918765001033113,0.979563925039107,1.11059439586275,2016-11-27
"R_eff_t",101,0.540984701204104,0.620732145028147,0.665377358016808,0.715388464950947,0.822741763136707,2016-12-04
"R_eff_t",102,0.469313913192631,0.539713158341306,0.582482873111709,0.628242716657879,0.720756756771622,2016-12-11
"R_eff_t",103,0.470324202174168,0.545672829189849,0.588464873515303,0.6360994811608,0.738630049315859,2016-12-18
"R_eff_t",104,0.519233188510023,0.604364945890722,0.655090982267073,0.707957362660331,0.821669740204285,2016-12-25
"R_eff_t",105,0.907176691512078,1.03940104329786,1.11537407066762,1.1935254145691,1.3692172033424,2017-01-01
"R_eff_t",106,1.16562884616546,1.34577039841062,1.44358237953177,1.551750977477,1.77147170449631,2017-01-08
"R_eff_t",107,1.33771083609586,1.52384284529488,1.63358653829163,1.74848006623717,1.97729731175228,2017-01-15
"R_eff_t",108,1.3117876248914,1.48749090788038,1.58998397022243,1.69804130622287,1.91831176180238,2017-01-22
"R_eff_t",109,1.3212318152848,1.49162022662701,1.58871374875577,1.69309880169492,1.92820640767079,2017-01-29
"R_eff_t",110,1.35881541945599,1.53933528359403,1.63856209312176,1.73940298184559,1.96830229138691,2017-02-05
"R_eff_t",111,1.38631469701446,1.56307949044625,1.6626553967574,1.77829359220503,2.0277310156719,2017-02-12
"R_eff_t",112,1.5068950707412,1.70497959958788,1.81761544194943,1.94307849588665,2.19480789975956,2017-02-19
"R_eff_t",113,1.78047102626139,2.01503594394106,2.15179077759716,2.29583295501634,2.57091317005004,2017-02-26
"R_eff_t",114,1.96689764257527,2.19523910965755,2.33499645481461,2.4776675417999,2.80501228682817,2017-03-05
"R_eff_t",115,2.03555580563494,2.28298299647113,2.42078211016093,2.57712591476328,2.90047818112914,2017-03-12
"R_eff_t",116,1.863526918874,2.11331086591353,2.24745388398085,2.39551216068882,2.70112751588632,2017-03-19
"R_eff_t",117,1.87329588918543,2.10885828911314,2.24466574059405,2.39254070535102,2.68035389012917,2017-03-26
"R_eff_t",118,1.63913642062404,1.84485235037984,1.96631897973103,2.09241035224426,2.35401984388503,2017-04-02
"R_eff_t",119,1.41092776674911,1.58990957656391,1.68838241152025,1.7916264116658,2.03179050610513,2017-04-09
"R_eff_t",120,1.23514385508812,1.38832334478516,1.48132016944844,1.57845127836797,1.77425697799503,2017-04-16
"R_eff_t",121,0.983830517317656,1.1213387827882,1.19624744014836,1.2759275652539,1.45112636006185,2017-04-23
"R_eff_t",122,0.928130284429601,1.04197002725245,1.10782726897606,1.18270316595314,1.34164971211058,2017-04-30
"R_eff_t",123,0.776128843750054,0.879279548967164,0.937656357870747,1.00169274721346,1.1338081302044,2017-05-07
"R_eff_t",124,0.670981922908611,0.758765760399053,0.810889388394945,0.86316370347938,0.972109385282428,2017-05-14
"R_eff_t",125,0.530551003101167,0.599472653875686,0.639547112877502,0.683125246273801,0.777075087918135,2017-05-21
"R_eff_t",126,0.469600915874783,0.52909300774433,0.565492991489889,0.603306041931073,0.683505328809304,2017-05-28
"R_eff_t",127,0.417518332030034,0.471872157727342,0.502169715011569,0.537680021473842,0.604851586831236,2017-06-04
"R_eff_t",128,0.375974168011304,0.42570556469304,0.453755124045489,0.485198517851096,0.550728846046153,2017-06-11
"R_eff_t",129,0.380183000202325,0.432428184461779,0.462848310545671,0.494809458118382,0.560735184129017,2017-06-18
"R_eff_t",130,0.403407254058433,0.452490462637671,0.483888679265431,0.516234865885167,0.584487105279213,2017-06-25
"R_eff_t",131,0.436930323276236,0.495829776582346,0.529050172442275,0.563733615882078,0.641278088774191,2017-07-02
"R_eff_t",132,0.439467885644744,0.497230803997907,0.531549914274347,0.565505661325187,0.643974262334929,2017-07-09
"R_eff_t",133,0.456806560522633,0.5167257105737,0.553073327979545,0.590894829192759,0.66926901061939,2017-07-16
"R_eff_t",134,0.45962450585769,0.519970127888196,0.555957475827673,0.592833230215088,0.670263583554337,2017-07-23
"R_eff_t",135,0.4678094711991,0.529277290235031,0.563589405379072,0.603499146807636,0.682661941443339,2017-07-30
"R_eff_t",136,0.43377913558682,0.489255901260036,0.523747471248723,0.558975910832031,0.634434967574488,2017-08-06
"R_eff_t",137,0.415340461744592,0.474716630708001,0.505693142241117,0.539643327163285,0.613379187087214,2017-08-13
"R_eff_t",138,0.382661052570512,0.437721252460996,0.47002652172104,0.503628455321122,0.571484055595151,2017-08-20
"R_eff_t",139,0.36041563563301,0.412913685303533,0.44539458374919,0.479020273471366,0.543024909782941,2017-08-27
"R_eff_t",140,0.394933704650736,0.454978406372692,0.489743031595962,0.524311740049771,0.596713298648144,2017-09-03
"R_eff_t",141,0.45338309211154,0.521527517402929,0.55941135106293,0.600192788324593,0.688539038346762,2017-09-10
"R_eff_t",142,0.488054359138703,0.565976804782352,0.609790535174474,0.65469170253213,0.7556468080068,2017-09-17
"R_eff_t",143,0.527746487270094,0.608200438459375,0.655194779678177,0.704726280128885,0.813472609139112,2017-09-24
"R_eff_t",144,0.568654415963499,0.655657160566935,0.703839660431662,0.762555647957386,0.872615160995527,2017-10-01
"R_eff_t",145,0.521391352255531,0.608215424575615,0.661415679287275,0.718975409210064,0.823781004584337,2017-10-08
"R_eff_t",146,0.572422299079557,0.665690710470758,0.72110818798166,0.773155260618557,0.892635364668516,2017-10-15
"R_eff_t",147,0.635523949407958,0.740666790251138,0.797203863590671,0.859866026372603,0.998134543083554,2017-10-22
"R_eff_t",148,0.756217199221762,0.876613940609034,0.943246755428351,1.01954263786479,1.18395828575763,2017-10-29
"R_eff_t",149,0.773061448843033,0.901004295207722,0.974532476320463,1.04992763472186,1.21987379480496,2017-11-05
"R_eff_t",150,0.686252052141591,0.803425408675264,0.866426794438087,0.937531043073047,1.09332777402011,2017-11-12
"R_eff_t",151,0.614840634417188,0.719914326862593,0.781274091785011,0.846626975761934,0.978028704223837,2017-11-19
"R_eff_t",152,0.630956861904981,0.742120648291659,0.801587319981011,0.867105207970438,1.00895069700169,2017-11-26
"R_eff_t",153,0.67242991216766,0.780978739265317,0.842292702008611,0.915714624357637,1.06397023132977,2017-12-03
"R_eff_t",154,0.678602340782238,0.788172895337372,0.851289771955224,0.921875096865936,1.07608587844025,2017-12-10
"R_eff_t",155,0.610104866737341,0.716931364866169,0.780799775423886,0.847420681201188,0.9970549074038,2017-12-17
"R_eff_t",156,0.624937879934821,0.738168389749511,0.803450286238636,0.873860234173278,1.02010459717457,2017-12-24
"R_eff_t",157,0.778137684390184,0.91407416878682,0.989483094663144,1.07100605991126,1.24046072266099,2017-12-31
"R_eff_t",158,0.902207320355808,1.05122368529513,1.13892340799541,1.23657326199328,1.44116024590932,2018-01-07
"R_eff_t",159,0.975380902611433,1.12841154071253,1.22071400544395,1.31944077092284,1.53330611085119,2018-01-14
"R_eff_t",160,0.942769404237986,1.09708985783041,1.18485857998114,1.28143104580986,1.48157314173246,2018-01-21
"R_eff_t",161,0.894968606007343,1.05176490844702,1.13514354160944,1.22821154698305,1.41617941039196,2018-01-28
"R_eff_t",162,0.881433717692619,1.02018127362591,1.09941101231716,1.19111806777298,1.37544320804997,2018-02-04
"R_eff_t",163,0.880357526933924,1.02456635026954,1.11183934538596,1.20413163286829,1.38246770570321,2018-02-11
"R_eff_t",164,0.931304011188499,1.08118625587571,1.16755002835932,1.26084305159323,1.45858577753668,2018-02-18
"R_eff_t",165,1.01641972039223,1.17889096238088,1.26464737244998,1.36367539950728,1.58089662098425,2018-02-25
"R_eff_t",166,0.903868890648813,1.04114923981654,1.12196644222611,1.20673217870192,1.39004007471008,2018-03-04
"R_eff_t",167,0.874235824399168,1.01162545493317,1.09200656381798,1.17508091328458,1.36126334280114,2018-03-11
"R_eff_t",168,0.76533152616394,0.892231835536656,0.964795851422354,1.04305373177435,1.20707564054259,2018-03-18
"R_eff_t",169,0.749413747927211,0.8715905434725,0.944750258399809,1.01971925805536,1.18738376883538,2018-03-25
"R_eff_t",170,0.855872369687651,0.988645882599555,1.06862310136725,1.15418812482764,1.33929083758344,2018-04-01
"R_eff_t",171,0.84306453864711,0.972076127702613,1.05228987048359,1.13538040623293,1.31364028726809,2018-04-08
"R_eff_t",172,0.736173616411736,0.84680799450575,0.913408111897511,0.983890214356171,1.15007121623127,2018-04-15
"R_eff_t",173,0.563884489913686,0.65855494747224,0.71589588755826,0.773159227200912,0.903247262014079,2018-04-22
"R_eff_t",174,0.520599134028088,0.612762175392711,0.664988563500684,0.719271661041477,0.837446384317906,2018-04-29
"R_eff_t",175,0.509437012786436,0.597168986098065,0.650543869311102,0.709679124128478,0.826266489226161,2018-05-06
"R_eff_t",176,0.582122127719197,0.675276935225876,0.734710434462712,0.796624398077747,0.926474310220815,2018-05-13
"R_eff_t",177,0.625318929405022,0.732033922634339,0.794771453735897,0.862959356239112,1.0041869924484,2018-05-20
"R_eff_t",178,0.64055211387325,0.751817039097855,0.8135296610807,0.881443382282272,1.03589792083234,2018-05-27
"R_eff_t",179,0.647332519605258,0.760096040983125,0.825947376117242,0.896092937143415,1.05227977048188,2018-06-03
"R_eff_t",180,0.681878249764436,0.806760672448375,0.876469007432893,0.954020195115144,1.12146595154405,2018-06-10
"R_eff_t",181,0.703853767539419,0.839509983556513,0.91139028610349,0.993423742564119,1.15579456877724,2018-06-17
"R_eff_t",182,0.639857355141286,0.761327821382573,0.831310783822995,0.908643265956072,1.06496507851758,2018-06-24
"R_eff_t",183,0.718697311612998,0.843265141867979,0.919088083210976,1.00119239968336,1.18253704037446,2018-07-01
"R_eff_t",184,0.722713054724811,0.851290520115115,0.928220376483057,1.00840901905906,1.20402114888218,2018-07-08
"R_eff_t",185,0.690374739634077,0.82337156453682,0.89837111881056,0.979828238192507,1.15332654325807,2018-07-15
"R_eff_t",186,0.657948315455734,0.7803430317252,0.849194587096957,0.923766760128238,1.09678264972563,2018-07-22
"R_eff_t",187,0.609503201636971,0.72319884965378,0.789018556772079,0.86461387601768,1.02878501388053,2018-07-29
"R_eff_t",188,0.629210250382919,0.747297309008225,0.82146949216155,0.895173639262057,1.0588248783839,2018-08-05
"R_eff_t",189,0.637231823570387,0.756587542055548,0.830376169380176,0.912426444605234,1.08368680026276,2018-08-12
"R_eff_t",190,0.614854399720312,0.747880472305866,0.818346502251993,0.895405887042076,1.06658974163232,2018-08-19
"R_eff_t",191,0.603192654060906,0.726948223756543,0.796010784367156,0.872331657306048,1.04468845448779,2018-08-26
"R_eff_t",192,0.6019054781758,0.71663335147338,0.791062128370968,0.869304438576189,1.03187813592129,2018-09-02
"R_eff_t",193,0.583858161108042,0.699789178944783,0.773758633266011,0.850076718535042,1.0134536097502,2018-09-09
"R_eff_t",194,0.593806793436298,0.711767796694476,0.782841933960938,0.860961153605955,1.02357492058077,2018-09-16
"R_eff_t",195,0.592967759387598,0.719295629439976,0.791992846985147,0.877170622337174,1.04969626760255,2018-09-23
"R_eff_t",196,0.629545102321534,0.76721511163259,0.848859239787819,0.928711680186453,1.12835940242371,2018-09-30
"R_eff_t",197,0.696848538401543,0.834445296574091,0.920650205562376,1.01735294493912,1.23238324211585,2018-10-07
"R_eff_t",198,0.781490532537909,0.931913534239326,1.02182180599211,1.12335471038403,1.36510717519633,2018-10-14
"R_eff_t",199,0.747888266668571,0.907249700985744,1.00219203427779,1.100297507915,1.33098478120064,2018-10-21
"R_eff_t",200,0.765828196227316,0.920811332235875,1.01946986489615,1.12884712982334,1.35914683339779,2018-10-28
"R_eff_t",201,0.761719112500735,0.917456415702849,1.01478685460117,1.11717898979752,1.36391868043041,2018-11-04
"R_eff_t",202,0.744195546669474,0.905815653524134,0.998266411872266,1.10435309850104,1.34762098764082,2018-11-11
"R_eff_t",203,0.738044901339894,0.901630851523682,0.998305900339384,1.09903777115266,1.32917554633766,2018-11-18
"R_eff_t",204,0.705261698249373,0.853354518313799,0.942042011962657,1.03693093569076,1.25139642586639,2018-11-25
"R_eff_t",205,0.66773708513009,0.808758186429409,0.894372556005556,0.987638816666649,1.19021160740883,2018-12-02
"R_eff_t",206,0.613310694377219,0.770489531467934,0.853184776839075,0.947813565031224,1.1397687752137,2018-12-09
"R_eff_t",207,0.611599587798953,0.763308220081516,0.854713538895842,0.953544158767886,1.16813626637612,2018-12-16
"R_eff_t",208,0.59069643501289,0.771699535513918,0.87408164567196,0.990021090772271,1.23060911499386,2018-12-23
"R_eff_t",209,0.609295698879834,0.813184789087569,0.939943886058545,1.08725648616694,1.40509480079325,2018-12-30
"rho_sym_t",1,0.0404937718404395,0.0635687048553494,0.0794835562294574,0.0987319210867829,0.149298432889067,2015-01-04
"rho_sym_t",2,0.0409404770399007,0.0638696144843698,0.0796633099416528,0.0990375343517213,0.14943268172672,2015-01-11
"rho_sym_t",3,0.041264272193097,0.0641997503146063,0.0799061193696888,0.0992611146489192,0.149775132205997,2015-01-18
"rho_sym_t",4,0.0416663372119462,0.0644842105439843,0.0801528916968927,0.099455173140281,0.150118235017391,2015-01-25
"rho_sym_t",5,0.0419491546254034,0.0647584594582916,0.0803871394607464,0.0996822356821469,0.15039322190917,2015-02-01
"rho_sym_t",6,0.0421982191486683,0.0650279316040334,0.0806496481116487,0.0999811400025274,0.150430793282657,2015-02-08
"rho_sym_t",7,0.0423502004573783,0.0653447135607962,0.0808359742299288,0.100197653120056,0.150467558369029,2015-02-15
"rho_sym_t",8,0.0425273750586072,0.065627668443929,0.0810877140545603,0.100433151870093,0.150738412378934,2015-02-22
"rho_sym_t",9,0.042823391855148,0.0659170559311971,0.0813835337338945,0.100668911453541,0.150755800740821,2015-03-01
"rho_sym_t",10,0.0431330461215399,0.0662206895008245,0.0816115808347617,0.100960381876328,0.150772490311631,2015-03-08
"rho_sym_t",11,0.0433985349910385,0.0665580528155424,0.081938747213976,0.101215560099071,0.151162360267862,2015-03-15
"rho_sym_t",12,0.0436993755715415,0.0668573194325061,0.0822099357879661,0.101444407183809,0.151202036983925,2015-03-22
"rho_sym_t",13,0.0439160362560382,0.0671574672028478,0.0824590248807223,0.10164839569906,0.15124814171243,2015-03-29
"rho_sym_t",14,0.0441949290095169,0.0674979013419834,0.0827230042892899,0.101862561857985,0.151706058643831,2015-04-05
"rho_sym_t",15,0.0444925771444619,0.0678003456286829,0.082955771013548,0.101993446098328,0.151850612783333,2015-04-12
"rho_sym_t",16,0.0447755640012366,0.0680278214659104,0.0831723360563748,0.10226517444864,0.152056222960313,2015-04-19
"rho_sym_t",17,0.0450771326919447,0.0683208486876307,0.0833524111204173,0.102495468278488,0.152217756551673,2015-04-26
"rho_sym_t",18,0.0453759298785979,0.0686203574433819,0.0835598974670758,0.10272261365133,0.152263264190698,2015-05-03
"rho_sym_t",19,0.0456774851683744,0.0689463602324656,0.0839211875473158,0.102998292793672,0.152577549432797,2015-05-10
"rho_sym_t",20,0.0459172965058163,0.0692520646080905,0.0841710068698241,0.103157154957935,0.152726433776207,2015-05-17
"rho_sym_t",21,0.0462007336296519,0.0695509413485222,0.0844643058841595,0.103369962177872,0.152845559286907,2015-05-24
"rho_sym_t",22,0.0465320094041703,0.0698426927906153,0.0846650516411613,0.103691809107164,0.15293521746597,2015-05-31
"rho_sym_t",23,0.0468513849632401,0.0700975949993403,0.0848781115099345,0.103966594668583,0.15308902457916,2015-06-07
"rho_sym_t",24,0.0471413307676701,0.0703286888134183,0.0850845571565308,0.104184385950967,0.153278624281047,2015-06-14
"rho_sym_t",25,0.0474556441758699,0.0706950133222621,0.0854283596556467,0.104432941980136,0.153791315123101,2015-06-21
"rho_sym_t",26,0.0479073264650812,0.0710695948183976,0.0856977292865478,0.104714430196409,0.154112370623438,2015-06-28
"rho_sym_t",27,0.0482619382642345,0.0713418263523802,0.0859363886912278,0.104996447877758,0.154192394994738,2015-07-05
"rho_sym_t",28,0.0485095873492778,0.0715924046600128,0.0861712420835329,0.105287219417362,0.154531278164794,2015-07-12
"rho_sym_t",29,0.048691048323815,0.0718415276462827,0.0865031608568842,0.105507348758004,0.155093892449766,2015-07-19
"rho_sym_t",30,0.0489144068538999,0.0720658839107033,0.0867620738866062,0.105796375582573,0.155658197258221,2015-07-26
"rho_sym_t",31,0.0491394334674888,0.0723128239745769,0.0869824564991337,0.10604729878161,0.15585928623726,2015-08-02
"rho_sym_t",32,0.0493943940452024,0.0725787316889388,0.0872985614014959,0.106344223335341,0.156140809580409,2015-08-09
"rho_sym_t",33,0.0499222808040353,0.0728838685163554,0.0876206833269514,0.106654167003365,0.156240135679411,2015-08-16
"rho_sym_t",34,0.0502192153815653,0.0732014536791704,0.0879791227321489,0.106928645364652,0.156437467105404,2015-08-23
"rho_sym_t",35,0.0504688885171458,0.0735042058714942,0.0882122095886166,0.107202462255455,0.157131149167091,2015-08-30
"rho_sym_t",36,0.0508929401411494,0.0738407537717014,0.0884742740065406,0.107592939524238,0.157182688985029,2015-09-06
"rho_sym_t",37,0.0512856410274054,0.0741715115057651,0.0886637047568843,0.107934560460852,0.157578750599615,2015-09-13
"rho_sym_t",38,0.0518439316253752,0.0744757629828316,0.0888738143248023,0.108146849511113,0.157827504129825,2015-09-20
"rho_sym_t",39,0.0522549179145058,0.0747767799779667,0.0891423508424319,0.108347763073954,0.157837048232199,2015-09-27
"rho_sym_t",40,0.0525349508420781,0.0751396909485802,0.0894105996259533,0.108617252676225,0.157930273342913,2015-10-04
"rho_sym_t",41,0.0528433742495025,0.0754734595063197,0.0897779641654724,0.108924127807525,0.158215979528617,2015-10-11
"rho_sym_t",42,0.0531122939508198,0.075708469962311,0.0899900665407849,0.109236270971105,0.158648648289029,2015-10-18
"rho_sym_t",43,0.0533230344015346,0.0759792736054708,0.0902556718278339,0.109579734160043,0.158976621371912,2015-10-25
"rho_sym_t",44,0.0535786381930203,0.076278643923347,0.0905896383613038,0.109928534243229,0.159107626158479,2015-11-01
"rho_sym_t",45,0.0538885428626486,0.0766432476590556,0.0908753312565734,0.110240853007028,0.159666034747965,2015-11-08
"rho_sym_t",46,0.0542049605342675,0.0769691968310683,0.0911517126738086,0.110405781790783,0.159735452855092,2015-11-15
"rho_sym_t",47,0.0543738696011323,0.0772385361557276,0.091371827943276,0.110895555013073,0.159939580711706,2015-11-22
"rho_sym_t",48,0.0546848583009149,0.0775436256104932,0.0917349776021095,0.111108859162047,0.160247310049095,2015-11-29
"rho_sym_t",49,0.0549419780006826,0.0780234948835107,0.0920417462079282,0.111422827585662,0.160592723800902,2015-12-06
"rho_sym_t",50,0.0551268536641685,0.0783163740567718,0.0922658693759005,0.111749861481036,0.16089240779392,2015-12-13
"rho_sym_t",51,0.0555790959442979,0.0786599625934016,0.0926253302674621,0.111938626140025,0.161245025461159,2015-12-20
"rho_sym_t",52,0.0558623174843559,0.0789813375242203,0.0929211231535029,0.112203824663384,0.161591327790574,2015-12-27
"rho_sym_t",53,0.0562329484310907,0.0793278522605282,0.0932532302183381,0.112487319521557,0.161999174442985,2016-01-03
"rho_sym_t",54,0.0565493932852885,0.0796286016950368,0.0935981535441501,0.112807588283054,0.162352824922931,2016-01-10
"rho_sym_t",55,0.0569636350453556,0.0798823404045961,0.0938914728474594,0.113213263353644,0.162481498611358,2016-01-17
"rho_sym_t",56,0.0572660526548162,0.0801846412598733,0.0942786870884514,0.113395966331363,0.162885813928444,2016-01-24
"rho_sym_t",57,0.0574863339790513,0.0804950424945525,0.0945554421942084,0.113716476841573,0.163033511265354,2016-01-31
"rho_sym_t",58,0.0577486908462305,0.0807842704459669,0.094909696765601,0.114007665772878,0.163623184566412,2016-02-07
"rho_sym_t",59,0.0581021018552246,0.081065655323072,0.0953140105860255,0.114293620700903,0.164136375477712,2016-02-14
"rho_sym_t",60,0.0583943192132646,0.0813509146122054,0.0956440389695729,0.114601617784997,0.164508943089493,2016-02-21
"rho_sym_t",61,0.0586760932497379,0.0816581353804231,0.0959102937176247,0.114983826410352,0.164776823219734,2016-02-28
"rho_sym_t",62,0.0588497789499475,0.0819708480789172,0.0962690994214511,0.115370318965442,0.164962948142677,2016-03-06
"rho_sym_t",63,0.0590858375344573,0.0823344781066776,0.09660206706982,0.115623226375837,0.165255591667245,2016-03-13
"rho_sym_t",64,0.0594338678035234,0.08269286261083,0.0969600042188196,0.115944289092789,0.165758401075927,2016-03-20
"rho_sym_t",65,0.0596437851191815,0.0830602100377511,0.0972628539810014,0.116354771669445,0.165907591886321,2016-03-27
"rho_sym_t",66,0.0600038962897129,0.0832954918210985,0.0975035065210408,0.116836119504252,0.166244914678213,2016-04-03
"rho_sym_t",67,0.0604088011087089,0.0836208376854471,0.0978210150082854,0.117192647818829,0.166429458728006,2016-04-10
"rho_sym_t",68,0.0607508528283423,0.083893595560075,0.0981570937757912,0.117452952993863,0.166709912772011,2016-04-17
"rho_sym_t",69,0.0611022073094745,0.0842175937497545,0.0984714202510064,0.117774703245064,0.166787613065141,2016-04-24
"rho_sym_t",70,0.0614024017228477,0.0844914189199945,0.0987660364756227,0.118220766235706,0.167509458551908,2016-05-01
"rho_sym_t",71,0.0617102982420544,0.0847315031300955,0.0990441421365443,0.11847946957433,0.168338299652447,2016-05-08
"rho_sym_t",72,0.0620192395532778,0.0849802291143674,0.0993608616441837,0.118661132960315,0.168846229989714,2016-05-15
"rho_sym_t",73,0.0623273129520604,0.085279313219976,0.099583969596812,0.118901102126855,0.169223389997957,2016-05-22
"rho_sym_t",74,0.0626787187275426,0.0855755796227527,0.0999141184612985,0.119315194900148,0.169795269960646,2016-05-29
"rho_sym_t",75,0.0628854016520122,0.0859347343439816,0.100180570374246,0.119702662675477,0.170584952445757,2016-06-05
"rho_sym_t",76,0.0631643612379439,0.0863152826854427,0.100506095490212,0.120028359012955,0.171204337953972,2016-06-12
"rho_sym_t",77,0.0635561756386727,0.0865963478909761,0.100960827238976,0.12031038019174,0.171489779551009,2016-06-19
"rho_sym_t",78,0.0638969252608593,0.0869071637788448,0.101289763443276,0.12070078359988,0.171743093878882,2016-06-26
"rho_sym_t",79,0.0641472127108669,0.0872462749054538,0.101676187371315,0.121116768505407,0.172164881669009,2016-07-03
"rho_sym_t",80,0.0642903183499787,0.0876209312150757,0.102037380580622,0.121418928979792,0.172513704820591,2016-07-10
"rho_sym_t",81,0.0645700158248383,0.0879094710025518,0.102449077003865,0.121745810314822,0.173166826757002,2016-07-17
"rho_sym_t",82,0.0649939459047868,0.0882509962854349,0.102788634765874,0.122144682859508,0.173824364497389,2016-07-24
"rho_sym_t",83,0.0654047615613272,0.0885425759625665,0.103071550188552,0.122457798106601,0.174531304641167,2016-07-31
"rho_sym_t",84,0.0656731556259257,0.0889237041434751,0.103443265277586,0.122906180977435,0.175083498051622,2016-08-07
"rho_sym_t",85,0.0659964243944569,0.0892468643234804,0.103821569829075,0.123366032328518,0.175733499673237,2016-08-14
"rho_sym_t",86,0.0661891200758736,0.0895131887347688,0.104211291965772,0.123775478737871,0.176241272150416,2016-08-21
"rho_sym_t",87,0.0665681138378555,0.0898216593507279,0.104525460352636,0.124158144124123,0.176944764854906,2016-08-28
"rho_sym_t",88,0.0668751813540134,0.0901522302867706,0.104974310390158,0.124396841527521,0.1775436529723,2016-09-04
"rho_sym_t",89,0.067076194239815,0.0904962676900281,0.105414980108668,0.124682821470742,0.178132512251234,2016-09-11
"rho_sym_t",90,0.0672312532213713,0.0908451090414652,0.105652571226802,0.125107366999612,0.178594162025703,2016-09-18
"rho_sym_t",91,0.0674936711507147,0.0911978340330939,0.106001029756723,0.125541482667238,0.17911958735218,2016-09-25
"rho_sym_t",92,0.0676525878868513,0.0914920977878019,0.10635895017327,0.125933259941005,0.179970333693723,2016-10-02
"rho_sym_t",93,0.0678933946585562,0.0918238006431441,0.106700964222068,0.126334849095021,0.180542192572222,2016-10-09
"rho_sym_t",94,0.0680405446711903,0.0921070341230593,0.10701667550435,0.126766339793629,0.181008208095591,2016-10-16
"rho_sym_t",95,0.0682053044425926,0.0923593743423224,0.107432619605005,0.127201701028209,0.18100926987196,2016-10-23
"rho_sym_t",96,0.0684285147079982,0.0925977799554491,0.107812656163069,0.127585311126483,0.18111067758782,2016-10-30
"rho_sym_t",97,0.068675667758955,0.0928683355454498,0.108319603067894,0.127955290452637,0.181565916171621,2016-11-06
"rho_sym_t",98,0.0687304675923888,0.0931006335695203,0.108701607476244,0.128385990637515,0.181939476810312,2016-11-13
"rho_sym_t",99,0.069069508391618,0.0933575315304341,0.109031121531206,0.128683263359524,0.182652872869637,2016-11-20
"rho_sym_t",100,0.0694197180000434,0.0936319103612769,0.109421464805295,0.129084187182372,0.183745292627187,2016-11-27
"rho_sym_t",101,0.0697819883135864,0.0940055991938924,0.109773819122038,0.129511380067596,0.184005842447255,2016-12-04
"rho_sym_t",102,0.0700676493309658,0.0942266381714075,0.110187203613049,0.130041185906844,0.185134914242987,2016-12-11
"rho_sym_t",103,0.0703308002740366,0.0945502888294774,0.110529824756313,0.130549694965351,0.185421364597551,2016-12-18
"rho_sym_t",104,0.0707491012295808,0.0948659663947638,0.110949474009243,0.130911388588462,0.186260846483128,2016-12-25
"rho_sym_t",105,0.0709368338167814,0.095179864978515,0.111373180905006,0.131247259441479,0.186896206919732,2017-01-01
"rho_sym_t",106,0.0711413153055696,0.095424634774635,0.11181992549704,0.131664277004661,0.1876649544388,2017-01-08
"rho_sym_t",107,0.071318145106291,0.0955835064251689,0.112111876018889,0.132282194055089,0.187848756712427,2017-01-15
"rho_sym_t",108,0.071662859127428,0.0959641902606982,0.112334507679388,0.132711635854228,0.188478613360335,2017-01-22
"rho_sym_t",109,0.0718328516932323,0.0961767044330092,0.112654076950264,0.133118537886101,0.188839653362249,2017-01-29
"rho_sym_t",110,0.0721351538653639,0.0965596428434615,0.113018121992781,0.133375693294774,0.189642404102974,2017-02-05
"rho_sym_t",111,0.0725931796093203,0.0968213080582009,0.113364150733718,0.133844079269136,0.190049331282864,2017-02-12
"rho_sym_t",112,0.072760155753355,0.0971142722185064,0.113699474330223,0.13430634646723,0.191021441374899,2017-02-19
"rho_sym_t",113,0.0729703866975253,0.0973364884211638,0.114012350917505,0.134844269652985,0.191744204080943,2017-02-26
"rho_sym_t",114,0.0732336079919139,0.0976158596927151,0.114451289972685,0.135311421188454,0.192125765770369,2017-03-05
"rho_sym_t",115,0.0734531423342059,0.0979114113616518,0.114804898849995,0.135812022246182,0.193047425116919,2017-03-12
"rho_sym_t",116,0.0737799323504329,0.0981968238221153,0.115144933743067,0.136301001907767,0.193605020691422,2017-03-19
"rho_sym_t",117,0.0740797540255743,0.0985002639966492,0.11551983069636,0.136723721123154,0.194265663616899,2017-03-26
"rho_sym_t",118,0.074382793729009,0.0987487245320569,0.11586804457008,0.137108914598239,0.194813839465545,2017-04-02
"rho_sym_t",119,0.0744672546155555,0.0991007169907665,0.116221071048889,0.137580065578731,0.195405502738143,2017-04-09
"rho_sym_t",120,0.0747331990509448,0.099434810977433,0.116626022814843,0.138097948133256,0.195990053598743,2017-04-16
"rho_sym_t",121,0.0749977499075577,0.099711097782813,0.116930340133183,0.138610049588193,0.196839112180724,2017-04-23
"rho_sym_t",122,0.0753925678859051,0.100011370403313,0.117347156009687,0.139029672172354,0.197391705646953,2017-04-30
"rho_sym_t",123,0.0756025024011756,0.10034665938384,0.117710605068101,0.139560718580499,0.197703917871201,2017-05-07
"rho_sym_t",124,0.0757258192058924,0.100666003804941,0.118101144249542,0.140100223418083,0.198416558584744,2017-05-14
"rho_sym_t",125,0.0761150029199779,0.101002475908709,0.118389759266138,0.140693167178304,0.199203582352689,2017-05-21
"rho_sym_t",126,0.0763450451735769,0.101317357388742,0.118801343771677,0.141194033796487,0.199920313176403,2017-05-28
"rho_sym_t",127,0.0765107273781013,0.101554119297039,0.119258464864467,0.141778521700138,0.200564946323798,2017-06-04
"rho_sym_t",128,0.0767226114383233,0.101802549468638,0.119635044255467,0.14224526127018,0.201496060260922,2017-06-11
"rho_sym_t",129,0.0769493730278563,0.102092184442041,0.11999452953606,0.142904132655502,0.202167783922897,2017-06-18
"rho_sym_t",130,0.0770614101932029,0.102359925231686,0.120415413992981,0.14358475202671,0.20299403969553,2017-06-25
"rho_sym_t",131,0.0773586785106756,0.102567025782713,0.120809303386807,0.144239611697164,0.203942222670434,2017-07-02
"rho_sym_t",132,0.077631373793596,0.102885644445332,0.121178395810964,0.144813000861929,0.204742184728578,2017-07-09
"rho_sym_t",133,0.0778423196273748,0.103205768066576,0.121505509699103,0.145325134441988,0.205546111288844,2017-07-16
"rho_sym_t",134,0.0780679159644508,0.10346365152932,0.121848706034964,0.145920598016035,0.206350261377459,2017-07-23
"rho_sym_t",135,0.0782314210991569,0.103732787620423,0.122210902181786,0.14664337842159,0.207317539468159,2017-07-30
"rho_sym_t",136,0.0782517923897342,0.104025266027992,0.122526548112575,0.147261081395736,0.208436777196464,2017-08-06
"rho_sym_t",137,0.078371890543214,0.104257307910548,0.122907254293275,0.147760947630362,0.2097885750114,2017-08-13
"rho_sym_t",138,0.0784621236653338,0.104583849235275,0.123238651423987,0.148419371144735,0.210690283799391,2017-08-20
"rho_sym_t",139,0.0785273986419387,0.104809794722316,0.123632251405139,0.148928581353875,0.210969332850938,2017-08-27
"rho_sym_t",140,0.0786723850294158,0.105061341637912,0.124101557863504,0.149507652012754,0.211542385627624,2017-09-03
"rho_sym_t",141,0.0788430560274662,0.105243524010932,0.124559165177915,0.149959666872356,0.212120222940499,2017-09-10
"rho_sym_t",142,0.0790225015356621,0.10552509570517,0.124958590297747,0.150497358743232,0.212916664923655,2017-09-17
"rho_sym_t",143,0.0793121082579531,0.105943713671529,0.125425395831541,0.151004108122295,0.214426459311353,2017-09-24
"rho_sym_t",144,0.0795331083622592,0.106189766005938,0.125822711549343,0.151432114378787,0.215641471356811,2017-10-01
"rho_sym_t",145,0.0797937387143496,0.1065029134545,0.126173375279202,0.152105775100052,0.216732134647475,2017-10-08
"rho_sym_t",146,0.0800149916665406,0.106902190884413,0.126612578506542,0.152615840461229,0.217596654853378,2017-10-15
"rho_sym_t",147,0.0800569647817832,0.107291448173528,0.127026676802297,0.153142852352682,0.218676037321734,2017-10-22
"rho_sym_t",148,0.0802312021332968,0.107513772727896,0.127450000300224,0.15362170778144,0.219311906253188,2017-10-29
"rho_sym_t",149,0.0804056544477747,0.107765305685862,0.127796801011542,0.154214269488456,0.220665981656354,2017-11-05
"rho_sym_t",150,0.0805253635854147,0.108054687351044,0.128306974221959,0.15471498755076,0.221631412830393,2017-11-12
"rho_sym_t",151,0.0806944325476957,0.108261300632527,0.128776189796898,0.155173846693503,0.222292528764734,2017-11-19
"rho_sym_t",152,0.0809053258910821,0.108520502799428,0.129218107530414,0.155729169734256,0.223132349246179,2017-11-26
"rho_sym_t",153,0.0810863484818406,0.108808418992774,0.129678849727985,0.156404452438176,0.224611442549701,2017-12-03
"rho_sym_t",154,0.0811260277580373,0.109135389003538,0.130116117974483,0.157045212512208,0.225394626176349,2017-12-10
"rho_sym_t",155,0.0815320407330704,0.109473912286821,0.130425928498136,0.157633547370967,0.226222791876618,2017-12-17
"rho_sym_t",156,0.0816915950720326,0.109765961446318,0.130830553612466,0.158287491283683,0.227497396836444,2017-12-24
"rho_sym_t",157,0.081796354031963,0.110111317300586,0.131189388278744,0.15885058667815,0.228879339134719,2017-12-31
"rho_sym_t",158,0.081991765833666,0.110446638683137,0.131634601353436,0.159491557362649,0.230219605684979,2018-01-07
"rho_sym_t",159,0.0820089961336294,0.110724744285736,0.132023343941856,0.16007953906615,0.231565701288334,2018-01-14
"rho_sym_t",160,0.0821151086013031,0.110981097968592,0.132394850046709,0.160874736543824,0.232913104342787,2018-01-21
"rho_sym_t",161,0.0822886817203442,0.111230544104104,0.132733728298321,0.161474265678829,0.23394028443813,2018-01-28
"rho_sym_t",162,0.0824066370891394,0.111545129493838,0.133151590547279,0.161995570026317,0.2354659329525,2018-02-04
"rho_sym_t",163,0.0824680647137073,0.11182735302453,0.133495164292552,0.162509104518284,0.236997644664528,2018-02-11
"rho_sym_t",164,0.0825171964802867,0.112131690262986,0.133946468388781,0.163106973871208,0.238148698653661,2018-02-18
"rho_sym_t",165,0.0825897655428026,0.112534056085219,0.134239214893127,0.163797458539912,0.239332617505581,2018-02-25
"rho_sym_t",166,0.0827600736249711,0.112890006947202,0.134670866428231,0.164377883775896,0.24054771635087,2018-03-04
"rho_sym_t",167,0.0828801239455645,0.113179619131252,0.135070465867905,0.164944440564798,0.241785939174466,2018-03-11
"rho_sym_t",168,0.083064669479023,0.113412798536574,0.135456447074967,0.165576163577771,0.243233740184291,2018-03-18
"rho_sym_t",169,0.0831476190966532,0.11376697560786,0.135822611464724,0.166155317581182,0.244666212201319,2018-03-25
"rho_sym_t",170,0.0831958074448192,0.114059167241121,0.136271191555817,0.166753218181307,0.246355831708143,2018-04-01
"rho_sym_t",171,0.0832202275778326,0.114392108163938,0.136579472382743,0.167523806815629,0.247705408355773,2018-04-08
"rho_sym_t",172,0.0833216286591245,0.114712913525823,0.137056297261683,0.168075824114532,0.249181124903889,2018-04-15
"rho_sym_t",173,0.0833904220333906,0.114985893169261,0.137416417097133,0.168742475114603,0.250131879049115,2018-04-22
"rho_sym_t",174,0.0835635098270803,0.115343366655814,0.137904046546874,0.169212585520622,0.251299461910608,2018-04-29
"rho_sym_t",175,0.0837183525981694,0.115569113065401,0.138286780075299,0.169799190835926,0.251842798099725,2018-05-06
"rho_sym_t",176,0.0838448843234434,0.115801238490212,0.138636603206511,0.170395148550533,0.25396368008469,2018-05-13
"rho_sym_t",177,0.083899339455538,0.116155896453237,0.138996420083084,0.171061517411961,0.255576570287329,2018-05-20
"rho_sym_t",178,0.0839550525503531,0.116464970733373,0.139477301280359,0.171741111743618,0.256793949056467,2018-05-27
"rho_sym_t",179,0.0840107998189998,0.116741271520455,0.139848376701786,0.172595807929079,0.258010947097722,2018-06-03
"rho_sym_t",180,0.0840650111438181,0.117007008695148,0.140114981765254,0.173312457759778,0.259322564732844,2018-06-10
"rho_sym_t",181,0.0841187577078448,0.117309372460044,0.14045406281845,0.173951755984084,0.26078151722304,2018-06-17
"rho_sym_t",182,0.0841962175243259,0.117646469207711,0.140794930970204,0.174581207009307,0.26192392274369,2018-06-24
"rho_sym_t",183,0.0843684882760597,0.117885150032227,0.141128592463082,0.175206327088012,0.263276548410778,2018-07-01
"rho_sym_t",184,0.0844966079107373,0.118169420054494,0.141534518127029,0.175802774762508,0.264388371998349,2018-07-08
"rho_sym_t",185,0.0845998580431749,0.118506377477116,0.141986269908102,0.17656037837341,0.265950346508405,2018-07-15
"rho_sym_t",186,0.0846958195980992,0.118816210660672,0.142346375063405,0.177155674361048,0.267324555017246,2018-07-22
"rho_sym_t",187,0.084853331056937,0.11905423691177,0.142822405942,0.177878956807609,0.268443909513977,2018-07-29
"rho_sym_t",188,0.0849424873268803,0.119405256702959,0.143284191353017,0.178388553070122,0.269826802426644,2018-08-05
"rho_sym_t",189,0.0850665137063355,0.119703872060924,0.143757303593323,0.179022880755303,0.271342689678687,2018-08-12
"rho_sym_t",190,0.0851532627255831,0.119911893614323,0.144101411385068,0.179592945504013,0.272581883080578,2018-08-19
"rho_sym_t",191,0.0852159092813717,0.12020892921776,0.144572219876448,0.180175261348739,0.273801415266086,2018-08-26
"rho_sym_t",192,0.0852669886165057,0.120434965057848,0.145081038178459,0.18097160070848,0.275020659716614,2018-09-02
"rho_sym_t",193,0.0852883874271103,0.120786255405211,0.145493878464655,0.181781992509328,0.276253909115017,2018-09-09
"rho_sym_t",194,0.0853427722248328,0.12099192189594,0.146005355106921,0.182556197461228,0.277902635711037,2018-09-16
"rho_sym_t",195,0.0855052886929041,0.121203126462501,0.14637804340478,0.183256706159083,0.279738003131885,2018-09-23
"rho_sym_t",196,0.0856419496535251,0.121505721168603,0.146807011282359,0.183981366187974,0.281439201579024,2018-09-30
"rho_sym_t",197,0.0857330991114498,0.121872928516589,0.14718710143306,0.184712095941017,0.282644604836117,2018-10-07
"rho_sym_t",198,0.085920941100055,0.122112297775489,0.147668943120672,0.185385035578872,0.283690442603791,2018-10-14
"rho_sym_t",199,0.0860660298142947,0.122328771945871,0.148102721549038,0.186248233240561,0.28504707208898,2018-10-21
"rho_sym_t",200,0.0862160793778143,0.12247792230365,0.1485453698133,0.187130965739292,0.286775728635197,2018-10-28
"rho_sym_t",201,0.0863394740312712,0.122671696826825,0.148997939473565,0.18799675688662,0.288451083086696,2018-11-04
"rho_sym_t",202,0.0864397825140573,0.122754474687053,0.149475618957629,0.18882313389218,0.28972195366182,2018-11-11
"rho_sym_t",203,0.0865308547847049,0.123006086769913,0.149949037469334,0.18958295170683,0.291577285796853,2018-11-18
"rho_sym_t",204,0.0866223477957755,0.123293572649646,0.15042358307429,0.190328372346201,0.293173545411585,2018-11-25
"rho_sym_t",205,0.0867214769226013,0.123608205517482,0.150853046469605,0.191114038383173,0.294374848124991,2018-12-02
"rho_sym_t",206,0.0868049442271332,0.123818770182775,0.151222010931129,0.191914345743902,0.295307584714413,2018-12-09
"rho_sym_t",207,0.0868960134922677,0.12396593259057,0.151736393779241,0.1926837948178,0.296112574340847,2018-12-16
"rho_sym_t",208,0.0870727366272806,0.12415311748954,0.152297516414072,0.193408512824291,0.297004452203772,2018-12-23
"rho_sym_t",209,0.0871903216780489,0.124386704151258,0.152794453084822,0.194075312944926,0.298516989541529,2018-12-30
"rho_total_t",1,0.0210567613570286,0.0330557265247817,0.0413314492393179,0.0513405989651271,0.077635185102315,2015-01-04
"rho_total_t",2,0.0212890480607484,0.0332121995318723,0.0414249211696594,0.0514995178628951,0.0777049944978946,2015-01-11
"rho_total_t",3,0.0214574215404104,0.0333838701635953,0.0415511820722382,0.051615779617438,0.0778830687471187,2015-01-18
"rho_total_t",4,0.021666495350212,0.0335317894828719,0.0416795036823842,0.0517166900329461,0.0780614822090433,2015-01-25
"rho_total_t",5,0.0218135604052098,0.0336743989183117,0.0418013125195881,0.0518347625547164,0.0782044753927684,2015-02-01
"rho_total_t",6,0.0219430739573075,0.0338145244340974,0.0419378170180573,0.0519901928013142,0.0782240125069818,2015-02-08
"rho_total_t",7,0.0220221042378367,0.033979251051614,0.042034706599563,0.052102779622429,0.078243130351895,2015-02-15
"rho_total_t",8,0.0221142350304757,0.0341263875908431,0.0421656113083714,0.0522252389724483,0.0783839744370455,2015-02-22
"rho_total_t",9,0.022268163764677,0.0342768690842225,0.0423194375416251,0.0523478339558415,0.0783930163852271,2015-03-01
"rho_total_t",10,0.0224291839832007,0.0344347585404287,0.0424380220340761,0.0524993985756908,0.0784016949620483,2015-03-08
"rho_total_t",11,0.02256723819534,0.0346101874640821,0.0426081485512675,0.0526320912515169,0.0786044273392882,2015-03-15
"rho_total_t",12,0.0227236752972016,0.0347658061049032,0.0427491666097424,0.0527510917355805,0.0786250592316411,2015-03-22
"rho_total_t",13,0.0228363388531398,0.0349218829454808,0.0428786929379756,0.0528571657635111,0.0786490336904638,2015-03-29
"rho_total_t",14,0.0229813630849488,0.0350989086978314,0.0430159622304308,0.0529685321661524,0.078887150494792,2015-04-05
"rho_total_t",15,0.0231361401151202,0.0352561797269151,0.0431370009270449,0.0530365919711306,0.0789623186473334,2015-04-12
"rho_total_t",16,0.023283293280643,0.0353744671622734,0.0432496147493149,0.0531778907132926,0.079069235939363,2015-04-19
"rho_total_t",17,0.0234401089998112,0.0355268413175679,0.043343253782617,0.0532976435048138,0.0791532334068701,2015-04-26
"rho_total_t",18,0.0235954835368709,0.0356825858705586,0.0434511466828794,0.0534157590986914,0.0791768973791632,2015-05-03
"rho_total_t",19,0.0237522922875547,0.0358521073208821,0.0436390175246042,0.0535591122527093,0.0793403257050543,2015-05-10
"rho_total_t",20,0.0238769941830245,0.036011073596207,0.0437689235723086,0.053641720578126,0.0794177455636277,2015-05-17
"rho_total_t",21,0.024024381487419,0.0361664895012316,0.0439214390597629,0.0537523803324934,0.0794796908291917,2015-05-24
"rho_total_t",22,0.0241966448901686,0.03631820025112,0.0440258268534039,0.0539197407357253,0.0795263130823043,2015-05-31
"rho_total_t",23,0.0243627201808848,0.036450749399657,0.044136617985166,0.0540626292276634,0.0796062927811629,2015-06-07
"rho_total_t",24,0.0245134919991884,0.0365709181829775,0.044243969721396,0.0541758806945029,0.0797048846261443,2015-06-14
"rho_total_t",25,0.0246769349714524,0.0367614069275763,0.0444227470209363,0.0543051298296706,0.0799714838640125,2015-06-21
"rho_total_t",26,0.0249118097618422,0.0369561893055668,0.0445628192290049,0.0544515037021328,0.080138432724188,2015-06-28
"rho_total_t",27,0.0250962078974019,0.0370977497032377,0.0446869221194384,0.0545981528964342,0.0801800453972639,2015-07-05
"rho_total_t",28,0.0252249854216245,0.0372280504232066,0.0448090458834371,0.0547493540970285,0.0803562646456927,2015-07-12
"rho_total_t",29,0.0253193451283838,0.037357594376067,0.0449816436455798,0.0548638213541622,0.0806488240738783,2015-07-19
"rho_total_t",30,0.0254354915640279,0.0374742596335657,0.0451162784210352,0.0550141153029379,0.0809422625742752,2015-07-26
"rho_total_t",31,0.0255525054030942,0.03760266846678,0.0452308773795495,0.0551445953664372,0.0810468288433751,2015-08-02
"rho_total_t",32,0.0256850849035052,0.0377409404782482,0.0453952519287779,0.0552989961343774,0.0811932209818125,2015-08-09
"rho_total_t",33,0.0259595860180983,0.0378996116285048,0.0455627553300147,0.0554601668417496,0.0812448705532939,2015-08-16
"rho_total_t",34,0.026113991998414,0.0380647559131686,0.0457491438207174,0.055602895589619,0.0813474828948102,2015-08-23
"rho_total_t",35,0.0262438220289158,0.038222187053177,0.0458703489860806,0.0557452803728365,0.0817081975668871,2015-08-30
"rho_total_t",36,0.0264643288733977,0.0383971919612847,0.0460066224834011,0.055948328552604,0.0817349982722152,2015-09-06
"rho_total_t",37,0.0266685333342508,0.0385691859829978,0.0461051264735799,0.0561259714396429,0.0819409503117998,2015-09-13
"rho_total_t",38,0.0269588444451951,0.0387273967510724,0.0462143834488972,0.0562363617457789,0.082070302147509,2015-09-20
"rho_total_t",39,0.027172557315543,0.0388839255885427,0.0463540224380646,0.056340836798456,0.0820752650807432,2015-09-27
"rho_total_t",40,0.0273181744378806,0.0390726392932617,0.0464935118054957,0.0564809713916369,0.0821237421383146,2015-10-04
"rho_total_t",41,0.0274785546097413,0.0392461989432863,0.0466845413660457,0.0566405464599129,0.0822723093548811,2015-10-11
"rho_total_t",42,0.0276183928544263,0.0393684043804017,0.0467948346012081,0.0568028609049746,0.0824972971102951,2015-10-18
"rho_total_t",43,0.027727977888798,0.0395092222748448,0.0469329493504736,0.0569814617632225,0.0826678431133943,2015-10-25
"rho_total_t",44,0.0278608918603706,0.0396648948401405,0.047106611947878,0.0571628378064789,0.0827359656024089,2015-11-01
"rho_total_t",45,0.0280220422885773,0.0398544887827089,0.0472551722534182,0.0573252435636544,0.0830263380689418,2015-11-08
"rho_total_t",46,0.0281865794778191,0.0400239823521555,0.0473988905903805,0.057411006531207,0.083062435484648,2015-11-15
"rho_total_t",47,0.0282744121925888,0.0401640388009784,0.0475133505305035,0.0576656886067977,0.0831685819700873,2015-11-22
"rho_total_t",48,0.0284361263164757,0.0403226853174565,0.0477021883530969,0.0577766067642642,0.0833286012255294,2015-11-29
"rho_total_t",49,0.028569828560355,0.0405722173394256,0.0478617080281227,0.0579398703445441,0.0835082163764692,2015-12-06
"rho_total_t",50,0.0286659639053676,0.0407245145095214,0.0479782520754682,0.0581099279701389,0.0836640520528382,2015-12-13
"rho_total_t",51,0.0289011298910349,0.0409031805485688,0.0481651717390803,0.0582080855928132,0.0838474132398026,2015-12-20
"rho_total_t",52,0.0290484050918651,0.0410702955125946,0.0483189840398215,0.0583459888249596,0.0840274904510987,2015-12-27
"rho_total_t",53,0.0292411331841672,0.0412504831754747,0.0484916797135358,0.0584934061512097,0.0842395707103523,2016-01-03
"rho_total_t",54,0.02940568450835,0.0414068728814191,0.0486710398429581,0.0586599459071882,0.084423468959924,2016-01-10
"rho_total_t",55,0.0296210902235849,0.04153881701039,0.0488235658806789,0.0588708969438949,0.0844903792779064,2016-01-17
"rho_total_t",56,0.0297783473805044,0.0416960134551341,0.0490249172859947,0.0589659024923086,0.0847006232427907,2016-01-24
"rho_total_t",57,0.0298928936691067,0.0418574220971673,0.0491688299409884,0.059132567957618,0.0847774258579842,2016-01-31
"rho_total_t",58,0.0300293192400399,0.0420078206319028,0.0493530423181125,0.0592839862018966,0.0850840559745344,2016-02-07
"rho_total_t",59,0.0302130929647168,0.0421541407679974,0.0495632855047333,0.0594326827644693,0.0853509152484103,2016-02-14
"rho_total_t",60,0.0303650459908976,0.0423024755983468,0.0497349002641779,0.0595928412481986,0.0855446504065365,2016-02-21
"rho_total_t",61,0.0305115684898637,0.04246223039782,0.0498733527331648,0.0597915897333829,0.0856839480742616,2016-02-28
"rho_total_t",62,0.0306018850539727,0.0426248410010369,0.0500599316991546,0.0599925658620299,0.085780733034192,2016-03-06
"rho_total_t",63,0.0307246355179178,0.0428139286154724,0.0502330748763064,0.0601240777154352,0.0859329076669676,2016-03-13
"rho_total_t",64,0.0309056112578322,0.0430002885576316,0.0504192021937862,0.0602910303282505,0.086194368559482,2016-03-20
"rho_total_t",65,0.0310147682619744,0.0431913092196306,0.0505766840701207,0.0605044812681113,0.0862719477808871,2016-03-27
"rho_total_t",66,0.0312020260706507,0.0433136557469712,0.0507018233909412,0.0607547821422108,0.0864473556326705,2016-04-03
"rho_total_t",67,0.0314125765765286,0.0434828355964325,0.0508669278043084,0.0609401768657911,0.0865433185385632,2016-04-10
"rho_total_t",68,0.031590443470738,0.043624669691239,0.0510416887634114,0.0610755355568087,0.0866891546414458,2016-04-17
"rho_total_t",69,0.0317731478009267,0.0437931487498724,0.0512051385305233,0.0612428456874334,0.0867295587938735,2016-04-24
"rho_total_t",70,0.0319292488958808,0.0439355378383971,0.0513583389673238,0.0614747984425671,0.0871049184469923,2016-05-01
"rho_total_t",71,0.0320893550858683,0.0440603816276497,0.051502953911003,0.0616093241786515,0.0875359158192727,2016-05-08
"rho_total_t",72,0.0322500045677044,0.0441897191394711,0.0516676480549755,0.0617037891393639,0.087800039594651,2016-05-15
"rho_total_t",73,0.0324102027350714,0.0443452428743875,0.0517836641903422,0.0618285731059644,0.0879961627989375,2016-05-22
"rho_total_t",74,0.0325929337383222,0.0444993014038314,0.0519553415998752,0.0620439013480771,0.0882935403795362,2016-05-29
"rho_total_t",75,0.0327004088590464,0.0446860618588704,0.0520938965946078,0.062245384591248,0.0887041752717938,2016-06-05
"rho_total_t",76,0.0328454678437308,0.0448839469964302,0.0522631696549105,0.0624147466867366,0.0890262557360654,2016-06-12
"rho_total_t",77,0.0330492113321098,0.0450301009033076,0.0524996301642674,0.0625613976997051,0.0891746853665249,2016-06-19
"rho_total_t",78,0.0332264011356468,0.0451917251649993,0.0526706769905037,0.0627644074719374,0.0893064088170184,2016-06-26
"rho_total_t",79,0.0333565506096508,0.045368062950836,0.0528716174330836,0.0629807196228115,0.0895257384678845,2016-07-03
"rho_total_t",80,0.0334309655419889,0.0455628842318394,0.0530594379019233,0.0631378430694917,0.0897071265067075,2016-07-10
"rho_total_t",81,0.0335764082289159,0.045712924921327,0.0532735200420098,0.0633078213637075,0.0900467499136413,2016-07-17
"rho_total_t",82,0.0337968518704891,0.0458905180684261,0.0534500900782547,0.0635152350869443,0.0903886695386424,2016-07-24
"rho_total_t",83,0.0340104760118902,0.0460421395005346,0.0535972060980472,0.0636780550154324,0.0907562784134066,2016-07-31
"rho_total_t",84,0.0341500409254814,0.046240326154607,0.0537904979443449,0.063911214108266,0.0910434189868435,2016-08-07
"rho_total_t",85,0.0343181406851176,0.0464083694482098,0.0539872163111189,0.0641503368108292,0.0913814198300833,2016-08-14
"rho_total_t",86,0.0344183424394543,0.0465468581420798,0.0541898718222013,0.064363248943693,0.0916454615182166,2016-08-21
"rho_total_t",87,0.0346154191956849,0.0467072628623785,0.0543532393833709,0.0645622349445441,0.0920112777245512,2016-08-28
"rho_total_t",88,0.034775094304087,0.0468791597491207,0.054586641402882,0.0646863575943112,0.092322699545596,2016-09-04
"rho_total_t",89,0.0348796210047038,0.0470580591988146,0.0548157896565075,0.0648350671647857,0.0926289063706415,2016-09-11
"rho_total_t",90,0.0349602516751131,0.0472394567015619,0.0549393370379371,0.0650558308397983,0.0928689642533655,2016-09-18
"rho_total_t",91,0.0350967089983716,0.0474228736972088,0.055120535473496,0.065281570986964,0.0931421854231334,2016-09-25
"rho_total_t",92,0.0351793457011627,0.047575890849657,0.0553066540901004,0.0654852951693227,0.093584573520736,2016-10-02
"rho_total_t",93,0.0353045652224492,0.0477483763344349,0.0554845013954753,0.0656941215294112,0.0938819401375553,2016-10-09
"rho_total_t",94,0.0353810832290189,0.0478956577439908,0.055648671262262,0.0659184966926869,0.0941242682097075,2016-10-16
"rho_total_t",95,0.0354667583101481,0.0480268746580076,0.0558649621946028,0.0661448845346687,0.0941248203334192,2016-10-23
"rho_total_t",96,0.0355828276481591,0.0481508455768335,0.0560625812047961,0.0663443617857713,0.0941775523456662,2016-10-30
"rho_total_t",97,0.0357113472346566,0.0482915344836339,0.0563261935953049,0.0665367510353715,0.0944142764092431,2016-11-06
"rho_total_t",98,0.0357398431480422,0.0484123294561505,0.0565248358876468,0.066760715131508,0.0946085279413625,2016-11-13
"rho_total_t",99,0.0359161443636414,0.0485459163958257,0.0566961831962272,0.0669152969469523,0.0949794938922111,2016-11-20
"rho_total_t",100,0.0360982533600226,0.048688593387864,0.0568991616987532,0.0671237773348333,0.095547552166137,2016-11-27
"rho_total_t",101,0.0362866339230649,0.0488829115808241,0.0570823859434599,0.06734591763515,0.0956830380725726,2016-12-04
"rho_total_t",102,0.0364351776521022,0.0489978518491319,0.0572973458787855,0.0676214166715587,0.0962701554063534,2016-12-11
"rho_total_t",103,0.036572016142499,0.0491661501913282,0.0574755088732828,0.0678858413819824,0.0964191095907264,2016-12-18
"rho_total_t",104,0.036789532639382,0.0493303025252772,0.0576937264848066,0.0680739220660005,0.0968556401712264,2016-12-25
"rho_total_t",105,0.0368871535847263,0.0494935297888278,0.0579140540706029,0.0682485749095692,0.0971860275982604,2017-01-01
"rho_total_t",106,0.0369934839588962,0.0496208100828102,0.0581463612584608,0.0684654240424238,0.0975857763081762,2017-01-08
"rho_total_t",107,0.0370854354552713,0.0497034233410878,0.0582981755298222,0.0687867409086461,0.0976813534904622,2017-01-15
"rho_total_t",108,0.0372646867462626,0.0499013789355631,0.0584139439932818,0.0690100506441984,0.0980088789473743,2017-01-22
"rho_total_t",109,0.0373530828804808,0.0500118863051648,0.0585801200141371,0.0692216397007725,0.0981966197483696,2017-01-29
"rho_total_t",110,0.0375102800099892,0.0502110142786,0.058769423436246,0.0693553605132826,0.0986140501335463,2017-02-05
"rho_total_t",111,0.0377484533968465,0.0503470801902645,0.0589493583815336,0.0695989212199508,0.0988256522670893,2017-02-12
"rho_total_t",112,0.0378352809917446,0.0504994215536233,0.0591237266517161,0.0698393001629597,0.0993311495149475,2017-02-19
"rho_total_t",113,0.0379446010827132,0.0506149739790052,0.0592864224771024,0.0701190202195521,0.0997069861220906,2017-02-26
"rho_total_t",114,0.0380814761557952,0.0507602470402118,0.0595146707857963,0.0703619390179961,0.0999053982005919,2017-03-05
"rho_total_t",115,0.0381956340137871,0.0509139339080589,0.0596985474019971,0.0706222515680148,0.100384661060798,2017-03-12
"rho_total_t",116,0.0383655648222251,0.0510623483875,0.0598753655463947,0.0708765209920387,0.100674610759539,2017-03-19
"rho_total_t",117,0.0385214720932986,0.0512201372782576,0.0600703119621073,0.0710963349840399,0.101018145080788,2017-03-26
"rho_total_t",118,0.0386790527390847,0.0513493367566696,0.0602513831764414,0.0712966355910843,0.101303196522083,2017-04-02
"rho_total_t",119,0.0387229724000889,0.0515323728351986,0.0604349569454223,0.0715416341009402,0.101610861423835,2017-04-09
"rho_total_t",120,0.0388612635064913,0.0517061017082652,0.0606455318637182,0.0718109330292931,0.101914827871346,2017-04-16
"rho_total_t",121,0.03899882995193,0.0518497708470628,0.060803776869255,0.0720772257858605,0.102356338333976,2017-04-23
"rho_total_t",122,0.0392041353006707,0.0520059126097228,0.061020521125037,0.0722954295296242,0.102643686936416,2017-04-30
"rho_total_t",123,0.0393133012486113,0.0521802628795969,0.0612095146354126,0.0725715736618595,0.102806037293025,2017-05-07
"rho_total_t",124,0.039377425987064,0.0523463219785693,0.0614125950097618,0.0728521161774032,0.103176610464067,2017-05-14
"rho_total_t",125,0.0395798015183885,0.0525212874725286,0.0615626748183917,0.073160446932718,0.103585862823398,2017-05-21
"rho_total_t",126,0.03969942349026,0.0526850258421457,0.0617766987612723,0.0734208975741733,0.10395856285173,2017-05-28
"rho_total_t",127,0.0397855782366126,0.0528081420344602,0.0620144017295229,0.0737248312840716,0.104293772088375,2017-06-04
"rho_total_t",128,0.0398957579479281,0.052937325723692,0.0622102230128428,0.0739675358604937,0.10477795133568,2017-06-11
"rho_total_t",129,0.0400136739744853,0.0530879359098615,0.0623971553587511,0.0743101489808613,0.105127247639906,2017-06-18
"rho_total_t",130,0.0400719333004655,0.053227161120477,0.0626160152763503,0.0746640710538892,0.105556900641676,2017-06-25
"rho_total_t",131,0.0402265128255513,0.0533348534070109,0.0628208377611394,0.0750045980825253,0.106049955788626,2017-07-02
"rho_total_t",132,0.0403683143726699,0.0535005351115729,0.0630127658217015,0.0753027604482032,0.106465936058861,2017-07-09
"rho_total_t",133,0.0404780062062349,0.0536669993946196,0.0631828650435337,0.0755690699098338,0.106883977870199,2017-07-16
"rho_total_t",134,0.0405953163015144,0.0538010987952465,0.0633613271381815,0.0758787109683384,0.107302135916279,2017-07-23
"rho_total_t",135,0.0406803389715616,0.0539410495626198,0.0635496691345289,0.0762545567792268,0.107805120523443,2017-07-30
"rho_total_t",136,0.0406909320426618,0.0540931383345557,0.0637138050185392,0.0765757623257826,0.108387124142161,2017-08-06
"rho_total_t",137,0.0407533830824713,0.0542138001134852,0.0639117722325033,0.0768356927677884,0.109090059005928,2017-08-13
"rho_total_t",138,0.0408003043059736,0.0543836016023429,0.064084098740473,0.0771780729952622,0.109558947575683,2017-08-20
"rho_total_t",139,0.0408342472938081,0.0545010932556042,0.0642887707306722,0.0774428623040149,0.109704053082488,2017-08-27
"rho_total_t",140,0.0409096402152962,0.0546318976517141,0.0645328100890221,0.077743979046632,0.110002040526364,2017-09-03
"rho_total_t",141,0.0409983891342824,0.0547266324856848,0.0647707658925158,0.0779790267736254,0.110302515929059,2017-09-10
"rho_total_t",142,0.0410917007985443,0.0548730497666884,0.0649784669548284,0.0782586265464804,0.1107166657603,2017-09-17
"rho_total_t",143,0.0412422962941356,0.0550907311091951,0.0652212058324013,0.0785221362235934,0.111501758841903,2017-09-24
"rho_total_t",144,0.0413572163483748,0.0552186783230875,0.0654278100056584,0.0787446994769692,0.112133565105542,2017-10-01
"rho_total_t",145,0.0414927441314618,0.0553815149963402,0.065610155145185,0.0790950030520272,0.112700710016687,2017-10-08
"rho_total_t",146,0.0416077956666011,0.0555891392598949,0.0658385408234017,0.0793602370398389,0.113150260523757,2017-10-15
"rho_total_t",147,0.0416296216865273,0.0557915530502344,0.0660538719371946,0.0796342832233944,0.113711539407302,2017-10-22
"rho_total_t",148,0.0417202251093143,0.0559071618185059,0.0662740001561166,0.0798832880463489,0.114042191251658,2017-10-29
"rho_total_t",149,0.0418109403128429,0.0560379589566483,0.0664543365260016,0.0801914201339973,0.114746310461304,2017-11-05
"rho_total_t",150,0.0418731890644156,0.0561884374225429,0.0667196265954185,0.080451793526395,0.115248334671804,2017-11-12
"rho_total_t",151,0.0419611049248018,0.0562958763289139,0.0669636186943869,0.0806904002806217,0.115592114957662,2017-11-19
"rho_total_t",152,0.0420707694633627,0.0564306614557026,0.0671934159158153,0.0809791682618132,0.116028821608013,2017-11-26
"rho_total_t",153,0.0421649012105571,0.0565803778762424,0.0674330018585525,0.0813303152678516,0.116797950125845,2017-12-03
"rho_total_t",154,0.0421855344341794,0.0567504022818395,0.067660381346731,0.0816635105063483,0.117205205611701,2017-12-10
"rho_total_t",155,0.0423966611811966,0.0569264343891469,0.0678214828190306,0.0819694446329026,0.117635851775841,2017-12-17
"rho_total_t",156,0.0424796294374569,0.0570782999520851,0.0680318878784825,0.0823094954675153,0.118298646354951,2017-12-24
"rho_total_t",157,0.0425341040966208,0.0572578849963045,0.0682184819049468,0.082602305072638,0.119017256350054,2017-12-31
"rho_total_t",158,0.0426357182335063,0.0574322521152313,0.068449992703787,0.0829356098285772,0.119714194956189,2018-01-07
"rho_total_t",159,0.0426446779894873,0.0575768670285826,0.0686521388497651,0.0832413603143978,0.120414164669933,2018-01-14
"rho_total_t",160,0.0426998564726776,0.0577101709436679,0.0688453220242886,0.0836548630027885,0.121114814258249,2018-01-21
"rho_total_t",161,0.042790114494579,0.0578398829341343,0.0690215387151269,0.0839666181529909,0.121648947907827,2018-01-28
"rho_total_t",162,0.0428514512863525,0.0580034673367958,0.0692388270845853,0.0842376964136846,0.1224422851353,2018-02-04
"rho_total_t",163,0.0428833936511278,0.0581502235727554,0.0694174854321272,0.0845047343495077,0.123238775225554,2018-02-11
"rho_total_t",164,0.0429089421697491,0.0583084789367525,0.0696521635621662,0.084815626413028,0.123837323299904,2018-02-18
"rho_total_t",165,0.0429466780822573,0.0585177091643137,0.0698043917444261,0.0851746784407544,0.124452961102902,2018-02-25
"rho_total_t",166,0.043035238284985,0.058702803612545,0.0700288505426803,0.0854764995634659,0.125084812502452,2018-03-04
"rho_total_t",167,0.0430976644516935,0.0588534019482509,0.0702366422513106,0.0857711090936948,0.125728688370723,2018-03-11
"rho_total_t",168,0.043193628129092,0.0589746552390187,0.0704373524789828,0.086099605060441,0.126481544895831,2018-03-18
"rho_total_t",169,0.0432367619302597,0.0591588273160873,0.0706277579616564,0.0864007651422148,0.127226430344686,2018-03-25
"rho_total_t",170,0.043261819871306,0.0593107669653829,0.0708610196090246,0.0867116734542797,0.128105032488234,2018-04-01
"rho_total_t",171,0.0432745183404729,0.0594838962452478,0.0710213256390262,0.0871123795441272,0.128806812345002,2018-04-08
"rho_total_t",172,0.0433272469027447,0.0596507150334282,0.0712692745760752,0.0873994285395567,0.129574184950022,2018-04-15
"rho_total_t",173,0.0433630194573631,0.0597926644480159,0.071456536890509,0.0877460870595937,0.13006857710554,2018-04-22
"rho_total_t",174,0.0434530251100817,0.059978550661023,0.0717101042043746,0.0879905444707236,0.130675720193516,2018-04-29
"rho_total_t",175,0.0435335433510481,0.0600959387940084,0.0719091256391554,0.0882955792346815,0.130958255011857,2018-05-06
"rho_total_t",176,0.0435993398481906,0.0602166440149102,0.0720910336673856,0.0886054772462773,0.132061113644039,2018-05-13
"rho_total_t",177,0.0436276565168798,0.0604010661556831,0.0722781384432038,0.0889519890542199,0.132899816549411,2018-05-20
"rho_total_t",178,0.0436566273261836,0.0605617847813542,0.0725281966657869,0.0893053781066812,0.133532853509363,2018-05-27
"rho_total_t",179,0.0436856159058799,0.0607054611906365,0.0727211558849287,0.0897498201231212,0.134165692490815,2018-06-03
"rho_total_t",180,0.0437138057947854,0.0608436445214768,0.0728597905179323,0.0901224780350846,0.134847733661079,2018-06-10
"rho_total_t",181,0.0437417540080793,0.0610008736792231,0.0730361126655939,0.0904549131117238,0.135606388955981,2018-06-17
"rho_total_t",182,0.0437820331126495,0.0611761639880097,0.0732133641045061,0.0907822276448397,0.136200439826719,2018-06-24
"rho_total_t",183,0.0438716139035511,0.0613002780167582,0.0733868680808027,0.0911072900857663,0.136903805173605,2018-07-01
"rho_total_t",184,0.0439382361135834,0.0614480984283369,0.0735979494260551,0.0914174428765042,0.137481953439141,2018-07-08
"rho_total_t",185,0.0439919261824509,0.0616233162881005,0.0738328603522132,0.0918113967541733,0.138294180184371,2018-07-15
"rho_total_t",186,0.0440418261910116,0.0617844295435497,0.0740201150329707,0.0921209506677451,0.139008768608968,2018-07-22
"rho_total_t",187,0.0441237321496072,0.0619082031941202,0.0742676510898401,0.0924970575399569,0.139590832947268,2018-07-29
"rho_total_t",188,0.0441700934099778,0.0620907334855387,0.0745077795035686,0.0927620475964634,0.140309937261855,2018-08-05
"rho_total_t",189,0.0442345871272945,0.0622460134716802,0.0747537978685279,0.0930918979927577,0.141098198632917,2018-08-12
"rho_total_t",190,0.0442796966173032,0.0623541846794481,0.0749327339202353,0.0933883316620866,0.1417425792019,2018-08-19
"rho_total_t",191,0.0443122728263133,0.0625086431932354,0.0751775543357529,0.093691135901344,0.142376735938365,2018-08-26
"rho_total_t",192,0.044338834080583,0.062626181830081,0.0754421398527989,0.0941052323684096,0.143010743052639,2018-09-02
"rho_total_t",193,0.0443499614620974,0.0628088528107097,0.0756568168016207,0.0945266361048507,0.143652032739809,2018-09-09
"rho_total_t",194,0.0443782415569131,0.0629157993858886,0.075922784655599,0.0949292226798386,0.144509370569739,2018-09-16
"rho_total_t",195,0.0444627501203101,0.0630256257605007,0.0761165825704855,0.0952934872027234,0.14546376162858,2018-09-23
"rho_total_t",196,0.0445338138198331,0.0631829750076735,0.0763396458668265,0.0956703104177462,0.146348384821093,2018-09-30
"rho_total_t",197,0.0445812115379539,0.0633739228286261,0.076537292745191,0.0960502898893286,0.146975194514781,2018-10-07
"rho_total_t",198,0.0446788893720286,0.0634983948432543,0.0767878504227492,0.0964002185010136,0.147519030153971,2018-10-14
"rho_total_t",199,0.0447543355034332,0.0636109614118531,0.0770134152054997,0.0968490812850916,0.14822447748627,2018-10-21
"rho_total_t",200,0.0448323612764635,0.0636885195978982,0.0772435923029157,0.0973081021844316,0.149123378890302,2018-10-28
"rho_total_t",201,0.044896526496261,0.063789282349949,0.077478928526254,0.0977583135810426,0.149994563205082,2018-11-04
"rho_total_t",202,0.0449486869073098,0.0638323268372674,0.077727321857967,0.0981880296239334,0.150655415904146,2018-11-11
"rho_total_t",203,0.0449960444880465,0.0639631651203546,0.0779734994840537,0.0985831348875515,0.151620188614364,2018-11-18
"rho_total_t",204,0.0450436208538033,0.0641126577778162,0.0782202631986307,0.0989707536200247,0.152450243614024,2018-11-25
"rho_total_t",205,0.0450951679997527,0.0642762668690907,0.0784435841641944,0.0993792999592502,0.153074921024995,2018-12-02
"rho_total_t",206,0.0451385709981093,0.064385760495043,0.0786354456841869,0.0997954597868288,0.153559944051495,2018-12-09
"rho_total_t",207,0.0451859270159792,0.0644622849470966,0.0789029247652053,0.100195573305256,0.15397853865724,2018-12-16
"rho_total_t",208,0.0452778230461859,0.0645596210945609,0.0791947085353175,0.100572426668632,0.154442315145961,2018-12-23
"rho_total_t",209,0.0453389672725854,0.0646810861586539,0.0794531156041073,0.100919162731361,0.155228834561595,2018-12-30
"expected_reported_cases",1,0.013486055028633,0.0738600854537594,0.211920523758403,0.46571570928863,1.81939142925553,2015-01-04
"expected_reported_cases",2,0.0157824027520166,0.0836197808831827,0.202882051550408,0.464592913941345,1.66311826065012,2015-01-11
"expected_reported_cases",3,0.0160342305132693,0.0905311256059609,0.203629065688289,0.454178033850085,1.61028019199859,2015-01-18
"expected_reported_cases",4,0.0166518408648854,0.0913131026859813,0.21173570450754,0.465229947512847,1.61990469183637,2015-01-25
"expected_reported_cases",5,0.0173243518074071,0.0990909019913751,0.239392528216968,0.555874124979316,1.99972800676191,2015-02-01
"expected_reported_cases",6,0.0193896177620158,0.144311921776806,0.378844303900304,0.908206393192672,2.70477120320287,2015-02-08
"expected_reported_cases",7,0.0349781177325338,0.274895682920415,0.643049232427241,1.29226388267001,3.16622520596337,2015-02-15
"expected_reported_cases",8,0.022135016216136,0.166206788119155,0.418765658026555,0.958024087192915,2.78441762020719,2015-02-22
"expected_reported_cases",9,0.385819579020943,0.664804937564403,0.886063868447985,1.1680818619091,1.89118244899319,2015-03-01
"expected_reported_cases",10,0.439209679972471,0.728437424327645,0.948856001827716,1.20040242766616,1.84883739928787,2015-03-08
"expected_reported_cases",11,0.519603208319863,0.839502546351078,1.04841881800628,1.29146664965613,1.93427077515951,2015-03-15
"expected_reported_cases",12,0.575378360403445,0.913743181437563,1.13380825559531,1.39474454555952,2.07822080774054,2015-03-22
"expected_reported_cases",13,0.622534018869802,0.974941443984907,1.20787768768818,1.48942394002496,2.18756508077091,2015-03-29
"expected_reported_cases",14,0.663759471228065,1.01273302021058,1.26005790983507,1.55087015159936,2.28319330979008,2015-04-05
"expected_reported_cases",15,0.672349807045473,1.03181903993559,1.28334560044822,1.59553621385681,2.2890324979953,2015-04-12
"expected_reported_cases",16,0.661163321031705,1.02486209373893,1.27979112048686,1.59063263841711,2.32931290819926,2015-04-19
"expected_reported_cases",17,0.618720381512197,0.974720572090014,1.23510455739518,1.52898015546979,2.22013436130096,2015-04-26
"expected_reported_cases",18,0.530670245860159,0.866412881216918,1.09580080355584,1.37085158730666,2.0765222668855,2015-05-03
"expected_reported_cases",19,0.464397629716209,0.779033577525684,0.994681609021467,1.25008806791203,1.89637030223917,2015-05-10
"expected_reported_cases",20,0.372595872901899,0.633100044474563,0.820211091050168,1.04921683038867,1.61932099195571,2015-05-17
"expected_reported_cases",21,0.298933067459379,0.522556635000478,0.69276563467327,0.905415025546427,1.42293091215878,2015-05-24
"expected_reported_cases",22,0.229014234662856,0.415360807202733,0.560277676196509,0.743242742436134,1.20864228382171,2015-05-31
"expected_reported_cases",23,0.17171299017606,0.317861228062097,0.442113379256257,0.601822055907282,0.983920260867825,2015-06-07
"expected_reported_cases",24,0.128354627665505,0.24834630790985,0.355350617845836,0.485764656682112,0.84455905361269,2015-06-14
"expected_reported_cases",25,0.0929954781740719,0.190690907401016,0.276642755077503,0.383401400527608,0.688810355720827,2015-06-21
"expected_reported_cases",26,0.0682133885472297,0.147449862300794,0.217587333554591,0.307036146351239,0.569834120010656,2015-06-28
"expected_reported_cases",27,0.0512735471417966,0.114958702167229,0.172729584773724,0.249588628960902,0.485381794871373,2015-07-05
"expected_reported_cases",28,0.0367944041714853,0.0905177029480438,0.139851856630651,0.202676735119078,0.401859156467533,2015-07-12
"expected_reported_cases",29,0.029031080095536,0.0714922559437096,0.113706522055918,0.166820558623402,0.339692341794274,2015-07-19
"expected_reported_cases",30,0.0220007686670529,0.0585471954130165,0.0941719733035318,0.139912646637632,0.292781377233476,2015-07-26
"expected_reported_cases",31,0.0184505568260274,0.0485374794922684,0.0802104425786897,0.119215389190665,0.258395791893494,2015-08-02
"expected_reported_cases",32,0.0152734402760186,0.0413655530262085,0.0701070435718734,0.105245822397744,0.227919975897507,2015-08-09
"expected_reported_cases",33,0.0127579255184124,0.036099175900074,0.0618436315377213,0.0932490720786072,0.217494322101401,2015-08-16
"expected_reported_cases",34,0.011452977386087,0.0329365092451401,0.0569235512373608,0.0853616472744281,0.201067446580465,2015-08-23
"expected_reported_cases",35,0.0102802634590872,0.0310263280082177,0.0529065493761123,0.080968407889104,0.190289425742693,2015-08-30
"expected_reported_cases",36,0.00972190871066793,0.0298880389949671,0.0512196126117224,0.0798613776794242,0.184427476261548,2015-09-06
"expected_reported_cases",37,0.00969874435604355,0.0300602124673443,0.0505950954016146,0.0799165708013911,0.194263575008821,2015-09-13
"expected_reported_cases",38,0.0105768846307504,0.0314707261834229,0.052237336460751,0.0828699037999125,0.192962213261666,2015-09-20
"expected_reported_cases",39,0.0116461488170849,0.0339680211280408,0.0557376857221879,0.0887267915477597,0.20236535092371,2015-09-27
"expected_reported_cases",40,0.0133717959413995,0.0381138332150377,0.0618039742191581,0.0983568430604875,0.214463108219151,2015-10-04
"expected_reported_cases",41,0.0166596487283677,0.0442294155045508,0.0708835328369213,0.110909993177746,0.241876511241417,2015-10-11
"expected_reported_cases",42,0.0212090447899721,0.0537336750613554,0.085151553925148,0.129935056775091,0.271714134173126,2015-10-18
"expected_reported_cases",43,0.0279433927326838,0.0672624046744769,0.105187310599093,0.158439174322737,0.316702847374341,2015-10-25
"expected_reported_cases",44,0.0394311088891723,0.0876731296308718,0.134811033585545,0.195387010755065,0.372345364941241,2015-11-01
"expected_reported_cases",45,0.0556088095282434,0.118666722785247,0.176312865854,0.250529185299778,0.45195479426801,2015-11-08
"expected_reported_cases",46,0.081173598717821,0.166223894064035,0.239744690658557,0.337242025790209,0.566325535507593,2015-11-15
"expected_reported_cases",47,0.123443856845692,0.238213583746957,0.331081331277602,0.453844971724369,0.747091745908211,2015-11-22
"expected_reported_cases",48,0.193624771826469,0.356875310895816,0.474986023252326,0.624993707472132,1.02795894654509,2015-11-29
"expected_reported_cases",49,0.305071809022829,0.522636794271,0.6690593596416,0.872854828238949,1.34364764807227,2015-12-06
"expected_reported_cases",50,0.492038203489631,0.794778672713745,0.991386117782583,1.24450157654881,1.87317231356526,2015-12-13
"expected_reported_cases",51,0.741469610253186,1.12956016816297,1.38290456197405,1.68432205176383,2.42290139358596,2015-12-20
"expected_reported_cases",52,1.14904177746986,1.6619157055543,2.00038277906914,2.35952749579818,3.27916925491806,2015-12-27
"expected_reported_cases",53,1.80392305464919,2.46971238775663,2.92113691521302,3.41521876009345,4.5418709817139,2016-01-03
"expected_reported_cases",54,2.78309762264027,3.63897641868121,4.19732558417908,4.87299441740028,6.24735195607634,2016-01-10
"expected_reported_cases",55,3.9593510850848,5.11183583159345,5.81771215802403,6.59139026156591,8.30006891332425,2016-01-17
"expected_reported_cases",56,5.62890705162418,7.08213089213499,7.96378650978087,8.91827127758473,10.9326383599043,2016-01-24
"expected_reported_cases",57,8.60207583684807,10.6690439780937,11.891750552592,13.1668950569277,15.9651658122793,2016-01-31
"expected_reported_cases",58,10.7981543579955,13.1652500280522,14.5696404323342,16.1413847252718,19.6896718957856,2016-02-07
"expected_reported_cases",59,16.6755396024409,20.0017230561258,21.9777915042953,24.1310965149724,28.6818658317566,2016-02-14
"expected_reported_cases",60,24.5920921847232,29.0871613989434,31.6245892134844,34.4470510114885,40.6673200273223,2016-02-21
"expected_reported_cases",61,42.9283853877753,49.8385189841595,53.7372076900373,57.7773796976323,66.6730984845277,2016-02-28
"expected_reported_cases",62,73.54912645159,84.0640447093389,89.8560071430747,96.063471787617,108.244685240209,2016-03-06
"expected_reported_cases",63,104.715217408705,118.345940960577,126.69925051016,135.267992311826,153.496948799413,2016-03-13
"expected_reported_cases",64,144.840950247845,163.917838005115,174.699650123925,186.688429437032,213.727186950822,2016-03-20
"expected_reported_cases",65,202.88750501523,228.451303707879,243.960962496944,259.84442642213,293.135880786477,2016-03-27
"expected_reported_cases",66,293.908853737944,331.686870970917,352.506268048606,374.896876164636,421.204638433116,2016-04-03
"expected_reported_cases",67,419.835656362847,471.051054636242,500.170696656399,532.514229592864,606.063728952535,2016-04-10
"expected_reported_cases",68,610.652339400626,678.955333705263,721.601005146879,763.984565310833,860.247801816509,2016-04-17
"expected_reported_cases",69,891.507453897419,999.531161512011,1059.84568064942,1121.91485851418,1264.41361726521,2016-04-24
"expected_reported_cases",70,1264.65312743877,1409.0218959947,1492.42554985191,1581.11073495329,1760.52194113314,2016-05-01
"expected_reported_cases",71,1600.0967102184,1788.50112699082,1892.09866092048,2002.11275930375,2229.27314199507,2016-05-08
"expected_reported_cases",72,1693.36772131068,1885.64727492175,2002.14605750885,2124.14366559929,2393.88551109564,2016-05-15
"expected_reported_cases",73,1772.53242405295,1971.2055810681,2092.34793133223,2228.20864332997,2508.09892408894,2016-05-22
"expected_reported_cases",74,1829.57758701418,2045.6155714962,2164.18145530203,2292.71091908289,2567.4856977783,2016-05-29
"expected_reported_cases",75,1704.63265115475,1910.73035531849,2021.13735026405,2139.96534002936,2401.50521251787,2016-06-05
"expected_reported_cases",76,1570.57234817328,1748.25946846839,1852.78126126603,1965.79339560672,2177.36820539766,2016-06-12
"expected_reported_cases",77,1335.25163455155,1495.7210854752,1584.70571988345,1683.26204798637,1881.85332575194,2016-06-19
"expected_reported_cases",78,1219.49630086814,1366.99159000421,1441.51009940591,1530.08357160152,1723.94436870299,2016-06-26
"expected_reported_cases",79,1073.41137756003,1197.96777141812,1270.79586201914,1349.34881407191,1504.80415445486,2016-07-03
"expected_reported_cases",80,988.315291572538,1103.22270548882,1168.23524322033,1236.31725547386,1379.30906300656,2016-07-10
"expected_reported_cases",81,822.493554542209,916.538299966531,973.601745190453,1033.4119707298,1167.92252526302,2016-07-17
"expected_reported_cases",82,707.337487603142,791.323907880794,839.527661238939,888.685719189207,994.702249030135,2016-07-24
"expected_reported_cases",83,591.667300221961,665.513095634853,707.662410008491,750.920171760271,846.929706699594,2016-07-31
"expected_reported_cases",84,491.3681557032,548.789030759324,581.253473375008,616.612361863506,693.949486806104,2016-08-07
"expected_reported_cases",85,420.237519059852,473.584715891906,502.702480581412,533.30406082958,601.237065278472,2016-08-14
"expected_reported_cases",86,356.454831756838,398.345470127045,423.039092391805,449.766734945822,507.270004075158,2016-08-21
"expected_reported_cases",87,295.495817705455,330.909277528575,352.425538489728,375.272613542139,425.335670339004,2016-08-28
"expected_reported_cases",88,237.553518279457,267.653055373111,284.926548950443,302.920967130887,343.047766596932,2016-09-04
"expected_reported_cases",89,216.329369830709,242.496573407428,257.997833028981,274.969956041198,310.417336405978,2016-09-11
"expected_reported_cases",90,180.61026435395,204.725351458815,217.165511642371,231.747912753304,261.22319661988,2016-09-18
"expected_reported_cases",91,170.807381395022,192.715213555487,205.286077250866,218.078835819112,246.106624063148,2016-09-25
"expected_reported_cases",92,164.767122652364,184.640051440493,196.189538500507,208.921552772122,237.099295580139,2016-10-02
"expected_reported_cases",93,164.616031476286,184.970907547525,196.548709158314,209.19746932615,237.017872561424,2016-10-09
"expected_reported_cases",94,176.599753431644,197.715957103985,209.876043912897,223.432526740254,254.204431314481,2016-10-16
"expected_reported_cases",95,172.852188375134,196.175337189313,209.652602074438,224.796580523706,256.873653967688,2016-10-23
"expected_reported_cases",96,204.909043604254,231.861798874955,246.521400020596,262.386218422723,296.409893237541,2016-10-30
"expected_reported_cases",97,238.803567803429,269.207419137126,286.386699472266,305.452570246038,342.754910681913,2016-11-06
"expected_reported_cases",98,288.919350021009,324.31580895192,344.828468974259,366.394610129785,413.327568514906,2016-11-13
"expected_reported_cases",99,317.860889156485,357.961154357906,381.765861606064,406.386792947664,457.571802717517,2016-11-20
"expected_reported_cases",100,245.524410268247,276.60431004112,294.192769325972,311.84596224544,351.83522629094,2016-11-27
"expected_reported_cases",101,191.012350266699,216.363044075344,229.743513767041,244.951654092851,279.313607655042,2016-12-04
"expected_reported_cases",102,152.693204949223,173.002548690586,184.83829609717,197.405940804272,223.475387137443,2016-12-11
"expected_reported_cases",103,127.371397671783,145.448745769602,156.36864118632,167.563956324871,192.18358643664,2016-12-18
"expected_reported_cases",104,112.119183174443,130.334526059179,140.889116483116,152.645763936164,178.358449293146,2016-12-25
"expected_reported_cases",105,166.356250550211,187.859601577574,199.085650173703,211.667646214244,239.343317329568,2017-01-01
"expected_reported_cases",106,198.036507521031,223.986273400805,238.007307620751,252.991198382005,283.433287892054,2017-01-08
"expected_reported_cases",107,254.255193382989,285.641857049787,303.359450279906,320.15468024233,359.456884196261,2017-01-15
"expected_reported_cases",108,297.082705841309,336.084950642799,357.133041908679,379.132162486509,423.869124831937,2017-01-22
"expected_reported_cases",109,371.959024471629,414.364659242921,439.854956092669,466.680454985871,522.519952375213,2017-01-29
"expected_reported_cases",110,464.43423654009,520.052064825093,550.530882079561,584.027126036896,650.624726904599,2017-02-05
"expected_reported_cases",111,579.757327150259,647.386476549018,685.708762515496,727.338189683809,825.378828412358,2017-02-12
"expected_reported_cases",112,785.978320704641,874.704697951066,929.745341338045,984.195992830925,1116.92794902306,2017-02-19
"expected_reported_cases",113,1165.43579172394,1310.48549751712,1389.12978245927,1474.51697984927,1648.70282335461,2017-02-26
"expected_reported_cases",114,1723.86402247664,1915.0020732976,2027.85846458904,2149.0611459571,2418.47476593641,2017-03-05
"expected_reported_cases",115,2555.42953447563,2849.70866745841,3019.0605451754,3198.83836709543,3595.98950392622,2017-03-12
"expected_reported_cases",116,3441.99033986037,3872.80067265825,4093.71740884272,4329.62722964084,4852.17956940115,2017-03-19
"expected_reported_cases",117,5011.00595835537,5589.1344887136,5908.66528764942,6248.27623490159,6995.84460418469,2017-03-26
"expected_reported_cases",118,6205.30163082647,6888.00008165639,7287.10688695536,7718.16616149841,8619.18302573569,2017-04-02
"expected_reported_cases",119,7341.8077074827,8147.7027742224,8603.26859626799,9111.74519770518,10236.567646716,2017-04-09
"expected_reported_cases",120,8207.66878995107,9133.45977035921,9671.15720115352,10247.7657049214,11393.4841943884,2017-04-16
"expected_reported_cases",121,7960.49779299144,8884.14176427174,9402.02491693984,9975.13223443934,11280.7859595426,2017-04-23
"expected_reported_cases",122,8387.63853549385,9324.52220052732,9853.65246695838,10429.3550363104,11653.5215240861,2017-04-30
"expected_reported_cases",123,7445.03818507829,8278.70563378201,8768.69768308627,9291.99372139361,10375.4651369897,2017-05-07
"expected_reported_cases",124,6499.32916953529,7253.68684446502,7692.47164140724,8157.33622100552,9156.48510714372,2017-05-14
"expected_reported_cases",125,4898.42230896334,5456.25904393626,5782.42544472471,6138.60869913375,6919.85641975313,2017-05-21
"expected_reported_cases",126,3858.07320789995,4297.5082721318,4568.15309277104,4839.25793716745,5423.3425625503,2017-05-28
"expected_reported_cases",127,2848.35590916525,3173.72879702504,3362.8992492017,3576.93297559542,4008.55194748196,2017-06-04
"expected_reported_cases",128,2033.80200425506,2271.25868911769,2414.46683399519,2562.93712312233,2881.15503400942,2017-06-11
"expected_reported_cases",129,1581.27909571328,1773.55978263426,1877.68926170079,1995.95810104681,2255.35018236084,2017-06-18
"expected_reported_cases",130,1235.50786718544,1382.73326169873,1468.10636488126,1558.75323808825,1753.17936299542,2017-06-25
"expected_reported_cases",131,1024.52079384286,1141.87372672373,1208.4610929277,1281.57029152883,1445.63524468428,2017-07-02
"expected_reported_cases",132,792.775559629058,881.469162625647,936.670128726539,993.209759749766,1113.73241578129,2017-07-09
"expected_reported_cases",133,645.350552933895,725.693341207821,771.473892786346,817.508755557465,917.938427092274,2017-07-16
"expected_reported_cases",134,516.357465810386,579.594046353374,615.091406929346,652.817830450792,731.358168564236,2017-07-23
"expected_reported_cases",135,420.717218737634,472.604600365235,501.429868978968,532.856559338741,600.845328488311,2017-07-30
"expected_reported_cases",136,312.530858131966,351.367506331566,373.310338577619,397.139397029682,447.819732433249,2017-08-06
"expected_reported_cases",137,242.55073074985,273.153779600608,289.778356385149,308.064620036201,347.155474033122,2017-08-13
"expected_reported_cases",138,174.914145212147,196.695773410998,209.656347624546,224.852633109009,254.225059556994,2017-08-20
"expected_reported_cases",139,125.862722639034,142.913906012689,153.429774304144,164.083259231067,186.041826089189,2017-08-27
"expected_reported_cases",140,103.783547465531,118.48574290963,126.82925567045,135.293852956378,154.638359520647,2017-09-03
"expected_reported_cases",141,88.7299480495642,101.339459873026,108.486733123965,115.791115746733,132.305186666624,2017-09-10
"expected_reported_cases",142,74.0775226257451,85.4262730846703,91.5907472903549,98.3560976796119,112.41831000407,2017-09-17
"expected_reported_cases",143,65.6486664916922,74.9906808664523,80.4753235559583,86.2582785260821,98.4186345896597,2017-09-24
"expected_reported_cases",144,59.7435572373573,67.8302974888523,72.6492816367888,78.1151529306096,89.1547979916737,2017-10-01
"expected_reported_cases",145,46.9054266240773,54.4246073858935,58.7881999383328,63.4379978506372,73.2894214284284,2017-10-08
"expected_reported_cases",146,44.7057643221036,51.8334700516109,55.8863445413237,60.1901871797477,68.9892059153156,2017-10-15
"expected_reported_cases",147,43.1576786058428,49.5546418548236,53.4387479404679,57.7007478327877,66.3884979246461,2017-10-22
"expected_reported_cases",148,45.5726923096356,52.7260932899825,56.8511052571439,61.1005908096057,70.2238560976058,2017-10-29
"expected_reported_cases",149,44.345189826387,51.235846483394,55.1282769859681,59.420400420276,68.4201957146816,2017-11-05
"expected_reported_cases",150,39.1047417191864,45.3314399178722,48.9005658849893,52.6894837222481,61.2719846076676,2017-11-12
"expected_reported_cases",151,34.3785207296623,39.7863179556222,43.0887858577951,46.6526970954996,53.9781616687754,2017-11-19
"expected_reported_cases",152,32.8851651554094,38.2000520307896,41.3709321505833,44.6137587241916,51.9741255042895,2017-11-26
"expected_reported_cases",153,31.7028958269541,36.6617275090925,39.496259331729,42.7420199702273,49.4345877500652,2017-12-03
"expected_reported_cases",154,29.8181823136113,34.3326381849341,36.8650245585019,39.9809288130577,46.7934300221984,2017-12-10
"expected_reported_cases",155,24.8561903555454,29.4174821685041,32.003177103254,34.7582941732802,40.343840406368,2017-12-17
"expected_reported_cases",156,23.976868504342,28.1915755153992,30.740952970593,33.4166167519428,39.0499786843842,2017-12-24
"expected_reported_cases",157,27.3066411117667,31.8830440941598,34.4844325392356,37.3675698039153,42.9784473175097,2017-12-31
"expected_reported_cases",158,29.8878489967476,34.9472642771841,37.7017558671509,40.8263845149006,47.0782517732887,2018-01-07
"expected_reported_cases",159,33.2257456403258,38.567760554422,41.5225710474969,44.9604687564662,51.6875966271965,2018-01-14
"expected_reported_cases",160,34.9787111602743,40.4069810739567,43.7176819090871,47.0033910724699,54.2161742403664,2018-01-21
"expected_reported_cases",161,36.2826252669604,42.171134517578,45.4604896137113,49.0098933631757,56.709911622014,2018-01-28
"expected_reported_cases",162,37.822806409879,43.5504731046581,47.0148825330843,50.5755662168119,58.7826726405973,2018-02-04
"expected_reported_cases",163,40.2180958133334,46.1521020282235,49.7857747335765,53.6836039919301,61.5725834771851,2018-02-11
"expected_reported_cases",164,44.0486868462872,50.8231334468076,54.5120266062683,58.6178459914063,68.0004227650359,2018-02-18
"expected_reported_cases",165,51.1886692875001,58.4765199778023,62.5713481448832,67.1180085569278,76.6378224016365,2018-02-25
"expected_reported_cases",166,48.6763772929107,56.0806629364238,60.186956489623,64.6549210488419,74.2261179985715,2018-03-04
"expected_reported_cases",167,51.6947533205887,59.1587035013697,63.6183607407187,68.5608088536779,78.4133000356141,2018-03-11
"expected_reported_cases",168,46.891384687694,54.4363211619142,58.8133215483578,63.3979867813463,73.1458860874448,2018-03-18
"expected_reported_cases",169,46.7495311568142,54.4411148760036,58.4914592145364,63.2504748861114,73.3554272331628,2018-03-25
"expected_reported_cases",170,53.0375349892104,60.5103867275981,65.2459755234291,70.3066185338064,80.4125716306695,2018-04-01
"expected_reported_cases",171,51.6575067115163,59.2857393788924,63.7673298205604,68.9158995974789,79.3835340265985,2018-04-08
"expected_reported_cases",172,46.4649841575485,53.6379401509515,57.5997683436333,61.8069313482667,71.0193333832355,2018-04-15
"expected_reported_cases",173,36.1985384649509,41.7805235416147,45.2498478789122,48.8832894360889,56.5535217158298,2018-04-22
"expected_reported_cases",174,31.1639353211812,36.3087415888958,39.2179807161951,42.521104198334,49.0679058158246,2018-04-29
"expected_reported_cases",175,26.2674905004701,30.6973868905883,33.4260490935304,36.2598035378264,42.2210600525281,2018-05-06
"expected_reported_cases",176,25.3272086568612,29.5059454773743,32.118078257179,34.6491909970907,40.5791701448906,2018-05-13
"expected_reported_cases",177,23.60320986177,27.4664375176661,29.9190863670588,32.480252610802,37.9232983978114,2018-05-20
"expected_reported_cases",178,21.6009884288288,25.3999364600193,27.6432820465894,30.0505140154564,35.181441927427,2018-05-27
"expected_reported_cases",179,20.1979719166746,23.792683188028,25.9392076006387,28.2384483256831,32.9791023800455,2018-06-03
"expected_reported_cases",180,19.8110531996201,23.517670938044,25.5636260342317,27.8356558957402,32.4129955093523,2018-06-10
"expected_reported_cases",181,19.3912314545876,22.8315348126996,24.9688359360002,27.1351812722907,31.5865501427357,2018-06-17
"expected_reported_cases",182,16.7410051764231,19.8720241967881,21.9309231424208,23.8913468964276,28.4011308387857,2018-06-24
"expected_reported_cases",183,17.7657981319999,21.235925766694,23.1459292483181,25.2694777252013,29.7780882264465,2018-07-01
"expected_reported_cases",184,17.1031634047849,20.1876263923395,22.0112108780759,24.126882151912,28.219279890229,2018-07-08
"expected_reported_cases",185,16.0355206778665,18.99755959541,20.8365920185037,22.7604057851827,26.8670405994098,2018-07-15
"expected_reported_cases",186,14.6494876059858,17.5043590030007,19.1508520589478,20.9693172494961,25.0209514508,2018-07-22
"expected_reported_cases",187,13.0416189858014,15.4577362147777,16.9429974281355,18.6355334758109,22.2468614103739,2018-07-29
"expected_reported_cases",188,12.2635058232041,14.9465477292381,16.4144609372914,17.9683175801506,21.3822759253262,2018-08-05
"expected_reported_cases",189,11.4289468017649,13.8501864123493,15.2527603288096,16.7599486846943,20.1013369835871,2018-08-12
"expected_reported_cases",190,10.445824189513,12.6334654734029,13.9699777120403,15.3931558471461,18.6194627851792,2018-08-19
"expected_reported_cases",191,9.4130817508116,11.4658090806128,12.6886037543983,14.0618713255665,16.9637261333107,2018-08-26
"expected_reported_cases",192,8.62922342967188,10.4861628388578,11.6603197215084,12.8868533967427,15.6409683351431,2018-09-02
"expected_reported_cases",193,7.639332100334,9.34394266991146,10.4002636263291,11.5743455047744,14.1691812796932,2018-09-09
"expected_reported_cases",194,7.00872977456529,8.63687178705686,9.62535860119358,10.7736926591487,13.0710762230399,2018-09-16
"expected_reported_cases",195,6.44794217950586,7.95594780146246,8.90094490721124,9.86775288801521,12.1976155318558,2018-09-23
"expected_reported_cases",196,6.19710205614505,7.74716043305477,8.67423595631692,9.66333918186701,11.8019447768296,2018-09-30
"expected_reported_cases",197,6.30006203547,7.8170203479133,8.75194694178485,9.78529640401375,11.8764961976213,2018-10-07
"expected_reported_cases",198,6.69040856712444,8.28084177453629,9.26597494902796,10.2980038246163,12.5417852422006,2018-10-14
"expected_reported_cases",199,6.37981214425948,8.00057793213228,8.95088658031057,9.98892795587843,12.3682375884894,2018-10-21
"expected_reported_cases",200,6.71733805820476,8.3129514895623,9.26143192810878,10.3526640824178,12.7075793041986,2018-10-28
"expected_reported_cases",201,6.70489208981746,8.33419830710308,9.32004454381415,10.3357465644601,12.5255553390459,2018-11-04
"expected_reported_cases",202,6.69234951445433,8.27914745320346,9.25444489242136,10.3223996607463,12.5684726292291,2018-11-11
"expected_reported_cases",203,6.68839820277473,8.35676460556783,9.30966008582188,10.3209615520963,12.6139648010466,2018-11-18
"expected_reported_cases",204,6.35475553056825,7.90016995331506,8.83808208078918,9.82895601785084,12.0276647175455,2018-11-25
"expected_reported_cases",205,5.91163353879175,7.42385800845265,8.33334507440921,9.30102662378212,11.4469546663406,2018-12-02
"expected_reported_cases",206,5.50864276423822,6.86326859425423,7.72298654723254,8.64526509492483,10.6158688133402,2018-12-09
"expected_reported_cases",207,5.05466509463418,6.49172136085042,7.35768663631432,8.2862528280489,10.3718394805279,2018-12-16
"expected_reported_cases",208,4.60949045101531,6.15476576306912,7.07309580399574,8.15223890742673,10.4728748236453,2018-12-23
"expected_reported_cases",209,4.19902203929074,6.04039171155862,7.23988554832124,8.6535418130734,11.7130656375431,2018-12-30
"posterior_predictive_cases",1,0,0,0,1,2,2015-01-04
"posterior_predictive_cases",2,0,0,0,1,2,2015-01-11
"posterior_predictive_cases",3,0,0,0,1,2,2015-01-18
"posterior_predictive_cases",4,0,0,0,0,2,2015-01-25
"posterior_predictive_cases",5,0,0,0,1,3,2015-02-01
"posterior_predictive_cases",6,0,0,0,1,4,2015-02-08
"posterior_predictive_cases",7,0,0,0,1,4,2015-02-15
"posterior_predictive_cases",8,0,0,0,1,4,2015-02-22
"posterior_predictive_cases",9,0,0,1,1,3,2015-03-01
"posterior_predictive_cases",10,0,0,1,2,4,2015-03-08
"posterior_predictive_cases",11,0,0,1,2,4,2015-03-15
"posterior_predictive_cases",12,0,0,1,2,4,2015-03-22
"posterior_predictive_cases",13,0,0,1,2,4,2015-03-29
"posterior_predictive_cases",14,0,0,1,2,4,2015-04-05
"posterior_predictive_cases",15,0,0,1,2,4,2015-04-12
"posterior_predictive_cases",16,0,0,1,2,4,2015-04-19
"posterior_predictive_cases",17,0,0,1,2,4,2015-04-26
"posterior_predictive_cases",18,0,0,1,2,4,2015-05-03
"posterior_predictive_cases",19,0,0,1,2,4,2015-05-10
"posterior_predictive_cases",20,0,0,1,1,3,2015-05-17
"posterior_predictive_cases",21,0,0,0,1,3,2015-05-24
"posterior_predictive_cases",22,0,0,0,1,3,2015-05-31
"posterior_predictive_cases",23,0,0,0,1,2,2015-06-07
"posterior_predictive_cases",24,0,0,0,1,2,2015-06-14
"posterior_predictive_cases",25,0,0,0,1,2,2015-06-21
"posterior_predictive_cases",26,0,0,0,0,2,2015-06-28
"posterior_predictive_cases",27,0,0,0,0,1,2015-07-05
"posterior_predictive_cases",28,0,0,0,0,1,2015-07-12
"posterior_predictive_cases",29,0,0,0,0,1,2015-07-19
"posterior_predictive_cases",30,0,0,0,0,1,2015-07-26
"posterior_predictive_cases",31,0,0,0,0,1,2015-08-02
"posterior_predictive_cases",32,0,0,0,0,1,2015-08-09
"posterior_predictive_cases",33,0,0,0,0,1,2015-08-16
"posterior_predictive_cases",34,0,0,0,0,1,2015-08-23
"posterior_predictive_cases",35,0,0,0,0,1,2015-08-30
"posterior_predictive_cases",36,0,0,0,0,1,2015-09-06
"posterior_predictive_cases",37,0,0,0,0,1,2015-09-13
"posterior_predictive_cases",38,0,0,0,0,1,2015-09-20
"posterior_predictive_cases",39,0,0,0,0,1,2015-09-27
"posterior_predictive_cases",40,0,0,0,0,1,2015-10-04
"posterior_predictive_cases",41,0,0,0,0,1,2015-10-11
"posterior_predictive_cases",42,0,0,0,0,1,2015-10-18
"posterior_predictive_cases",43,0,0,0,0,1,2015-10-25
"posterior_predictive_cases",44,0,0,0,0,1,2015-11-01
"posterior_predictive_cases",45,0,0,0,0,1,2015-11-08
"posterior_predictive_cases",46,0,0,0,0,2,2015-11-15
"posterior_predictive_cases",47,0,0,0,1,2,2015-11-22
"posterior_predictive_cases",48,0,0,0,1,2,2015-11-29
"posterior_predictive_cases",49,0,0,1,1,3,2015-12-06
"posterior_predictive_cases",50,0,0,1,2,4,2015-12-13
"posterior_predictive_cases",51,0,0,1,2,4,2015-12-20
"posterior_predictive_cases",52,0,1,2,3,6,2015-12-27
"posterior_predictive_cases",53,0,2,3,4,7,2016-01-03
"posterior_predictive_cases",54,1,3,4,6,9,2016-01-10
"posterior_predictive_cases",55,1,4,6,7,12,2016-01-17
"posterior_predictive_cases",56,3,6,8,10,15,2016-01-24
"posterior_predictive_cases",57,5,9,12,15,21,2016-01-31
"posterior_predictive_cases",58,6,11,14,18,25,2016-02-07
"posterior_predictive_cases",59,12,18,22,26,35,2016-02-14
"posterior_predictive_cases",60,18,26,31,37,49,2016-02-21
"posterior_predictive_cases",61,34,46,53,61,79,2016-02-28
"posterior_predictive_cases",62,60,78,89,101,127,2016-03-06
"posterior_predictive_cases",63,85,111,125,141,175.025,2016-03-13
"posterior_predictive_cases",64,122,154,174,194,242.025,2016-03-20
"posterior_predictive_cases",65,176,215,242,271,329.025,2016-03-27
"posterior_predictive_cases",66,252.975,312,350,389,477,2016-04-03
"posterior_predictive_cases",67,365,446,496,553,676,2016-04-10
"posterior_predictive_cases",68,523.975,647,718,789,967.05,2016-04-17
"posterior_predictive_cases",69,774.975,954,1054,1167,1396,2016-04-24
"posterior_predictive_cases",70,1098,1348,1487,1639.25,1976.125,2016-05-01
"posterior_predictive_cases",71,1386,1699,1881,2065,2491.075,2016-05-08
"posterior_predictive_cases",72,1478.975,1800,1993,2197.25,2676.075,2016-05-15
"posterior_predictive_cases",73,1542.975,1888,2086,2306,2818.025,2016-05-22
"posterior_predictive_cases",74,1595,1947,2151.5,2380.25,2860,2016-05-29
"posterior_predictive_cases",75,1498,1824.75,2017,2214,2662.025,2016-06-05
"posterior_predictive_cases",76,1372.925,1668.75,1847,2038.25,2441.1,2016-06-12
"posterior_predictive_cases",77,1175.95,1432.75,1580.5,1741,2090.075,2016-06-19
"posterior_predictive_cases",78,1066.975,1303,1440,1587,1931.05,2016-06-26
"posterior_predictive_cases",79,950.975,1148,1268,1400,1699.075,2016-07-03
"posterior_predictive_cases",80,849,1052.75,1166,1283,1546,2016-07-10
"posterior_predictive_cases",81,713.975,871,965,1071,1295,2016-07-17
"posterior_predictive_cases",82,609.975,754,833,922,1111.025,2016-07-24
"posterior_predictive_cases",83,519.975,635,704,777,941.025,2016-07-31
"posterior_predictive_cases",84,424,522,577,642,777.025,2016-08-07
"posterior_predictive_cases",85,361,449,498,555,671,2016-08-14
"posterior_predictive_cases",86,306,378,420.5,464,569,2016-08-21
"posterior_predictive_cases",87,252,316,352,389,479.05,2016-08-28
"posterior_predictive_cases",88,205,255,284,315,386.025,2016-09-04
"posterior_predictive_cases",89,184,230,256,285,349,2016-09-11
"posterior_predictive_cases",90,152,193,216,240,298,2016-09-18
"posterior_predictive_cases",91,143,182,204,227,280,2016-09-25
"posterior_predictive_cases",92,139,174,194,218,269,2016-10-02
"posterior_predictive_cases",93,139,175,195,218.25,268,2016-10-09
"posterior_predictive_cases",94,148.975,187,209,233,288,2016-10-16
"posterior_predictive_cases",95,148.975,186,209,234,289,2016-10-23
"posterior_predictive_cases",96,176,219,245,272,334,2016-10-30
"posterior_predictive_cases",97,203,255,285,318,385,2016-11-06
"posterior_predictive_cases",98,247,309,345,383,465.025,2016-11-13
"posterior_predictive_cases",99,273,341,381,421,508,2016-11-20
"posterior_predictive_cases",100,209,262,292,326,395,2016-11-27
"posterior_predictive_cases",101,163,205,229,254,314,2016-12-04
"posterior_predictive_cases",102,129,164,183,206,254,2016-12-11
"posterior_predictive_cases",103,108,137,155,174,217,2016-12-18
"posterior_predictive_cases",104,96,124,140,159,200.025,2016-12-25
"posterior_predictive_cases",105,139,177,198,222,271,2017-01-01
"posterior_predictive_cases",106,167,212,238,265,325,2017-01-08
"posterior_predictive_cases",107,218,272,303,336,407,2017-01-15
"posterior_predictive_cases",108,255,318,356,394,480,2017-01-22
"posterior_predictive_cases",109,319.975,393,436,485,588.025,2017-01-29
"posterior_predictive_cases",110,397,493,549,605,732.025,2017-02-05
"posterior_predictive_cases",111,503,613,677,752,913,2017-02-12
"posterior_predictive_cases",112,680,833,924,1020,1225,2017-02-19
"posterior_predictive_cases",113,1018,1250,1383,1526,1844.025,2017-02-26
"posterior_predictive_cases",114,1514,1834.75,2023,2234.25,2683.025,2017-03-05
"posterior_predictive_cases",115,2228.975,2733.5,3011,3310,3983.05,2017-03-12
"posterior_predictive_cases",116,3030.975,3688,4060,4481.25,5336.025,2017-03-19
"posterior_predictive_cases",117,4339,5326,5858,6446.5,7764.025,2017-03-26
"posterior_predictive_cases",118,5381.95,6577.75,7245,7988,9510.075,2017-04-02
"posterior_predictive_cases",119,6437.9,7762,8548,9426.25,11273.225,2017-04-09
"posterior_predictive_cases",120,7127.8,8676.75,9578,10567,12880.1,2017-04-16
"posterior_predictive_cases",121,7027.875,8489.25,9329.5,10297.5,12369.225,2017-04-23
"posterior_predictive_cases",122,7209.85,8863,9818.5,10772.25,12906.8,2017-04-30
"posterior_predictive_cases",123,6495.725,7935,8776,9656,11579.25,2017-05-07
"posterior_predictive_cases",124,5640,6919.75,7640.5,8450,10159.325,2017-05-14
"posterior_predictive_cases",125,4321.975,5199.5,5743,6330.25,7645.025,2017-05-21
"posterior_predictive_cases",126,3326.95,4099,4513,5015.5,6026.025,2017-05-28
"posterior_predictive_cases",127,2494,3038,3355,3701,4490.1,2017-06-04
"posterior_predictive_cases",128,1776.975,2172,2393,2651,3269,2017-06-11
"posterior_predictive_cases",129,1378,1678,1871,2072,2504,2017-06-18
"posterior_predictive_cases",130,1088.975,1321.75,1463,1620,1955.025,2017-06-25
"posterior_predictive_cases",131,904,1092,1200,1328,1605,2017-07-02
"posterior_predictive_cases",132,683,843,931,1027,1246,2017-07-09
"posterior_predictive_cases",133,566,690,768,849,1033.025,2017-07-16
"posterior_predictive_cases",134,446,549,610,675,819.025,2017-07-23
"posterior_predictive_cases",135,361,449,499,551,676,2017-07-30
"posterior_predictive_cases",136,272,333,371,411,501.025,2017-08-06
"posterior_predictive_cases",137,206,259,287,320,390,2017-08-13
"posterior_predictive_cases",138,147.975,186,209,233,289,2017-08-20
"posterior_predictive_cases",139,108,135,152,171,211,2017-08-27
"posterior_predictive_cases",140,87,112,126,141,176,2017-09-03
"posterior_predictive_cases",141,73,95,107,122,151.025,2017-09-10
"posterior_predictive_cases",142,62,80,91,103,130,2017-09-17
"posterior_predictive_cases",143,52.975,70,80,91,115,2017-09-24
"posterior_predictive_cases",144,48,63,72,82,103,2017-10-01
"posterior_predictive_cases",145,37,51,58,67,86,2017-10-08
"posterior_predictive_cases",146,36,48,56,64,80,2017-10-15
"posterior_predictive_cases",147,34,46,53,61,78,2017-10-22
"posterior_predictive_cases",148,36,49,56,64,83.0250000000001,2017-10-29
"posterior_predictive_cases",149,34,47,54,63,80,2017-11-05
"posterior_predictive_cases",150,30,42,49,56,72,2017-11-12
"posterior_predictive_cases",151,26,37,43,50,64,2017-11-19
"posterior_predictive_cases",152,25,35,41,48,61,2017-11-26
"posterior_predictive_cases",153,23,33,39,46,59,2017-12-03
"posterior_predictive_cases",154,22,31,37,43,57,2017-12-10
"posterior_predictive_cases",155,18,27,32,37,49,2017-12-17
"posterior_predictive_cases",156,17.975,25,30,35,47,2017-12-24
"posterior_predictive_cases",157,21,29,34,40,52,2017-12-31
"posterior_predictive_cases",158,22,32,37,44,57,2018-01-07
"posterior_predictive_cases",159,24,35,41,48,63,2018-01-14
"posterior_predictive_cases",160,26,37,43,50,65,2018-01-21
"posterior_predictive_cases",161,28,39,45,52,67,2018-01-28
"posterior_predictive_cases",162,29,40,47,54,70,2018-02-04
"posterior_predictive_cases",163,31,43,49,57,74,2018-02-11
"posterior_predictive_cases",164,35,47,54,62,80,2018-02-18
"posterior_predictive_cases",165,40,53,62,70,90,2018-02-25
"posterior_predictive_cases",166,38.975,52,60,68,87,2018-03-04
"posterior_predictive_cases",167,40,55,63,73,93,2018-03-11
"posterior_predictive_cases",168,38,51,59,67,85,2018-03-18
"posterior_predictive_cases",169,37,50,58,66,86,2018-03-25
"posterior_predictive_cases",170,42,56,65,74,94,2018-04-01
"posterior_predictive_cases",171,40,55,63,72,92,2018-04-08
"posterior_predictive_cases",172,36,50,57,66,83,2018-04-15
"posterior_predictive_cases",173,27,38,44,52,67,2018-04-22
"posterior_predictive_cases",174,23,33,39,45,58,2018-04-29
"posterior_predictive_cases",175,19,28,33,39,51,2018-05-06
"posterior_predictive_cases",176,18,27,32,37,49,2018-05-13
"posterior_predictive_cases",177,17,25,30,35,47,2018-05-20
"posterior_predictive_cases",178,15,23,27,33,44,2018-05-27
"posterior_predictive_cases",179,14,21,26,30,41,2018-06-03
"posterior_predictive_cases",180,14,21,25,30,40,2018-06-10
"posterior_predictive_cases",181,13,20,25,29,39,2018-06-17
"posterior_predictive_cases",182,11,18,22,26,35,2018-06-24
"posterior_predictive_cases",183,12,19,23,27,38,2018-07-01
"posterior_predictive_cases",184,11,18,22,26,35,2018-07-08
"posterior_predictive_cases",185,11,17,21,25,33,2018-07-15
"posterior_predictive_cases",186,9,15,19,23,31,2018-07-22
"posterior_predictive_cases",187,8,13,17,20,28,2018-07-29
"posterior_predictive_cases",188,8,13,16,20,27,2018-08-05
"posterior_predictive_cases",189,7,12,15,18,26,2018-08-12
"posterior_predictive_cases",190,6,11,14,17,24,2018-08-19
"posterior_predictive_cases",191,5,10,13,15,22,2018-08-26
"posterior_predictive_cases",192,5,9,11,14,20,2018-09-02
"posterior_predictive_cases",193,4,8,10,13,19,2018-09-09
"posterior_predictive_cases",194,3,7,9,12,17,2018-09-16
"posterior_predictive_cases",195,3,6,9,11,17,2018-09-23
"posterior_predictive_cases",196,3,6,8,11,16,2018-09-30
"posterior_predictive_cases",197,3,6,9,11,17,2018-10-07
"posterior_predictive_cases",198,3,7,9,12,17,2018-10-14
"posterior_predictive_cases",199,3,7,9,11,17,2018-10-21
"posterior_predictive_cases",200,3,7,9,11.25,17,2018-10-28
"posterior_predictive_cases",201,3,7,9,12,17,2018-11-04
"posterior_predictive_cases",202,3,7,9,12,17,2018-11-11
"posterior_predictive_cases",203,3,7,9,12,17,2018-11-18
"posterior_predictive_cases",204,3,6,9,11,16,2018-11-25
"posterior_predictive_cases",205,3,6,8,10,15.0250000000001,2018-12-02
"posterior_predictive_cases",206,2,5,8,10,15,2018-12-09
"posterior_predictive_cases",207,2,5,7,9,15,2018-12-16
"posterior_predictive_cases",208,2,5,7,9,15,2018-12-23
"posterior_predictive_cases",209,2,5,7,9,15,2018-12-30
