"variable","t","q025","q25","median","q75","q975","week_start"
"latent_infections",1,0.374773449173218,1.85793005578874,4.04241392169598,7.86035954057631,24.5733855612651,2015-01-04
"latent_infections",2,0.533968695142957,2.25320728255866,5.18839862640018,9.78348855993404,30.5986069181407,2015-01-11
"latent_infections",3,0.436109996197608,1.93150183596609,4.38448596356716,10.0268121905799,36.7903773555134,2015-01-18
"latent_infections",4,0.385355591874197,1.67879015486784,4.29065209768532,10.3209696649196,31.5181040813459,2015-01-25
"latent_infections",5,0.410118821568001,1.87129855480743,4.27616021940353,8.28530595758256,41.9736931244591,2015-02-01
"latent_infections",6,0.450928077259238,2.82758857158551,6.3113387643402,15.0205380555735,68.7613179917583,2015-02-08
"latent_infections",7,0.978458473910676,4.45699226194387,12.6341884282725,27.4608038921674,75.0262377455045,2015-02-15
"latent_infections",8,0.33387130912149,3.65794840164473,9.25767592311701,17.7142480420991,51.5930910866376,2015-02-22
"latent_infections",9,7.168632408547,12.1641216968776,16.3478837454077,24.735259554208,50.8079676213272,2015-03-01
"latent_infections",10,8.52449132337359,13.4154663779364,18.3858038472851,25.9617444620638,45.2146672371278,2015-03-08
"latent_infections",11,9.51488736215976,14.9941680118864,19.6716177409999,27.0326550414157,48.3052920944044,2015-03-15
"latent_infections",12,10.162004278513,16.0853650288433,21.2357463153453,29.2235630752429,52.796281614513,2015-03-22
"latent_infections",13,10.4017551171451,17.4919148623251,22.9099085779531,29.7043227202746,63.0749612002135,2015-03-29
"latent_infections",14,10.4826385000583,17.8675832626395,23.6825864471681,31.9710293581024,66.9954170781202,2015-04-05
"latent_infections",15,11.0428133866129,18.1400093877922,23.1280699555242,30.9973483519505,68.1861427676349,2015-04-12
"latent_infections",16,10.7190252317019,17.6096500252748,23.6822396733234,30.5147631129159,64.1512596317967,2015-04-19
"latent_infections",17,10.7294252730069,16.9966334091716,21.7441287125597,29.5746461907555,61.2681805251935,2015-04-26
"latent_infections",18,10.307169309626,15.3254793967187,19.9594442961878,26.2544374188977,55.622474488782,2015-05-03
"latent_infections",19,9.19861322204062,14.0238207095577,17.894537697222,23.7909679828395,51.2277462422758,2015-05-10
"latent_infections",20,7.90476986073506,11.3848988876683,15.0504313848738,19.981838496138,43.6724860353455,2015-05-17
"latent_infections",21,6.60943872277102,9.73394301115071,12.2203548013453,16.3231796085488,35.0294300174947,2015-05-24
"latent_infections",22,5.32395774491755,7.90347433296864,10.0995690914077,13.3865481029662,28.4529994043539,2015-05-31
"latent_infections",23,4.16226279288739,6.13191350141733,7.82797537401636,11.1417877563739,20.8200205205933,2015-06-07
"latent_infections",24,3.21827455792303,4.94592742383475,6.22687812212071,9.3170490219697,15.9380621486626,2015-06-14
"latent_infections",25,2.51205220899472,3.81620689268158,5.01412331614691,7.17563636024235,12.9100043862022,2015-06-21
"latent_infections",26,1.94285220877626,2.94916340892957,4.00085458884966,5.80281560523314,10.7520083667517,2015-06-28
"latent_infections",27,1.34209026842762,2.30291969659508,3.21262294536734,4.60880078544272,8.4288625917477,2015-07-05
"latent_infections",28,1.0025746808707,1.82872363035939,2.52769132955833,3.74642594193579,7.39114303238499,2015-07-12
"latent_infections",29,0.640298381208433,1.4471860071065,2.12237026929655,3.21962803163017,5.79775716430079,2015-07-19
"latent_infections",30,0.509227715562849,1.2043851304585,1.79832536105125,2.72650762992669,4.77161137951621,2015-07-26
"latent_infections",31,0.383807512826904,0.927567388760941,1.57119588097426,2.36236808786543,4.42935543091444,2015-08-02
"latent_infections",32,0.290151631935877,0.765796811604616,1.33340209549142,2.05419376873121,3.75464408499436,2015-08-09
"latent_infections",33,0.250054010474495,0.740845088275066,1.1551647655802,1.91278647605389,3.34491684910758,2015-08-16
"latent_infections",34,0.223896418767495,0.638517910575536,1.07411945171053,1.70269961769535,3.29729303712253,2015-08-23
"latent_infections",35,0.189775592730632,0.607622153187311,0.966795416027629,1.51362054417405,2.9849112088949,2015-08-30
"latent_infections",36,0.183406714049357,0.569931089315959,0.932285194092407,1.50404368452157,3.1072527490484,2015-09-06
"latent_infections",37,0.174360805612107,0.547419339574133,0.929748135028755,1.45482261454979,3.13410885520176,2015-09-13
"latent_infections",38,0.214582368966477,0.555935202040982,0.966488562619292,1.45618462786309,3.42530208993667,2015-09-20
"latent_infections",39,0.235115205274396,0.588342727109615,1.03252967084145,1.54895001267597,3.64110816026643,2015-09-27
"latent_infections",40,0.265212944675287,0.630829525983934,1.14613051826176,1.71973967261726,3.59598628281557,2015-10-04
"latent_infections",41,0.317208812822348,0.679113508407459,1.33150702834172,1.99303256865515,4.50163898405856,2015-10-11
"latent_infections",42,0.395193581652827,0.823243749563091,1.58144261031235,2.28722303803339,4.45061393877703,2015-10-18
"latent_infections",43,0.43614605505989,0.985403314082954,1.88982171318424,2.76346708826251,4.96941849567977,2015-10-25
"latent_infections",44,0.604224121485031,1.31657136985049,2.43926702342865,3.53038511672346,5.99574841009258,2015-11-01
"latent_infections",45,0.926353645570425,1.72049060802181,3.2960215680718,4.70540519947188,7.1649175041841,2015-11-08
"latent_infections",46,1.24433407045131,2.4139419788191,4.20440053741528,6.13796369801755,9.00467231502198,2015-11-15
"latent_infections",47,1.83974513418885,3.59567573275882,5.7561512446582,8.31282740344422,12.3916675185884,2015-11-22
"latent_infections",48,2.64834103946652,5.56268636591973,8.11800799965864,11.1505267832971,17.9062956684158,2015-11-29
"latent_infections",49,3.41084667276002,7.92246721752841,11.033663416757,15.107509911604,25.0607588967254,2015-12-06
"latent_infections",50,5.24458946332514,11.8001117119037,16.2455993027378,21.8351516012812,37.0579489184866,2015-12-13
"latent_infections",51,7.35611817000704,17.1393453895132,22.8052972530665,28.8949587780183,49.2824256316373,2015-12-20
"latent_infections",52,12.7241257602138,25.1881922379397,31.5405093447161,42.0708149733615,69.6726030698558,2015-12-27
"latent_infections",53,21.2159062330697,37.1181857428779,45.0354014861276,59.984596932044,98.6093418276933,2016-01-03
"latent_infections",54,33.0996574006913,54.4434442723935,64.9441390838422,83.3468146206543,144.710815499552,2016-01-10
"latent_infections",55,47.4097839357993,75.1706726699251,89.9182337995902,114.214956962533,199.158660174001,2016-01-17
"latent_infections",56,69.2519894084923,104.195059856579,123.668708304534,151.889745844675,300.878599583149,2016-01-24
"latent_infections",57,112.797030205087,154.912456973691,181.846638609115,235.643372642398,431.008035225757,2016-01-31
"latent_infections",58,133.502414354208,192.193009633406,224.958603237892,288.27095168689,530.797607950756,2016-02-07
"latent_infections",59,203.066916791468,283.817005416123,337.886119858703,426.066954643001,789.443579986672,2016-02-14
"latent_infections",60,293.354711358675,410.245159710902,488.506987126857,610.015186157524,1137.44561446625,2016-02-21
"latent_infections",61,520.850238163795,705.638407366755,820.558566148907,1044.86777302787,1931.72590347499,2016-02-28
"latent_infections",62,885.516898519178,1191.69137882194,1380.43129352238,1685.41127857428,3079.70301056515,2016-03-06
"latent_infections",63,1283.54251500658,1686.99457157421,1893.27035182218,2387.25806334782,4244.5434237564,2016-03-13
"latent_infections",64,1775.06124475848,2324.44308452074,2645.07401368099,3344.52423532454,5838.14181457758,2016-03-20
"latent_infections",65,2552.05967354389,3172.23783402604,3686.76622220289,4634.77116514907,8199.40976424934,2016-03-27
"latent_infections",66,3567.31350559184,4594.60035838053,5293.00247720049,6441.28357129991,11495.6753745514,2016-04-03
"latent_infections",67,4979.15156029338,6590.82721918933,7455.25550291839,9474.81112920601,16402.4676071929,2016-04-10
"latent_infections",68,7196.19488005974,9390.41635396006,10636.8909736814,13348.3812225021,23781.4045767458,2016-04-17
"latent_infections",69,10311.227005381,14054.0533043741,15594.9565516432,19923.8353686113,34904.0652379553,2016-04-24
"latent_infections",70,15326.135448788,19534.0406823699,21957.7526033296,27462.3743718977,49369.2909937877,2016-05-01
"latent_infections",71,19282.5212657498,24762.2148339396,28179.2666255077,34952.3578231905,63264.0148764582,2016-05-08
"latent_infections",72,20063.4445440008,25956.1636661752,29533.6234879123,37046.6249171341,65789.8361514314,2016-05-15
"latent_infections",73,20873.1682259965,27191.7107112973,30758.3054507421,38699.772713017,68696.7092118391,2016-05-22
"latent_infections",74,21985.2386419126,28037.5811277661,31899.3347735506,40271.3362513937,68114.3532317085,2016-05-29
"latent_infections",75,20318.592184397,26302.2962348623,30085.9812962443,36599.0303241157,64577.961832523,2016-06-05
"latent_infections",76,18047.4525869546,23902.0995620003,27508.9776093828,33379.8051458598,56505.085655092,2016-06-12
"latent_infections",77,15215.663946049,20673.4724570329,23493.641009092,29322.6938941559,49387.0526299155,2016-06-19
"latent_infections",78,14197.6444663325,18546.2078371245,20830.2692798154,26055.9361219048,42653.5581213127,2016-06-26
"latent_infections",79,12562.2914916526,16185.8108101051,18609.5391763221,23158.1266798389,39662.7533376261,2016-07-03
"latent_infections",80,11450.436164494,15002.6248952456,16839.4596228362,21203.7833709568,35486.9051996261,2016-07-10
"latent_infections",81,9867.49424819173,12464.3747661986,14214.9857635663,17250.5167371351,30543.756069473,2016-07-17
"latent_infections",82,8149.96520625343,10712.6305005181,11982.4026564311,14738.9387286218,24903.0402538374,2016-07-24
"latent_infections",83,7185.83569055109,9037.98185419672,10234.5224287938,12452.6493730478,21647.6036896405,2016-07-31
"latent_infections",84,5492.50521988396,7363.81134090888,8492.99656650732,10320.9401730155,17640.5329105345,2016-08-07
"latent_infections",85,5072.36037780879,6232.69851617827,7208.47018382263,8837.81020507694,15396.1802860553,2016-08-14
"latent_infections",86,4252.38241449107,5307.80433616161,6112.98557818841,7587.7658992503,12440.6133043646,2016-08-21
"latent_infections",87,3268.45765084995,4463.86358013983,5004.48955790315,6198.96606459305,10499.2784123722,2016-08-28
"latent_infections",88,2740.80424464688,3592.12658577075,4038.68742282309,4960.52916101667,8603.93592789734,2016-09-04
"latent_infections",89,2532.6091923594,3197.64834186816,3644.47991979681,4516.89065650912,7407.08617480646,2016-09-11
"latent_infections",90,2141.60867057594,2737.87741287668,3086.67594761755,3789.49488385704,6433.2256722347,2016-09-18
"latent_infections",91,1951.58508052876,2564.07387796452,2892.81523518292,3615.02255543016,6128.03989782558,2016-09-25
"latent_infections",92,1865.49679511829,2421.61553593186,2832.0670130671,3422.97309899986,5701.60064141334,2016-10-02
"latent_infections",93,1866.15374409332,2381.961189692,2770.58500332446,3419.1805029725,5520.57947430278,2016-10-09
"latent_infections",94,1969.8242081077,2597.82334718235,2981.96099634213,3613.85991643523,5993.71126047763,2016-10-16
"latent_infections",95,2042.13012912509,2559.53641761515,2981.49055673564,3690.04805620556,5849.22224859312,2016-10-23
"latent_infections",96,2385.88669603132,3038.49451795793,3493.41749308145,4233.34986874336,6941.48576543354,2016-10-30
"latent_infections",97,2762.6944559938,3538.797928861,4040.28655040099,4947.13292579103,7865.74488194916,2016-11-06
"latent_infections",98,3272.9027073286,4199.94919699458,4823.90297295151,5781.75246620363,10059.2717813668,2016-11-13
"latent_infections",99,3618.11332273299,4545.16279551213,5375.99910988996,6286.44932243379,10652.6764769214,2016-11-20
"latent_infections",100,2873.63340245441,3521.43645205781,4144.66555223054,5038.55411315353,8039.66616811887,2016-11-27
"latent_infections",101,2129.73780978931,2729.77595470423,3200.97310879335,3892.22545980636,6296.68886658903,2016-12-04
"latent_infections",102,1672.19760722656,2209.38620533889,2581.16813014957,3126.42866323646,5099.72617300086,2016-12-11
"latent_infections",103,1462.5590684931,1850.57828499412,2196.76494050841,2638.48609566211,4441.81160283827,2016-12-18
"latent_infections",104,1216.62739608418,1655.00686484885,1945.27862604682,2395.96508800415,3860.54843452498,2016-12-25
"latent_infections",105,1861.60292604247,2383.95486943706,2751.04975902597,3315.56754247325,5430.43803834503,2017-01-01
"latent_infections",106,2201.28659386168,2800.3155073712,3320.15719182141,3935.19034646943,6208.27693151875,2017-01-08
"latent_infections",107,2871.64337902471,3609.1877638021,4204.6294967439,5005.49898571038,8148.57388102814,2017-01-15
"latent_infections",108,3295.06016533425,4316.38878991094,4943.93236799636,5839.18516340025,9544.39493230664,2017-01-22
"latent_infections",109,3998.40187440311,5266.66617479402,6089.08632456342,7123.46114217011,12040.2015550332,2017-01-29
"latent_infections",110,5046.59929315118,6460.47394738425,7556.83206900066,9245.96826155833,14569.6171257262,2017-02-05
"latent_infections",111,6183.16591228094,8194.57595942465,9470.90028810644,11392.8047060378,17925.6138420141,2017-02-12
"latent_infections",112,8413.67768747407,11100.0711890718,12670.6649675382,14985.0586963947,24075.1921741446,2017-02-19
"latent_infections",113,12757.4631753387,16481.7969423547,19212.7825420333,22831.3352627192,35046.7084158999,2017-02-26
"latent_infections",114,18952.3637111571,24392.9675146631,27853.0351374733,33159.4642797825,49460.7610592226,2017-03-05
"latent_infections",115,27409.6846894362,35382.2883415155,41268.2718824072,49379.1597538572,74546.336980035,2017-03-12
"latent_infections",116,37507.9119077363,47736.658037954,55773.9847750786,66208.7912757951,104600.541279383,2017-03-19
"latent_infections",117,52474.2032354052,68468.2461134949,80467.8439184163,95622.7387966703,147827.663501264,2017-03-26
"latent_infections",118,67131.1200448984,83704.2015826603,98078.2440758288,117195.664199693,183086.313338378,2017-04-02
"latent_infections",119,79590.6752538771,98911.0847297078,118011.886032177,136052.407399394,216684.86933858,2017-04-09
"latent_infections",120,87768.4454798978,111622.318088091,129346.552284967,153288.753523649,243698.088337746,2017-04-16
"latent_infections",121,84705.8281966623,106787.356364735,126391.127905458,151561.071112654,232329.062393313,2017-04-23
"latent_infections",122,87246.2947398615,112930.309156894,134170.623326516,156157.790051122,244414.082783983,2017-04-30
"latent_infections",123,77170.6293981304,100332.786133137,116844.268353384,139127.873213183,211336.471641413,2017-05-07
"latent_infections",124,68004.5267168581,88538.446590968,103449.954714785,119059.104503249,178770.477265031,2017-05-14
"latent_infections",125,50896.9245112614,66756.6032669736,77066.2593309118,88515.8015152277,139441.516589592,2017-05-21
"latent_infections",126,40534.2674965537,52638.1890694449,60241.0422662494,70814.4397541968,110496.767008495,2017-05-28
"latent_infections",127,29607.6188098973,38473.6955800278,43938.4511506303,52406.1658344239,79213.0744281836,2017-06-04
"latent_infections",128,21509.726461897,27691.4590547185,32206.1023806705,37712.5387973553,59047.6741453809,2017-06-11
"latent_infections",129,16294.7442971153,21259.6199140876,24960.6589268769,28807.2632607648,45542.727115392,2017-06-18
"latent_infections",130,12516.5951364655,16872.8259099,19743.5254778955,22862.432469228,35982.607121656,2017-06-25
"latent_infections",131,10524.0402659364,13631.7653152333,15886.7879175739,18643.2718202768,29801.5370817862,2017-07-02
"latent_infections",132,8065.08491143778,10788.779759385,12243.9643674107,14350.5754033131,22933.585632925,2017-07-09
"latent_infections",133,6596.50606353046,8687.5371478814,10189.2746063722,11790.4554275217,18586.2295051406,2017-07-16
"latent_infections",134,5277.77340375395,6976.88240188874,8036.94205510484,9306.4173778409,14770.5123717628,2017-07-23
"latent_infections",135,4177.24723321764,5573.52675961004,6460.37454612809,7641.3895225938,11475.4080227621,2017-07-30
"latent_infections",136,3062.5186249103,4138.94771994011,4831.40193326634,5803.69345414632,8588.80378310734,2017-08-06
"latent_infections",137,2445.98553165291,3293.89689605382,3722.37543605958,4510.34091231917,6599.65161692921,2017-08-13
"latent_infections",138,1722.38468770074,2332.94192330184,2708.40436329222,3223.93622832811,5034.70461727793,2017-08-20
"latent_infections",139,1222.8976073909,1712.24855470836,1957.58087043757,2379.51766368449,3665.27740753272,2017-08-27
"latent_infections",140,1011.60165939727,1372.46326093832,1639.80612704807,1895.69331924146,3033.06499935193,2017-09-03
"latent_infections",141,879.96437986588,1175.65244113172,1381.05019001006,1633.73935809034,2532.81918943825,2017-09-10
"latent_infections",142,741.673661245246,1011.93572353295,1172.04696475182,1394.64039357346,2092.29203200148,2017-09-17
"latent_infections",143,646.605582022281,889.335801924957,1029.52323385437,1201.97052645113,1913.26765695459,2017-09-24
"latent_infections",144,596.655875620712,798.704630494334,939.142455520797,1055.6337740967,1792.67492079746,2017-10-01
"latent_infections",145,469.215461803321,632.435697913525,742.997743626825,877.310561480976,1332.13705828817,2017-10-08
"latent_infections",146,450.132415868789,604.634750510314,696.78895250455,838.625160611707,1286.05381814551,2017-10-15
"latent_infections",147,432.682964536922,576.158096337226,671.794216909024,792.842521638791,1213.80886922424,2017-10-22
"latent_infections",148,428.74120997577,605.06168232435,718.082928964178,836.802362311547,1184.73686195654,2017-10-29
"latent_infections",149,435.875925549777,591.244011510069,694.353996736232,804.113169010971,1154.41905991625,2017-11-05
"latent_infections",150,375.911214361758,513.357905768998,611.212183883849,707.343555220035,1112.51174478885,2017-11-12
"latent_infections",151,340.388973767551,464.260132543536,539.23554028408,637.792176040186,951.845396380142,2017-11-19
"latent_infections",152,323.511440874278,437.02676745196,511.460085973382,598.088538423982,896.770513813999,2017-11-26
"latent_infections",153,298.623854754815,421.830683651579,493.115502993711,565.712872966752,859.299740302329,2017-12-03
"latent_infections",154,282.295909101898,392.372544043833,464.985044606978,534.031197780584,825.907898057215,2017-12-10
"latent_infections",155,246.871811166461,332.009368002299,392.490314138374,467.48218153527,737.481747064494,2017-12-17
"latent_infections",156,219.968073524429,322.653582884374,377.861916181801,440.105959733502,663.104170153328,2017-12-24
"latent_infections",157,257.24450245121,368.005445074802,428.411705311334,501.154865793786,811.086581217015,2017-12-31
"latent_infections",158,272.282786774399,402.873528218919,459.861630298266,544.537234410706,858.06113227028,2018-01-07
"latent_infections",159,302.764659364146,442.319448019238,509.510334564166,593.064367896715,914.545631743677,2018-01-14
"latent_infections",160,315.10277457509,465.011426607073,533.05597310085,616.105581296979,943.749898588769,2018-01-21
"latent_infections",161,323.81373687883,482.653484310452,558.119448163912,635.348935936825,965.663915836869,2018-01-28
"latent_infections",162,331.569296224989,496.142368943854,574.364328257336,657.557075126935,1023.75016086594,2018-02-04
"latent_infections",163,346.798659324611,511.934429859867,606.07346283441,698.847485685177,1032.27209820178,2018-02-11
"latent_infections",164,388.047578163065,563.941683620394,654.767598735701,751.177743118856,1191.19347072933,2018-02-18
"latent_infections",165,453.942946611178,650.02722047493,766.776098730082,873.263953193142,1275.51496409108,2018-02-25
"latent_infections",166,416.921920899538,619.896357830107,727.631364533491,853.513696808129,1224.46080327886,2018-03-04
"latent_infections",167,451.111048112516,650.623670536159,774.117230147915,883.726076606779,1343.57265350809,2018-03-11
"latent_infections",168,419.478624138099,593.886216797673,710.119990899157,820.697376122557,1257.09400743937,2018-03-18
"latent_infections",169,409.451600735337,607.721484632406,702.925464677664,825.767596525976,1311.82915456306,2018-03-25
"latent_infections",170,460.019982964467,658.938934307593,792.6376257365,909.663464229609,1347.30527570165,2018-04-01
"latent_infections",171,447.160775208676,640.742205821868,767.381264089553,872.019469978381,1358.47415063622,2018-04-08
"latent_infections",172,417.998880161085,584.224221334252,698.859366674957,805.700073892446,1183.39329942934,2018-04-15
"latent_infections",173,328.851737673986,452.628812058936,540.77283660191,616.689169304992,939.628433715639,2018-04-22
"latent_infections",174,270.282527933905,397.976866772695,468.489062902008,529.185543793295,807.581082992907,2018-04-29
"latent_infections",175,235.219725853386,341.947314350084,396.566293773565,452.934178123051,699.559130686141,2018-05-06
"latent_infections",176,219.068987202058,321.738315633083,375.436294836592,434.282313843536,700.269084662477,2018-05-13
"latent_infections",177,194.100957284944,300.160234699312,347.407353089091,402.199237592728,655.870701120292,2018-05-20
"latent_infections",178,190.92794563531,277.755017140213,325.803246447143,373.599466968629,622.070476021956,2018-05-27
"latent_infections",179,175.990770063672,251.165001167163,302.123953105838,350.766043496693,585.084692747786,2018-06-03
"latent_infections",180,163.778251983114,250.781568014822,293.182948876787,351.497495367115,549.883981513836,2018-06-10
"latent_infections",181,163.717017703911,244.548119393056,289.119545672532,338.780647648628,536.864422850643,2018-06-17
"latent_infections",182,140.756169077557,212.132352297551,250.729406157946,294.321149919406,448.964978144783,2018-06-24
"latent_infections",183,150.12792894477,220.089132602593,267.77806814658,315.28955059215,466.161937461019,2018-07-01
"latent_infections",184,138.859124958421,212.660340990331,251.92730658885,300.317779411775,449.420528189786,2018-07-08
"latent_infections",185,135.737137850014,196.40532586122,236.029866729239,281.147562159971,444.161085585739,2018-07-15
"latent_infections",186,127.854576807315,187.887619121567,222.273559239255,257.68755423104,406.667159334732,2018-07-22
"latent_infections",187,106.576949428179,161.899312041314,196.439474317029,227.920803562679,383.913009564902,2018-07-29
"latent_infections",188,105.069900375314,156.291628107243,186.35235493577,217.541764477986,347.558123530035,2018-08-05
"latent_infections",189,102.748952874706,145.128585532752,171.930134213445,202.56948665276,323.145459531967,2018-08-12
"latent_infections",190,94.9151587740729,131.462600447179,156.321179362377,183.48490687145,308.442265057166,2018-08-19
"latent_infections",191,87.2215698136201,120.703474460071,141.306694365275,172.523647182683,275.236525592504,2018-08-26
"latent_infections",192,77.9569368752304,108.894691631041,129.034031423426,155.561476730739,253.115587093716,2018-09-02
"latent_infections",193,68.7911573120308,96.3170172806629,115.93388254521,143.121076650188,239.182464672331,2018-09-09
"latent_infections",194,64.1552139911534,90.9552473004756,108.84874730068,127.526621891052,212.96552750528,2018-09-16
"latent_infections",195,55.6963049894846,82.0452247696067,99.3543104636038,117.482716552095,186.447529052295,2018-09-23
"latent_infections",196,54.3309773879987,78.0403094559394,95.7529180827696,114.49370345191,192.72823992295,2018-09-30
"latent_infections",197,52.866051909076,80.0943150128705,96.7453506126305,116.314287076796,200.0327337689,2018-10-07
"latent_infections",198,53.507572920628,83.9350319054562,101.485889733948,121.010615571016,203.534028699879,2018-10-14
"latent_infections",199,53.2625919366385,80.2425634685701,98.246011465783,115.91302262643,198.521493857287,2018-10-21
"latent_infections",200,49.6567136883916,82.4623470102327,99.9189702673218,121.21463494162,195.18711479138,2018-10-28
"latent_infections",201,48.6618730270802,81.5011757942411,99.9133059469809,117.553918164649,201.154367995524,2018-11-04
"latent_infections",202,50.8985087055652,81.840933473366,98.195516080118,117.376827543129,187.835961336625,2018-11-11
"latent_infections",203,48.3075254690048,83.2390154484652,98.295765703439,117.49362117212,186.224375475987,2018-11-18
"latent_infections",204,47.1799080810281,77.2589891023674,94.208624843965,114.12552761145,188.92584348549,2018-11-25
"latent_infections",205,45.1343111304635,74.5835087307296,90.0574510252239,107.423768720242,171.549008803747,2018-12-02
"latent_infections",206,42.0364100355958,67.3990438774742,82.5292671925366,99.4965941801108,169.959720212787,2018-12-09
"latent_infections",207,37.5850290875786,64.387588260696,79.4785763813968,97.290628547878,156.445463457543,2018-12-16
"latent_infections",208,36.6564230584448,60.1863530241137,74.9727561014911,94.9531162248403,151.07337232867,2018-12-23
"latent_infections",209,34.5493294970888,57.9262019710827,76.4046643796076,96.5448244425265,168.316552495107,2018-12-30
"susceptible_prop",1,0.999997240328069,0.999999117255799,0.999999546023636,0.999999791348351,0.99999995791171,2015-01-04
"susceptible_prop",2,0.999995195311085,0.999997965243071,0.999998807831395,0.99999925773527,0.999999703601416,2015-01-11
"susceptible_prop",3,0.99999274485858,0.99999698814719,0.999997930085481,0.999998713077469,0.99999943758749,2015-01-18
"susceptible_prop",4,0.999991276837516,0.999995842130405,0.999997216237856,0.999998057365929,0.999999149127678,2015-01-25
"susceptible_prop",5,0.999989582742838,0.999994998400691,0.999996542211193,0.999997504417716,0.999998429186428,2015-02-01
"susceptible_prop",6,0.999986070800675,0.999993015144754,0.999995367123441,0.999996624566656,0.999998197014266,2015-02-08
"susceptible_prop",7,0.999982148752081,0.999990317391005,0.999993019187462,0.999995058237317,0.999996935043324,2015-02-15
"susceptible_prop",8,0.999980447076589,0.999988705714419,0.999991407574153,0.99999333943209,0.999995788093172,2015-02-22
"susceptible_prop",9,0.999975563672798,0.999986281228095,0.999989461941316,0.999992005957773,0.999994665060858,2015-03-01
"susceptible_prop",10,0.999970901431879,0.999983299186004,0.999987196399431,0.999990332844301,0.999993530650663,2015-03-08
"susceptible_prop",11,0.999965659221612,0.999980453947983,0.99998481306594,0.999988721402119,0.99999228335822,2015-03-15
"susceptible_prop",12,0.999958808067814,0.999977494702678,0.999982247408153,0.999986435908022,0.999990936552704,2015-03-22
"susceptible_prop",13,0.999951443587328,0.999974461054511,0.999979893537741,0.999984388153448,0.999989585313892,2015-03-29
"susceptible_prop",14,0.999944302385479,0.999970854987504,0.999977349516036,0.999982133150292,0.999987894570815,2015-04-05
"susceptible_prop",15,0.999937058571707,0.999967691614757,0.999974537799548,0.999979730058166,0.999986379638182,2015-04-12
"susceptible_prop",16,0.999929314629871,0.999964426454328,0.999972188383176,0.999977146342409,0.999984702509594,2015-04-19
"susceptible_prop",17,0.999921607937954,0.9999608904676,0.999969896972427,0.999974869710341,0.999983149872197,2015-04-26
"susceptible_prop",18,0.999915547694136,0.999958266452256,0.999967493770197,0.999973074770297,0.999981844417721,2015-05-03
"susceptible_prop",19,0.999910150981983,0.999955875853859,0.999965400269957,0.999971226602764,0.999980680949928,2015-05-10
"susceptible_prop",20,0.999906247529053,0.999954050122933,0.999963632237662,0.999969673758623,0.999979554910194,2015-05-17
"susceptible_prop",21,0.99990414410838,0.999952448402472,0.999962223666713,0.999968134390597,0.999978480448145,2015-05-24
"susceptible_prop",22,0.999902526095299,0.999950598422305,0.999961284274909,0.999967261481479,0.999977655536967,2015-05-31
"susceptible_prop",23,0.999901288075706,0.999949159386855,0.999960425419205,0.999966389346713,0.999976947017076,2015-06-07
"susceptible_prop",24,0.999900278415336,0.99994803283386,0.999959910135262,0.999965773543423,0.999976341538465,2015-06-14
"susceptible_prop",25,0.999899507208933,0.999947301664369,0.999959311358391,0.999965414976838,0.999975882073932,2015-06-21
"susceptible_prop",26,0.99989887811395,0.999946667963449,0.999958847181234,0.999965079518882,0.999975475661424,2015-06-28
"susceptible_prop",27,0.999898337365036,0.99994616681469,0.999958451477787,0.999964620680582,0.999975155920406,2015-07-05
"susceptible_prop",28,0.999897854166121,0.99994578039418,0.999958098344216,0.999964349922739,0.999974868855616,2015-07-12
"susceptible_prop",29,0.99989746141807,0.999945518605556,0.999957899448999,0.999964209958687,0.999974674976785,2015-07-19
"susceptible_prop",30,0.999897120841921,0.999945317842454,0.999957740972444,0.999963966733311,0.999974541414113,2015-07-26
"susceptible_prop",31,0.999896835590274,0.999945165810832,0.999957579218682,0.999963875672319,0.999974412340313,2015-08-02
"susceptible_prop",32,0.999896610638755,0.999945064804728,0.99995743397791,0.999963785258035,0.99997428272988,2015-08-09
"susceptible_prop",33,0.999896421281208,0.999944976992781,0.999957363092434,0.999963587029038,0.999974157131464,2015-08-16
"susceptible_prop",34,0.999896267559116,0.99994490749444,0.999957291114214,0.999963468345769,0.999974080730675,2015-08-23
"susceptible_prop",35,0.999896123932111,0.999944826874883,0.999957096553798,0.999963265803637,0.999974014154076,2015-08-30
"susceptible_prop",36,0.99989598935802,0.999944745746957,0.999956948624286,0.999963004691672,0.999973962065553,2015-09-06
"susceptible_prop",37,0.999895854103305,0.999944653035509,0.999956828575694,0.999962867461147,0.999973919646625,2015-09-13
"susceptible_prop",38,0.999895712536282,0.999944531126127,0.999956647831881,0.999962747049429,0.999973861295259,2015-09-20
"susceptible_prop",39,0.99989554206284,0.999944396857771,0.999956441757512,0.999962641590473,0.999973793743055,2015-09-27
"susceptible_prop",40,0.999895352781415,0.999944230202245,0.999956165991289,0.999962565896927,0.999973731246341,2015-10-04
"susceptible_prop",41,0.999895093674872,0.99994409035783,0.999956015474427,0.999962449763071,0.99997363614838,2015-10-11
"susceptible_prop",42,0.999894754377293,0.999943909555369,0.999955788859886,0.999962382097252,0.999973510477021,2015-10-18
"susceptible_prop",43,0.999894326137303,0.999943501332993,0.999955561569765,0.999962218809105,0.999973358572113,2015-10-25
"susceptible_prop",44,0.999893815463026,0.999943184851581,0.999955381067801,0.999961900564687,0.999973190062742,2015-11-01
"susceptible_prop",45,0.99989316645598,0.999942827035219,0.999955015123317,0.999961541466523,0.999972975605964,2015-11-08
"susceptible_prop",46,0.999892395088553,0.999942246377244,0.999954562236639,0.99996131507871,0.999972718266422,2015-11-15
"susceptible_prop",47,0.999891423935627,0.999941576939911,0.999953929522458,0.999960622890366,0.999972369493642,2015-11-22
"susceptible_prop",48,0.999890215007968,0.999940423879255,0.999953015772697,0.999959877135106,0.999971630770853,2015-11-29
"susceptible_prop",49,0.999888552243787,0.999938997119362,0.99995193180389,0.999958932411763,0.999970596701734,2015-12-06
"susceptible_prop",50,0.999886056392682,0.999937428979091,0.999949925503191,0.999957686933561,0.999969107981893,2015-12-13
"susceptible_prop",51,0.999881955610177,0.999935050851081,0.999947339027401,0.999955491131324,0.999967673188321,2015-12-20
"susceptible_prop",52,0.999875149981502,0.999931106518991,0.999943524828426,0.999952898051931,0.999965733323559,2015-12-27
"susceptible_prop",53,0.999865333525173,0.99992583250265,0.999938212547593,0.999949002987673,0.999962310810298,2016-01-03
"susceptible_prop",54,0.999850528227642,0.999918089230242,0.999930789679213,0.999941843760438,0.99995697542148,2016-01-10
"susceptible_prop",55,0.999830110731244,0.999905765712854,0.999920912184448,0.99993297973277,0.999951112393177,2016-01-17
"susceptible_prop",56,0.999796918099096,0.99988732607316,0.999907678647997,0.999919950467536,0.999942477246423,2016-01-24
"susceptible_prop",57,0.999758855129632,0.999861961062025,0.999888369553147,0.999900662415229,0.999930272736975,2016-01-31
"susceptible_prop",58,0.999705887168152,0.999829972198897,0.999863344704988,0.9998778378411,0.999913743399874,2016-02-07
"susceptible_prop",59,0.999629799654523,0.999781355840279,0.999825668935802,0.999845100335297,0.999887318693613,2016-02-14
"susceptible_prop",60,0.999498497266572,0.999711201451677,0.999774562904287,0.999799095778151,0.999849344267744,2016-02-21
"susceptible_prop",61,0.999295004575725,0.999592480622539,0.999681920887072,0.999719715201174,0.999789834832719,2016-02-28
"susceptible_prop",62,0.998961520290341,0.99939946653302,0.999529372410425,0.999581572287177,0.999683455366206,2016-03-06
"susceptible_prop",63,0.998483798883568,0.999140371427898,0.999319192043882,0.999390323565834,0.999531397635503,2016-03-13
"susceptible_prop",64,0.997832682565722,0.998756877721017,0.999021824947186,0.999124401416304,0.999325205724338,2016-03-20
"susceptible_prop",65,0.996901700064892,0.998198969885664,0.998618992265727,0.998764981786456,0.999020742350309,2016-03-27
"susceptible_prop",66,0.995658087958988,0.997449791967799,0.998038037301454,0.998232482454299,0.998619077798037,2016-04-03
"susceptible_prop",67,0.993750022646381,0.996361690081903,0.997218097754597,0.997484648279316,0.998028539387618,2016-04-10
"susceptible_prop",68,0.991200329047953,0.994899334483638,0.996004214126778,0.996426395098589,0.997191138387246,2016-04-17
"susceptible_prop",69,0.987186020166111,0.992640375078293,0.994274949040619,0.994831796221356,0.995997766969593,2016-04-24
"susceptible_prop",70,0.981617624464675,0.989591330959873,0.991864662461017,0.992633745440949,0.994306023339275,2016-05-01
"susceptible_prop",71,0.974664285308452,0.985500768981432,0.988734064920823,0.989835812082929,0.992073268271524,2016-05-08
"susceptible_prop",72,0.967760248140564,0.981406861715357,0.985454010160838,0.986916561883239,0.989720588439882,2016-05-15
"susceptible_prop",73,0.960848950690621,0.976899127427907,0.982026733895795,0.98391904255653,0.987281383087493,2016-05-22
"susceptible_prop",74,0.95259465976115,0.972502975094969,0.978562030069867,0.980609600073965,0.984824691842599,2016-05-29
"susceptible_prop",75,0.945716884298091,0.968246670052212,0.97526510162856,0.977375461317904,0.982394729351582,2016-06-05
"susceptible_prop",76,0.939205023626242,0.964405963184417,0.972198845507813,0.974665351533751,0.980365096237948,2016-06-12
"susceptible_prop",77,0.933859586685527,0.961105447451319,0.969685475728175,0.972212006294097,0.978523466577174,2016-06-19
"susceptible_prop",78,0.929442354040074,0.958337400730241,0.967285021248827,0.969959296004767,0.976862775015541,2016-06-26
"susceptible_prop",79,0.925201315092601,0.955813853299375,0.965095922686695,0.968079923605012,0.975527815892037,2016-07-03
"susceptible_prop",80,0.921290878030129,0.953533812348583,0.963169501009985,0.966445600454897,0.97426838319748,2016-07-10
"susceptible_prop",81,0.917773844787028,0.951627964703262,0.961526134101103,0.965117324846851,0.973021296106572,2016-07-17
"susceptible_prop",82,0.915101172919491,0.949799800952957,0.96026932289318,0.963969910847672,0.972009328105427,2016-07-24
"susceptible_prop",83,0.912647704176606,0.948441392952491,0.959114695274901,0.962900222678523,0.971121938584136,2016-07-31
"susceptible_prop",84,0.910424044946747,0.947317718526601,0.958153737505979,0.962074523302752,0.970397594861693,2016-08-07
"susceptible_prop",85,0.908668934565314,0.946345188153024,0.957421080709494,0.961411286084486,0.969872722668065,2016-08-14
"susceptible_prop",86,0.90725007692908,0.945435479094144,0.956756497744928,0.9608409650508,0.969313988051742,2016-08-21
"susceptible_prop",87,0.906043117630545,0.944798606343432,0.956165769948752,0.960408305262137,0.968886131127277,2016-08-28
"susceptible_prop",88,0.905028428910603,0.944202592847164,0.955696731146241,0.96000504313653,0.968572923569742,2016-09-04
"susceptible_prop",89,0.904091399214278,0.943718686737889,0.95525285011297,0.959682429960977,0.96826314070393,2016-09-11
"susceptible_prop",90,0.903300711402014,0.943332207537216,0.954887320484494,0.959390612045316,0.968019465213149,2016-09-18
"susceptible_prop",91,0.902699351165189,0.942920852350764,0.954567546657905,0.95912571126112,0.967793871792889,2016-09-25
"susceptible_prop",92,0.902059222482197,0.942521877884473,0.95427288561179,0.958861948795722,0.967573570395633,2016-10-02
"susceptible_prop",93,0.901489325975033,0.942089339085878,0.953987051994231,0.9585950117666,0.967365637363448,2016-10-09
"susceptible_prop",94,0.900839259780394,0.941631810401493,0.953687277001268,0.958274202435349,0.967152834856313,2016-10-16
"susceptible_prop",95,0.900197713074296,0.941156938747955,0.953370360759405,0.95796764615672,0.966926213962098,2016-10-23
"susceptible_prop",96,0.899362347080426,0.940625228578962,0.952995694505733,0.957631044027338,0.966658950444886,2016-10-30
"susceptible_prop",97,0.898443506241056,0.940079626997944,0.952533709168485,0.957240644560789,0.966343104251449,2016-11-06
"susceptible_prop",98,0.897326955014999,0.939495756080621,0.952033921887146,0.956804606969073,0.965992013764977,2016-11-13
"susceptible_prop",99,0.896113122929489,0.938846773640743,0.95149979532432,0.956321647318724,0.965540422890319,2016-11-20
"susceptible_prop",100,0.895122931958305,0.938310332577259,0.951076933917096,0.955957101598607,0.965222718421019,2016-11-27
"susceptible_prop",101,0.894506749565197,0.937831255664642,0.950745842764424,0.955627073676555,0.964966535159928,2016-12-04
"susceptible_prop",102,0.893928116543145,0.937368879662171,0.950449108698201,0.955360632668416,0.96475797810269,2016-12-11
"susceptible_prop",103,0.893412036978844,0.937068489634257,0.95022134284712,0.955134333620949,0.964572532113571,2016-12-18
"susceptible_prop",104,0.892970650711318,0.936787765814153,0.950007110514686,0.9549524129439,0.964423284298724,2016-12-25
"susceptible_prop",105,0.892302406307341,0.936419942968489,0.949697213129224,0.954744285143681,0.964178975950269,2017-01-01
"susceptible_prop",106,0.89151860594859,0.935994965681445,0.949348570883813,0.95445511441906,0.963913268648133,2017-01-08
"susceptible_prop",107,0.890502620330096,0.935438221190263,0.948851922839981,0.954046470248432,0.963577542517562,2017-01-15
"susceptible_prop",108,0.889276171403658,0.934702004026206,0.94826463899923,0.953532328989561,0.963192942314633,2017-01-22
"susceptible_prop",109,0.887651276765437,0.933760206138926,0.947609229013859,0.952979445519836,0.962701802321901,2017-01-29
"susceptible_prop",110,0.885900450816247,0.932622578497371,0.946802863283693,0.952267813310808,0.962160844129615,2017-02-05
"susceptible_prop",111,0.883830430805329,0.931127376232609,0.945767927869264,0.951350008569741,0.961518793044546,2017-02-12
"susceptible_prop",112,0.881135306042462,0.929166400133279,0.944468937570469,0.950076308254112,0.960539878266225,2017-02-19
"susceptible_prop",113,0.877268284971966,0.92653918204039,0.942320324248767,0.948068093233725,0.959080773892541,2017-02-26
"susceptible_prop",114,0.87214698716817,0.922784939481047,0.939034098348986,0.945307485199319,0.956734125285168,2017-03-05
"susceptible_prop",115,0.862707300628599,0.917011483729343,0.934056142628133,0.941355974712088,0.953551212230455,2017-03-12
"susceptible_prop",116,0.851122894042273,0.909497776993752,0.927900699251418,0.936135848023392,0.949271444971621,2017-03-19
"susceptible_prop",117,0.832727471257702,0.898730856639465,0.918575816643658,0.928832193144933,0.94257043838204,2017-03-26
"susceptible_prop",118,0.812432551481441,0.886380385748337,0.907562670512584,0.919449966879672,0.93411068698301,2017-04-02
"susceptible_prop",119,0.788422671974531,0.871222236300876,0.89467923178378,0.907971154481361,0.92494090950484,2017-04-09
"susceptible_prop",120,0.760663981326914,0.854287450764817,0.879580242861233,0.896060068226002,0.914777893390393,2017-04-16
"susceptible_prop",121,0.734247627543791,0.838690926541882,0.864857898573504,0.883859994089268,0.905531724359103,2017-04-23
"susceptible_prop",122,0.702603291197513,0.820592848921805,0.849575323615484,0.870894829807143,0.894924906474373,2017-04-30
"susceptible_prop",123,0.676281036196723,0.805725468189347,0.835430975230765,0.859179280288947,0.884619818124143,2017-05-07
"susceptible_prop",124,0.654133523731644,0.792713902810901,0.823596218398196,0.849329763955761,0.876394700083182,2017-05-14
"susceptible_prop",125,0.638638939316561,0.782142007606514,0.814349121295159,0.842168346625913,0.870930743961342,2017-05-21
"susceptible_prop",126,0.62643968535699,0.773754841902643,0.807351356407909,0.836106314191194,0.866094358606457,2017-05-28
"susceptible_prop",127,0.617241825405983,0.767422325464758,0.802701513331282,0.83168732356109,0.862294928815742,2017-06-04
"susceptible_prop",128,0.61000535426054,0.762999786619206,0.799244704360076,0.828626393966469,0.859672607249526,2017-06-11
"susceptible_prop",129,0.604643681457706,0.759904641462414,0.79642693562454,0.826411440121481,0.8576696464359,2017-06-18
"susceptible_prop",130,0.600461382734516,0.757485385625953,0.794203277261023,0.824669021291356,0.856267719046439,2017-06-25
"susceptible_prop",131,0.597017601497818,0.755265238634886,0.792512962319044,0.823184959301177,0.854935427922789,2017-07-02
"susceptible_prop",132,0.594334423141717,0.753350116066708,0.791142406587583,0.821982778762251,0.853922596240326,2017-07-09
"susceptible_prop",133,0.592137991478011,0.752011552157902,0.790026288896403,0.821006568518373,0.853112226175582,2017-07-16
"susceptible_prop",134,0.590482560264254,0.750999904137136,0.789097481720199,0.820237535289818,0.852433409133836,2017-07-23
"susceptible_prop",135,0.58913505918679,0.750205970601422,0.788370298344659,0.81956582144509,0.851966960372988,2017-07-30
"susceptible_prop",136,0.588155661030147,0.749604129989748,0.787830159942609,0.819045342313923,0.851569247090485,2017-08-06
"susceptible_prop",137,0.587429187044409,0.749159071824146,0.787403415630904,0.818673166376624,0.851266172685433,2017-08-13
"susceptible_prop",138,0.586883508574976,0.748815025811282,0.787118035652624,0.81839814906434,0.851038553238677,2017-08-20
"susceptible_prop",139,0.586481314228246,0.748550596038813,0.786905994768804,0.818214710048233,0.850867862642119,2017-08-27
"susceptible_prop",140,0.586151345305222,0.748322262583021,0.786739149946895,0.818079155744045,0.850743666124264,2017-09-03
"susceptible_prop",141,0.585857149349602,0.748131942690888,0.786582930193751,0.817940753222525,0.85062902165472,2017-09-10
"susceptible_prop",142,0.585614391267896,0.747969816507227,0.786444378935156,0.817821109491403,0.850529216337964,2017-09-17
"susceptible_prop",143,0.585388303308067,0.747833453297687,0.786328206761429,0.817722335922428,0.850444578047973,2017-09-24
"susceptible_prop",144,0.585185674677836,0.74771095018865,0.786207945063145,0.817642985888183,0.850364863197349,2017-10-01
"susceptible_prop",145,0.585017009849733,0.747608814724254,0.786120116406216,0.817573470312471,0.850302954924997,2017-10-08
"susceptible_prop",146,0.584860456002867,0.747518002317955,0.786046976187408,0.817508185351161,0.850241769619789,2017-10-15
"susceptible_prop",147,0.584707906660878,0.747436729331979,0.785975630142111,0.817434735113952,0.850185513307846,2017-10-22
"susceptible_prop",148,0.584556029272783,0.747354607948323,0.785908322966248,0.817359078877788,0.850126049555971,2017-10-29
"susceptible_prop",149,0.584423346154277,0.747268945054395,0.785833283116362,0.817297953857853,0.850070539085358,2017-11-05
"susceptible_prop",150,0.584308748010549,0.74718744017751,0.785767511110952,0.817239953843116,0.850016681850552,2017-11-12
"susceptible_prop",151,0.584218415926806,0.747120258381836,0.785710766055289,0.817188004290312,0.849974774387123,2017-11-19
"susceptible_prop",152,0.584133846816002,0.747039991456196,0.785655926753463,0.817132371764603,0.849935875126629,2017-11-26
"susceptible_prop",153,0.584045019194179,0.746956750177984,0.785607484727934,0.817085580842706,0.849901299655488,2017-12-03
"susceptible_prop",154,0.583962671889871,0.746886266804054,0.7855607253053,0.817032878963436,0.849865410150717,2017-12-10
"susceptible_prop",155,0.583886520223601,0.746823102032174,0.785518988113904,0.816985828842095,0.84983807950797,2017-12-17
"susceptible_prop",156,0.583819904113998,0.746772395212271,0.785481188583906,0.816934777204542,0.849812069015225,2017-12-24
"susceptible_prop",157,0.583737706296027,0.746711592219882,0.785425758539575,0.81688190615438,0.849780363588793,2017-12-31
"susceptible_prop",158,0.583644448607379,0.746646697703474,0.785369617356781,0.816819669937909,0.849740280701336,2018-01-07
"susceptible_prop",159,0.583533646858094,0.746567003693724,0.785314242105734,0.816763012811836,0.849697660810103,2018-01-14
"susceptible_prop",160,0.583418722439426,0.746494424999838,0.785252971621594,0.816707467961604,0.849654088382297,2018-01-21
"susceptible_prop",161,0.583303181673708,0.746407867478547,0.78518344608559,0.816648761796313,0.849608861140624,2018-01-28
"susceptible_prop",162,0.583183745553024,0.746316175153421,0.785118989149552,0.816584814969898,0.849558870771264,2018-02-04
"susceptible_prop",163,0.583061966477034,0.746219157858987,0.785057296709776,0.816521253628936,0.849508963145061,2018-02-11
"susceptible_prop",164,0.582931037581718,0.746112370996767,0.784980934523333,0.816443286286024,0.849458238532303,2018-02-18
"susceptible_prop",165,0.582790249919557,0.746007690249034,0.784897514158637,0.816366139781495,0.849393777684911,2018-02-25
"susceptible_prop",166,0.582653786701821,0.745910872243078,0.7848189842529,0.816298005839764,0.849338729320001,2018-03-04
"susceptible_prop",167,0.582511413114847,0.745815079820123,0.784737850300487,0.816218624554513,0.849277218612575,2018-03-11
"susceptible_prop",168,0.582385112628441,0.745722895597759,0.784657037583035,0.816148389514805,0.849221876105625,2018-03-18
"susceptible_prop",169,0.582253225607395,0.745617629951713,0.784583332525002,0.816083138998639,0.849169583830861,2018-03-25
"susceptible_prop",170,0.58211233037763,0.74550314772227,0.784498479426109,0.81600766464643,0.849109733004835,2018-04-01
"susceptible_prop",171,0.581965540606592,0.745395305280808,0.784412320636061,0.815935999087105,0.849045453802985,2018-04-08
"susceptible_prop",172,0.581831726441513,0.74528888459202,0.784337022039475,0.815877646713063,0.84899303475619,2018-04-15
"susceptible_prop",173,0.581729227371667,0.745214015350546,0.784274097596194,0.815819123336584,0.848949027151122,2018-04-22
"susceptible_prop",174,0.581636680843063,0.745153616294006,0.784219089539002,0.815772410998664,0.84891193995516,2018-04-29
"susceptible_prop",175,0.581560396401262,0.745088218046457,0.784173227639786,0.815731463690741,0.848884339342772,2018-05-06
"susceptible_prop",176,0.581488547917167,0.745029964846625,0.784129947744019,0.815695559837014,0.848856037979381,2018-05-13
"susceptible_prop",177,0.581421944770133,0.744977185521926,0.784089383327769,0.815659522952883,0.848831083633909,2018-05-20
"susceptible_prop",178,0.581356670912789,0.744932429947635,0.78405247929378,0.81562648242888,0.848807753242488,2018-05-27
"susceptible_prop",179,0.581294319473035,0.744891423142574,0.784015948017948,0.815592350718256,0.848781533061116,2018-06-03
"susceptible_prop",180,0.581229343020071,0.744847114575354,0.783983388132472,0.815563072646055,0.848760876157671,2018-06-10
"susceptible_prop",181,0.581168886076757,0.744807895297956,0.783949210615019,0.815536186428564,0.848735634001748,2018-06-17
"susceptible_prop",182,0.581116121116572,0.744777163744206,0.783919292288819,0.815511421841066,0.848715088445904,2018-06-24
"susceptible_prop",183,0.58106279096346,0.744735498700924,0.783891324918218,0.815483381385243,0.848693195366451,2018-07-01
"susceptible_prop",184,0.581012778581099,0.744695193592073,0.78386343036831,0.815456459992316,0.848669838294587,2018-07-08
"susceptible_prop",185,0.58096280487646,0.744657285858499,0.783838820184952,0.815434667267063,0.848652368114601,2018-07-15
"susceptible_prop",186,0.580917341126723,0.744621279479352,0.783814173363714,0.815413057443779,0.848636240188437,2018-07-22
"susceptible_prop",187,0.580874200357456,0.744586065920257,0.783793674329288,0.815396434345366,0.848621813521746,2018-07-29
"susceptible_prop",188,0.580835965735066,0.744554415584072,0.783772203457065,0.815379438821969,0.848607704432802,2018-08-05
"susceptible_prop",189,0.580801766630712,0.74452259182053,0.783753354580985,0.815363433000247,0.848594589898803,2018-08-12
"susceptible_prop",190,0.580768248081302,0.744493961207845,0.78373743522932,0.815347398736125,0.848582330052359,2018-08-19
"susceptible_prop",191,0.58073819420233,0.744471674173861,0.783721362122141,0.81533340191721,0.84857211113578,2018-08-26
"susceptible_prop",192,0.580710105161815,0.744455593820401,0.783708207911004,0.815321947290025,0.848561264463834,2018-09-02
"susceptible_prop",193,0.580684176589959,0.744439923168995,0.783696262104895,0.815311220770985,0.848551860052145,2018-09-09
"susceptible_prop",194,0.580661016258612,0.74442599146477,0.783686277434691,0.815300570107257,0.848542655861402,2018-09-16
"susceptible_prop",195,0.580640262138293,0.744414857035812,0.783676566117105,0.815289020439985,0.848534732161688,2018-09-23
"susceptible_prop",196,0.580620327730607,0.744402577099745,0.783666991334154,0.815278230091066,0.848527049980491,2018-09-30
"susceptible_prop",197,0.580600778232387,0.744389232550612,0.783654947706051,0.815266991255405,0.848520304830262,2018-10-07
"susceptible_prop",198,0.580580307796198,0.74437695735924,0.783642661635066,0.815253293292392,0.848512746207851,2018-10-14
"susceptible_prop",199,0.580560942007737,0.744363176502834,0.783629151433913,0.815241223431737,0.848507225280614,2018-10-21
"susceptible_prop",200,0.580541279853591,0.744349666146783,0.783618587811626,0.815228231170465,0.848499322343606,2018-10-28
"susceptible_prop",201,0.580520679215849,0.744336977579275,0.783607625774599,0.815217037530531,0.848492222694584,2018-11-04
"susceptible_prop",202,0.580500511976961,0.744320652129834,0.783598231123675,0.815205199415742,0.848484822900298,2018-11-11
"susceptible_prop",203,0.580479018533301,0.744303976560455,0.783588137927763,0.815192560013159,0.848476961068144,2018-11-18
"susceptible_prop",204,0.580457891615292,0.74428480802388,0.783578536185829,0.815179847593218,0.848469151621985,2018-11-25
"susceptible_prop",205,0.580438097122134,0.744266656598802,0.783568688500073,0.81516813090453,0.848461150532781,2018-12-02
"susceptible_prop",206,0.580420640011569,0.744249817904949,0.783560732079696,0.815157296373434,0.848455919311821,2018-12-09
"susceptible_prop",207,0.580404265488351,0.744236628062281,0.783553527361671,0.815146518024001,0.848450866590267,2018-12-16
"susceptible_prop",208,0.580387854484635,0.744227053464739,0.783546707914932,0.815137637203684,0.84844568413505,2018-12-23
"susceptible_prop",209,0.580371011444297,0.744217617131786,0.783540634383423,0.815129003629224,0.848441384164957,2018-12-30
"immune_prop",1,4.20882895979524e-08,2.08651649291625e-07,4.53976364167552e-07,8.82744200514374e-07,2.75967193075488e-06,2015-01-04
"immune_prop",2,2.96398584276325e-07,7.42264730430042e-07,1.19216860444693e-06,2.03475692908683e-06,4.80468891451702e-06,2015-01-11
"immune_prop",3,5.62412509899635e-07,1.28692253070772e-06,2.06991451889849e-06,3.01185280962568e-06,7.25514142001781e-06,2015-01-18
"immune_prop",4,8.50872322269436e-07,1.9426340708284e-06,2.78376214385423e-06,4.15786959465092e-06,8.72316248433368e-06,2015-01-25
"immune_prop",5,1.57081357150535e-06,2.49558228429536e-06,3.45778880728176e-06,5.00159930932886e-06,1.0417257161538e-05,2015-02-01
"immune_prop",6,1.8029857335955e-06,3.37543334416601e-06,4.63287655955158e-06,6.98485524555648e-06,1.39291993246915e-05,2015-02-08
"immune_prop",7,3.06495667559137e-06,4.94176268334146e-06,6.98081253824867e-06,9.68260899508744e-06,1.78512479189097e-05,2015-02-15
"immune_prop",8,4.21190682766137e-06,6.66056790993297e-06,8.59242584705378e-06,1.12942855809706e-05,1.95529234107594e-05,2015-02-22
"immune_prop",9,5.33493914237904e-06,7.99404222737166e-06,1.05380586836734e-05,1.37187719045639e-05,2.44363272020459e-05,2015-03-01
"immune_prop",10,6.46934933712373e-06,9.66715569852838e-06,1.28036005687115e-05,1.67008139958236e-05,2.90985681204947e-05,2015-03-08
"immune_prop",11,7.71664178023379e-06,1.12785978812202e-05,1.51869340601074e-05,1.95460520171498e-05,3.43407783880423e-05,2015-03-15
"immune_prop",12,9.0634472955653e-06,1.35640919780577e-05,1.77525918468313e-05,2.25052973217288e-05,4.11919321855636e-05,2015-03-22
"immune_prop",13,1.04146861078874e-05,1.56118465517996e-05,2.01064622590841e-05,2.55389454888455e-05,4.85564126720073e-05,2015-03-29
"immune_prop",14,1.21054291846778e-05,1.78668497079482e-05,2.26504839636044e-05,2.91450124960679e-05,5.56976145204502e-05,2015-04-05
"immune_prop",15,1.3620361818048e-05,2.02699418344332e-05,2.54622004522975e-05,3.2308385242652e-05,6.29414282931839e-05,2015-04-12
"immune_prop",16,1.52974904061159e-05,2.28536575904992e-05,2.78116168236364e-05,3.55735456714912e-05,7.06853701292669e-05,2015-04-19
"immune_prop",17,1.68501278024785e-05,2.51302896585592e-05,3.0103027573225e-05,3.91095324002166e-05,7.8392062045432e-05,2015-04-26
"immune_prop",18,1.81555822788421e-05,2.69252297028511e-05,3.25062298034973e-05,4.17335477443104e-05,8.44523058636026e-05,2015-05-03
"immune_prop",19,1.93190500719032e-05,2.87733972364757e-05,3.45997300427725e-05,4.41241461411335e-05,8.98490180167493e-05,2015-05-10
"immune_prop",20,2.0445089806323e-05,3.03262413768879e-05,3.63677623377856e-05,4.59498770672695e-05,9.37524709470893e-05,2015-05-17
"immune_prop",21,2.15195518552147e-05,3.18656094034364e-05,3.77763332868875e-05,4.75515975284224e-05,9.58558916202916e-05,2015-05-24
"immune_prop",22,2.23444630328029e-05,3.27385185213414e-05,3.87157250911208e-05,4.94015776947021e-05,9.74739047009842e-05,2015-05-31
"immune_prop",23,2.30529829240239e-05,3.3610653286581e-05,3.95745807947323e-05,5.08406131447814e-05,9.8711924294037e-05,2015-06-07
"immune_prop",24,2.36584615347951e-05,3.42264565765249e-05,4.00898647380799e-05,5.19671661396715e-05,9.97215846637616e-05,2015-06-14
"immune_prop",25,2.41179260680124e-05,3.45850231615596e-05,4.06886416088881e-05,5.26983356314292e-05,0.000100492791067336,2015-06-21
"immune_prop",26,2.45243385760874e-05,3.49204811181947e-05,4.11528187658217e-05,5.33320365513901e-05,0.000101121886050259,2015-06-28
"immune_prop",27,2.48440795936472e-05,3.53793194183272e-05,4.15485222127754e-05,5.38331853098539e-05,0.00010166263496385,2015-07-05
"immune_prop",28,2.51311443834196e-05,3.56500772613344e-05,4.19016557836049e-05,5.42196058198607e-05,0.000102145833878489,2015-07-12
"immune_prop",29,2.5325023214734e-05,3.57900413132106e-05,4.21005510007344e-05,5.44813944442502e-05,0.000102538581930295,2015-07-19
"immune_prop",30,2.54585858874057e-05,3.60332666891339e-05,4.22590275562795e-05,5.4682157545588e-05,0.000102879158078986,2015-07-26
"immune_prop",31,2.5587659687315e-05,3.61243276806589e-05,4.24207813183308e-05,5.48341891679627e-05,0.000103164409726472,2015-08-02
"immune_prop",32,2.57172701204511e-05,3.62147419652459e-05,4.25660220900737e-05,5.49351952718879e-05,0.000103389361245193,2015-08-09
"immune_prop",33,2.58428685363771e-05,3.6412970962435e-05,4.26369075656741e-05,5.50230072194069e-05,0.000103578718791764,2015-08-16
"immune_prop",34,2.59192693249893e-05,3.65316542308702e-05,4.27088857855029e-05,5.50925055604334e-05,0.000103732440884421,2015-08-23
"immune_prop",35,2.59858459238066e-05,3.67341963624646e-05,4.29034462016142e-05,5.51731251174359e-05,0.000103876067889333,2015-08-30
"immune_prop",36,2.60379344465489e-05,3.69953083277086e-05,4.3051375713643e-05,5.525425304298e-05,0.000104010641979538,2015-09-06
"immune_prop",37,2.60803533749521e-05,3.71325388531518e-05,4.31714243063763e-05,5.53469644907489e-05,0.000104145896695448,2015-09-13
"immune_prop",38,2.61387047406081e-05,3.72529505710262e-05,4.33521681186821e-05,5.54688738728104e-05,0.000104287463718025,2015-09-20
"immune_prop",39,2.62062569449162e-05,3.73584095266499e-05,4.35582424878622e-05,5.56031422293546e-05,0.000104457937159788,2015-09-27
"immune_prop",40,2.62687536592032e-05,3.74341030726921e-05,4.38340087106082e-05,5.57697977550675e-05,0.000104647218584777,2015-10-04
"immune_prop",41,2.63638516200732e-05,3.75502369294733e-05,4.39845255732485e-05,5.59096421698935e-05,0.000104906325127674,2015-10-11
"immune_prop",42,2.6489522978751e-05,3.76179027483381e-05,4.42111401144363e-05,5.60904446311183e-05,0.000105245622706507,2015-10-18
"immune_prop",43,2.66414278869503e-05,3.7781190894759e-05,4.44384302353829e-05,5.64986670067158e-05,0.000105673862697053,2015-10-25
"immune_prop",44,2.68099372579211e-05,3.8099435313077e-05,4.46189321990365e-05,5.6815148419348e-05,0.000106184536974185,2015-11-01
"immune_prop",45,2.70243940364345e-05,3.84585334772813e-05,4.49848766831962e-05,5.7172964780583e-05,0.000106833544019777,2015-11-08
"immune_prop",46,2.72817335777498e-05,3.868492128975e-05,4.54377633610226e-05,5.77536227559239e-05,0.000107604911447356,2015-11-15
"immune_prop",47,2.76305063583171e-05,3.9377109634281e-05,4.60704775421816e-05,5.84230600892688e-05,0.000108576064373456,2015-11-22
"immune_prop",48,2.83692291470766e-05,4.01228648942709e-05,4.69842273025378e-05,5.95761207451972e-05,0.000109784992031978,2015-11-29
"immune_prop",49,2.94032982663006e-05,4.10675882366873e-05,4.80681961100293e-05,6.10028806382334e-05,0.000111447756212646,2015-12-06
"immune_prop",50,3.08920181067318e-05,4.23130664387317e-05,5.00744968089384e-05,6.25710209091468e-05,0.00011394360731799,2015-12-13
"immune_prop",51,3.23268116791897e-05,4.45088686765183e-05,5.26609725987615e-05,6.49491489193854e-05,0.00011804438982323,2015-12-20
"immune_prop",52,3.42666764410721e-05,4.71019480691726e-05,5.64751715742551e-05,6.8893481009219e-05,0.000124850018498338,2015-12-27
"immune_prop",53,3.768918970187e-05,5.09970123267478e-05,6.17874524073136e-05,7.41674973500084e-05,0.0001346664748272,2016-01-03
"immune_prop",54,4.3024578520437e-05,5.8156239562096e-05,6.92103207869943e-05,8.19107697576649e-05,0.000149471772357837,2016-01-10
"immune_prop",55,4.88876068229782e-05,6.70202672304054e-05,7.90878155515484e-05,9.42342871458057e-05,0.000169889268756293,2016-01-17
"immune_prop",56,5.75227535770551e-05,8.0049532463794e-05,9.23213520033217e-05,0.000112673926840362,0.000203081900903743,2016-01-24
"immune_prop",57,6.97272630254486e-05,9.93375847704592e-05,0.000111630446853139,0.000138038937975121,0.000241144870368135,2016-01-31
"immune_prop",58,8.6256600126261e-05,0.000122162158900069,0.000136655295011612,0.000170027801102729,0.000294112831847828,2016-02-07
"immune_prop",59,0.000112681306386617,0.000154899664702834,0.00017433106419773,0.000218644159720588,0.000370200345477192,2016-02-14
"immune_prop",60,0.000150655732255633,0.000200904221849374,0.000225437095713155,0.000288798548322616,0.000501502733427561,2016-02-21
"immune_prop",61,0.000210165167280738,0.00028028479882633,0.000318079112927971,0.000407519377461391,0.000704995424274804,2016-02-28
"immune_prop",62,0.000316544633794208,0.000418427712822717,0.000470627589574835,0.000600533466980496,0.0010384797096587,2016-03-06
"immune_prop",63,0.000468602364497339,0.000609676434165873,0.000680807956117746,0.000859628572102145,0.00151620111643229,2016-03-13
"immune_prop",64,0.000674794275662222,0.000875598583696152,0.00097817505281389,0.00124312227898332,0.00216731743427839,2016-03-20
"immune_prop",65,0.000979257649690757,0.00123501821354352,0.00138100773427285,0.00180103011433613,0.00309829993510815,2016-03-27
"immune_prop",66,0.00138092220196335,0.0017675175457009,0.00196196269854643,0.00255020803220093,0.0043419120410116,2016-04-03
"immune_prop",67,0.00197146061238173,0.00251535172068384,0.00278190224540265,0.00363830991809697,0.00624997735361937,2016-04-10
"immune_prop",68,0.00280886161275378,0.0035736049014114,0.00399578587322158,0.00510066551636176,0.00879967095204715,2016-04-17
"immune_prop",69,0.00400223303040737,0.00516820377864405,0.00572505095938131,0.00735962492170733,0.0128139798338886,2016-04-24
"immune_prop",70,0.00569397666072518,0.0073662545590506,0.00813533753898349,0.0104086690401272,0.0183823755353253,2016-05-01
"immune_prop",71,0.00792673172847627,0.0101641879170707,0.0112659350791773,0.0144992310185679,0.0253357146915475,2016-05-08
"immune_prop",72,0.0102794115601184,0.013083438116761,0.0145459898391624,0.0185931382846433,0.0322397518594362,2016-05-15
"immune_prop",73,0.0127186169125071,0.0160809574434696,0.0179732661042047,0.0231008725720925,0.0391510493093786,2016-05-22
"immune_prop",74,0.015175308157401,0.0193903999260353,0.0214379699301334,0.0274970249050307,0.0474053402388499,2016-05-29
"immune_prop",75,0.0176052706484184,0.0226245386820957,0.0247348983714401,0.031753329947788,0.0542831157019092,2016-06-05
"immune_prop",76,0.0196349037620523,0.0253346484662485,0.0278011544921866,0.035594036815583,0.0607949763737583,2016-06-12
"immune_prop",77,0.021476533422826,0.0277879937059033,0.0303145242718254,0.0388945525486806,0.0661404133144727,2016-06-19
"immune_prop",78,0.023137224984459,0.0300407039952332,0.0327149787511731,0.0416625992697592,0.0705576459599259,2016-06-26
"immune_prop",79,0.0244721841079628,0.0319200763949879,0.0349040773133054,0.0441861467006249,0.0747986849073988,2016-07-03
"immune_prop",80,0.0257316168025198,0.0335543995451029,0.0368304989900151,0.0464661876514171,0.0787091219698713,2016-07-10
"immune_prop",81,0.0269787038934277,0.0348826751531491,0.0384738658988968,0.0483720352967381,0.0822261552129717,2016-07-17
"immune_prop",82,0.0279906718945726,0.0360300891523278,0.0397306771068204,0.0502001990470433,0.084898827080509,2016-07-24
"immune_prop",83,0.0288780614158642,0.0370997773214772,0.0408853047250986,0.0515586070475086,0.0873522958233938,2016-07-31
"immune_prop",84,0.0296024051383074,0.0379254766972477,0.0418462624940207,0.0526822814733994,0.0895759550532526,2016-08-07
"immune_prop",85,0.0301272773319347,0.0385887139155137,0.0425789192905062,0.053654811846976,0.0913310654346859,2016-08-14
"immune_prop",86,0.0306860119482578,0.0391590349491999,0.0432435022550718,0.0545645209058564,0.0927499230709196,2016-08-21
"immune_prop",87,0.0311138688727225,0.0395916947378633,0.0438342300512475,0.0552013936565675,0.0939568823694548,2016-08-28
"immune_prop",88,0.0314270764302577,0.03999495686347,0.0443032688537593,0.0557974071528362,0.0949715710893966,2016-09-04
"immune_prop",89,0.0317368592960703,0.0403175700390233,0.0447471498870299,0.0562813132621113,0.0959086007857217,2016-09-11
"immune_prop",90,0.0319805347868511,0.040609387954684,0.0451126795155056,0.0566677924627837,0.0966992885979859,2016-09-18
"immune_prop",91,0.0322061282071114,0.0408742887388802,0.0454324533420951,0.057079147649236,0.0973006488348114,2016-09-25
"immune_prop",92,0.0324264296043667,0.0411380512042776,0.0457271143882096,0.0574781221155268,0.0979407775178028,2016-10-02
"immune_prop",93,0.0326343626365516,0.0414049882334,0.0460129480057688,0.0579106609141215,0.0985106740249675,2016-10-09
"immune_prop",94,0.032847165143687,0.0417257975646506,0.0463127229987322,0.058368189598507,0.0991607402196062,2016-10-16
"immune_prop",95,0.0330737860379016,0.0420323538432795,0.0466296392405947,0.0588430612520454,0.099802286925704,2016-10-23
"immune_prop",96,0.0333410495551144,0.0423689559726622,0.0470043054942667,0.0593747714210384,0.100637652919574,2016-10-30
"immune_prop",97,0.0336568957485512,0.0427593554392109,0.0474662908315147,0.0599203730020559,0.101556493758944,2016-11-06
"immune_prop",98,0.0340079862350231,0.0431953930309265,0.0479660781128541,0.0605042439193787,0.102673044985001,2016-11-13
"immune_prop",99,0.034459577109681,0.0436783526812756,0.0485002046756798,0.0611532263592567,0.103886877070511,2016-11-20
"immune_prop",100,0.0347772815789805,0.0440428984013926,0.0489230660829044,0.0616896674227408,0.104877068041695,2016-11-27
"immune_prop",101,0.0350334648400719,0.0443729263234449,0.0492541572355762,0.0621687443353582,0.105493250434803,2016-12-04
"immune_prop",102,0.0352420218973104,0.0446393673315837,0.0495508913017986,0.0626311203378292,0.106071883456855,2016-12-11
"immune_prop",103,0.0354274678864295,0.0448656663790506,0.0497786571528798,0.0629315103657426,0.106587963021156,2016-12-18
"immune_prop",104,0.0355767157012761,0.0450475870560995,0.0499928894853144,0.0632122341858471,0.107029349288682,2016-12-25
"immune_prop",105,0.035821024049731,0.0452557148563194,0.0503027868707757,0.0635800570315115,0.107697593692659,2017-01-01
"immune_prop",106,0.0360867313518671,0.0455448855809396,0.0506514291161874,0.0640050343185552,0.10848139405141,2017-01-08
"immune_prop",107,0.0364224574824384,0.045953529751568,0.0511480771600194,0.0645617788097369,0.109497379669904,2017-01-15
"immune_prop",108,0.0368070576853672,0.046467671010439,0.0517353610007703,0.0652979959737939,0.110723828596342,2017-01-22
"immune_prop",109,0.0372981976780995,0.0470205544801635,0.0523907709861406,0.0662397938610739,0.112348723234563,2017-01-29
"immune_prop",110,0.0378391558703846,0.047732186689192,0.0531971367163065,0.0673774215026286,0.114099549183753,2017-02-05
"immune_prop",111,0.0384812069554542,0.0486499914302588,0.0542320721307356,0.0688726237673914,0.116169569194671,2017-02-12
"immune_prop",112,0.0394601217337746,0.0499236917458879,0.0555310624295309,0.0708335998667208,0.118864693957538,2017-02-19
"immune_prop",113,0.0409192261074586,0.0519319067662746,0.0576796757512331,0.0734608179596098,0.122731715028034,2017-02-26
"immune_prop",114,0.043265874714832,0.054692514800681,0.060965901651014,0.0772150605189533,0.12785301283183,2017-03-05
"immune_prop",115,0.0464487877695451,0.0586440252879121,0.0659438573718674,0.0829885162706566,0.137292699371401,2017-03-12
"immune_prop",116,0.0507285550283787,0.0638641519766082,0.0720993007485823,0.0905022230062476,0.148877105957727,2017-03-19
"immune_prop",117,0.0574295616179597,0.0711678068550669,0.0814241833563423,0.101269143360535,0.167272528742298,2017-03-26
"immune_prop",118,0.0658893130169896,0.0805500331203281,0.0924373294874157,0.113619614251663,0.187567448518559,2017-04-02
"immune_prop",119,0.0750590904951605,0.0920288455186392,0.10532076821622,0.128777763699124,0.211577328025469,2017-04-09
"immune_prop",120,0.0852221066096071,0.103939931773998,0.120419757138767,0.145712549235183,0.239336018673086,2017-04-16
"immune_prop",121,0.0944682756408969,0.116140005910732,0.135142101426496,0.161309073458118,0.265752372456209,2017-04-23
"immune_prop",122,0.105075093525627,0.129105170192858,0.150424676384516,0.179407151078195,0.297396708802487,2017-04-30
"immune_prop",123,0.115380181875857,0.140820719711053,0.164569024769235,0.194274531810653,0.323718963803277,2017-05-07
"immune_prop",124,0.123605299916818,0.150670236044239,0.176403781601804,0.207286097189099,0.345866476268356,2017-05-14
"immune_prop",125,0.129069256038658,0.157831653374087,0.18565087870484,0.217857992393486,0.361361060683439,2017-05-21
"immune_prop",126,0.133905641393543,0.163893685808806,0.192648643592091,0.226245158097357,0.37356031464301,2017-05-28
"immune_prop",127,0.137705071184258,0.16831267643891,0.197298486668718,0.232577674535242,0.382758174594017,2017-06-04
"immune_prop",128,0.140327392750474,0.171373606033531,0.200755295639924,0.237000213380794,0.38999464573946,2017-06-11
"immune_prop",129,0.1423303535641,0.173588559878519,0.20357306437546,0.240095358537586,0.395356318542294,2017-06-18
"immune_prop",130,0.143732280953561,0.175330978708644,0.205796722738977,0.242514614374047,0.399538617265484,2017-06-25
"immune_prop",131,0.145064572077211,0.176815040698823,0.207487037680956,0.244734761365114,0.402982398502182,2017-07-02
"immune_prop",132,0.146077403759674,0.178017221237749,0.208857593412417,0.246649883933292,0.405665576858283,2017-07-09
"immune_prop",133,0.146887773824418,0.178993431481627,0.209973711103597,0.247988447842098,0.407862008521989,2017-07-16
"immune_prop",134,0.147566590866164,0.179762464710182,0.210902518279801,0.249000095862864,0.409517439735746,2017-07-23
"immune_prop",135,0.148033039627012,0.18043417855491,0.211629701655341,0.249794029398578,0.41086494081321,2017-07-30
"immune_prop",136,0.148430752909515,0.180954657686077,0.212169840057391,0.250395870010252,0.411844338969853,2017-08-06
"immune_prop",137,0.148733827314567,0.181326833623376,0.212596584369096,0.250840928175854,0.412570812955591,2017-08-13
"immune_prop",138,0.148961446761323,0.18160185093566,0.212881964347376,0.251184974188718,0.413116491425024,2017-08-20
"immune_prop",139,0.149132137357881,0.181785289951767,0.213094005231196,0.251449403961187,0.413518685771754,2017-08-27
"immune_prop",140,0.149256333875736,0.181920844255955,0.213260850053105,0.251677737416979,0.413848654694778,2017-09-03
"immune_prop",141,0.14937097834528,0.182059246777475,0.213417069806249,0.251868057309112,0.414142850650398,2017-09-10
"immune_prop",142,0.149470783662036,0.182178890508597,0.213555621064844,0.252030183492773,0.414385608732104,2017-09-17
"immune_prop",143,0.149555421952027,0.182277664077572,0.213671793238571,0.252166546702313,0.414611696691933,2017-09-24
"immune_prop",144,0.149635136802651,0.182357014111817,0.213792054936855,0.25228904981135,0.414814325322164,2017-10-01
"immune_prop",145,0.149697045075003,0.182426529687529,0.213879883593784,0.252391185275746,0.414982990150267,2017-10-08
"immune_prop",146,0.149758230380211,0.182491814648839,0.213953023812592,0.252481997682045,0.415139543997133,2017-10-15
"immune_prop",147,0.149814486692154,0.182565264886048,0.214024369857889,0.252563270668021,0.415292093339122,2017-10-22
"immune_prop",148,0.149873950444029,0.182640921122212,0.214091677033752,0.252645392051677,0.415443970727217,2017-10-29
"immune_prop",149,0.149929460914642,0.182702046142147,0.214166716883638,0.252731054945605,0.415576653845723,2017-11-05
"immune_prop",150,0.149983318149448,0.182760046156884,0.214232488889048,0.25281255982249,0.415691251989451,2017-11-12
"immune_prop",151,0.150025225612877,0.182811995709688,0.214289233944711,0.252879741618164,0.415781584073194,2017-11-19
"immune_prop",152,0.150064124873371,0.182867628235397,0.214344073246537,0.252960008543804,0.415866153183998,2017-11-26
"immune_prop",153,0.150098700344512,0.182914419157294,0.214392515272066,0.253043249822016,0.415954980805821,2017-12-03
"immune_prop",154,0.150134589849283,0.182967121036564,0.2144392746947,0.253113733195946,0.416037328110129,2017-12-10
"immune_prop",155,0.15016192049203,0.183014171157905,0.214481011886096,0.253176897967826,0.416113479776399,2017-12-17
"immune_prop",156,0.150187930984775,0.183065222795458,0.214518811416094,0.253227604787729,0.416180095886002,2017-12-24
"immune_prop",157,0.150219636411207,0.18311809384562,0.214574241460425,0.253288407780118,0.416262293703973,2017-12-31
"immune_prop",158,0.150259719298664,0.183180330062091,0.214630382643219,0.253353302296526,0.416355551392621,2018-01-07
"immune_prop",159,0.150302339189896,0.183236987188164,0.214685757894266,0.253432996306276,0.416466353141906,2018-01-14
"immune_prop",160,0.150345911617703,0.183292532038396,0.214747028378406,0.253505575000162,0.416581277560574,2018-01-21
"immune_prop",161,0.150391138859376,0.183351238203687,0.21481655391441,0.253592132521453,0.416696818326292,2018-01-28
"immune_prop",162,0.150441129228736,0.183415185030102,0.214881010850448,0.253683824846579,0.416816254446976,2018-02-04
"immune_prop",163,0.150491036854939,0.183478746371064,0.214942703290224,0.253780842141013,0.416938033522966,2018-02-11
"immune_prop",164,0.150541761467697,0.183556713713976,0.215019065476667,0.253887629003233,0.417068962418282,2018-02-18
"immune_prop",165,0.150606222315089,0.183633860218505,0.215102485841363,0.253992309750966,0.417209750080443,2018-02-25
"immune_prop",166,0.150661270679999,0.183701994160236,0.2151810157471,0.254089127756922,0.417346213298179,2018-03-04
"immune_prop",167,0.150722781387425,0.183781375445487,0.215262149699513,0.254184920179877,0.417488586885153,2018-03-11
"immune_prop",168,0.150778123894375,0.183851610485195,0.215342962416965,0.254277104402241,0.417614887371559,2018-03-18
"immune_prop",169,0.150830416169139,0.18391686100136,0.215416667474998,0.254382370048287,0.417746774392605,2018-03-25
"immune_prop",170,0.150890266995165,0.18399233535357,0.215501520573891,0.25449685227773,0.41788766962237,2018-04-01
"immune_prop",171,0.150954546197015,0.184064000912895,0.215587679363939,0.254604694719192,0.418034459393408,2018-04-08
"immune_prop",172,0.15100696524381,0.184122353286937,0.215662977960525,0.25471111540798,0.418168273558487,2018-04-15
"immune_prop",173,0.151050972848878,0.184180876663416,0.215725902403806,0.254785984649454,0.418270772628333,2018-04-22
"immune_prop",174,0.15108806004484,0.184227589001336,0.215780910460998,0.254846383705994,0.418363319156937,2018-04-29
"immune_prop",175,0.151115660657228,0.184268536309259,0.215826772360214,0.254911781953543,0.418439603598738,2018-05-06
"immune_prop",176,0.151143962020619,0.184304440162986,0.215870052255981,0.254970035153375,0.418511452082833,2018-05-13
"immune_prop",177,0.151168916366091,0.184340477047117,0.215910616672231,0.255022814478074,0.418578055229867,2018-05-20
"immune_prop",178,0.151192246757512,0.18437351757112,0.215947520706221,0.255067570052365,0.418643329087211,2018-05-27
"immune_prop",179,0.151218466938884,0.184407649281744,0.215984051982052,0.255108576857426,0.418705680526965,2018-06-03
"immune_prop",180,0.151239123842329,0.184436927353945,0.216016611867528,0.255152885424646,0.418770656979929,2018-06-10
"immune_prop",181,0.151264365998252,0.184463813571436,0.216050789384981,0.255192104702044,0.418831113923243,2018-06-17
"immune_prop",182,0.151284911554096,0.184488578158934,0.216080707711181,0.255222836255794,0.418883878883428,2018-06-24
"immune_prop",183,0.151306804633549,0.184516618614757,0.216108675081781,0.255264501299076,0.41893720903654,2018-07-01
"immune_prop",184,0.151330161705413,0.184543540007684,0.21613656963169,0.255304806407927,0.418987221418902,2018-07-08
"immune_prop",185,0.151347631885399,0.184565332732937,0.216161179815048,0.255342714141501,0.41903719512354,2018-07-15
"immune_prop",186,0.151363759811563,0.184586942556221,0.216185826636286,0.255378720520648,0.419082658873277,2018-07-22
"immune_prop",187,0.151378186478254,0.184603565654634,0.216206325670712,0.255413934079743,0.419125799642544,2018-07-29
"immune_prop",188,0.151392295567198,0.184620561178031,0.216227796542935,0.255445584415928,0.419164034264934,2018-08-05
"immune_prop",189,0.151405410101197,0.184636566999753,0.216246645419015,0.255477408179469,0.419198233369288,2018-08-12
"immune_prop",190,0.151417669947641,0.184652601263875,0.21626256477068,0.255506038792155,0.419231751918698,2018-08-19
"immune_prop",191,0.15142788886422,0.18466659808279,0.216278637877859,0.255528325826139,0.41926180579767,2018-08-26
"immune_prop",192,0.151438735536166,0.184678052709975,0.216291792088996,0.255544406179599,0.419289894838185,2018-09-02
"immune_prop",193,0.151448139947855,0.184688779229015,0.216303737895105,0.255560076831005,0.419315823410041,2018-09-09
"immune_prop",194,0.151457344138598,0.184699429892742,0.216313722565309,0.25557400853523,0.419338983741388,2018-09-16
"immune_prop",195,0.151465267838312,0.184710979560015,0.216323433882895,0.255585142964188,0.419359737861707,2018-09-23
"immune_prop",196,0.151472950019509,0.184721769908934,0.216333008665846,0.255597422900255,0.419379672269393,2018-09-30
"immune_prop",197,0.151479695169738,0.184733008744595,0.216345052293949,0.255610767449388,0.419399221767613,2018-10-07
"immune_prop",198,0.151487253792149,0.184746706707608,0.216357338364934,0.25562304264076,0.419419692203802,2018-10-14
"immune_prop",199,0.151492774719386,0.184758776568263,0.216370848566087,0.255636823497166,0.419439057992263,2018-10-21
"immune_prop",200,0.151500677656394,0.184771768829535,0.216381412188374,0.255650333853217,0.419458720146409,2018-10-28
"immune_prop",201,0.151507777305416,0.184782962469469,0.216392374225401,0.255663022420725,0.419479320784151,2018-11-04
"immune_prop",202,0.151515177099701,0.184794800584258,0.216401768876325,0.255679347870166,0.419499488023039,2018-11-11
"immune_prop",203,0.151523038931856,0.184807439986841,0.216411862072237,0.255696023439545,0.419520981466699,2018-11-18
"immune_prop",204,0.151530848378015,0.184820152406782,0.216421463814171,0.25571519197612,0.419542108384708,2018-11-25
"immune_prop",205,0.151538849467219,0.18483186909547,0.216431311499927,0.255733343401198,0.419561902877866,2018-12-02
"immune_prop",206,0.151544080688179,0.184842703626566,0.216439267920304,0.255750182095051,0.419579359988431,2018-12-09
"immune_prop",207,0.151549133409733,0.184853481975999,0.216446472638329,0.255763371937719,0.419595734511649,2018-12-16
"immune_prop",208,0.15155431586495,0.184862362796316,0.216453292085068,0.255772946535261,0.419612145515365,2018-12-23
"immune_prop",209,0.151558615835043,0.184870996370776,0.216459365616577,0.255782382868214,0.419628988555703,2018-12-30
"R0_t",1,0.820242936358697,1.10818568230598,1.34288908348226,1.60437907601577,2.26251025095145,2015-01-04
"R0_t",2,0.820242936358697,1.10818568230598,1.34288908348226,1.60437907601577,2.26251025095145,2015-01-11
"R0_t",3,0.820242936358697,1.10818568230598,1.34288908348226,1.60437907601577,2.26251025095145,2015-01-18
"R0_t",4,0.820242936358697,1.10818568230598,1.34288908348226,1.60437907601577,2.26251025095145,2015-01-25
"R0_t",5,0.820242936358697,1.10818568230598,1.34288908348226,1.60437907601577,2.26251025095145,2015-02-01
"R0_t",6,0.820242936358697,1.10818568230598,1.34288908348226,1.60437907601577,2.26251025095145,2015-02-08
"R0_t",7,0.820242936358697,1.10818568230598,1.34288908348226,1.60437907601577,2.26251025095145,2015-02-15
"R0_t",8,0.820242936358697,1.10818568230598,1.34288908348226,1.60437907601577,2.26251025095145,2015-02-22
"R0_t",9,0.820242936358697,1.10818568230598,1.34288908348226,1.60437907601577,2.26251025095145,2015-03-01
"R0_t",10,0.804167547478217,1.12742532197367,1.32913002820539,1.53693155637249,2.17295183764136,2015-03-08
"R0_t",11,0.81587348183434,1.07318968787181,1.2717635745381,1.44515003994228,1.95234021939048,2015-03-15
"R0_t",12,0.77633945030894,1.06347648587823,1.2108829069201,1.40611103700791,1.81039368430205,2015-03-22
"R0_t",13,0.764492106222809,1.03484697928539,1.19204540142107,1.3403884557649,1.69083701409123,2015-03-29
"R0_t",14,0.781658859523433,0.991038606000551,1.11716554426099,1.28555761287054,1.68611612899226,2015-04-05
"R0_t",15,0.706958559488542,0.94501550050196,1.06566468168355,1.19077446790633,1.55940352766505,2015-04-12
"R0_t",16,0.709569533864812,0.886750234706515,1.02493986859405,1.17624899898489,1.47377273914379,2015-04-19
"R0_t",17,0.688984660236872,0.844050502162264,0.954822445989517,1.07544711650721,1.36314243677915,2015-04-26
"R0_t",18,0.600434266176082,0.758318450724924,0.864218732966002,0.973118359255718,1.26174675600724,2015-05-03
"R0_t",19,0.561317133255861,0.719350741161924,0.790161376741303,0.916431836819097,1.17892853318343,2015-05-10
"R0_t",20,0.478210280781974,0.644180549941238,0.727128009094051,0.818136617880104,1.07912614689044,2015-05-17
"R0_t",21,0.438193111308318,0.574515192786298,0.681727528040547,0.766366021728991,1.00259822466202,2015-05-24
"R0_t",22,0.403003226907735,0.544771537363988,0.628293779171391,0.715751426158603,0.953760073091403,2015-05-31
"R0_t",23,0.381683166407227,0.500901445971015,0.567235991586437,0.662506559000728,0.908112872989541,2015-06-07
"R0_t",24,0.364610178208819,0.486224934234896,0.555616074977182,0.651942165451927,0.931837835598005,2015-06-14
"R0_t",25,0.343341589833487,0.468352390649176,0.537654162507451,0.630832826451643,0.880377691365641,2015-06-21
"R0_t",26,0.34834895271453,0.453479660755517,0.533624784202969,0.618465696520089,0.85432731513102,2015-06-28
"R0_t",27,0.332956832333353,0.45494754360393,0.52599150603154,0.610396163470292,0.879596031668432,2015-07-05
"R0_t",28,0.322921104270405,0.461052280977353,0.540012098173629,0.64758393479034,0.851782746969019,2015-07-12
"R0_t",29,0.326784300314933,0.466298822857087,0.571570259670045,0.674740060772463,0.946040027904626,2015-07-19
"R0_t",30,0.33206563936562,0.499634628392771,0.585177381730814,0.677619050155153,0.989006425200637,2015-07-26
"R0_t",31,0.348176027983933,0.506882096867745,0.609725301975305,0.703160737396763,0.933840028506778,2015-08-02
"R0_t",32,0.353513684413058,0.538768360436563,0.634500184886274,0.742757903711399,1.00872485770741,2015-08-09
"R0_t",33,0.406975245397633,0.57715427997477,0.653656897249825,0.787695154528118,1.04908735965998,2015-08-16
"R0_t",34,0.445222027306831,0.594359850747774,0.70216541541316,0.842002471595078,1.11393466851673,2015-08-23
"R0_t",35,0.514782061712924,0.649091432489096,0.743284340768398,0.885784105163173,1.23740974443468,2015-08-30
"R0_t",36,0.541931203712781,0.709972477095566,0.819125417261306,0.948069099792431,1.36828938833727,2015-09-06
"R0_t",37,0.601980385239368,0.756123363436454,0.883669289489007,1.03936920046766,1.36901493584322,2015-09-13
"R0_t",38,0.615242853654178,0.818002690059313,0.98586973735391,1.12242832007804,1.51965083128197,2015-09-20
"R0_t",39,0.707442162220283,0.883312899056768,1.05195234045301,1.21696174302198,1.71309993838197,2015-09-27
"R0_t",40,0.734700884136516,0.975666639549359,1.14014652873476,1.33983956695292,1.75569849404279,2015-10-04
"R0_t",41,0.801244717498973,1.08457299249596,1.25361870613066,1.43239973499257,2.02015290932818,2015-10-11
"R0_t",42,0.923598679106912,1.17789884178965,1.36877296452983,1.6290552616114,2.06546311727811,2015-10-18
"R0_t",43,0.966738164900266,1.28570305790199,1.47236484057491,1.7505475569322,2.33277345750931,2015-10-25
"R0_t",44,1.08362458381849,1.40522086192525,1.65108881257972,1.91583829708428,2.68406849958403,2015-11-01
"R0_t",45,1.09240321949067,1.53740076004172,1.79472515999287,2.09733025256153,2.8726163537509,2015-11-08
"R0_t",46,1.22268811774194,1.61643626658444,1.90485798763516,2.18781290054257,3.02174690936281,2015-11-15
"R0_t",47,1.23951811886564,1.70067700590654,2.04234701301607,2.36704111023011,3.1244259576556,2015-11-22
"R0_t",48,1.30761580685376,1.82329251378741,2.14303912417807,2.47476373321695,3.20608009783608,2015-11-29
"R0_t",49,1.38088263215486,1.90371912241227,2.20042205468833,2.54067873805729,3.27509599255134,2015-12-06
"R0_t",50,1.54347905656579,2.03761582639653,2.32133570548499,2.60626713225742,3.31197173020957,2015-12-13
"R0_t",51,1.56840962756152,1.97053364503636,2.25879363678013,2.56656497920586,3.38461532787595,2015-12-20
"R0_t",52,1.58421350602791,1.98062229512492,2.25378652596402,2.62461965601608,3.27970925398184,2015-12-27
"R0_t",53,1.59838491291461,2.03790771149883,2.34255753571191,2.6727920949981,3.34952943796517,2016-01-03
"R0_t",54,1.66535782927171,2.10194977777549,2.40274533005768,2.73295469106297,3.48681441361228,2016-01-10
"R0_t",55,1.62153990485703,1.99775724854929,2.23666315862865,2.55058531147373,3.18954131948795,2016-01-17
"R0_t",56,1.53438118947471,1.93149055775667,2.17332270916737,2.42454877456735,3.01860988193313,2016-01-24
"R0_t",57,1.63337928646791,2.06566008763146,2.30274888025503,2.55694063662869,3.19748307330679,2016-01-31
"R0_t",58,1.5542118371663,1.81630860984678,1.99747918404765,2.2072135070886,2.72274695717125,2016-02-07
"R0_t",59,1.63801011756092,1.96244652774382,2.16676448341616,2.34687604271361,2.89009609865712,2016-02-14
"R0_t",60,1.79351574024287,2.06875827046902,2.28358997126042,2.49854860602346,2.95250852138025,2016-02-21
"R0_t",61,2.13846443045883,2.45897626804734,2.72934920818608,2.97397750756478,3.53656787857654,2016-02-28
"R0_t",62,2.38256676688892,2.82163636506954,3.06411647895159,3.29085819569338,3.89765653318066,2016-03-06
"R0_t",63,2.15153225059498,2.45420305714447,2.6352298296059,2.86600714676104,3.18216389627425,2016-03-13
"R0_t",64,1.89719194527298,2.13113322566627,2.32723934720977,2.47786763366459,2.82321508849762,2016-03-20
"R0_t",65,1.81595825815774,2.02538515292007,2.17477996394692,2.35425972659721,2.65563289374646,2016-03-27
"R0_t",66,1.83294038919668,2.09573391974393,2.21928886023595,2.36617496804159,2.68430686365798,2016-04-03
"R0_t",67,1.89161738621923,2.09840474064404,2.25715561677104,2.40221481071951,2.68531969384039,2016-04-10
"R0_t",68,1.88792895692235,2.11107159122155,2.27703842012689,2.44258277005753,2.81365745791563,2016-04-17
"R0_t",69,1.97033946420925,2.22003995329581,2.36819298892314,2.51812717575848,2.82916888804983,2016-04-24
"R0_t",70,1.91800486596604,2.17352732460946,2.31331624461683,2.46454641917092,2.76930107110473,2016-05-01
"R0_t",71,1.69917300102926,1.92997697718803,2.05217246549325,2.16039183764256,2.37005865624782,2016-05-08
"R0_t",72,1.29131742809576,1.45895095405921,1.54556717503212,1.64338356469729,1.86362504874977,2016-05-15
"R0_t",73,1.03410012340892,1.20065397058974,1.28549604087974,1.36878832838348,1.55462318735881,2016-05-22
"R0_t",74,0.96061392688734,1.09242048852559,1.17136167143611,1.25842159347614,1.46523885067733,2016-05-29
"R0_t",75,0.856459193410937,0.947053113294923,1.01519612653066,1.08196621659236,1.25010394933543,2016-06-05
"R0_t",76,0.735225236974764,0.845924560233698,0.904949364097382,0.960368691064902,1.07913591127332,2016-06-12
"R0_t",77,0.658272655406851,0.747461959417558,0.797543602686597,0.855155797401062,0.955473099661385,2016-06-19
"R0_t",78,0.649655173649265,0.732300806824776,0.772389603375952,0.822446722421357,0.931666509318223,2016-06-26
"R0_t",79,0.627831407019609,0.720650297433078,0.764885903841906,0.824836089434917,0.944415988348301,2016-07-03
"R0_t",80,0.653279996410778,0.745601804111963,0.789980458430137,0.836810571929173,0.924703696087222,2016-07-10
"R0_t",81,0.609696982985381,0.689349767656031,0.737099923091328,0.784044318464645,0.885710156864257,2016-07-17
"R0_t",82,0.587829947892268,0.658414695751444,0.710314903754054,0.753134784752981,0.861941564426493,2016-07-24
"R0_t",83,0.565784118477208,0.642341879948226,0.695405179160517,0.741797828158997,0.829462981530287,2016-07-31
"R0_t",84,0.539328484521687,0.616354590752264,0.665175610859291,0.715175840684701,0.818384009479787,2016-08-07
"R0_t",85,0.559887060001947,0.630173443827154,0.674357293390415,0.72131225329822,0.807101234886806,2016-08-14
"R0_t",86,0.532995246706203,0.632226175705782,0.674892294582121,0.72680754743748,0.833533623184533,2016-08-21
"R0_t",87,0.535109928519227,0.620054045023153,0.666203473171765,0.708913133993096,0.797483358228545,2016-08-28
"R0_t",88,0.516296580813791,0.588410139280059,0.639456654075406,0.681659388613151,0.779950274340247,2016-09-04
"R0_t",89,0.56452513524946,0.632880465023317,0.687712311806416,0.729388042552093,0.841821329125813,2016-09-11
"R0_t",90,0.565256248670816,0.650224224796188,0.698888320096131,0.75327426459866,0.856127864184491,2016-09-18
"R0_t",91,0.639996983464059,0.71883322083422,0.776171724725806,0.83728619790344,0.96398650631945,2016-09-25
"R0_t",92,0.682275227883531,0.788911486655151,0.846180811507942,0.905460496651815,1.051949337715,2016-10-02
"R0_t",93,0.774911617277743,0.878314940524574,0.939403041436067,1.00901306884959,1.13990389459342,2016-10-09
"R0_t",94,0.875388689636781,1.00881024775042,1.07364513884152,1.15100675425681,1.28395169675009,2016-10-16
"R0_t",95,0.878504355993553,1.03454954713214,1.10386408868768,1.17575507017422,1.40860715171256,2016-10-23
"R0_t",96,1.00817235256377,1.18720567277091,1.27807499680255,1.35663857163918,1.55678570747418,2016-10-30
"R0_t",97,1.15749223657137,1.32701331879034,1.41068525933529,1.51208471833281,1.67906347910257,2016-11-06
"R0_t",98,1.20363790659961,1.39937879257747,1.53138261565296,1.636521913485,1.95606234115039,2016-11-13
"R0_t",99,1.15904401295079,1.34311187750007,1.46083911185629,1.56241711184844,1.80096869662678,2016-11-20
"R0_t",100,0.820736231684822,0.909861775839397,0.968249103960934,1.02949273050471,1.18077669994582,2016-11-27
"R0_t",101,0.576926654181459,0.651213091305476,0.70299483875665,0.75448565823958,0.862544005456489,2016-12-04
"R0_t",102,0.484290494369142,0.575647977682787,0.620373793472812,0.677336370949927,0.807595134933466,2016-12-11
"R0_t",103,0.516244534870019,0.583041470955225,0.626500227197756,0.665269991642467,0.797806850053343,2016-12-18
"R0_t",104,0.55349587908276,0.651797953372994,0.693503900143834,0.744612154415727,0.874435495455208,2016-12-25
"R0_t",105,0.974954785635585,1.10197254598563,1.18645584452879,1.26301082430703,1.43587869768259,2017-01-01
"R0_t",106,1.27281386121604,1.41574494349781,1.50304619507946,1.6184302029927,1.86522734552533,2017-01-08
"R0_t",107,1.44977151228664,1.64264492798572,1.74139039009563,1.8375374509512,2.11280061096273,2017-01-15
"R0_t",108,1.36687725831846,1.58619328901746,1.69585960529497,1.82645564997272,1.99982790450348,2017-01-22
"R0_t",109,1.37891281990313,1.57377479454657,1.69550479501677,1.82252280735042,2.08881561487337,2017-01-29
"R0_t",110,1.41483678492575,1.62233675077196,1.74801771830729,1.84720206367404,2.08036637256488,2017-02-05
"R0_t",111,1.49344312615974,1.67327043569758,1.77259120957129,1.8905835086578,2.10599529990551,2017-02-12
"R0_t",112,1.59349982841807,1.81506812982213,1.95984536732265,2.09717485576738,2.3754313756191,2017-02-19
"R0_t",113,1.92146170664162,2.17631234391882,2.28346563074787,2.43017827798527,2.74977286461782,2017-02-26
"R0_t",114,2.11992444241893,2.35980965558919,2.49537270965637,2.6600775290826,2.95478352359125,2017-03-05
"R0_t",115,2.1945260566954,2.45954786970037,2.59507261508859,2.74081589767051,3.03792801034374,2017-03-12
"R0_t",116,2.02756372628543,2.2788143308166,2.42054337084937,2.57068385921122,2.86460123150911,2017-03-19
"R0_t",117,2.03132059823459,2.30079214705711,2.41732057013877,2.5731351907986,2.94362605117787,2017-03-26
"R0_t",118,1.79562848381707,2.03299173668998,2.15089029645194,2.3101493718026,2.55285991711304,2017-04-02
"R0_t",119,1.5746734214526,1.75748706740234,1.87876345491012,2.01117582810972,2.23147579097484,2017-04-09
"R0_t",120,1.38649481953389,1.55950431435965,1.65563026051138,1.76404898631139,2.03109295575122,2017-04-16
"R0_t",121,1.12632933509398,1.28045069765252,1.3542254720781,1.47257604944566,1.72512404765021,2017-04-23
"R0_t",122,1.07753642179457,1.22550133587088,1.30185825071702,1.38867404220931,1.62353517590228,2017-04-30
"R0_t",123,0.934961653147825,1.03168962157284,1.10104223257454,1.20347946971708,1.40234997353289,2017-05-07
"R0_t",124,0.808642433086919,0.900214493804019,0.983186121265703,1.06333735573912,1.20183209901908,2017-05-14
"R0_t",125,0.635156580233405,0.733191300728187,0.78402580809001,0.843843364895793,0.988346515959316,2017-05-21
"R0_t",126,0.581665423443662,0.654226088646782,0.694329214273654,0.754892610511955,0.924725470551365,2017-05-28
"R0_t",127,0.516317469122662,0.588308472246446,0.622158130131502,0.677714730509605,0.810215128868465,2017-06-04
"R0_t",128,0.471652707927678,0.537907331727637,0.578046333591645,0.615916970261717,0.763577814564604,2017-06-11
"R0_t",129,0.471517762843103,0.541327933654961,0.583632697343645,0.635291461695314,0.79264386869661,2017-06-18
"R0_t",130,0.490722181695139,0.569693959070619,0.625216832513823,0.680234164788736,0.819633942381862,2017-06-25
"R0_t",131,0.53293461817266,0.625201046292789,0.676662610673334,0.732442631808136,0.915261896722244,2017-07-02
"R0_t",132,0.567545491169131,0.629054751627992,0.673557332802919,0.731613391147154,0.929248382031228,2017-07-09
"R0_t",133,0.560339412962398,0.65707979606345,0.711843530974589,0.766704113064043,0.925297503286381,2017-07-16
"R0_t",134,0.567066038535096,0.649808367776932,0.705201485474659,0.775734657234714,0.945036599462659,2017-07-23
"R0_t",135,0.567148805611613,0.661226185895177,0.716597295672226,0.783728420728519,0.952066550213715,2017-07-30
"R0_t",136,0.54265210497832,0.613634755667749,0.667398225546785,0.727405313493164,0.883482312881945,2017-08-06
"R0_t",137,0.520722193795824,0.608553987184268,0.659152003787389,0.708367179053503,0.861832634122038,2017-08-13
"R0_t",138,0.46217666568646,0.550824333714163,0.605938459038609,0.660708402630808,0.815719780087178,2017-08-20
"R0_t",139,0.447077353971858,0.522177199143892,0.56950855023908,0.628968764771621,0.785310330224803,2017-08-27
"R0_t",140,0.49769930615943,0.573052983802032,0.624380941823956,0.688724745994074,0.893899011716429,2017-09-03
"R0_t",141,0.57936552382585,0.659795843791701,0.723232489339266,0.780568165554057,0.987788988251129,2017-09-10
"R0_t",142,0.612273445200963,0.727215251619708,0.78960672225629,0.863303707881702,1.05117520150941,2017-09-17
"R0_t",143,0.681034186049108,0.779584547635503,0.84725487851981,0.921226472899851,1.11613526337716,2017-09-24
"R0_t",144,0.71886346230288,0.833077272272961,0.906436235983142,0.996094098098127,1.23641078311714,2017-10-01
"R0_t",145,0.682583106470042,0.777720107054703,0.848362297719638,0.941697754100078,1.13901971085834,2017-10-08
"R0_t",146,0.708930881274721,0.843100825470281,0.916605653404235,1.00607556636319,1.28758827610035,2017-10-15
"R0_t",147,0.791456389565518,0.938754065471617,1.030612198911,1.13086900472898,1.36552336124659,2017-10-22
"R0_t",148,0.940513958932911,1.09982267270662,1.21164651819184,1.34264345154685,1.59357192363981,2017-10-29
"R0_t",149,1.00768814602557,1.14530395882666,1.24907233379241,1.36459942415613,1.64004220035234,2017-11-05
"R0_t",150,0.847264025568012,1.01803035737158,1.11363464948115,1.21705667974424,1.49367371942484,2017-11-12
"R0_t",151,0.786660460174667,0.938229707604959,1.02153227892878,1.11955160265763,1.3865093743127,2017-11-19
"R0_t",152,0.821771192110518,0.947856117798564,1.02792376017586,1.1529268485752,1.44175134137553,2017-11-26
"R0_t",153,0.850466561170682,1.00336148011464,1.08874373084229,1.18363191075115,1.51111508153359,2017-12-03
"R0_t",154,0.847907670351726,1.00700977733344,1.10462761876463,1.21052414411277,1.53107396476459,2017-12-10
"R0_t",155,0.764013935865916,0.927058305010015,1.01273745007533,1.12898301210554,1.4332182308395,2017-12-17
"R0_t",156,0.801470163078202,0.947692420029434,1.04526011150709,1.14260046823892,1.44925093874389,2017-12-24
"R0_t",157,1.01732990629773,1.16945442170411,1.27811830614843,1.38813088711743,1.8036710926617,2017-12-31
"R0_t",158,1.15798440321767,1.34322754169866,1.45590566588176,1.61648140226004,2.04882948068074,2018-01-07
"R0_t",159,1.2168886538639,1.43351364239793,1.57614055119606,1.74070997851641,2.13158647499634,2018-01-14
"R0_t",160,1.1554632368733,1.38676005650477,1.53630637020167,1.69714333616943,2.18502151834108,2018-01-21
"R0_t",161,1.15967087785922,1.3437984764729,1.44378704424805,1.5923834128965,1.98927354656999,2018-01-28
"R0_t",162,1.093447334029,1.27880719909982,1.40624919612093,1.57331036132971,1.92726984503573,2018-02-04
"R0_t",163,1.08144029530709,1.31185982980202,1.43712013469771,1.57829691012478,1.92629715855709,2018-02-11
"R0_t",164,1.17754838475873,1.38713782548054,1.48579802684102,1.63056747418839,2.00211028899865,2018-02-18
"R0_t",165,1.30573944139716,1.50777210794257,1.63897206288203,1.79458381591281,2.18833397863136,2018-02-25
"R0_t",166,1.13899976611229,1.3067702593749,1.45298626809621,1.58849731544028,1.90803973445832,2018-03-04
"R0_t",167,1.12054629926192,1.29019018907715,1.37855159913955,1.5382239768312,1.96421800767132,2018-03-11
"R0_t",168,0.977839041249012,1.16571108768103,1.23656044017835,1.36129552362893,1.70920376476732,2018-03-18
"R0_t",169,0.981301257748379,1.13086697974409,1.22305167012639,1.35200933815112,1.65104594114831,2018-03-25
"R0_t",170,1.08059004131337,1.26791153767411,1.36846221253914,1.52162169482242,1.88573915451545,2018-04-01
"R0_t",171,1.06759115814055,1.23409167281798,1.34765742838841,1.48764730611828,1.76919494695861,2018-04-08
"R0_t",172,0.900925479194306,1.08919405515607,1.18382977977187,1.30579300609974,1.57138678008951,2018-04-15
"R0_t",173,0.689492400108717,0.844224879452806,0.922740822285225,1.02204763960038,1.25603387194363,2018-04-22
"R0_t",174,0.661220422797399,0.783100515616988,0.86673968393923,0.943698617071923,1.16790417518366,2018-04-29
"R0_t",175,0.649803727098391,0.765361412784731,0.837051410589728,0.917439407571456,1.14476327173124,2018-05-06
"R0_t",176,0.720962321516247,0.85407561532838,0.93731048426813,1.04066084355271,1.29505194317927,2018-05-13
"R0_t",177,0.772251395367806,0.939337679176464,1.03333505344462,1.14243853366496,1.42945814254288,2018-05-20
"R0_t",178,0.804787046294068,0.968629594463576,1.05316019425517,1.16197864601996,1.43794014753467,2018-05-27
"R0_t",179,0.827975440141177,0.974329598691552,1.06024320915938,1.16541210308878,1.50043450097906,2018-06-03
"R0_t",180,0.844604081002953,1.01471653425711,1.12807310725874,1.26464000838917,1.59475283319697,2018-06-10
"R0_t",181,0.886179979549333,1.08507720248819,1.18757907722457,1.29895306905539,1.63280821355525,2018-06-17
"R0_t",182,0.798079094033077,0.971401163619584,1.07033177452979,1.18983929031388,1.46375151920217,2018-06-24
"R0_t",183,0.886022597282045,1.0771126075365,1.18916089487,1.33952372247612,1.62243670244266,2018-07-01
"R0_t",184,0.915975175080945,1.07164889701554,1.1835997844916,1.33215573536774,1.69183121744609,2018-07-08
"R0_t",185,0.883222222950144,1.04523178713659,1.15882827753968,1.30261201277828,1.64168341729456,2018-07-15
"R0_t",186,0.862313834821831,1.0201912110236,1.11603960706827,1.23419110611364,1.5221349337654,2018-07-22
"R0_t",187,0.768018209850989,0.929980197832524,1.04243886428826,1.14584025341501,1.43109618722588,2018-07-29
"R0_t",188,0.814036430301639,0.9489353930638,1.05326429103105,1.16519185860845,1.46497973267581,2018-08-05
"R0_t",189,0.784874066545493,0.964971377564815,1.06997540045894,1.21565927716763,1.49182192455758,2018-08-12
"R0_t",190,0.792151090956841,0.963076589801838,1.06608341409064,1.17678740950973,1.48722281067641,2018-08-19
"R0_t",191,0.779455839200588,0.943160760037927,1.04028249221198,1.16039370314456,1.46143308095902,2018-08-26
"R0_t",192,0.766487457474206,0.918768236508653,1.02367778007441,1.16391522869372,1.38457991808094,2018-09-02
"R0_t",193,0.744802550145176,0.889111920713493,1.00139559135597,1.13737898193896,1.39488437269264,2018-09-09
"R0_t",194,0.753363774004872,0.912537515342414,1.02666894671942,1.13009209346056,1.40640007290028,2018-09-16
"R0_t",195,0.740917386601817,0.916313080417004,1.03647473099848,1.13531664058375,1.43547642186639,2018-09-23
"R0_t",196,0.809421339481379,0.971894199359416,1.08856995402469,1.20144763915642,1.52462033269067,2018-09-30
"R0_t",197,0.841620774695075,1.05567361103007,1.18813428687435,1.35575385790108,1.69782161224541,2018-10-07
"R0_t",198,0.959858035114439,1.17155425990547,1.31088414552167,1.47404564088843,1.81403028229454,2018-10-14
"R0_t",199,0.909900032195093,1.15445899471465,1.27000163048177,1.41040995611026,1.79896003427938,2018-10-21
"R0_t",200,0.98203901895642,1.17010223335818,1.31238624075337,1.46562046886619,1.79240798662861,2018-10-28
"R0_t",201,0.937050132588558,1.15565243672543,1.27281603724659,1.43001915737137,1.75019166143277,2018-11-04
"R0_t",202,0.935502717338288,1.1430100842831,1.29426788987165,1.4318538495924,1.77215587648514,2018-11-11
"R0_t",203,0.960952329800459,1.1625847983531,1.273845942893,1.40694600216115,1.83117148551676,2018-11-18
"R0_t",204,0.901632874294305,1.09809839794626,1.22171671631122,1.37296611334356,1.7487063621014,2018-11-25
"R0_t",205,0.831072329656333,1.053306006635,1.18196479857979,1.334963623117,1.73255491492736,2018-12-02
"R0_t",206,0.790297128613773,0.989654169330139,1.10794201966203,1.24814286014146,1.64392838109954,2018-12-09
"R0_t",207,0.790088833401641,0.970371632650736,1.10151471073074,1.29201476387813,1.65378978202698,2018-12-16
"R0_t",208,0.771967175873863,0.972196645716514,1.14438958222945,1.2966482878219,1.79042091910668,2018-12-23
"R0_t",209,0.788543006090537,1.03185716335515,1.20720824593637,1.40176793563798,1.88758215776958,2018-12-30
"R_eff_t",1,0.820242936358697,1.10818568230598,1.34288908348226,1.60437907601577,2.26251025095145,2015-01-04
"R_eff_t",2,0.820242936358697,1.10818568230598,1.34288908348226,1.60437907601577,2.26251025095145,2015-01-11
"R_eff_t",3,0.820242936358697,1.10818568230598,1.34288908348226,1.60437907601577,2.26251025095145,2015-01-18
"R_eff_t",4,0.820242936358697,1.10818568230598,1.34288908348226,1.60437907601577,2.26251025095145,2015-01-25
"R_eff_t",5,0.820242936358697,1.10818568230598,1.34288908348226,1.60437907601577,2.26251025095145,2015-02-01
"R_eff_t",6,0.820242936358697,1.10818568230598,1.34288908348226,1.60437907601577,2.26251025095145,2015-02-08
"R_eff_t",7,0.820242936358697,1.10818568230598,1.34288908348226,1.60437907601577,2.26251025095145,2015-02-15
"R_eff_t",8,0.820242936358697,1.10818568230598,1.34288908348226,1.60437907601577,2.26251025095145,2015-02-22
"R_eff_t",9,0.820224581445282,1.1081691340773,1.34287889005893,1.60436504214011,2.26248191886889,2015-03-01
"R_eff_t",10,0.804149151545512,1.12741029890935,1.32911376519065,1.53691964668534,2.17293715186593,2015-03-08
"R_eff_t",11,0.815859953317405,1.07316980564442,1.27174187942439,1.44514047503751,1.95231709164582,2015-03-15
"R_eff_t",12,0.776315315974409,1.06346126605347,1.21086245897926,1.4060882477508,1.81037290358583,2015-03-22
"R_eff_t",13,0.764477926946543,1.03482985215176,1.19202417663467,1.34037223147525,1.6908043223059,2015-03-29
"R_eff_t",14,0.781640904772778,0.991004605667379,1.11714868285019,1.28553208988039,1.68609516780216,2015-04-05
"R_eff_t",15,0.706940419341348,0.94499263230102,1.06563972812003,1.19074414328764,1.55936184938563,2015-04-12
"R_eff_t",16,0.709548642931808,0.886723573011714,1.0249214054611,1.17622602551117,1.47374264606707,2015-04-19
"R_eff_t",17,0.688964801116877,0.844018043425179,0.954796163967835,1.07541627010884,1.36309943305993,2015-04-26
"R_eff_t",18,0.600415553502458,0.75829402405531,0.864185635223446,0.973096080722203,1.26170817996196,2015-05-03
"R_eff_t",19,0.561298796923298,0.719324981136378,0.790120483718092,0.916384995326174,1.17889366849349,2015-05-10
"R_eff_t",20,0.478180773686467,0.644150481094283,0.727102908227511,0.818110810469687,1.07910318463534,2015-05-17
"R_eff_t",21,0.438166078407477,0.574469758741081,0.681696252482943,0.766340130408537,1.00257144060574,2015-05-24
"R_eff_t",22,0.402969507910285,0.544748140696516,0.628274599430647,0.715726708122799,0.953730649283279,2015-05-31
"R_eff_t",23,0.38166331219251,0.500877895715971,0.567218588154923,0.662484585912662,0.908065978454674,2015-06-07
"R_eff_t",24,0.364600282555519,0.486206215035799,0.555592940140595,0.651918725479335,0.931809490862434,2015-06-14
"R_eff_t",25,0.343325980454767,0.468323944661567,0.537619613138859,0.630809204543389,0.880346690241456,2015-06-21
"R_eff_t",26,0.348334864470039,0.453451241995846,0.533582291756755,0.61844145453574,0.85429621952211,2015-06-28
"R_eff_t",27,0.332939172309667,0.454926729157919,0.525969452096949,0.610368140751933,0.87955839930248,2015-07-05
"R_eff_t",28,0.322906859850758,0.461031672635317,0.539985307410823,0.647563299119936,0.851755856781612,2015-07-12
"R_eff_t",29,0.326766255982905,0.466272998779106,0.571549419513828,0.674704467824452,0.946012616335524,2015-07-19
"R_eff_t",30,0.332045452548971,0.499606793336305,0.585154227150786,0.677598474308016,0.988967211450191,2015-07-26
"R_eff_t",31,0.348163269343516,0.506858977593825,0.609690370510178,0.703125555069534,0.933804497433051,2015-08-02
"R_eff_t",32,0.353491333041739,0.538723968889594,0.634473055751232,0.742718605782145,1.00868609856491,2015-08-09
"R_eff_t",33,0.406962081804241,0.577134842260636,0.653623453411632,0.78767092997744,1.04904940056816,2015-08-16
"R_eff_t",34,0.445204255625416,0.594341408266772,0.702133591619732,0.841976237096995,1.11388806673418,2015-08-23
"R_eff_t",35,0.514764032460533,0.649066028894316,0.74324668630416,0.885733394893683,1.23734334156767,2015-08-30
"R_eff_t",36,0.541907967353248,0.70994081372059,0.81909977792643,0.948025888601068,1.36823208354737,2015-09-06
"R_eff_t",37,0.601938221518764,0.75609293010313,0.883629951295397,1.03928726601228,1.36895167366692,2015-09-13
"R_eff_t",38,0.615219490134581,0.817949732320197,0.985821332460239,1.1223319633241,1.51957835192396,2015-09-20
"R_eff_t",39,0.707414416313628,0.883273952494304,1.05191732510959,1.21684817454059,1.71303029459958,2015-09-27
"R_eff_t",40,0.734654917442138,0.975626486255756,1.14009384532921,1.33976771593574,1.7555582513376,2015-10-04
"R_eff_t",41,0.801208243601054,1.08453292671754,1.25356667745852,1.43233813310013,2.02002142906498,2015-10-11
"R_eff_t",42,0.923563366419965,1.17784730971752,1.36868549785865,1.62894113005462,2.06536549052741,2015-10-18
"R_eff_t",43,0.966703001571704,1.2856480923467,1.47224692865729,1.75043253420233,2.33267471496726,2015-10-25
"R_eff_t",44,1.08356678845383,1.40515973041463,1.65099981173454,1.91577846336052,2.68398535661659,2015-11-01
"R_eff_t",45,1.09235681076127,1.5372671294507,1.79465137979972,2.09722123714769,2.87245444915307,2015-11-08
"R_eff_t",46,1.22264973417061,1.61636132125341,1.90477518766943,2.18772509218974,3.02160201905529,2015-11-15
"R_eff_t",47,1.23946004942183,1.70062737650367,2.04222075566369,2.36695700276136,3.12431209955865,2015-11-22
"R_eff_t",48,1.30754566033321,1.82318543561774,2.14292401860627,2.4746890211208,3.2059345084968,2015-11-29
"R_eff_t",49,1.38080328534129,1.90353627078287,2.20029873934604,2.54052430674523,3.27498865453129,2015-12-06
"R_eff_t",50,1.54340559710121,2.03752720014937,2.32116754934353,2.6061596765351,3.31185459254284,2015-12-13
"R_eff_t",51,1.56831369683654,1.97038555533933,2.25871516010021,2.5664414559549,3.38448925933607,2015-12-20
"R_eff_t",52,1.58411335395081,1.98041386038223,2.25363506162773,2.62444450666807,3.27955519839817,2015-12-27
"R_eff_t",53,1.59827518261028,2.0377662115118,2.34239625010347,2.67265342553133,3.34938940368138,2016-01-03
"R_eff_t",54,1.66525653092917,2.10179646469157,2.40261836095671,2.73265307939369,3.4863605496319,2016-01-10
"R_eff_t",55,1.62143982663614,1.99760055684996,2.23639301523264,2.55039083010405,3.18929884852659,2016-01-17
"R_eff_t",56,1.53426810174402,1.93137940055192,2.17317156752103,2.42431965828501,3.01844575841507,2016-01-24
"R_eff_t",57,1.63320935385114,2.06551736620715,2.30239361552505,2.55655158541866,3.19717033302626,2016-01-31
"R_eff_t",58,1.5538912354261,1.81611064935098,1.99720125338234,2.2068845141117,2.722518146208,2016-02-07
"R_eff_t",59,1.63764941343501,1.9621684887371,2.16649130878221,2.34655254610868,2.88970366609974,2016-02-14
"R_eff_t",60,1.79311532637502,2.0683253927581,2.28322694341942,2.49810063089005,2.95200960630819,2016-02-21
"R_eff_t",61,2.1378200682171,2.4584456353615,2.72881731105632,2.97333453702862,3.53519790545421,2016-02-28
"R_eff_t",62,2.38137498932532,2.82065185920221,3.06291665365309,3.28967545162877,3.89668947878517,2016-03-06
"R_eff_t",63,2.1502724027552,2.45177667900141,2.63369396615303,2.86461778681107,3.18048063491634,2016-03-13
"R_eff_t",64,1.89431999533529,2.1288984610613,2.325062738983,2.47576931713762,2.82057477688886,2016-03-20
"R_eff_t",65,1.81394162310632,2.02373367041311,2.17266831552578,2.3518074934055,2.65343516257403,2016-03-27
"R_eff_t",66,1.83049986591669,2.09312819847921,2.21496661763906,2.36270380728378,2.67901268379869,2016-04-03
"R_eff_t",67,1.88497904927328,2.09408663927221,2.25315563474684,2.39761715133935,2.67931906261397,2016-04-10
"R_eff_t",68,1.88290963369581,2.10530608224299,2.27060891889503,2.43477469819795,2.80702745726926,2016-04-17
"R_eff_t",69,1.95877879018147,2.21135003405028,2.35858980239759,2.5064756788222,2.81623556057364,2016-04-24
"R_eff_t",70,1.90781827950878,2.16024211290122,2.29590503388219,2.44591023264434,2.74309460252541,2016-05-01
"R_eff_t",71,1.68345062003106,1.90953812189168,2.0350305311568,2.14058226362519,2.34312060454059,2016-05-08
"R_eff_t",72,1.26903046204584,1.44201826201963,1.52816789743905,1.6226213877893,1.83026824770599,2016-05-15
"R_eff_t",73,1.00936718751797,1.17831666735484,1.2667791494075,1.3449360403161,1.52377000313964,2016-05-22
"R_eff_t",74,0.94554206847901,1.07103960726066,1.14487656196729,1.23449976398734,1.44019290966505,2016-05-29
"R_eff_t",75,0.831918660031021,0.923707553679677,0.991165166342928,1.05114254309779,1.22549675970007,2016-06-05
"R_eff_t",76,0.710217508805444,0.824315794506835,0.880588451994088,0.933787137637143,1.05279872080554,2016-06-12
"R_eff_t",77,0.633570074937587,0.725975977237779,0.77373248499228,0.82678930066754,0.914756690893242,2016-06-19
"R_eff_t",78,0.631523097511736,0.707724682621859,0.745255530397528,0.793696733797895,0.904511859915228,2016-06-26
"R_eff_t",79,0.599547076492641,0.689958003467718,0.737385423773197,0.792983298839511,0.911689632873026,2016-07-03
"R_eff_t",80,0.632117357499562,0.713713272103049,0.755869358701769,0.805114653622913,0.89042745268299,2016-07-10
"R_eff_t",81,0.586709926510419,0.660676648800785,0.705635995355433,0.753900311426157,0.850710828618023,2016-07-17
"R_eff_t",82,0.560495073981811,0.631024056202438,0.675521281735055,0.725310608762406,0.8210009747267,2016-07-24
"R_eff_t",83,0.543422686225665,0.615014196216435,0.665196455898152,0.703083763733901,0.794471568241108,2016-07-31
"R_eff_t",84,0.514219637302524,0.59029246562749,0.632339370253693,0.681506961717254,0.775360692776983,2016-08-07
"R_eff_t",85,0.524633450058959,0.599642723292692,0.645408038789739,0.685406064381338,0.765996807578812,2016-08-14
"R_eff_t",86,0.508879427918089,0.601290626741796,0.644205082164568,0.690762322764493,0.800386779153324,2016-08-21
"R_eff_t",87,0.510411252392108,0.591570845684817,0.629430396583191,0.674855527718104,0.771205277587404,2016-08-28
"R_eff_t",88,0.488034129195172,0.559962158830729,0.606886128184912,0.648747369671905,0.739834159961406,2016-09-04
"R_eff_t",89,0.53728011119932,0.6050159135463,0.653922196545437,0.696564201868136,0.788973090551434,2016-09-11
"R_eff_t",90,0.539186436114818,0.61819297678086,0.664914963866329,0.708917964844995,0.821335511034514,2016-09-18
"R_eff_t",91,0.60126525131149,0.683186957078608,0.738536135061565,0.796521221410279,0.919803866532213,2016-09-25
"R_eff_t",92,0.655071720004925,0.747993703310225,0.802309353987787,0.861181763566155,0.994616581632488,2016-10-02
"R_eff_t",93,0.732618914509942,0.832670484921232,0.891433449699848,0.953591200148534,1.07845119995311,2016-10-09
"R_eff_t",94,0.836498572349564,0.94715123410354,1.01920353838864,1.09054301835707,1.22662696710898,2016-10-16
"R_eff_t",95,0.839919063388314,0.972650073628089,1.04535374720906,1.11476213828704,1.34300817718834,2016-10-23
"R_eff_t",96,0.95684740875848,1.12229689791377,1.20023332112107,1.28273394611806,1.47025913291566,2016-10-30
"R_eff_t",97,1.09878167518413,1.25490153787263,1.33728001831907,1.43964162080077,1.58589299988428,2016-11-06
"R_eff_t",98,1.13761291383225,1.32891286325444,1.44388094672634,1.54301079557128,1.8409396701882,2016-11-13
"R_eff_t",99,1.09319943796059,1.27003037082078,1.3821756711886,1.48097043899494,1.70520272075389,2016-11-20
"R_eff_t",100,0.762102554167371,0.865376653137197,0.918343963852621,0.969708465681142,1.11262335325544,2016-11-27
"R_eff_t",101,0.542739967764829,0.613205019581843,0.667377291235021,0.716869866485063,0.814850090577186,2016-12-04
"R_eff_t",102,0.454491922214115,0.541830281405896,0.586791151531741,0.635424020982915,0.749453564267826,2016-12-11
"R_eff_t",103,0.488442529238991,0.552104001662769,0.593453852709592,0.627653674557353,0.742069507654092,2016-12-18
"R_eff_t",104,0.52855988392237,0.614921259103632,0.652269489149143,0.702955806223612,0.821337309002558,2016-12-25
"R_eff_t",105,0.916690955682476,1.04260459052032,1.12114266164426,1.18704937987434,1.3663536135926,2017-01-01
"R_eff_t",106,1.18742029839968,1.33439984963357,1.42304326522702,1.52776067144552,1.78202873611605,2017-01-08
"R_eff_t",107,1.36768599592491,1.54896302298113,1.63742025353646,1.7387483969956,2.01122310059347,2017-01-15
"R_eff_t",108,1.28177998132097,1.49665002275387,1.60137763187077,1.71771283808682,1.8858848890207,2017-01-22
"R_eff_t",109,1.2945294005913,1.4836778613601,1.60263735941403,1.71739013643068,1.9455337303577,2017-01-29
"R_eff_t",110,1.34981529113146,1.52886014347393,1.64814441293778,1.73979826007384,1.95617430202607,2017-02-05
"R_eff_t",111,1.40538444223999,1.57239408955055,1.67201048555761,1.78571195167253,1.97767361356478,2017-02-12
"R_eff_t",112,1.50229623008865,1.72032299288598,1.83525893460046,1.96217256786527,2.22426810336925,2017-02-19
"R_eff_t",113,1.79624276517605,2.03360799737516,2.14569159720941,2.28894097647118,2.58790240180744,2017-02-26
"R_eff_t",114,1.95456574179805,2.19767104821082,2.33410082795175,2.4863082800882,2.75912669599456,2017-03-05
"R_eff_t",115,2.06050828852493,2.29375727547019,2.41842342134836,2.54533107115415,2.79572647308523,2017-03-12
"R_eff_t",116,1.87815525783329,2.111473614494,2.24395003675394,2.39199890526484,2.63234503271969,2017-03-19
"R_eff_t",117,1.88776966817062,2.11063515895562,2.23523011728536,2.36331126624809,2.71298270113368,2017-03-26
"R_eff_t",118,1.63803096049578,1.85803811003449,1.96931305926227,2.0818937539854,2.32739371331975,2017-04-02
"R_eff_t",119,1.43307422594742,1.58331687148719,1.68198690016347,1.78840114847527,2.0051622188702,2017-04-09
"R_eff_t",120,1.22130549554644,1.38136676174286,1.47197726598159,1.56087885812629,1.75831090603606,2017-04-16
"R_eff_t",121,0.996158629934286,1.12246919259577,1.18432340622045,1.27680605002022,1.47244370144548,2017-04-23
"R_eff_t",122,0.934576383938387,1.04733253626341,1.11151503546823,1.18790455174094,1.32869310859533,2017-04-30
"R_eff_t",123,0.798898808552202,0.872141290937593,0.927770885492452,0.993669210065532,1.12525302508095,2017-05-07
"R_eff_t",124,0.684396875805585,0.757300072858176,0.808239620738336,0.857550485560306,0.970200360790144,2017-05-14
"R_eff_t",125,0.531610437248367,0.602379578893232,0.640425243780532,0.676313482893839,0.755708342997007,2017-05-21
"R_eff_t",126,0.47013119967178,0.527804537406638,0.565422722539966,0.601079651052042,0.686684536654755,2017-05-28
"R_eff_t",127,0.423112131985236,0.474964371238223,0.50266278464615,0.53300873155489,0.609687059404472,2017-06-04
"R_eff_t",128,0.388816296867225,0.430782354373313,0.458162053240248,0.487149140670356,0.541311753648695,2017-06-11
"R_eff_t",129,0.384987183210116,0.434838320066212,0.46347007121904,0.492729803237819,0.557411301957301,2017-06-18
"R_eff_t",130,0.410108161252398,0.45439008787932,0.489091041036498,0.524332016709115,0.582153724198976,2017-06-25
"R_eff_t",131,0.428289421424306,0.49822725064838,0.533992003491827,0.564070521503871,0.638064711604315,2017-07-02
"R_eff_t",132,0.448965276885458,0.500276662759656,0.53132629815091,0.563672985833147,0.650792628862802,2017-07-09
"R_eff_t",133,0.461132691071172,0.518416554731731,0.555549252137025,0.587743549204439,0.67228383353011,2017-07-16
"R_eff_t",134,0.454639092998758,0.512285392224424,0.549885343838944,0.589073636670962,0.684881912054611,2017-07-23
"R_eff_t",135,0.459676737624764,0.521533434963164,0.562252394288801,0.596803520400401,0.683050442094669,2017-07-30
"R_eff_t",136,0.425594033266267,0.490901530521401,0.521095923387577,0.554825111896124,0.628143657306748,2017-08-06
"R_eff_t",137,0.431063953824443,0.479144717883155,0.510418469661337,0.54390460635859,0.610010832899868,2017-08-13
"R_eff_t",138,0.376606483169436,0.439245660725721,0.47145790695835,0.500990295118707,0.580005219970048,2017-08-20
"R_eff_t",139,0.358684306095636,0.416910385582644,0.44534299070518,0.476833877270235,0.555542278956375,2017-08-27
"R_eff_t",140,0.394848886210268,0.45791260961052,0.488220765231177,0.525006122237635,0.614710085201234,2017-09-03
"R_eff_t",141,0.449084946543036,0.519514427126217,0.560653859824728,0.601424936954211,0.697144878783115,2017-09-10
"R_eff_t",142,0.493964263285404,0.568469056660673,0.61372802512963,0.654885177470215,0.746400775170427,2017-09-17
"R_eff_t",143,0.53452637323324,0.607422299908411,0.653842667405994,0.706840395190688,0.801762142307767,2017-09-24
"R_eff_t",144,0.556646680446064,0.65767125112803,0.71142825642474,0.759972328868985,0.88915589573859,2017-10-01
"R_eff_t",145,0.53430061541919,0.615853887868488,0.660379379621041,0.70855638456137,0.83217179018893,2017-10-08
"R_eff_t",146,0.579423444459409,0.659335561336007,0.717018858986668,0.772019442358801,0.922885601257561,2017-10-15
"R_eff_t",147,0.634101068385443,0.742439641116176,0.799881455323034,0.862312469948668,1.00111810739636,2017-10-22
"R_eff_t",148,0.766892555724818,0.860730580852677,0.93192530710307,1.02357551880708,1.18148893999379,2017-10-29
"R_eff_t",149,0.811772927301703,0.900195736182994,0.964899915359633,1.03652121146934,1.20215901124235,2017-11-05
"R_eff_t",150,0.685500136873795,0.796826321513423,0.865843637981946,0.937005985656926,1.07322150108163,2017-11-12
"R_eff_t",151,0.633330433261984,0.737561865768409,0.78483271390336,0.86300301254219,0.985592127989462,2017-11-19
"R_eff_t",152,0.658030495556103,0.734921029780296,0.80208914859783,0.878865089458369,1.02872036861731,2017-11-26
"R_eff_t",153,0.676246092409646,0.786381915127562,0.846141235435928,0.915872294523137,1.0213990855461,2017-12-03
"R_eff_t",154,0.697474755203249,0.798164639699027,0.858063992604026,0.922351211884239,1.05176500440391,2017-12-10
"R_eff_t",155,0.630299904833876,0.72410204488556,0.793348517305686,0.852481908585836,0.998562313114367,2017-12-17
"R_eff_t",156,0.638923749301117,0.740065169264775,0.81319019292293,0.876020354295126,0.999922711130701,2017-12-24
"R_eff_t",157,0.79558535719206,0.915886034722607,1.0041733562832,1.07280998600815,1.26732374406452,2017-12-31
"R_eff_t",158,0.880322449165435,1.03953777041581,1.13416752230026,1.24616547158185,1.46563682368254,2018-01-07
"R_eff_t",159,0.967033924053855,1.12465209762285,1.23103222067543,1.32871142961868,1.52984354153589,2018-01-14
"R_eff_t",160,0.914626771079465,1.09511921701396,1.19501146959492,1.29612471049127,1.47494173022364,2018-01-21
"R_eff_t",161,0.942153373713311,1.0532479705229,1.12196818245498,1.21299956582056,1.41325111456795,2018-01-28
"R_eff_t",162,0.872670534285853,1.01856151879799,1.09518339001141,1.17583140794417,1.40027178779425,2018-02-04
"R_eff_t",163,0.886503677124147,1.02753543889271,1.12053495489708,1.19595225330111,1.34875621346611,2018-02-11
"R_eff_t",164,0.921109917855025,1.08521433850678,1.15841048182786,1.25032486103294,1.43475546268721,2018-02-18
"R_eff_t",165,1.00574529026762,1.17619865602347,1.2743862496048,1.36986338077937,1.59820396286526,2018-02-25
"R_eff_t",166,0.904585824026551,1.0286943841846,1.12203868584397,1.21395876589374,1.40379730970447,2018-03-04
"R_eff_t",167,0.896071190670638,1.01308339989131,1.08304858921411,1.16994540923495,1.35394982537475,2018-03-11
"R_eff_t",168,0.78441730094897,0.905073601447554,0.973759291165556,1.04395944138614,1.18715856178422,2018-03-18
"R_eff_t",169,0.770288677581976,0.890584427683996,0.952962666621942,1.03232712848162,1.15710683946747,2018-03-25
"R_eff_t",170,0.861700922765114,1.00389418395612,1.06574640125043,1.15033555395193,1.33119348072657,2018-04-01
"R_eff_t",171,0.8465399392845,0.964142132364529,1.03836472898875,1.13293161775216,1.31443935654319,2018-04-08
"R_eff_t",172,0.725446379990542,0.849918731237583,0.912285131722037,0.990351735499708,1.13492911384162,2018-04-15
"R_eff_t",173,0.547840843553875,0.66531053423941,0.722273382380057,0.770640838433606,0.884426913403653,2018-04-22
"R_eff_t",174,0.529522939176869,0.614263353771136,0.663210942751202,0.725775246893883,0.822304426076702,2018-04-29
"R_eff_t",175,0.51433306077556,0.609997549242844,0.649559545720346,0.698736248893108,0.816207738126558,2018-05-06
"R_eff_t",176,0.577379041795544,0.677157156941945,0.727510770051016,0.796678581235837,0.907382667440205,2018-05-13
"R_eff_t",177,0.606059173407123,0.738265748341827,0.800712684882615,0.878554713091315,1.00915146774143,2018-05-20
"R_eff_t",178,0.629276726065912,0.758922855170411,0.821454914618312,0.892116694501811,1.00038894549665,2018-05-27
"R_eff_t",179,0.64365115502822,0.762018317871305,0.82427191989162,0.897786559805223,1.06372417610702,2018-06-03
"R_eff_t",180,0.68126576218154,0.794136298455256,0.883430144365501,0.952172920925298,1.13389830864807,2018-06-10
"R_eff_t",181,0.716937746079699,0.847529389457352,0.915063767327244,0.985400556341601,1.14735602887286,2018-06-17
"R_eff_t",182,0.641027650622797,0.762357020034399,0.833709328972484,0.911621491216758,1.03687540433338,2018-06-24
"R_eff_t",183,0.711708394060057,0.840789146973508,0.916568296654082,1.00202902984456,1.19817376676764,2018-07-01
"R_eff_t",184,0.745937355978949,0.848013293337661,0.921219049865152,1.00684253904653,1.18677935448254,2018-07-08
"R_eff_t",185,0.71198679334018,0.829102975744112,0.896255022425721,0.980653762235779,1.15873274538632,2018-07-15
"R_eff_t",186,0.678775518061202,0.796987903632427,0.860940508366312,0.934239718551624,1.08540253720763,2018-07-22
"R_eff_t",187,0.623417856075636,0.732280235987538,0.808011177109138,0.866837270530715,1.02492544283585,2018-07-29
"R_eff_t",188,0.653747142579779,0.747540789027372,0.809254041591668,0.888261336939406,1.04033299415427,2018-08-05
"R_eff_t",189,0.623473463683645,0.757735507747896,0.833101923901641,0.924894501708048,1.0824479076524,2018-08-12
"R_eff_t",190,0.637000392803453,0.758408825187119,0.822802031197946,0.898817638359256,1.05891828153315,2018-08-19
"R_eff_t",191,0.628916295427609,0.736809005462958,0.81091430954235,0.875256631454357,1.03784536844936,2018-08-26
"R_eff_t",192,0.600736252311567,0.719178350828524,0.791637575408848,0.877331730696147,1.02315491655147,2018-09-02
"R_eff_t",193,0.596433662721396,0.704538056754239,0.777814069259562,0.852007088593818,1.02244983818168,2018-09-09
"R_eff_t",194,0.593057648065575,0.712917275012231,0.786476390940502,0.869876963974125,1.01958513176147,2018-09-16
"R_eff_t",195,0.590029940726534,0.716671751713343,0.79306896039362,0.861635901649471,1.0506356663196,2018-09-23
"R_eff_t",196,0.648270745406972,0.768046143889239,0.838226679867958,0.925103065797017,1.08171310098914,2018-09-30
"R_eff_t",197,0.670902125733772,0.83102811484769,0.915980275280233,1.02005043909318,1.30389771667084,2018-10-07
"R_eff_t",198,0.776783417788649,0.898041469562906,1.01684794167023,1.11738836453546,1.35822668134114,2018-10-14
"R_eff_t",199,0.724604056333255,0.899441093711183,0.981481851619012,1.07746276074048,1.33248296424285,2018-10-21
"R_eff_t",200,0.738119758357802,0.91752106023469,1.00842936912613,1.10157080943391,1.33383586462566,2018-10-28
"R_eff_t",201,0.708742031630094,0.892884193800816,0.991964964320676,1.11076525158673,1.32986881008397,2018-11-04
"R_eff_t",202,0.727106345735461,0.888164326785103,0.981013613862646,1.10448681458722,1.34566535768528,2018-11-11
"R_eff_t",203,0.759822526644763,0.898071618995263,0.993115317938757,1.0828089874812,1.30669377680518,2018-11-18
"R_eff_t",204,0.714902003220609,0.861599644185225,0.94926150264155,1.04906479132125,1.23105519052058,2018-11-25
"R_eff_t",205,0.649176030024731,0.819259654465208,0.904396187381895,1.01649731104016,1.22877887033817,2018-12-02
"R_eff_t",206,0.642179215792764,0.7783570842916,0.858236418004899,0.955593641985441,1.20191870330558,2018-12-09
"R_eff_t",207,0.626628668815762,0.771621346744735,0.853946605702707,0.966236368804005,1.20097222018653,2018-12-16
"R_eff_t",208,0.618781436425841,0.764347905572055,0.881297111702364,0.997222102843437,1.24108649395659,2018-12-23
"R_eff_t",209,0.62094520428872,0.793930965704401,0.935315844494702,1.06542028041736,1.39624367651251,2018-12-30
"rho_sym_t",1,0.0383000377904911,0.0798252507653532,0.109968468759032,0.127372433229677,0.17107629662903,2015-01-04
"rho_sym_t",2,0.0386264494979665,0.0800296830939303,0.110402038029327,0.127582123616911,0.171202716012323,2015-01-11
"rho_sym_t",3,0.0389555304947863,0.0802849165182522,0.110837321261355,0.127797825803632,0.171329212986255,2015-01-18
"rho_sym_t",4,0.0392873006835265,0.0807808354610871,0.111170171751059,0.12804853994473,0.171455787567428,2015-01-25
"rho_sym_t",5,0.0396217800821761,0.0813077782564313,0.111346887082539,0.128348025196362,0.171582439772389,2015-02-01
"rho_sym_t",6,0.0399589888242214,0.0818384574077757,0.111523917537155,0.128648382560632,0.171709169617632,2015-02-08
"rho_sym_t",7,0.040298947158719,0.0823728945096024,0.111701263539572,0.128904838601598,0.171835977119597,2015-02-15
"rho_sym_t",8,0.0406416754503551,0.0829558367731275,0.111878925514045,0.129128959685428,0.171962862294667,2015-02-22
"rho_sym_t",9,0.0409871941794926,0.083353044920057,0.112056903884415,0.129457726484208,0.172089825159173,2015-03-01
"rho_sym_t",10,0.0413355239422048,0.0836548389618725,0.112235199074101,0.129824625908546,0.17221686572939,2015-03-08
"rho_sym_t",11,0.0416723172605186,0.0838251766452771,0.112470315677319,0.129946889051981,0.172343984021538,2015-03-15
"rho_sym_t",12,0.0419570540413408,0.0840295271743959,0.112832845443752,0.130048122366536,0.172471180051783,2015-03-22
"rho_sym_t",13,0.0422437771819036,0.0842753442834056,0.113196456565567,0.130406252534423,0.172598453836236,2015-03-29
"rho_sym_t",14,0.0425324998939857,0.0845225565604894,0.113561151296309,0.130609204956502,0.172725805390951,2015-04-05
"rho_sym_t",15,0.0428232354582546,0.0848527212120923,0.113848626072099,0.130767297503084,0.17285323473193,2015-04-12
"rho_sym_t",16,0.0431159972242518,0.0854092372716132,0.114002995179672,0.130973574569893,0.172980741875117,2015-04-19
"rho_sym_t",17,0.0434107986103683,0.0858722791159523,0.114311445014724,0.131180152086567,0.173108326836401,2015-04-26
"rho_sym_t",18,0.0437076531038129,0.0861263587022686,0.11469690452452,0.131387030318347,0.173235989631617,2015-05-03
"rho_sym_t",19,0.0440065742605715,0.0863841196208684,0.11499101248651,0.131540394990807,0.173363730276542,2015-05-10
"rho_sym_t",20,0.0443075757053573,0.086954610204777,0.115228880318689,0.131677130005281,0.173491548786901,2015-05-17
"rho_sym_t",21,0.0446029500042146,0.0870841721514264,0.1155295725921,0.131956895791249,0.173697763567983,2015-05-24
"rho_sym_t",22,0.0449002101594552,0.0871752293898671,0.115746427679316,0.132156039335976,0.173933262235715,2015-05-31
"rho_sym_t",23,0.0451994900995094,0.0873417012599249,0.11596366646058,0.132254285975343,0.174169047615245,2015-06-07
"rho_sym_t",24,0.0454961338308255,0.0875218449810989,0.116219509958523,0.132355027141886,0.174405119835471,2015-06-14
"rho_sym_t",25,0.0457234654025483,0.0878941728779936,0.116634477284397,0.132523684459979,0.1746414790244,2015-06-21
"rho_sym_t",26,0.0459518782132469,0.0883171523534715,0.117050863205658,0.132666775791818,0.174878125309146,2015-06-28
"rho_sym_t",27,0.046208091753474,0.0887419699284449,0.117468671101549,0.132753464605995,0.175115058815928,2015-07-05
"rho_sym_t",28,0.0465314583994715,0.0891686316829823,0.117887904343056,0.132853372614118,0.175352279670063,2015-07-12
"rho_sym_t",29,0.0468571354813734,0.0895971436986701,0.118071241478701,0.132984256255043,0.175589787995964,2015-07-19
"rho_sym_t",30,0.0471851385608313,0.090027512058401,0.118227872478578,0.133288835951016,0.175827583917139,2015-07-26
"rho_sym_t",31,0.0475100324974116,0.0904597428461603,0.11858080784405,0.133518403497406,0.176065667556183,2015-08-02
"rho_sym_t",32,0.047833688781423,0.0908938421468107,0.119001962020975,0.133744221819865,0.176304039034777,2015-08-09
"rho_sym_t",33,0.0481595998971765,0.0913298160458732,0.119422450620321,0.1339378888547,0.176542698473683,2015-08-16
"rho_sym_t",34,0.0484877806588437,0.0917676706293083,0.119754708933517,0.134230259691949,0.176781645992744,2015-08-23
"rho_sym_t",35,0.0488182459513903,0.0921418695774655,0.120041886348348,0.134411449982337,0.177020881710875,2015-08-30
"rho_sym_t",36,0.0491510107303748,0.0924938444869051,0.120481004375944,0.134667253004375,0.177260405746064,2015-09-06
"rho_sym_t",37,0.0494188996489824,0.0928433009916213,0.120936162779052,0.134927127000997,0.177500218215367,2015-09-13
"rho_sym_t",38,0.0496603196318904,0.0931078306688439,0.121223090083818,0.135236145748506,0.177740319234902,2015-09-20
"rho_sym_t",39,0.0499747956711968,0.0932742120641622,0.121498055888565,0.135365555312193,0.177980708919851,2015-09-27
"rho_sym_t",40,0.0503029559155746,0.0934411264595745,0.121678923393883,0.135640442941065,0.178220737106716,2015-10-04
"rho_sym_t",41,0.0506332993635029,0.0936085755002474,0.121907393588575,0.136086019845786,0.178434258673207,2015-10-11
"rho_sym_t",42,0.0509658395278542,0.0938586602858424,0.122369251789208,0.13638030406099,0.178648037520719,2015-10-18
"rho_sym_t",43,0.0513005899802806,0.0939350622741334,0.123003678121035,0.13666679962522,0.178862073752695,2015-10-25
"rho_sym_t",44,0.0516375643510037,0.0940115200734349,0.123269933344516,0.136896991146808,0.179076367471659,2015-11-01
"rho_sym_t",45,0.0519717793396927,0.0940880337140182,0.123538862269322,0.137110070411971,0.179290918779218,2015-11-08
"rho_sym_t",46,0.0522283033167023,0.094219431429186,0.123860610395628,0.137323432119321,0.179505727776053,2015-11-15
"rho_sym_t",47,0.0524778637592588,0.0945713479064872,0.124203432266165,0.137537076476992,0.179725157796312,2015-11-22
"rho_sym_t",48,0.0527285503717218,0.094828514598675,0.124428119410052,0.137813353318137,0.179951935278733,2015-11-29
"rho_sym_t",49,0.0529803676010842,0.0952698346543834,0.124640668635376,0.13803368935235,0.18014124425355,2015-12-06
"rho_sym_t",50,0.0532647398499955,0.0957601142747787,0.124853529165434,0.138285238144366,0.180283175604882,2015-12-13
"rho_sym_t",51,0.0536439478252471,0.0962134698597281,0.125338071372465,0.138497554026959,0.180542929628321,2015-12-20
"rho_sym_t",52,0.0540221038954429,0.0966081425753411,0.125861316101189,0.138751028191953,0.180803023716147,2015-12-27
"rho_sym_t",53,0.0544030524902015,0.0969829495152353,0.126263113269544,0.139004902034823,0.181069633821098,2016-01-03
"rho_sym_t",54,0.0548156900407726,0.0974295975964367,0.126626562747751,0.139242470730943,0.181341028579606,2016-01-10
"rho_sym_t",55,0.0552581894226708,0.0978644231401428,0.127001792964402,0.139447002331529,0.181612788067889,2016-01-17
"rho_sym_t",56,0.0556178736703999,0.0982265441687602,0.127237938493361,0.139651797530031,0.181884912428541,2016-01-24
"rho_sym_t",57,0.0559800019281922,0.0985653598129453,0.127571185588959,0.139856856514773,0.182157401802567,2016-01-31
"rho_sym_t",58,0.0563445896843596,0.0989799213489887,0.127749311494464,0.140062179473676,0.182430256329372,2016-02-07
"rho_sym_t",59,0.0567285697007356,0.0995101270367903,0.127929717299315,0.140267766594261,0.182703476146756,2016-02-14
"rho_sym_t",60,0.057105559926125,0.0998928264081252,0.128191512575338,0.140568315596224,0.182977061390907,2016-02-21
"rho_sym_t",61,0.0574586723611879,0.100369924880786,0.12840093335091,0.140923626624729,0.183251012196398,2016-02-28
"rho_sym_t",62,0.0578243485626512,0.100660042397562,0.128967448945431,0.140986436849706,0.183525328696176,2016-03-06
"rho_sym_t",63,0.0581924536693554,0.101119867617406,0.129749678497338,0.141127451258061,0.183800011021558,2016-03-13
"rho_sym_t",64,0.05848963807531,0.101265927961849,0.130260767684798,0.141235146389626,0.184075059302225,2016-03-20
"rho_sym_t",65,0.05873457593119,0.101457623946853,0.130487334741375,0.141602860382235,0.184350473666214,2016-03-27
"rho_sym_t",66,0.0589804764209899,0.101891345953744,0.130774506018263,0.142177137290766,0.184626254239915,2016-04-03
"rho_sym_t",67,0.0592273427920246,0.102347750170496,0.131062224896373,0.142859691261274,0.18490240114806,2016-04-10
"rho_sym_t",68,0.0594751782980127,0.102667716012404,0.13128393241321,0.143555545834495,0.18517891451372,2016-04-17
"rho_sym_t",69,0.0597239861990478,0.102709488031769,0.131526493641375,0.1441930298775,0.185586528720108,2016-04-24
"rho_sym_t",70,0.0599737697615691,0.102758918752152,0.131716002227449,0.144581480461614,0.186006454423788,2016-05-01
"rho_sym_t",71,0.0602245322583319,0.103110212380982,0.131905764393091,0.145158169752986,0.186427121211089,2016-05-08
"rho_sym_t",72,0.0604762769683774,0.103282747169821,0.132230505101399,0.145809393777417,0.186848186879296,2016-05-15
"rho_sym_t",73,0.060729007177002,0.103528783060477,0.132558914876405,0.146276005021279,0.187251548896851,2016-05-22
"rho_sym_t",74,0.0609827261757264,0.103820624664869,0.13276563028639,0.147105773018671,0.187655596959485,2016-05-29
"rho_sym_t",75,0.0613655498958696,0.104233406910818,0.132946237417205,0.147863562686284,0.188060331335936,2016-06-05
"rho_sym_t",76,0.0617977658547238,0.104708934657832,0.13312708312416,0.148085498750402,0.188465752290509,2016-06-12
"rho_sym_t",77,0.0622179011730402,0.105209989946786,0.133308167604417,0.148736853727697,0.188871860083056,2016-06-19
"rho_sym_t",78,0.0626387653593358,0.105713159898342,0.133489491054764,0.149190043181506,0.189278654968958,2016-06-26
"rho_sym_t",79,0.0630627629074184,0.106218450725331,0.133671053671613,0.149523545888746,0.189728417527594,2016-07-03
"rho_sym_t",80,0.0634899156840079,0.10672586863247,0.133852855650992,0.150170404536089,0.190203226810372,2016-07-10
"rho_sym_t",81,0.0637980212683278,0.107235419816052,0.134034897188548,0.150839186296474,0.190679016414314,2016-07-17
"rho_sym_t",82,0.0640224536865323,0.107747110463632,0.134217178479542,0.151249016917727,0.191155786771311,2016-07-24
"rho_sym_t",83,0.0642476377695766,0.108260946753705,0.134493523098082,0.151547496623373,0.191633538302393,2016-07-31
"rho_sym_t",84,0.0644735756818436,0.10877693485539,0.134779266876278,0.151927995497044,0.192112271417672,2016-08-07
"rho_sym_t",85,0.0647002695910287,0.109295080928103,0.135057346103546,0.152726533901233,0.192591986516276,2016-08-14
"rho_sym_t",86,0.0649277216681202,0.109763055498039,0.135289735871031,0.153505559434858,0.193072683986293,2016-08-21
"rho_sym_t",87,0.065155934087379,0.109995629506791,0.135522510927269,0.15386043412815,0.193554364204707,2016-08-28
"rho_sym_t",88,0.0653849090263181,0.110167885356168,0.135755671663852,0.154196927987377,0.194048511324796,2016-09-04
"rho_sym_t",89,0.0656146486656822,0.110255397837979,0.135989218471364,0.154706142647367,0.194545620615399,2016-09-11
"rho_sym_t",90,0.0658451551894264,0.110342972462078,0.136263907576532,0.155131604290402,0.19498703701953,2016-09-18
"rho_sym_t",91,0.0660764307846952,0.110430609259003,0.136505466837908,0.155675698689954,0.195363578856881,2016-09-25
"rho_sym_t",92,0.066308477641801,0.110518308259283,0.136744757822234,0.156086779602888,0.195740672277259,2016-10-02
"rho_sym_t",93,0.0665412979542023,0.110617041112512,0.13691510789623,0.156639728524683,0.196118317402738,2016-10-09
"rho_sym_t",94,0.066774893918482,0.110747878141346,0.137023401258211,0.157139249476231,0.19649651435254,2016-10-16
"rho_sym_t",95,0.0670092677343248,0.110840000718955,0.137131780562042,0.157640139579048,0.196743777936699,2016-10-23
"rho_sym_t",96,0.0672444216044947,0.110942717181228,0.137240245849432,0.15814240052114,0.196951966943274,2016-10-30
"rho_sym_t",97,0.0674803577348126,0.111045518123552,0.137348797162034,0.158519051624943,0.197160401723796,2016-11-06
"rho_sym_t",98,0.0677170783341328,0.11114840359329,0.137457434541446,0.158885087507825,0.19756461019424,2016-11-13
"rho_sym_t",99,0.0679545856143198,0.111532674058362,0.137605577811959,0.159172438627902,0.197992260333486,2016-11-20
"rho_sym_t",100,0.0681928817902248,0.11206711324449,0.137757535084038,0.159442334498758,0.198420622593377,2016-11-27
"rho_sym_t",101,0.0684319690796618,0.112632952721782,0.137909633452828,0.159712057544595,0.19884969712734,2016-12-04
"rho_sym_t",102,0.0686718497033835,0.113201290915255,0.13822747185512,0.160030562622829,0.19927948408359,2016-12-11
"rho_sym_t",103,0.0689125258850565,0.113772135174553,0.138427574545091,0.160254317991131,0.199650422066509,2016-12-18
"rho_sym_t",104,0.069153999851237,0.114345492832585,0.138633715277175,0.160495490098282,0.199955651529254,2016-12-25
"rho_sym_t",105,0.0693927505769336,0.114921371205027,0.138888329200243,0.160711508495531,0.200261242550788,2017-01-01
"rho_sym_t",106,0.0696438247779947,0.11549977758984,0.139073887479995,0.161049619309665,0.200567195180157,2017-01-08
"rho_sym_t",107,0.0699399152798521,0.116080719266772,0.139270904374366,0.161403216452492,0.200873509464994,2017-01-15
"rho_sym_t",108,0.0702458068741372,0.116639760247056,0.139541996920476,0.161747424106024,0.201180185451516,2017-01-22
"rho_sym_t",109,0.0705521514028929,0.116797614639283,0.139702741874587,0.162066722158414,0.201488710289494,2017-01-29
"rho_sym_t",110,0.070857957055019,0.116956005812643,0.139904843283007,0.162386533129653,0.201801706905803,2017-02-05
"rho_sym_t",111,0.0711649953741332,0.117349233958104,0.140089162552956,0.162706857355853,0.202115078214974,2017-02-12
"rho_sym_t",112,0.0714732704636865,0.117827895876678,0.140273707100109,0.163027695171235,0.202428824259554,2017-02-19
"rho_sym_t",113,0.0717915281268953,0.118385871861273,0.140495303288164,0.16347508217754,0.202824932921294,2017-02-26
"rho_sym_t",114,0.0721128691321043,0.118946141049844,0.140777507542773,0.164047703566861,0.203363289986575,2017-03-05
"rho_sym_t",115,0.0724355395193112,0.119508709490879,0.141017137437034,0.16451651823221,0.203918208932836,2017-03-12
"rho_sym_t",116,0.072759543787702,0.120073583215633,0.141166790078264,0.164986531640751,0.204474367631521,2017-03-19
"rho_sym_t",117,0.0730848864425133,0.120640768237733,0.141343000273192,0.165457745111071,0.205031766288179,2017-03-26
"rho_sym_t",118,0.0734115719949474,0.120980893748703,0.14153783592259,0.16593015994608,0.205590405088146,2017-04-02
"rho_sym_t",119,0.0737396049620866,0.121336188063353,0.141750505368001,0.166295092795205,0.206051714867268,2017-04-09
"rho_sym_t",120,0.0740180067887591,0.121410763670665,0.142035480646461,0.166745466366062,0.206354382412396,2017-04-16
"rho_sym_t",121,0.0742429851944614,0.121485383634158,0.142276461374372,0.167286849281496,0.206657394849319,2017-04-23
"rho_sym_t",122,0.0744859226400352,0.121675932026195,0.142614893306482,0.167829749078691,0.207055282139095,2017-04-30
"rho_sym_t",123,0.0748162246218668,0.122008710138723,0.142972373814601,0.168374167392582,0.207568470026148,2017-05-07
"rho_sym_t",124,0.0751477968423645,0.122473693836002,0.143330616883716,0.168890022567132,0.208114375954248,2017-05-14
"rho_sym_t",125,0.0754433009126641,0.123002873870738,0.143506448166898,0.169259057592953,0.208750082116248,2017-05-21
"rho_sym_t",126,0.075776930000461,0.123534027257579,0.143616152096441,0.169628846477347,0.209336290976245,2017-05-28
"rho_sym_t",127,0.0761206809600983,0.124067158563509,0.143972759164551,0.170111286861771,0.20993068988778,2017-06-04
"rho_sym_t",128,0.0764658688279968,0.124602272340876,0.144228142164133,0.170689317155444,0.21028443430735,2017-06-11
"rho_sym_t",129,0.0768124984493858,0.12513937312712,0.144588548543594,0.171264216648297,0.210799083034785,2017-06-18
"rho_sym_t",130,0.0771605746748862,0.125678465444496,0.144906185800584,0.171659758068287,0.211737640897119,2017-06-25
"rho_sym_t",131,0.0775069118271158,0.126219553799799,0.145271367950734,0.172003036746671,0.212447268965238,2017-07-02
"rho_sym_t",132,0.0778494260872121,0.126762642684087,0.145545155811983,0.172317815138178,0.2130862054194,2017-07-09
"rho_sym_t",133,0.078193328248329,0.127307736572403,0.145724988276704,0.172633051149378,0.214076625493943,2017-07-16
"rho_sym_t",134,0.0785386228026892,0.127854839923487,0.145913550619766,0.172948745003362,0.21544248065531,2017-07-23
"rho_sym_t",135,0.0788853142468441,0.128403957179505,0.146229319096828,0.173264896921595,0.216464826880561,2017-07-30
"rho_sym_t",136,0.0792334070815746,0.128955092765754,0.146607944939073,0.173581507123905,0.217879427862291,2017-08-06
"rho_sym_t",137,0.0795829058117906,0.129508251090385,0.147006580812237,0.173898575828485,0.218984565649762,2017-08-13
"rho_sym_t",138,0.0799338149464292,0.130063436544112,0.147485851245069,0.174203102444022,0.219891571804549,2017-08-20
"rho_sym_t",139,0.0802861389983521,0.130620653499923,0.147815555405627,0.174452844155983,0.221041865488199,2017-08-27
"rho_sym_t",140,0.0806398824842415,0.131179906312793,0.147919218627681,0.174702912212281,0.222222783788269,2017-09-03
"rho_sym_t",141,0.0809950499244952,0.131741199319393,0.148066353792535,0.17495330675567,0.22320605194783,2017-09-10
"rho_sym_t",142,0.0813516458431207,0.132304536837792,0.148597210519331,0.175154181415594,0.22421300292991,2017-09-17
"rho_sym_t",143,0.0817096747676277,0.132869923167169,0.148928011505988,0.17529917339607,0.225231940210399,2017-09-24
"rho_sym_t",144,0.08206914122892,0.133441331341309,0.149301890977691,0.17567417624218,0.226270450802062,2017-10-01
"rho_sym_t",145,0.0824300497611856,0.133767375348868,0.149696975726529,0.176049816764478,0.227312533879943,2017-10-08
"rho_sym_t",146,0.0827924049017869,0.134004974422298,0.150041613487566,0.176426095302215,0.228381736092482,2017-10-15
"rho_sym_t",147,0.0831562111911478,0.134243107099916,0.150386908539451,0.176783622815047,0.229680356478183,2017-10-22
"rho_sym_t",148,0.0835214731726418,0.134481774267907,0.150732861485172,0.177116325253208,0.231015775643493,2017-10-29
"rho_sym_t",149,0.0838881953924774,0.134720976808894,0.151007367579045,0.177449525526212,0.232356625025344,2017-11-05
"rho_sym_t",150,0.0842563823995832,0.134969081419157,0.151297522166671,0.177749941541634,0.233702899446238,2017-11-12
"rho_sym_t",151,0.084626038745491,0.135394984640246,0.151692791379221,0.177995539594254,0.235054593375603,2017-11-19
"rho_sym_t",152,0.0849971689842189,0.135831489505954,0.152014223018906,0.178153474297795,0.236390523578099,2017-11-26
"rho_sym_t",153,0.0853697776721521,0.136376682156403,0.15228681731229,0.178311553478759,0.23760984366865,2017-12-03
"rho_sym_t",154,0.0857438693679232,0.136845517840743,0.152559825205997,0.178469777184928,0.23866288295797,2017-12-10
"rho_sym_t",155,0.086119448632291,0.137376735161074,0.152858608771169,0.178628145463702,0.239812841045218,2017-12-17
"rho_sym_t",156,0.0864965200280187,0.137870585429844,0.153149804643855,0.178786658362096,0.241150993845359,2017-12-24
"rho_sym_t",157,0.0868991715560645,0.138357176902755,0.153394191298422,0.178945315926734,0.24239650864122,2017-12-31
"rho_sym_t",158,0.0873050320049809,0.138648917927817,0.153869546062223,0.179255578724285,0.243651022097097,2018-01-07
"rho_sym_t",159,0.0877126066842107,0.13952743136489,0.154261146333227,0.179634949471009,0.245026913137401,2018-01-14
"rho_sym_t",160,0.0881219011329189,0.139939546090906,0.154785177472131,0.180014953495646,0.246429836194936,2018-01-21
"rho_sym_t",161,0.0885329208920739,0.140409419848447,0.155232443178535,0.180395591098161,0.247838154953207,2018-01-28
"rho_sym_t",162,0.0889456715042707,0.14099035471603,0.155660304425939,0.180776862575136,0.249251860023951,2018-02-04
"rho_sym_t",163,0.0893601585135522,0.141583408317401,0.156040083981431,0.181158768219748,0.250670941637172,2018-02-11
"rho_sym_t",164,0.0897763874652296,0.142211362796163,0.156389663050298,0.181541308321759,0.252095389639208,2018-02-18
"rho_sym_t",165,0.0901943639056997,0.142656582130651,0.156740029170286,0.1819244831675,0.25352519349084,2018-02-25
"rho_sym_t",166,0.0906140933822614,0.142987256797952,0.157264348613023,0.182308293039856,0.254960342265435,2018-03-04
"rho_sym_t",167,0.0910355814429303,0.143391611523906,0.157635388527803,0.182692738218251,0.256400824647147,2018-03-11
"rho_sym_t",168,0.091458833636251,0.14354801743183,0.158094704375392,0.183077818978631,0.257846628929144,2018-03-18
"rho_sym_t",169,0.0918838555111082,0.143743303951278,0.158420136862551,0.183463535593453,0.259297743011902,2018-03-25
"rho_sym_t",170,0.0923106526165355,0.143857294758983,0.158655073516208,0.183849888331669,0.260754154401525,2018-04-01
"rho_sym_t",171,0.0927392305015229,0.144503070848248,0.158988050404757,0.184236877458709,0.262215850208126,2018-04-08
"rho_sym_t",172,0.0931695947148218,0.145176159305127,0.159774956439081,0.184624503236468,0.263682817144251,2018-04-15
"rho_sym_t",173,0.0936017508047488,0.145536669451827,0.160149640532751,0.184991183341117,0.265155041523349,2018-04-22
"rho_sym_t",174,0.0940357043189878,0.145926173572722,0.160581872210467,0.185335108432715,0.266632509258295,2018-04-29
"rho_sym_t",175,0.0944714608043891,0.14648073445069,0.161143183923737,0.185861506672525,0.268115205859968,2018-05-06
"rho_sym_t",176,0.0949090258067681,0.1468477669347,0.161408794578809,0.186284674764511,0.269603116435866,2018-05-13
"rho_sym_t",177,0.0953484048707014,0.146957700266283,0.161729958120884,0.186647747413445,0.271096225688789,2018-05-20
"rho_sym_t",178,0.0957896035393211,0.147381915527583,0.161971013735097,0.186802333080333,0.272594517915567,2018-05-27
"rho_sym_t",179,0.0962326273541072,0.148056025621573,0.162309101226555,0.187007511926447,0.274097977005841,2018-06-03
"rho_sym_t",180,0.0966774818546786,0.148399760027974,0.162876573601214,0.187605922062562,0.275606586440898,2018-06-10
"rho_sym_t",181,0.0971241725785816,0.148711263119013,0.163594377698876,0.187857387076895,0.277120329292568,2018-06-17
"rho_sym_t",182,0.0975727050610768,0.148962109930745,0.16425635948553,0.188256455566006,0.278639188222171,2018-06-24
"rho_sym_t",183,0.0980175761449811,0.149201585247041,0.164840165970114,0.188804361737813,0.280153349320009,2018-07-01
"rho_sym_t",184,0.09827985210196,0.149734139805077,0.165386242552261,0.189591959010853,0.28165620930174,2018-07-08
"rho_sym_t",185,0.0985394250548395,0.150335506198569,0.165607018875454,0.190154155219065,0.283162775783428,2018-07-15
"rho_sym_t",186,0.0987828152494843,0.150659316543954,0.165828048981279,0.191076990868372,0.284672407424383,2018-07-22
"rho_sym_t",187,0.0990271342409859,0.150954305162086,0.166141346642506,0.192003243322331,0.286186875797448,2018-07-29
"rho_sym_t",188,0.0992723848013787,0.151100072349994,0.166346006993456,0.192808504240804,0.287706162198157,2018-08-05
"rho_sym_t",189,0.0995185697008196,0.151363417573325,0.16665066300886,0.193530324238524,0.28923024753583,2018-08-12
"rho_sym_t",190,0.0999229549230702,0.151570408329637,0.167032380511112,0.193802656967064,0.290759112333036,2018-08-19
"rho_sym_t",191,0.100312082059561,0.151804276610896,0.167526471726656,0.194075296223625,0.292292736725127,2018-08-26
"rho_sym_t",192,0.100550012368116,0.151933481335282,0.167913836337253,0.19457272187132,0.293831100459816,2018-09-02
"rho_sym_t",193,0.100788744826424,0.152060489948604,0.16857038448439,0.195134342696158,0.295374182896818,2018-09-09
"rho_sym_t",194,0.101028281529104,0.152253691852323,0.169506320337148,0.195576498373357,0.296921963007546,2018-09-16
"rho_sym_t",195,0.101268624569394,0.152394554636391,0.170127535533012,0.1958932067039,0.298474419374871,2018-09-23
"rho_sym_t",196,0.101509776039083,0.152547399487691,0.170367975784983,0.196135411805593,0.300031530192933,2018-09-30
"rho_sym_t",197,0.101733386208636,0.152676779192985,0.170708191772847,0.196699812963865,0.301593273267017,2018-10-07
"rho_sym_t",198,0.101957476219154,0.152823285083378,0.171282640221974,0.19735909087032,0.303159626013488,2018-10-14
"rho_sym_t",199,0.102182305139956,0.152972494650159,0.171904167042311,0.197833494027504,0.304730565459785,2018-10-21
"rho_sym_t",200,0.102463448929933,0.15312182380778,0.172646709159524,0.198266871159899,0.306306068244477,2018-10-28
"rho_sym_t",201,0.102878935149138,0.153271272600561,0.173332316745417,0.198630144507547,0.307886110617381,2018-11-04
"rho_sym_t",202,0.103142910224867,0.15344795210216,0.174027162609603,0.199437233361414,0.309470668439744,2018-11-11
"rho_sym_t",203,0.103407703908193,0.153882164974483,0.174777885403319,0.200197758671428,0.311059717184479,2018-11-18
"rho_sym_t",204,0.103673318198205,0.154318372865175,0.175531644749524,0.200576912355361,0.312653231936475,2018-11-25
"rho_sym_t",205,0.103939755092257,0.154618741986623,0.176427189069244,0.200956603694211,0.314251187392965,2018-12-02
"rho_sym_t",206,0.104146993877651,0.154860641306754,0.17700767621076,0.201520303225885,0.315853557863955,2018-12-09
"rho_sym_t",207,0.104213304663803,0.155151300007565,0.177429813479533,0.202131630039467,0.317460317272725,2018-12-16
"rho_sym_t",208,0.104301696061109,0.155467398995256,0.178187315005662,0.202653122496037,0.319071439156384,2018-12-23
"rho_sym_t",209,0.104359876660232,0.155605986570497,0.178551759027277,0.203304595068692,0.320686896666502,2018-12-30
"rho_total_t",1,0.0199160196510554,0.0415091303979836,0.0571836037546967,0.066233665279432,0.0889596742470957,2015-01-04
"rho_total_t",2,0.0200857537389426,0.0416154352088437,0.0574090597752503,0.0663427042807938,0.0890254123264081,2015-01-11
"rho_total_t",3,0.0202568758572889,0.0417481565894912,0.0576354070559048,0.0664548694178889,0.0890911907528526,2015-01-18
"rho_total_t",4,0.0204293963554338,0.0420060344397653,0.0578084893105507,0.0665852407712596,0.0891570095350624,2015-01-25
"rho_total_t",5,0.0206033256427316,0.0422800446933443,0.0579003812829203,0.0667409731021084,0.0892228686816422,2015-02-01
"rho_total_t",6,0.0207786741885952,0.0425559978520434,0.0579924371193207,0.0668971589315286,0.0892887682011687,2015-02-08
"rho_total_t",7,0.0209554525225339,0.0428339051449932,0.0580846570405775,0.067030516072831,0.0893547081021903,2015-02-15
"rho_total_t",8,0.0211336712341846,0.0431370351220263,0.0581770412673036,0.0671470590364228,0.0894206883932268,2015-02-22
"rho_total_t",9,0.0213133409733361,0.0433435833584297,0.058269590019896,0.0673180177717881,0.0894867090827699,2015-03-01
"rho_total_t",10,0.0214944724499465,0.0435005162601737,0.0583623035185327,0.0675088054724437,0.0895527701792826,2015-03-08
"rho_total_t",11,0.0216696049754697,0.0435890918555441,0.058484564152206,0.0675723823070299,0.0896188716911997,2015-03-15
"rho_total_t",12,0.0218176681014972,0.0436953541306859,0.0586730796307509,0.0676250236305987,0.0896850136269272,2015-03-22
"rho_total_t",13,0.0219667641345899,0.0438231790273709,0.058862157414095,0.0678112513179,0.0897511959948426,2015-03-29
"rho_total_t",14,0.0221168999448726,0.0439517294114545,0.0590517986740808,0.0679167865773811,0.0898174188032947,2015-04-05
"rho_total_t",15,0.0222680824382924,0.044123415030288,0.0592012855574917,0.0679989947016038,0.0898836820606037,2015-04-12
"rho_total_t",16,0.0224203185566109,0.0444128033812389,0.0592815574934292,0.0681062587763441,0.0899499857750607,2015-04-19
"rho_total_t",17,0.0225736152773915,0.0446535851402952,0.0594419514076567,0.0682136790850149,0.0900163299549285,2015-04-26
"rho_total_t",18,0.0227279796139827,0.0447857065251797,0.0596423903527504,0.0683212557655407,0.0900827146084407,2015-05-03
"rho_total_t",19,0.0228834186154972,0.0449197422028516,0.059795326492985,0.0684010053952196,0.0901491397438021,2015-05-10
"rho_total_t",20,0.0230399393667858,0.045216397306484,0.0599190177657181,0.0684721076027464,0.0902156053691884,2015-05-17
"rho_total_t",21,0.0231935340021916,0.0452837695187417,0.0600753777478918,0.0686175858114494,0.090322837055351,2015-05-24
"rho_total_t",22,0.0233481092829167,0.0453311192827309,0.0601881423932442,0.0687211404547076,0.0904452963625719,2015-05-31
"rho_total_t",23,0.0235037348517449,0.0454176846551609,0.0603011065595015,0.0687722287071784,0.0905679047599276,2015-06-07
"rho_total_t",24,0.0236579895920293,0.0455113593901715,0.0604341451784319,0.0688246141137808,0.0906906623144449,2015-06-14
"rho_total_t",25,0.0237762020093251,0.0457049698965566,0.0606499281878863,0.0689123159191889,0.0908135690926877,2015-06-21
"rho_total_t",26,0.0238949766708884,0.0459249192238052,0.0608664488669422,0.0689867234117456,0.0909366251607558,2015-06-28
"rho_total_t",27,0.0240282077118065,0.0461458243627913,0.0610837089728056,0.0690318015951173,0.0910598305842824,2015-07-05
"rho_total_t",28,0.0241963583677252,0.0463676884751508,0.0613017102583894,0.0690837537593414,0.0911831854284325,2015-07-12
"rho_total_t",29,0.0243657104503142,0.0465905147233084,0.0613970455689245,0.0691518132526223,0.0913066897579015,2015-07-19
"rho_total_t",30,0.0245362720516323,0.0468143062703685,0.0614784936888608,0.0693101946945281,0.0914303436369125,2015-07-26
"rho_total_t",31,0.024705216898654,0.0470390662800034,0.0616620200789059,0.0694295698186509,0.0915541471292153,2015-08-02
"rho_total_t",32,0.02487351816634,0.0472647979163415,0.0618810202509069,0.0695469953463295,0.091678100298084,2015-08-09
"rho_total_t",33,0.0250429919465318,0.0474915043438541,0.0620996743225668,0.0696477022044438,0.0918022032063153,2015-08-16
"rho_total_t",34,0.0252136459425987,0.0477191887272403,0.0622724486454291,0.0697997350398134,0.0919264559162269,2015-08-23
"rho_total_t",35,0.025385487894723,0.0479137721802821,0.0624217809011408,0.0698939539908155,0.092050858489655,2015-08-30
"rho_total_t",36,0.0255585255797949,0.0480967991331907,0.0626501222754911,0.070026971562275,0.0921754109879534,2015-09-06
"rho_total_t",37,0.0256978278174708,0.0482785165156431,0.0628868046451072,0.0701621060405187,0.0923001134719907,2015-09-13
"rho_total_t",38,0.025823366208583,0.0484160719477988,0.0630360068435853,0.0703227957892232,0.0924249660021493,2015-09-20
"rho_total_t",39,0.0259868937490223,0.0485025902733643,0.0631789890620538,0.0703900887623404,0.0925499686383226,2015-09-27
"rho_total_t",40,0.0261575370760988,0.0485893857589787,0.0632730401648194,0.0705330303293537,0.0926747832954923,2015-10-04
"rho_total_t",41,0.0263293156690215,0.0486764592601286,0.063391844666059,0.0707647303198085,0.0927858145100676,2015-10-11
"rho_total_t",42,0.0265022365544842,0.0488065033486381,0.0636320109303884,0.0709177581117147,0.0928969795107741,2015-10-18
"rho_total_t",43,0.0266763067897459,0.0488462323825494,0.0639619126229381,0.0710667358051146,0.0930082783514013,2015-10-25
"rho_total_t",44,0.0268515334625219,0.0488859904381862,0.0641003653391481,0.07118643539634,0.0931197110852627,2015-11-01
"rho_total_t",45,0.0270253252566402,0.0489257775312895,0.0642402083800473,0.0712972366142247,0.0932312777651931,2015-11-08
"rho_total_t",46,0.0271587177246852,0.0489941043431767,0.0644075174057268,0.0714081847020468,0.0933429784435477,2015-11-15
"rho_total_t",47,0.0272884891548146,0.0491771009113734,0.0645857847784058,0.0715192797680356,0.0934570820540821,2015-11-22
"rho_total_t",48,0.0274188461932954,0.049310827591311,0.0647026220932273,0.0716629437254311,0.0935750063449409,2015-11-29
"rho_total_t",49,0.0275497911525638,0.0495403140202794,0.0648131476903957,0.0717775184632218,0.0936734470118459,2015-12-06
"rho_total_t",50,0.0276976647219977,0.0497952594228849,0.0649238351660259,0.0719083238350703,0.0937472513145386,2015-12-13
"rho_total_t",51,0.0278948528691285,0.0500310043270586,0.065175797113682,0.0720187280940187,0.0938823234067268,2015-12-20
"rho_total_t",52,0.0280914940256303,0.0502362341391774,0.0654478843726181,0.0721505346598155,0.0940175723323964,2015-12-27
"rho_total_t",53,0.0282895872949048,0.0504311337479224,0.0656568189001629,0.0722825490581079,0.094156209586971,2016-01-03
"rho_total_t",54,0.0285041588212018,0.0506633907501471,0.0658458126288303,0.0724060847800904,0.0942973348613952,2016-01-10
"rho_total_t",55,0.0287342584997888,0.0508895000328742,0.0660409323414888,0.0725124412123953,0.094438649795302,2016-01-17
"rho_total_t",56,0.028921294308608,0.0510778029677553,0.0661637280165478,0.0726189347156163,0.0945801544628413,2016-01-24
"rho_total_t",57,0.0291096010026599,0.0512539871027315,0.0663370165062586,0.0727255653876818,0.0947218489373349,2016-01-31
"rho_total_t",58,0.029299186635867,0.0514695591014741,0.0664296419771213,0.0728323333263116,0.0948637332912735,2016-02-07
"rho_total_t",59,0.0294988562443825,0.0517452660591309,0.066523452995644,0.0729392386290159,0.095005807596313,2016-02-14
"rho_total_t",60,0.029694891161585,0.0519442697322251,0.0666595865391756,0.0730955241100365,0.0951480719232719,2016-02-21
"rho_total_t",61,0.0298785096278177,0.0521923609380088,0.066768485342473,0.0732802858448593,0.0952905263421272,2016-02-28
"rho_total_t",62,0.0300686612525786,0.052343222046732,0.067063073451624,0.0733129471618471,0.0954331709220116,2016-03-06
"rho_total_t",63,0.0302600759080648,0.0525823311610512,0.067469832818616,0.0733862746541917,0.0955760057312102,2016-03-13
"rho_total_t",64,0.0304146117991612,0.0526582825401613,0.0677355991960951,0.0734422761226053,0.0957190308371568,2016-03-20
"rho_total_t",65,0.0305419794842188,0.0527579644523636,0.0678534140655148,0.0736334873987623,0.0958622463064313,2016-03-27
"rho_total_t",66,0.0306698477389147,0.0529834998959467,0.0680027431294966,0.0739321113911981,0.0960056522047556,2016-04-03
"rho_total_t",67,0.0307982182518528,0.0532208300886578,0.068152356946114,0.0742870394558624,0.0961492485969911,2016-04-10
"rho_total_t",68,0.0309270927149666,0.0533872123264503,0.0682676448548694,0.0746488838339375,0.0962930355471346,2016-04-17
"rho_total_t",69,0.0310564728235048,0.0534089337765197,0.068393776693515,0.0749803755362999,0.096504994934456,2016-04-24
"rho_total_t",70,0.0311863602760159,0.0534346377511193,0.0684923211582733,0.0751823698400394,0.0967233563003698,2016-05-01
"rho_total_t",71,0.0313167567743326,0.0536173104381104,0.0685909974844072,0.0754822482715525,0.0969421030297663,2016-05-08
"rho_total_t",72,0.0314476640235562,0.0537070285283072,0.0687598626527277,0.0758208847642571,0.0971610571772341,2016-05-15
"rho_total_t",73,0.031579083732041,0.0538349671914479,0.0689306357357304,0.076063522611065,0.0973708054263624,2016-05-22
"rho_total_t",74,0.0317110176113777,0.0539867248257317,0.0690381277489226,0.076495001969709,0.097580910418932,2016-05-29
"rho_total_t",75,0.0319100859458522,0.0542013715936251,0.0691320434569468,0.0768890525968679,0.0977913722946866,2016-06-05
"rho_total_t",76,0.0321348382444564,0.0544486460220728,0.0692260832245632,0.0770044593502088,0.0980021911910645,2016-06-12
"rho_total_t",77,0.0323533086099809,0.0547091947723286,0.0693202471542967,0.0773431639384025,0.098213367243189,2016-06-19
"rho_total_t",78,0.0325721579868546,0.0549708431471381,0.0694145353484774,0.0775788224543831,0.0984249005838579,2016-06-26
"rho_total_t",79,0.0327926367118576,0.0552335943771722,0.0695089479092386,0.0777522438621481,0.0986587771143487,2016-07-03
"rho_total_t",80,0.0330147561556841,0.0554974516888843,0.0696034849385156,0.0780886103587663,0.0989056779413933,2016-07-10
"rho_total_t",81,0.0331749710595305,0.0557624183043471,0.0696981465380448,0.0784363768741664,0.0991530885354433,2016-07-17
"rho_total_t",82,0.0332916759169968,0.0560284974410885,0.069792932809362,0.078649488797218,0.0994010091210816,2016-07-24
"rho_total_t",83,0.0334087716401798,0.0562956923119267,0.0699366320110028,0.0788046982441538,0.0996494399172445,2016-07-31
"rho_total_t",84,0.0335262593545586,0.0565640061248028,0.0700852187756646,0.0790025576584629,0.0998983811371894,2016-08-07
"rho_total_t",85,0.0336441401873349,0.0568334420826138,0.0702298199738439,0.0794177976286411,0.100147832988464,2016-08-14
"rho_total_t",86,0.0337624152674225,0.0570767888589803,0.0703506626529363,0.0798228909061261,0.100397795672873,2016-08-21
"rho_total_t",87,0.0338810857254371,0.0571977273435315,0.0704717056821798,0.0800074257466378,0.100648269386448,2016-08-28
"rho_total_t",88,0.0340001526936854,0.0572873003852076,0.0705929492652028,0.0801824025534358,0.100905225888894,2016-09-04
"rho_total_t",89,0.0341196173061548,0.0573328068757493,0.0707143936051093,0.0804471941766307,0.101163722720008,2016-09-11
"rho_total_t",90,0.0342394806985017,0.0573783456802807,0.0708572319397964,0.0806684342310088,0.101393259250155,2016-09-18
"rho_total_t",91,0.0343597440080415,0.0574239168146818,0.0709828427557122,0.0809513633187759,0.101589061005578,2016-09-25
"rho_total_t",92,0.0344804083737365,0.057469520294827,0.0711072740675615,0.0811651253935019,0.101785149584175,2016-10-02
"rho_total_t",93,0.0346014749361852,0.057520861378506,0.0711958561060397,0.0814526588328353,0.101981525049424,2016-10-09
"rho_total_t",94,0.0347229448376107,0.0575888966334997,0.0712521686542697,0.0817124097276402,0.102178187463321,2016-10-16
"rho_total_t",95,0.0348448192218489,0.0576368003738567,0.0713085258922617,0.0819728725811051,0.102306764527084,2016-10-23
"rho_total_t",96,0.0349670992343373,0.0576902129342383,0.0713649278417044,0.082234048270993,0.102415022810502,2016-10-30
"rho_total_t",97,0.0350897860221026,0.0577436694242473,0.0714213745242575,0.0824299068449705,0.102523408896374,2016-11-06
"rho_total_t",98,0.035212880733749,0.057797169868511,0.0714778659615519,0.0826202455040689,0.102733597301005,2016-11-13
"rho_total_t",99,0.0353363845194463,0.0579969905103483,0.0715549004622184,0.0827696680865093,0.102955975373413,2016-11-20
"rho_total_t",100,0.0354602985309169,0.0582748988871348,0.0716339182436997,0.0829100139393542,0.103178723748556,2016-11-27
"rho_total_t",101,0.0355846239214242,0.0585691354153268,0.0717130093954705,0.0830502699231896,0.103401842506217,2016-12-04
"rho_total_t",102,0.0357093618457594,0.0588646712759324,0.0718782853646626,0.0832158925638711,0.103625331723467,2016-12-11
"rho_total_t",103,0.0358345134602294,0.0591615102907678,0.0719823387634474,0.0833322453553881,0.103818219474585,2016-12-18
"rho_total_t",104,0.0359600799226433,0.059459656272944,0.0720895319441308,0.0834576548511064,0.103976938795212,2016-12-25
"rho_total_t",105,0.0360842303000055,0.0597591130266138,0.0722219311841265,0.0835699844176764,0.10413584612641,2017-01-01
"rho_total_t",106,0.0362147888845572,0.0600598843467166,0.0723184214895973,0.0837458020410256,0.104294941493682,2017-01-08
"rho_total_t",107,0.0363687559455231,0.0603619740187216,0.0724208702746706,0.0839296725552957,0.104454224921797,2017-01-15
"rho_total_t",108,0.0365278195745513,0.0606526753284691,0.0725618383986474,0.0841086605351326,0.104613696434788,2017-01-22
"rho_total_t",109,0.0366871187295043,0.0607347596124271,0.0726454257747853,0.0842746955223751,0.104774129350537,2017-01-29
"rho_total_t",110,0.0368461376686099,0.0608171230225741,0.0727505185071635,0.0844409972274195,0.104936887591018,2017-02-05
"rho_total_t",111,0.0370057975945493,0.0610216016582143,0.0728463645275371,0.0846075658250433,0.105099840671786,2017-02-12
"rho_total_t",112,0.037166100641117,0.0612705058558727,0.0729423276920565,0.0847744014890422,0.105262988614968,2017-02-19
"rho_total_t",113,0.0373315946259855,0.0615606533678619,0.0730575577098452,0.0850070427323208,0.105468965119073,2017-02-26
"rho_total_t",114,0.0374986919486942,0.0618519933459187,0.0732043039222418,0.0853048058547678,0.105748910793019,2017-03-05
"rho_total_t",115,0.0376664805500418,0.0621445289352569,0.0733289114672578,0.0855485894807492,0.106037468645075,2017-03-12
"rho_total_t",116,0.037834962769605,0.0624382632721292,0.0734067308406972,0.0857929964531903,0.106326671168391,2017-03-19
"rho_total_t",117,0.0380041409501069,0.062733199483621,0.0734983601420598,0.0860380274577568,0.106616518469853,2017-03-26
"rho_total_t",118,0.0381740174373727,0.0629100647493257,0.073599674679747,0.0862836831719614,0.106907010645836,2017-04-02
"rho_total_t",119,0.0383445945802851,0.0630948177929437,0.0737102627913605,0.0864734482535065,0.10714689173098,2017-04-09
"rho_total_t",120,0.0384893635301547,0.0631335971087459,0.0738584499361598,0.0867076425103525,0.107304278854446,2017-04-16
"rho_total_t",121,0.0386063523011199,0.0631723994897623,0.0739837599146732,0.0869891616263778,0.107461845321646,2017-04-23
"rho_total_t",122,0.0387326797728183,0.0632714846536214,0.0741597445193705,0.0872714695209192,0.107668746712329,2017-04-30
"rho_total_t",123,0.0389044368033707,0.063444529272136,0.0743456343835925,0.0875545670441425,0.107935604413597,2017-05-07
"rho_total_t",124,0.0390768543580296,0.063686320794721,0.0745319207795322,0.0878228117349084,0.108219475496209,2017-05-14
"rho_total_t",125,0.0392305164745853,0.0639614944127837,0.074623353046787,0.0880147099483354,0.108550042700449,2017-05-21
"rho_total_t",126,0.0394040036002397,0.0642376941739411,0.0746803990901494,0.0882070001682206,0.108854871307648,2017-05-28
"rho_total_t",127,0.0395827540992511,0.0645149224530247,0.0748658347655665,0.0884578691681209,0.109163958741646,2017-06-04
"rho_total_t",128,0.0397622517905584,0.0647931816172557,0.0749986339253491,0.0887584449208309,0.109347905839822,2017-06-11
"rho_total_t",129,0.0399424991936806,0.0650724740261024,0.075186045242669,0.0890573926571144,0.109615523178088,2017-06-18
"rho_total_t",130,0.0401234988309408,0.0653528020311377,0.0753512166163035,0.0892630741955095,0.110103573266502,2017-06-25
"rho_total_t",131,0.0403035941501002,0.0656341679758954,0.0755411113343817,0.089441579108269,0.110472579861924,2017-07-02
"rho_total_t",132,0.0404817015653503,0.0659165741957255,0.0756834810222314,0.0896052638718527,0.110804826818088,2017-07-09
"rho_total_t",133,0.0406605306891311,0.0662000230176493,0.0757769939038861,0.0897691865976767,0.11131984525685,2017-07-16
"rho_total_t",134,0.0408400838573984,0.0664845167602134,0.0758750463222782,0.0899333474017484,0.112030089940761,2017-07-23
"rho_total_t",135,0.0410203634083589,0.0667700577333425,0.0760392459303505,0.0900977463992292,0.112561709977892,2017-07-30
"rho_total_t",136,0.0412013716824188,0.0670566482381921,0.0762361313683177,0.0902623837044308,0.113297302488391,2017-08-06
"rho_total_t",137,0.0413831110221311,0.0673442905670003,0.0764434220223633,0.0904272594308125,0.113871974137876,2017-08-13
"rho_total_t",138,0.0415655837721432,0.067632987002938,0.076692642647436,0.0905856132708913,0.114343617338366,2017-08-20
"rho_total_t",139,0.0417487922791431,0.0679227398199598,0.0768640888109262,0.0907154789611112,0.114941770053863,2017-08-27
"rho_total_t",140,0.0419327388918056,0.0682135512826525,0.076917993686394,0.0908455143503861,0.1155558475699,2017-09-03
"rho_total_t",141,0.0421174259607375,0.0685054236460842,0.0769945039721184,0.0909757195129484,0.116067147012871,2017-09-10
"rho_total_t",142,0.0423028558384228,0.0687983591556517,0.0772705494700523,0.0910801743361087,0.116590761523553,2017-09-17
"rho_total_t",143,0.0424890308791664,0.069092360046928,0.0774425659831135,0.0911555701659566,0.117120608909408,2017-09-24
"rho_total_t",144,0.0426759534390384,0.0693894922974809,0.0776369833083993,0.0913505716459337,0.117660634417072,2017-10-01
"rho_total_t",145,0.0428636258758165,0.0695590351814116,0.077842427377795,0.0915459047175288,0.11820251761757,2017-10-08
"rho_total_t",146,0.0430520505489292,0.0696825866995951,0.0780216390135343,0.0917415695571518,0.118758502768091,2017-10-15
"rho_total_t",147,0.0432412298193968,0.0698064156919565,0.0782011924405144,0.0919274838638246,0.119433785368655,2017-10-22
"rho_total_t",148,0.0434311660497737,0.0699305226193118,0.0783810879722893,0.0921004891316684,0.120128203334617,2017-10-29
"rho_total_t",149,0.0436218616040883,0.0700549079406251,0.0785238311411036,0.0922737532736304,0.120825445013179,2017-11-05
"rho_total_t",150,0.0438133188477833,0.0701839223379617,0.0786747115266688,0.0924299696016498,0.121525507712044,2017-11-12
"rho_total_t",151,0.0440055401476553,0.0704053920129278,0.078880251517195,0.0925576805890119,0.122228388555313,2017-11-19
"rho_total_t",152,0.0441985278717938,0.070632374543096,0.079047395969831,0.0926398066348535,0.122923072260612,2017-11-26
"rho_total_t",153,0.0443922843895191,0.0709158747213294,0.0791891450023909,0.0927220078089545,0.123557118707698,2017-12-03
"rho_total_t",154,0.0445868120713201,0.0711596692771863,0.0793311091071185,0.0928042841361624,0.124104699138144,2017-12-10
"rho_total_t",155,0.0447821132887913,0.0714359022837584,0.079486476561008,0.0928866356411253,0.124702677343513,2017-12-17
"rho_total_t",156,0.0449781904145697,0.0716927044235191,0.0796378984148046,0.0929690623482899,0.125398516799587,2017-12-24
"rho_total_t",157,0.0451875692091535,0.0719457319894325,0.0797649794751793,0.0930515642819019,0.126046184493435,2017-12-31
"rho_total_t",158,0.0453986166425901,0.0720974373224649,0.0800121639523559,0.0932129009366283,0.12669853149049,2018-01-07
"rho_total_t",159,0.0456105554757896,0.0725542643097427,0.0802157960932779,0.0934101737249249,0.127413994831448,2018-01-14
"rho_total_t",160,0.0458233885891178,0.0727685639672709,0.080488292285508,0.0936077758177358,0.128143514821367,2018-01-21
"rho_total_t",161,0.0460371188638784,0.0730128983211925,0.0807208704528382,0.0938057073710439,0.128875840575668,2018-01-28
"rho_total_t",162,0.0462517491822207,0.0733149844523354,0.0809433583014885,0.0940039685390706,0.129610967212455,2018-02-04
"rho_total_t",163,0.0464672824270471,0.0736233723250486,0.0811408436703439,0.0942025594742688,0.130348889651329,2018-02-11
"rho_total_t",164,0.0466837214819194,0.0739499086540045,0.0813226247861552,0.0944014803273146,0.131089602612388,2018-02-18
"rho_total_t",165,0.0469010692309638,0.0741814227079383,0.0815048151685489,0.0946007312471002,0.131833100615237,2018-02-25
"rho_total_t",166,0.0471193285587759,0.0743533735349352,0.0817774612787719,0.0948003123807254,0.132579377978026,2018-03-04
"rho_total_t",167,0.0473385023503238,0.0745636379924313,0.0819704020344575,0.0950002238734904,0.133328428816516,2018-03-11
"rho_total_t",168,0.0475585934908505,0.0746449690645515,0.0822092462752038,0.0952004658688879,0.134080247043155,2018-03-18
"rho_total_t",169,0.0477796048657763,0.0747465180546648,0.0823784711685267,0.0954010385085955,0.134834826366189,2018-03-25
"rho_total_t",170,0.0480015393605985,0.0748057932746709,0.0825006382284282,0.0956019419324678,0.135592160288793,2018-04-01
"rho_total_t",171,0.0482243998607919,0.0751415968410888,0.0826737862104735,0.0958031762785285,0.136352242108226,2018-04-08
"rho_total_t",172,0.0484481892517073,0.075491602838666,0.0830829773483222,0.0960047416829633,0.13711506491501,2018-04-15
"rho_total_t",173,0.0486729104184694,0.07567906811495,0.0832778130770304,0.0961954153373808,0.137880621592141,2018-04-22
"rho_total_t",174,0.0488985662458736,0.0758816102578156,0.0835025735494428,0.0963742563850118,0.138648904814314,2018-04-29
"rho_total_t",175,0.0491251596182823,0.0761699819143587,0.0837944556403431,0.0966479834697129,0.139419907047183,2018-05-06
"rho_total_t",176,0.0493526934195194,0.0763608388060438,0.0839325731809809,0.0968680308775456,0.14019362054665,2018-05-13
"rho_total_t",177,0.0495811705327647,0.076418004138467,0.0840995782228596,0.0970568286549912,0.14097003735817,2018-05-20
"rho_total_t",178,0.049810593840447,0.0766385960743433,0.0842249271422505,0.0971372132017731,0.141749149316095,2018-05-27
"rho_total_t",179,0.0500409662241358,0.076989133323218,0.0844007326378087,0.0972439062017522,0.142530948043037,2018-06-03
"rho_total_t",180,0.0502722905644329,0.0771678752145466,0.0846958182726313,0.0975550794725323,0.143315424949267,2018-06-10
"rho_total_t",181,0.0505045697408624,0.0773298568218867,0.0850690764034157,0.0976858412799853,0.144102571232135,2018-06-17
"rho_total_t",182,0.05073780663176,0.0774602971639876,0.0854133069324757,0.0978933568943232,0.144892377875529,2018-06-24
"rho_total_t",183,0.0509691395953902,0.0775848243284615,0.0857168863044595,0.0981782681036625,0.145679741646405,2018-07-01
"rho_total_t",184,0.0511055230930192,0.0778617526986399,0.0860008461271756,0.0985878186856437,0.146461228836905,2018-07-08
"rho_total_t",185,0.0512405010285165,0.0781744632232557,0.0861156498152361,0.0988801607139138,0.147244643407382,2018-07-15
"rho_total_t",186,0.0513670639297318,0.0783428446028559,0.0862305854702653,0.0993600352515532,0.148029651860679,2018-07-22
"rho_total_t",187,0.0514941098053127,0.0784962386842847,0.0863935002541033,0.099841686527612,0.148817175414673,2018-07-29
"rho_total_t",188,0.0516216400967169,0.078572037621997,0.086499923636597,0.100260422205218,0.149607204343042,2018-08-05
"rho_total_t",189,0.0517496562444262,0.0787089771381289,0.086658344764607,0.100635768604033,0.150399728718631,2018-08-12
"rho_total_t",190,0.0519599365599965,0.0788166123314111,0.0868568378657783,0.100777381622873,0.151194738413179,2018-08-19
"rho_total_t",191,0.0521622826709718,0.0789382238376661,0.0871137652978609,0.100919154036285,0.151992223097066,2018-08-26
"rho_total_t",192,0.0522860064314201,0.0790054102943464,0.0873151948953715,0.101177815373087,0.152792172239104,2018-09-02
"rho_total_t",193,0.0524101473097406,0.0790714547732742,0.0876565999318829,0.101469858202002,0.153594575106345,2018-09-09
"rho_total_t",194,0.0525347063951342,0.0791719197632079,0.0881432865753172,0.101699779154146,0.154399420763924,2018-09-16
"rho_total_t",195,0.0526596847760847,0.0792451684109234,0.0884663184771664,0.101864467486028,0.155206698074933,2018-09-23
"rho_total_t",196,0.0527850835403231,0.0793246477335992,0.0885913474081912,0.101990414138909,0.156016395700325,2018-09-30
"rho_total_t",197,0.0529013608284906,0.0793919251803524,0.0887682597218803,0.10228390274121,0.156828502098849,2018-10-07
"rho_total_t",198,0.0530178876339602,0.0794681082433563,0.0890669729154267,0.102626727252567,0.157643005527014,2018-10-14
"rho_total_t",199,0.053134798672777,0.0795456972180827,0.0893901668620017,0.102873416894302,0.158459894039088,2018-10-21
"rho_total_t",200,0.0532809934435653,0.0796233483800456,0.0897762887629525,0.103098773003148,0.159279155487128,2018-10-28
"rho_total_t",201,0.0534970462775516,0.0797010617522917,0.0901328047076169,0.103287675143924,0.160100777521038,2018-11-04
"rho_total_t",202,0.0536343133169311,0.0797929350931231,0.0904941245569934,0.103707361347936,0.160924747588667,2018-11-11
"rho_total_t",203,0.0537720060322606,0.0800187257867313,0.0908845004097259,0.104102834509143,0.161751052935929,2018-11-18
"rho_total_t",204,0.0539101254630668,0.0802455538898913,0.0912764552697525,0.104299994424788,0.162579680606967,2018-11-25
"rho_total_t",205,0.0540486726479738,0.080401745833044,0.091742138316007,0.10449743392099,0.163410617444342,2018-12-02
"rho_total_t",206,0.0541564368163784,0.0805275334795119,0.092043991629595,0.10479055767746,0.164243850089257,2018-12-09
"rho_total_t",207,0.0541909184251776,0.0806786760039338,0.0922635030093569,0.105108447620523,0.165079364981817,2018-12-16
"rho_total_t",208,0.0542368819517766,0.0808430474775332,0.0926574038029443,0.105379623697939,0.16591714836132,2018-12-23
"rho_total_t",209,0.0542671358633205,0.0809151130166587,0.092846914694184,0.10571838943572,0.166757186266581,2018-12-30
"expected_reported_cases",1,0.0207412111423932,0.096455712304027,0.212613731635522,0.401566765026001,1.22644688288035,2015-01-04
"expected_reported_cases",2,0.0218230035608436,0.113736067602288,0.271736300347963,0.517036518779748,1.64422046597904,2015-01-11
"expected_reported_cases",3,0.0200073535852732,0.107589017800958,0.229694952190936,0.468142542373836,1.489424957683,2015-01-18
"expected_reported_cases",4,0.0152696337179678,0.0880777081928575,0.240532738451565,0.557101693548262,1.47039113227395,2015-01-25
"expected_reported_cases",5,0.0182270392210269,0.100049883314753,0.225479300043051,0.452325751522659,2.59331784992662,2015-02-01
"expected_reported_cases",6,0.0200939299826076,0.126193739181817,0.35524299120808,0.806334828448044,2.79507393753334,2015-02-08
"expected_reported_cases",7,0.0432166432886512,0.260763384331895,0.727953465719503,1.43384869366403,3.07869152189641,2015-02-15
"expected_reported_cases",8,0.0186707120344372,0.170483355384613,0.49147915749352,1.06744547375434,2.82584238672104,2015-02-22
"expected_reported_cases",9,0.426643231786837,0.708344261608759,0.954443943440822,1.21809886653433,1.83276164803018,2015-03-01
"expected_reported_cases",10,0.517276272084396,0.820006961163699,0.998104807535547,1.25116156359089,1.77503060908282,2015-03-08
"expected_reported_cases",11,0.595810021828933,0.859803698175942,1.09947577430579,1.35366487631397,1.87201184991152,2015-03-15
"expected_reported_cases",12,0.623989302931118,0.936816649557154,1.15771133178153,1.4592241888286,2.08055558425951,2015-03-22
"expected_reported_cases",13,0.657915993461316,1.0043308088273,1.22547758864712,1.52131740823088,2.26269635674586,2015-03-29
"expected_reported_cases",14,0.678085645863161,1.0506783829713,1.26396476114092,1.61684471591895,2.335791850861,2015-04-05
"expected_reported_cases",15,0.65966150779396,1.05789946693351,1.31083709201984,1.5913028718485,2.29878581884045,2015-04-12
"expected_reported_cases",16,0.6843059124525,1.04259088656695,1.30733936796832,1.58316946346505,2.2933443004802,2015-04-19
"expected_reported_cases",17,0.687619270597174,0.98365388609756,1.24828422863835,1.52141294892939,2.19825990770445,2015-04-26
"expected_reported_cases",18,0.625156738848583,0.874380349769136,1.1360150698688,1.37076092596986,1.96355669160426,2015-05-03
"expected_reported_cases",19,0.552092868685624,0.816793676087258,1.02789324897845,1.25830672661908,1.7217039530221,2015-05-10
"expected_reported_cases",20,0.469936553823309,0.693802875750683,0.845219706060889,1.0493969766218,1.4417120181426,2015-05-17
"expected_reported_cases",21,0.388524526494874,0.577347753516524,0.709036418748749,0.865853333297808,1.29568675815381,2015-05-24
"expected_reported_cases",22,0.302264298683216,0.471196426257883,0.589244513615439,0.726470968248601,1.0643142400039,2015-05-31
"expected_reported_cases",23,0.223913769353525,0.369739706510255,0.451521367138627,0.578018325814304,0.90391267842923,2015-06-07
"expected_reported_cases",24,0.190802150855523,0.303980344083666,0.35976765893528,0.459229975256868,0.739784649110658,2015-06-14
"expected_reported_cases",25,0.139245975764784,0.227355947951304,0.284328687233739,0.381860943993128,0.562919640236134,2015-06-21
"expected_reported_cases",26,0.109505470179372,0.175755102383171,0.228852960203311,0.300310433024604,0.474078282030744,2015-06-28
"expected_reported_cases",27,0.0804621218293925,0.135536945576754,0.178798031118376,0.242333924214931,0.394002163123153,2015-07-05
"expected_reported_cases",28,0.0621193119971539,0.107506704076013,0.147331836280716,0.202782817501676,0.322668635306938,2015-07-12
"expected_reported_cases",29,0.0416024368275302,0.0843339176649017,0.118338325478904,0.168701778441759,0.293832965646376,2015-07-19
"expected_reported_cases",30,0.0377127161251915,0.0668018792931496,0.09624439573837,0.143311999681262,0.23971999676,2015-07-26
"expected_reported_cases",31,0.0280453790077105,0.0557330326738904,0.079453098951954,0.127808049892802,0.22659287154837,2015-08-02
"expected_reported_cases",32,0.0213562821438276,0.0454794373167175,0.0670823355778713,0.114886449786491,0.2147663189128,2015-08-09
"expected_reported_cases",33,0.0178800606593365,0.0388582751816741,0.0595256488362916,0.101596621110856,0.187776277833231,2015-08-16
"expected_reported_cases",34,0.0158314552714389,0.0348569802980885,0.0531726744330386,0.0928522144309231,0.192508595526845,2015-08-23
"expected_reported_cases",35,0.0138316262650245,0.0328306237091684,0.0499408875224127,0.0841611880841694,0.190717049571971,2015-08-30
"expected_reported_cases",36,0.0127834991320998,0.0313192970668507,0.0485734205464156,0.0799817244930426,0.187624275523315,2015-09-06
"expected_reported_cases",37,0.0137637730160961,0.030079793003294,0.0498488481385356,0.0768206826791286,0.196020271047716,2015-09-13
"expected_reported_cases",38,0.0155091582584491,0.0311773424919186,0.0495877243832894,0.0793129211632278,0.228308614945195,2015-09-20
"expected_reported_cases",39,0.0172801175558218,0.035368530589085,0.0527226696727789,0.0820711596898119,0.237433242207232,2015-09-27
"expected_reported_cases",40,0.0198226809939909,0.039817569404185,0.0571532228544154,0.0903458603036179,0.266194481622507,2015-10-04
"expected_reported_cases",41,0.0234287891816035,0.0444600654389847,0.0652691940224053,0.10034640911924,0.281673584574472,2015-10-11
"expected_reported_cases",42,0.0297576445532297,0.0536045123465854,0.0784777467380984,0.118767624682651,0.294297288827369,2015-10-18
"expected_reported_cases",43,0.0346101434430035,0.0683598418333782,0.0996350982301617,0.147017512993187,0.317933472255662,2015-10-25
"expected_reported_cases",44,0.047546275638317,0.0914851188033566,0.131462726820903,0.185779640345103,0.38389752311544,2015-11-01
"expected_reported_cases",45,0.0706350760533826,0.12061704267972,0.17034410286638,0.237953561103808,0.429019209281752,2015-11-08
"expected_reported_cases",46,0.0984214668949757,0.159643731616137,0.231617227214167,0.313176510142805,0.514828737809928,2015-11-15
"expected_reported_cases",47,0.147610401066738,0.233702764628726,0.32553548333115,0.433551126399797,0.652112417480908,2015-11-22
"expected_reported_cases",48,0.204149242827928,0.330337867906202,0.459585434322304,0.604119363143131,0.900703851379586,2015-11-29
"expected_reported_cases",49,0.283316547068711,0.500185385572289,0.627507553821965,0.87052073202009,1.29614189519956,2015-12-06
"expected_reported_cases",50,0.411496352121082,0.750649349109897,0.924115545275765,1.19009885499008,1.85479601724408,2015-12-13
"expected_reported_cases",51,0.578511196482751,1.08370130620469,1.27564129801143,1.65660190225712,2.32131999507144,2015-12-20
"expected_reported_cases",52,1.04628841014903,1.5387034148322,1.91751555481992,2.28818009048565,3.2537540911437,2015-12-27
"expected_reported_cases",53,1.67720194529511,2.3153560626408,2.82305457470644,3.29209257784676,4.66042045987597,2016-01-03
"expected_reported_cases",54,2.65341779598975,3.52590802580194,4.09120104537524,4.7808449887199,6.27876556552712,2016-01-10
"expected_reported_cases",55,3.90742023567746,4.95427797810895,5.64656717383443,6.37825890771883,8.24119421246377,2016-01-17
"expected_reported_cases",56,5.59955603799482,6.95816783209676,7.85223652869848,9.08379081238657,11.0012252768253,2016-01-24
"expected_reported_cases",57,8.57886613431227,10.5658249436377,11.7038112823021,13.1547594998511,16.1803223721266,2016-01-31
"expected_reported_cases",58,10.3771907054461,13.0670824346984,14.5822006877047,15.97372311589,19.1036181907089,2016-02-07
"expected_reported_cases",59,15.8469456237509,19.9485089967034,21.9681399482088,24.017190406015,28.0321309175553,2016-02-14
"expected_reported_cases",60,24.065325070414,28.8867041664921,31.6610005328285,34.2111618061756,41.0254194976997,2016-02-21
"expected_reported_cases",61,42.9536740024085,48.9720726759392,53.4035014995346,57.9406664893995,66.2377640840827,2016-02-28
"expected_reported_cases",62,73.1393986858897,83.8841531117513,90.2230190348358,96.9379767818144,109.39790490442,2016-03-06
"expected_reported_cases",63,106.242593141218,119.070218536857,125.572855776295,134.940003430357,149.81645664966,2016-03-13
"expected_reported_cases",64,146.387680574937,163.434458600579,175.032996784116,188.092273696142,207.443903504689,2016-03-20
"expected_reported_cases",65,204.156456211094,229.673495847565,245.692363786186,259.419756723812,284.669430147134,2016-03-27
"expected_reported_cases",66,294.053503894623,333.156416007937,349.441237941817,368.725100744882,422.786677310252,2016-04-03
"expected_reported_cases",67,425.540682031243,469.943619656747,499.133735740772,525.628043021403,593.369922357504,2016-04-10
"expected_reported_cases",68,609.632362527811,670.171099887522,712.67284655383,757.796504871935,852.204642420261,2016-04-17
"expected_reported_cases",69,901.350651653669,997.361259828584,1052.32775671141,1118.56603897763,1232.99273123368,2016-04-24
"expected_reported_cases",70,1293.50980992465,1405.74070350451,1477.93485964765,1565.1652556056,1765.10659372431,2016-05-01
"expected_reported_cases",71,1593.78693337491,1782.59491181526,1891.27914307594,2006.90442235882,2202.7495726025,2016-05-08
"expected_reported_cases",72,1638.77028488742,1877.28103639883,1989.74749537048,2121.95985431119,2398.50391293819,2016-05-15
"expected_reported_cases",73,1774.28374626501,1974.56264245054,2083.71221039342,2210.16672230814,2520.79724436764,2016-05-22
"expected_reported_cases",74,1884.293810181,2037.30595688972,2176.18820551185,2294.70068777103,2593.47763101318,2016-05-29
"expected_reported_cases",75,1726.91405822248,1901.98922494634,2011.3965745712,2153.0296026219,2458.34574423386,2016-06-05
"expected_reported_cases",76,1544.28868707161,1737.32722806223,1856.13071736939,1953.60038508619,2226.36107065445,2016-06-12
"expected_reported_cases",77,1304.70403390649,1489.72242726711,1592.70912016247,1703.13414516379,1899.61900009903,2016-06-19
"expected_reported_cases",78,1219.55675818542,1354.51959889797,1438.70106052928,1516.70745411999,1684.73368362953,2016-06-26
"expected_reported_cases",79,1075.34703766134,1194.22581203815,1274.48747613617,1368.89726666847,1544.59979964205,2016-07-03
"expected_reported_cases",80,990.401183302342,1113.89700461673,1163.38780141219,1226.12775150408,1357.97251284424,2016-07-10
"expected_reported_cases",81,828.646627305113,917.736438395133,977.02643862113,1033.13310015171,1131.67723199146,2016-07-17
"expected_reported_cases",82,702.862049164462,789.011301430756,827.722884913806,884.315448518855,983.202381035917,2016-07-24
"expected_reported_cases",83,597.735630509542,662.484681132747,711.269740641727,750.830085923736,832.513590349228,2016-07-31
"expected_reported_cases",84,481.41675340572,543.427750411782,582.439195370534,624.691461079075,698.546909870142,2016-08-07
"expected_reported_cases",85,424.537100823905,470.670454292377,502.875327253558,536.288715638717,592.619327472421,2016-08-14
"expected_reported_cases",86,347.517372265399,398.843192366671,422.631086860542,450.112858290671,514.43577756085,2016-08-21
"expected_reported_cases",87,292.961298210315,331.052049668371,351.412903278273,375.659643410728,417.477757831735,2016-08-28
"expected_reported_cases",88,241.287739820524,269.209903477398,284.87948473012,304.429360858403,335.560170724425,2016-09-04
"expected_reported_cases",89,212.29429086689,240.783734053572,257.351831892158,274.117229229515,313.900899062909,2016-09-11
"expected_reported_cases",90,178.987389018862,204.323711397377,218.115059918146,231.887359547662,265.6339302751,2016-09-18
"expected_reported_cases",91,172.346895145715,191.451326184682,205.652681361532,222.172255294967,252.066758350928,2016-09-25
"expected_reported_cases",92,163.415231115081,183.530098437695,196.838627141779,209.169983606059,233.885310030229,2016-10-02
"expected_reported_cases",93,162.094159202856,184.015600469866,196.491068082913,209.205080283582,233.835119055998,2016-10-09
"expected_reported_cases",94,175.182616861221,198.371634866677,210.681461815373,221.542159869663,248.410647090083,2016-10-16
"expected_reported_cases",95,173.265756156069,196.505223151872,211.247999072663,224.240133352095,261.539035111592,2016-10-23
"expected_reported_cases",96,201.136658272934,232.17122246203,247.821669945068,265.382281100859,303.950937333632,2016-10-30
"expected_reported_cases",97,247.55203932611,273.073639543772,289.986310496621,305.412409775399,336.764195019725,2016-11-06
"expected_reported_cases",98,287.845138620318,320.344460130433,344.730037780925,366.725766887269,424.04759100214,2016-11-13
"expected_reported_cases",99,310.288856447381,356.641016575474,378.880998644612,404.036151172646,452.749985696541,2016-11-20
"expected_reported_cases",100,251.228522106985,277.388969923955,293.652080406199,311.874330443548,351.17813845749,2016-11-27
"expected_reported_cases",101,193.617795511358,215.677223579656,230.36483442174,243.041220785906,270.451141012414,2016-12-04
"expected_reported_cases",102,155.234725717226,173.561435461909,184.479904362486,198.953150652652,228.14369097523,2016-12-11
"expected_reported_cases",103,128.184857278144,147.532683583902,157.207280507204,165.217343006687,192.677238091407,2016-12-18
"expected_reported_cases",104,112.914486888588,131.243150094104,141.260371461681,152.27730521544,175.504317570369,2016-12-25
"expected_reported_cases",105,165.80302591326,188.939580728737,200.250754384463,211.079753601507,234.921946611136,2017-01-01
"expected_reported_cases",106,199.027434420604,222.639698384024,234.695942714017,251.87859029775,283.936392998963,2017-01-08
"expected_reported_cases",107,260.922103598718,286.839019207665,304.764002428373,322.104289064242,362.577152209698,2017-01-15
"expected_reported_cases",108,298.916974408269,333.912334752559,358.282864537416,382.481278392485,422.893910838497,2017-01-22
"expected_reported_cases",109,363.385439725738,413.622154858845,438.498757944885,467.842145371755,539.999675632578,2017-01-29
"expected_reported_cases",110,448.927813047482,518.088120466179,551.514834189243,583.080039488793,649.180103400989,2017-02-05
"expected_reported_cases",111,587.918789648064,649.722854003999,690.003408034111,730.585527559783,813.519163474924,2017-02-12
"expected_reported_cases",112,784.673643580503,880.476479071518,939.966115774753,995.313644088615,1108.29118502819,2017-02-19
"expected_reported_cases",113,1181.93317574585,1304.16133681349,1402.51510907569,1481.67038968112,1656.73921660202,2017-02-26
"expected_reported_cases",114,1735.93094606617,1940.22475725789,2044.49582627956,2151.99321510942,2474.61491956039,2017-03-05
"expected_reported_cases",115,2622.99491917322,2878.42113967764,3020.85093517802,3179.03891396654,3535.99675344538,2017-03-12
"expected_reported_cases",116,3545.94459538201,3915.87168965512,4091.87577543147,4332.68832957398,4759.25562687287,2017-03-19
"expected_reported_cases",117,5082.44034079895,5622.92820850957,5950.01116674632,6199.47784800586,6892.02847208115,2017-03-26
"expected_reported_cases",118,6148.25066368158,6967.74512893109,7330.00789300216,7728.65900206583,8555.88854819958,2017-04-02
"expected_reported_cases",119,7368.30069928349,8082.80237100005,8651.22945977903,9201.66472624518,10324.6105529846,2017-04-09
"expected_reported_cases",120,8425.95045034044,9127.01537694565,9637.33291306519,10176.5427734362,11445.8156473081,2017-04-16
"expected_reported_cases",121,7990.4138264987,8880.48928003002,9458.99864414995,10000.2292811123,11114.7505844431,2017-04-23
"expected_reported_cases",122,8566.19167100462,9345.47377478383,9933.69157219464,10432.6233635185,11820.0276296344,2017-04-30
"expected_reported_cases",123,7390.73221457675,8148.23192029277,8754.91888355419,9355.63237717588,10572.7371223991,2017-05-07
"expected_reported_cases",124,6491.99622743486,7264.60058344135,7745.7310153903,8118.91350132028,9097.01158019873,2017-05-14
"expected_reported_cases",125,4912.60448638465,5443.86503790379,5797.53890849693,6140.53901037675,6821.38080187725,2017-05-21
"expected_reported_cases",126,3827.2403698172,4320.5502108414,4555.7649687963,4802.04458157121,5441.29639993259,2017-05-28
"expected_reported_cases",127,2862.83225371554,3212.82467695244,3358.4028275804,3543.09207924512,4018.95773511314,2017-06-04
"expected_reported_cases",128,2052.17859251815,2279.1658780206,2420.22250501492,2577.71063995162,2934.86105606303,2017-06-11
"expected_reported_cases",129,1599.63029822711,1773.58098249727,1875.47720495148,1987.36504259861,2264.59107261336,2017-06-18
"expected_reported_cases",130,1261.13240056384,1395.33336024229,1486.00483760662,1593.38195892056,1765.93654048787,2017-06-25
"expected_reported_cases",131,1011.29799461347,1149.46531922685,1227.09007207326,1282.82617248403,1456.50119144354,2017-07-02
"expected_reported_cases",132,804.470436373384,896.588195487386,943.715511055258,998.714768481037,1122.44737595392,2017-07-09
"expected_reported_cases",133,653.667536768142,734.793355059942,781.219327664503,824.410535303237,913.81879902978,2017-07-16
"expected_reported_cases",134,515.14762812065,578.114923412929,612.13466542404,654.064171914969,763.151131407396,2017-07-23
"expected_reported_cases",135,408.092810275546,469.720153733384,499.595694641082,530.593546674971,611.373359956643,2017-07-30
"expected_reported_cases",136,310.512825121013,347.355858634884,372.808034669077,396.362588743098,454.167232551058,2017-08-06
"expected_reported_cases",137,251.069652367973,275.216697273281,290.302712333844,312.115835494605,349.372923111164,2017-08-13
"expected_reported_cases",138,173.157011062912,196.81030344503,210.232294931329,222.678856904426,250.923167189113,2017-08-20
"expected_reported_cases",139,127.641410747204,142.792595213393,153.777113456822,164.51348589575,188.413483904,2017-08-27
"expected_reported_cases",140,104.022895399177,119.423875769042,127.052441806236,134.554978151041,157.526244253523,2017-09-03
"expected_reported_cases",141,89.0911218402638,100.902408181909,107.933626460768,116.320513479132,134.659869304529,2017-09-10
"expected_reported_cases",142,75.1615497355034,85.8578505255288,91.3426358231602,98.931105678893,111.306348716658,2017-09-17
"expected_reported_cases",143,67.549397113497,75.3765490128548,80.4399323971249,86.2583908624807,96.3698181552954,2017-09-24
"expected_reported_cases",144,59.5020066336208,67.3266262642924,72.5256663346422,78.2216066071066,90.0870109526104,2017-10-01
"expected_reported_cases",145,46.9789223104919,54.6069070233779,58.6350979587828,63.3638250508623,73.1795931050797,2017-10-08
"expected_reported_cases",146,45.0667762462713,51.693451478584,55.2250304597827,60.165137092543,69.2332918567147,2017-10-15
"expected_reported_cases",147,42.8909820314571,49.0490383154979,53.0315685756021,57.5500189531284,67.2673657583803,2017-10-22
"expected_reported_cases",148,45.6810020130524,51.7738652774617,56.040497872006,61.0694650717791,72.7801454514962,2017-10-29
"expected_reported_cases",149,44.5545365402025,51.0099517540746,54.9691437014939,58.7713341832365,67.1354610753571,2017-11-05
"expected_reported_cases",150,38.628768620491,44.2064908060863,48.1452327715421,52.4725697458338,59.7656085968034,2017-11-12
"expected_reported_cases",151,33.915589516766,39.986588716136,43.2173587924993,46.5190254330868,56.5085620763905,2017-11-19
"expected_reported_cases",152,31.9009856417556,38.2504347815175,41.0256514997787,44.2184338050578,51.9410924943249,2017-11-26
"expected_reported_cases",153,31.3740321485003,36.5685036463911,39.4088340234345,42.5085833351762,48.4607897574477,2017-12-03
"expected_reported_cases",154,29.7583279864074,34.2447142834201,37.1919386873982,40.1048163827384,46.7223477472433,2017-12-10
"expected_reported_cases",155,25.2254432120745,29.5667508212846,32.1245315784181,34.8653837547932,40.2010994189095,2017-12-17
"expected_reported_cases",156,23.5404259013032,27.999087037081,30.9870396916693,33.6212279232081,39.7985187825009,2017-12-24
"expected_reported_cases",157,27.3888251300302,32.2869896873168,34.8316705575156,37.5928081857922,43.7715867985126,2017-12-31
"expected_reported_cases",158,29.0456539397521,34.5599849365068,37.2198923339317,41.0982637172224,49.1906079459056,2018-01-07
"expected_reported_cases",159,34.4126492205338,38.8592325220628,41.6639043827548,44.7427952474708,51.0691072925755,2018-01-14
"expected_reported_cases",160,35.2773456971915,40.3720105749582,43.7567188268758,47.4093178822635,54.1045314978856,2018-01-21
"expected_reported_cases",161,37.7951886352605,42.1960693324828,45.1390740101886,48.8177723155279,54.7694788212641,2018-01-28
"expected_reported_cases",162,37.7003693633376,43.3660747128205,46.2638676787636,50.8423608902146,59.8771963395088,2018-02-04
"expected_reported_cases",163,38.8574525598375,46.1504468052126,49.8731301262515,53.5079544693056,61.3451838471965,2018-02-11
"expected_reported_cases",164,43.8236684110371,49.9680763947141,54.1123989075585,58.0002293537953,66.9099549136164,2018-02-18
"expected_reported_cases",165,50.9461096064965,58.3015278100643,62.6485522472124,66.6351662072666,75.6416939536564,2018-02-25
"expected_reported_cases",166,48.4239255848131,55.4552615804676,59.6802896476268,64.4149485854685,74.9443986749368,2018-03-04
"expected_reported_cases",167,51.9158155305347,59.4362950284613,63.4780737470583,67.5760429390537,77.2671958587364,2018-03-11
"expected_reported_cases",168,47.3702169917398,54.3160247245255,58.927749149021,62.7354421823733,73.3202286786834,2018-03-18
"expected_reported_cases",169,48.0728429234155,54.4425887999363,58.7187216499499,63.8551400401305,71.9998092176882,2018-03-25
"expected_reported_cases",170,53.5526266522823,60.7101041272804,65.7798657367228,69.6413728633983,79.6886477340467,2018-04-01
"expected_reported_cases",171,51.8797562858876,59.2614284756764,63.5178426214665,67.9817805420756,79.4607555986424,2018-04-08
"expected_reported_cases",172,46.6801078213417,52.8532740353516,57.9756543352031,62.1074610055679,71.5266782454647,2018-04-15
"expected_reported_cases",173,35.9242557144383,42.0945980184303,45.3974072201021,48.5505231214136,56.9590368467423,2018-04-22
"expected_reported_cases",174,30.7297386727236,36.289066746133,39.345209199756,42.3795549277836,48.4535233057305,2018-04-29
"expected_reported_cases",175,25.4576842692072,30.4996493708868,33.3699984793957,36.0788959698139,42.1427549595152,2018-05-06
"expected_reported_cases",176,24.2350313962232,29.2064308296178,31.6853374863138,34.7289985345003,39.6633946852051,2018-05-13
"expected_reported_cases",177,22.7529800197501,27.3141533277043,29.6519314555967,32.9500198797476,39.5526278226209,2018-05-20
"expected_reported_cases",178,21.2544756354021,25.0525411291884,27.4854053781268,30.109568722136,36.4506647066888,2018-05-27
"expected_reported_cases",179,19.7207183564805,23.5802869628033,25.4166046668307,28.1755112542241,33.033984228004,2018-06-03
"expected_reported_cases",180,19.741262089419,23.0333689137321,25.2883808043681,27.9697401020349,34.2002330100857,2018-06-10
"expected_reported_cases",181,19.100803992795,22.7795046832084,24.8856725552975,27.0357288457062,32.0625939655325,2018-06-17
"expected_reported_cases",182,17.1549931083143,20.1701594006615,21.8028044634176,23.5050871107599,27.502264324194,2018-06-24
"expected_reported_cases",183,18.23030141839,21.0223917963173,22.964219393973,25.3370295552092,30.1094882692905,2018-07-01
"expected_reported_cases",184,17.2804439102878,20.0539999285158,21.7689742339253,23.7776107616239,28.400994762517,2018-07-08
"expected_reported_cases",185,15.9789409425852,18.982127888468,20.6275983946797,22.7672873188112,27.2796951596425,2018-07-15
"expected_reported_cases",186,15.1364384452017,17.5547924830401,19.5253362865366,21.1044515918138,24.8830008848659,2018-07-22
"expected_reported_cases",187,13.1339566388648,15.6589332989831,17.1476953205563,18.7031851562451,21.8850466534857,2018-07-29
"expected_reported_cases",188,12.9321368740047,14.87047450673,16.3591409504535,17.9749112154358,20.6855079693201,2018-08-05
"expected_reported_cases",189,11.6183019391716,13.9417131053045,15.2945123670082,17.0119575744987,20.7932841912704,2018-08-12
"expected_reported_cases",190,10.296791189701,12.7889386138164,14.1120703806935,15.4320996580945,18.3400077482369,2018-08-19
"expected_reported_cases",191,9.51383750895949,11.6681960305969,12.8102088189794,14.2342689590844,17.3487507677537,2018-08-26
"expected_reported_cases",192,8.76021110828064,10.439071312149,11.6621444969028,13.1409965453548,16.2382290118349,2018-09-02
"expected_reported_cases",193,7.79280635528699,9.39296882098576,10.593581723325,11.664556478769,14.7761219286154,2018-09-09
"expected_reported_cases",194,7.27175373788367,8.78927945406228,9.61975499202571,10.8979704393768,13.3397497626708,2018-09-16
"expected_reported_cases",195,6.26245785233243,7.96678038741518,8.87753484002613,9.96619518809894,12.3323997668614,2018-09-23
"expected_reported_cases",196,6.60501218203812,7.77994190022108,8.7313311864194,9.69977630309534,11.8459926366512,2018-09-30
"expected_reported_cases",197,6.11374752349499,7.86920532802575,8.67415900844135,9.82407796806708,12.3289075330692,2018-10-07
"expected_reported_cases",198,6.59739266365918,8.19471946514772,9.17590028093809,10.2282872380633,12.3631658073167,2018-10-14
"expected_reported_cases",199,6.27990360012262,7.95638074231757,8.71453206175726,9.78806850142541,12.3752246987928,2018-10-21
"expected_reported_cases",200,6.57035359654808,8.14184842718797,9.07975200641875,10.2691395575859,12.3403895866337,2018-10-28
"expected_reported_cases",201,6.29152174067479,8.07145368362638,8.93869457178723,9.96609276366058,12.2929990290939,2018-11-04
"expected_reported_cases",202,6.5195462097425,7.97575197677343,8.95410200407188,10.0764329229541,12.4251674047802,2018-11-11
"expected_reported_cases",203,6.57934667188911,8.11380860533427,9.17022623642826,9.98857116119325,11.7170191638564,2018-11-18
"expected_reported_cases",204,6.16019605528927,7.68735967162648,8.61823886425005,9.68583982437543,11.7595230212011,2018-11-25
"expected_reported_cases",205,5.99226420296285,7.2896523287138,8.22418348719093,9.11228811494246,11.3320766347868,2018-12-02
"expected_reported_cases",206,5.53487609795386,6.76983703520736,7.55402668133575,8.6345009624646,10.3659858920389,2018-12-09
"expected_reported_cases",207,4.85527352543521,6.39806549498661,7.32588203735082,8.33927672436901,10.189618199501,2018-12-16
"expected_reported_cases",208,4.38952829645546,6.04940531570781,7.07304632376085,8.07584109492671,10.4299822207092,2018-12-23
"expected_reported_cases",209,3.91074135679337,5.90917951438898,6.97744529600785,8.41364542834298,11.99841398682,2018-12-30
"posterior_predictive_cases",1,0,0,0,0,2,2015-01-04
"posterior_predictive_cases",2,0,0,0,1,2,2015-01-11
"posterior_predictive_cases",3,0,0,0,1,2,2015-01-18
"posterior_predictive_cases",4,0,0,0,1,3,2015-01-25
"posterior_predictive_cases",5,0,0,0,1,3,2015-02-01
"posterior_predictive_cases",6,0,0,0,1,4,2015-02-08
"posterior_predictive_cases",7,0,0,0,1,4.52499999999998,2015-02-15
"posterior_predictive_cases",8,0,0,0,1,4,2015-02-22
"posterior_predictive_cases",9,0,0,1,2,4,2015-03-01
"posterior_predictive_cases",10,0,0,1,2,4,2015-03-08
"posterior_predictive_cases",11,0,0,1,2,4,2015-03-15
"posterior_predictive_cases",12,0,0,1,2,4,2015-03-22
"posterior_predictive_cases",13,0,0,1,2,4,2015-03-29
"posterior_predictive_cases",14,0,0,1,2,4,2015-04-05
"posterior_predictive_cases",15,0,0,1,2,4,2015-04-12
"posterior_predictive_cases",16,0,0,1,2,4,2015-04-19
"posterior_predictive_cases",17,0,0,1,2,4,2015-04-26
"posterior_predictive_cases",18,0,0,1,2,4,2015-05-03
"posterior_predictive_cases",19,0,0,1,2,3,2015-05-10
"posterior_predictive_cases",20,0,0,1,2,3,2015-05-17
"posterior_predictive_cases",21,0,0,0,1,3,2015-05-24
"posterior_predictive_cases",22,0,0,0,1,2,2015-05-31
"posterior_predictive_cases",23,0,0,0,1,2,2015-06-07
"posterior_predictive_cases",24,0,0,0,1,2,2015-06-14
"posterior_predictive_cases",25,0,0,0,1,2,2015-06-21
"posterior_predictive_cases",26,0,0,0,0,1,2015-06-28
"posterior_predictive_cases",27,0,0,0,0,1,2015-07-05
"posterior_predictive_cases",28,0,0,0,0,1,2015-07-12
"posterior_predictive_cases",29,0,0,0,0,1,2015-07-19
"posterior_predictive_cases",30,0,0,0,0,1,2015-07-26
"posterior_predictive_cases",31,0,0,0,0,1,2015-08-02
"posterior_predictive_cases",32,0,0,0,0,1,2015-08-09
"posterior_predictive_cases",33,0,0,0,0,1,2015-08-16
"posterior_predictive_cases",34,0,0,0,0,1,2015-08-23
"posterior_predictive_cases",35,0,0,0,0,1,2015-08-30
"posterior_predictive_cases",36,0,0,0,0,1,2015-09-06
"posterior_predictive_cases",37,0,0,0,0,1,2015-09-13
"posterior_predictive_cases",38,0,0,0,0,1,2015-09-20
"posterior_predictive_cases",39,0,0,0,0,1,2015-09-27
"posterior_predictive_cases",40,0,0,0,0,1,2015-10-04
"posterior_predictive_cases",41,0,0,0,0,1,2015-10-11
"posterior_predictive_cases",42,0,0,0,0,1,2015-10-18
"posterior_predictive_cases",43,0,0,0,0,1,2015-10-25
"posterior_predictive_cases",44,0,0,0,0,1,2015-11-01
"posterior_predictive_cases",45,0,0,0,0,1.52499999999998,2015-11-08
"posterior_predictive_cases",46,0,0,0,0,2,2015-11-15
"posterior_predictive_cases",47,0,0,0,1,2,2015-11-22
"posterior_predictive_cases",48,0,0,0,1,2,2015-11-29
"posterior_predictive_cases",49,0,0,0,1,2.52499999999998,2015-12-06
"posterior_predictive_cases",50,0,0,1,1.25,4,2015-12-13
"posterior_predictive_cases",51,0,0,1,2,5,2015-12-20
"posterior_predictive_cases",52,0,1,2,3,6,2015-12-27
"posterior_predictive_cases",53,0,1,3,4,8,2016-01-03
"posterior_predictive_cases",54,1,2,4,5,9,2016-01-10
"posterior_predictive_cases",55,1,4,5,7,11,2016-01-17
"posterior_predictive_cases",56,2.475,6,8,10,16,2016-01-24
"posterior_predictive_cases",57,6,9,11,14.25,20.525,2016-01-31
"posterior_predictive_cases",58,6,11,14,17,24,2016-02-07
"posterior_predictive_cases",59,12,18,22.5,27,35.525,2016-02-14
"posterior_predictive_cases",60,16.475,26,32,38,48,2016-02-21
"posterior_predictive_cases",61,33,45,53,62.25,78.525,2016-02-28
"posterior_predictive_cases",62,58,78,88.5,100.25,124.575,2016-03-06
"posterior_predictive_cases",63,84.475,111,128,145,171,2016-03-13
"posterior_predictive_cases",64,115,154,174,193.25,235.05,2016-03-20
"posterior_predictive_cases",65,178.95,216,236.5,266.5,337.05,2016-03-27
"posterior_predictive_cases",66,246,315,347.5,388.25,462.575,2016-04-03
"posterior_predictive_cases",67,371.275,437.75,490,550,640.775,2016-04-10
"posterior_predictive_cases",68,513.475,654,712.5,786,947.575,2016-04-17
"posterior_predictive_cases",69,804.85,964,1057.5,1159.25,1361.675,2016-04-24
"posterior_predictive_cases",70,1093.375,1319.5,1458.5,1617,1986.525,2016-05-01
"posterior_predictive_cases",71,1366.475,1759.75,1916,2086.75,2444.175,2016-05-08
"posterior_predictive_cases",72,1427.275,1806.75,1993,2168.5,2667.8,2016-05-15
"posterior_predictive_cases",73,1582.975,1898.25,2065,2248.5,2768.15,2016-05-22
"posterior_predictive_cases",74,1630.375,1980.75,2167,2376.25,2949.975,2016-05-29
"posterior_predictive_cases",75,1501.625,1841.75,2036.5,2221.25,2632.625,2016-06-05
"posterior_predictive_cases",76,1338.75,1638.5,1807,2011,2503.975,2016-06-12
"posterior_predictive_cases",77,1210.375,1410.75,1582,1728.25,2014.2,2016-06-19
"posterior_predictive_cases",78,1080.475,1299,1438.5,1578.25,1920.6,2016-06-26
"posterior_predictive_cases",79,954.95,1159.5,1279.5,1428,1664.15,2016-07-03
"posterior_predictive_cases",80,859.375,1030.25,1146,1246.5,1498.675,2016-07-10
"posterior_predictive_cases",81,710.75,881,976.5,1061,1277.525,2016-07-17
"posterior_predictive_cases",82,598,743,825,912.5,1096.875,2016-07-24
"posterior_predictive_cases",83,526.95,627,689,757.25,934.675,2016-07-31
"posterior_predictive_cases",84,415.375,506.75,575,636.25,750.15,2016-08-07
"posterior_predictive_cases",85,370.9,457.75,496.5,553.25,672.675,2016-08-14
"posterior_predictive_cases",86,299,380,425,469,567,2016-08-21
"posterior_predictive_cases",87,256,312.75,347,388,480.1,2016-08-28
"posterior_predictive_cases",88,212,257,282.5,314,393.675,2016-09-04
"posterior_predictive_cases",89,184.9,225,253,285,343.05,2016-09-11
"posterior_predictive_cases",90,152.475,194,217,241.25,304.525,2016-09-18
"posterior_predictive_cases",91,150.425,181,203,229.25,279.05,2016-09-25
"posterior_predictive_cases",92,140.9,174.75,197.5,217,271.525,2016-10-02
"posterior_predictive_cases",93,145.425,177,195,219,264.05,2016-10-09
"posterior_predictive_cases",94,147.95,188.75,211,233,286.25,2016-10-16
"posterior_predictive_cases",95,149.95,187,209,230,287.525,2016-10-23
"posterior_predictive_cases",96,176.475,211,245.5,275.25,335.05,2016-10-30
"posterior_predictive_cases",97,207.85,255,288,318.25,380.575,2016-11-06
"posterior_predictive_cases",98,244,308,341.5,380,468.775,2016-11-13
"posterior_predictive_cases",99,280,335.75,381.5,421.25,506.05,2016-11-20
"posterior_predictive_cases",100,222.475,261.75,284.5,323.25,397.1,2016-11-27
"posterior_predictive_cases",101,162,202.75,225.5,253,313.05,2016-12-04
"posterior_predictive_cases",102,129.425,164,187,208,250.575,2016-12-11
"posterior_predictive_cases",103,109.475,139,155.5,171.25,218.625,2016-12-18
"posterior_predictive_cases",104,97,125.75,140,159,200.05,2016-12-25
"posterior_predictive_cases",105,139.475,179,199,223,269,2017-01-01
"posterior_predictive_cases",106,168,207,236,263.25,309.525,2017-01-08
"posterior_predictive_cases",107,221,277.75,308,337.25,400.25,2017-01-15
"posterior_predictive_cases",108,255.95,315.75,355,396,475.1,2017-01-22
"posterior_predictive_cases",109,302.95,394,436,490,605.1,2017-01-29
"posterior_predictive_cases",110,375.375,489.75,550.5,606,721.1,2017-02-05
"posterior_predictive_cases",111,496.425,621.75,684.5,761.25,895.15,2017-02-12
"posterior_predictive_cases",112,692.325,841,935,1024.25,1261.2,2017-02-19
"posterior_predictive_cases",113,1065.85,1242.75,1376.5,1509,1872.35,2017-02-26
"posterior_predictive_cases",114,1553.425,1819,2043,2277.75,2732.525,2017-03-05
"posterior_predictive_cases",115,2307.525,2759.25,3016.5,3321.25,3874.625,2017-03-12
"posterior_predictive_cases",116,3085.35,3727,4140.5,4539.5,5350.35,2017-03-19
"posterior_predictive_cases",117,4433.55,5398.25,5914.5,6504.75,7763.4,2017-03-26
"posterior_predictive_cases",118,5439.65,6483.5,7190,7845.75,9329.55,2017-04-02
"posterior_predictive_cases",119,6689.05,7802,8465.5,9449,11306.7,2017-04-09
"posterior_predictive_cases",120,7159.475,8652.75,9617.5,10526.5,12747.875,2017-04-16
"posterior_predictive_cases",121,7330.45,8462,9437,10401.75,12511.225,2017-04-23
"posterior_predictive_cases",122,7390.15,8906.75,9897,10840.75,13067.3,2017-04-30
"posterior_predictive_cases",123,6371.75,7809.75,8725,9865.25,11780.85,2017-05-07
"posterior_predictive_cases",124,5529.375,7036.75,7710,8435.75,10066.45,2017-05-14
"posterior_predictive_cases",125,4301.8,5173.75,5775,6358.25,7525.65,2017-05-21
"posterior_predictive_cases",126,3241.9,4091.25,4465,5007.75,5916.825,2017-05-28
"posterior_predictive_cases",127,2489.125,3029.25,3345,3730.75,4449.55,2017-06-04
"posterior_predictive_cases",128,1787.7,2208.25,2425,2678,3288.9,2017-06-11
"posterior_predictive_cases",129,1402.825,1679.75,1880.5,2068.5,2518,2017-06-18
"posterior_predictive_cases",130,1103.325,1336.5,1490.5,1640.25,1934.95,2017-06-25
"posterior_predictive_cases",131,850.975,1087.75,1206.5,1328,1601.45,2017-07-02
"posterior_predictive_cases",132,711.8,844,947,1036.25,1239.425,2017-07-09
"posterior_predictive_cases",133,553.8,692.75,769,869,1034.525,2017-07-16
"posterior_predictive_cases",134,439.425,553,618,684,827,2017-07-23
"posterior_predictive_cases",135,350.9,435.5,489.5,545.25,662.575,2017-07-30
"posterior_predictive_cases",136,259.85,335.75,373,413,518.525,2017-08-06
"posterior_predictive_cases",137,212.475,259,289.5,324,387.575,2017-08-13
"posterior_predictive_cases",138,136,187.75,212.5,237,287.1,2017-08-20
"posterior_predictive_cases",139,107,135,153,170.25,216.525,2017-08-27
"posterior_predictive_cases",140,85.425,111,124,139.25,170.05,2017-09-03
"posterior_predictive_cases",141,76.475,96,107,121,154,2017-09-10
"posterior_predictive_cases",142,61,79,91,103.25,132,2017-09-17
"posterior_predictive_cases",143,55.475,70,78,91,113.525,2017-09-24
"posterior_predictive_cases",144,45.475,62,72,81,104.525,2017-10-01
"posterior_predictive_cases",145,35,49,57,65,85.525,2017-10-08
"posterior_predictive_cases",146,32.475,47,54,63,82,2017-10-15
"posterior_predictive_cases",147,33.475,46,53,62,79,2017-10-22
"posterior_predictive_cases",148,37.475,48,56,64,82.525,2017-10-29
"posterior_predictive_cases",149,33,45,54,62.25,79.525,2017-11-05
"posterior_predictive_cases",150,30.475,40,47,55,71.525,2017-11-12
"posterior_predictive_cases",151,26.475,37,42,48,63,2017-11-19
"posterior_predictive_cases",152,25,35,41,47,61.525,2017-11-26
"posterior_predictive_cases",153,23,33,38,45,61,2017-12-03
"posterior_predictive_cases",154,22,32,37,44,57.05,2017-12-10
"posterior_predictive_cases",155,19,26,31,36.25,46,2017-12-17
"posterior_predictive_cases",156,16.475,24,30,35,48,2017-12-24
"posterior_predictive_cases",157,18.95,29,35,41,52,2017-12-31
"posterior_predictive_cases",158,22,31,39,45,58.525,2018-01-07
"posterior_predictive_cases",159,25.475,36,41,48,62,2018-01-14
"posterior_predictive_cases",160,27,37,43,51,65,2018-01-21
"posterior_predictive_cases",161,29.475,39,45,52,65.525,2018-01-28
"posterior_predictive_cases",162,31.475,39,45.5,52,68,2018-02-04
"posterior_predictive_cases",163,32,42,48,56,72.525,2018-02-11
"posterior_predictive_cases",164,33,46.75,54,63.25,80.525,2018-02-18
"posterior_predictive_cases",165,39,54.75,61,70.25,88.525,2018-02-25
"posterior_predictive_cases",166,38,50,58,65.25,88,2018-03-04
"posterior_predictive_cases",167,43.95,56,63,72,89,2018-03-11
"posterior_predictive_cases",168,37,49,58,66,87.05,2018-03-18
"posterior_predictive_cases",169,37,51,58,67,83.5749999999999,2018-03-25
"posterior_predictive_cases",170,40.95,56,64,73,90.525,2018-04-01
"posterior_predictive_cases",171,43.425,55,63,71,89.525,2018-04-08
"posterior_predictive_cases",172,34.475,50,57,66,83.525,2018-04-15
"posterior_predictive_cases",173,30,38,44.5,52,68,2018-04-22
"posterior_predictive_cases",174,25,33,39,44.25,59.525,2018-04-29
"posterior_predictive_cases",175,20.475,28,33,39,51.525,2018-05-06
"posterior_predictive_cases",176,19.475,26,32,37,47,2018-05-13
"posterior_predictive_cases",177,19,25,30,36,47,2018-05-20
"posterior_predictive_cases",178,15.475,23,27,32,44,2018-05-27
"posterior_predictive_cases",179,13,21,25,30,43.525,2018-06-03
"posterior_predictive_cases",180,13.475,20,26,30.25,40,2018-06-10
"posterior_predictive_cases",181,14,20,24,30,39,2018-06-17
"posterior_predictive_cases",182,10.95,18,22,25,35.525,2018-06-24
"posterior_predictive_cases",183,11.475,19,22,27,36.525,2018-07-01
"posterior_predictive_cases",184,12,18,22,26,36,2018-07-08
"posterior_predictive_cases",185,11,17,21,24,32.525,2018-07-15
"posterior_predictive_cases",186,10,16,19,24,30,2018-07-22
"posterior_predictive_cases",187,9,14,17,21,28,2018-07-29
"posterior_predictive_cases",188,7.475,13,16,20,29,2018-08-05
"posterior_predictive_cases",189,7,12,15,19,24,2018-08-12
"posterior_predictive_cases",190,6,11,14,18,25,2018-08-19
"posterior_predictive_cases",191,5,9,12,16,23,2018-08-26
"posterior_predictive_cases",192,4,8,11,15,21,2018-09-02
"posterior_predictive_cases",193,4,8,11,13,19,2018-09-09
"posterior_predictive_cases",194,4,7.75,10,12,18,2018-09-16
"posterior_predictive_cases",195,3,6,9,11,17,2018-09-23
"posterior_predictive_cases",196,3,6,8,11,16,2018-09-30
"posterior_predictive_cases",197,3,7,9,11,15,2018-10-07
"posterior_predictive_cases",198,3,6,9,11,17,2018-10-14
"posterior_predictive_cases",199,2.475,7,8,11,16.525,2018-10-21
"posterior_predictive_cases",200,4,7,9,11,17,2018-10-28
"posterior_predictive_cases",201,3,6,9,11,16.525,2018-11-04
"posterior_predictive_cases",202,3,7,9,11,18,2018-11-11
"posterior_predictive_cases",203,3,6.75,8,11,16,2018-11-18
"posterior_predictive_cases",204,3,6,8,11,16,2018-11-25
"posterior_predictive_cases",205,2,6,8,11,15,2018-12-02
"posterior_predictive_cases",206,2,5,8,10,15,2018-12-09
"posterior_predictive_cases",207,2,5.75,8,10,14.525,2018-12-16
"posterior_predictive_cases",208,2,5,7,9,14,2018-12-23
"posterior_predictive_cases",209,2,4.75,7,9,15,2018-12-30
