opportunity_id,outcome_followup_start,outcome_followup_end_6w,outcome_followup_end_8w,outcome_followup_complete_8w,major_wave_onset_next_6w,major_wave_onset_next_8w,n_major_wave_onsets_next_8w,outcome_episode_id,outcome_episode_onset,outcome_episode_end,outcome_Re_early_6_median,outcome_Re_early_6_lower,outcome_Re_early_6_upper,outcome_reported_cumulative_incidence_per_100k
BA_20161009,2016-10-16,2016-11-20,2016-12-04,TRUE,TRUE,TRUE,1,BA_wave_03,2016-10-16,2017-10-22,1.1734559394706694,0.8080042933447998,1.784439942802693,45.66039064
BA_20161016,2016-10-23,2016-11-27,2016-12-11,TRUE,FALSE,FALSE,0,NA,NA,NA,NA,NA,NA,0
BA_20161023,2016-10-30,2016-12-04,2016-12-18,TRUE,FALSE,FALSE,0,NA,NA,NA,NA,NA,NA,0
BA_20161030,2016-11-06,2016-12-11,2016-12-25,TRUE,FALSE,FALSE,0,NA,NA,NA,NA,NA,NA,0
BA_20161106,2016-11-13,2016-12-18,2017-01-01,TRUE,FALSE,FALSE,0,NA,NA,NA,NA,NA,NA,0
BA_20161113,2016-11-20,2016-12-25,2017-01-08,TRUE,FALSE,FALSE,0,NA,NA,NA,NA,NA,NA,0
BA_20161120,2016-11-27,2017-01-01,2017-01-15,TRUE,FALSE,FALSE,0,NA,NA,NA,NA,NA,NA,0
BA_20161127,2016-12-04,2017-01-08,2017-01-22,TRUE,FALSE,FALSE,0,NA,NA,NA,NA,NA,NA,0
BA_20161204,2016-12-11,2017-01-15,2017-01-29,TRUE,FALSE,FALSE,0,NA,NA,NA,NA,NA,NA,0
BA_20161211,2016-12-18,2017-01-22,2017-02-05,TRUE,FALSE,FALSE,0,NA,NA,NA,NA,NA,NA,0
BA_20161218,2016-12-25,2017-01-29,2017-02-12,TRUE,FALSE,FALSE,0,NA,NA,NA,NA,NA,NA,0
BA_20161225,2017-01-01,2017-02-05,2017-02-19,TRUE,FALSE,FALSE,0,NA,NA,NA,NA,NA,NA,0
BA_20170101,2017-01-08,2017-02-12,2017-02-26,TRUE,FALSE,FALSE,0,NA,NA,NA,NA,NA,NA,0
BA_20170108,2017-01-15,2017-02-19,2017-03-05,TRUE,FALSE,FALSE,0,NA,NA,NA,NA,NA,NA,0
BA_20170115,2017-01-22,2017-02-26,2017-03-12,TRUE,FALSE,FALSE,0,NA,NA,NA,NA,NA,NA,0
BA_20170122,2017-01-29,2017-03-05,2017-03-19,TRUE,FALSE,FALSE,0,NA,NA,NA,NA,NA,NA,0
BA_20170129,2017-02-05,2017-03-12,2017-03-26,TRUE,FALSE,FALSE,0,NA,NA,NA,NA,NA,NA,0
BA_20170205,2017-02-12,2017-03-19,2017-04-02,TRUE,FALSE,FALSE,0,NA,NA,NA,NA,NA,NA,0
BA_20170212,2017-02-19,2017-03-26,2017-04-09,TRUE,FALSE,FALSE,0,NA,NA,NA,NA,NA,NA,0
BA_20170219,2017-02-26,2017-04-02,2017-04-16,TRUE,FALSE,FALSE,0,NA,NA,NA,NA,NA,NA,0
BA_20170226,2017-03-05,2017-04-09,2017-04-23,TRUE,FALSE,FALSE,0,NA,NA,NA,NA,NA,NA,0
BA_20170305,2017-03-12,2017-04-16,2017-04-30,TRUE,FALSE,FALSE,0,NA,NA,NA,NA,NA,NA,0
BA_20170312,2017-03-19,2017-04-23,2017-05-07,TRUE,FALSE,FALSE,0,NA,NA,NA,NA,NA,NA,0
BA_20170319,2017-03-26,2017-04-30,2017-05-14,TRUE,FALSE,FALSE,0,NA,NA,NA,NA,NA,NA,0
BA_20170326,2017-04-02,2017-05-07,2017-05-21,TRUE,FALSE,FALSE,0,NA,NA,NA,NA,NA,NA,0
BA_20170402,2017-04-09,2017-05-14,2017-05-28,TRUE,FALSE,FALSE,0,NA,NA,NA,NA,NA,NA,0
BA_20170409,2017-04-16,2017-05-21,2017-06-04,TRUE,FALSE,FALSE,0,NA,NA,NA,NA,NA,NA,0
BA_20170416,2017-04-23,2017-05-28,2017-06-11,TRUE,FALSE,FALSE,0,NA,NA,NA,NA,NA,NA,0
BA_20170423,2017-04-30,2017-06-04,2017-06-18,TRUE,FALSE,FALSE,0,NA,NA,NA,NA,NA,NA,0
BA_20170430,2017-05-07,2017-06-11,2017-06-25,TRUE,FALSE,FALSE,0,NA,NA,NA,NA,NA,NA,0
BA_20170507,2017-05-14,2017-06-18,2017-07-02,TRUE,FALSE,FALSE,0,NA,NA,NA,NA,NA,NA,0
BA_20170514,2017-05-21,2017-06-25,2017-07-09,TRUE,FALSE,FALSE,0,NA,NA,NA,NA,NA,NA,0
BA_20170521,2017-05-28,2017-07-02,2017-07-16,TRUE,FALSE,FALSE,0,NA,NA,NA,NA,NA,NA,0
BA_20170528,2017-06-04,2017-07-09,2017-07-23,TRUE,FALSE,FALSE,0,NA,NA,NA,NA,NA,NA,0
BA_20170604,2017-06-11,2017-07-16,2017-07-30,TRUE,FALSE,FALSE,0,NA,NA,NA,NA,NA,NA,0
BA_20170611,2017-06-18,2017-07-23,2017-08-06,TRUE,FALSE,FALSE,0,NA,NA,NA,NA,NA,NA,0
BA_20170618,2017-06-25,2017-07-30,2017-08-13,TRUE,FALSE,FALSE,0,NA,NA,NA,NA,NA,NA,0
BA_20170625,2017-07-02,2017-08-06,2017-08-20,TRUE,FALSE,FALSE,0,NA,NA,NA,NA,NA,NA,0
BA_20170702,2017-07-09,2017-08-13,2017-08-27,TRUE,FALSE,FALSE,0,NA,NA,NA,NA,NA,NA,0
BA_20170806,2017-08-13,2017-09-17,2017-10-01,TRUE,FALSE,FALSE,0,NA,NA,NA,NA,NA,NA,0
BA_20170813,2017-08-20,2017-09-24,2017-10-08,TRUE,FALSE,FALSE,0,NA,NA,NA,NA,NA,NA,0
BA_20170820,2017-08-27,2017-10-01,2017-10-15,TRUE,FALSE,FALSE,0,NA,NA,NA,NA,NA,NA,0
BA_20170827,2017-09-03,2017-10-08,2017-10-22,TRUE,FALSE,FALSE,0,NA,NA,NA,NA,NA,NA,0
BA_20170903,2017-09-10,2017-10-15,2017-10-29,TRUE,FALSE,FALSE,0,NA,NA,NA,NA,NA,NA,0
BA_20170910,2017-09-17,2017-10-22,2017-11-05,TRUE,FALSE,FALSE,0,NA,NA,NA,NA,NA,NA,0
BA_20170917,2017-09-24,2017-10-29,2017-11-12,TRUE,FALSE,TRUE,1,BA_wave_04,2017-11-12,2018-12-16,1.3694102602910896,0.9280394745589228,2.074337148908747,23.12276521
BA_20170924,2017-10-01,2017-11-05,2017-11-19,TRUE,FALSE,TRUE,1,BA_wave_04,2017-11-12,2018-12-16,1.3694102602910896,0.9280394745589228,2.074337148908747,23.12276521
BA_20171001,2017-10-08,2017-11-12,2017-11-26,TRUE,TRUE,TRUE,1,BA_wave_04,2017-11-12,2018-12-16,1.3694102602910896,0.9280394745589228,2.074337148908747,23.12276521
BA_20171008,2017-10-15,2017-11-19,2017-12-03,TRUE,TRUE,TRUE,1,BA_wave_04,2017-11-12,2018-12-16,1.3694102602910896,0.9280394745589228,2.074337148908747,23.12276521
BA_20171015,2017-10-22,2017-11-26,2017-12-10,TRUE,TRUE,TRUE,1,BA_wave_04,2017-11-12,2018-12-16,1.3694102602910896,0.9280394745589228,2.074337148908747,23.12276521
BA_20171022,2017-10-29,2017-12-03,2017-12-17,TRUE,TRUE,TRUE,1,BA_wave_04,2017-11-12,2018-12-16,1.3694102602910896,0.9280394745589228,2.074337148908747,23.12276521
BA_20171029,2017-11-05,2017-12-10,2017-12-24,TRUE,TRUE,TRUE,1,BA_wave_04,2017-11-12,2018-12-16,1.3694102602910896,0.9280394745589228,2.074337148908747,23.12276521
BA_20171105,2017-11-12,2017-12-17,2017-12-31,TRUE,TRUE,TRUE,1,BA_wave_04,2017-11-12,2018-12-16,1.3694102602910896,0.9280394745589228,2.074337148908747,23.12276521
BA_20171112,2017-11-19,2017-12-24,2018-01-07,TRUE,FALSE,FALSE,0,NA,NA,NA,NA,NA,NA,0
BA_20171119,2017-11-26,2017-12-31,2018-01-14,TRUE,FALSE,FALSE,0,NA,NA,NA,NA,NA,NA,0
BA_20171126,2017-12-03,2018-01-07,2018-01-21,TRUE,FALSE,FALSE,0,NA,NA,NA,NA,NA,NA,0
BA_20171203,2017-12-10,2018-01-14,2018-01-28,TRUE,FALSE,FALSE,0,NA,NA,NA,NA,NA,NA,0
BA_20171210,2017-12-17,2018-01-21,2018-02-04,TRUE,FALSE,FALSE,0,NA,NA,NA,NA,NA,NA,0
BA_20171217,2017-12-24,2018-01-28,2018-02-11,TRUE,FALSE,FALSE,0,NA,NA,NA,NA,NA,NA,0
BA_20171224,2017-12-31,2018-02-04,2018-02-18,TRUE,FALSE,FALSE,0,NA,NA,NA,NA,NA,NA,0
BA_20171231,2018-01-07,2018-02-11,2018-02-25,TRUE,FALSE,FALSE,0,NA,NA,NA,NA,NA,NA,0
BA_20180107,2018-01-14,2018-02-18,2018-03-04,TRUE,FALSE,FALSE,0,NA,NA,NA,NA,NA,NA,0
BA_20180114,2018-01-21,2018-02-25,2018-03-11,TRUE,FALSE,FALSE,0,NA,NA,NA,NA,NA,NA,0
BA_20180121,2018-01-28,2018-03-04,2018-03-18,TRUE,FALSE,FALSE,0,NA,NA,NA,NA,NA,NA,0
BA_20180128,2018-02-04,2018-03-11,2018-03-25,TRUE,FALSE,FALSE,0,NA,NA,NA,NA,NA,NA,0
BA_20180204,2018-02-11,2018-03-18,2018-04-01,TRUE,FALSE,FALSE,0,NA,NA,NA,NA,NA,NA,0
BA_20180211,2018-02-18,2018-03-25,2018-04-08,TRUE,FALSE,FALSE,0,NA,NA,NA,NA,NA,NA,0
BA_20180218,2018-02-25,2018-04-01,2018-04-15,TRUE,FALSE,FALSE,0,NA,NA,NA,NA,NA,NA,0
BA_20180225,2018-03-04,2018-04-08,2018-04-22,TRUE,FALSE,FALSE,0,NA,NA,NA,NA,NA,NA,0
BA_20180304,2018-03-11,2018-04-15,2018-04-29,TRUE,FALSE,FALSE,0,NA,NA,NA,NA,NA,NA,0
BA_20180311,2018-03-18,2018-04-22,2018-05-06,TRUE,FALSE,FALSE,0,NA,NA,NA,NA,NA,NA,0
BA_20180318,2018-03-25,2018-04-29,2018-05-13,TRUE,FALSE,FALSE,0,NA,NA,NA,NA,NA,NA,0
BA_20180325,2018-04-01,2018-05-06,2018-05-20,TRUE,FALSE,FALSE,0,NA,NA,NA,NA,NA,NA,0
BA_20180401,2018-04-08,2018-05-13,2018-05-27,TRUE,FALSE,FALSE,0,NA,NA,NA,NA,NA,NA,0
BA_20180408,2018-04-15,2018-05-20,2018-06-03,TRUE,FALSE,FALSE,0,NA,NA,NA,NA,NA,NA,0
BA_20180415,2018-04-22,2018-05-27,2018-06-10,TRUE,FALSE,FALSE,0,NA,NA,NA,NA,NA,NA,0
BA_20180422,2018-04-29,2018-06-03,2018-06-17,TRUE,FALSE,FALSE,0,NA,NA,NA,NA,NA,NA,0
BA_20180429,2018-05-06,2018-06-10,2018-06-24,TRUE,FALSE,FALSE,0,NA,NA,NA,NA,NA,NA,0
BA_20180506,2018-05-13,2018-06-17,2018-07-01,TRUE,FALSE,FALSE,0,NA,NA,NA,NA,NA,NA,0
BA_20180513,2018-05-20,2018-06-24,2018-07-08,TRUE,FALSE,FALSE,0,NA,NA,NA,NA,NA,NA,0
BA_20180520,2018-05-27,2018-07-01,2018-07-15,TRUE,FALSE,FALSE,0,NA,NA,NA,NA,NA,NA,0
BA_20180527,2018-06-03,2018-07-08,2018-07-22,TRUE,FALSE,FALSE,0,NA,NA,NA,NA,NA,NA,0
BA_20180603,2018-06-10,2018-07-15,2018-07-29,TRUE,FALSE,FALSE,0,NA,NA,NA,NA,NA,NA,0
BA_20180610,2018-06-17,2018-07-22,2018-08-05,TRUE,FALSE,FALSE,0,NA,NA,NA,NA,NA,NA,0
BA_20180617,2018-06-24,2018-07-29,2018-08-12,TRUE,FALSE,FALSE,0,NA,NA,NA,NA,NA,NA,0
BA_20180624,2018-07-01,2018-08-05,2018-08-19,TRUE,FALSE,FALSE,0,NA,NA,NA,NA,NA,NA,0
BA_20180701,2018-07-08,2018-08-12,2018-08-26,TRUE,FALSE,FALSE,0,NA,NA,NA,NA,NA,NA,0
BA_20180708,2018-07-15,2018-08-19,2018-09-02,TRUE,FALSE,FALSE,0,NA,NA,NA,NA,NA,NA,0
BA_20180715,2018-07-22,2018-08-26,2018-09-09,TRUE,FALSE,FALSE,0,NA,NA,NA,NA,NA,NA,0
BA_20180722,2018-07-29,2018-09-02,2018-09-16,TRUE,FALSE,FALSE,0,NA,NA,NA,NA,NA,NA,0
BA_20180729,2018-08-05,2018-09-09,2018-09-23,TRUE,FALSE,FALSE,0,NA,NA,NA,NA,NA,NA,0
BA_20180805,2018-08-12,2018-09-16,2018-09-30,TRUE,FALSE,FALSE,0,NA,NA,NA,NA,NA,NA,0
BA_20180812,2018-08-19,2018-09-23,2018-10-07,TRUE,FALSE,FALSE,0,NA,NA,NA,NA,NA,NA,0
BA_20180819,2018-08-26,2018-09-30,2018-10-14,TRUE,FALSE,FALSE,0,NA,NA,NA,NA,NA,NA,0
BA_20180826,2018-09-02,2018-10-07,2018-10-21,TRUE,FALSE,FALSE,0,NA,NA,NA,NA,NA,NA,0
BA_20180902,2018-09-09,2018-10-14,2018-10-28,TRUE,FALSE,FALSE,0,NA,NA,NA,NA,NA,NA,0
BA_20180909,2018-09-16,2018-10-21,2018-11-04,TRUE,FALSE,FALSE,0,NA,NA,NA,NA,NA,NA,0
BA_20180916,2018-09-23,2018-10-28,2018-11-11,TRUE,FALSE,FALSE,0,NA,NA,NA,NA,NA,NA,0
BA_20180923,2018-09-30,2018-11-04,2018-11-18,TRUE,FALSE,FALSE,0,NA,NA,NA,NA,NA,NA,0
BA_20180930,2018-10-07,2018-11-11,2018-11-25,TRUE,FALSE,FALSE,0,NA,NA,NA,NA,NA,NA,0
BA_20181007,2018-10-14,2018-11-18,2018-12-02,TRUE,FALSE,FALSE,0,NA,NA,NA,NA,NA,NA,0
BA_20181014,2018-10-21,2018-11-25,2018-12-09,TRUE,FALSE,FALSE,0,NA,NA,NA,NA,NA,NA,0
BA_20181021,2018-10-28,2018-12-02,2018-12-16,TRUE,FALSE,FALSE,0,NA,NA,NA,NA,NA,NA,0
BA_20181028,2018-11-04,2018-12-09,2018-12-23,TRUE,FALSE,FALSE,0,NA,NA,NA,NA,NA,NA,0
BA_20181104,2018-11-11,2018-12-16,2018-12-30,TRUE,FALSE,FALSE,0,NA,NA,NA,NA,NA,NA,0
BA_20181111,2018-11-18,2018-12-23,2019-01-06,TRUE,FALSE,FALSE,0,NA,NA,NA,NA,NA,NA,0
BA_20181118,2018-11-25,2018-12-30,2019-01-13,TRUE,FALSE,FALSE,0,NA,NA,NA,NA,NA,NA,0
BA_20181125,2018-12-02,2019-01-06,2019-01-20,TRUE,FALSE,FALSE,0,NA,NA,NA,NA,NA,NA,0
BA_20181202,2018-12-09,2019-01-13,2019-01-27,TRUE,FALSE,FALSE,0,NA,NA,NA,NA,NA,NA,0
BA_20181209,2018-12-16,2019-01-20,2019-02-03,TRUE,FALSE,TRUE,1,BA_wave_05,2019-02-03,2019-12-15,1.0722555596883585,0.7318522067965211,1.6286951722682403,38.86818777
BA_20181216,2018-12-23,2019-01-27,2019-02-10,TRUE,FALSE,TRUE,1,BA_wave_05,2019-02-03,2019-12-15,1.0722555596883585,0.7318522067965211,1.6286951722682403,38.86818777
BA_20181223,2018-12-30,2019-02-03,2019-02-17,TRUE,TRUE,TRUE,1,BA_wave_05,2019-02-03,2019-12-15,1.0722555596883585,0.7318522067965211,1.6286951722682403,38.86818777
BA_20181230,2019-01-06,2019-02-10,2019-02-24,TRUE,TRUE,TRUE,1,BA_wave_05,2019-02-03,2019-12-15,1.0722555596883585,0.7318522067965211,1.6286951722682403,38.86818777
BA_20190106,2019-01-13,2019-02-17,2019-03-03,TRUE,TRUE,TRUE,1,BA_wave_05,2019-02-03,2019-12-15,1.0722555596883585,0.7318522067965211,1.6286951722682403,38.86818777
BA_20190113,2019-01-20,2019-02-24,2019-03-10,TRUE,TRUE,TRUE,1,BA_wave_05,2019-02-03,2019-12-15,1.0722555596883585,0.7318522067965211,1.6286951722682403,38.86818777
BA_20190120,2019-01-27,2019-03-03,2019-03-17,TRUE,TRUE,TRUE,1,BA_wave_05,2019-02-03,2019-12-15,1.0722555596883585,0.7318522067965211,1.6286951722682403,38.86818777
BA_20190127,2019-02-03,2019-03-10,2019-03-24,TRUE,TRUE,TRUE,1,BA_wave_05,2019-02-03,2019-12-15,1.0722555596883585,0.7318522067965211,1.6286951722682403,38.86818777
BA_20190203,2019-02-10,2019-03-17,2019-03-31,TRUE,FALSE,FALSE,0,NA,NA,NA,NA,NA,NA,0
BA_20190210,2019-02-17,2019-03-24,2019-04-07,TRUE,FALSE,FALSE,0,NA,NA,NA,NA,NA,NA,0
BA_20190217,2019-02-24,2019-03-31,2019-04-14,TRUE,FALSE,FALSE,0,NA,NA,NA,NA,NA,NA,0
BA_20190224,2019-03-03,2019-04-07,2019-04-21,TRUE,FALSE,FALSE,0,NA,NA,NA,NA,NA,NA,0
BA_20190303,2019-03-10,2019-04-14,2019-04-28,TRUE,FALSE,FALSE,0,NA,NA,NA,NA,NA,NA,0
BA_20190310,2019-03-17,2019-04-21,2019-05-05,TRUE,FALSE,FALSE,0,NA,NA,NA,NA,NA,NA,0
BA_20190317,2019-03-24,2019-04-28,2019-05-12,TRUE,FALSE,FALSE,0,NA,NA,NA,NA,NA,NA,0
BA_20190324,2019-03-31,2019-05-05,2019-05-19,TRUE,FALSE,FALSE,0,NA,NA,NA,NA,NA,NA,0
BA_20190331,2019-04-07,2019-05-12,2019-05-26,TRUE,FALSE,FALSE,0,NA,NA,NA,NA,NA,NA,0
BA_20190407,2019-04-14,2019-05-19,2019-06-02,TRUE,FALSE,FALSE,0,NA,NA,NA,NA,NA,NA,0
BA_20190414,2019-04-21,2019-05-26,2019-06-09,TRUE,FALSE,FALSE,0,NA,NA,NA,NA,NA,NA,0
BA_20190421,2019-04-28,2019-06-02,2019-06-16,TRUE,FALSE,FALSE,0,NA,NA,NA,NA,NA,NA,0
BA_20190428,2019-05-05,2019-06-09,2019-06-23,TRUE,FALSE,FALSE,0,NA,NA,NA,NA,NA,NA,0
BA_20190505,2019-05-12,2019-06-16,2019-06-30,TRUE,FALSE,FALSE,0,NA,NA,NA,NA,NA,NA,0
BA_20190512,2019-05-19,2019-06-23,2019-07-07,TRUE,FALSE,FALSE,0,NA,NA,NA,NA,NA,NA,0
BA_20190519,2019-05-26,2019-06-30,2019-07-14,TRUE,FALSE,FALSE,0,NA,NA,NA,NA,NA,NA,0
BA_20190526,2019-06-02,2019-07-07,2019-07-21,TRUE,FALSE,FALSE,0,NA,NA,NA,NA,NA,NA,0
BA_20190602,2019-06-09,2019-07-14,2019-07-28,TRUE,FALSE,FALSE,0,NA,NA,NA,NA,NA,NA,0
BA_20190609,2019-06-16,2019-07-21,2019-08-04,TRUE,FALSE,FALSE,0,NA,NA,NA,NA,NA,NA,0
BA_20190616,2019-06-23,2019-07-28,2019-08-11,TRUE,FALSE,FALSE,0,NA,NA,NA,NA,NA,NA,0
BA_20190623,2019-06-30,2019-08-04,2019-08-18,TRUE,FALSE,FALSE,0,NA,NA,NA,NA,NA,NA,0
BA_20190630,2019-07-07,2019-08-11,2019-08-25,TRUE,FALSE,FALSE,0,NA,NA,NA,NA,NA,NA,0
BA_20190707,2019-07-14,2019-08-18,2019-09-01,TRUE,FALSE,FALSE,0,NA,NA,NA,NA,NA,NA,0
BA_20190714,2019-07-21,2019-08-25,2019-09-08,TRUE,FALSE,FALSE,0,NA,NA,NA,NA,NA,NA,0
BA_20190721,2019-07-28,2019-09-01,2019-09-15,TRUE,FALSE,FALSE,0,NA,NA,NA,NA,NA,NA,0
BA_20190728,2019-08-04,2019-09-08,2019-09-22,TRUE,FALSE,FALSE,0,NA,NA,NA,NA,NA,NA,0
BA_20190804,2019-08-11,2019-09-15,2019-09-29,TRUE,FALSE,FALSE,0,NA,NA,NA,NA,NA,NA,0
BA_20190811,2019-08-18,2019-09-22,2019-10-06,TRUE,FALSE,FALSE,0,NA,NA,NA,NA,NA,NA,0
BA_20190818,2019-08-25,2019-09-29,2019-10-13,TRUE,FALSE,FALSE,0,NA,NA,NA,NA,NA,NA,0
BA_20190825,2019-09-01,2019-10-06,2019-10-20,TRUE,FALSE,FALSE,0,NA,NA,NA,NA,NA,NA,0
BA_20190901,2019-09-08,2019-10-13,2019-10-27,TRUE,FALSE,FALSE,0,NA,NA,NA,NA,NA,NA,0
BA_20190908,2019-09-15,2019-10-20,2019-11-03,TRUE,FALSE,FALSE,0,NA,NA,NA,NA,NA,NA,0
BA_20190915,2019-09-22,2019-10-27,2019-11-10,TRUE,FALSE,FALSE,0,NA,NA,NA,NA,NA,NA,0
BA_20190922,2019-09-29,2019-11-03,2019-11-17,TRUE,FALSE,FALSE,0,NA,NA,NA,NA,NA,NA,0
BA_20190929,2019-10-06,2019-11-10,2019-11-24,TRUE,FALSE,FALSE,0,NA,NA,NA,NA,NA,NA,0
BA_20191006,2019-10-13,2019-11-17,2019-12-01,TRUE,FALSE,FALSE,0,NA,NA,NA,NA,NA,NA,0
BA_20191013,2019-10-20,2019-11-24,2019-12-08,TRUE,FALSE,FALSE,0,NA,NA,NA,NA,NA,NA,0
BA_20191020,2019-10-27,2019-12-01,2019-12-15,TRUE,FALSE,FALSE,0,NA,NA,NA,NA,NA,NA,0
BA_20191027,2019-11-03,2019-12-08,2019-12-22,TRUE,FALSE,FALSE,0,NA,NA,NA,NA,NA,NA,0
BA_20191103,2019-11-10,2019-12-15,2019-12-29,TRUE,FALSE,FALSE,0,NA,NA,NA,NA,NA,NA,0
BA_20191110,2019-11-17,2019-12-22,2020-01-05,TRUE,FALSE,FALSE,0,NA,NA,NA,NA,NA,NA,0
BA_20191117,2019-11-24,2019-12-29,2020-01-12,TRUE,FALSE,FALSE,0,NA,NA,NA,NA,NA,NA,0
BA_20191124,2019-12-01,2020-01-05,2020-01-19,TRUE,FALSE,TRUE,1,BA_wave_06,2020-01-19,2020-12-20,1.459620676899967,1.0379580909196708,2.1244308749921457,127.1989364
BA_20191201,2019-12-08,2020-01-12,2020-01-26,TRUE,FALSE,TRUE,1,BA_wave_06,2020-01-19,2020-12-20,1.459620676899967,1.0379580909196708,2.1244308749921457,127.1989364
BA_20191208,2019-12-15,2020-01-19,2020-02-02,TRUE,TRUE,TRUE,1,BA_wave_06,2020-01-19,2020-12-20,1.459620676899967,1.0379580909196708,2.1244308749921457,127.1989364
BA_20191215,2019-12-22,2020-01-26,2020-02-09,TRUE,TRUE,TRUE,1,BA_wave_06,2020-01-19,2020-12-20,1.459620676899967,1.0379580909196708,2.1244308749921457,127.1989364
BA_20191222,2019-12-29,2020-02-02,2020-02-16,TRUE,TRUE,TRUE,1,BA_wave_06,2020-01-19,2020-12-20,1.459620676899967,1.0379580909196708,2.1244308749921457,127.1989364
BA_20191229,2020-01-05,2020-02-09,2020-02-23,TRUE,TRUE,TRUE,1,BA_wave_06,2020-01-19,2020-12-20,1.459620676899967,1.0379580909196708,2.1244308749921457,127.1989364
BA_20200105,2020-01-12,2020-02-16,2020-03-01,TRUE,TRUE,TRUE,1,BA_wave_06,2020-01-19,2020-12-20,1.459620676899967,1.0379580909196708,2.1244308749921457,127.1989364
BA_20200112,2020-01-19,2020-02-23,2020-03-08,TRUE,TRUE,TRUE,1,BA_wave_06,2020-01-19,2020-12-20,1.459620676899967,1.0379580909196708,2.1244308749921457,127.1989364
BA_20200119,2020-01-26,2020-03-01,2020-03-15,TRUE,FALSE,FALSE,0,NA,NA,NA,NA,NA,NA,0
BA_20200126,2020-02-02,2020-03-08,2020-03-22,TRUE,FALSE,FALSE,0,NA,NA,NA,NA,NA,NA,0
BA_20200202,2020-02-09,2020-03-15,2020-03-29,TRUE,FALSE,FALSE,0,NA,NA,NA,NA,NA,NA,0
BA_20200209,2020-02-16,2020-03-22,2020-04-05,TRUE,FALSE,FALSE,0,NA,NA,NA,NA,NA,NA,0
BA_20200216,2020-02-23,2020-03-29,2020-04-12,TRUE,FALSE,FALSE,0,NA,NA,NA,NA,NA,NA,0
BA_20200223,2020-03-01,2020-04-05,2020-04-19,TRUE,FALSE,FALSE,0,NA,NA,NA,NA,NA,NA,0
BA_20200301,2020-03-08,2020-04-12,2020-04-26,TRUE,FALSE,FALSE,0,NA,NA,NA,NA,NA,NA,0
BA_20200308,2020-03-15,2020-04-19,2020-05-03,TRUE,FALSE,FALSE,0,NA,NA,NA,NA,NA,NA,0
BA_20200315,2020-03-22,2020-04-26,2020-05-10,TRUE,FALSE,FALSE,0,NA,NA,NA,NA,NA,NA,0
BA_20200322,2020-03-29,2020-05-03,2020-05-17,TRUE,FALSE,FALSE,0,NA,NA,NA,NA,NA,NA,0
BA_20200329,2020-04-05,2020-05-10,2020-05-24,TRUE,FALSE,FALSE,0,NA,NA,NA,NA,NA,NA,0
BA_20200405,2020-04-12,2020-05-17,2020-05-31,TRUE,FALSE,FALSE,0,NA,NA,NA,NA,NA,NA,0
BA_20200412,2020-04-19,2020-05-24,2020-06-07,TRUE,FALSE,FALSE,0,NA,NA,NA,NA,NA,NA,0
BA_20200419,2020-04-26,2020-05-31,2020-06-14,TRUE,FALSE,FALSE,0,NA,NA,NA,NA,NA,NA,0
BA_20200426,2020-05-03,2020-06-07,2020-06-21,TRUE,FALSE,FALSE,0,NA,NA,NA,NA,NA,NA,0
BA_20200503,2020-05-10,2020-06-14,2020-06-28,TRUE,FALSE,FALSE,0,NA,NA,NA,NA,NA,NA,0
BA_20200510,2020-05-17,2020-06-21,2020-07-05,TRUE,FALSE,FALSE,0,NA,NA,NA,NA,NA,NA,0
BA_20200517,2020-05-24,2020-06-28,2020-07-12,TRUE,FALSE,FALSE,0,NA,NA,NA,NA,NA,NA,0
BA_20200524,2020-05-31,2020-07-05,2020-07-19,TRUE,FALSE,FALSE,0,NA,NA,NA,NA,NA,NA,0
BA_20200531,2020-06-07,2020-07-12,2020-07-26,TRUE,FALSE,FALSE,0,NA,NA,NA,NA,NA,NA,0
BA_20200607,2020-06-14,2020-07-19,2020-08-02,TRUE,FALSE,FALSE,0,NA,NA,NA,NA,NA,NA,0
BA_20200614,2020-06-21,2020-07-26,2020-08-09,TRUE,FALSE,FALSE,0,NA,NA,NA,NA,NA,NA,0
BA_20200621,2020-06-28,2020-08-02,2020-08-16,TRUE,FALSE,FALSE,0,NA,NA,NA,NA,NA,NA,0
BA_20200628,2020-07-05,2020-08-09,2020-08-23,TRUE,FALSE,FALSE,0,NA,NA,NA,NA,NA,NA,0
BA_20200705,2020-07-12,2020-08-16,2020-08-30,TRUE,FALSE,FALSE,0,NA,NA,NA,NA,NA,NA,0
BA_20200712,2020-07-19,2020-08-23,2020-09-06,TRUE,FALSE,FALSE,0,NA,NA,NA,NA,NA,NA,0
BA_20200719,2020-07-26,2020-08-30,2020-09-13,TRUE,FALSE,FALSE,0,NA,NA,NA,NA,NA,NA,0
BA_20200726,2020-08-02,2020-09-06,2020-09-20,TRUE,FALSE,FALSE,0,NA,NA,NA,NA,NA,NA,0
BA_20200816,2020-08-23,2020-09-27,2020-10-11,TRUE,FALSE,FALSE,0,NA,NA,NA,NA,NA,NA,0
BA_20200823,2020-08-30,2020-10-04,2020-10-18,TRUE,FALSE,FALSE,0,NA,NA,NA,NA,NA,NA,0
BA_20200830,2020-09-06,2020-10-11,2020-10-25,TRUE,FALSE,FALSE,0,NA,NA,NA,NA,NA,NA,0
BA_20200906,2020-09-13,2020-10-18,2020-11-01,TRUE,FALSE,FALSE,0,NA,NA,NA,NA,NA,NA,0
BA_20200913,2020-09-20,2020-10-25,2020-11-08,TRUE,FALSE,FALSE,0,NA,NA,NA,NA,NA,NA,0
BA_20200920,2020-09-27,2020-11-01,2020-11-15,TRUE,FALSE,FALSE,0,NA,NA,NA,NA,NA,NA,0
BA_20200927,2020-10-04,2020-11-08,2020-11-22,TRUE,FALSE,FALSE,0,NA,NA,NA,NA,NA,NA,0
BA_20201004,2020-10-11,2020-11-15,2020-11-29,TRUE,FALSE,FALSE,0,NA,NA,NA,NA,NA,NA,0
BA_20201011,2020-10-18,2020-11-22,2020-12-06,TRUE,FALSE,FALSE,0,NA,NA,NA,NA,NA,NA,0
BA_20201018,2020-10-25,2020-11-29,2020-12-13,TRUE,FALSE,FALSE,0,NA,NA,NA,NA,NA,NA,0
BA_20201025,2020-11-01,2020-12-06,2020-12-20,TRUE,FALSE,FALSE,0,NA,NA,NA,NA,NA,NA,0
BA_20201101,2020-11-08,2020-12-13,2020-12-27,TRUE,FALSE,FALSE,0,NA,NA,NA,NA,NA,NA,0
BA_20201108,2020-11-15,2020-12-20,2021-01-03,TRUE,FALSE,TRUE,1,BA_wave_07,2021-01-03,2021-10-24,2.8219228702929304,1.996569018758673,4.115175892497589,64.55116116
BA_20201115,2020-11-22,2020-12-27,2021-01-10,TRUE,FALSE,TRUE,1,BA_wave_07,2021-01-03,2021-10-24,2.8219228702929304,1.996569018758673,4.115175892497589,64.55116116
BA_20201122,2020-11-29,2021-01-03,2021-01-17,TRUE,TRUE,TRUE,1,BA_wave_07,2021-01-03,2021-10-24,2.8219228702929304,1.996569018758673,4.115175892497589,64.55116116
BA_20201129,2020-12-06,2021-01-10,2021-01-24,TRUE,TRUE,TRUE,1,BA_wave_07,2021-01-03,2021-10-24,2.8219228702929304,1.996569018758673,4.115175892497589,64.55116116
BA_20201206,2020-12-13,2021-01-17,2021-01-31,TRUE,TRUE,TRUE,1,BA_wave_07,2021-01-03,2021-10-24,2.8219228702929304,1.996569018758673,4.115175892497589,64.55116116
BA_20201213,2020-12-20,2021-01-24,2021-02-07,TRUE,TRUE,TRUE,1,BA_wave_07,2021-01-03,2021-10-24,2.8219228702929304,1.996569018758673,4.115175892497589,64.55116116
BA_20201220,2020-12-27,2021-01-31,2021-02-14,TRUE,TRUE,TRUE,1,BA_wave_07,2021-01-03,2021-10-24,2.8219228702929304,1.996569018758673,4.115175892497589,64.55116116
BA_20201227,2021-01-03,2021-02-07,2021-02-21,TRUE,TRUE,TRUE,1,BA_wave_07,2021-01-03,2021-10-24,2.8219228702929304,1.996569018758673,4.115175892497589,64.55116116
BA_20210103,2021-01-10,2021-02-14,2021-02-28,TRUE,FALSE,FALSE,0,NA,NA,NA,NA,NA,NA,0
BA_20210110,2021-01-17,2021-02-21,2021-03-07,TRUE,FALSE,FALSE,0,NA,NA,NA,NA,NA,NA,0
BA_20210117,2021-01-24,2021-02-28,2021-03-14,TRUE,FALSE,FALSE,0,NA,NA,NA,NA,NA,NA,0
BA_20210124,2021-01-31,2021-03-07,2021-03-21,TRUE,FALSE,FALSE,0,NA,NA,NA,NA,NA,NA,0
BA_20210131,2021-02-07,2021-03-14,2021-03-28,TRUE,FALSE,FALSE,0,NA,NA,NA,NA,NA,NA,0
BA_20210207,2021-02-14,2021-03-21,2021-04-04,TRUE,FALSE,FALSE,0,NA,NA,NA,NA,NA,NA,0
BA_20210214,2021-02-21,2021-03-28,2021-04-11,TRUE,FALSE,FALSE,0,NA,NA,NA,NA,NA,NA,0
BA_20210221,2021-02-28,2021-04-04,2021-04-18,TRUE,FALSE,FALSE,0,NA,NA,NA,NA,NA,NA,0
BA_20210228,2021-03-07,2021-04-11,2021-04-25,TRUE,FALSE,FALSE,0,NA,NA,NA,NA,NA,NA,0
BA_20210307,2021-03-14,2021-04-18,2021-05-02,TRUE,FALSE,FALSE,0,NA,NA,NA,NA,NA,NA,0
BA_20210314,2021-03-21,2021-04-25,2021-05-09,TRUE,FALSE,FALSE,0,NA,NA,NA,NA,NA,NA,0
BA_20210321,2021-03-28,2021-05-02,2021-05-16,TRUE,FALSE,FALSE,0,NA,NA,NA,NA,NA,NA,0
BA_20210328,2021-04-04,2021-05-09,2021-05-23,TRUE,FALSE,FALSE,0,NA,NA,NA,NA,NA,NA,0
BA_20210404,2021-04-11,2021-05-16,2021-05-30,TRUE,FALSE,FALSE,0,NA,NA,NA,NA,NA,NA,0
BA_20210411,2021-04-18,2021-05-23,2021-06-06,TRUE,FALSE,FALSE,0,NA,NA,NA,NA,NA,NA,0
BA_20210418,2021-04-25,2021-05-30,2021-06-13,TRUE,FALSE,FALSE,0,NA,NA,NA,NA,NA,NA,0
BA_20210425,2021-05-02,2021-06-06,2021-06-20,TRUE,FALSE,FALSE,0,NA,NA,NA,NA,NA,NA,0
BA_20210502,2021-05-09,2021-06-13,2021-06-27,TRUE,FALSE,FALSE,0,NA,NA,NA,NA,NA,NA,0
BA_20210509,2021-05-16,2021-06-20,2021-07-04,TRUE,FALSE,FALSE,0,NA,NA,NA,NA,NA,NA,0
BA_20210516,2021-05-23,2021-06-27,2021-07-11,TRUE,FALSE,FALSE,0,NA,NA,NA,NA,NA,NA,0
BA_20210523,2021-05-30,2021-07-04,2021-07-18,TRUE,FALSE,FALSE,0,NA,NA,NA,NA,NA,NA,0
BA_20210530,2021-06-06,2021-07-11,2021-07-25,TRUE,FALSE,FALSE,0,NA,NA,NA,NA,NA,NA,0
BA_20210606,2021-06-13,2021-07-18,2021-08-01,TRUE,FALSE,FALSE,0,NA,NA,NA,NA,NA,NA,0
BA_20210613,2021-06-20,2021-07-25,2021-08-08,TRUE,FALSE,FALSE,0,NA,NA,NA,NA,NA,NA,0
BA_20210620,2021-06-27,2021-08-01,2021-08-15,TRUE,FALSE,FALSE,0,NA,NA,NA,NA,NA,NA,0
BA_20210627,2021-07-04,2021-08-08,2021-08-22,TRUE,FALSE,FALSE,0,NA,NA,NA,NA,NA,NA,0
BA_20210704,2021-07-11,2021-08-15,2021-08-29,TRUE,FALSE,FALSE,0,NA,NA,NA,NA,NA,NA,0
BA_20210711,2021-07-18,2021-08-22,2021-09-05,TRUE,FALSE,FALSE,0,NA,NA,NA,NA,NA,NA,0
BA_20210718,2021-07-25,2021-08-29,2021-09-12,TRUE,FALSE,FALSE,0,NA,NA,NA,NA,NA,NA,0
BA_20210725,2021-08-01,2021-09-05,2021-09-19,TRUE,FALSE,FALSE,0,NA,NA,NA,NA,NA,NA,0
BA_20210801,2021-08-08,2021-09-12,2021-09-26,TRUE,FALSE,FALSE,0,NA,NA,NA,NA,NA,NA,0
BA_20210808,2021-08-15,2021-09-19,2021-10-03,TRUE,FALSE,FALSE,0,NA,NA,NA,NA,NA,NA,0
BA_20210815,2021-08-22,2021-09-26,2021-10-10,TRUE,FALSE,FALSE,0,NA,NA,NA,NA,NA,NA,0
BA_20210822,2021-08-29,2021-10-03,2021-10-17,TRUE,FALSE,FALSE,0,NA,NA,NA,NA,NA,NA,0
BA_20210829,2021-09-05,2021-10-10,2021-10-24,TRUE,FALSE,FALSE,0,NA,NA,NA,NA,NA,NA,0
BA_20210905,2021-09-12,2021-10-17,2021-10-31,TRUE,FALSE,FALSE,0,NA,NA,NA,NA,NA,NA,0
BA_20210912,2021-09-19,2021-10-24,2021-11-07,TRUE,FALSE,FALSE,0,NA,NA,NA,NA,NA,NA,0
BA_20210919,2021-09-26,2021-10-31,2021-11-14,TRUE,FALSE,FALSE,0,NA,NA,NA,NA,NA,NA,0
BA_20210926,2021-10-03,2021-11-07,2021-11-21,TRUE,FALSE,FALSE,0,NA,NA,NA,NA,NA,NA,0
BA_20211003,2021-10-10,2021-11-14,2021-11-28,TRUE,FALSE,FALSE,0,NA,NA,NA,NA,NA,NA,0
BA_20211010,2021-10-17,2021-11-21,2021-12-05,TRUE,FALSE,TRUE,1,BA_wave_08,2021-12-05,2022-10-02,1.9509810772173637,1.3806884022790014,2.8416752801552843,93.8309236
BA_20211017,2021-10-24,2021-11-28,2021-12-12,TRUE,FALSE,TRUE,1,BA_wave_08,2021-12-05,2022-10-02,1.9509810772173637,1.3806884022790014,2.8416752801552843,93.8309236
BA_20211024,2021-10-31,2021-12-05,2021-12-19,TRUE,TRUE,TRUE,1,BA_wave_08,2021-12-05,2022-10-02,1.9509810772173637,1.3806884022790014,2.8416752801552843,93.8309236
BA_20211031,2021-11-07,2021-12-12,2021-12-26,TRUE,TRUE,TRUE,1,BA_wave_08,2021-12-05,2022-10-02,1.9509810772173637,1.3806884022790014,2.8416752801552843,93.8309236
BA_20211107,2021-11-14,2021-12-19,2022-01-02,TRUE,TRUE,TRUE,1,BA_wave_08,2021-12-05,2022-10-02,1.9509810772173637,1.3806884022790014,2.8416752801552843,93.8309236
BA_20211114,2021-11-21,2021-12-26,2022-01-09,TRUE,TRUE,TRUE,1,BA_wave_08,2021-12-05,2022-10-02,1.9509810772173637,1.3806884022790014,2.8416752801552843,93.8309236
BA_20211121,2021-11-28,2022-01-02,2022-01-16,TRUE,TRUE,TRUE,1,BA_wave_08,2021-12-05,2022-10-02,1.9509810772173637,1.3806884022790014,2.8416752801552843,93.8309236
BA_20211128,2021-12-05,2022-01-09,2022-01-23,TRUE,TRUE,TRUE,1,BA_wave_08,2021-12-05,2022-10-02,1.9509810772173637,1.3806884022790014,2.8416752801552843,93.8309236
BA_20211205,2021-12-12,2022-01-16,2022-01-30,TRUE,FALSE,FALSE,0,NA,NA,NA,NA,NA,NA,0
BA_20211212,2021-12-19,2022-01-23,2022-02-06,TRUE,FALSE,FALSE,0,NA,NA,NA,NA,NA,NA,0
BA_20211219,2021-12-26,2022-01-30,2022-02-13,TRUE,FALSE,FALSE,0,NA,NA,NA,NA,NA,NA,0
BA_20211226,2022-01-02,2022-02-06,2022-02-20,TRUE,FALSE,FALSE,0,NA,NA,NA,NA,NA,NA,0
BA_20220102,2022-01-09,2022-02-13,2022-02-27,TRUE,FALSE,FALSE,0,NA,NA,NA,NA,NA,NA,0
BA_20220109,2022-01-16,2022-02-20,2022-03-06,TRUE,FALSE,FALSE,0,NA,NA,NA,NA,NA,NA,0
BA_20220116,2022-01-23,2022-02-27,2022-03-13,TRUE,FALSE,FALSE,0,NA,NA,NA,NA,NA,NA,0
BA_20220123,2022-01-30,2022-03-06,2022-03-20,TRUE,FALSE,FALSE,0,NA,NA,NA,NA,NA,NA,0
BA_20220130,2022-02-06,2022-03-13,2022-03-27,TRUE,FALSE,FALSE,0,NA,NA,NA,NA,NA,NA,0
BA_20220206,2022-02-13,2022-03-20,2022-04-03,TRUE,FALSE,FALSE,0,NA,NA,NA,NA,NA,NA,0
BA_20220213,2022-02-20,2022-03-27,2022-04-10,TRUE,FALSE,FALSE,0,NA,NA,NA,NA,NA,NA,0
BA_20220220,2022-02-27,2022-04-03,2022-04-17,TRUE,FALSE,FALSE,0,NA,NA,NA,NA,NA,NA,0
BA_20220227,2022-03-06,2022-04-10,2022-04-24,TRUE,FALSE,FALSE,0,NA,NA,NA,NA,NA,NA,0
BA_20220306,2022-03-13,2022-04-17,2022-05-01,TRUE,FALSE,FALSE,0,NA,NA,NA,NA,NA,NA,0
BA_20220313,2022-03-20,2022-04-24,2022-05-08,TRUE,FALSE,FALSE,0,NA,NA,NA,NA,NA,NA,0
BA_20220320,2022-03-27,2022-05-01,2022-05-15,TRUE,FALSE,FALSE,0,NA,NA,NA,NA,NA,NA,0
BA_20220327,2022-04-03,2022-05-08,2022-05-22,TRUE,FALSE,FALSE,0,NA,NA,NA,NA,NA,NA,0
BA_20220403,2022-04-10,2022-05-15,2022-05-29,TRUE,FALSE,FALSE,0,NA,NA,NA,NA,NA,NA,0
BA_20220410,2022-04-17,2022-05-22,2022-06-05,TRUE,FALSE,FALSE,0,NA,NA,NA,NA,NA,NA,0
BA_20220417,2022-04-24,2022-05-29,2022-06-12,TRUE,FALSE,FALSE,0,NA,NA,NA,NA,NA,NA,0
BA_20220424,2022-05-01,2022-06-05,2022-06-19,TRUE,FALSE,FALSE,0,NA,NA,NA,NA,NA,NA,0
BA_20220501,2022-05-08,2022-06-12,2022-06-26,TRUE,FALSE,FALSE,0,NA,NA,NA,NA,NA,NA,0
BA_20220508,2022-05-15,2022-06-19,2022-07-03,TRUE,FALSE,FALSE,0,NA,NA,NA,NA,NA,NA,0
BA_20220515,2022-05-22,2022-06-26,2022-07-10,TRUE,FALSE,FALSE,0,NA,NA,NA,NA,NA,NA,0
BA_20220522,2022-05-29,2022-07-03,2022-07-17,TRUE,FALSE,FALSE,0,NA,NA,NA,NA,NA,NA,0
BA_20220529,2022-06-05,2022-07-10,2022-07-24,TRUE,FALSE,FALSE,0,NA,NA,NA,NA,NA,NA,0
BA_20220605,2022-06-12,2022-07-17,2022-07-31,TRUE,FALSE,FALSE,0,NA,NA,NA,NA,NA,NA,0
BA_20220612,2022-06-19,2022-07-24,2022-08-07,TRUE,FALSE,FALSE,0,NA,NA,NA,NA,NA,NA,0
BA_20220619,2022-06-26,2022-07-31,2022-08-14,TRUE,FALSE,FALSE,0,NA,NA,NA,NA,NA,NA,0
BA_20220626,2022-07-03,2022-08-07,2022-08-21,TRUE,FALSE,FALSE,0,NA,NA,NA,NA,NA,NA,0
BA_20220703,2022-07-10,2022-08-14,2022-08-28,TRUE,FALSE,FALSE,0,NA,NA,NA,NA,NA,NA,0
BA_20220710,2022-07-17,2022-08-21,2022-09-04,TRUE,FALSE,FALSE,0,NA,NA,NA,NA,NA,NA,0
BA_20220717,2022-07-24,2022-08-28,2022-09-11,TRUE,FALSE,FALSE,0,NA,NA,NA,NA,NA,NA,0
BA_20220724,2022-07-31,2022-09-04,2022-09-18,TRUE,FALSE,FALSE,0,NA,NA,NA,NA,NA,NA,0
BA_20220731,2022-08-07,2022-09-11,2022-09-25,TRUE,FALSE,FALSE,0,NA,NA,NA,NA,NA,NA,0
BA_20220807,2022-08-14,2022-09-18,2022-10-02,TRUE,FALSE,FALSE,0,NA,NA,NA,NA,NA,NA,0
BA_20220814,2022-08-21,2022-09-25,2022-10-09,TRUE,FALSE,FALSE,0,NA,NA,NA,NA,NA,NA,0
BA_20220821,2022-08-28,2022-10-02,2022-10-16,TRUE,FALSE,FALSE,0,NA,NA,NA,NA,NA,NA,0
BA_20220828,2022-09-04,2022-10-09,2022-10-23,TRUE,FALSE,FALSE,0,NA,NA,NA,NA,NA,NA,0
BA_20220904,2022-09-11,2022-10-16,2022-10-30,TRUE,FALSE,FALSE,0,NA,NA,NA,NA,NA,NA,0
BA_20220911,2022-09-18,2022-10-23,2022-11-06,TRUE,FALSE,TRUE,1,BA_wave_09,2022-11-06,2023-12-24,1.8480614056425169,1.3062062337117826,2.7519658300357652,85.17289047
BA_20220918,2022-09-25,2022-10-30,2022-11-13,TRUE,FALSE,TRUE,1,BA_wave_09,2022-11-06,2023-12-24,1.8480614056425169,1.3062062337117826,2.7519658300357652,85.17289047
BA_20220925,2022-10-02,2022-11-06,2022-11-20,TRUE,TRUE,TRUE,1,BA_wave_09,2022-11-06,2023-12-24,1.8480614056425169,1.3062062337117826,2.7519658300357652,85.17289047
BA_20221002,2022-10-09,2022-11-13,2022-11-27,TRUE,TRUE,TRUE,1,BA_wave_09,2022-11-06,2023-12-24,1.8480614056425169,1.3062062337117826,2.7519658300357652,85.17289047
BA_20221009,2022-10-16,2022-11-20,2022-12-04,TRUE,TRUE,TRUE,1,BA_wave_09,2022-11-06,2023-12-24,1.8480614056425169,1.3062062337117826,2.7519658300357652,85.17289047
BA_20221016,2022-10-23,2022-11-27,2022-12-11,TRUE,TRUE,TRUE,1,BA_wave_09,2022-11-06,2023-12-24,1.8480614056425169,1.3062062337117826,2.7519658300357652,85.17289047
BA_20221023,2022-10-30,2022-12-04,2022-12-18,TRUE,TRUE,TRUE,1,BA_wave_09,2022-11-06,2023-12-24,1.8480614056425169,1.3062062337117826,2.7519658300357652,85.17289047
BA_20221030,2022-11-06,2022-12-11,2022-12-25,TRUE,TRUE,TRUE,1,BA_wave_09,2022-11-06,2023-12-24,1.8480614056425169,1.3062062337117826,2.7519658300357652,85.17289047
BA_20221106,2022-11-13,2022-12-18,2023-01-01,TRUE,FALSE,FALSE,0,NA,NA,NA,NA,NA,NA,0
BA_20221113,2022-11-20,2022-12-25,2023-01-08,TRUE,FALSE,FALSE,0,NA,NA,NA,NA,NA,NA,0
BA_20221120,2022-11-27,2023-01-01,2023-01-15,TRUE,FALSE,FALSE,0,NA,NA,NA,NA,NA,NA,0
BA_20221127,2022-12-04,2023-01-08,2023-01-22,TRUE,FALSE,FALSE,0,NA,NA,NA,NA,NA,NA,0
BA_20221204,2022-12-11,2023-01-15,2023-01-29,TRUE,FALSE,FALSE,0,NA,NA,NA,NA,NA,NA,0
BA_20221211,2022-12-18,2023-01-22,2023-02-05,TRUE,FALSE,FALSE,0,NA,NA,NA,NA,NA,NA,0
BA_20221218,2022-12-25,2023-01-29,2023-02-12,TRUE,FALSE,FALSE,0,NA,NA,NA,NA,NA,NA,0
BA_20221225,2023-01-01,2023-02-05,2023-02-19,TRUE,FALSE,FALSE,0,NA,NA,NA,NA,NA,NA,0
BA_20230101,2023-01-08,2023-02-12,2023-02-26,TRUE,FALSE,FALSE,0,NA,NA,NA,NA,NA,NA,0
BA_20230108,2023-01-15,2023-02-19,2023-03-05,TRUE,FALSE,FALSE,0,NA,NA,NA,NA,NA,NA,0
BA_20230115,2023-01-22,2023-02-26,2023-03-12,TRUE,FALSE,FALSE,0,NA,NA,NA,NA,NA,NA,0
BA_20230122,2023-01-29,2023-03-05,2023-03-19,TRUE,FALSE,FALSE,0,NA,NA,NA,NA,NA,NA,0
BA_20230129,2023-02-05,2023-03-12,2023-03-26,TRUE,FALSE,FALSE,0,NA,NA,NA,NA,NA,NA,0
BA_20230205,2023-02-12,2023-03-19,2023-04-02,TRUE,FALSE,FALSE,0,NA,NA,NA,NA,NA,NA,0
BA_20230212,2023-02-19,2023-03-26,2023-04-09,TRUE,FALSE,FALSE,0,NA,NA,NA,NA,NA,NA,0
BA_20230219,2023-02-26,2023-04-02,2023-04-16,TRUE,FALSE,FALSE,0,NA,NA,NA,NA,NA,NA,0
BA_20230226,2023-03-05,2023-04-09,2023-04-23,TRUE,FALSE,FALSE,0,NA,NA,NA,NA,NA,NA,0
BA_20230305,2023-03-12,2023-04-16,2023-04-30,TRUE,FALSE,FALSE,0,NA,NA,NA,NA,NA,NA,0
BA_20230312,2023-03-19,2023-04-23,2023-05-07,TRUE,FALSE,FALSE,0,NA,NA,NA,NA,NA,NA,0
BA_20230319,2023-03-26,2023-04-30,2023-05-14,TRUE,FALSE,FALSE,0,NA,NA,NA,NA,NA,NA,0
BA_20230326,2023-04-02,2023-05-07,2023-05-21,TRUE,FALSE,FALSE,0,NA,NA,NA,NA,NA,NA,0
BA_20230402,2023-04-09,2023-05-14,2023-05-28,TRUE,FALSE,FALSE,0,NA,NA,NA,NA,NA,NA,0
BA_20230409,2023-04-16,2023-05-21,2023-06-04,TRUE,FALSE,FALSE,0,NA,NA,NA,NA,NA,NA,0
BA_20230416,2023-04-23,2023-05-28,2023-06-11,TRUE,FALSE,FALSE,0,NA,NA,NA,NA,NA,NA,0
BA_20230423,2023-04-30,2023-06-04,2023-06-18,TRUE,FALSE,FALSE,0,NA,NA,NA,NA,NA,NA,0
BA_20230430,2023-05-07,2023-06-11,2023-06-25,TRUE,FALSE,FALSE,0,NA,NA,NA,NA,NA,NA,0
BA_20230507,2023-05-14,2023-06-18,2023-07-02,TRUE,FALSE,FALSE,0,NA,NA,NA,NA,NA,NA,0
BA_20230514,2023-05-21,2023-06-25,2023-07-09,TRUE,FALSE,FALSE,0,NA,NA,NA,NA,NA,NA,0
BA_20230521,2023-05-28,2023-07-02,2023-07-16,TRUE,FALSE,FALSE,0,NA,NA,NA,NA,NA,NA,0
BA_20230528,2023-06-04,2023-07-09,2023-07-23,TRUE,FALSE,FALSE,0,NA,NA,NA,NA,NA,NA,0
BA_20230604,2023-06-11,2023-07-16,2023-07-30,TRUE,FALSE,FALSE,0,NA,NA,NA,NA,NA,NA,0
BA_20230611,2023-06-18,2023-07-23,2023-08-06,TRUE,FALSE,FALSE,0,NA,NA,NA,NA,NA,NA,0
BA_20230618,2023-06-25,2023-07-30,2023-08-13,TRUE,FALSE,FALSE,0,NA,NA,NA,NA,NA,NA,0
BA_20230625,2023-07-02,2023-08-06,2023-08-20,TRUE,FALSE,FALSE,0,NA,NA,NA,NA,NA,NA,0
BA_20230702,2023-07-09,2023-08-13,2023-08-27,TRUE,FALSE,FALSE,0,NA,NA,NA,NA,NA,NA,0
BA_20230709,2023-07-16,2023-08-20,2023-09-03,TRUE,FALSE,FALSE,0,NA,NA,NA,NA,NA,NA,0
BA_20230716,2023-07-23,2023-08-27,2023-09-10,TRUE,FALSE,FALSE,0,NA,NA,NA,NA,NA,NA,0
BA_20230723,2023-07-30,2023-09-03,2023-09-17,TRUE,FALSE,FALSE,0,NA,NA,NA,NA,NA,NA,0
BA_20230730,2023-08-06,2023-09-10,2023-09-24,TRUE,FALSE,FALSE,0,NA,NA,NA,NA,NA,NA,0
BA_20230806,2023-08-13,2023-09-17,2023-10-01,TRUE,FALSE,FALSE,0,NA,NA,NA,NA,NA,NA,0
BA_20230813,2023-08-20,2023-09-24,2023-10-08,TRUE,FALSE,FALSE,0,NA,NA,NA,NA,NA,NA,0
BA_20230820,2023-08-27,2023-10-01,2023-10-15,TRUE,FALSE,FALSE,0,NA,NA,NA,NA,NA,NA,0
BA_20230827,2023-09-03,2023-10-08,2023-10-22,TRUE,FALSE,FALSE,0,NA,NA,NA,NA,NA,NA,0
BA_20230903,2023-09-10,2023-10-15,2023-10-29,TRUE,FALSE,FALSE,0,NA,NA,NA,NA,NA,NA,0
BA_20230910,2023-09-17,2023-10-22,2023-11-05,TRUE,FALSE,FALSE,0,NA,NA,NA,NA,NA,NA,0
BA_20230917,2023-09-24,2023-10-29,2023-11-12,TRUE,FALSE,FALSE,0,NA,NA,NA,NA,NA,NA,0
BA_20230924,2023-10-01,2023-11-05,2023-11-19,TRUE,FALSE,FALSE,0,NA,NA,NA,NA,NA,NA,0
BA_20231001,2023-10-08,2023-11-12,2023-11-26,TRUE,FALSE,FALSE,0,NA,NA,NA,NA,NA,NA,0
BA_20231008,2023-10-15,2023-11-19,2023-12-03,TRUE,FALSE,FALSE,0,NA,NA,NA,NA,NA,NA,0
BA_20231015,2023-10-22,2023-11-26,2023-12-10,TRUE,FALSE,FALSE,0,NA,NA,NA,NA,NA,NA,0
BA_20231022,2023-10-29,2023-12-03,2023-12-17,TRUE,FALSE,FALSE,0,NA,NA,NA,NA,NA,NA,0
BA_20231029,2023-11-05,2023-12-10,2023-12-24,TRUE,FALSE,FALSE,0,NA,NA,NA,NA,NA,NA,0
BA_20231105,2023-11-12,2023-12-17,2023-12-31,TRUE,FALSE,FALSE,0,NA,NA,NA,NA,NA,NA,0
BA_20231112,2023-11-19,2023-12-24,2024-01-07,TRUE,FALSE,FALSE,0,NA,NA,NA,NA,NA,NA,0
BA_20231119,2023-11-26,2023-12-31,2024-01-14,TRUE,FALSE,FALSE,0,NA,NA,NA,NA,NA,NA,0
BA_20231126,2023-12-03,2024-01-07,2024-01-21,TRUE,FALSE,TRUE,1,BA_wave_10,2024-01-21,2025-12-28,2.536639210128031,1.826916662081009,3.658050871406114,100.0154851
BA_20231203,2023-12-10,2024-01-14,2024-01-28,TRUE,FALSE,TRUE,1,BA_wave_10,2024-01-21,2025-12-28,2.536639210128031,1.826916662081009,3.658050871406114,100.0154851
BA_20231210,2023-12-17,2024-01-21,2024-02-04,TRUE,TRUE,TRUE,1,BA_wave_10,2024-01-21,2025-12-28,2.536639210128031,1.826916662081009,3.658050871406114,100.0154851
BA_20231217,2023-12-24,2024-01-28,2024-02-11,TRUE,TRUE,TRUE,1,BA_wave_10,2024-01-21,2025-12-28,2.536639210128031,1.826916662081009,3.658050871406114,100.0154851
BA_20231224,2023-12-31,2024-02-04,2024-02-18,TRUE,TRUE,TRUE,1,BA_wave_10,2024-01-21,2025-12-28,2.536639210128031,1.826916662081009,3.658050871406114,100.0154851
BA_20231231,2024-01-07,2024-02-11,2024-02-25,TRUE,TRUE,TRUE,1,BA_wave_10,2024-01-21,2025-12-28,2.536639210128031,1.826916662081009,3.658050871406114,100.0154851
BA_20240107,2024-01-14,2024-02-18,2024-03-03,TRUE,TRUE,TRUE,1,BA_wave_10,2024-01-21,2025-12-28,2.536639210128031,1.826916662081009,3.658050871406114,100.0154851
BA_20240114,2024-01-21,2024-02-25,2024-03-10,TRUE,TRUE,TRUE,1,BA_wave_10,2024-01-21,2025-12-28,2.536639210128031,1.826916662081009,3.658050871406114,100.0154851
BA_20240121,2024-01-28,2024-03-03,2024-03-17,TRUE,FALSE,FALSE,0,NA,NA,NA,NA,NA,NA,0
BA_20240128,2024-02-04,2024-03-10,2024-03-24,TRUE,FALSE,FALSE,0,NA,NA,NA,NA,NA,NA,0
BA_20240204,2024-02-11,2024-03-17,2024-03-31,TRUE,FALSE,FALSE,0,NA,NA,NA,NA,NA,NA,0
BA_20240211,2024-02-18,2024-03-24,2024-04-07,TRUE,FALSE,FALSE,0,NA,NA,NA,NA,NA,NA,0
BA_20240218,2024-02-25,2024-03-31,2024-04-14,TRUE,FALSE,FALSE,0,NA,NA,NA,NA,NA,NA,0
BA_20240225,2024-03-03,2024-04-07,2024-04-21,TRUE,FALSE,FALSE,0,NA,NA,NA,NA,NA,NA,0
BA_20240303,2024-03-10,2024-04-14,2024-04-28,TRUE,FALSE,FALSE,0,NA,NA,NA,NA,NA,NA,0
BA_20240310,2024-03-17,2024-04-21,2024-05-05,TRUE,FALSE,FALSE,0,NA,NA,NA,NA,NA,NA,0
BA_20240317,2024-03-24,2024-04-28,2024-05-12,TRUE,FALSE,FALSE,0,NA,NA,NA,NA,NA,NA,0
BA_20240324,2024-03-31,2024-05-05,2024-05-19,TRUE,FALSE,FALSE,0,NA,NA,NA,NA,NA,NA,0
BA_20240331,2024-04-07,2024-05-12,2024-05-26,TRUE,FALSE,FALSE,0,NA,NA,NA,NA,NA,NA,0
BA_20240407,2024-04-14,2024-05-19,2024-06-02,TRUE,FALSE,FALSE,0,NA,NA,NA,NA,NA,NA,0
BA_20240414,2024-04-21,2024-05-26,2024-06-09,TRUE,FALSE,FALSE,0,NA,NA,NA,NA,NA,NA,0
BA_20240421,2024-04-28,2024-06-02,2024-06-16,TRUE,FALSE,FALSE,0,NA,NA,NA,NA,NA,NA,0
BA_20240428,2024-05-05,2024-06-09,2024-06-23,TRUE,FALSE,FALSE,0,NA,NA,NA,NA,NA,NA,0
BA_20240505,2024-05-12,2024-06-16,2024-06-30,TRUE,FALSE,FALSE,0,NA,NA,NA,NA,NA,NA,0
BA_20240512,2024-05-19,2024-06-23,2024-07-07,TRUE,FALSE,FALSE,0,NA,NA,NA,NA,NA,NA,0
BA_20240519,2024-05-26,2024-06-30,2024-07-14,TRUE,FALSE,FALSE,0,NA,NA,NA,NA,NA,NA,0
BA_20240526,2024-06-02,2024-07-07,2024-07-21,TRUE,FALSE,FALSE,0,NA,NA,NA,NA,NA,NA,0
BA_20240602,2024-06-09,2024-07-14,2024-07-28,TRUE,FALSE,FALSE,0,NA,NA,NA,NA,NA,NA,0
BA_20240609,2024-06-16,2024-07-21,2024-08-04,TRUE,FALSE,FALSE,0,NA,NA,NA,NA,NA,NA,0
BA_20240616,2024-06-23,2024-07-28,2024-08-11,TRUE,FALSE,FALSE,0,NA,NA,NA,NA,NA,NA,0
BA_20240623,2024-06-30,2024-08-04,2024-08-18,TRUE,FALSE,FALSE,0,NA,NA,NA,NA,NA,NA,0
BA_20240630,2024-07-07,2024-08-11,2024-08-25,TRUE,FALSE,FALSE,0,NA,NA,NA,NA,NA,NA,0
BA_20240707,2024-07-14,2024-08-18,2024-09-01,TRUE,FALSE,FALSE,0,NA,NA,NA,NA,NA,NA,0
BA_20240714,2024-07-21,2024-08-25,2024-09-08,TRUE,FALSE,FALSE,0,NA,NA,NA,NA,NA,NA,0
BA_20240721,2024-07-28,2024-09-01,2024-09-15,TRUE,FALSE,FALSE,0,NA,NA,NA,NA,NA,NA,0
BA_20240728,2024-08-04,2024-09-08,2024-09-22,TRUE,FALSE,FALSE,0,NA,NA,NA,NA,NA,NA,0
BA_20240804,2024-08-11,2024-09-15,2024-09-29,TRUE,FALSE,FALSE,0,NA,NA,NA,NA,NA,NA,0
BA_20240811,2024-08-18,2024-09-22,2024-10-06,TRUE,FALSE,FALSE,0,NA,NA,NA,NA,NA,NA,0
BA_20240818,2024-08-25,2024-09-29,2024-10-13,TRUE,FALSE,FALSE,0,NA,NA,NA,NA,NA,NA,0
BA_20240825,2024-09-01,2024-10-06,2024-10-20,TRUE,FALSE,FALSE,0,NA,NA,NA,NA,NA,NA,0
BA_20240901,2024-09-08,2024-10-13,2024-10-27,TRUE,FALSE,FALSE,0,NA,NA,NA,NA,NA,NA,0
BA_20240908,2024-09-15,2024-10-20,2024-11-03,TRUE,FALSE,FALSE,0,NA,NA,NA,NA,NA,NA,0
BA_20240915,2024-09-22,2024-10-27,2024-11-10,TRUE,FALSE,FALSE,0,NA,NA,NA,NA,NA,NA,0
BA_20240922,2024-09-29,2024-11-03,2024-11-17,TRUE,FALSE,FALSE,0,NA,NA,NA,NA,NA,NA,0
BA_20240929,2024-10-06,2024-11-10,2024-11-24,TRUE,FALSE,FALSE,0,NA,NA,NA,NA,NA,NA,0
BA_20241006,2024-10-13,2024-11-17,2024-12-01,TRUE,FALSE,FALSE,0,NA,NA,NA,NA,NA,NA,0
BA_20241013,2024-10-20,2024-11-24,2024-12-08,TRUE,FALSE,FALSE,0,NA,NA,NA,NA,NA,NA,0
BA_20241020,2024-10-27,2024-12-01,2024-12-15,TRUE,FALSE,FALSE,0,NA,NA,NA,NA,NA,NA,0
BA_20241027,2024-11-03,2024-12-08,2024-12-22,TRUE,FALSE,FALSE,0,NA,NA,NA,NA,NA,NA,0
BA_20241103,2024-11-10,2024-12-15,2024-12-29,TRUE,FALSE,FALSE,0,NA,NA,NA,NA,NA,NA,0
BA_20241110,2024-11-17,2024-12-22,2025-01-05,TRUE,FALSE,FALSE,0,NA,NA,NA,NA,NA,NA,0
BA_20241117,2024-11-24,2024-12-29,2025-01-12,TRUE,FALSE,FALSE,0,NA,NA,NA,NA,NA,NA,0
BA_20241124,2024-12-01,2025-01-05,2025-01-19,TRUE,FALSE,FALSE,0,NA,NA,NA,NA,NA,NA,0
BA_20241201,2024-12-08,2025-01-12,2025-01-26,TRUE,FALSE,FALSE,0,NA,NA,NA,NA,NA,NA,0
BA_20241208,2024-12-15,2025-01-19,2025-02-02,TRUE,FALSE,FALSE,0,NA,NA,NA,NA,NA,NA,0
BA_20241215,2024-12-22,2025-01-26,2025-02-09,TRUE,FALSE,FALSE,0,NA,NA,NA,NA,NA,NA,0
BA_20241222,2024-12-29,2025-02-02,2025-02-16,TRUE,FALSE,FALSE,0,NA,NA,NA,NA,NA,NA,0
BA_20241229,2025-01-05,2025-02-09,2025-02-23,TRUE,FALSE,FALSE,0,NA,NA,NA,NA,NA,NA,0
BA_20250105,2025-01-12,2025-02-16,2025-03-02,TRUE,FALSE,FALSE,0,NA,NA,NA,NA,NA,NA,0
BA_20250112,2025-01-19,2025-02-23,2025-03-09,TRUE,FALSE,FALSE,0,NA,NA,NA,NA,NA,NA,0
BA_20250119,2025-01-26,2025-03-02,2025-03-16,TRUE,FALSE,FALSE,0,NA,NA,NA,NA,NA,NA,0
BA_20250126,2025-02-02,2025-03-09,2025-03-23,TRUE,FALSE,FALSE,0,NA,NA,NA,NA,NA,NA,0
BA_20250202,2025-02-09,2025-03-16,2025-03-30,TRUE,FALSE,FALSE,0,NA,NA,NA,NA,NA,NA,0
BA_20250209,2025-02-16,2025-03-23,2025-04-06,TRUE,FALSE,FALSE,0,NA,NA,NA,NA,NA,NA,0
BA_20250216,2025-02-23,2025-03-30,2025-04-13,TRUE,FALSE,FALSE,0,NA,NA,NA,NA,NA,NA,0
BA_20250223,2025-03-02,2025-04-06,2025-04-20,TRUE,FALSE,FALSE,0,NA,NA,NA,NA,NA,NA,0
BA_20250302,2025-03-09,2025-04-13,2025-04-27,TRUE,FALSE,FALSE,0,NA,NA,NA,NA,NA,NA,0
BA_20250309,2025-03-16,2025-04-20,2025-05-04,TRUE,FALSE,FALSE,0,NA,NA,NA,NA,NA,NA,0
BA_20250316,2025-03-23,2025-04-27,2025-05-11,TRUE,FALSE,FALSE,0,NA,NA,NA,NA,NA,NA,0
BA_20250323,2025-03-30,2025-05-04,2025-05-18,TRUE,FALSE,FALSE,0,NA,NA,NA,NA,NA,NA,0
BA_20250330,2025-04-06,2025-05-11,2025-05-25,TRUE,FALSE,FALSE,0,NA,NA,NA,NA,NA,NA,0
BA_20250406,2025-04-13,2025-05-18,2025-06-01,TRUE,FALSE,FALSE,0,NA,NA,NA,NA,NA,NA,0
BA_20250413,2025-04-20,2025-05-25,2025-06-08,TRUE,FALSE,FALSE,0,NA,NA,NA,NA,NA,NA,0
BA_20250420,2025-04-27,2025-06-01,2025-06-15,TRUE,FALSE,FALSE,0,NA,NA,NA,NA,NA,NA,0
BA_20250427,2025-05-04,2025-06-08,2025-06-22,TRUE,FALSE,FALSE,0,NA,NA,NA,NA,NA,NA,0
BA_20250504,2025-05-11,2025-06-15,2025-06-29,TRUE,FALSE,FALSE,0,NA,NA,NA,NA,NA,NA,0
BA_20250511,2025-05-18,2025-06-22,2025-07-06,TRUE,FALSE,FALSE,0,NA,NA,NA,NA,NA,NA,0
BA_20250518,2025-05-25,2025-06-29,2025-07-13,TRUE,FALSE,FALSE,0,NA,NA,NA,NA,NA,NA,0
BA_20250525,2025-06-01,2025-07-06,2025-07-20,TRUE,FALSE,FALSE,0,NA,NA,NA,NA,NA,NA,0
BA_20250601,2025-06-08,2025-07-13,2025-07-27,TRUE,FALSE,FALSE,0,NA,NA,NA,NA,NA,NA,0
BA_20250608,2025-06-15,2025-07-20,2025-08-03,TRUE,FALSE,FALSE,0,NA,NA,NA,NA,NA,NA,0
BA_20250615,2025-06-22,2025-07-27,2025-08-10,TRUE,FALSE,FALSE,0,NA,NA,NA,NA,NA,NA,0
BA_20250622,2025-06-29,2025-08-03,2025-08-17,TRUE,FALSE,FALSE,0,NA,NA,NA,NA,NA,NA,0
BA_20250629,2025-07-06,2025-08-10,2025-08-24,TRUE,FALSE,FALSE,0,NA,NA,NA,NA,NA,NA,0
BA_20250706,2025-07-13,2025-08-17,2025-08-31,TRUE,FALSE,FALSE,0,NA,NA,NA,NA,NA,NA,0
BA_20250713,2025-07-20,2025-08-24,2025-09-07,TRUE,FALSE,FALSE,0,NA,NA,NA,NA,NA,NA,0
BA_20250720,2025-07-27,2025-08-31,2025-09-14,TRUE,FALSE,FALSE,0,NA,NA,NA,NA,NA,NA,0
BA_20250727,2025-08-03,2025-09-07,2025-09-21,TRUE,FALSE,FALSE,0,NA,NA,NA,NA,NA,NA,0
BA_20250803,2025-08-10,2025-09-14,2025-09-28,TRUE,FALSE,FALSE,0,NA,NA,NA,NA,NA,NA,0
BA_20250810,2025-08-17,2025-09-21,2025-10-05,TRUE,FALSE,FALSE,0,NA,NA,NA,NA,NA,NA,0
BA_20250817,2025-08-24,2025-09-28,2025-10-12,TRUE,FALSE,FALSE,0,NA,NA,NA,NA,NA,NA,0
BA_20250824,2025-08-31,2025-10-05,2025-10-19,TRUE,FALSE,FALSE,0,NA,NA,NA,NA,NA,NA,0
BA_20250831,2025-09-07,2025-10-12,2025-10-26,TRUE,FALSE,FALSE,0,NA,NA,NA,NA,NA,NA,0
BA_20250907,2025-09-14,2025-10-19,2025-11-02,TRUE,FALSE,FALSE,0,NA,NA,NA,NA,NA,NA,0
BA_20250914,2025-09-21,2025-10-26,2025-11-09,TRUE,FALSE,FALSE,0,NA,NA,NA,NA,NA,NA,0
BA_20250921,2025-09-28,2025-11-02,2025-11-16,TRUE,FALSE,FALSE,0,NA,NA,NA,NA,NA,NA,0
BA_20250928,2025-10-05,2025-11-09,2025-11-23,TRUE,FALSE,FALSE,0,NA,NA,NA,NA,NA,NA,0
BA_20251005,2025-10-12,2025-11-16,2025-11-30,TRUE,FALSE,FALSE,0,NA,NA,NA,NA,NA,NA,0
BA_20251012,2025-10-19,2025-11-23,2025-12-07,TRUE,FALSE,FALSE,0,NA,NA,NA,NA,NA,NA,0
BA_20251019,2025-10-26,2025-11-30,2025-12-14,TRUE,FALSE,FALSE,0,NA,NA,NA,NA,NA,NA,0
BA_20251026,2025-11-02,2025-12-07,2025-12-21,TRUE,FALSE,FALSE,0,NA,NA,NA,NA,NA,NA,0
BA_20251102,2025-11-09,2025-12-14,2025-12-28,TRUE,FALSE,FALSE,0,NA,NA,NA,NA,NA,NA,0
BA_20251109,2025-11-16,2025-12-21,2026-01-04,FALSE,NA,NA,NA,NA,NA,NA,NA,NA,NA,0
BA_20251116,2025-11-23,2025-12-28,2026-01-11,FALSE,NA,NA,NA,NA,NA,NA,NA,NA,NA,0
BA_20251123,2025-11-30,2026-01-04,2026-01-18,FALSE,NA,NA,NA,NA,NA,NA,NA,NA,NA,0
BA_20251130,2025-12-07,2026-01-11,2026-01-25,FALSE,NA,NA,NA,NA,NA,NA,NA,NA,NA,0
BA_20251207,2025-12-14,2026-01-18,2026-02-01,FALSE,NA,NA,NA,NA,NA,NA,NA,NA,NA,0
BA_20251214,2025-12-21,2026-01-25,2026-02-08,FALSE,NA,NA,NA,NA,NA,NA,NA,NA,NA,0
BA_20251221,2025-12-28,2026-02-01,2026-02-15,FALSE,NA,NA,NA,NA,NA,NA,NA,NA,NA,0
BA_20251228,2026-01-04,2026-02-08,2026-02-22,FALSE,NA,NA,NA,NA,NA,NA,NA,NA,NA,0
MT_20171112,2017-11-19,2017-12-24,2018-01-07,TRUE,TRUE,TRUE,1,MT_wave_06,2017-12-17,2019-08-18,3.665110571912772,2.6090741879831874,5.3110364660060085,384.6833438
MT_20171119,2017-11-26,2017-12-31,2018-01-14,TRUE,TRUE,TRUE,1,MT_wave_06,2017-12-17,2019-08-18,3.665110571912772,2.6090741879831874,5.3110364660060085,384.6833438
MT_20171126,2017-12-03,2018-01-07,2018-01-21,TRUE,TRUE,TRUE,1,MT_wave_06,2017-12-17,2019-08-18,3.665110571912772,2.6090741879831874,5.3110364660060085,384.6833438
MT_20171203,2017-12-10,2018-01-14,2018-01-28,TRUE,TRUE,TRUE,1,MT_wave_06,2017-12-17,2019-08-18,3.665110571912772,2.6090741879831874,5.3110364660060085,384.6833438
MT_20171210,2017-12-17,2018-01-21,2018-02-04,TRUE,TRUE,TRUE,1,MT_wave_06,2017-12-17,2019-08-18,3.665110571912772,2.6090741879831874,5.3110364660060085,384.6833438
MT_20171217,2017-12-24,2018-01-28,2018-02-11,TRUE,FALSE,FALSE,0,NA,NA,NA,NA,NA,NA,0
MT_20171224,2017-12-31,2018-02-04,2018-02-18,TRUE,FALSE,FALSE,0,NA,NA,NA,NA,NA,NA,0
MT_20171231,2018-01-07,2018-02-11,2018-02-25,TRUE,FALSE,FALSE,0,NA,NA,NA,NA,NA,NA,0
MT_20180107,2018-01-14,2018-02-18,2018-03-04,TRUE,FALSE,FALSE,0,NA,NA,NA,NA,NA,NA,0
MT_20180114,2018-01-21,2018-02-25,2018-03-11,TRUE,FALSE,FALSE,0,NA,NA,NA,NA,NA,NA,0
MT_20180121,2018-01-28,2018-03-04,2018-03-18,TRUE,FALSE,FALSE,0,NA,NA,NA,NA,NA,NA,0
MT_20180128,2018-02-04,2018-03-11,2018-03-25,TRUE,FALSE,FALSE,0,NA,NA,NA,NA,NA,NA,0
MT_20180204,2018-02-11,2018-03-18,2018-04-01,TRUE,FALSE,FALSE,0,NA,NA,NA,NA,NA,NA,0
MT_20180211,2018-02-18,2018-03-25,2018-04-08,TRUE,FALSE,FALSE,0,NA,NA,NA,NA,NA,NA,0
MT_20180218,2018-02-25,2018-04-01,2018-04-15,TRUE,FALSE,FALSE,0,NA,NA,NA,NA,NA,NA,0
MT_20180225,2018-03-04,2018-04-08,2018-04-22,TRUE,FALSE,FALSE,0,NA,NA,NA,NA,NA,NA,0
MT_20180318,2018-03-25,2018-04-29,2018-05-13,TRUE,FALSE,FALSE,0,NA,NA,NA,NA,NA,NA,0
MT_20180325,2018-04-01,2018-05-06,2018-05-20,TRUE,FALSE,FALSE,0,NA,NA,NA,NA,NA,NA,0
MT_20180401,2018-04-08,2018-05-13,2018-05-27,TRUE,FALSE,FALSE,0,NA,NA,NA,NA,NA,NA,0
MT_20180408,2018-04-15,2018-05-20,2018-06-03,TRUE,FALSE,FALSE,0,NA,NA,NA,NA,NA,NA,0
MT_20180415,2018-04-22,2018-05-27,2018-06-10,TRUE,FALSE,FALSE,0,NA,NA,NA,NA,NA,NA,0
MT_20180422,2018-04-29,2018-06-03,2018-06-17,TRUE,FALSE,FALSE,0,NA,NA,NA,NA,NA,NA,0
MT_20180429,2018-05-06,2018-06-10,2018-06-24,TRUE,FALSE,FALSE,0,NA,NA,NA,NA,NA,NA,0
MT_20180506,2018-05-13,2018-06-17,2018-07-01,TRUE,FALSE,FALSE,0,NA,NA,NA,NA,NA,NA,0
MT_20180513,2018-05-20,2018-06-24,2018-07-08,TRUE,FALSE,FALSE,0,NA,NA,NA,NA,NA,NA,0
MT_20180520,2018-05-27,2018-07-01,2018-07-15,TRUE,FALSE,FALSE,0,NA,NA,NA,NA,NA,NA,0
MT_20180527,2018-06-03,2018-07-08,2018-07-22,TRUE,FALSE,FALSE,0,NA,NA,NA,NA,NA,NA,0
MT_20180603,2018-06-10,2018-07-15,2018-07-29,TRUE,FALSE,FALSE,0,NA,NA,NA,NA,NA,NA,0
MT_20180610,2018-06-17,2018-07-22,2018-08-05,TRUE,FALSE,FALSE,0,NA,NA,NA,NA,NA,NA,0
MT_20180617,2018-06-24,2018-07-29,2018-08-12,TRUE,FALSE,FALSE,0,NA,NA,NA,NA,NA,NA,0
MT_20180624,2018-07-01,2018-08-05,2018-08-19,TRUE,FALSE,FALSE,0,NA,NA,NA,NA,NA,NA,0
MT_20180909,2018-09-16,2018-10-21,2018-11-04,TRUE,FALSE,FALSE,0,NA,NA,NA,NA,NA,NA,0
MT_20180916,2018-09-23,2018-10-28,2018-11-11,TRUE,FALSE,FALSE,0,NA,NA,NA,NA,NA,NA,0
MT_20180923,2018-09-30,2018-11-04,2018-11-18,TRUE,FALSE,FALSE,0,NA,NA,NA,NA,NA,NA,0
MT_20180930,2018-10-07,2018-11-11,2018-11-25,TRUE,FALSE,FALSE,0,NA,NA,NA,NA,NA,NA,0
MT_20181007,2018-10-14,2018-11-18,2018-12-02,TRUE,FALSE,FALSE,0,NA,NA,NA,NA,NA,NA,0
MT_20181014,2018-10-21,2018-11-25,2018-12-09,TRUE,FALSE,FALSE,0,NA,NA,NA,NA,NA,NA,0
MT_20181021,2018-10-28,2018-12-02,2018-12-16,TRUE,FALSE,FALSE,0,NA,NA,NA,NA,NA,NA,0
MT_20181028,2018-11-04,2018-12-09,2018-12-23,TRUE,FALSE,FALSE,0,NA,NA,NA,NA,NA,NA,0
MT_20181104,2018-11-11,2018-12-16,2018-12-30,TRUE,FALSE,FALSE,0,NA,NA,NA,NA,NA,NA,0
MT_20181111,2018-11-18,2018-12-23,2019-01-06,TRUE,FALSE,FALSE,0,NA,NA,NA,NA,NA,NA,0
MT_20181118,2018-11-25,2018-12-30,2019-01-13,TRUE,FALSE,FALSE,0,NA,NA,NA,NA,NA,NA,0
MT_20181125,2018-12-02,2019-01-06,2019-01-20,TRUE,FALSE,FALSE,0,NA,NA,NA,NA,NA,NA,0
MT_20181202,2018-12-09,2019-01-13,2019-01-27,TRUE,FALSE,FALSE,0,NA,NA,NA,NA,NA,NA,0
MT_20181209,2018-12-16,2019-01-20,2019-02-03,TRUE,FALSE,FALSE,0,NA,NA,NA,NA,NA,NA,0
MT_20181223,2018-12-30,2019-02-03,2019-02-17,TRUE,FALSE,FALSE,0,NA,NA,NA,NA,NA,NA,0
MT_20181230,2019-01-06,2019-02-10,2019-02-24,TRUE,FALSE,FALSE,0,NA,NA,NA,NA,NA,NA,0
MT_20190106,2019-01-13,2019-02-17,2019-03-03,TRUE,FALSE,FALSE,0,NA,NA,NA,NA,NA,NA,0
MT_20190113,2019-01-20,2019-02-24,2019-03-10,TRUE,FALSE,FALSE,0,NA,NA,NA,NA,NA,NA,0
MT_20190120,2019-01-27,2019-03-03,2019-03-17,TRUE,FALSE,FALSE,0,NA,NA,NA,NA,NA,NA,0
MT_20190127,2019-02-03,2019-03-10,2019-03-24,TRUE,FALSE,FALSE,0,NA,NA,NA,NA,NA,NA,0
MT_20190203,2019-02-10,2019-03-17,2019-03-31,TRUE,FALSE,FALSE,0,NA,NA,NA,NA,NA,NA,0
MT_20190210,2019-02-17,2019-03-24,2019-04-07,TRUE,FALSE,FALSE,0,NA,NA,NA,NA,NA,NA,0
MT_20190217,2019-02-24,2019-03-31,2019-04-14,TRUE,FALSE,FALSE,0,NA,NA,NA,NA,NA,NA,0
MT_20190224,2019-03-03,2019-04-07,2019-04-21,TRUE,FALSE,FALSE,0,NA,NA,NA,NA,NA,NA,0
MT_20190303,2019-03-10,2019-04-14,2019-04-28,TRUE,FALSE,FALSE,0,NA,NA,NA,NA,NA,NA,0
MT_20190310,2019-03-17,2019-04-21,2019-05-05,TRUE,FALSE,FALSE,0,NA,NA,NA,NA,NA,NA,0
MT_20190317,2019-03-24,2019-04-28,2019-05-12,TRUE,FALSE,FALSE,0,NA,NA,NA,NA,NA,NA,0
MT_20190324,2019-03-31,2019-05-05,2019-05-19,TRUE,FALSE,FALSE,0,NA,NA,NA,NA,NA,NA,0
MT_20190331,2019-04-07,2019-05-12,2019-05-26,TRUE,FALSE,FALSE,0,NA,NA,NA,NA,NA,NA,0
MT_20190407,2019-04-14,2019-05-19,2019-06-02,TRUE,FALSE,FALSE,0,NA,NA,NA,NA,NA,NA,0
MT_20190414,2019-04-21,2019-05-26,2019-06-09,TRUE,FALSE,FALSE,0,NA,NA,NA,NA,NA,NA,0
MT_20190421,2019-04-28,2019-06-02,2019-06-16,TRUE,FALSE,FALSE,0,NA,NA,NA,NA,NA,NA,0
MT_20190428,2019-05-05,2019-06-09,2019-06-23,TRUE,FALSE,FALSE,0,NA,NA,NA,NA,NA,NA,0
MT_20190505,2019-05-12,2019-06-16,2019-06-30,TRUE,FALSE,FALSE,0,NA,NA,NA,NA,NA,NA,0
MT_20190512,2019-05-19,2019-06-23,2019-07-07,TRUE,FALSE,FALSE,0,NA,NA,NA,NA,NA,NA,0
MT_20190519,2019-05-26,2019-06-30,2019-07-14,TRUE,FALSE,FALSE,0,NA,NA,NA,NA,NA,NA,0
MT_20190526,2019-06-02,2019-07-07,2019-07-21,TRUE,FALSE,FALSE,0,NA,NA,NA,NA,NA,NA,0
MT_20190602,2019-06-09,2019-07-14,2019-07-28,TRUE,FALSE,FALSE,0,NA,NA,NA,NA,NA,NA,0
MT_20190609,2019-06-16,2019-07-21,2019-08-04,TRUE,FALSE,FALSE,0,NA,NA,NA,NA,NA,NA,0
MT_20190616,2019-06-23,2019-07-28,2019-08-11,TRUE,FALSE,FALSE,0,NA,NA,NA,NA,NA,NA,0
MT_20191006,2019-10-13,2019-11-17,2019-12-01,TRUE,FALSE,FALSE,0,NA,NA,NA,NA,NA,NA,0
MT_20191013,2019-10-20,2019-11-24,2019-12-08,TRUE,FALSE,FALSE,0,NA,NA,NA,NA,NA,NA,0
MT_20191020,2019-10-27,2019-12-01,2019-12-15,TRUE,FALSE,FALSE,0,NA,NA,NA,NA,NA,NA,0
MT_20191027,2019-11-03,2019-12-08,2019-12-22,TRUE,FALSE,FALSE,0,NA,NA,NA,NA,NA,NA,0
MT_20191103,2019-11-10,2019-12-15,2019-12-29,TRUE,FALSE,FALSE,0,NA,NA,NA,NA,NA,NA,0
MT_20191110,2019-11-17,2019-12-22,2020-01-05,TRUE,FALSE,FALSE,0,NA,NA,NA,NA,NA,NA,0
MT_20191117,2019-11-24,2019-12-29,2020-01-12,TRUE,FALSE,FALSE,0,NA,NA,NA,NA,NA,NA,0
MT_20191124,2019-12-01,2020-01-05,2020-01-19,TRUE,FALSE,FALSE,0,NA,NA,NA,NA,NA,NA,0
MT_20191201,2019-12-08,2020-01-12,2020-01-26,TRUE,FALSE,FALSE,0,NA,NA,NA,NA,NA,NA,0
MT_20191208,2019-12-15,2020-01-19,2020-02-02,TRUE,FALSE,FALSE,0,NA,NA,NA,NA,NA,NA,0
MT_20191215,2019-12-22,2020-01-26,2020-02-09,TRUE,FALSE,FALSE,0,NA,NA,NA,NA,NA,NA,0
MT_20191222,2019-12-29,2020-02-02,2020-02-16,TRUE,FALSE,FALSE,0,NA,NA,NA,NA,NA,NA,0
MT_20191229,2020-01-05,2020-02-09,2020-02-23,TRUE,FALSE,FALSE,0,NA,NA,NA,NA,NA,NA,0
MT_20200105,2020-01-12,2020-02-16,2020-03-01,TRUE,FALSE,FALSE,0,NA,NA,NA,NA,NA,NA,0
MT_20200112,2020-01-19,2020-02-23,2020-03-08,TRUE,FALSE,FALSE,0,NA,NA,NA,NA,NA,NA,0
MT_20200119,2020-01-26,2020-03-01,2020-03-15,TRUE,FALSE,FALSE,0,NA,NA,NA,NA,NA,NA,0
MT_20200126,2020-02-02,2020-03-08,2020-03-22,TRUE,FALSE,FALSE,0,NA,NA,NA,NA,NA,NA,0
MT_20200202,2020-02-09,2020-03-15,2020-03-29,TRUE,FALSE,FALSE,0,NA,NA,NA,NA,NA,NA,0
MT_20200209,2020-02-16,2020-03-22,2020-04-05,TRUE,FALSE,FALSE,0,NA,NA,NA,NA,NA,NA,0
MT_20200216,2020-02-23,2020-03-29,2020-04-12,TRUE,FALSE,FALSE,0,NA,NA,NA,NA,NA,NA,0
MT_20200223,2020-03-01,2020-04-05,2020-04-19,TRUE,FALSE,FALSE,0,NA,NA,NA,NA,NA,NA,0
MT_20200301,2020-03-08,2020-04-12,2020-04-26,TRUE,FALSE,FALSE,0,NA,NA,NA,NA,NA,NA,0
MT_20200308,2020-03-15,2020-04-19,2020-05-03,TRUE,FALSE,FALSE,0,NA,NA,NA,NA,NA,NA,0
MT_20200315,2020-03-22,2020-04-26,2020-05-10,TRUE,FALSE,FALSE,0,NA,NA,NA,NA,NA,NA,0
MT_20200322,2020-03-29,2020-05-03,2020-05-17,TRUE,FALSE,FALSE,0,NA,NA,NA,NA,NA,NA,0
MT_20200329,2020-04-05,2020-05-10,2020-05-24,TRUE,FALSE,FALSE,0,NA,NA,NA,NA,NA,NA,0
MT_20200405,2020-04-12,2020-05-17,2020-05-31,TRUE,FALSE,FALSE,0,NA,NA,NA,NA,NA,NA,0
MT_20200412,2020-04-19,2020-05-24,2020-06-07,TRUE,FALSE,FALSE,0,NA,NA,NA,NA,NA,NA,0
MT_20200419,2020-04-26,2020-05-31,2020-06-14,TRUE,FALSE,FALSE,0,NA,NA,NA,NA,NA,NA,0
MT_20200426,2020-05-03,2020-06-07,2020-06-21,TRUE,FALSE,FALSE,0,NA,NA,NA,NA,NA,NA,0
MT_20200503,2020-05-10,2020-06-14,2020-06-28,TRUE,FALSE,FALSE,0,NA,NA,NA,NA,NA,NA,0
MT_20200510,2020-05-17,2020-06-21,2020-07-05,TRUE,FALSE,FALSE,0,NA,NA,NA,NA,NA,NA,0
MT_20200517,2020-05-24,2020-06-28,2020-07-12,TRUE,FALSE,FALSE,0,NA,NA,NA,NA,NA,NA,0
MT_20200524,2020-05-31,2020-07-05,2020-07-19,TRUE,FALSE,FALSE,0,NA,NA,NA,NA,NA,NA,0
MT_20200531,2020-06-07,2020-07-12,2020-07-26,TRUE,FALSE,FALSE,0,NA,NA,NA,NA,NA,NA,0
MT_20200607,2020-06-14,2020-07-19,2020-08-02,TRUE,FALSE,FALSE,0,NA,NA,NA,NA,NA,NA,0
MT_20200614,2020-06-21,2020-07-26,2020-08-09,TRUE,FALSE,FALSE,0,NA,NA,NA,NA,NA,NA,0
MT_20200621,2020-06-28,2020-08-02,2020-08-16,TRUE,FALSE,FALSE,0,NA,NA,NA,NA,NA,NA,0
MT_20201025,2020-11-01,2020-12-06,2020-12-20,TRUE,FALSE,FALSE,0,NA,NA,NA,NA,NA,NA,0
MT_20201101,2020-11-08,2020-12-13,2020-12-27,TRUE,FALSE,FALSE,0,NA,NA,NA,NA,NA,NA,0
MT_20201108,2020-11-15,2020-12-20,2021-01-03,TRUE,FALSE,FALSE,0,NA,NA,NA,NA,NA,NA,0
MT_20201115,2020-11-22,2020-12-27,2021-01-10,TRUE,FALSE,FALSE,0,NA,NA,NA,NA,NA,NA,0
MT_20201122,2020-11-29,2021-01-03,2021-01-17,TRUE,FALSE,FALSE,0,NA,NA,NA,NA,NA,NA,0
MT_20201129,2020-12-06,2021-01-10,2021-01-24,TRUE,FALSE,FALSE,0,NA,NA,NA,NA,NA,NA,0
MT_20201206,2020-12-13,2021-01-17,2021-01-31,TRUE,FALSE,FALSE,0,NA,NA,NA,NA,NA,NA,0
MT_20201213,2020-12-20,2021-01-24,2021-02-07,TRUE,FALSE,FALSE,0,NA,NA,NA,NA,NA,NA,0
MT_20201220,2020-12-27,2021-01-31,2021-02-14,TRUE,FALSE,FALSE,0,NA,NA,NA,NA,NA,NA,0
MT_20201227,2021-01-03,2021-02-07,2021-02-21,TRUE,FALSE,FALSE,0,NA,NA,NA,NA,NA,NA,0
MT_20210103,2021-01-10,2021-02-14,2021-02-28,TRUE,FALSE,FALSE,0,NA,NA,NA,NA,NA,NA,0
MT_20210110,2021-01-17,2021-02-21,2021-03-07,TRUE,FALSE,FALSE,0,NA,NA,NA,NA,NA,NA,0
MT_20210117,2021-01-24,2021-02-28,2021-03-14,TRUE,FALSE,FALSE,0,NA,NA,NA,NA,NA,NA,0
MT_20210124,2021-01-31,2021-03-07,2021-03-21,TRUE,FALSE,FALSE,0,NA,NA,NA,NA,NA,NA,0
MT_20210131,2021-02-07,2021-03-14,2021-03-28,TRUE,FALSE,FALSE,0,NA,NA,NA,NA,NA,NA,0
MT_20210207,2021-02-14,2021-03-21,2021-04-04,TRUE,FALSE,FALSE,0,NA,NA,NA,NA,NA,NA,0
MT_20210214,2021-02-21,2021-03-28,2021-04-11,TRUE,FALSE,FALSE,0,NA,NA,NA,NA,NA,NA,0
MT_20210221,2021-02-28,2021-04-04,2021-04-18,TRUE,FALSE,FALSE,0,NA,NA,NA,NA,NA,NA,0
MT_20210228,2021-03-07,2021-04-11,2021-04-25,TRUE,FALSE,FALSE,0,NA,NA,NA,NA,NA,NA,0
MT_20210307,2021-03-14,2021-04-18,2021-05-02,TRUE,FALSE,FALSE,0,NA,NA,NA,NA,NA,NA,0
MT_20210314,2021-03-21,2021-04-25,2021-05-09,TRUE,FALSE,FALSE,0,NA,NA,NA,NA,NA,NA,0
MT_20210321,2021-03-28,2021-05-02,2021-05-16,TRUE,FALSE,FALSE,0,NA,NA,NA,NA,NA,NA,0
MT_20210328,2021-04-04,2021-05-09,2021-05-23,TRUE,FALSE,FALSE,0,NA,NA,NA,NA,NA,NA,0
MT_20210404,2021-04-11,2021-05-16,2021-05-30,TRUE,FALSE,FALSE,0,NA,NA,NA,NA,NA,NA,0
MT_20210411,2021-04-18,2021-05-23,2021-06-06,TRUE,FALSE,FALSE,0,NA,NA,NA,NA,NA,NA,0
MT_20210418,2021-04-25,2021-05-30,2021-06-13,TRUE,FALSE,FALSE,0,NA,NA,NA,NA,NA,NA,0
MT_20210425,2021-05-02,2021-06-06,2021-06-20,TRUE,FALSE,FALSE,0,NA,NA,NA,NA,NA,NA,0
MT_20210502,2021-05-09,2021-06-13,2021-06-27,TRUE,FALSE,FALSE,0,NA,NA,NA,NA,NA,NA,0
MT_20210509,2021-05-16,2021-06-20,2021-07-04,TRUE,FALSE,FALSE,0,NA,NA,NA,NA,NA,NA,0
MT_20210516,2021-05-23,2021-06-27,2021-07-11,TRUE,FALSE,FALSE,0,NA,NA,NA,NA,NA,NA,0
MT_20210523,2021-05-30,2021-07-04,2021-07-18,TRUE,FALSE,FALSE,0,NA,NA,NA,NA,NA,NA,0
MT_20210530,2021-06-06,2021-07-11,2021-07-25,TRUE,FALSE,FALSE,0,NA,NA,NA,NA,NA,NA,0
MT_20210606,2021-06-13,2021-07-18,2021-08-01,TRUE,FALSE,FALSE,0,NA,NA,NA,NA,NA,NA,0
MT_20210613,2021-06-20,2021-07-25,2021-08-08,TRUE,FALSE,FALSE,0,NA,NA,NA,NA,NA,NA,0
MT_20210620,2021-06-27,2021-08-01,2021-08-15,TRUE,FALSE,FALSE,0,NA,NA,NA,NA,NA,NA,0
MT_20210627,2021-07-04,2021-08-08,2021-08-22,TRUE,FALSE,FALSE,0,NA,NA,NA,NA,NA,NA,0
MT_20211017,2021-10-24,2021-11-28,2021-12-12,TRUE,FALSE,FALSE,0,NA,NA,NA,NA,NA,NA,0
MT_20211024,2021-10-31,2021-12-05,2021-12-19,TRUE,FALSE,FALSE,0,NA,NA,NA,NA,NA,NA,0
MT_20211031,2021-11-07,2021-12-12,2021-12-26,TRUE,FALSE,FALSE,0,NA,NA,NA,NA,NA,NA,0
MT_20211107,2021-11-14,2021-12-19,2022-01-02,TRUE,FALSE,FALSE,0,NA,NA,NA,NA,NA,NA,0
MT_20211114,2021-11-21,2021-12-26,2022-01-09,TRUE,FALSE,FALSE,0,NA,NA,NA,NA,NA,NA,0
MT_20211121,2021-11-28,2022-01-02,2022-01-16,TRUE,FALSE,FALSE,0,NA,NA,NA,NA,NA,NA,0
MT_20211128,2021-12-05,2022-01-09,2022-01-23,TRUE,FALSE,FALSE,0,NA,NA,NA,NA,NA,NA,0
MT_20211205,2021-12-12,2022-01-16,2022-01-30,TRUE,FALSE,FALSE,0,NA,NA,NA,NA,NA,NA,0
MT_20211212,2021-12-19,2022-01-23,2022-02-06,TRUE,FALSE,FALSE,0,NA,NA,NA,NA,NA,NA,0
MT_20211219,2021-12-26,2022-01-30,2022-02-13,TRUE,FALSE,FALSE,0,NA,NA,NA,NA,NA,NA,0
MT_20211226,2022-01-02,2022-02-06,2022-02-20,TRUE,FALSE,FALSE,0,NA,NA,NA,NA,NA,NA,0
MT_20220102,2022-01-09,2022-02-13,2022-02-27,TRUE,FALSE,FALSE,0,NA,NA,NA,NA,NA,NA,0
MT_20220109,2022-01-16,2022-02-20,2022-03-06,TRUE,FALSE,FALSE,0,NA,NA,NA,NA,NA,NA,0
MT_20220116,2022-01-23,2022-02-27,2022-03-13,TRUE,FALSE,FALSE,0,NA,NA,NA,NA,NA,NA,0
MT_20220123,2022-01-30,2022-03-06,2022-03-20,TRUE,FALSE,FALSE,0,NA,NA,NA,NA,NA,NA,0
MT_20220130,2022-02-06,2022-03-13,2022-03-27,TRUE,FALSE,FALSE,0,NA,NA,NA,NA,NA,NA,0
MT_20220206,2022-02-13,2022-03-20,2022-04-03,TRUE,FALSE,FALSE,0,NA,NA,NA,NA,NA,NA,0
MT_20220213,2022-02-20,2022-03-27,2022-04-10,TRUE,FALSE,FALSE,0,NA,NA,NA,NA,NA,NA,0
MT_20220220,2022-02-27,2022-04-03,2022-04-17,TRUE,FALSE,FALSE,0,NA,NA,NA,NA,NA,NA,0
MT_20220227,2022-03-06,2022-04-10,2022-04-24,TRUE,FALSE,FALSE,0,NA,NA,NA,NA,NA,NA,0
MT_20220306,2022-03-13,2022-04-17,2022-05-01,TRUE,FALSE,FALSE,0,NA,NA,NA,NA,NA,NA,0
MT_20220313,2022-03-20,2022-04-24,2022-05-08,TRUE,FALSE,FALSE,0,NA,NA,NA,NA,NA,NA,0
MT_20220320,2022-03-27,2022-05-01,2022-05-15,TRUE,FALSE,FALSE,0,NA,NA,NA,NA,NA,NA,0
MT_20220327,2022-04-03,2022-05-08,2022-05-22,TRUE,FALSE,FALSE,0,NA,NA,NA,NA,NA,NA,0
MT_20220403,2022-04-10,2022-05-15,2022-05-29,TRUE,FALSE,FALSE,0,NA,NA,NA,NA,NA,NA,0
MT_20220410,2022-04-17,2022-05-22,2022-06-05,TRUE,FALSE,FALSE,0,NA,NA,NA,NA,NA,NA,0
MT_20220417,2022-04-24,2022-05-29,2022-06-12,TRUE,FALSE,FALSE,0,NA,NA,NA,NA,NA,NA,0
MT_20220424,2022-05-01,2022-06-05,2022-06-19,TRUE,FALSE,FALSE,0,NA,NA,NA,NA,NA,NA,0
MT_20220501,2022-05-08,2022-06-12,2022-06-26,TRUE,FALSE,FALSE,0,NA,NA,NA,NA,NA,NA,0
MT_20220508,2022-05-15,2022-06-19,2022-07-03,TRUE,FALSE,FALSE,0,NA,NA,NA,NA,NA,NA,0
MT_20220515,2022-05-22,2022-06-26,2022-07-10,TRUE,FALSE,FALSE,0,NA,NA,NA,NA,NA,NA,0
MT_20220522,2022-05-29,2022-07-03,2022-07-17,TRUE,FALSE,FALSE,0,NA,NA,NA,NA,NA,NA,0
MT_20220529,2022-06-05,2022-07-10,2022-07-24,TRUE,FALSE,FALSE,0,NA,NA,NA,NA,NA,NA,0
MT_20220619,2022-06-26,2022-07-31,2022-08-14,TRUE,FALSE,FALSE,0,NA,NA,NA,NA,NA,NA,0
MT_20220626,2022-07-03,2022-08-07,2022-08-21,TRUE,FALSE,FALSE,0,NA,NA,NA,NA,NA,NA,0
MT_20220703,2022-07-10,2022-08-14,2022-08-28,TRUE,FALSE,FALSE,0,NA,NA,NA,NA,NA,NA,0
MT_20220710,2022-07-17,2022-08-21,2022-09-04,TRUE,FALSE,FALSE,0,NA,NA,NA,NA,NA,NA,0
MT_20220717,2022-07-24,2022-08-28,2022-09-11,TRUE,FALSE,FALSE,0,NA,NA,NA,NA,NA,NA,0
MT_20220828,2022-09-04,2022-10-09,2022-10-23,TRUE,FALSE,FALSE,0,NA,NA,NA,NA,NA,NA,0
MT_20220904,2022-09-11,2022-10-16,2022-10-30,TRUE,FALSE,FALSE,0,NA,NA,NA,NA,NA,NA,0
MT_20220911,2022-09-18,2022-10-23,2022-11-06,TRUE,FALSE,FALSE,0,NA,NA,NA,NA,NA,NA,0
MT_20220918,2022-09-25,2022-10-30,2022-11-13,TRUE,FALSE,FALSE,0,NA,NA,NA,NA,NA,NA,0
MT_20221002,2022-10-09,2022-11-13,2022-11-27,TRUE,FALSE,FALSE,0,NA,NA,NA,NA,NA,NA,0
MT_20221009,2022-10-16,2022-11-20,2022-12-04,TRUE,FALSE,FALSE,0,NA,NA,NA,NA,NA,NA,0
MT_20221016,2022-10-23,2022-11-27,2022-12-11,TRUE,FALSE,FALSE,0,NA,NA,NA,NA,NA,NA,0
MT_20221023,2022-10-30,2022-12-04,2022-12-18,TRUE,FALSE,FALSE,0,NA,NA,NA,NA,NA,NA,0
MT_20221030,2022-11-06,2022-12-11,2022-12-25,TRUE,FALSE,FALSE,0,NA,NA,NA,NA,NA,NA,0
MT_20221106,2022-11-13,2022-12-18,2023-01-01,TRUE,FALSE,FALSE,0,NA,NA,NA,NA,NA,NA,0
MT_20221113,2022-11-20,2022-12-25,2023-01-08,TRUE,FALSE,FALSE,0,NA,NA,NA,NA,NA,NA,0
MT_20221120,2022-11-27,2023-01-01,2023-01-15,TRUE,FALSE,FALSE,0,NA,NA,NA,NA,NA,NA,0
MT_20221127,2022-12-04,2023-01-08,2023-01-22,TRUE,FALSE,FALSE,0,NA,NA,NA,NA,NA,NA,0
MT_20221204,2022-12-11,2023-01-15,2023-01-29,TRUE,FALSE,FALSE,0,NA,NA,NA,NA,NA,NA,0
MT_20221211,2022-12-18,2023-01-22,2023-02-05,TRUE,FALSE,FALSE,0,NA,NA,NA,NA,NA,NA,0
MT_20221218,2022-12-25,2023-01-29,2023-02-12,TRUE,FALSE,FALSE,0,NA,NA,NA,NA,NA,NA,0
MT_20221225,2023-01-01,2023-02-05,2023-02-19,TRUE,FALSE,FALSE,0,NA,NA,NA,NA,NA,NA,0
MT_20230101,2023-01-08,2023-02-12,2023-02-26,TRUE,FALSE,FALSE,0,NA,NA,NA,NA,NA,NA,0
MT_20230108,2023-01-15,2023-02-19,2023-03-05,TRUE,FALSE,FALSE,0,NA,NA,NA,NA,NA,NA,0
MT_20230115,2023-01-22,2023-02-26,2023-03-12,TRUE,FALSE,FALSE,0,NA,NA,NA,NA,NA,NA,0
MT_20230122,2023-01-29,2023-03-05,2023-03-19,TRUE,FALSE,FALSE,0,NA,NA,NA,NA,NA,NA,0
MT_20230129,2023-02-05,2023-03-12,2023-03-26,TRUE,FALSE,FALSE,0,NA,NA,NA,NA,NA,NA,0
MT_20230212,2023-02-19,2023-03-26,2023-04-09,TRUE,FALSE,FALSE,0,NA,NA,NA,NA,NA,NA,0
MT_20230219,2023-02-26,2023-04-02,2023-04-16,TRUE,FALSE,FALSE,0,NA,NA,NA,NA,NA,NA,0
MT_20230226,2023-03-05,2023-04-09,2023-04-23,TRUE,FALSE,FALSE,0,NA,NA,NA,NA,NA,NA,0
MT_20230305,2023-03-12,2023-04-16,2023-04-30,TRUE,FALSE,FALSE,0,NA,NA,NA,NA,NA,NA,0
MT_20230312,2023-03-19,2023-04-23,2023-05-07,TRUE,FALSE,FALSE,0,NA,NA,NA,NA,NA,NA,0
MT_20230319,2023-03-26,2023-04-30,2023-05-14,TRUE,FALSE,FALSE,0,NA,NA,NA,NA,NA,NA,0
MT_20230326,2023-04-02,2023-05-07,2023-05-21,TRUE,FALSE,FALSE,0,NA,NA,NA,NA,NA,NA,0
MT_20230402,2023-04-09,2023-05-14,2023-05-28,TRUE,FALSE,FALSE,0,NA,NA,NA,NA,NA,NA,0
MT_20230409,2023-04-16,2023-05-21,2023-06-04,TRUE,FALSE,FALSE,0,NA,NA,NA,NA,NA,NA,0
MT_20230416,2023-04-23,2023-05-28,2023-06-11,TRUE,FALSE,FALSE,0,NA,NA,NA,NA,NA,NA,0
MT_20230423,2023-04-30,2023-06-04,2023-06-18,TRUE,FALSE,FALSE,0,NA,NA,NA,NA,NA,NA,0
MT_20230430,2023-05-07,2023-06-11,2023-06-25,TRUE,FALSE,FALSE,0,NA,NA,NA,NA,NA,NA,0
MT_20230507,2023-05-14,2023-06-18,2023-07-02,TRUE,FALSE,FALSE,0,NA,NA,NA,NA,NA,NA,0
MT_20230514,2023-05-21,2023-06-25,2023-07-09,TRUE,FALSE,FALSE,0,NA,NA,NA,NA,NA,NA,0
MT_20230521,2023-05-28,2023-07-02,2023-07-16,TRUE,FALSE,FALSE,0,NA,NA,NA,NA,NA,NA,0
MT_20230528,2023-06-04,2023-07-09,2023-07-23,TRUE,FALSE,FALSE,0,NA,NA,NA,NA,NA,NA,0
MT_20230604,2023-06-11,2023-07-16,2023-07-30,TRUE,FALSE,FALSE,0,NA,NA,NA,NA,NA,NA,0
MT_20230611,2023-06-18,2023-07-23,2023-08-06,TRUE,FALSE,FALSE,0,NA,NA,NA,NA,NA,NA,0
MT_20230625,2023-07-02,2023-08-06,2023-08-20,TRUE,FALSE,FALSE,0,NA,NA,NA,NA,NA,NA,0
MT_20230702,2023-07-09,2023-08-13,2023-08-27,TRUE,FALSE,FALSE,0,NA,NA,NA,NA,NA,NA,0
MT_20230709,2023-07-16,2023-08-20,2023-09-03,TRUE,FALSE,FALSE,0,NA,NA,NA,NA,NA,NA,0
MT_20231203,2023-12-10,2024-01-14,2024-01-28,TRUE,TRUE,TRUE,1,MT_wave_13,2024-01-07,2024-10-06,4.164370458958377,2.9539918874472675,6.138342002533675,506.9597818
MT_20231217,2023-12-24,2024-01-28,2024-02-11,TRUE,TRUE,TRUE,1,MT_wave_13,2024-01-07,2024-10-06,4.164370458958377,2.9539918874472675,6.138342002533675,506.9597818
MT_20231224,2023-12-31,2024-02-04,2024-02-18,TRUE,TRUE,TRUE,1,MT_wave_13,2024-01-07,2024-10-06,4.164370458958377,2.9539918874472675,6.138342002533675,506.9597818
MT_20231231,2024-01-07,2024-02-11,2024-02-25,TRUE,TRUE,TRUE,1,MT_wave_13,2024-01-07,2024-10-06,4.164370458958377,2.9539918874472675,6.138342002533675,506.9597818
MT_20240107,2024-01-14,2024-02-18,2024-03-03,TRUE,FALSE,FALSE,0,NA,NA,NA,NA,NA,NA,0
MT_20240114,2024-01-21,2024-02-25,2024-03-10,TRUE,FALSE,FALSE,0,NA,NA,NA,NA,NA,NA,0
MT_20240121,2024-01-28,2024-03-03,2024-03-17,TRUE,FALSE,FALSE,0,NA,NA,NA,NA,NA,NA,0
MT_20240128,2024-02-04,2024-03-10,2024-03-24,TRUE,FALSE,FALSE,0,NA,NA,NA,NA,NA,NA,0
MT_20240204,2024-02-11,2024-03-17,2024-03-31,TRUE,FALSE,FALSE,0,NA,NA,NA,NA,NA,NA,0
MT_20240211,2024-02-18,2024-03-24,2024-04-07,TRUE,FALSE,FALSE,0,NA,NA,NA,NA,NA,NA,0
MT_20240218,2024-02-25,2024-03-31,2024-04-14,TRUE,FALSE,FALSE,0,NA,NA,NA,NA,NA,NA,0
MT_20240225,2024-03-03,2024-04-07,2024-04-21,TRUE,FALSE,FALSE,0,NA,NA,NA,NA,NA,NA,0
MT_20240303,2024-03-10,2024-04-14,2024-04-28,TRUE,FALSE,FALSE,0,NA,NA,NA,NA,NA,NA,0
MT_20240310,2024-03-17,2024-04-21,2024-05-05,TRUE,FALSE,FALSE,0,NA,NA,NA,NA,NA,NA,0
MT_20240317,2024-03-24,2024-04-28,2024-05-12,TRUE,FALSE,FALSE,0,NA,NA,NA,NA,NA,NA,0
MT_20240324,2024-03-31,2024-05-05,2024-05-19,TRUE,FALSE,FALSE,0,NA,NA,NA,NA,NA,NA,0
MT_20240331,2024-04-07,2024-05-12,2024-05-26,TRUE,FALSE,FALSE,0,NA,NA,NA,NA,NA,NA,0
MT_20240407,2024-04-14,2024-05-19,2024-06-02,TRUE,FALSE,FALSE,0,NA,NA,NA,NA,NA,NA,0
MT_20240414,2024-04-21,2024-05-26,2024-06-09,TRUE,FALSE,FALSE,0,NA,NA,NA,NA,NA,NA,0
MT_20240421,2024-04-28,2024-06-02,2024-06-16,TRUE,FALSE,FALSE,0,NA,NA,NA,NA,NA,NA,0
MT_20240428,2024-05-05,2024-06-09,2024-06-23,TRUE,FALSE,FALSE,0,NA,NA,NA,NA,NA,NA,0
MT_20240505,2024-05-12,2024-06-16,2024-06-30,TRUE,FALSE,FALSE,0,NA,NA,NA,NA,NA,NA,0
MT_20240512,2024-05-19,2024-06-23,2024-07-07,TRUE,FALSE,FALSE,0,NA,NA,NA,NA,NA,NA,0
MT_20240519,2024-05-26,2024-06-30,2024-07-14,TRUE,FALSE,FALSE,0,NA,NA,NA,NA,NA,NA,0
MT_20240526,2024-06-02,2024-07-07,2024-07-21,TRUE,FALSE,FALSE,0,NA,NA,NA,NA,NA,NA,0
MT_20240602,2024-06-09,2024-07-14,2024-07-28,TRUE,FALSE,FALSE,0,NA,NA,NA,NA,NA,NA,0
MT_20241027,2024-11-03,2024-12-08,2024-12-22,TRUE,TRUE,TRUE,1,MT_wave_14,2024-12-01,2025-12-28,2.682665377483171,1.8960105261756035,3.93450242144236,1216.435132
MT_20241103,2024-11-10,2024-12-15,2024-12-29,TRUE,TRUE,TRUE,1,MT_wave_14,2024-12-01,2025-12-28,2.682665377483171,1.8960105261756035,3.93450242144236,1216.435132
MT_20241110,2024-11-17,2024-12-22,2025-01-05,TRUE,TRUE,TRUE,1,MT_wave_14,2024-12-01,2025-12-28,2.682665377483171,1.8960105261756035,3.93450242144236,1216.435132
MT_20241117,2024-11-24,2024-12-29,2025-01-12,TRUE,TRUE,TRUE,1,MT_wave_14,2024-12-01,2025-12-28,2.682665377483171,1.8960105261756035,3.93450242144236,1216.435132
MT_20241124,2024-12-01,2025-01-05,2025-01-19,TRUE,TRUE,TRUE,1,MT_wave_14,2024-12-01,2025-12-28,2.682665377483171,1.8960105261756035,3.93450242144236,1216.435132
MT_20241201,2024-12-08,2025-01-12,2025-01-26,TRUE,FALSE,FALSE,0,NA,NA,NA,NA,NA,NA,0
MT_20241208,2024-12-15,2025-01-19,2025-02-02,TRUE,FALSE,FALSE,0,NA,NA,NA,NA,NA,NA,0
MT_20241215,2024-12-22,2025-01-26,2025-02-09,TRUE,FALSE,FALSE,0,NA,NA,NA,NA,NA,NA,0
MT_20241222,2024-12-29,2025-02-02,2025-02-16,TRUE,FALSE,FALSE,0,NA,NA,NA,NA,NA,NA,0
MT_20241229,2025-01-05,2025-02-09,2025-02-23,TRUE,FALSE,FALSE,0,NA,NA,NA,NA,NA,NA,0
MT_20250105,2025-01-12,2025-02-16,2025-03-02,TRUE,FALSE,FALSE,0,NA,NA,NA,NA,NA,NA,0
MT_20250112,2025-01-19,2025-02-23,2025-03-09,TRUE,FALSE,FALSE,0,NA,NA,NA,NA,NA,NA,0
MT_20250119,2025-01-26,2025-03-02,2025-03-16,TRUE,FALSE,FALSE,0,NA,NA,NA,NA,NA,NA,0
MT_20250126,2025-02-02,2025-03-09,2025-03-23,TRUE,FALSE,FALSE,0,NA,NA,NA,NA,NA,NA,0
MT_20250202,2025-02-09,2025-03-16,2025-03-30,TRUE,FALSE,FALSE,0,NA,NA,NA,NA,NA,NA,0
MT_20250209,2025-02-16,2025-03-23,2025-04-06,TRUE,FALSE,FALSE,0,NA,NA,NA,NA,NA,NA,0
MT_20250216,2025-02-23,2025-03-30,2025-04-13,TRUE,FALSE,FALSE,0,NA,NA,NA,NA,NA,NA,0
MT_20250223,2025-03-02,2025-04-06,2025-04-20,TRUE,FALSE,FALSE,0,NA,NA,NA,NA,NA,NA,0
MT_20250302,2025-03-09,2025-04-13,2025-04-27,TRUE,FALSE,FALSE,0,NA,NA,NA,NA,NA,NA,0
MT_20250309,2025-03-16,2025-04-20,2025-05-04,TRUE,FALSE,FALSE,0,NA,NA,NA,NA,NA,NA,0
MT_20250316,2025-03-23,2025-04-27,2025-05-11,TRUE,FALSE,FALSE,0,NA,NA,NA,NA,NA,NA,0
MT_20250323,2025-03-30,2025-05-04,2025-05-18,TRUE,FALSE,FALSE,0,NA,NA,NA,NA,NA,NA,0
MT_20250330,2025-04-06,2025-05-11,2025-05-25,TRUE,FALSE,FALSE,0,NA,NA,NA,NA,NA,NA,0
MT_20250406,2025-04-13,2025-05-18,2025-06-01,TRUE,FALSE,FALSE,0,NA,NA,NA,NA,NA,NA,0
MT_20250413,2025-04-20,2025-05-25,2025-06-08,TRUE,FALSE,FALSE,0,NA,NA,NA,NA,NA,NA,0
MT_20250420,2025-04-27,2025-06-01,2025-06-15,TRUE,FALSE,FALSE,0,NA,NA,NA,NA,NA,NA,0
MT_20250427,2025-05-04,2025-06-08,2025-06-22,TRUE,FALSE,FALSE,0,NA,NA,NA,NA,NA,NA,0
MT_20250504,2025-05-11,2025-06-15,2025-06-29,TRUE,FALSE,FALSE,0,NA,NA,NA,NA,NA,NA,0
MT_20250511,2025-05-18,2025-06-22,2025-07-06,TRUE,FALSE,FALSE,0,NA,NA,NA,NA,NA,NA,0
MT_20250518,2025-05-25,2025-06-29,2025-07-13,TRUE,FALSE,FALSE,0,NA,NA,NA,NA,NA,NA,0
MT_20250525,2025-06-01,2025-07-06,2025-07-20,TRUE,FALSE,FALSE,0,NA,NA,NA,NA,NA,NA,0
MT_20250601,2025-06-08,2025-07-13,2025-07-27,TRUE,FALSE,FALSE,0,NA,NA,NA,NA,NA,NA,0
MT_20250608,2025-06-15,2025-07-20,2025-08-03,TRUE,FALSE,FALSE,0,NA,NA,NA,NA,NA,NA,0
MT_20250615,2025-06-22,2025-07-27,2025-08-10,TRUE,FALSE,FALSE,0,NA,NA,NA,NA,NA,NA,0
MT_20250622,2025-06-29,2025-08-03,2025-08-17,TRUE,FALSE,FALSE,0,NA,NA,NA,NA,NA,NA,0
MT_20250629,2025-07-06,2025-08-10,2025-08-24,TRUE,FALSE,FALSE,0,NA,NA,NA,NA,NA,NA,0
MT_20250706,2025-07-13,2025-08-17,2025-08-31,TRUE,FALSE,FALSE,0,NA,NA,NA,NA,NA,NA,0
MT_20250713,2025-07-20,2025-08-24,2025-09-07,TRUE,FALSE,FALSE,0,NA,NA,NA,NA,NA,NA,0
MT_20250720,2025-07-27,2025-08-31,2025-09-14,TRUE,FALSE,FALSE,0,NA,NA,NA,NA,NA,NA,0
MT_20250727,2025-08-03,2025-09-07,2025-09-21,TRUE,FALSE,FALSE,0,NA,NA,NA,NA,NA,NA,0
MT_20250803,2025-08-10,2025-09-14,2025-09-28,TRUE,FALSE,FALSE,0,NA,NA,NA,NA,NA,NA,0
MT_20251019,2025-10-26,2025-11-30,2025-12-14,TRUE,FALSE,FALSE,0,NA,NA,NA,NA,NA,NA,0
MT_20251026,2025-11-02,2025-12-07,2025-12-21,TRUE,FALSE,FALSE,0,NA,NA,NA,NA,NA,NA,0
MT_20251102,2025-11-09,2025-12-14,2025-12-28,TRUE,FALSE,FALSE,0,NA,NA,NA,NA,NA,NA,0
MT_20251109,2025-11-16,2025-12-21,2026-01-04,FALSE,NA,NA,NA,NA,NA,NA,NA,NA,NA,0
MT_20251116,2025-11-23,2025-12-28,2026-01-11,FALSE,NA,NA,NA,NA,NA,NA,NA,NA,NA,0
MT_20251123,2025-11-30,2026-01-04,2026-01-18,FALSE,NA,NA,NA,NA,NA,NA,NA,NA,NA,0
MT_20251130,2025-12-07,2026-01-11,2026-01-25,FALSE,NA,NA,NA,NA,NA,NA,NA,NA,NA,0
MT_20251207,2025-12-14,2026-01-18,2026-02-01,FALSE,NA,NA,NA,NA,NA,NA,NA,NA,NA,0
MT_20251214,2025-12-21,2026-01-25,2026-02-08,FALSE,NA,NA,NA,NA,NA,NA,NA,NA,NA,0
MT_20251221,2025-12-28,2026-02-01,2026-02-15,FALSE,NA,NA,NA,NA,NA,NA,NA,NA,NA,0
MT_20251228,2026-01-04,2026-02-08,2026-02-22,FALSE,NA,NA,NA,NA,NA,NA,NA,NA,NA,0
RJ_20161023,2016-10-30,2016-12-04,2016-12-18,TRUE,TRUE,TRUE,1,RJ_wave_05,2016-12-04,2017-10-29,2.8136932364933,1.9813716899667455,4.151052820508581,21.78432427
RJ_20161030,2016-11-06,2016-12-11,2016-12-25,TRUE,TRUE,TRUE,1,RJ_wave_05,2016-12-04,2017-10-29,2.8136932364933,1.9813716899667455,4.151052820508581,21.78432427
RJ_20161106,2016-11-13,2016-12-18,2017-01-01,TRUE,TRUE,TRUE,1,RJ_wave_05,2016-12-04,2017-10-29,2.8136932364933,1.9813716899667455,4.151052820508581,21.78432427
RJ_20161113,2016-11-20,2016-12-25,2017-01-08,TRUE,TRUE,TRUE,1,RJ_wave_05,2016-12-04,2017-10-29,2.8136932364933,1.9813716899667455,4.151052820508581,21.78432427
RJ_20161120,2016-11-27,2017-01-01,2017-01-15,TRUE,TRUE,TRUE,1,RJ_wave_05,2016-12-04,2017-10-29,2.8136932364933,1.9813716899667455,4.151052820508581,21.78432427
RJ_20161127,2016-12-04,2017-01-08,2017-01-22,TRUE,TRUE,TRUE,1,RJ_wave_05,2016-12-04,2017-10-29,2.8136932364933,1.9813716899667455,4.151052820508581,21.78432427
RJ_20161204,2016-12-11,2017-01-15,2017-01-29,TRUE,FALSE,FALSE,0,NA,NA,NA,NA,NA,NA,0
RJ_20161211,2016-12-18,2017-01-22,2017-02-05,TRUE,FALSE,FALSE,0,NA,NA,NA,NA,NA,NA,0
RJ_20161218,2016-12-25,2017-01-29,2017-02-12,TRUE,FALSE,FALSE,0,NA,NA,NA,NA,NA,NA,0
RJ_20161225,2017-01-01,2017-02-05,2017-02-19,TRUE,FALSE,FALSE,0,NA,NA,NA,NA,NA,NA,0
RJ_20170101,2017-01-08,2017-02-12,2017-02-26,TRUE,FALSE,FALSE,0,NA,NA,NA,NA,NA,NA,0
RJ_20170108,2017-01-15,2017-02-19,2017-03-05,TRUE,FALSE,FALSE,0,NA,NA,NA,NA,NA,NA,0
RJ_20170115,2017-01-22,2017-02-26,2017-03-12,TRUE,FALSE,FALSE,0,NA,NA,NA,NA,NA,NA,0
RJ_20170122,2017-01-29,2017-03-05,2017-03-19,TRUE,FALSE,FALSE,0,NA,NA,NA,NA,NA,NA,0
RJ_20170129,2017-02-05,2017-03-12,2017-03-26,TRUE,FALSE,FALSE,0,NA,NA,NA,NA,NA,NA,0
RJ_20170205,2017-02-12,2017-03-19,2017-04-02,TRUE,FALSE,FALSE,0,NA,NA,NA,NA,NA,NA,0
RJ_20170212,2017-02-19,2017-03-26,2017-04-09,TRUE,FALSE,FALSE,0,NA,NA,NA,NA,NA,NA,0
RJ_20170219,2017-02-26,2017-04-02,2017-04-16,TRUE,FALSE,FALSE,0,NA,NA,NA,NA,NA,NA,0
RJ_20170226,2017-03-05,2017-04-09,2017-04-23,TRUE,FALSE,FALSE,0,NA,NA,NA,NA,NA,NA,0
RJ_20170305,2017-03-12,2017-04-16,2017-04-30,TRUE,FALSE,FALSE,0,NA,NA,NA,NA,NA,NA,0
RJ_20170312,2017-03-19,2017-04-23,2017-05-07,TRUE,FALSE,FALSE,0,NA,NA,NA,NA,NA,NA,0
RJ_20170319,2017-03-26,2017-04-30,2017-05-14,TRUE,FALSE,FALSE,0,NA,NA,NA,NA,NA,NA,0
RJ_20170326,2017-04-02,2017-05-07,2017-05-21,TRUE,FALSE,FALSE,0,NA,NA,NA,NA,NA,NA,0
RJ_20170402,2017-04-09,2017-05-14,2017-05-28,TRUE,FALSE,FALSE,0,NA,NA,NA,NA,NA,NA,0
RJ_20170409,2017-04-16,2017-05-21,2017-06-04,TRUE,FALSE,FALSE,0,NA,NA,NA,NA,NA,NA,0
RJ_20170416,2017-04-23,2017-05-28,2017-06-11,TRUE,FALSE,FALSE,0,NA,NA,NA,NA,NA,NA,0
RJ_20170423,2017-04-30,2017-06-04,2017-06-18,TRUE,FALSE,FALSE,0,NA,NA,NA,NA,NA,NA,0
RJ_20170430,2017-05-07,2017-06-11,2017-06-25,TRUE,FALSE,FALSE,0,NA,NA,NA,NA,NA,NA,0
RJ_20170604,2017-06-11,2017-07-16,2017-07-30,TRUE,FALSE,FALSE,0,NA,NA,NA,NA,NA,NA,0
RJ_20170917,2017-09-24,2017-10-29,2017-11-12,TRUE,FALSE,FALSE,0,NA,NA,NA,NA,NA,NA,0
RJ_20170924,2017-10-01,2017-11-05,2017-11-19,TRUE,FALSE,FALSE,0,NA,NA,NA,NA,NA,NA,0
RJ_20171001,2017-10-08,2017-11-12,2017-11-26,TRUE,FALSE,FALSE,0,NA,NA,NA,NA,NA,NA,0
RJ_20171008,2017-10-15,2017-11-19,2017-12-03,TRUE,FALSE,FALSE,0,NA,NA,NA,NA,NA,NA,0
RJ_20171015,2017-10-22,2017-11-26,2017-12-10,TRUE,FALSE,FALSE,0,NA,NA,NA,NA,NA,NA,0
RJ_20171022,2017-10-29,2017-12-03,2017-12-17,TRUE,FALSE,FALSE,0,NA,NA,NA,NA,NA,NA,0
RJ_20171029,2017-11-05,2017-12-10,2017-12-24,TRUE,FALSE,FALSE,0,NA,NA,NA,NA,NA,NA,0
RJ_20171105,2017-11-12,2017-12-17,2017-12-31,TRUE,FALSE,TRUE,1,RJ_wave_06,2017-12-31,2018-09-09,1.8000551227484034,1.262434719281696,2.655080127082135,163.2423681
RJ_20171112,2017-11-19,2017-12-24,2018-01-07,TRUE,FALSE,TRUE,1,RJ_wave_06,2017-12-31,2018-09-09,1.8000551227484034,1.262434719281696,2.655080127082135,163.2423681
RJ_20171119,2017-11-26,2017-12-31,2018-01-14,TRUE,TRUE,TRUE,1,RJ_wave_06,2017-12-31,2018-09-09,1.8000551227484034,1.262434719281696,2.655080127082135,163.2423681
RJ_20171126,2017-12-03,2018-01-07,2018-01-21,TRUE,TRUE,TRUE,1,RJ_wave_06,2017-12-31,2018-09-09,1.8000551227484034,1.262434719281696,2.655080127082135,163.2423681
RJ_20171203,2017-12-10,2018-01-14,2018-01-28,TRUE,TRUE,TRUE,1,RJ_wave_06,2017-12-31,2018-09-09,1.8000551227484034,1.262434719281696,2.655080127082135,163.2423681
RJ_20171210,2017-12-17,2018-01-21,2018-02-04,TRUE,TRUE,TRUE,1,RJ_wave_06,2017-12-31,2018-09-09,1.8000551227484034,1.262434719281696,2.655080127082135,163.2423681
RJ_20171217,2017-12-24,2018-01-28,2018-02-11,TRUE,TRUE,TRUE,1,RJ_wave_06,2017-12-31,2018-09-09,1.8000551227484034,1.262434719281696,2.655080127082135,163.2423681
RJ_20171224,2017-12-31,2018-02-04,2018-02-18,TRUE,TRUE,TRUE,1,RJ_wave_06,2017-12-31,2018-09-09,1.8000551227484034,1.262434719281696,2.655080127082135,163.2423681
RJ_20171231,2018-01-07,2018-02-11,2018-02-25,TRUE,FALSE,FALSE,0,NA,NA,NA,NA,NA,NA,0
RJ_20180107,2018-01-14,2018-02-18,2018-03-04,TRUE,FALSE,FALSE,0,NA,NA,NA,NA,NA,NA,0
RJ_20180114,2018-01-21,2018-02-25,2018-03-11,TRUE,FALSE,FALSE,0,NA,NA,NA,NA,NA,NA,0
RJ_20180121,2018-01-28,2018-03-04,2018-03-18,TRUE,FALSE,FALSE,0,NA,NA,NA,NA,NA,NA,0
RJ_20180128,2018-02-04,2018-03-11,2018-03-25,TRUE,FALSE,FALSE,0,NA,NA,NA,NA,NA,NA,0
RJ_20180204,2018-02-11,2018-03-18,2018-04-01,TRUE,FALSE,FALSE,0,NA,NA,NA,NA,NA,NA,0
RJ_20180211,2018-02-18,2018-03-25,2018-04-08,TRUE,FALSE,FALSE,0,NA,NA,NA,NA,NA,NA,0
RJ_20180218,2018-02-25,2018-04-01,2018-04-15,TRUE,FALSE,FALSE,0,NA,NA,NA,NA,NA,NA,0
RJ_20180225,2018-03-04,2018-04-08,2018-04-22,TRUE,FALSE,FALSE,0,NA,NA,NA,NA,NA,NA,0
RJ_20180304,2018-03-11,2018-04-15,2018-04-29,TRUE,FALSE,FALSE,0,NA,NA,NA,NA,NA,NA,0
RJ_20180311,2018-03-18,2018-04-22,2018-05-06,TRUE,FALSE,FALSE,0,NA,NA,NA,NA,NA,NA,0
RJ_20180318,2018-03-25,2018-04-29,2018-05-13,TRUE,FALSE,FALSE,0,NA,NA,NA,NA,NA,NA,0
RJ_20180325,2018-04-01,2018-05-06,2018-05-20,TRUE,FALSE,FALSE,0,NA,NA,NA,NA,NA,NA,0
RJ_20180401,2018-04-08,2018-05-13,2018-05-27,TRUE,FALSE,FALSE,0,NA,NA,NA,NA,NA,NA,0
RJ_20180408,2018-04-15,2018-05-20,2018-06-03,TRUE,FALSE,FALSE,0,NA,NA,NA,NA,NA,NA,0
RJ_20180415,2018-04-22,2018-05-27,2018-06-10,TRUE,FALSE,FALSE,0,NA,NA,NA,NA,NA,NA,0
RJ_20180422,2018-04-29,2018-06-03,2018-06-17,TRUE,FALSE,FALSE,0,NA,NA,NA,NA,NA,NA,0
RJ_20180429,2018-05-06,2018-06-10,2018-06-24,TRUE,FALSE,FALSE,0,NA,NA,NA,NA,NA,NA,0
RJ_20180506,2018-05-13,2018-06-17,2018-07-01,TRUE,FALSE,FALSE,0,NA,NA,NA,NA,NA,NA,0
RJ_20180513,2018-05-20,2018-06-24,2018-07-08,TRUE,FALSE,FALSE,0,NA,NA,NA,NA,NA,NA,0
RJ_20180923,2018-09-30,2018-11-04,2018-11-18,TRUE,FALSE,FALSE,0,NA,NA,NA,NA,NA,NA,0
RJ_20180930,2018-10-07,2018-11-11,2018-11-25,TRUE,FALSE,FALSE,0,NA,NA,NA,NA,NA,NA,0
RJ_20181007,2018-10-14,2018-11-18,2018-12-02,TRUE,FALSE,FALSE,0,NA,NA,NA,NA,NA,NA,0
RJ_20181014,2018-10-21,2018-11-25,2018-12-09,TRUE,FALSE,FALSE,0,NA,NA,NA,NA,NA,NA,0
RJ_20181021,2018-10-28,2018-12-02,2018-12-16,TRUE,FALSE,FALSE,0,NA,NA,NA,NA,NA,NA,0
RJ_20181028,2018-11-04,2018-12-09,2018-12-23,TRUE,FALSE,FALSE,0,NA,NA,NA,NA,NA,NA,0
RJ_20181104,2018-11-11,2018-12-16,2018-12-30,TRUE,FALSE,TRUE,1,RJ_wave_07,2018-12-30,2020-12-20,1.5210606445803867,1.0816079289492058,2.225350018678889,472.7812533
RJ_20181111,2018-11-18,2018-12-23,2019-01-06,TRUE,FALSE,TRUE,1,RJ_wave_07,2018-12-30,2020-12-20,1.5210606445803867,1.0816079289492058,2.225350018678889,472.7812533
RJ_20181118,2018-11-25,2018-12-30,2019-01-13,TRUE,TRUE,TRUE,1,RJ_wave_07,2018-12-30,2020-12-20,1.5210606445803867,1.0816079289492058,2.225350018678889,472.7812533
RJ_20181125,2018-12-02,2019-01-06,2019-01-20,TRUE,TRUE,TRUE,1,RJ_wave_07,2018-12-30,2020-12-20,1.5210606445803867,1.0816079289492058,2.225350018678889,472.7812533
RJ_20181202,2018-12-09,2019-01-13,2019-01-27,TRUE,TRUE,TRUE,1,RJ_wave_07,2018-12-30,2020-12-20,1.5210606445803867,1.0816079289492058,2.225350018678889,472.7812533
RJ_20181209,2018-12-16,2019-01-20,2019-02-03,TRUE,TRUE,TRUE,1,RJ_wave_07,2018-12-30,2020-12-20,1.5210606445803867,1.0816079289492058,2.225350018678889,472.7812533
RJ_20181216,2018-12-23,2019-01-27,2019-02-10,TRUE,TRUE,TRUE,1,RJ_wave_07,2018-12-30,2020-12-20,1.5210606445803867,1.0816079289492058,2.225350018678889,472.7812533
RJ_20181223,2018-12-30,2019-02-03,2019-02-17,TRUE,TRUE,TRUE,1,RJ_wave_07,2018-12-30,2020-12-20,1.5210606445803867,1.0816079289492058,2.225350018678889,472.7812533
RJ_20181230,2019-01-06,2019-02-10,2019-02-24,TRUE,FALSE,FALSE,0,NA,NA,NA,NA,NA,NA,0
RJ_20190106,2019-01-13,2019-02-17,2019-03-03,TRUE,FALSE,FALSE,0,NA,NA,NA,NA,NA,NA,0
RJ_20190113,2019-01-20,2019-02-24,2019-03-10,TRUE,FALSE,FALSE,0,NA,NA,NA,NA,NA,NA,0
RJ_20190120,2019-01-27,2019-03-03,2019-03-17,TRUE,FALSE,FALSE,0,NA,NA,NA,NA,NA,NA,0
RJ_20190127,2019-02-03,2019-03-10,2019-03-24,TRUE,FALSE,FALSE,0,NA,NA,NA,NA,NA,NA,0
RJ_20190203,2019-02-10,2019-03-17,2019-03-31,TRUE,FALSE,FALSE,0,NA,NA,NA,NA,NA,NA,0
RJ_20190210,2019-02-17,2019-03-24,2019-04-07,TRUE,FALSE,FALSE,0,NA,NA,NA,NA,NA,NA,0
RJ_20190217,2019-02-24,2019-03-31,2019-04-14,TRUE,FALSE,FALSE,0,NA,NA,NA,NA,NA,NA,0
RJ_20190224,2019-03-03,2019-04-07,2019-04-21,TRUE,FALSE,FALSE,0,NA,NA,NA,NA,NA,NA,0
RJ_20190303,2019-03-10,2019-04-14,2019-04-28,TRUE,FALSE,FALSE,0,NA,NA,NA,NA,NA,NA,0
RJ_20190310,2019-03-17,2019-04-21,2019-05-05,TRUE,FALSE,FALSE,0,NA,NA,NA,NA,NA,NA,0
RJ_20190317,2019-03-24,2019-04-28,2019-05-12,TRUE,FALSE,FALSE,0,NA,NA,NA,NA,NA,NA,0
RJ_20190324,2019-03-31,2019-05-05,2019-05-19,TRUE,FALSE,FALSE,0,NA,NA,NA,NA,NA,NA,0
RJ_20190331,2019-04-07,2019-05-12,2019-05-26,TRUE,FALSE,FALSE,0,NA,NA,NA,NA,NA,NA,0
RJ_20190407,2019-04-14,2019-05-19,2019-06-02,TRUE,FALSE,FALSE,0,NA,NA,NA,NA,NA,NA,0
RJ_20190414,2019-04-21,2019-05-26,2019-06-09,TRUE,FALSE,FALSE,0,NA,NA,NA,NA,NA,NA,0
RJ_20190421,2019-04-28,2019-06-02,2019-06-16,TRUE,FALSE,FALSE,0,NA,NA,NA,NA,NA,NA,0
RJ_20190428,2019-05-05,2019-06-09,2019-06-23,TRUE,FALSE,FALSE,0,NA,NA,NA,NA,NA,NA,0
RJ_20190505,2019-05-12,2019-06-16,2019-06-30,TRUE,FALSE,FALSE,0,NA,NA,NA,NA,NA,NA,0
RJ_20190512,2019-05-19,2019-06-23,2019-07-07,TRUE,FALSE,FALSE,0,NA,NA,NA,NA,NA,NA,0
RJ_20190519,2019-05-26,2019-06-30,2019-07-14,TRUE,FALSE,FALSE,0,NA,NA,NA,NA,NA,NA,0
RJ_20190526,2019-06-02,2019-07-07,2019-07-21,TRUE,FALSE,FALSE,0,NA,NA,NA,NA,NA,NA,0
RJ_20190602,2019-06-09,2019-07-14,2019-07-28,TRUE,FALSE,FALSE,0,NA,NA,NA,NA,NA,NA,0
RJ_20190623,2019-06-30,2019-08-04,2019-08-18,TRUE,FALSE,FALSE,0,NA,NA,NA,NA,NA,NA,0
RJ_20190630,2019-07-07,2019-08-11,2019-08-25,TRUE,FALSE,FALSE,0,NA,NA,NA,NA,NA,NA,0
RJ_20190915,2019-09-22,2019-10-27,2019-11-10,TRUE,FALSE,FALSE,0,NA,NA,NA,NA,NA,NA,0
RJ_20190922,2019-09-29,2019-11-03,2019-11-17,TRUE,FALSE,FALSE,0,NA,NA,NA,NA,NA,NA,0
RJ_20190929,2019-10-06,2019-11-10,2019-11-24,TRUE,FALSE,FALSE,0,NA,NA,NA,NA,NA,NA,0
RJ_20191013,2019-10-20,2019-11-24,2019-12-08,TRUE,FALSE,FALSE,0,NA,NA,NA,NA,NA,NA,0
RJ_20191020,2019-10-27,2019-12-01,2019-12-15,TRUE,FALSE,FALSE,0,NA,NA,NA,NA,NA,NA,0
RJ_20191027,2019-11-03,2019-12-08,2019-12-22,TRUE,FALSE,FALSE,0,NA,NA,NA,NA,NA,NA,0
RJ_20191103,2019-11-10,2019-12-15,2019-12-29,TRUE,FALSE,FALSE,0,NA,NA,NA,NA,NA,NA,0
RJ_20191110,2019-11-17,2019-12-22,2020-01-05,TRUE,FALSE,FALSE,0,NA,NA,NA,NA,NA,NA,0
RJ_20191117,2019-11-24,2019-12-29,2020-01-12,TRUE,FALSE,FALSE,0,NA,NA,NA,NA,NA,NA,0
RJ_20191124,2019-12-01,2020-01-05,2020-01-19,TRUE,FALSE,FALSE,0,NA,NA,NA,NA,NA,NA,0
RJ_20191201,2019-12-08,2020-01-12,2020-01-26,TRUE,FALSE,FALSE,0,NA,NA,NA,NA,NA,NA,0
RJ_20191208,2019-12-15,2020-01-19,2020-02-02,TRUE,FALSE,FALSE,0,NA,NA,NA,NA,NA,NA,0
RJ_20191215,2019-12-22,2020-01-26,2020-02-09,TRUE,FALSE,FALSE,0,NA,NA,NA,NA,NA,NA,0
RJ_20191222,2019-12-29,2020-02-02,2020-02-16,TRUE,FALSE,FALSE,0,NA,NA,NA,NA,NA,NA,0
RJ_20191229,2020-01-05,2020-02-09,2020-02-23,TRUE,FALSE,FALSE,0,NA,NA,NA,NA,NA,NA,0
RJ_20200105,2020-01-12,2020-02-16,2020-03-01,TRUE,FALSE,FALSE,0,NA,NA,NA,NA,NA,NA,0
RJ_20200112,2020-01-19,2020-02-23,2020-03-08,TRUE,FALSE,FALSE,0,NA,NA,NA,NA,NA,NA,0
RJ_20200119,2020-01-26,2020-03-01,2020-03-15,TRUE,FALSE,FALSE,0,NA,NA,NA,NA,NA,NA,0
RJ_20200126,2020-02-02,2020-03-08,2020-03-22,TRUE,FALSE,FALSE,0,NA,NA,NA,NA,NA,NA,0
RJ_20200202,2020-02-09,2020-03-15,2020-03-29,TRUE,FALSE,FALSE,0,NA,NA,NA,NA,NA,NA,0
RJ_20200209,2020-02-16,2020-03-22,2020-04-05,TRUE,FALSE,FALSE,0,NA,NA,NA,NA,NA,NA,0
RJ_20200301,2020-03-08,2020-04-12,2020-04-26,TRUE,FALSE,FALSE,0,NA,NA,NA,NA,NA,NA,0
RJ_20200308,2020-03-15,2020-04-19,2020-05-03,TRUE,FALSE,FALSE,0,NA,NA,NA,NA,NA,NA,0
RJ_20200322,2020-03-29,2020-05-03,2020-05-17,TRUE,FALSE,FALSE,0,NA,NA,NA,NA,NA,NA,0
RJ_20200329,2020-04-05,2020-05-10,2020-05-24,TRUE,FALSE,FALSE,0,NA,NA,NA,NA,NA,NA,0
RJ_20200405,2020-04-12,2020-05-17,2020-05-31,TRUE,FALSE,FALSE,0,NA,NA,NA,NA,NA,NA,0
RJ_20200412,2020-04-19,2020-05-24,2020-06-07,TRUE,FALSE,FALSE,0,NA,NA,NA,NA,NA,NA,0
RJ_20200419,2020-04-26,2020-05-31,2020-06-14,TRUE,FALSE,FALSE,0,NA,NA,NA,NA,NA,NA,0
RJ_20200426,2020-05-03,2020-06-07,2020-06-21,TRUE,FALSE,FALSE,0,NA,NA,NA,NA,NA,NA,0
RJ_20200621,2020-06-28,2020-08-02,2020-08-16,TRUE,FALSE,FALSE,0,NA,NA,NA,NA,NA,NA,0
RJ_20200906,2020-09-13,2020-10-18,2020-11-01,TRUE,FALSE,FALSE,0,NA,NA,NA,NA,NA,NA,0
RJ_20200913,2020-09-20,2020-10-25,2020-11-08,TRUE,FALSE,FALSE,0,NA,NA,NA,NA,NA,NA,0
RJ_20200920,2020-09-27,2020-11-01,2020-11-15,TRUE,FALSE,FALSE,0,NA,NA,NA,NA,NA,NA,0
RJ_20200927,2020-10-04,2020-11-08,2020-11-22,TRUE,FALSE,FALSE,0,NA,NA,NA,NA,NA,NA,0
RJ_20201004,2020-10-11,2020-11-15,2020-11-29,TRUE,FALSE,FALSE,0,NA,NA,NA,NA,NA,NA,0
RJ_20201011,2020-10-18,2020-11-22,2020-12-06,TRUE,FALSE,FALSE,0,NA,NA,NA,NA,NA,NA,0
RJ_20201018,2020-10-25,2020-11-29,2020-12-13,TRUE,FALSE,FALSE,0,NA,NA,NA,NA,NA,NA,0
RJ_20201025,2020-11-01,2020-12-06,2020-12-20,TRUE,FALSE,FALSE,0,NA,NA,NA,NA,NA,NA,0
RJ_20201101,2020-11-08,2020-12-13,2020-12-27,TRUE,FALSE,FALSE,0,NA,NA,NA,NA,NA,NA,0
RJ_20201108,2020-11-15,2020-12-20,2021-01-03,TRUE,FALSE,FALSE,0,NA,NA,NA,NA,NA,NA,0
RJ_20201115,2020-11-22,2020-12-27,2021-01-10,TRUE,FALSE,FALSE,0,NA,NA,NA,NA,NA,NA,0
RJ_20201122,2020-11-29,2021-01-03,2021-01-17,TRUE,FALSE,FALSE,0,NA,NA,NA,NA,NA,NA,0
RJ_20201129,2020-12-06,2021-01-10,2021-01-24,TRUE,FALSE,FALSE,0,NA,NA,NA,NA,NA,NA,0
RJ_20201206,2020-12-13,2021-01-17,2021-01-31,TRUE,FALSE,FALSE,0,NA,NA,NA,NA,NA,NA,0
RJ_20201213,2020-12-20,2021-01-24,2021-02-07,TRUE,FALSE,FALSE,0,NA,NA,NA,NA,NA,NA,0
RJ_20201220,2020-12-27,2021-01-31,2021-02-14,TRUE,FALSE,FALSE,0,NA,NA,NA,NA,NA,NA,0
RJ_20201227,2021-01-03,2021-02-07,2021-02-21,TRUE,FALSE,FALSE,0,NA,NA,NA,NA,NA,NA,0
RJ_20210103,2021-01-10,2021-02-14,2021-02-28,TRUE,FALSE,FALSE,0,NA,NA,NA,NA,NA,NA,0
RJ_20210110,2021-01-17,2021-02-21,2021-03-07,TRUE,FALSE,FALSE,0,NA,NA,NA,NA,NA,NA,0
RJ_20210117,2021-01-24,2021-02-28,2021-03-14,TRUE,FALSE,FALSE,0,NA,NA,NA,NA,NA,NA,0
RJ_20210124,2021-01-31,2021-03-07,2021-03-21,TRUE,FALSE,FALSE,0,NA,NA,NA,NA,NA,NA,0
RJ_20210131,2021-02-07,2021-03-14,2021-03-28,TRUE,FALSE,FALSE,0,NA,NA,NA,NA,NA,NA,0
RJ_20210207,2021-02-14,2021-03-21,2021-04-04,TRUE,FALSE,FALSE,0,NA,NA,NA,NA,NA,NA,0
RJ_20210214,2021-02-21,2021-03-28,2021-04-11,TRUE,FALSE,FALSE,0,NA,NA,NA,NA,NA,NA,0
RJ_20210221,2021-02-28,2021-04-04,2021-04-18,TRUE,FALSE,FALSE,0,NA,NA,NA,NA,NA,NA,0
RJ_20210228,2021-03-07,2021-04-11,2021-04-25,TRUE,FALSE,FALSE,0,NA,NA,NA,NA,NA,NA,0
RJ_20210307,2021-03-14,2021-04-18,2021-05-02,TRUE,FALSE,FALSE,0,NA,NA,NA,NA,NA,NA,0
RJ_20210314,2021-03-21,2021-04-25,2021-05-09,TRUE,FALSE,FALSE,0,NA,NA,NA,NA,NA,NA,0
RJ_20210321,2021-03-28,2021-05-02,2021-05-16,TRUE,FALSE,FALSE,0,NA,NA,NA,NA,NA,NA,0
RJ_20210328,2021-04-04,2021-05-09,2021-05-23,TRUE,FALSE,FALSE,0,NA,NA,NA,NA,NA,NA,0
RJ_20210404,2021-04-11,2021-05-16,2021-05-30,TRUE,FALSE,FALSE,0,NA,NA,NA,NA,NA,NA,0
RJ_20210411,2021-04-18,2021-05-23,2021-06-06,TRUE,FALSE,FALSE,0,NA,NA,NA,NA,NA,NA,0
RJ_20210418,2021-04-25,2021-05-30,2021-06-13,TRUE,FALSE,FALSE,0,NA,NA,NA,NA,NA,NA,0
RJ_20210425,2021-05-02,2021-06-06,2021-06-20,TRUE,FALSE,FALSE,0,NA,NA,NA,NA,NA,NA,0
RJ_20210606,2021-06-13,2021-07-18,2021-08-01,TRUE,FALSE,FALSE,0,NA,NA,NA,NA,NA,NA,0
RJ_20210829,2021-09-05,2021-10-10,2021-10-24,TRUE,FALSE,FALSE,0,NA,NA,NA,NA,NA,NA,0
RJ_20210905,2021-09-12,2021-10-17,2021-10-31,TRUE,FALSE,FALSE,0,NA,NA,NA,NA,NA,NA,0
RJ_20210912,2021-09-19,2021-10-24,2021-11-07,TRUE,FALSE,FALSE,0,NA,NA,NA,NA,NA,NA,0
RJ_20210919,2021-09-26,2021-10-31,2021-11-14,TRUE,FALSE,FALSE,0,NA,NA,NA,NA,NA,NA,0
RJ_20210926,2021-10-03,2021-11-07,2021-11-21,TRUE,FALSE,FALSE,0,NA,NA,NA,NA,NA,NA,0
RJ_20211003,2021-10-10,2021-11-14,2021-11-28,TRUE,FALSE,FALSE,0,NA,NA,NA,NA,NA,NA,0
RJ_20211010,2021-10-17,2021-11-21,2021-12-05,TRUE,FALSE,FALSE,0,NA,NA,NA,NA,NA,NA,0
RJ_20211128,2021-12-05,2022-01-09,2022-01-23,TRUE,FALSE,FALSE,0,NA,NA,NA,NA,NA,NA,0
RJ_20211205,2021-12-12,2022-01-16,2022-01-30,TRUE,FALSE,FALSE,0,NA,NA,NA,NA,NA,NA,0
RJ_20211212,2021-12-19,2022-01-23,2022-02-06,TRUE,FALSE,FALSE,0,NA,NA,NA,NA,NA,NA,0
RJ_20211219,2021-12-26,2022-01-30,2022-02-13,TRUE,FALSE,FALSE,0,NA,NA,NA,NA,NA,NA,0
RJ_20211226,2022-01-02,2022-02-06,2022-02-20,TRUE,FALSE,FALSE,0,NA,NA,NA,NA,NA,NA,0
RJ_20220102,2022-01-09,2022-02-13,2022-02-27,TRUE,FALSE,FALSE,0,NA,NA,NA,NA,NA,NA,0
RJ_20220109,2022-01-16,2022-02-20,2022-03-06,TRUE,FALSE,FALSE,0,NA,NA,NA,NA,NA,NA,0
RJ_20220130,2022-02-06,2022-03-13,2022-03-27,TRUE,FALSE,FALSE,0,NA,NA,NA,NA,NA,NA,0
RJ_20220206,2022-02-13,2022-03-20,2022-04-03,TRUE,FALSE,FALSE,0,NA,NA,NA,NA,NA,NA,0
RJ_20220213,2022-02-20,2022-03-27,2022-04-10,TRUE,FALSE,FALSE,0,NA,NA,NA,NA,NA,NA,0
RJ_20220220,2022-02-27,2022-04-03,2022-04-17,TRUE,FALSE,FALSE,0,NA,NA,NA,NA,NA,NA,0
RJ_20220227,2022-03-06,2022-04-10,2022-04-24,TRUE,FALSE,FALSE,0,NA,NA,NA,NA,NA,NA,0
RJ_20220306,2022-03-13,2022-04-17,2022-05-01,TRUE,FALSE,FALSE,0,NA,NA,NA,NA,NA,NA,0
RJ_20220313,2022-03-20,2022-04-24,2022-05-08,TRUE,FALSE,FALSE,0,NA,NA,NA,NA,NA,NA,0
RJ_20220320,2022-03-27,2022-05-01,2022-05-15,TRUE,FALSE,FALSE,0,NA,NA,NA,NA,NA,NA,0
RJ_20220327,2022-04-03,2022-05-08,2022-05-22,TRUE,FALSE,FALSE,0,NA,NA,NA,NA,NA,NA,0
RJ_20220403,2022-04-10,2022-05-15,2022-05-29,TRUE,FALSE,FALSE,0,NA,NA,NA,NA,NA,NA,0
RJ_20220410,2022-04-17,2022-05-22,2022-06-05,TRUE,FALSE,FALSE,0,NA,NA,NA,NA,NA,NA,0
RJ_20220417,2022-04-24,2022-05-29,2022-06-12,TRUE,FALSE,FALSE,0,NA,NA,NA,NA,NA,NA,0
RJ_20220424,2022-05-01,2022-06-05,2022-06-19,TRUE,FALSE,FALSE,0,NA,NA,NA,NA,NA,NA,0
RJ_20220501,2022-05-08,2022-06-12,2022-06-26,TRUE,FALSE,FALSE,0,NA,NA,NA,NA,NA,NA,0
RJ_20220508,2022-05-15,2022-06-19,2022-07-03,TRUE,FALSE,FALSE,0,NA,NA,NA,NA,NA,NA,0
RJ_20221009,2022-10-16,2022-11-20,2022-12-04,TRUE,FALSE,FALSE,0,NA,NA,NA,NA,NA,NA,0
RJ_20221016,2022-10-23,2022-11-27,2022-12-11,TRUE,FALSE,FALSE,0,NA,NA,NA,NA,NA,NA,0
RJ_20221023,2022-10-30,2022-12-04,2022-12-18,TRUE,FALSE,FALSE,0,NA,NA,NA,NA,NA,NA,0
RJ_20221030,2022-11-06,2022-12-11,2022-12-25,TRUE,FALSE,FALSE,0,NA,NA,NA,NA,NA,NA,0
RJ_20221106,2022-11-13,2022-12-18,2023-01-01,TRUE,FALSE,FALSE,0,NA,NA,NA,NA,NA,NA,0
RJ_20221113,2022-11-20,2022-12-25,2023-01-08,TRUE,FALSE,FALSE,0,NA,NA,NA,NA,NA,NA,0
RJ_20221120,2022-11-27,2023-01-01,2023-01-15,TRUE,FALSE,FALSE,0,NA,NA,NA,NA,NA,NA,0
RJ_20221127,2022-12-04,2023-01-08,2023-01-22,TRUE,FALSE,FALSE,0,NA,NA,NA,NA,NA,NA,0
RJ_20221204,2022-12-11,2023-01-15,2023-01-29,TRUE,FALSE,TRUE,1,RJ_wave_10,2023-01-29,2024-10-20,1.159856998096124,0.7748620570879136,1.7668143777172278,25.9954553
RJ_20221211,2022-12-18,2023-01-22,2023-02-05,TRUE,FALSE,TRUE,1,RJ_wave_10,2023-01-29,2024-10-20,1.159856998096124,0.7748620570879136,1.7668143777172278,25.9954553
RJ_20221218,2022-12-25,2023-01-29,2023-02-12,TRUE,TRUE,TRUE,1,RJ_wave_10,2023-01-29,2024-10-20,1.159856998096124,0.7748620570879136,1.7668143777172278,25.9954553
RJ_20221225,2023-01-01,2023-02-05,2023-02-19,TRUE,TRUE,TRUE,1,RJ_wave_10,2023-01-29,2024-10-20,1.159856998096124,0.7748620570879136,1.7668143777172278,25.9954553
RJ_20230101,2023-01-08,2023-02-12,2023-02-26,TRUE,TRUE,TRUE,1,RJ_wave_10,2023-01-29,2024-10-20,1.159856998096124,0.7748620570879136,1.7668143777172278,25.9954553
RJ_20230108,2023-01-15,2023-02-19,2023-03-05,TRUE,TRUE,TRUE,1,RJ_wave_10,2023-01-29,2024-10-20,1.159856998096124,0.7748620570879136,1.7668143777172278,25.9954553
RJ_20230115,2023-01-22,2023-02-26,2023-03-12,TRUE,TRUE,TRUE,1,RJ_wave_10,2023-01-29,2024-10-20,1.159856998096124,0.7748620570879136,1.7668143777172278,25.9954553
RJ_20230129,2023-02-05,2023-03-12,2023-03-26,TRUE,FALSE,FALSE,0,NA,NA,NA,NA,NA,NA,0
RJ_20230205,2023-02-12,2023-03-19,2023-04-02,TRUE,FALSE,FALSE,0,NA,NA,NA,NA,NA,NA,0
RJ_20230212,2023-02-19,2023-03-26,2023-04-09,TRUE,FALSE,FALSE,0,NA,NA,NA,NA,NA,NA,0
RJ_20230219,2023-02-26,2023-04-02,2023-04-16,TRUE,FALSE,FALSE,0,NA,NA,NA,NA,NA,NA,0
RJ_20230226,2023-03-05,2023-04-09,2023-04-23,TRUE,FALSE,FALSE,0,NA,NA,NA,NA,NA,NA,0
RJ_20230305,2023-03-12,2023-04-16,2023-04-30,TRUE,FALSE,FALSE,0,NA,NA,NA,NA,NA,NA,0
RJ_20230312,2023-03-19,2023-04-23,2023-05-07,TRUE,FALSE,FALSE,0,NA,NA,NA,NA,NA,NA,0
RJ_20230319,2023-03-26,2023-04-30,2023-05-14,TRUE,FALSE,FALSE,0,NA,NA,NA,NA,NA,NA,0
RJ_20230326,2023-04-02,2023-05-07,2023-05-21,TRUE,FALSE,FALSE,0,NA,NA,NA,NA,NA,NA,0
RJ_20230402,2023-04-09,2023-05-14,2023-05-28,TRUE,FALSE,FALSE,0,NA,NA,NA,NA,NA,NA,0
RJ_20230409,2023-04-16,2023-05-21,2023-06-04,TRUE,FALSE,FALSE,0,NA,NA,NA,NA,NA,NA,0
RJ_20230416,2023-04-23,2023-05-28,2023-06-11,TRUE,FALSE,FALSE,0,NA,NA,NA,NA,NA,NA,0
RJ_20230423,2023-04-30,2023-06-04,2023-06-18,TRUE,FALSE,FALSE,0,NA,NA,NA,NA,NA,NA,0
RJ_20230430,2023-05-07,2023-06-11,2023-06-25,TRUE,FALSE,FALSE,0,NA,NA,NA,NA,NA,NA,0
RJ_20230507,2023-05-14,2023-06-18,2023-07-02,TRUE,FALSE,FALSE,0,NA,NA,NA,NA,NA,NA,0
RJ_20230820,2023-08-27,2023-10-01,2023-10-15,TRUE,FALSE,FALSE,0,NA,NA,NA,NA,NA,NA,0
RJ_20230903,2023-09-10,2023-10-15,2023-10-29,TRUE,FALSE,FALSE,0,NA,NA,NA,NA,NA,NA,0
RJ_20230917,2023-09-24,2023-10-29,2023-11-12,TRUE,FALSE,FALSE,0,NA,NA,NA,NA,NA,NA,0
RJ_20230924,2023-10-01,2023-11-05,2023-11-19,TRUE,FALSE,FALSE,0,NA,NA,NA,NA,NA,NA,0
RJ_20231001,2023-10-08,2023-11-12,2023-11-26,TRUE,FALSE,FALSE,0,NA,NA,NA,NA,NA,NA,0
RJ_20231008,2023-10-15,2023-11-19,2023-12-03,TRUE,FALSE,FALSE,0,NA,NA,NA,NA,NA,NA,0
RJ_20231015,2023-10-22,2023-11-26,2023-12-10,TRUE,FALSE,FALSE,0,NA,NA,NA,NA,NA,NA,0
RJ_20231022,2023-10-29,2023-12-03,2023-12-17,TRUE,FALSE,FALSE,0,NA,NA,NA,NA,NA,NA,0
RJ_20231029,2023-11-05,2023-12-10,2023-12-24,TRUE,FALSE,FALSE,0,NA,NA,NA,NA,NA,NA,0
RJ_20231105,2023-11-12,2023-12-17,2023-12-31,TRUE,FALSE,FALSE,0,NA,NA,NA,NA,NA,NA,0
RJ_20231112,2023-11-19,2023-12-24,2024-01-07,TRUE,FALSE,FALSE,0,NA,NA,NA,NA,NA,NA,0
RJ_20231119,2023-11-26,2023-12-31,2024-01-14,TRUE,FALSE,FALSE,0,NA,NA,NA,NA,NA,NA,0
RJ_20231126,2023-12-03,2024-01-07,2024-01-21,TRUE,FALSE,FALSE,0,NA,NA,NA,NA,NA,NA,0
RJ_20231203,2023-12-10,2024-01-14,2024-01-28,TRUE,FALSE,FALSE,0,NA,NA,NA,NA,NA,NA,0
RJ_20231210,2023-12-17,2024-01-21,2024-02-04,TRUE,FALSE,FALSE,0,NA,NA,NA,NA,NA,NA,0
RJ_20231217,2023-12-24,2024-01-28,2024-02-11,TRUE,FALSE,FALSE,0,NA,NA,NA,NA,NA,NA,0
RJ_20231224,2023-12-31,2024-02-04,2024-02-18,TRUE,FALSE,FALSE,0,NA,NA,NA,NA,NA,NA,0
RJ_20231231,2024-01-07,2024-02-11,2024-02-25,TRUE,FALSE,FALSE,0,NA,NA,NA,NA,NA,NA,0
RJ_20240107,2024-01-14,2024-02-18,2024-03-03,TRUE,FALSE,FALSE,0,NA,NA,NA,NA,NA,NA,0
RJ_20240114,2024-01-21,2024-02-25,2024-03-10,TRUE,FALSE,FALSE,0,NA,NA,NA,NA,NA,NA,0
RJ_20240121,2024-01-28,2024-03-03,2024-03-17,TRUE,FALSE,FALSE,0,NA,NA,NA,NA,NA,NA,0
RJ_20240128,2024-02-04,2024-03-10,2024-03-24,TRUE,FALSE,FALSE,0,NA,NA,NA,NA,NA,NA,0
RJ_20240204,2024-02-11,2024-03-17,2024-03-31,TRUE,FALSE,FALSE,0,NA,NA,NA,NA,NA,NA,0
RJ_20240211,2024-02-18,2024-03-24,2024-04-07,TRUE,FALSE,FALSE,0,NA,NA,NA,NA,NA,NA,0
RJ_20240218,2024-02-25,2024-03-31,2024-04-14,TRUE,FALSE,FALSE,0,NA,NA,NA,NA,NA,NA,0
RJ_20240225,2024-03-03,2024-04-07,2024-04-21,TRUE,FALSE,FALSE,0,NA,NA,NA,NA,NA,NA,0
RJ_20240303,2024-03-10,2024-04-14,2024-04-28,TRUE,FALSE,FALSE,0,NA,NA,NA,NA,NA,NA,0
RJ_20240310,2024-03-17,2024-04-21,2024-05-05,TRUE,FALSE,FALSE,0,NA,NA,NA,NA,NA,NA,0
RJ_20240317,2024-03-24,2024-04-28,2024-05-12,TRUE,FALSE,FALSE,0,NA,NA,NA,NA,NA,NA,0
RJ_20240324,2024-03-31,2024-05-05,2024-05-19,TRUE,FALSE,FALSE,0,NA,NA,NA,NA,NA,NA,0
RJ_20240331,2024-04-07,2024-05-12,2024-05-26,TRUE,FALSE,FALSE,0,NA,NA,NA,NA,NA,NA,0
RJ_20240407,2024-04-14,2024-05-19,2024-06-02,TRUE,FALSE,FALSE,0,NA,NA,NA,NA,NA,NA,0
RJ_20240414,2024-04-21,2024-05-26,2024-06-09,TRUE,FALSE,FALSE,0,NA,NA,NA,NA,NA,NA,0
RJ_20240421,2024-04-28,2024-06-02,2024-06-16,TRUE,FALSE,FALSE,0,NA,NA,NA,NA,NA,NA,0
RJ_20240428,2024-05-05,2024-06-09,2024-06-23,TRUE,FALSE,FALSE,0,NA,NA,NA,NA,NA,NA,0
RJ_20240505,2024-05-12,2024-06-16,2024-06-30,TRUE,FALSE,FALSE,0,NA,NA,NA,NA,NA,NA,0
RJ_20240512,2024-05-19,2024-06-23,2024-07-07,TRUE,FALSE,FALSE,0,NA,NA,NA,NA,NA,NA,0
RJ_20240519,2024-05-26,2024-06-30,2024-07-14,TRUE,FALSE,FALSE,0,NA,NA,NA,NA,NA,NA,0
RJ_20240526,2024-06-02,2024-07-07,2024-07-21,TRUE,FALSE,FALSE,0,NA,NA,NA,NA,NA,NA,0
RJ_20240623,2024-06-30,2024-08-04,2024-08-18,TRUE,FALSE,FALSE,0,NA,NA,NA,NA,NA,NA,0
RJ_20240630,2024-07-07,2024-08-11,2024-08-25,TRUE,FALSE,FALSE,0,NA,NA,NA,NA,NA,NA,0
RJ_20240908,2024-09-15,2024-10-20,2024-11-03,TRUE,FALSE,TRUE,1,RJ_wave_11,2024-11-03,2025-12-28,1.7280692722759765,1.1966236875019838,2.5846316065683808,10.66020078
RJ_20240915,2024-09-22,2024-10-27,2024-11-10,TRUE,FALSE,TRUE,1,RJ_wave_11,2024-11-03,2025-12-28,1.7280692722759765,1.1966236875019838,2.5846316065683808,10.66020078
RJ_20240922,2024-09-29,2024-11-03,2024-11-17,TRUE,TRUE,TRUE,1,RJ_wave_11,2024-11-03,2025-12-28,1.7280692722759765,1.1966236875019838,2.5846316065683808,10.66020078
RJ_20240929,2024-10-06,2024-11-10,2024-11-24,TRUE,TRUE,TRUE,1,RJ_wave_11,2024-11-03,2025-12-28,1.7280692722759765,1.1966236875019838,2.5846316065683808,10.66020078
RJ_20241006,2024-10-13,2024-11-17,2024-12-01,TRUE,TRUE,TRUE,1,RJ_wave_11,2024-11-03,2025-12-28,1.7280692722759765,1.1966236875019838,2.5846316065683808,10.66020078
RJ_20241013,2024-10-20,2024-11-24,2024-12-08,TRUE,TRUE,TRUE,1,RJ_wave_11,2024-11-03,2025-12-28,1.7280692722759765,1.1966236875019838,2.5846316065683808,10.66020078
RJ_20241020,2024-10-27,2024-12-01,2024-12-15,TRUE,TRUE,TRUE,1,RJ_wave_11,2024-11-03,2025-12-28,1.7280692722759765,1.1966236875019838,2.5846316065683808,10.66020078
RJ_20241027,2024-11-03,2024-12-08,2024-12-22,TRUE,TRUE,TRUE,1,RJ_wave_11,2024-11-03,2025-12-28,1.7280692722759765,1.1966236875019838,2.5846316065683808,10.66020078
RJ_20241103,2024-11-10,2024-12-15,2024-12-29,TRUE,FALSE,FALSE,0,NA,NA,NA,NA,NA,NA,0
RJ_20241110,2024-11-17,2024-12-22,2025-01-05,TRUE,FALSE,FALSE,0,NA,NA,NA,NA,NA,NA,0
RJ_20241117,2024-11-24,2024-12-29,2025-01-12,TRUE,FALSE,FALSE,0,NA,NA,NA,NA,NA,NA,0
RJ_20241124,2024-12-01,2025-01-05,2025-01-19,TRUE,FALSE,FALSE,0,NA,NA,NA,NA,NA,NA,0
RJ_20241201,2024-12-08,2025-01-12,2025-01-26,TRUE,FALSE,FALSE,0,NA,NA,NA,NA,NA,NA,0
RJ_20241208,2024-12-15,2025-01-19,2025-02-02,TRUE,FALSE,FALSE,0,NA,NA,NA,NA,NA,NA,0
RJ_20241215,2024-12-22,2025-01-26,2025-02-09,TRUE,FALSE,FALSE,0,NA,NA,NA,NA,NA,NA,0
RJ_20241222,2024-12-29,2025-02-02,2025-02-16,TRUE,FALSE,FALSE,0,NA,NA,NA,NA,NA,NA,0
RJ_20241229,2025-01-05,2025-02-09,2025-02-23,TRUE,FALSE,FALSE,0,NA,NA,NA,NA,NA,NA,0
RJ_20250105,2025-01-12,2025-02-16,2025-03-02,TRUE,FALSE,FALSE,0,NA,NA,NA,NA,NA,NA,0
RJ_20250112,2025-01-19,2025-02-23,2025-03-09,TRUE,FALSE,FALSE,0,NA,NA,NA,NA,NA,NA,0
RJ_20250119,2025-01-26,2025-03-02,2025-03-16,TRUE,FALSE,FALSE,0,NA,NA,NA,NA,NA,NA,0
RJ_20250126,2025-02-02,2025-03-09,2025-03-23,TRUE,FALSE,FALSE,0,NA,NA,NA,NA,NA,NA,0
RJ_20250202,2025-02-09,2025-03-16,2025-03-30,TRUE,FALSE,FALSE,0,NA,NA,NA,NA,NA,NA,0
RJ_20250209,2025-02-16,2025-03-23,2025-04-06,TRUE,FALSE,FALSE,0,NA,NA,NA,NA,NA,NA,0
RJ_20250216,2025-02-23,2025-03-30,2025-04-13,TRUE,FALSE,FALSE,0,NA,NA,NA,NA,NA,NA,0
RJ_20250223,2025-03-02,2025-04-06,2025-04-20,TRUE,FALSE,FALSE,0,NA,NA,NA,NA,NA,NA,0
RJ_20250302,2025-03-09,2025-04-13,2025-04-27,TRUE,FALSE,FALSE,0,NA,NA,NA,NA,NA,NA,0
RJ_20250309,2025-03-16,2025-04-20,2025-05-04,TRUE,FALSE,FALSE,0,NA,NA,NA,NA,NA,NA,0
RJ_20250316,2025-03-23,2025-04-27,2025-05-11,TRUE,FALSE,FALSE,0,NA,NA,NA,NA,NA,NA,0
RJ_20250323,2025-03-30,2025-05-04,2025-05-18,TRUE,FALSE,FALSE,0,NA,NA,NA,NA,NA,NA,0
RJ_20250330,2025-04-06,2025-05-11,2025-05-25,TRUE,FALSE,FALSE,0,NA,NA,NA,NA,NA,NA,0
RJ_20250406,2025-04-13,2025-05-18,2025-06-01,TRUE,FALSE,FALSE,0,NA,NA,NA,NA,NA,NA,0
RJ_20250413,2025-04-20,2025-05-25,2025-06-08,TRUE,FALSE,FALSE,0,NA,NA,NA,NA,NA,NA,0
RJ_20250420,2025-04-27,2025-06-01,2025-06-15,TRUE,FALSE,FALSE,0,NA,NA,NA,NA,NA,NA,0
RJ_20250427,2025-05-04,2025-06-08,2025-06-22,TRUE,FALSE,FALSE,0,NA,NA,NA,NA,NA,NA,0
RJ_20250504,2025-05-11,2025-06-15,2025-06-29,TRUE,FALSE,FALSE,0,NA,NA,NA,NA,NA,NA,0
RJ_20250928,2025-10-05,2025-11-09,2025-11-23,TRUE,FALSE,FALSE,0,NA,NA,NA,NA,NA,NA,0
RJ_20251005,2025-10-12,2025-11-16,2025-11-30,TRUE,FALSE,FALSE,0,NA,NA,NA,NA,NA,NA,0
RJ_20251012,2025-10-19,2025-11-23,2025-12-07,TRUE,FALSE,FALSE,0,NA,NA,NA,NA,NA,NA,0
RJ_20251019,2025-10-26,2025-11-30,2025-12-14,TRUE,FALSE,FALSE,0,NA,NA,NA,NA,NA,NA,0
RJ_20251026,2025-11-02,2025-12-07,2025-12-21,TRUE,FALSE,FALSE,0,NA,NA,NA,NA,NA,NA,0
RJ_20251102,2025-11-09,2025-12-14,2025-12-28,TRUE,FALSE,FALSE,0,NA,NA,NA,NA,NA,NA,0
RJ_20251109,2025-11-16,2025-12-21,2026-01-04,FALSE,NA,NA,NA,NA,NA,NA,NA,NA,NA,0
RJ_20251116,2025-11-23,2025-12-28,2026-01-11,FALSE,NA,NA,NA,NA,NA,NA,NA,NA,NA,0
RJ_20251123,2025-11-30,2026-01-04,2026-01-18,FALSE,NA,NA,NA,NA,NA,NA,NA,NA,NA,0
RJ_20251130,2025-12-07,2026-01-11,2026-01-25,FALSE,NA,NA,NA,NA,NA,NA,NA,NA,NA,0
RJ_20251207,2025-12-14,2026-01-18,2026-02-01,FALSE,NA,NA,NA,NA,NA,NA,NA,NA,NA,0
RJ_20251214,2025-12-21,2026-01-25,2026-02-08,FALSE,NA,NA,NA,NA,NA,NA,NA,NA,NA,0
RJ_20251221,2025-12-28,2026-02-01,2026-02-15,FALSE,NA,NA,NA,NA,NA,NA,NA,NA,NA,0
RJ_20251228,2026-01-04,2026-02-08,2026-02-22,FALSE,NA,NA,NA,NA,NA,NA,NA,NA,NA,0
