"variable","t","q025","q25","median","q75","q975","week_start","unit"
"latent_infections",1,5.73265705865019,10.3340432705009,14.3092983081771,19.5783784089196,34.4354508035468,2015-01-04,NA
"latent_infections",2,5.73265116547103,10.3340214236402,14.3092716107656,19.5783030463883,34.4351701196613,2015-01-11,NA
"latent_infections",3,5.73264527505483,10.3339995873843,14.3092449248124,19.5782277201219,34.434889577169,2015-01-18,NA
"latent_infections",4,5.73263938650802,10.3339777579499,14.3092182484591,19.5781524179659,34.4346091237908,2015-01-25,NA
"latent_infections",5,5.732633500749,10.3339559391419,14.3091915844076,19.5780771519889,34.4343288102318,2015-02-01,NA
"latent_infections",6,5.73262761786412,10.3339341312216,14.309164931458,19.5780019237229,34.4340486442427,2015-02-08,NA
"latent_infections",7,5.73262173851733,10.3339123369573,14.3091382917591,19.5779267419608,34.4337686622554,2015-02-15,NA
"latent_infections",8,5.73261586014781,10.3338905466084,14.3091116573422,19.5778515732053,34.4334887315423,2015-02-22,NA
"latent_infections",9,10.4159674454371,17.5626940977963,22.833555735823,29.8264652697782,48.5835835760433,2015-03-01,NA
"latent_infections",10,11.5394149633196,19.1212554166283,25.0130947336836,31.8042251007899,50.2317520730181,2015-03-08,NA
"latent_infections",11,14.2798055322967,23.1766986756824,29.1543863573593,37.1838270531677,57.733649871715,2015-03-15,NA
"latent_infections",12,16.830731444353,26.5667022645687,32.9085600289697,41.4907960010775,61.5092206271026,2015-03-22,NA
"latent_infections",13,19.4383931222837,30.2416133192249,37.1196780104657,46.6848510925471,67.3054781644959,2015-03-29,NA
"latent_infections",14,21.8345253251139,32.8628934444539,40.1764174934906,50.0574032928603,72.0759046927504,2015-04-05,NA
"latent_infections",15,21.8767978216914,34.3551803966084,41.8233606302783,53.2503197234283,78.0721545755357,2015-04-12,NA
"latent_infections",16,22.9637048045681,34.6076237245132,42.1513195792873,52.1940838874533,78.030484030769,2015-04-19,NA
"latent_infections",17,21.1098158337091,32.378183418588,41.0986475706994,50.8200413157677,78.3263836520948,2015-04-26,NA
"latent_infections",18,19.9108243410301,29.9486450935052,38.0102447052076,47.5209441740322,72.4701702376125,2015-05-03,NA
"latent_infections",19,17.5231320045915,27.1031409737682,34.6538023736038,42.8376846238083,65.1141585133694,2015-05-10,NA
"latent_infections",20,14.774081034633,23.2035311641995,29.515555069128,37.5267480655576,56.5392528554578,2015-05-17,NA
"latent_infections",21,12.0645901622468,19.2748725821568,24.8093942321339,31.665109750074,51.1908433637905,2015-05-24,NA
"latent_infections",22,9.26247889061435,15.7195003582546,20.4867227851001,26.5957189828054,43.6002980549975,2015-05-31,NA
"latent_infections",23,7.03380021325527,12.3191166774186,16.6542909275093,21.8052896386847,37.0415907080435,2015-06-07,NA
"latent_infections",24,5.20741727251055,9.91073086139778,13.3511512822916,17.7469811782551,31.692447139172,2015-06-14,NA
"latent_infections",25,3.99983824918327,7.80199101585823,10.8391454364559,14.5705094872937,26.1477062299716,2015-06-21,NA
"latent_infections",26,3.31073501484496,6.37996635515376,8.62318933213292,11.8519913090478,21.3236687519735,2015-06-28,NA
"latent_infections",27,2.45129814433051,4.98957057077793,7.10405023084542,10.2024029910542,17.751529904341,2015-07-05,NA
"latent_infections",28,1.81165223085498,4.06687723052873,5.79016537110837,8.20253501272009,15.1207591418639,2015-07-12,NA
"latent_infections",29,1.48783079376349,3.38246436048669,4.94163617144069,6.93746947919466,13.1963007923711,2015-07-19,NA
"latent_infections",30,1.25329965967116,2.90035359304321,4.18179658949989,6.0530026317782,12.1681169935156,2015-07-26,NA
"latent_infections",31,0.969915865525595,2.39966128791799,3.60458777274985,5.25027114073181,11.2094913837683,2015-08-02,NA
"latent_infections",32,0.826816656134192,2.0956641787385,3.19346118814178,4.62965694953324,10.3104048454632,2015-08-09,NA
"latent_infections",33,0.721692789568069,1.81542351307744,2.79440516402531,4.1370803042315,9.30301112604176,2015-08-16,NA
"latent_infections",34,0.637511744375981,1.63399752201975,2.47356303009697,3.82618107104236,8.44697112495429,2015-08-23,NA
"latent_infections",35,0.591814926555163,1.55458504261887,2.34629797023014,3.57124899500097,7.87235701648102,2015-08-30,NA
"latent_infections",36,0.565757067954669,1.52617625960126,2.27757282818895,3.48517149752131,7.50965397063106,2015-09-06,NA
"latent_infections",37,0.569013596144906,1.50111444649511,2.29526207117282,3.47124692258704,7.59341815512195,2015-09-13,NA
"latent_infections",38,0.571182569612373,1.53866169605874,2.36229983753384,3.64088433350711,7.44015250364363,2015-09-20,NA
"latent_infections",39,0.659829624123436,1.67186947724282,2.57027420222688,3.88858261033011,7.86272153658653,2015-09-27,NA
"latent_infections",40,0.774007495381586,1.86525491671275,2.83733448845214,4.13650582285059,8.29679373460377,2015-10-04,NA
"latent_infections",41,0.866940862587213,2.12065056103608,3.13603741340774,4.68415802030482,9.37055172899083,2015-10-11,NA
"latent_infections",42,1.01087749827682,2.45745087746663,3.72804651631532,5.35286325733456,9.9810315667448,2015-10-18,NA
"latent_infections",43,1.26620986652766,3.02684324111914,4.28528552832735,6.33884250039815,11.4315657363299,2015-10-25,NA
"latent_infections",44,1.55316608928652,3.74650976692818,5.17486074396074,7.7107798669626,13.6487218878471,2015-11-01,NA
"latent_infections",45,2.17671433805736,4.78996596236148,6.62073876781057,9.43707507848042,16.3901791446472,2015-11-08,NA
"latent_infections",46,3.12952425670956,6.21428744921581,8.71473782165826,12.0506083122899,19.8884004665231,2015-11-15,NA
"latent_infections",47,4.40625340168094,8.41747815556231,11.4683383501243,15.3699323530462,25.7788377768776,2015-11-22,NA
"latent_infections",48,6.71277894072439,11.8892648964965,16.2925382500993,21.3188354154653,35.1195578503918,2015-11-29,NA
"latent_infections",49,10.4514356806889,17.2783886312694,22.9383981530653,29.0551949067241,46.9778361429644,2015-12-06,NA
"latent_infections",50,16.0907239264619,24.3489183506148,32.053997284469,40.5737666946345,65.1589162574948,2015-12-13,NA
"latent_infections",51,24.6096807238278,35.4435306656371,44.0604782085549,55.3518691423212,81.4870974192736,2015-12-20,NA
"latent_infections",52,36.2115300856797,51.3438050438881,63.198586624074,78.7287504665467,116.578054284726,2015-12-27,NA
"latent_infections",53,56.3976721601075,75.4788665042954,91.6382799196648,112.888080998743,157.208165467876,2016-01-03,NA
"latent_infections",54,85.1373561884514,113.04234640033,132.749398160695,159.414931014442,214.574612780962,2016-01-10,NA
"latent_infections",55,130.338105985585,171.416444875745,198.226376475205,230.69730512622,317.739575700732,2016-01-17,NA
"latent_infections",56,186.343555065011,247.817888402599,293.167671689491,345.695738382553,462.14586596619,2016-01-24,NA
"latent_infections",57,293.423047381711,384.042210568717,441.702372996787,516.363831904475,691.623226424555,2016-01-31,NA
"latent_infections",58,426.923047412755,557.859481672689,646.800866218737,768.610472890992,1054.14876015913,2016-02-07,NA
"latent_infections",59,647.387345576632,853.666413486485,991.438770608036,1202.73445213019,1678.55405081877,2016-02-14,NA
"latent_infections",60,1046.72147283375,1377.60115787756,1598.67971727129,1968.04131876281,2821.51937704846,2016-02-21,NA
"latent_infections",61,1743.48692881947,2274.77415328745,2642.35880343839,3159.93663925549,4487.61191815589,2016-02-28,NA
"latent_infections",62,2953.80752342424,3712.17429918727,4319.55184387316,5224.71975918929,7264.11888590415,2016-03-06,NA
"latent_infections",63,4624.14359065985,5798.78498638418,6814.95636432385,8223.34286400791,12115.4683171288,2016-03-13,NA
"latent_infections",64,7027.77044086063,8831.34620275872,10132.5175859078,12013.8719779758,17460.2743714585,2016-03-20,NA
"latent_infections",65,10571.028381942,13464.8657929346,15149.4241318642,17931.4602637991,24867.0713381473,2016-03-27,NA
"latent_infections",66,15994.4210534204,19392.7881391123,22008.7505913103,25108.6593528466,33732.9520169673,2016-04-03,NA
"latent_infections",67,22848.6667341004,28776.4248279874,32428.8405726803,36933.7530236937,47245.0059822786,2016-04-10,NA
"latent_infections",68,32851.354686862,40106.5515402121,44945.7820091385,50650.5698045942,63194.5817114843,2016-04-17,NA
"latent_infections",69,47563.8122161782,56616.8037068406,62042.9627288916,69865.3221316485,87289.9214700321,2016-04-24,NA
"latent_infections",70,60678.0404376989,73678.0873919954,81312.1063926395,90267.5642163392,108060.002678405,2016-05-01,NA
"latent_infections",71,68133.7927174128,84542.4628399677,93457.1271262889,104343.625787875,128411.86740864,2016-05-08,NA
"latent_infections",72,70957.6184771157,90744.49330075,101879.143848019,113051.631853754,137580.279337813,2016-05-15,NA
"latent_infections",73,69797.4989029644,88200.1180765281,100266.400133474,112732.59957042,140391.05020649,2016-05-22,NA
"latent_infections",74,65437.470176346,83294.217602348,93897.0958684794,104853.085578415,126893.780879635,2016-05-29,NA
"latent_infections",75,57571.5110284387,71565.4278672997,80988.9305204552,91446.895493942,114544.065880701,2016-06-05,NA
"latent_infections",76,50005.7462171944,60040.6702350789,67656.3714225874,75128.8356953322,94457.038652953,2016-06-12,NA
"latent_infections",77,40979.7705100088,51314.9933147469,57808.8478180996,64922.2541301373,79174.2415456568,2016-06-19,NA
"latent_infections",78,34031.4077100304,41735.8309328283,47049.8325250707,52482.6134379162,63805.5261263159,2016-06-26,NA
"latent_infections",79,27755.5688166606,34525.3110826334,38732.4005078068,43207.9670567595,53129.726133721,2016-07-03,NA
"latent_infections",80,22728.1724972027,28337.764190356,31458.0088832746,35144.7205466958,43331.6412620824,2016-07-10,NA
"latent_infections",81,19061.7859816954,23186.5096657513,26056.7070940107,29311.0914870346,35946.6381981058,2016-07-17,NA
"latent_infections",82,15537.8707657856,19050.0717812177,21602.1830789577,24108.6838898801,29804.355021038,2016-07-24,NA
"latent_infections",83,12985.1835535494,15649.6377253263,17609.4452584185,19812.9173149182,25001.8601386534,2016-07-31,NA
"latent_infections",84,10073.7539101475,12462.1327605895,13951.7426035874,15891.9166422351,20173.4690139392,2016-08-07,NA
"latent_infections",85,8131.46899572449,10301.924358117,11539.7948285919,13015.4505560427,16323.4945786715,2016-08-14,NA
"latent_infections",86,6619.83723778593,8402.04846631632,9351.6867199358,10445.6315784819,13341.4583443897,2016-08-21,NA
"latent_infections",87,5243.56106775433,6607.58803217205,7520.77847581947,8534.07663404689,10948.0236713981,2016-08-28,NA
"latent_infections",88,4445.76513726033,5639.86405254765,6299.95072375083,7038.8639551289,9235.91272620381,2016-09-04,NA
"latent_infections",89,3870.56519174728,5044.53633637949,5639.33744147954,6359.98695899307,8042.92275912789,2016-09-11,NA
"latent_infections",90,3605.16834358098,4369.6297193128,4914.31445520553,5498.02359759872,7435.5670475703,2016-09-18,NA
"latent_infections",91,3468.71937237993,4366.6903819869,4878.16754389791,5451.95588331356,6846.63027787822,2016-09-25,NA
"latent_infections",92,3368.08650751088,4342.1597614751,4837.33160212938,5444.73147805616,6673.80336093988,2016-10-02,NA
"latent_infections",93,3391.9335957444,4249.47023812026,4764.53483270122,5302.20325574864,6435.8651867257,2016-10-09,NA
"latent_infections",94,3429.29849553615,4320.67562764084,4832.00662370336,5378.03692289155,6635.20765960348,2016-10-16,NA
"latent_infections",95,3704.69330865036,4532.6080504128,5062.55239135513,5662.04048806025,6982.63657622403,2016-10-23,NA
"latent_infections",96,3856.99873930492,4755.73514313994,5341.58227547088,5941.61447516368,7239.20788204315,2016-10-30,NA
"latent_infections",97,4251.65270256416,5121.43795309298,5736.87397524472,6386.44329770569,7789.21140798437,2016-11-06,NA
"latent_infections",98,4535.18957620803,5464.06840750886,6149.86130158074,6800.21134798921,8602.79233854483,2016-11-13,NA
"latent_infections",99,4625.56835282378,5679.41879019333,6321.76566562903,6934.45552316677,8417.04408991542,2016-11-20,NA
"latent_infections",100,4398.18568035497,5229.30245692601,5888.91326151623,6570.48861384985,8062.92318021767,2016-11-27,NA
"latent_infections",101,3956.71344562375,4971.5768980252,5592.0607768005,6264.00400383423,7644.68985357078,2016-12-04,NA
"latent_infections",102,3660.35312895322,4601.90612171863,5139.39445686204,5792.53944028041,7108.51998913668,2016-12-11,NA
"latent_infections",103,3548.77715362946,4421.23400928869,4993.6532951896,5589.5882989988,6941.43567447298,2016-12-18,NA
"latent_infections",104,3787.28408825875,4666.97188193367,5246.42012712587,5864.77100263061,7344.73549201965,2016-12-25,NA
"latent_infections",105,4005.24876422164,5103.21556256371,5698.17192738273,6368.90300538719,7947.46327926119,2017-01-01,NA
"latent_infections",106,4579.5410534946,5604.15274980151,6212.76653705231,6987.40526323509,8521.99696338186,2017-01-08,NA
"latent_infections",107,5380.8349034098,6712.01094929885,7532.55261857531,8456.88709078559,10458.2018378599,2017-01-15,NA
"latent_infections",108,6234.41727110878,7885.34220147776,8886.43193415742,9994.12793322834,12595.470803801,2017-01-22,NA
"latent_infections",109,7994.21677997725,10127.8812304339,11227.2714565353,12524.5827595028,15786.3050904915,2017-01-29,NA
"latent_infections",110,10606.1926111254,12863.8502515443,14415.6207427685,16046.4625065578,19938.429813312,2017-02-05,NA
"latent_infections",111,13782.1019524368,17052.558918683,19006.4135617823,21120.235667801,25778.3888541008,2017-02-12,NA
"latent_infections",112,19022.2937298221,22898.1969219279,25462.2909055501,28334.1172589561,35013.111613636,2017-02-19,NA
"latent_infections",113,27033.5670191706,32473.9272307748,35710.256201416,39714.8580019386,50242.5466084358,2017-02-26,NA
"latent_infections",114,36135.8895666238,44580.8806669773,49471.6395393222,54872.9183687739,66425.933598372,2017-03-05,NA
"latent_infections",115,51030.7694346608,60713.4476712428,67274.704091368,74786.6825368507,91028.5650290085,2017-03-12,NA
"latent_infections",116,70108.8466225262,83991.1863687251,92087.9141762156,102296.863611717,124662.07825476,2017-03-19,NA
"latent_infections",117,92760.0495837349,109282.138428029,122335.273010435,135866.642483951,160186.511498574,2017-03-26,NA
"latent_infections",118,115562.767754243,138590.210259046,151868.434729604,166420.411587305,202263.465487828,2017-04-02,NA
"latent_infections",119,141434.34481063,166968.978749165,184394.381508799,203563.143335059,244326.688109116,2017-04-09,NA
"latent_infections",120,158825.843615361,185189.760874065,202620.949524865,225669.231865401,279872.296928726,2017-04-16,NA
"latent_infections",121,176025.796393448,201765.489192348,220818.615113371,242734.090210118,305549.704066054,2017-04-23,NA
"latent_infections",122,174396.042474079,206155.624823614,225165.722511218,251257.106581742,301200.789348525,2017-04-30,NA
"latent_infections",123,166209.99242385,192213.225374825,210137.321498941,240568.09134766,301682.421363076,2017-05-07,NA
"latent_infections",124,159582.417993572,182275.289738214,197411.471363035,221505.997936112,268637.417954067,2017-05-14,NA
"latent_infections",125,130605.510895025,157521.312885652,173712.749384094,191049.85977885,226357.105100364,2017-05-21,NA
"latent_infections",126,120566.641876711,138830.627491765,150263.456482165,163135.080853428,189855.877483243,2017-05-28,NA
"latent_infections",127,92641.6651404,110014.329184203,121352.41729266,132730.85339423,156135.215879847,2017-06-04,NA
"latent_infections",128,77010.5194414583,91248.013837842,99194.1966148555,109798.754018581,133653.843498584,2017-06-11,NA
"latent_infections",129,60169.589538411,69680.9445014574,76952.0897790288,84973.296264297,102805.64411366,2017-06-18,NA
"latent_infections",130,46200.5966604867,54327.4893233373,59196.4883103221,65497.9011984351,79087.8415293631,2017-06-25,NA
"latent_infections",131,38087.7065824057,44830.4600243806,49167.4617910896,53925.939459367,64574.2667930921,2017-07-02,NA
"latent_infections",132,28217.2805915048,33698.407111894,37251.8602706871,41495.9432766498,50699.1181486669,2017-07-09,NA
"latent_infections",133,22932.7154302432,28138.0245917963,31176.5289426117,34685.3879204936,42963.9729957322,2017-07-16,NA
"latent_infections",134,17759.0041149208,21527.3776528709,23587.2371310408,26040.540627517,31109.754763386,2017-07-23,NA
"latent_infections",135,13666.9046161985,16408.8595877648,18075.3258863155,20049.5754340253,23830.8275177682,2017-07-30,NA
"latent_infections",136,10238.3381968744,12543.7620591204,13930.0612007302,15400.337455115,18297.9872702944,2017-08-06,NA
"latent_infections",137,7753.74674781795,9575.91111828056,10619.4959510885,11761.9662023445,14167.4840388162,2017-08-13,NA
"latent_infections",138,5782.11226310213,7158.45473702183,7953.25679428241,8830.2503658251,10699.6462431444,2017-08-20,NA
"latent_infections",139,4418.48075219644,5513.89588157198,6154.15704728753,6831.97544837315,8445.74488098934,2017-08-27,NA
"latent_infections",140,3572.66714748721,4329.79835512181,4842.93295516579,5480.9359218583,6733.40757854766,2017-09-03,NA
"latent_infections",141,2817.38462572425,3465.08341835958,3918.55095470965,4401.51999064833,5517.83041558452,2017-09-10,NA
"latent_infections",142,2367.81884921008,2860.07204037845,3189.96892543921,3577.629676649,4518.67800631541,2017-09-17,NA
"latent_infections",143,1959.79361498263,2383.4652318533,2656.31520736728,2996.68208400756,3693.76611362797,2017-09-24,NA
"latent_infections",144,1742.97698041751,2107.03271881739,2353.56489440127,2618.89969575452,3310.85735085081,2017-10-01,NA
"latent_infections",145,1493.69246118423,1798.00835150346,2036.80506913971,2296.86537979486,2904.03143469849,2017-10-08,NA
"latent_infections",146,1297.00973746323,1637.77942163827,1847.91446100124,2119.03998880579,2721.78210726606,2017-10-15,NA
"latent_infections",147,1251.12306352228,1518.44471140669,1695.26820491167,1910.90651472813,2425.33391671238,2017-10-22,NA
"latent_infections",148,1142.19080026302,1421.21263693312,1610.54060987997,1805.21440440657,2336.92278793973,2017-10-29,NA
"latent_infections",149,1095.94133048495,1354.16055603588,1501.76204239054,1715.62420378985,2134.02034563546,2017-11-05,NA
"latent_infections",150,998.221978220917,1255.46597216022,1415.03173634859,1589.43259234583,2096.95610341556,2017-11-12,NA
"latent_infections",151,889.661498177421,1116.33801775872,1267.10536538372,1435.13418521955,1815.05234803771,2017-11-19,NA
"latent_infections",152,852.722465802057,1089.910490586,1235.47236661421,1407.68955402391,1786.72589080435,2017-11-26,NA
"latent_infections",153,849.350974111551,1057.14873687101,1187.40348739495,1331.12437298513,1705.9160243573,2017-12-03,NA
"latent_infections",154,799.134701732971,1002.52521109642,1121.45344937708,1268.27273561622,1615.13895652162,2017-12-10,NA
"latent_infections",155,761.709119383268,973.246285842889,1081.82705666497,1217.30355655476,1532.63499249634,2017-12-17,NA
"latent_infections",156,736.172271036327,976.586385264954,1103.73761369852,1262.38153332266,1604.67980202584,2017-12-24,NA
"latent_infections",157,819.463257385077,1039.0364257577,1177.39356582604,1340.69690334651,1706.392474418,2017-12-31,NA
"latent_infections",158,862.23812455587,1115.51976520965,1265.37472887992,1425.37745274196,1784.10686445834,2018-01-07,NA
"latent_infections",159,974.264189973744,1212.83210432967,1384.6406595901,1548.23827443016,1992.27562932775,2018-01-14,NA
"latent_infections",160,1034.15623862309,1369.38916258193,1522.06177411661,1719.83803796969,2190.96645093622,2018-01-21,NA
"latent_infections",161,1151.36861852341,1476.75073599541,1664.12060767635,1897.99353322891,2408.65478304124,2018-01-28,NA
"latent_infections",162,1318.03191155252,1642.4500182608,1872.5496946841,2092.89043999601,2708.64629196221,2018-02-04,NA
"latent_infections",163,1527.92876148545,1888.19779404318,2125.84912695391,2415.24652872644,3003.19517428422,2018-02-11,NA
"latent_infections",164,1669.91887266458,2084.44740224387,2356.18297818092,2632.79653260296,3274.10691325207,2018-02-18,NA
"latent_infections",165,1815.16208814497,2254.62825439782,2539.31066273074,2863.04874152771,3600.19172189742,2018-02-25,NA
"latent_infections",166,1789.90614838879,2238.37297472895,2572.3974528453,2897.55812698127,3627.63953663443,2018-03-04,NA
"latent_infections",167,1837.19903432009,2248.30201340893,2530.6142668341,2877.40104822009,3709.57935316455,2018-03-11,NA
"latent_infections",168,1741.21852565259,2160.91496332802,2466.27601747406,2801.07353852594,3634.5675770428,2018-03-18,NA
"latent_infections",169,1639.03177755524,2137.60936779843,2442.38834668853,2755.59117200315,3521.08705871641,2018-03-25,NA
"latent_infections",170,1624.87220162208,2052.09561693565,2328.63553896983,2615.10245858982,3282.07916927826,2018-04-01,NA
"latent_infections",171,1591.21386797314,1955.58648499776,2173.11073174802,2453.29896473624,3140.69144665809,2018-04-08,NA
"latent_infections",172,1432.35800923419,1744.90519560492,1977.45807300424,2227.91348140064,2894.28238604246,2018-04-15,NA
"latent_infections",173,1203.31069976475,1453.46503779745,1657.45490501193,1852.16114295384,2430.13465230415,2018-04-22,NA
"latent_infections",174,1089.78867393515,1357.187367398,1528.76173651698,1723.34417604727,2194.67083113067,2018-04-29,NA
"latent_infections",175,894.17923839396,1143.5951222368,1302.54063978491,1482.15631406317,1931.58562954973,2018-05-06,NA
"latent_infections",176,820.170701941549,1074.98831837724,1218.07531971091,1393.20128577524,1817.81701546176,2018-05-13,NA
"latent_infections",177,771.425877011101,1005.54889814589,1137.88068569204,1285.51775268244,1660.75529615461,2018-05-20,NA
"latent_infections",178,733.891420392767,920.719786609066,1046.77500963747,1184.86226485993,1465.60579139497,2018-05-27,NA
"latent_infections",179,667.724146313218,835.049024554325,947.348859306387,1087.17268242454,1384.01282629192,2018-06-03,NA
"latent_infections",180,618.976807113082,781.595021205921,887.626259941761,1016.1324578249,1296.70713102303,2018-06-10,NA
"latent_infections",181,580.357031678735,748.709214438977,856.146624489134,993.40783183036,1293.42730698389,2018-06-17,NA
"latent_infections",182,536.119879922134,688.201940379586,789.519840108308,926.274529155756,1194.87742210658,2018-06-24,NA
"latent_infections",183,536.166310413235,666.807174859034,771.557096955705,885.942932470685,1150.17570831363,2018-07-01,NA
"latent_infections",184,498.741070392681,620.698494595033,716.37414598154,816.850571988111,1075.00794435757,2018-07-08,NA
"latent_infections",185,479.986067893348,594.526461314163,672.978918701402,766.958418993332,995.895232022562,2018-07-15,NA
"latent_infections",186,439.793666162481,577.234661220376,656.49189583621,751.770750914553,963.895218609433,2018-07-22,NA
"latent_infections",187,394.871930342253,528.147047184915,598.42660086932,693.969965445965,907.686260776974,2018-07-29,NA
"latent_infections",188,379.181772275947,486.487327440412,557.491892446578,650.26775262144,836.748355618381,2018-08-05,NA
"latent_infections",189,348.384533037761,456.038034054645,517.253340525759,591.690139248222,819.674580451062,2018-08-12,NA
"latent_infections",190,336.212675657464,432.799417210862,490.576809712882,563.797218447261,761.980578059003,2018-08-19,NA
"latent_infections",191,309.357664372637,398.959405056586,453.798407228608,519.172912899507,702.906288797099,2018-08-26,NA
"latent_infections",192,288.395107855521,371.295815242181,428.193951670695,493.992054988279,650.981591437962,2018-09-02,NA
"latent_infections",193,260.757598428086,327.509912134668,377.689260701295,435.055675937159,589.79196844177,2018-09-09,NA
"latent_infections",194,240.372796165598,304.463854132579,351.13626633587,407.738879154727,548.540096590975,2018-09-16,NA
"latent_infections",195,221.779457886721,287.60961374907,332.022281740529,389.47198030497,523.275462645695,2018-09-23,NA
"latent_infections",196,203.835642096032,271.211671290342,311.295171919227,369.466116396968,492.890197177548,2018-09-30,NA
"latent_infections",197,209.117029244022,272.281139666699,315.382560585705,368.873036812535,509.22678723541,2018-10-07,NA
"latent_infections",198,208.848029250994,275.627661028698,319.922960322356,370.758901262818,498.707789162487,2018-10-14,NA
"latent_infections",199,208.450360763681,274.76746459465,329.578415049725,385.321812430949,506.990354886318,2018-10-21,NA
"latent_infections",200,218.263350831484,281.39147253882,329.441016525508,384.935863909638,526.882051778744,2018-10-28,NA
"latent_infections",201,206.641828490478,268.197469012496,314.849156908623,375.843635248475,514.3083891984,2018-11-04,NA
"latent_infections",202,211.688930206326,272.807797550132,314.183920762903,365.105572940843,499.906241141815,2018-11-11,NA
"latent_infections",203,210.50129058171,273.985322634978,314.713188556046,374.248073425043,518.969660813706,2018-11-18,NA
"latent_infections",204,205.644943364453,269.340734189517,310.837707174452,368.770893702389,497.016343157133,2018-11-25,NA
"latent_infections",205,200.888216577674,271.103326847469,315.750757691669,365.723323533039,497.638239964298,2018-12-02,NA
"latent_infections",206,215.37614176803,276.72973554725,326.661548061631,384.723283049105,506.153674233303,2018-12-09,NA
"latent_infections",207,230.099526506173,290.62117495381,340.182535438205,401.611695090228,525.098241388882,2018-12-16,NA
"latent_infections",208,252.853015266843,328.702937122855,377.809384654332,439.254711783374,574.837400571492,2018-12-23,NA
"latent_infections",209,293.972703725306,375.648412405968,428.955842100654,496.336499232655,655.27447197213,2018-12-30,NA
"latent_infections",210,335.537865256306,431.270880487467,503.362373499717,582.586567824985,766.94967416894,2019-01-06,NA
"latent_infections",211,416.292318852772,517.23212666419,595.475212403597,694.043007615255,910.078663859439,2019-01-13,NA
"latent_infections",212,451.32219754215,585.070361312903,675.739879286793,770.451363433587,999.896565226007,2019-01-20,NA
"latent_infections",213,524.412896595659,666.090889223378,764.232019269501,887.083690152379,1133.3562468386,2019-01-27,NA
"latent_infections",214,599.987693336464,742.506041779553,857.873927515637,985.482348250193,1262.63902654065,2019-02-03,NA
"latent_infections",215,692.980726141559,871.345509547036,995.257518287536,1135.41809917927,1439.8719126274,2019-02-10,NA
"latent_infections",216,741.714971449314,948.104451985088,1074.32115669395,1237.6743818956,1599.15525690962,2019-02-17,NA
"latent_infections",217,805.972728781629,1034.16019953182,1177.7442370315,1346.33588310422,1731.47311742185,2019-02-24,NA
"latent_infections",218,968.601184330749,1224.39852098553,1386.19229698902,1555.7296629022,1971.37330673325,2019-03-03,NA
"latent_infections",219,1040.7696266957,1290.43388507521,1450.98109404694,1651.03959361053,2050.05235144819,2019-03-10,NA
"latent_infections",220,1142.6331455616,1448.46338158893,1630.67027484565,1825.08327744897,2315.29307640245,2019-03-17,NA
"latent_infections",221,1252.1606916107,1587.98886851862,1814.55687931982,2067.19409556476,2463.94982323722,2019-03-24,NA
"latent_infections",222,1401.39841030395,1797.71687536262,2031.51663291268,2309.65914970369,2822.96718154395,2019-03-31,NA
"latent_infections",223,1536.75547376435,1957.67150446353,2219.38905896145,2509.83161683711,3131.6100649657,2019-04-07,NA
"latent_infections",224,1709.08350679586,2098.02273050122,2354.43517003024,2642.1517479115,3240.7921601308,2019-04-14,NA
"latent_infections",225,1743.9100144583,2181.60895784141,2465.63177719525,2767.02167377206,3403.17902676017,2019-04-21,NA
"latent_infections",226,1837.0046030779,2289.59340766494,2545.75865242977,2880.06393719271,3589.67173140432,2019-04-28,NA
"latent_infections",227,1814.02695462713,2260.07043372688,2542.94923492237,2842.74304730878,3608.11947346884,2019-05-05,NA
"latent_infections",228,1833.049237627,2230.22363930653,2471.31739717212,2774.66984422108,3516.06843380414,2019-05-12,NA
"latent_infections",229,1670.25217097922,2094.09595307156,2344.11436195681,2625.06946163684,3299.38533949621,2019-05-19,NA
"latent_infections",230,1547.53929230081,1881.11437156899,2114.02475552276,2376.4826587575,2930.51301492124,2019-05-26,NA
"latent_infections",231,1330.3344874346,1682.03613006955,1887.4920928185,2108.11279929738,2589.87752485453,2019-06-02,NA
"latent_infections",232,1177.18207824466,1474.59773312609,1666.29345545,1872.49172798525,2389.15836912882,2019-06-09,NA
"latent_infections",233,1003.47919658611,1279.67721856171,1436.7843944177,1614.94015406552,2102.10698045081,2019-06-16,NA
"latent_infections",234,785.553525653986,1006.28524689082,1137.65671193543,1305.4552029058,1638.25475136175,2019-06-23,NA
"latent_infections",235,671.112516557648,847.029659535654,962.488412605316,1101.33227023711,1375.28028238563,2019-06-30,NA
"latent_infections",236,547.338591963388,695.04010951886,794.259108796116,913.419190278488,1170.64290609849,2019-07-07,NA
"latent_infections",237,485.930174759148,620.790530970178,702.567612818209,807.873331394408,1017.3390386278,2019-07-14,NA
"latent_infections",238,430.28575213283,561.097677204813,643.770309070875,744.759920548764,971.731906331092,2019-07-21,NA
"latent_infections",239,399.361692499624,517.845433337578,593.947129638394,686.743671549465,890.611716575669,2019-07-28,NA
"latent_infections",240,380.291333347061,489.710584223074,562.16389185593,645.246422616345,852.681597552531,2019-08-04,NA
"latent_infections",241,369.438182353892,480.079920731342,542.707385514212,629.58779400151,826.234042838852,2019-08-11,NA
"latent_infections",242,389.920245120088,473.896082020689,537.783367711664,623.252529657234,828.952083972986,2019-08-18,NA
"latent_infections",243,324.543424875467,424.242841894343,496.105132844374,577.14225680415,788.26664980296,2019-08-25,NA
"latent_infections",244,322.343062298995,407.678742909613,461.771935457228,532.46365341153,742.878785687339,2019-09-01,NA
"latent_infections",245,293.281850514239,384.583272930813,442.674684694381,517.769247112618,718.529453300224,2019-09-08,NA
"latent_infections",246,294.479005402862,364.310882832956,416.088407098049,483.708846613378,659.236373035388,2019-09-15,NA
"latent_infections",247,280.852725109905,355.513439429122,407.494223875019,474.264698269602,651.141781607135,2019-09-22,NA
"latent_infections",248,258.782387055642,332.017698745438,377.756486301732,439.746410844847,585.481390864166,2019-09-29,NA
"latent_infections",249,251.257683275733,311.185024474953,354.034539876917,411.969616965547,559.876008921527,2019-10-06,NA
"latent_infections",250,207.063352072517,271.364472947333,313.594347211301,368.957874012868,493.646614884603,2019-10-13,NA
"latent_infections",251,179.883179903652,245.389779855011,281.622359323324,330.982323046963,438.314736235351,2019-10-20,NA
"latent_infections",252,165.238950811599,220.841513324264,257.304481400786,300.770030713213,388.71592337028,2019-10-27,NA
"latent_infections",253,149.415358684107,194.032138493719,230.227809678535,273.890288681818,372.539567209065,2019-11-03,NA
"latent_infections",254,140.33962611019,187.516916900338,215.62530529347,252.778329516763,330.646300052707,2019-11-10,NA
"latent_infections",255,126.332917780616,173.204924312524,200.505420220209,234.648465173914,318.03620564332,2019-11-17,NA
"latent_infections",256,115.572678293008,158.058885444163,182.722353687965,217.33989567731,296.875498730044,2019-11-24,NA
"latent_infections",257,109.633762290544,148.653080560741,174.404290839227,204.416590840571,272.379268876416,2019-12-01,NA
"latent_infections",258,95.1537491825555,130.731967382969,156.465153671616,187.758645053918,255.897491717021,2019-12-08,NA
"latent_infections",259,80.4514235468306,117.21947092108,144.116193901299,173.537866106176,245.46351560063,2019-12-15,NA
"latent_infections",260,71.8486354331966,107.736600257199,135.566566740121,170.05832706846,252.249802251426,2019-12-22,NA
"latent_infections",261,60.4462185364353,98.0256001176728,129.733007267144,167.936492309196,279.931371491218,2019-12-29,NA
"susceptible_prop",1,1,1,1,1,1,2015-01-04,NA
"susceptible_prop",2,0.999996134150328,0.999997802057542,0.999998393592194,0.999998839860165,0.999999356431326,2015-01-11,NA
"susceptible_prop",3,0.999992269941828,0.999995605031248,0.999996787843882,0.999997680203479,0.999998713129047,2015-01-18,NA
"susceptible_prop",4,0.999988407016038,0.999993408742426,0.999995182656145,0.999996520923282,0.999998070041157,2015-01-25,NA
"susceptible_prop",5,0.999984545791814,0.999991213406705,0.999993578170164,0.99999536214829,0.999997427232556,2015-02-01,NA
"susceptible_prop",6,0.999980686247303,0.999989019005491,0.999991974331331,0.999994203857357,0.99999678469638,2015-02-08,NA
"susceptible_prop",7,0.999976828735188,0.999986825726509,0.999990371280203,0.999993046164328,0.999996142490586,2015-02-15,NA
"susceptible_prop",8,0.999972971792162,0.999984632766901,0.999988768483718,0.999991888640613,0.999995500373718,2015-02-22,NA
"susceptible_prop",9,0.99996911734449,0.999982441230215,0.999987166718362,0.999990731856425,0.999994858669118,2015-03-01,NA
"susceptible_prop",10,0.999964273719584,0.999979009605412,0.999984562251111,0.999988595656559,0.999993504519761,2015-03-08,NA
"susceptible_prop",11,0.999959258835354,0.999975675271087,0.999981715971933,0.999986347770064,0.99999208566399,2015-03-15,NA
"susceptible_prop",12,0.999954113188518,0.999971550657203,0.999978233679617,0.999983444243559,0.99998999775891,2015-03-22,NA
"susceptible_prop",13,0.999947271796636,0.999967401861154,0.999974471052048,0.999980187050344,0.999987702607785,2015-03-29,NA
"susceptible_prop",14,0.999940798739304,0.999961969854289,0.99997019967183,0.999976490619198,0.999985004046809,2015-04-05,NA
"susceptible_prop",15,0.999934111541558,0.999956421619154,0.9999655530169,0.999972447996515,0.999982213695023,2015-04-12,NA
"susceptible_prop",16,0.999926685493611,0.99995075712903,0.999960700224231,0.999967975004379,0.99997905557632,2015-04-19,NA
"susceptible_prop",17,0.999919038585906,0.999945105326956,0.999955570772691,0.999963464260967,0.999975836368648,2015-04-26,NA
"susceptible_prop",18,0.999913579280008,0.99993993301791,0.999950783151743,0.999959348952815,0.999972604754852,2015-05-03,NA
"susceptible_prop",19,0.999907678123229,0.999935001994952,0.999946726534628,0.999955616496372,0.999969748568456,2015-05-10,NA
"susceptible_prop",20,0.999902780193755,0.999930252122412,0.999942877536743,0.999952077093803,0.999966651044703,2015-05-17,NA
"susceptible_prop",21,0.999898165278436,0.999926812268284,0.999939458195283,0.999949365931797,0.999964283312537,2015-05-24,NA
"susceptible_prop",22,0.999894127424088,0.999923605784523,0.999936715312557,0.999946690389623,0.999962491096479,2015-05-31,NA
"susceptible_prop",23,0.99989073006305,0.999920948149305,0.999934076414876,0.999944707738831,0.999960908972214,2015-06-07,NA
"susceptible_prop",24,0.999887897196803,0.99991901915032,0.999931772654155,0.999942710754391,0.999959757535096,2015-06-14,NA
"susceptible_prop",25,0.999885939842588,0.999917252471554,0.99993014795988,0.999941399786051,0.999958950525929,2015-06-21,NA
"susceptible_prop",26,0.999883948158199,0.999915954741031,0.999928747105598,0.999940207748196,0.99995804585615,2015-06-28,NA
"susceptible_prop",27,0.999882719304826,0.999915061853464,0.999927562071751,0.999939389551386,0.999957368392211,2015-07-05,NA
"susceptible_prop",28,0.999881872968584,0.999914196826944,0.999926611355628,0.999938673235542,0.99995642018765,2015-07-12,NA
"susceptible_prop",29,0.999881209421359,0.999913600933814,0.999925834202309,0.999937954475273,0.999955727194521,2015-07-19,NA
"susceptible_prop",30,0.999880218050462,0.999912848578288,0.999925283516662,0.999937468828869,0.999955090955094,2015-07-26,NA
"susceptible_prop",31,0.999879797662086,0.999912321196845,0.9999247064083,0.999936909360156,0.999954695205817,2015-08-02,NA
"susceptible_prop",32,0.999879191894159,0.999911929336304,0.999924366601474,0.999936498012393,0.999954138641444,2015-08-09,NA
"susceptible_prop",33,0.99987870120876,0.999911432677525,0.99992402415058,0.999936064648953,0.99995369569459,2015-08-16,NA
"susceptible_prop",34,0.99987834530701,0.999911063351499,0.999923676933571,0.99993571916943,0.999953577447848,2015-08-23,NA
"susceptible_prop",35,0.999878016977748,0.999910571336819,0.999923302930678,0.999935475196503,0.999953453439414,2015-08-30,NA
"susceptible_prop",36,0.999877703770668,0.999910134448031,0.999922999931375,0.999935223857741,0.999953338479797,2015-09-06,NA
"susceptible_prop",37,0.999877408414682,0.999909813065727,0.99992270555889,0.999934818226201,0.999953187345907,2015-09-13,NA
"susceptible_prop",38,0.999877086635398,0.999909521918045,0.999922379013987,0.999934528897114,0.999952981346985,2015-09-20,NA
"susceptible_prop",39,0.999876774960835,0.999909202965174,0.999922044332674,0.999934216780432,0.99995271578298,2015-09-27,NA
"susceptible_prop",40,0.999876158806837,0.999908825744083,0.99992145522361,0.999934013635648,0.999952280853772,2015-10-04,NA
"susceptible_prop",41,0.999875433143756,0.999908592392545,0.999921133105709,0.999933852771383,0.999951848156437,2015-10-11,NA
"susceptible_prop",42,0.999874726620103,0.999908038444932,0.999920804356456,0.999933476886996,0.99995153825107,2015-10-18,NA
"susceptible_prop",43,0.999873669745357,0.999907637828418,0.999920447025129,0.999933159949774,0.999951181683137,2015-10-25,NA
"susceptible_prop",44,0.999872604834148,0.999907071128238,0.999919900271852,0.999932535773352,0.999950742467972,2015-11-01,NA
"susceptible_prop",45,0.999871910887916,0.999906348553539,0.999919159518574,0.999931814314443,0.999950221908448,2015-11-08,NA
"susceptible_prop",46,0.999870611119754,0.999905436026483,0.999918304509122,0.999931206874322,0.999949850971579,2015-11-15,NA
"susceptible_prop",47,0.999868971421001,0.999904155235779,0.99991731906209,0.999930007383483,0.999948669048547,2015-11-22,NA
"susceptible_prop",48,0.999868493148662,0.999902465310982,0.999915872507285,0.999928416024376,0.99994737478204,2015-11-29,NA
"susceptible_prop",49,0.999866878758908,0.999900377832922,0.999913922324628,0.999926520341887,0.999945814907751,2015-12-06,NA
"susceptible_prop",50,0.999863291954424,0.999897828497597,0.999911003139876,0.999924251694464,0.999943818930585,2015-12-13,NA
"susceptible_prop",51,0.999860043130986,0.999893638296057,0.999907613950289,0.999920729663877,0.99994156262327,2015-12-20,NA
"susceptible_prop",52,0.999853830933692,0.999887647239772,0.99990243082585,0.999915689131741,0.999937922731785,2015-12-27,NA
"susceptible_prop",53,0.999841550385861,0.999880078298947,0.999895239807031,0.999909010063822,0.99993227987423,2016-01-03,NA
"susceptible_prop",54,0.999828214479896,0.999868653433136,0.999885231278694,0.999899443176811,0.999923710309589,2016-01-10,NA
"susceptible_prop",55,0.999806666411603,0.999851583731281,0.999870551899378,0.999885060891609,0.999912467616994,2016-01-17,NA
"susceptible_prop",56,0.999780202368171,0.999825664547076,0.999848839003631,0.999864198601811,0.99989444519725,2016-01-24,NA
"susceptible_prop",57,0.99973745680919,0.999789269850465,0.999815739077807,0.999834455184579,0.999867974221955,2016-01-31,NA
"susceptible_prop",58,0.99966399364768,0.999733718973709,0.999766326120256,0.999789428169522,0.999827839724287,2016-02-07,NA
"susceptible_prop",59,0.999560072794858,0.999650886820267,0.999693512226769,0.999724517653528,0.999772995672988,2016-02-14,NA
"susceptible_prop",60,0.999387060013576,0.999519281223382,0.999581902512814,0.99962760358435,0.999697176837297,2016-02-21,NA
"susceptible_prop",61,0.999087415627355,0.999299624082878,0.999400981969355,0.999473703306428,0.999561624893496,2016-02-28,NA
"susceptible_prop",62,0.99859994613497,0.998948646621512,0.999106329214809,0.99920987400521,0.999350770540805,2016-03-06,NA
"susceptible_prop",63,0.997833454390045,0.998384298922214,0.998631467515613,0.998788691621241,0.999000997505265,2016-03-13,NA
"susceptible_prop",64,0.996483625590036,0.997482645500461,0.997877804503956,0.998125696767086,0.998447735687932,2016-03-20,NA
"susceptible_prop",65,0.99463887142741,0.996136465869846,0.996742209026726,0.997142501069169,0.997611112106746,2016-03-27,NA
"susceptible_prop",66,0.991843668163337,0.994220458097472,0.995071707133016,0.99562401219615,0.996273003415766,2016-04-03,NA
"susceptible_prop",67,0.988408583650101,0.991469168003917,0.992632274032249,0.99340035380078,0.994425276832651,2016-04-10,NA
"susceptible_prop",68,0.983482789182358,0.987372261075888,0.988961022519031,0.990108702224628,0.991721731131354,2016-04-17,NA
"susceptible_prop",69,0.97715180258939,0.981961236899848,0.983923320052152,0.985455962376808,0.987808837828406,2016-04-24,NA
"susceptible_prop",70,0.968734148400446,0.97419132807698,0.976816217270871,0.978876702606341,0.982013278891224,2016-05-01,NA
"susceptible_prop",71,0.958227330786961,0.964539342051505,0.967687412016431,0.970210168152425,0.974142815887601,2016-05-08,NA
"susceptible_prop",72,0.946184815137036,0.953682443804232,0.957004172865767,0.96022205456607,0.965319882691983,2016-05-15,NA
"susceptible_prop",73,0.932491544258314,0.941688288521371,0.94568342777687,0.949508944395739,0.955868064732551,2016-05-22,NA
"susceptible_prop",74,0.918540985199457,0.929519760321668,0.934769583985145,0.938817436070868,0.946305530550437,2016-05-29,NA
"susceptible_prop",75,0.905978838405402,0.918441868764645,0.924310481722738,0.9289182648668,0.937485636670051,2016-06-05,NA
"susceptible_prop",76,0.895325469461982,0.908990073571681,0.915036106153864,0.920134491277342,0.930386432092254,2016-06-12,NA
"susceptible_prop",77,0.88572064494351,0.901126548624603,0.907439398104812,0.912729197420677,0.924547634390052,2016-06-19,NA
"susceptible_prop",78,0.878047284923991,0.89452160820296,0.900550402530961,0.906628691701838,0.918932813465669,2016-06-26,NA
"susceptible_prop",79,0.872321277151521,0.889142314770941,0.89552694720193,0.901546000588932,0.914680356161307,2016-07-03,NA
"susceptible_prop",80,0.868894063606932,0.884682545278995,0.891224449724251,0.897200452826179,0.910010841777652,2016-07-10,NA
"susceptible_prop",81,0.865141507836788,0.880994933575872,0.887647409276509,0.893776391607068,0.906601569021891,2016-07-17,NA
"susceptible_prop",82,0.8622596775495,0.877856709307945,0.884896150503428,0.890829915191798,0.903443863523637,2016-07-24,NA
"susceptible_prop",83,0.859757582170551,0.875512434332293,0.882427844866011,0.8884171892468,0.90145095396606,2016-07-31,NA
"susceptible_prop",84,0.85785992262989,0.873482899042406,0.88042739337044,0.886415324061044,0.899737388579163,2016-08-07,NA
"susceptible_prop",85,0.856273211928194,0.871996462926441,0.878871007138394,0.884838309261074,0.898364949602499,2016-08-14,NA
"susceptible_prop",86,0.854927073811543,0.870683947874798,0.877601941897738,0.883521856958549,0.897332791386134,2016-08-21,NA
"susceptible_prop",87,0.8538758189801,0.869692120775179,0.876692266020141,0.882488773815367,0.896346753184216,2016-08-28,NA
"susceptible_prop",88,0.853299394030981,0.868756278111341,0.875942252923971,0.881660275865225,0.895733067237172,2016-09-04,NA
"susceptible_prop",89,0.852756727532884,0.868070576901816,0.875256983597811,0.880996200309392,0.895160766920953,2016-09-11,NA
"susceptible_prop",90,0.852210625662434,0.867453568872225,0.874619279596901,0.880347552252687,0.894605864903428,2016-09-18,NA
"susceptible_prop",91,0.851719487952543,0.866924575378672,0.874078680476187,0.879766007831563,0.893943622777306,2016-09-25,NA
"susceptible_prop",92,0.851211655537961,0.866417265300083,0.873612598429558,0.879245288100853,0.893358739436284,2016-10-02,NA
"susceptible_prop",93,0.850737746240617,0.86589106843226,0.873050215130307,0.878778480862367,0.892854415809227,2016-10-09,NA
"susceptible_prop",94,0.850334763087823,0.865406661831225,0.872545262963017,0.87831561242287,0.892415779756647,2016-10-16,NA
"susceptible_prop",95,0.849949215535254,0.864914379874187,0.872001527193854,0.877830527068071,0.892055811803302,2016-10-23,NA
"susceptible_prop",96,0.84951341415447,0.864423958109395,0.871503858184746,0.877360669572432,0.89150806162343,2016-10-30,NA
"susceptible_prop",97,0.849093257326548,0.863837127571051,0.870899566284399,0.876753464202228,0.890862989976954,2016-11-06,NA
"susceptible_prop",98,0.848605463270489,0.863296524772317,0.870284614031798,0.876165046466664,0.890200489846716,2016-11-13,NA
"susceptible_prop",99,0.847895130788162,0.862741610503824,0.869556204861372,0.875530799538049,0.889562877668856,2016-11-20,NA
"susceptible_prop",100,0.847116750116087,0.862057705205895,0.868854740560546,0.874864926382103,0.888926960596375,2016-11-27,NA
"susceptible_prop",101,0.846376584196323,0.861405208236814,0.868194282349325,0.874309769173159,0.888321295714433,2016-12-04,NA
"susceptible_prop",102,0.845730915440249,0.860816813115489,0.867579088287344,0.873677103068707,0.887737607210007,2016-12-11,NA
"susceptible_prop",103,0.845225661081278,0.860250351514174,0.867036624822195,0.873146604422546,0.887230663561028,2016-12-18,NA
"susceptible_prop",104,0.844720687573566,0.859597272286854,0.866498593946114,0.872575520024126,0.886689724848448,2016-12-25,NA
"susceptible_prop",105,0.844244401671077,0.859093587257438,0.86592270274256,0.872105106076849,0.886073614001887,2017-01-01,NA
"susceptible_prop",106,0.843734417714005,0.858550161094025,0.865333482066664,0.871471027700901,0.88557591071897,2017-01-08,NA
"susceptible_prop",107,0.843143902768751,0.857846575800554,0.864692153555512,0.870791321332591,0.884935815089955,2017-01-15,NA
"susceptible_prop",108,0.842558938425639,0.85703647164619,0.863868097801225,0.870030141241253,0.884109491975088,2017-01-22,NA
"susceptible_prop",109,0.841679593518351,0.855990812652278,0.862901660498603,0.869026762912707,0.883212399880507,2017-01-29,NA
"susceptible_prop",110,0.840374683236495,0.854769848459209,0.861703178274511,0.867734186902393,0.881917518267204,2017-02-05,NA
"susceptible_prop",111,0.838424546878567,0.853230301133303,0.860178553776938,0.866173067674601,0.880250145064988,2017-02-12,NA
"susceptible_prop",112,0.835960130080089,0.850961997899974,0.858014741177565,0.864023094152697,0.878266152525457,2017-02-19,NA
"susceptible_prop",113,0.832819597345879,0.848212616200478,0.85525560771612,0.861159671400565,0.875354610291526,2017-02-26,NA
"susceptible_prop",114,0.82918816907377,0.844162430902722,0.851210770487948,0.857211854868005,0.871318702019964,2017-03-05,NA
"susceptible_prop",115,0.82340798118301,0.838475528273388,0.845612234832518,0.851812467263128,0.865768556760113,2017-03-12,NA
"susceptible_prop",116,0.81564359027688,0.830757267277061,0.837746951677585,0.844669070028003,0.858800246828357,2017-03-19,NA
"susceptible_prop",117,0.804588833187177,0.820577049896501,0.82748201990129,0.83487042794214,0.848474125890202,2017-03-26,NA
"susceptible_prop",118,0.790248601851621,0.806746843698812,0.81375429914894,0.821808203914242,0.834540347771862,2017-04-02,NA
"susceptible_prop",119,0.772283276918654,0.789389921596911,0.797110954015139,0.804885525658088,0.819133409214208,2017-04-09,NA
"susceptible_prop",120,0.749808049398613,0.768660151884876,0.777184248557341,0.784224970225683,0.799230309164541,2017-04-16,NA
"susceptible_prop",121,0.723520255184327,0.745706540969421,0.754299854104695,0.761947148537723,0.77760717479176,2017-04-23,NA
"susceptible_prop",122,0.696695547981733,0.719851372852622,0.729804446611411,0.738209082697507,0.753612316114838,2017-04-30,NA
"susceptible_prop",123,0.669378159747232,0.694823868596229,0.705301099291277,0.713843578792062,0.729757222316242,2017-05-07,NA
"susceptible_prop",124,0.641320125051935,0.668960772132649,0.683114696914807,0.691540553607164,0.705891770957416,2017-05-14,NA
"susceptible_prop",125,0.615946551304503,0.646152943309956,0.662308755287677,0.670039931905716,0.682992645194442,2017-05-21,NA
"susceptible_prop",126,0.594879889975244,0.626976772107644,0.644327445478133,0.651166976056011,0.662848943127841,2017-05-28,NA
"susceptible_prop",127,0.578542753406828,0.609031012221612,0.628167053950219,0.634541541320895,0.64527136219395,2017-06-04,NA
"susceptible_prop",128,0.564526272283841,0.595873924147634,0.614959483079943,0.621170568162287,0.631289022415356,2017-06-11,NA
"susceptible_prop",129,0.553689141414328,0.584883245746509,0.60392452403949,0.61012769613838,0.619932480900213,2017-06-18,NA
"susceptible_prop",130,0.544356199509725,0.576116614303315,0.59587498067341,0.601778326302845,0.611439937808692,2017-06-25,NA
"susceptible_prop",131,0.53730149492566,0.56955600916696,0.589577345991233,0.595470243331472,0.60544858979497,2017-07-02,NA
"susceptible_prop",132,0.532060313624645,0.56468477674169,0.584200090211589,0.589876997313091,0.599993774794069,2017-07-09,NA
"susceptible_prop",133,0.527897433976149,0.561054535498484,0.580173603504344,0.585758860004373,0.59518134518953,2017-07-16,NA
"susceptible_prop",134,0.524482630352729,0.558340178434998,0.576732576756629,0.582402282047099,0.591757472377085,2017-07-23,NA
"susceptible_prop",135,0.521840752688051,0.555802492329536,0.574236993328411,0.579937611731823,0.589546007994605,2017-07-30,NA
"susceptible_prop",136,0.519803534724077,0.553500990181723,0.572361333907418,0.57793980506142,0.58711870129658,2017-08-06,NA
"susceptible_prop",137,0.518341209507183,0.551972824719964,0.570851535901227,0.576430333339037,0.585749865018209,2017-08-13,NA
"susceptible_prop",138,0.517294726698931,0.551077753523791,0.569735319102133,0.57539080161841,0.584666657183352,2017-08-20,NA
"susceptible_prop",139,0.516497779076174,0.550538722376987,0.568941766891912,0.574616557637601,0.583943089688443,2017-08-27,NA
"susceptible_prop",140,0.515805582610835,0.550190539836889,0.568403714173441,0.57404327187319,0.583459128175489,2017-09-03,NA
"susceptible_prop",141,0.515203351396668,0.549910143511278,0.567971629912255,0.573617778575148,0.583136862766688,2017-09-10,NA
"susceptible_prop",142,0.514749301420498,0.549672079585523,0.567691833138408,0.573347461456328,0.582775121259947,2017-09-17,NA
"susceptible_prop",143,0.514449504943633,0.549494432499756,0.567501177744246,0.573190128117643,0.582483375352431,2017-09-24,NA
"susceptible_prop",144,0.5142351399189,0.549359173044443,0.567302306630486,0.573034810403075,0.582313925872036,2017-10-01,NA
"susceptible_prop",145,0.514051730080905,0.549233419168748,0.567170083379313,0.572915720390026,0.582154690703038,2017-10-08,NA
"susceptible_prop",146,0.513899333176598,0.549138988632827,0.567050331167313,0.572802783252835,0.582078615847827,2017-10-15,NA
"susceptible_prop",147,0.513794973564975,0.549055838393344,0.566964782392668,0.57272979993491,0.582065330662113,2017-10-22,NA
"susceptible_prop",148,0.513715007504339,0.549004673641467,0.566893395670673,0.572650828902806,0.582028283181204,2017-10-29,NA
"susceptible_prop",149,0.513672328153864,0.548934351504128,0.566829881702432,0.572588885253372,0.581951301399951,2017-11-05,NA
"susceptible_prop",150,0.513643910588073,0.548899805906975,0.566804680094079,0.572516164584463,0.581884048092112,2017-11-12,NA
"susceptible_prop",151,0.51360805003802,0.548880998476584,0.566757318038743,0.572471822625382,0.58181948915911,2017-11-19,NA
"susceptible_prop",152,0.513549382859088,0.548877364665553,0.566731441039587,0.572428395245503,0.581810699652508,2017-11-26,NA
"susceptible_prop",153,0.513504537786169,0.54889865022306,0.566716062103119,0.572377203208239,0.581795199260355,2017-12-03,NA
"susceptible_prop",154,0.513432387685339,0.548894679721195,0.566699718850488,0.572355351285271,0.581768632110814,2017-12-10,NA
"susceptible_prop",155,0.513360939375207,0.548917630060442,0.566710550623056,0.572358069599373,0.581765477752709,2017-12-17,NA
"susceptible_prop",156,0.513327765420071,0.548932468082937,0.566713631565335,0.572356621644147,0.581766388094077,2017-12-24,NA
"susceptible_prop",157,0.513331947401631,0.548921132475301,0.566704838660799,0.572347752806262,0.581751226980588,2017-12-31,NA
"susceptible_prop",158,0.513332207564274,0.548915636330557,0.566671851682633,0.572333280974858,0.581754522969087,2018-01-07,NA
"susceptible_prop",159,0.513312106876861,0.54887763092626,0.566645061898977,0.572327970814895,0.581734544246781,2018-01-14,NA
"susceptible_prop",160,0.513273513625572,0.548842020109495,0.566604034019609,0.572294215809235,0.581707110659782,2018-01-21,NA
"susceptible_prop",161,0.513221763232805,0.548791131350611,0.566557244119563,0.572258588216703,0.581660756754014,2018-01-28,NA
"susceptible_prop",162,0.513162863921548,0.548713343247877,0.566505068629205,0.572163367462135,0.581571666293777,2018-02-04,NA
"susceptible_prop",163,0.513109890078629,0.548638616434064,0.566422621492719,0.572083774838551,0.581502761686357,2018-02-11,NA
"susceptible_prop",164,0.513033289268032,0.548532552886887,0.566353469370047,0.571967187691578,0.581307601184157,2018-02-18,NA
"susceptible_prop",165,0.512916601920724,0.54842296827198,0.566222622502314,0.571814770787421,0.581180954498342,2018-02-25,NA
"susceptible_prop",166,0.51272288925202,0.548255137617585,0.566070578478978,0.571646031931836,0.581026404141592,2018-03-04,NA
"susceptible_prop",167,0.512520805175372,0.548131700502829,0.565900545715796,0.571417226801401,0.580905121371105,2018-03-11,NA
"susceptible_prop",168,0.512313492984413,0.548024897586543,0.565718105383864,0.571223963945395,0.580760612855006,2018-03-18,NA
"susceptible_prop",169,0.512157556676213,0.547906886315302,0.565576975877242,0.571079758659204,0.580613073040231,2018-03-25,NA
"susceptible_prop",170,0.511986271021462,0.547747043083965,0.565431135457399,0.57097247367843,0.580464918895004,2018-04-01,NA
"susceptible_prop",171,0.511830211052288,0.547605737044492,0.565297312632292,0.570867426026825,0.580401269418807,2018-04-08,NA
"susceptible_prop",172,0.511700481049283,0.547469084361941,0.565206645538567,0.570764349053276,0.580322720874499,2018-04-15,NA
"susceptible_prop",173,0.511565764474509,0.547382720962152,0.565123192600686,0.570695377356814,0.580250303026459,2018-04-22,NA
"susceptible_prop",174,0.511477381813978,0.547343638452549,0.565091154182588,0.570692246165722,0.580192330393253,2018-04-29,NA
"susceptible_prop",175,0.511391841319858,0.547327137471805,0.565059787338057,0.570678321647916,0.580177444350639,2018-05-06,NA
"susceptible_prop",176,0.511341709842391,0.547333038266413,0.565057507519379,0.57067974124132,0.580160602555466,2018-05-13,NA
"susceptible_prop",177,0.511300375546256,0.547333156616952,0.565079089001509,0.570686943138338,0.580151138751159,2018-05-20,NA
"susceptible_prop",178,0.511272184356716,0.547351391361084,0.565093187561262,0.570698216844953,0.580162015123563,2018-05-27,NA
"susceptible_prop",179,0.51126909040345,0.547364678152195,0.565124308679466,0.570704465536974,0.580171350936144,2018-06-03,NA
"susceptible_prop",180,0.511272749337406,0.547393112187167,0.565159617756588,0.570733986830415,0.580192737365796,2018-06-10,NA
"susceptible_prop",181,0.511282195151883,0.547433710567167,0.565202432923977,0.570754565536387,0.58021819368386,2018-06-17,NA
"susceptible_prop",182,0.511300712390074,0.547465565116371,0.565244364245598,0.570793160415863,0.58023239349468,2018-06-24,NA
"susceptible_prop",183,0.511320666395496,0.547504979537343,0.565285729736306,0.570839084134326,0.580250276298278,2018-07-01,NA
"susceptible_prop",184,0.51133239452863,0.547534045161699,0.565317692849837,0.570882662599766,0.580278049698792,2018-07-08,NA
"susceptible_prop",185,0.511347892507634,0.547568848692359,0.565346328920011,0.570915175040138,0.580301597099344,2018-07-15,NA
"susceptible_prop",186,0.511365303311104,0.547600717095117,0.565374630427393,0.570949436274144,0.580329943477444,2018-07-22,NA
"susceptible_prop",187,0.511389279154466,0.547659832976767,0.565416891648367,0.570991569064483,0.580362316740745,2018-07-29,NA
"susceptible_prop",188,0.511432112421207,0.547727156533716,0.565472885713769,0.57103623757731,0.580407624520398,2018-08-05,NA
"susceptible_prop",189,0.511465328166772,0.547794157676822,0.56554040749179,0.571082742270402,0.580458165488257,2018-08-12,NA
"susceptible_prop",190,0.511502232320013,0.547862980931952,0.565611501766252,0.571134862428504,0.580503996004152,2018-08-19,NA
"susceptible_prop",191,0.511549865746988,0.54793869227833,0.565684859320821,0.571192183041184,0.580555399762134,2018-08-26,NA
"susceptible_prop",192,0.511605718366977,0.548021262422635,0.565761668666225,0.571255005228783,0.580639239595579,2018-09-02,NA
"susceptible_prop",193,0.511669688917739,0.548105341670654,0.565841143726143,0.571326533289686,0.580723599131483,2018-09-09,NA
"susceptible_prop",194,0.511743869422191,0.548196233020069,0.565927874068385,0.571404266332007,0.580813768397273,2018-09-16,NA
"susceptible_prop",195,0.511832636716775,0.5482979666182,0.566022848773496,0.571490541525048,0.580907931110628,2018-09-23,NA
"susceptible_prop",196,0.511907253157798,0.548393365668287,0.566101328727111,0.571575784358795,0.580991708888308,2018-09-30,NA
"susceptible_prop",197,0.511994471451563,0.548484177286188,0.566167449411132,0.57166095244497,0.581076250018567,2018-10-07,NA
"susceptible_prop",198,0.512075352582372,0.548571824752542,0.566240774759014,0.571740742096203,0.581160813971059,2018-10-14,NA
"susceptible_prop",199,0.512170647455551,0.548654294342632,0.566323612488626,0.571826193717988,0.581247915520972,2018-10-21,NA
"susceptible_prop",200,0.512259888452719,0.548733087326342,0.566415845442488,0.571914450130821,0.581337934194012,2018-10-28,NA
"susceptible_prop",201,0.512346828367442,0.548812127231907,0.566504428582056,0.572002598531459,0.581425202994824,2018-11-04,NA
"susceptible_prop",202,0.512445455995719,0.548894676867303,0.56659341451066,0.572086375923524,0.581508973611812,2018-11-11,NA
"susceptible_prop",203,0.512533580022967,0.548979965580248,0.566680947031236,0.57217279133534,0.5815933276605,2018-11-18,NA
"susceptible_prop",204,0.512620591654781,0.549068484625631,0.566765753398198,0.572260417625421,0.581676979876335,2018-11-25,NA
"susceptible_prop",205,0.512709235192407,0.549160606605452,0.566847704498947,0.572339652489502,0.581759463811032,2018-12-02,NA
"susceptible_prop",206,0.512800024826745,0.549241817532194,0.566928768937481,0.57241001287595,0.581842270432991,2018-12-09,NA
"susceptible_prop",207,0.512893046943717,0.549327945341211,0.567019214219246,0.572482064491131,0.581932652613076,2018-12-16,NA
"susceptible_prop",208,0.512990432924743,0.549411979156213,0.567109959459402,0.57255688419188,0.582021854842082,2018-12-23,NA
"susceptible_prop",209,0.513069109163201,0.549474724726001,0.567180022161982,0.572617351572652,0.582098133305038,2018-12-30,NA
"susceptible_prop",210,0.513144421393012,0.549536860063762,0.567243397471239,0.572678203296116,0.582163051682955,2019-01-06,NA
"susceptible_prop",211,0.513216326014004,0.549601221922348,0.56730893984067,0.572744702191856,0.582231977991555,2019-01-13,NA
"susceptible_prop",212,0.513278308804956,0.549640253228487,0.567358479457385,0.572798843271194,0.582293270852874,2019-01-20,NA
"susceptible_prop",213,0.513336525516374,0.549678705969421,0.567409495497082,0.572846911999179,0.582324223777619,2019-01-27,NA
"susceptible_prop",214,0.513364077448384,0.549712668435243,0.567446957986548,0.572887916334814,0.582358807349498,2019-02-03,NA
"susceptible_prop",215,0.513367227564374,0.549743638257709,0.567474389405326,0.57290639766687,0.582377049236622,2019-02-10,NA
"susceptible_prop",216,0.513366083744704,0.549766886488255,0.567498266724913,0.572894389824298,0.582382515233728,2019-02-17,NA
"susceptible_prop",217,0.513362471874898,0.549790058623312,0.567518639101244,0.572888273056913,0.582369726260352,2019-02-24,NA
"susceptible_prop",218,0.513347868313419,0.549790107738955,0.567524164682882,0.57288175923094,0.582320178464874,2019-03-03,NA
"susceptible_prop",219,0.513304246151876,0.549736344654023,0.5674850812943,0.572845386753217,0.582249162829853,2019-03-10,NA
"susceptible_prop",220,0.513281479705171,0.549671538100828,0.567443461541897,0.57279693443928,0.582137237330335,2019-03-17,NA
"susceptible_prop",221,0.513218407865363,0.549572852529714,0.567371906805385,0.572709777213004,0.582089495632302,2019-03-24,NA
"susceptible_prop",222,0.513146734728207,0.549454117879672,0.567296107886907,0.572616863892352,0.582051166941993,2019-03-31,NA
"susceptible_prop",223,0.513023746600879,0.549320477044249,0.567188310188151,0.572495159857093,0.581963154282612,2019-04-07,NA
"susceptible_prop",224,0.512940928233716,0.549182875605919,0.567042804406396,0.572352958594492,0.58183728992045,2019-04-14,NA
"susceptible_prop",225,0.512783570902583,0.549001707282673,0.566906428478034,0.572175029543291,0.581728137038526,2019-04-21,NA
"susceptible_prop",226,0.512650395014443,0.548837035724743,0.566728573099505,0.572043847611148,0.581618079855222,2019-04-28,NA
"susceptible_prop",227,0.512477034397217,0.548682309816461,0.566551707348022,0.571870105360933,0.581500586393853,2019-05-05,NA
"susceptible_prop",228,0.512381186487091,0.54854715176323,0.566381502225275,0.571744759451915,0.581357590756594,2019-05-12,NA
"susceptible_prop",229,0.512158877411514,0.54842422551003,0.566230213652712,0.571595826949038,0.581232508028074,2019-05-19,NA
"susceptible_prop",230,0.511984164963691,0.548321191379644,0.56609721873396,0.571426165591496,0.581083032982442,2019-05-26,NA
"susceptible_prop",231,0.511859768596538,0.548199193382214,0.565970154875879,0.571269960022832,0.580961220399521,2019-06-02,NA
"susceptible_prop",232,0.511779825693838,0.548077304262838,0.565872412885657,0.571206093378953,0.580890652941145,2019-06-09,NA
"susceptible_prop",233,0.511690333621177,0.547974385469826,0.565831229863395,0.571155823656656,0.580838588798749,2019-06-16,NA
"susceptible_prop",234,0.511622474894111,0.547918104946468,0.56578378371247,0.571147705605749,0.580802250358077,2019-06-23,NA
"susceptible_prop",235,0.511603332571653,0.547898261917852,0.56574580898627,0.571150610171557,0.580790989443327,2019-06-30,NA
"susceptible_prop",236,0.511623330625267,0.547888550647,0.565741878698984,0.571180469436834,0.580800519511847,2019-07-07,NA
"susceptible_prop",237,0.511642940241176,0.54791026013004,0.565766276252282,0.571212210230651,0.580820753983592,2019-07-14,NA
"susceptible_prop",238,0.511672685784803,0.547928833940411,0.565804395927075,0.571254839573174,0.580853151177607,2019-07-21,NA
"susceptible_prop",239,0.511702857979443,0.547982465736125,0.565840343438981,0.57129678045867,0.580894262495071,2019-07-28,NA
"susceptible_prop",240,0.511754894758906,0.548042721096191,0.565883255917965,0.571341134386787,0.580938149312988,2019-08-04,NA
"susceptible_prop",241,0.511814179335225,0.548099079469833,0.565936295320376,0.571388766365218,0.58098167918262,2019-08-11,NA
"susceptible_prop",242,0.511882961010983,0.548146252360493,0.565996201005272,0.571454986650426,0.581032423095626,2019-08-18,NA
"susceptible_prop",243,0.511946130841894,0.548196728742474,0.566052243107287,0.571506964078129,0.581076524046101,2019-08-25,NA
"susceptible_prop",244,0.512017275566764,0.548246475397624,0.566121395111064,0.571566120765384,0.581127135677825,2019-09-01,NA
"susceptible_prop",245,0.51209766018729,0.548310159222787,0.56617885764684,0.571628817006769,0.581186223633862,2019-09-08,NA
"susceptible_prop",246,0.512189083369904,0.54838792851942,0.566252247176598,0.571692353433527,0.581246126667294,2019-09-15,NA
"susceptible_prop",247,0.51227267725104,0.548454930082886,0.566327283378976,0.57176047513215,0.581302807965001,2019-09-22,NA
"susceptible_prop",248,0.512357240224137,0.548532211076233,0.566400662219474,0.571836372807962,0.581371225332624,2019-09-29,NA
"susceptible_prop",249,0.512446595290475,0.548618398797491,0.566478434245711,0.571913228522606,0.581437943269325,2019-10-06,NA
"susceptible_prop",250,0.512526902294352,0.548701352461239,0.56655848688048,0.571989101352882,0.581511834496529,2019-10-13,NA
"susceptible_prop",251,0.512614356248877,0.548790295764251,0.566646280723083,0.572067277212682,0.581590660033195,2019-10-20,NA
"susceptible_prop",252,0.512704098669285,0.548882176062574,0.566733731422715,0.572148900908976,0.581670476026326,2019-10-27,NA
"susceptible_prop",253,0.512798129007863,0.548973869655233,0.56681817314236,0.572230543373702,0.581748653757011,2019-11-03,NA
"susceptible_prop",254,0.512892642221393,0.549069394465122,0.566909263666017,0.572314014227506,0.581830931369928,2019-11-10,NA
"susceptible_prop",255,0.512993351066257,0.549165882580861,0.566998595185963,0.572397278112361,0.581913276999445,2019-11-17,NA
"susceptible_prop",256,0.513091026007561,0.549261645980003,0.567087084941636,0.572482146936075,0.581997246836636,2019-11-24,NA
"susceptible_prop",257,0.513190517144415,0.549360422597543,0.567175075480788,0.572572681581284,0.582083131857124,2019-12-01,NA
"susceptible_prop",258,0.513291532384528,0.549456345028503,0.567266908010348,0.572662208808713,0.582171769607668,2019-12-08,NA
"susceptible_prop",259,0.513397394196451,0.549553518781732,0.567360846842414,0.572758769470059,0.582260337348366,2019-12-15,NA
"susceptible_prop",260,0.513509019507373,0.549655215534996,0.567459459983342,0.572860453195958,0.582353968767158,2019-12-22,NA
"susceptible_prop",261,0.513617119672011,0.549754170814044,0.567555709988991,0.572958905552206,0.582441661702496,2019-12-29,NA
"immune_prop",1,0,0,0,0,0,2015-01-04,NA
"immune_prop",2,6.43568673812907e-07,1.16013983517925e-06,1.60640780593319e-06,2.19794245763286e-06,3.86584967246559e-06,2015-01-11,NA
"immune_prop",3,1.28687095292879e-06,2.31979652116794e-06,3.21215611766724e-06,4.39496875156201e-06,7.73005817229956e-06,2015-01-18,NA
"immune_prop",4,1.92995884322797e-06,3.47907671752294e-06,4.81734385547607e-06,6.59125757385614e-06,1.15929839624453e-05,2015-01-25,NA
"immune_prop",5,2.57276744438012e-06,4.63785171012829e-06,6.42182983607124e-06,8.78659329452184e-06,1.54542081862509e-05,2015-02-01,NA
"immune_prop",6,3.21530362005e-06,5.79614264319892e-06,8.02566866862787e-06,1.09809945093445e-05,1.93137526969492e-05,2015-02-08,NA
"immune_prop",7,3.8575094144104e-06,6.95383567228663e-06,9.62871979753919e-06,1.31742734905608e-05,2.31712648125317e-05,2015-02-15,NA
"immune_prop",8,4.49962628181742e-06,8.11135938694767e-06,1.12315162817019e-05,1.53672330994268e-05,2.70282078378602e-05,2015-02-22,NA
"immune_prop",9,5.14133088238987e-06,9.26814357493393e-06,1.28332816378322e-05,1.75587697849681e-05,3.08826555095952e-05,2015-03-01,NA
"immune_prop",10,6.49548023936648e-06,1.14043434409075e-05,1.54377488891172e-05,2.09903945877161e-05,3.57262804156882e-05,2015-03-08,NA
"immune_prop",11,7.91433601042137e-06,1.36522299361395e-05,1.82840280670215e-05,2.43247289130851e-05,4.07411646461128e-05,2015-03-15,NA
"immune_prop",12,1.00022410896029e-05,1.6555756441073e-05,2.17663203832956e-05,2.8449342797285e-05,4.58868114822471e-05,2015-03-22,NA
"immune_prop",13,1.22973922152519e-05,1.98129496565743e-05,2.55289479517571e-05,3.25981388458333e-05,5.27282033640027e-05,2015-03-29,NA
"immune_prop",14,1.49959531905753e-05,2.35093808020533e-05,2.98003281705314e-05,3.80301457104553e-05,5.92012606959012e-05,2015-04-05,NA
"immune_prop",15,1.77863049773237e-05,2.75520034851589e-05,3.4446983100133e-05,4.35783808460282e-05,6.58884584419282e-05,2015-04-12,NA
"immune_prop",16,2.09444236797963e-05,3.20249956210491e-05,3.9299775768882e-05,4.92428709697644e-05,7.33145063895875e-05,2015-04-19,NA
"immune_prop",17,2.41636313525041e-05,3.65357390332814e-05,4.4429227308424e-05,5.48946730441017e-05,8.09614140939426e-05,2015-04-26,NA
"immune_prop",18,2.73952451484576e-05,4.06510471849915e-05,4.92168482567571e-05,6.00669820902799e-05,8.64207199919374e-05,2015-05-03,NA
"immune_prop",19,3.02514315436898e-05,4.43835036276359e-05,5.32734653716256e-05,6.4998005048392e-05,9.23218767707526e-05,2015-05-10,NA
"immune_prop",20,3.33489552968894e-05,4.7922906197239e-05,5.71224632568014e-05,6.97478775883449e-05,9.72198062453714e-05,2015-05-17,NA
"immune_prop",21,3.57166874634933e-05,5.0634068202812e-05,6.0541804716563e-05,7.31877317161286e-05,0.000101834721564272,2015-05-24,NA
"immune_prop",22,3.7508903521063e-05,5.33096103769689e-05,6.32846874432211e-05,7.63942154768438e-05,0.000105872575912341,2015-05-31,NA
"immune_prop",23,3.90910277855849e-05,5.52922611685426e-05,6.59235851243301e-05,7.90518506948769e-05,0.000109269936949709,2015-06-07,NA
"immune_prop",24,4.0242464904104e-05,5.72892456086257e-05,6.8227345845465e-05,8.0980849679679e-05,0.000112102803197139,2015-06-14,NA
"immune_prop",25,4.10494740706694e-05,5.86002139486987e-05,6.98520401200952e-05,8.27475284458718e-05,0.000114060157411842,2015-06-21,NA
"immune_prop",26,4.1954143850433e-05,5.97922518039871e-05,7.12528944026059e-05,8.40452589691586e-05,0.0001160518418007,2015-06-28,NA
"immune_prop",27,4.26316077891764e-05,6.06104486139644e-05,7.2437928248478e-05,8.49381465364923e-05,0.000117280695173824,2015-07-05,NA
"immune_prop",28,4.35798123498442e-05,6.13267644578712e-05,7.33886443718564e-05,8.58031730559966e-05,0.000118127031416002,2015-07-12,NA
"immune_prop",29,4.42728054787214e-05,6.2045524726554e-05,7.41657976909664e-05,8.6399066186094e-05,0.000118790578641397,2015-07-19,NA
"immune_prop",30,4.49090449063606e-05,6.25311711308815e-05,7.47164833380337e-05,8.71514217115567e-05,0.000119781949538394,2015-07-26,NA
"immune_prop",31,4.53047941831689e-05,6.30906398439292e-05,7.52935916996341e-05,8.76788031549848e-05,0.000120202337914405,2015-08-02,NA
"immune_prop",32,4.58613585560387e-05,6.35019876073377e-05,7.56333985257387e-05,8.80706636963484e-05,0.000120808105840755,2015-08-09,NA
"immune_prop",33,4.63043054102423e-05,6.39353510466496e-05,7.59758494200032e-05,8.85673224752374e-05,0.000121298791239717,2015-08-16,NA
"immune_prop",34,4.64225521520446e-05,6.42808305702459e-05,7.63230664290551e-05,8.89366485008888e-05,0.000121654692990161,2015-08-23,NA
"immune_prop",35,4.65465605862953e-05,6.45248034972304e-05,7.66970693217419e-05,8.94286631814416e-05,0.000121983022252232,2015-08-30,NA
"immune_prop",36,4.66615202026152e-05,6.47761422594665e-05,7.70000686254896e-05,8.98655519686393e-05,0.000122296229331871,2015-09-06,NA
"immune_prop",37,4.68126540929291e-05,6.51817737989467e-05,7.72944411103139e-05,9.01869342731924e-05,0.000122591585318511,2015-09-13,NA
"immune_prop",38,4.70186530154317e-05,6.54711028857634e-05,7.76209860132598e-05,9.04780819554353e-05,0.000122913364601505,2015-09-20,NA
"immune_prop",39,4.72842170204845e-05,6.57832195678483e-05,7.79556673261988e-05,9.07970348257322e-05,0.000123225039165399,2015-09-27,NA
"immune_prop",40,4.77191462284112e-05,6.59863643521198e-05,7.8544776390258e-05,9.11742559170555e-05,0.000123841193163186,2015-10-04,NA
"immune_prop",41,4.81518435632817e-05,6.61472286164668e-05,7.88668942906023e-05,9.14076074553241e-05,0.000124566856243961,2015-10-11,NA
"immune_prop",42,4.84617489305195e-05,6.65231130040596e-05,7.91956435435741e-05,9.19615550677421e-05,0.000125273379897253,2015-10-18,NA
"immune_prop",43,4.88183168635e-05,6.68400502259121e-05,7.95529748712373e-05,9.2362171582141e-05,0.000126330254643412,2015-10-25,NA
"immune_prop",44,4.92575320278925e-05,6.74642266484304e-05,8.00997281475287e-05,9.2928871762326e-05,0.000127395165852536,2015-11-01,NA
"immune_prop",45,4.97780915518917e-05,6.81856855570002e-05,8.08404814257952e-05,9.36514464608218e-05,0.000128089112083809,2015-11-08,NA
"immune_prop",46,5.01490284210107e-05,6.87931256777238e-05,8.16954908776571e-05,9.4563973516916e-05,0.000129388880246457,2015-11-15,NA
"immune_prop",47,5.13309514533705e-05,6.99926165170748e-05,8.2680937909743e-05,9.58447642206321e-05,0.000131028578998784,2015-11-22,NA
"immune_prop",48,5.26252179605896e-05,7.1583975624158e-05,8.41274927148864e-05,9.75346890180679e-05,0.000131506851337873,2015-11-29,NA
"immune_prop",49,5.41850922487825e-05,7.34796581130365e-05,8.60776753720807e-05,9.96221670784822e-05,0.000133121241092293,2015-12-06,NA
"immune_prop",50,5.61810694147612e-05,7.57483055358391e-05,8.89968601236029e-05,0.000102171502403482,0.000136708045576511,2015-12-13,NA
"immune_prop",51,5.84373767301366e-05,7.92703361232378e-05,9.23860497104561e-05,0.000106361703942618,0.000139956869014605,2015-12-20,NA
"immune_prop",52,6.20772682155267e-05,8.43108682587617e-05,9.75691741505268e-05,0.000112352760227567,0.000146169066308309,2015-12-27,NA
"immune_prop",53,6.77201257696704e-05,9.0989936178103e-05,0.000104760192968716,0.000119921701053287,0.00015844961413934,2016-01-03,NA
"immune_prop",54,7.62896904110217e-05,0.00010055682318858,0.000114768721306235,0.000131346566864342,0.0001717855201038,2016-01-10,NA
"immune_prop",55,8.75323830057595e-05,0.000114939108390827,0.000129448100622285,0.000148416268719386,0.000193333588396716,2016-01-17,NA
"immune_prop",56,0.000105554802749866,0.000135801398189381,0.000151160996369215,0.000174335452924258,0.000219797631829232,2016-01-24,NA
"immune_prop",57,0.000132025778044916,0.000165544815421314,0.000184260922192558,0.000210730149534823,0.000262543190809522,2016-01-31,NA
"immune_prop",58,0.000172160275713213,0.00021057183047848,0.000233673879744244,0.000266281026290582,0.000336006352319893,2016-02-07,NA
"immune_prop",59,0.000227004327012289,0.000275482346472388,0.000306487773230865,0.000349113179733216,0.000439927205141577,2016-02-14,NA
"immune_prop",60,0.000302823162703395,0.000372396415650166,0.000418097487186136,0.000480718776618105,0.000612939986424489,2016-02-21,NA
"immune_prop",61,0.000438375106503786,0.000526296693571792,0.00059901803064522,0.000700375917122385,0.000912584372644883,2016-02-28,NA
"immune_prop",62,0.000649229459194684,0.000790125994789635,0.000893670785191426,0.00105135337848773,0.00140005386503006,2016-03-06,NA
"immune_prop",63,0.000999002494734889,0.00121130837875957,0.00136853248438675,0.00161570107778589,0.00216654560995529,2016-03-13,NA
"immune_prop",64,0.00155226431206838,0.00187430323291365,0.00212219549604447,0.00251735449953873,0.00351637440996394,2016-03-20,NA
"immune_prop",65,0.00238888789325401,0.00285749893083064,0.00325779097327459,0.00386353413015414,0.00536112857259037,2016-03-27,NA
"immune_prop",66,0.0037269965842342,0.00437598780384967,0.00492829286698351,0.00577954190252779,0.00815633183666308,2016-04-03,NA
"immune_prop",67,0.00557472316734903,0.00659964619921981,0.00736772596775063,0.00853083199608273,0.0115914163498985,2016-04-10,NA
"immune_prop",68,0.00827826886864618,0.00989129777537164,0.0110389774809688,0.0126277389241123,0.0165172108176415,2016-04-17,NA
"immune_prop",69,0.0121911621715941,0.0145440376231917,0.0160766799478479,0.0180387631001523,0.0228481974106099,2016-04-24,NA
"immune_prop",70,0.0179867211087764,0.0211232973936589,0.0231837827291294,0.0258086719230205,0.0312658515995537,2016-05-01,NA
"immune_prop",71,0.0258571841123991,0.0297898318475752,0.0323125879835692,0.035460657948495,0.0417726692130393,2016-05-08,NA
"immune_prop",72,0.0346801173080176,0.0397779454339302,0.0429958271342327,0.0463175561957679,0.0538151848629637,2016-05-15,NA
"immune_prop",73,0.0441319352674489,0.050491055604261,0.0543165722231302,0.0583117114786293,0.0675084557416856,2016-05-22,NA
"immune_prop",74,0.0536944694495627,0.0611825639291321,0.0652304160148547,0.0704802396783324,0.0814590148005434,2016-05-29,NA
"immune_prop",75,0.062514363329949,0.0710817351331999,0.0756895182772623,0.0815581312353551,0.0940211615945978,2016-06-05,NA
"immune_prop",76,0.0696135679077454,0.0798655087226576,0.0849638938461356,0.0910099264283191,0.104674530538018,2016-06-12,NA
"immune_prop",77,0.0754523656099481,0.0872708025793227,0.0925606018951879,0.0988734513753969,0.11427935505649,2016-06-19,NA
"immune_prop",78,0.0810671865343313,0.0933713082981622,0.0994495974690393,0.10547839179704,0.121952715076009,2016-06-26,NA
"immune_prop",79,0.0853196438386924,0.098453999411068,0.10447305279807,0.110857685229059,0.127678722848479,2016-07-03,NA
"immune_prop",80,0.089989158222348,0.102799547173821,0.108775550275749,0.115317454721005,0.131105936393068,2016-07-10,NA
"immune_prop",81,0.0933984309781088,0.106223608392932,0.112352590723491,0.119005066424128,0.134858492163212,2016-07-17,NA
"immune_prop",82,0.0965561364763628,0.109170084808202,0.115103849496572,0.122143290692055,0.1377403224505,2016-07-24,NA
"immune_prop",83,0.0985490460339401,0.111582810753199,0.117572155133989,0.124487565667707,0.140242417829449,2016-07-31,NA
"immune_prop",84,0.100262611420837,0.113584675938956,0.11957260662956,0.126517100957594,0.14214007737011,2016-08-07,NA
"immune_prop",85,0.101635050397501,0.115161690738926,0.121128992861606,0.128003537073559,0.143726788071806,2016-08-14,NA
"immune_prop",86,0.102667208613866,0.116478143041451,0.122398058102262,0.129316052125203,0.145072926188457,2016-08-21,NA
"immune_prop",87,0.103653246815784,0.117511226184633,0.123307733979859,0.130307879224821,0.146124181019901,2016-08-28,NA
"immune_prop",88,0.104266932762828,0.118339724134775,0.124057747076029,0.131243721888659,0.146700605969019,2016-09-04,NA
"immune_prop",89,0.104839233079047,0.119003799690608,0.124743016402189,0.131929423098184,0.147243272467116,2016-09-11,NA
"immune_prop",90,0.105394135096572,0.119652447747313,0.125380720403098,0.132546431127775,0.147789374337566,2016-09-18,NA
"immune_prop",91,0.106056377222694,0.120233992168437,0.125921319523813,0.133075424621328,0.148280512047457,2016-09-25,NA
"immune_prop",92,0.106641260563716,0.120754711899147,0.126387401570443,0.133582734699917,0.148788344462039,2016-10-02,NA
"immune_prop",93,0.107145584190773,0.121221519137633,0.126949784869693,0.13410893156774,0.149262253759383,2016-10-09,NA
"immune_prop",94,0.107584220243353,0.12168438757713,0.127454737036983,0.134593338168775,0.149665236912177,2016-10-16,NA
"immune_prop",95,0.107944188196698,0.122169472931929,0.127998472806146,0.135085620125813,0.150050784464746,2016-10-23,NA
"immune_prop",96,0.10849193837657,0.122639330427568,0.128496141815254,0.135576041890605,0.15048658584553,2016-10-30,NA
"immune_prop",97,0.109137010023047,0.123246535797772,0.129100433715601,0.136162872428949,0.150906742673452,2016-11-06,NA
"immune_prop",98,0.109799510153284,0.123834953533336,0.129715385968202,0.136703475227683,0.151394536729511,2016-11-13,NA
"immune_prop",99,0.110437122331144,0.124469200461951,0.130443795138628,0.137258389496176,0.152104869211837,2016-11-20,NA
"immune_prop",100,0.111073039403625,0.125135073617897,0.131145259439454,0.137942294794105,0.152883249883913,2016-11-27,NA
"immune_prop",101,0.111678704285567,0.125690230826841,0.131805717650675,0.138594791763186,0.153623415803677,2016-12-04,NA
"immune_prop",102,0.112262392789993,0.126322896931294,0.132420911712656,0.139183186884511,0.154269084559751,2016-12-11,NA
"immune_prop",103,0.112769336438972,0.126853395577454,0.132963375177805,0.139749648485826,0.154774338918722,2016-12-18,NA
"immune_prop",104,0.113310275151552,0.127424479975874,0.133501406053886,0.140402727713146,0.155279312426434,2016-12-25,NA
"immune_prop",105,0.113926385998113,0.127894893923151,0.13407729725744,0.140906412742562,0.155755598328923,2017-01-01,NA
"immune_prop",106,0.11442408928103,0.128528972299099,0.134666517933336,0.141449838905974,0.156265582285995,2017-01-08,NA
"immune_prop",107,0.115064184910045,0.129208678667409,0.135307846444488,0.142153424199446,0.156856097231249,2017-01-15,NA
"immune_prop",108,0.115890508024912,0.129969858758747,0.136131902198775,0.14296352835381,0.157441061574361,2017-01-22,NA
"immune_prop",109,0.116787600119493,0.130973237087293,0.137098339501397,0.144009187347722,0.158320406481649,2017-01-29,NA
"immune_prop",110,0.118082481732796,0.132265813097607,0.138296821725489,0.145230151540791,0.159625316763505,2017-02-05,NA
"immune_prop",111,0.119749854935012,0.133826932325399,0.139821446223062,0.146769698866697,0.161575453121433,2017-02-12,NA
"immune_prop",112,0.121733847474542,0.135976905847303,0.141985258822435,0.149038002100026,0.164039869919911,2017-02-19,NA
"immune_prop",113,0.124645389708474,0.138840328599435,0.14474439228388,0.151787383799522,0.167180402654121,2017-02-26,NA
"immune_prop",114,0.128681297980036,0.142788145131995,0.148789229512052,0.155837569097278,0.17081183092623,2017-03-05,NA
"immune_prop",115,0.134231443239887,0.148187532736872,0.154387765167482,0.161524471726612,0.17659201881699,2017-03-12,NA
"immune_prop",116,0.141199753171643,0.155330929971997,0.162253048322415,0.169242732722939,0.18435640972312,2017-03-19,NA
"immune_prop",117,0.151525874109798,0.16512957205786,0.17251798009871,0.179422950103499,0.195411166812823,2017-03-26,NA
"immune_prop",118,0.165459652228138,0.178191796085758,0.18624570085106,0.193253156301188,0.209751398148379,2017-04-02,NA
"immune_prop",119,0.180866590785792,0.195114474341912,0.202889045984861,0.210610078403089,0.227716723081346,2017-04-09,NA
"immune_prop",120,0.200769690835459,0.215775029774317,0.222815751442659,0.231339848115124,0.250191950601387,2017-04-16,NA
"immune_prop",121,0.22239282520824,0.238052851462277,0.245700145895305,0.254293459030579,0.276479744815673,2017-04-23,NA
"immune_prop",122,0.246387683885162,0.261790917302493,0.270195553388589,0.280148627147378,0.303304452018267,2017-04-30,NA
"immune_prop",123,0.270242777683758,0.286156421207938,0.294698900708723,0.30517613140377,0.330621840252768,2017-05-07,NA
"immune_prop",124,0.294108229042584,0.308459446392836,0.316885303085193,0.331039227867351,0.358679874948065,2017-05-14,NA
"immune_prop",125,0.317007354805558,0.329960068094284,0.337691244712323,0.353847056690044,0.384053448695497,2017-05-21,NA
"immune_prop",126,0.337151056872158,0.348833023943989,0.355672554521867,0.373023227892356,0.405120110024756,2017-05-28,NA
"immune_prop",127,0.35472863780605,0.365458458679105,0.371832946049781,0.390968987778388,0.421457246593172,2017-06-04,NA
"immune_prop",128,0.368710977584644,0.378829431837714,0.385040516920057,0.404126075852366,0.435473727716159,2017-06-11,NA
"immune_prop",129,0.380067519099787,0.38987230386162,0.39607547596051,0.415116754253491,0.446310858585672,2017-06-18,NA
"immune_prop",130,0.388560062191308,0.398221673697155,0.40412501932659,0.423883385696685,0.455643800490275,2017-06-25,NA
"immune_prop",131,0.39455141020503,0.404529756668528,0.410422654008767,0.43044399083304,0.46269850507434,2017-07-02,NA
"immune_prop",132,0.400006225205931,0.410123002686909,0.415799909788411,0.43531522325831,0.467939686375355,2017-07-09,NA
"immune_prop",133,0.40481865481047,0.414241139995627,0.419826396495656,0.438945464501516,0.472102566023851,2017-07-16,NA
"immune_prop",134,0.408242527622916,0.417597717952901,0.423267423243371,0.441659821565002,0.475517369647271,2017-07-23,NA
"immune_prop",135,0.410453992005395,0.420062388268177,0.425763006671589,0.444197507670464,0.47815924731195,2017-07-30,NA
"immune_prop",136,0.41288129870342,0.42206019493858,0.427638666092582,0.446499009818277,0.480196465275923,2017-08-06,NA
"immune_prop",137,0.414250134981791,0.423569666660963,0.429148464098773,0.448027175280036,0.481658790492817,2017-08-13,NA
"immune_prop",138,0.415333342816648,0.42460919838159,0.430264680897867,0.44892224647621,0.482705273301069,2017-08-20,NA
"immune_prop",139,0.416056910311557,0.425383442362399,0.431058233108088,0.449461277623013,0.483502220923826,2017-08-27,NA
"immune_prop",140,0.416540871824511,0.42595672812681,0.431596285826558,0.449809460163111,0.484194417389165,2017-09-03,NA
"immune_prop",141,0.416863137233311,0.426382221424852,0.432028370087745,0.450089856488722,0.484796648603332,2017-09-10,NA
"immune_prop",142,0.417224878740052,0.426652538543672,0.432308166861592,0.450327920414477,0.485250698579502,2017-09-17,NA
"immune_prop",143,0.417516624647569,0.426809871882357,0.432498822255754,0.450505567500244,0.485550495056367,2017-09-24,NA
"immune_prop",144,0.417686074127964,0.426965189596925,0.432697693369514,0.450640826955557,0.4857648600811,2017-10-01,NA
"immune_prop",145,0.417845309296962,0.427084279609974,0.432829916620687,0.450766580831252,0.485948269919095,2017-10-08,NA
"immune_prop",146,0.417921384152173,0.427197216747165,0.432949668832687,0.450861011367173,0.486100666823402,2017-10-15,NA
"immune_prop",147,0.417934669337887,0.42727020006509,0.433035217607332,0.450944161606656,0.486205026435025,2017-10-22,NA
"immune_prop",148,0.417971716818796,0.427349171097193,0.433106604329327,0.450995326358533,0.486284992495661,2017-10-29,NA
"immune_prop",149,0.418048698600049,0.427411114746628,0.433170118297568,0.451065648495872,0.486327671846136,2017-11-05,NA
"immune_prop",150,0.418115951907888,0.427483835415537,0.433195319905921,0.451100194093025,0.486356089411927,2017-11-12,NA
"immune_prop",151,0.41818051084089,0.427528177374618,0.433242681961257,0.451119001523416,0.48639194996198,2017-11-19,NA
"immune_prop",152,0.418189300347492,0.427571604754497,0.433268558960413,0.451122635334447,0.486450617140912,2017-11-26,NA
"immune_prop",153,0.418204800739645,0.427622796791761,0.433283937896881,0.45110134977694,0.486495462213831,2017-12-03,NA
"immune_prop",154,0.418231367889186,0.427644648714729,0.433300281149512,0.451105320278805,0.486567612314661,2017-12-10,NA
"immune_prop",155,0.418234522247291,0.427641930400627,0.433289449376944,0.451082369939558,0.486639060624793,2017-12-17,NA
"immune_prop",156,0.418233611905924,0.427643378355853,0.433286368434665,0.451067531917063,0.48667223457993,2017-12-24,NA
"immune_prop",157,0.418248773019412,0.427652247193738,0.433295161339201,0.451078867524699,0.486668052598369,2017-12-31,NA
"immune_prop",158,0.418245477030913,0.427666719025142,0.433328148317366,0.451084363669443,0.486667792435727,2018-01-07,NA
"immune_prop",159,0.418265455753218,0.427672029185105,0.433354938101023,0.45112236907374,0.48668789312314,2018-01-14,NA
"immune_prop",160,0.418292889340218,0.427705784190765,0.433395965980391,0.451157979890505,0.486726486374428,2018-01-21,NA
"immune_prop",161,0.418339243245987,0.427741411783297,0.433442755880436,0.451208868649389,0.486778236767195,2018-01-28,NA
"immune_prop",162,0.418428333706222,0.427836632537865,0.433494931370795,0.451286656752123,0.486837136078452,2018-02-04,NA
"immune_prop",163,0.418497238313643,0.427916225161449,0.433577378507281,0.451361383565936,0.486890109921371,2018-02-11,NA
"immune_prop",164,0.418692398815843,0.428032812308422,0.433646530629953,0.451467447113113,0.486966710731968,2018-02-18,NA
"immune_prop",165,0.418819045501658,0.428185229212579,0.433777377497686,0.45157703172802,0.487083398079276,2018-02-25,NA
"immune_prop",166,0.418973595858408,0.428353968068164,0.433929421521022,0.451744862382415,0.48727711074798,2018-03-04,NA
"immune_prop",167,0.419094878628895,0.428582773198599,0.434099454284204,0.451868299497171,0.487479194824628,2018-03-11,NA
"immune_prop",168,0.419239387144994,0.428776036054605,0.434281894616136,0.451975102413457,0.487686507015587,2018-03-18,NA
"immune_prop",169,0.419386926959769,0.428920241340796,0.434423024122758,0.452093113684699,0.487842443323787,2018-03-25,NA
"immune_prop",170,0.419535081104996,0.42902752632157,0.434568864542601,0.452252956916035,0.488013728978538,2018-04-01,NA
"immune_prop",171,0.419598730581193,0.429132573973175,0.434702687367708,0.452394262955508,0.488169788947712,2018-04-08,NA
"immune_prop",172,0.419677279125501,0.429235650946724,0.434793354461433,0.452530915638059,0.488299518950717,2018-04-15,NA
"immune_prop",173,0.419749696973542,0.429304622643186,0.434876807399314,0.452617279037848,0.48843423552549,2018-04-22,NA
"immune_prop",174,0.419807669606747,0.429307753834278,0.434908845817412,0.452656361547451,0.488522618186022,2018-04-29,NA
"immune_prop",175,0.419822555649361,0.429321678352084,0.434940212661943,0.452672862528195,0.488608158680142,2018-05-06,NA
"immune_prop",176,0.419839397444534,0.42932025875868,0.434942492480621,0.452666961733587,0.488658290157609,2018-05-13,NA
"immune_prop",177,0.419848861248841,0.429313056861662,0.434920910998491,0.452666843383048,0.488699624453744,2018-05-20,NA
"immune_prop",178,0.419837984876437,0.429301783155047,0.434906812438738,0.452648608638916,0.488727815643284,2018-05-27,NA
"immune_prop",179,0.419828649063856,0.429295534463026,0.434875691320534,0.452635321847805,0.48873090959655,2018-06-03,NA
"immune_prop",180,0.419807262634204,0.429266013169585,0.434840382243412,0.452606887812833,0.488727250662594,2018-06-10,NA
"immune_prop",181,0.41978180631614,0.429245434463613,0.434797567076023,0.452566289432833,0.488717804848117,2018-06-17,NA
"immune_prop",182,0.41976760650532,0.429206839584137,0.434755635754402,0.452534434883629,0.488699287609926,2018-06-24,NA
"immune_prop",183,0.419749723701722,0.429160915865674,0.434714270263695,0.452495020462657,0.488679333604504,2018-07-01,NA
"immune_prop",184,0.419721950301208,0.429117337400234,0.434682307150163,0.452465954838301,0.48866760547137,2018-07-08,NA
"immune_prop",185,0.419698402900656,0.429084824959862,0.434653671079989,0.452431151307641,0.488652107492366,2018-07-15,NA
"immune_prop",186,0.419670056522556,0.429050563725856,0.434625369572607,0.452399282904883,0.488634696688896,2018-07-22,NA
"immune_prop",187,0.419637683259255,0.429008430935517,0.434583108351633,0.452340167023233,0.488610720845534,2018-07-29,NA
"immune_prop",188,0.419592375479602,0.42896376242269,0.434527114286231,0.452272843466284,0.488567887578793,2018-08-05,NA
"immune_prop",189,0.419541834511743,0.428917257729598,0.43445959250821,0.452205842323178,0.488534671833228,2018-08-12,NA
"immune_prop",190,0.419496003995848,0.428865137571496,0.434388498233748,0.452137019068049,0.488497767679987,2018-08-19,NA
"immune_prop",191,0.419444600237866,0.428807816958816,0.434315140679179,0.452061307721671,0.488450134253012,2018-08-26,NA
"immune_prop",192,0.419360760404421,0.428744994771218,0.434238331333775,0.451978737577365,0.488394281633023,2018-09-02,NA
"immune_prop",193,0.419276400868517,0.428673466710314,0.434158856273857,0.451894658329346,0.488330311082261,2018-09-09,NA
"immune_prop",194,0.419186231602727,0.428595733667993,0.434072125931615,0.451803766979931,0.488256130577809,2018-09-16,NA
"immune_prop",195,0.419092068889372,0.428509458474952,0.433977151226504,0.4517020333818,0.488167363283225,2018-09-23,NA
"immune_prop",196,0.419008291111692,0.428424215641205,0.433898671272889,0.451606634331713,0.488092746842202,2018-09-30,NA
"immune_prop",197,0.418923749981433,0.42833904755503,0.433832550588868,0.451515822713811,0.488005528548437,2018-10-07,NA
"immune_prop",198,0.418839186028941,0.428259257903797,0.433759225240986,0.451428175247458,0.487924647417628,2018-10-14,NA
"immune_prop",199,0.418752084479028,0.428173806282012,0.433676387511374,0.451345705657368,0.487829352544449,2018-10-21,NA
"immune_prop",200,0.418662065805988,0.428085549869179,0.433584154557512,0.451266912673658,0.487740111547282,2018-10-28,NA
"immune_prop",201,0.418574797005176,0.427997401468541,0.433495571417944,0.451187872768093,0.487653171632557,2018-11-04,NA
"immune_prop",202,0.418491026388189,0.427913624076476,0.43340658548934,0.451105323132697,0.487554544004282,2018-11-11,NA
"immune_prop",203,0.4184066723395,0.42782720866466,0.433319052968764,0.451020034419752,0.487466419977033,2018-11-18,NA
"immune_prop",204,0.418323020123665,0.427739582374579,0.433234246601803,0.450931515374369,0.487379408345219,2018-11-25,NA
"immune_prop",205,0.418240536188968,0.427660347510498,0.433152295501053,0.450839393394548,0.487290764807593,2018-12-02,NA
"immune_prop",206,0.418157729567009,0.427589987124051,0.433071231062519,0.450758182467806,0.487199975173254,2018-12-09,NA
"immune_prop",207,0.418067347386924,0.427517935508869,0.432980785780754,0.450672054658789,0.487106953056283,2018-12-16,NA
"immune_prop",208,0.417978145157919,0.42744311580812,0.432890040540598,0.450588020843788,0.487009567075257,2018-12-23,NA
"immune_prop",209,0.417901866694962,0.427382648427348,0.432819977838018,0.450525275273999,0.4869308908368,2018-12-30,NA
"immune_prop",210,0.417836948317045,0.427321796703884,0.432756602528762,0.450463139936238,0.486855578606988,2019-01-06,NA
"immune_prop",211,0.417768022008445,0.427255297808144,0.43269106015933,0.450398778077652,0.486783673985996,2019-01-13,NA
"immune_prop",212,0.417706729147126,0.427201156728806,0.432641520542615,0.450359746771513,0.486721691195044,2019-01-20,NA
"immune_prop",213,0.417675776222381,0.427153088000821,0.432590504502918,0.450321294030579,0.486663474483626,2019-01-27,NA
"immune_prop",214,0.417641192650502,0.427112083665186,0.432553042013452,0.450287331564757,0.486635922551616,2019-02-03,NA
"immune_prop",215,0.417622950763378,0.42709360233313,0.432525610594674,0.450256361742291,0.486632772435626,2019-02-10,NA
"immune_prop",216,0.417617484766272,0.427105610175702,0.432501733275087,0.450233113511745,0.486633916255296,2019-02-17,NA
"immune_prop",217,0.417630273739648,0.427111726943087,0.432481360898756,0.450209941376688,0.486637528125102,2019-02-24,NA
"immune_prop",218,0.417679821535127,0.42711824076906,0.432475835317118,0.450209892261045,0.486652131686581,2019-03-03,NA
"immune_prop",219,0.417750837170147,0.427154613246783,0.4325149187057,0.450263655345977,0.486695753848124,2019-03-10,NA
"immune_prop",220,0.417862762669665,0.42720306556072,0.432556538458103,0.450328461899172,0.486718520294829,2019-03-17,NA
"immune_prop",221,0.417910504367698,0.427290222786996,0.432628093194615,0.450427147470286,0.486781592134637,2019-03-24,NA
"immune_prop",222,0.417948833058007,0.427383136107647,0.432703892113093,0.450545882120328,0.486853265271793,2019-03-31,NA
"immune_prop",223,0.418036845717388,0.427504840142907,0.432811689811849,0.450679522955751,0.486976253399121,2019-04-07,NA
"immune_prop",224,0.41816271007955,0.427647041405508,0.432957195593604,0.450817124394081,0.487059071766284,2019-04-14,NA
"immune_prop",225,0.418271862961474,0.427824970456709,0.433093571521966,0.450998292717327,0.487216429097417,2019-04-21,NA
"immune_prop",226,0.418381920144778,0.427956152388852,0.433271426900495,0.451162964275258,0.487349604985558,2019-04-28,NA
"immune_prop",227,0.418499413606147,0.428129894639067,0.433448292651978,0.451317690183539,0.487522965602783,2019-05-05,NA
"immune_prop",228,0.418642409243406,0.428255240548085,0.433618497774725,0.45145284823677,0.48761881351291,2019-05-12,NA
"immune_prop",229,0.418767491971926,0.428404173050962,0.433769786347288,0.45157577448997,0.487841122588486,2019-05-19,NA
"immune_prop",230,0.418916967017558,0.428573834408504,0.43390278126604,0.451678808620356,0.488015835036309,2019-05-26,NA
"immune_prop",231,0.419038779600479,0.428730039977168,0.434029845124121,0.451800806617786,0.488140231403462,2019-06-02,NA
"immune_prop",232,0.419109347058854,0.428793906621047,0.434127587114343,0.451922695737162,0.488220174306162,2019-06-09,NA
"immune_prop",233,0.419161411201251,0.428844176343344,0.434168770136605,0.452025614530174,0.488309666378823,2019-06-16,NA
"immune_prop",234,0.419197749641923,0.428852294394251,0.43421621628753,0.452081895053532,0.488377525105889,2019-06-23,NA
"immune_prop",235,0.419209010556673,0.428849389828443,0.43425419101373,0.452101738082148,0.488396667428347,2019-06-30,NA
"immune_prop",236,0.419199480488153,0.428819530563166,0.434258121301016,0.452111449353,0.488376669374733,2019-07-07,NA
"immune_prop",237,0.419179246016408,0.428787789769349,0.434233723747718,0.45208973986996,0.488357059758823,2019-07-14,NA
"immune_prop",238,0.419146848822393,0.428745160426826,0.434195604072925,0.452071166059589,0.488327314215197,2019-07-21,NA
"immune_prop",239,0.419105737504929,0.42870321954133,0.434159656561019,0.452017534263875,0.488297142020557,2019-07-28,NA
"immune_prop",240,0.419061850687012,0.428658865613213,0.434116744082035,0.451957278903809,0.488245105241094,2019-08-04,NA
"immune_prop",241,0.41901832081738,0.428611233634782,0.434063704679624,0.451900920530167,0.488185820664776,2019-08-11,NA
"immune_prop",242,0.418967576904374,0.428545013349574,0.434003798994728,0.451853747639507,0.488117038989017,2019-08-18,NA
"immune_prop",243,0.418923475953899,0.428493035921871,0.433947756892713,0.451803271257526,0.488053869158106,2019-08-25,NA
"immune_prop",244,0.418872864322175,0.428433879234616,0.433878604888936,0.451753524602376,0.487982724433236,2019-09-01,NA
"immune_prop",245,0.418813776366138,0.428371182993231,0.43382114235316,0.451689840777213,0.48790233981271,2019-09-08,NA
"immune_prop",246,0.418753873332706,0.428307646566473,0.433747752823402,0.45161207148058,0.487810916630097,2019-09-15,NA
"immune_prop",247,0.418697192034999,0.42823952486785,0.433672716621024,0.451545069917114,0.48772732274896,2019-09-22,NA
"immune_prop",248,0.418628774667376,0.428163627192038,0.433599337780526,0.451467788923767,0.487642759775863,2019-09-29,NA
"immune_prop",249,0.418562056730675,0.428086771477394,0.433521565754289,0.451381601202509,0.487553404709525,2019-10-06,NA
"immune_prop",250,0.418488165503471,0.428010898647118,0.43344151311952,0.451298647538761,0.487473097705648,2019-10-13,NA
"immune_prop",251,0.418409339966805,0.427932722787318,0.433353719276917,0.451209704235749,0.487385643751124,2019-10-20,NA
"immune_prop",252,0.418329523973673,0.427851099091024,0.433266268577285,0.451117823937426,0.487295901330715,2019-10-27,NA
"immune_prop",253,0.418251346242989,0.427769456626298,0.43318182685764,0.451026130344767,0.487201870992137,2019-11-03,NA
"immune_prop",254,0.418169068630072,0.427685985772494,0.433090736333983,0.450930605534878,0.487107357778607,2019-11-10,NA
"immune_prop",255,0.418086723000555,0.427602721887639,0.433001404814037,0.450834117419139,0.487006648933742,2019-11-17,NA
"immune_prop",256,0.418002753163364,0.427517853063925,0.432912915058364,0.450738354019996,0.486908973992439,2019-11-24,NA
"immune_prop",257,0.417916868142876,0.427427318418716,0.432824924519212,0.450639577402457,0.486809482855585,2019-12-01,NA
"immune_prop",258,0.417828230392332,0.427337791191287,0.432733091989652,0.450543654971497,0.486708467615472,2019-12-08,NA
"immune_prop",259,0.417739662651634,0.427241230529942,0.432639153157586,0.450446481218268,0.486602605803549,2019-12-15,NA
"immune_prop",260,0.417646031232842,0.427139546804042,0.432540540016658,0.450344784465004,0.486490980492627,2019-12-22,NA
"immune_prop",261,0.417558338297504,0.427041094447794,0.432444290011009,0.450245829185956,0.486382880327989,2019-12-29,NA
"shared_R0",1,0.715208598372144,1.11801258613374,1.39755256166654,1.75844663842193,2.75727843643688,2015-01-04,NA
"shared_R0",2,0.779162123748611,1.16215645092888,1.44932596465139,1.78062713763578,3.14884259402639,2015-01-11,NA
"shared_R0",3,0.751660450262091,1.1643666232991,1.45221498549326,1.76385998924143,2.97550083899169,2015-01-18,NA
"shared_R0",4,0.776335041974007,1.17832720673134,1.4610474549182,1.7957276404338,2.90507149893417,2015-01-25,NA
"shared_R0",5,0.809303568338916,1.20774758488542,1.49206794438446,1.83552461696625,2.70119395292731,2015-02-01,NA
"shared_R0",6,0.852716398363977,1.29382328791152,1.58142559010728,1.87734907177762,2.79865235068705,2015-02-08,NA
"shared_R0",7,0.893582552983474,1.29330510501005,1.57840554347496,1.92153153437132,2.74045156528861,2015-02-15,NA
"shared_R0",8,0.924876831169081,1.31290935332143,1.57783910832993,1.95552938610479,2.60940248368199,2015-02-22,NA
"shared_R0",9,0.947596199351507,1.3549846568552,1.62683029811294,1.92448375852692,2.55247121688814,2015-03-01,NA
"shared_R0",10,1.02966652470482,1.37967572718261,1.5906920422886,1.85754475191579,2.53158142213426,2015-03-08,NA
"shared_R0",11,1.005889788416,1.31458500891938,1.51205028389773,1.73128723354833,2.3377252167945,2015-03-15,NA
"shared_R0",12,0.94024262434935,1.24250061843795,1.43562369567749,1.63509664354151,2.09325194518292,2015-03-22,NA
"shared_R0",13,0.910753258402614,1.20903918205861,1.39357445506181,1.58073416753306,2.00464653097454,2015-03-29,NA
"shared_R0",14,0.917157497344343,1.14183365542232,1.30102869664939,1.46734346107756,1.9021250524071,2015-04-05,NA
"shared_R0",15,0.818149287635262,1.05485005916646,1.20308943129586,1.38008039034605,1.79525319367175,2015-04-12,NA
"shared_R0",16,0.77952995506627,0.989286665943284,1.11791994523878,1.24183843813381,1.54539357751557,2015-04-19,NA
"shared_R0",17,0.693097777317444,0.886558377620071,1.01408364549265,1.14854865603344,1.38751291534706,2015-04-26,NA
"shared_R0",18,0.6243518687787,0.80588491608125,0.919223971086771,1.03214259818936,1.26132495426878,2015-05-03,NA
"shared_R0",19,0.582061694298572,0.750197919510128,0.842563958015285,0.934600467009863,1.17478957889511,2015-05-10,NA
"shared_R0",20,0.520607453718878,0.676131433311392,0.760181376373974,0.858415107169306,1.09766399088852,2015-05-17,NA
"shared_R0",21,0.441070943980993,0.605304135276971,0.693536790090258,0.812164046065983,1.02137938604562,2015-05-24,NA
"shared_R0",22,0.399679320830839,0.562681955988413,0.66300586107358,0.753310461644321,0.9526537405762,2015-05-31,NA
"shared_R0",23,0.361409916168771,0.540821542068862,0.620934158982746,0.709245950463852,0.890860121912482,2015-06-07,NA
"shared_R0",24,0.364667975034935,0.511991614391846,0.593444168184857,0.67891484507144,0.888455780830376,2015-06-14,NA
"shared_R0",25,0.364875019190352,0.497970202754236,0.580479810536665,0.670205177094325,0.844233543427437,2015-06-21,NA
"shared_R0",26,0.369265450680498,0.492528886508078,0.575215109481814,0.663844180625874,0.811323303798017,2015-06-28,NA
"shared_R0",27,0.366140826435444,0.50652388169804,0.575979682225313,0.661216629050879,0.832883113427234,2015-07-05,NA
"shared_R0",28,0.371378676592567,0.501369688145607,0.577989155939727,0.665229689800178,0.863658506624762,2015-07-12,NA
"shared_R0",29,0.414418795960698,0.529863760568693,0.604196004786329,0.693278553522698,0.891956066944787,2015-07-19,NA
"shared_R0",30,0.426140498472792,0.546945439191188,0.634595404104504,0.732545150578356,0.948558289912212,2015-07-26,NA
"shared_R0",31,0.434698343196432,0.562645817441475,0.650496067853101,0.750877706963403,1.02945082253312,2015-08-02,NA
"shared_R0",32,0.463553580667566,0.595216605985847,0.675681567249532,0.789377049576362,1.05328326984071,2015-08-09,NA
"shared_R0",33,0.483855186846815,0.617898591516092,0.704160191803298,0.798142328385072,1.01440608875886,2015-08-16,NA
"shared_R0",34,0.490704797684078,0.645661743709878,0.732580466304896,0.831698507698161,1.08384282751156,2015-08-23,NA
"shared_R0",35,0.521889749653024,0.683706667312581,0.782814766992712,0.889558369632762,1.20928479025851,2015-08-30,NA
"shared_R0",36,0.552855916615944,0.752632484348801,0.857011127324964,0.979198400131121,1.40548058246526,2015-09-06,NA
"shared_R0",37,0.629417787451894,0.815492274633526,0.917762868008934,1.04236073184557,1.4299990709031,2015-09-13,NA
"shared_R0",38,0.676411196114818,0.873033419178733,0.99639131151638,1.14684296391187,1.54058927317274,2015-09-20,NA
"shared_R0",39,0.763214927366944,0.971023854670284,1.09680121083641,1.24085252545934,1.55473162287783,2015-09-27,NA
"shared_R0",40,0.815309239196525,1.04281971842023,1.19038725910406,1.35755027003974,1.73138343114375,2015-10-04,NA
"shared_R0",41,0.848767463719478,1.11251450075209,1.26636066575055,1.44378896481629,1.88920633575161,2015-10-11,NA
"shared_R0",42,0.93272214102505,1.17808401962435,1.34299997054782,1.52479811701358,2.1268280685327,2015-10-18,NA
"shared_R0",43,0.953994442512258,1.25291909665526,1.41289965676031,1.59682019843932,2.19911159130414,2015-10-25,NA
"shared_R0",44,1.0400045647812,1.33109020881884,1.51579954644732,1.72230598142157,2.28940283198129,2015-11-01,NA
"shared_R0",45,1.11118870649135,1.4480791835201,1.66201962897721,1.85639875481228,2.40831377288675,2015-11-08,NA
"shared_R0",46,1.22520319835285,1.5569646355102,1.74645933758256,1.9640337800285,2.50145502177962,2015-11-15,NA
"shared_R0",47,1.28608058957281,1.63663983610269,1.8449711434731,2.14367011377892,2.74815028046211,2015-11-22,NA
"shared_R0",48,1.45152195738783,1.78516966246659,2.00558291423501,2.30462933228857,3.06258731532555,2015-11-29,NA
"shared_R0",49,1.53755626894845,1.90698454295477,2.13182687114849,2.4427141980537,3.22628418437321,2015-12-06,NA
"shared_R0",50,1.58872765796633,1.95497354113852,2.1801357472278,2.45052287021037,3.27553516653252,2015-12-13,NA
"shared_R0",51,1.49212507184872,1.94313332901354,2.17269388846624,2.46131395367042,3.30138225623486,2015-12-20,NA
"shared_R0",52,1.52819378729502,1.98044732097123,2.2644401801311,2.52834495235525,3.38601464831982,2015-12-27,NA
"shared_R0",53,1.65324673151452,2.06463363132178,2.28592733813758,2.57088858040089,3.47241197152984,2016-01-03,NA
"shared_R0",54,1.67826043360884,2.08452387195489,2.34330355474,2.62631706866105,3.31302970555391,2016-01-10,NA
"shared_R0",55,1.73294077447259,2.14984946799569,2.43525782363741,2.70066390383648,3.3059525839478,2016-01-17,NA
"shared_R0",56,1.78400288074736,2.17192286385274,2.45583997318418,2.74118937228822,3.34043292832883,2016-01-24,NA
"shared_R0",57,1.8854988812614,2.30837845573086,2.53755462828061,2.79164802158206,3.2216489964692,2016-01-31,NA
"shared_R0",58,1.82167080993033,2.26810331244656,2.49034105118433,2.75232785411724,3.35176962872476,2016-02-07,NA
"shared_R0",59,1.97824740515037,2.34027841102517,2.54330014656704,2.81882200773273,3.50079563870127,2016-02-14,NA
"shared_R0",60,2.21125353743223,2.53984616365722,2.78126797138277,3.06084926872748,3.79624814595527,2016-02-21,NA
"shared_R0",61,2.29500649746337,2.68688011024481,2.92639584893811,3.20925201910504,4.01958473267017,2016-02-28,NA
"shared_R0",62,2.32997253284003,2.73251770179993,3.00905940309437,3.33489642878163,4.14827709922517,2016-03-06,NA
"shared_R0",63,2.2533254841807,2.7045197191004,2.94865706286557,3.23994199677916,3.94338143273818,2016-03-13,NA
"shared_R0",64,2.08228933006941,2.45893283189409,2.70635299349526,2.97011150308765,3.4484096400067,2016-03-20,NA
"shared_R0",65,1.858954691193,2.35460845301907,2.58927278223754,2.83952504083582,3.34978084791461,2016-03-27,NA
"shared_R0",66,1.86215726873402,2.24078032692891,2.43334794650509,2.64706889177495,3.17795587605792,2016-04-03,NA
"shared_R0",67,1.843732495067,2.19317181300753,2.41448683783492,2.63868994383401,3.12392471241325,2016-04-10,NA
"shared_R0",68,1.66768479779829,2.0870963162536,2.31776564236216,2.56342469053481,3.03870602042029,2016-04-17,NA
"shared_R0",69,1.67464997654488,2.03893626638713,2.25358520076595,2.48971128893011,3.01221173645337,2016-04-24,NA
"shared_R0",70,1.58355138053497,1.88905080747009,2.10948271706724,2.32645438621356,2.72535626350031,2016-05-01,NA
"shared_R0",71,1.33447480735947,1.58870342758762,1.77815196532881,1.98070645083196,2.3767487720732,2016-05-08,NA
"shared_R0",72,1.12147533331029,1.3506142823462,1.50949340697666,1.66799691505425,1.90751087530439,2016-05-15,NA
"shared_R0",73,0.967835572581728,1.14881638967847,1.25605383648279,1.37846334196187,1.64818072605117,2016-05-22,NA
"shared_R0",74,0.820463597040321,0.985601768221753,1.07724932244021,1.18248542142961,1.42272352660491,2016-05-29,NA
"shared_R0",75,0.696335238332673,0.84835940754235,0.925633029554252,1.00233997005489,1.2297043612321,2016-06-05,NA
"shared_R0",76,0.607463027923216,0.739017588391499,0.804158927066813,0.88229062249613,1.08030768725989,2016-06-12,NA
"shared_R0",77,0.570422769697697,0.687699102738699,0.759592501745937,0.840007514870828,1.03314589707854,2016-06-19,NA
"shared_R0",78,0.537640682495304,0.647070289414481,0.717033995417551,0.791142231429642,0.944959820624231,2016-06-26,NA
"shared_R0",79,0.514270535609343,0.6354083616106,0.70338408719155,0.775107680091202,0.914113783830151,2016-07-03,NA
"shared_R0",80,0.520747227574236,0.631158122125343,0.685644164407038,0.746450033297221,0.881232698342169,2016-07-10,NA
"shared_R0",81,0.540775932322238,0.631112100681252,0.685852043818736,0.749997763291598,0.904909128419305,2016-07-17,NA
"shared_R0",82,0.54228574297881,0.639091527577096,0.69547429444168,0.755163873631402,0.909864105442486,2016-07-24,NA
"shared_R0",83,0.534076225802691,0.63475851412261,0.695429949937777,0.76180360786924,0.906191355547117,2016-07-31,NA
"shared_R0",84,0.512685900930224,0.615650639779143,0.672923026701661,0.731422333048,0.874916956508495,2016-08-07,NA
"shared_R0",85,0.514306049838925,0.619391346271942,0.677289982326541,0.73362501537129,0.872565290326208,2016-08-14,NA
"shared_R0",86,0.517242764894181,0.618235224608786,0.67230411041292,0.730051907243029,0.864012308476685,2016-08-21,NA
"shared_R0",87,0.50663147870505,0.605128707396648,0.662688430863991,0.733724617058123,0.865745913251126,2016-08-28,NA
"shared_R0",88,0.525575928651361,0.627706599873085,0.691283882351285,0.751704539762284,0.882769947992588,2016-09-04,NA
"shared_R0",89,0.568737438094051,0.692142462198595,0.757206283846769,0.8308869149497,0.993707840731752,2016-09-11,NA
"shared_R0",90,0.621435628348038,0.731797503888033,0.795635974892909,0.869249130988117,1.05608583500264,2016-09-18,NA
"shared_R0",91,0.731087439800441,0.842104107305787,0.921052383793142,0.997766397116098,1.17199614118819,2016-09-25,NA
"shared_R0",92,0.80655084161403,0.951251395099544,1.03819635578236,1.1260922576601,1.2945933081798,2016-10-02,NA
"shared_R0",93,0.846225377859016,0.996253165999849,1.09163757356211,1.17878300699817,1.36765997629612,2016-10-09,NA
"shared_R0",94,0.920985622668148,1.04861180019755,1.13665402606468,1.22895368122252,1.40685740394504,2016-10-16,NA
"shared_R0",95,0.954559012032396,1.12891796554135,1.2243955195665,1.32271052880335,1.54766337678861,2016-10-23,NA
"shared_R0",96,1.016508152312,1.17216935498418,1.26563816979571,1.375127117751,1.61657082047238,2016-10-30,NA
"shared_R0",97,1.03379346271264,1.21660983344826,1.3253904887824,1.45430087059177,1.72996966877026,2016-11-06,NA
"shared_R0",98,1.04384589168438,1.23998426292505,1.35573732195166,1.47914621117881,1.76876633371015,2016-11-13,NA
"shared_R0",99,1.02431389022207,1.2036479031631,1.30389711202575,1.41541472932511,1.6651471711242,2016-11-20,NA
"shared_R0",100,0.878981096376522,1.05138932813649,1.14923292979477,1.2604450046907,1.50189984559673,2016-11-27,NA
"shared_R0",101,0.812449079863504,0.975360881150346,1.07483402353619,1.16206265525112,1.33917261326435,2016-12-04,NA
"shared_R0",102,0.756476614681879,0.920457900374709,0.99595207730869,1.10064664572536,1.27631623640333,2016-12-11,NA
"shared_R0",103,0.783418127772911,0.930260600758248,1.01527548593175,1.11040186799645,1.30006906716655,2016-12-18,NA
"shared_R0",104,0.880556016575393,1.03231494131668,1.13662574765782,1.23495866919535,1.44607438084003,2016-12-25,NA
"shared_R0",105,1.00459671654744,1.15921302943905,1.25845318194597,1.40191711953857,1.69000242750083,2017-01-01,NA
"shared_R0",106,1.07583118984395,1.25999665622389,1.37485951287905,1.50386707587769,1.80018918537694,2017-01-08,NA
"shared_R0",107,1.19081018387538,1.42065930063645,1.57176344590142,1.73830914459855,2.10322136081054,2017-01-15,NA
"shared_R0",108,1.27136604681806,1.52424712892138,1.68697977281993,1.85232493792622,2.19730672074323,2017-01-22,NA
"shared_R0",109,1.43471338067101,1.67076283545463,1.82870114934981,2.04483202679274,2.4904259305191,2017-01-29,NA
"shared_R0",110,1.54918034883486,1.82781066074801,1.99763115369171,2.15378237695134,2.52802885360623,2017-02-05,NA
"shared_R0",111,1.60379793391341,1.94160503508261,2.12943048457131,2.31927154311133,2.65281781980214,2017-02-12,NA
"shared_R0",112,1.75398554762944,2.03881297392677,2.23264356457341,2.46532656467737,2.92397698364903,2017-02-19,NA
"shared_R0",113,1.91776226578357,2.23548354535503,2.42397183400891,2.64824867378162,3.07734137514508,2017-02-26,NA
"shared_R0",114,1.89670578023576,2.293221957799,2.4962488441717,2.71078883043869,3.27481483590259,2017-03-05,NA
"shared_R0",115,1.92457909754648,2.29291393513971,2.49428959123562,2.70710156806219,3.12997191151574,2017-03-12,NA
"shared_R0",116,2.02157695357904,2.32732735337288,2.50026147873178,2.69662212542634,3.17042322717905,2017-03-19,NA
"shared_R0",117,2.00421670426456,2.27743993991089,2.42250022418478,2.60877492921783,3.07339517811243,2017-03-26,NA
"shared_R0",118,1.73390672063802,2.12221624458251,2.29476775367608,2.46645181621848,2.8653784440641,2017-04-02,NA
"shared_R0",119,1.65696653270845,1.96731540909203,2.13545310569893,2.33285826924021,2.78400147394003,2017-04-09,NA
"shared_R0",120,1.53100856019689,1.77756962722105,1.92655891509858,2.12545036662984,2.43785312389009,2017-04-16,NA
"shared_R0",121,1.43250148120652,1.6549405362638,1.79061984992547,1.95670792717244,2.28521657154879,2017-04-23,NA
"shared_R0",122,1.31579838556374,1.52482956292881,1.65881991677664,1.80075278994429,2.02898391719,2017-04-30,NA
"shared_R0",123,1.11813422539301,1.35101683887855,1.48138296563154,1.62283857713483,1.88534070197473,2017-05-07,NA
"shared_R0",124,1.08187436513775,1.24499203048324,1.3648181371574,1.48412736193206,1.78403673668962,2017-05-14,NA
"shared_R0",125,0.972327614735259,1.12634103247407,1.22781934796093,1.34800551623953,1.61463667707174,2017-05-21,NA
"shared_R0",126,0.926952424538918,1.08501085012815,1.16643831486994,1.25574259537083,1.47288237995107,2017-05-28,NA
"shared_R0",127,0.843677507114547,0.976202559120266,1.06687765327276,1.16228177949928,1.38148606387603,2017-06-04,NA
"shared_R0",128,0.803829890659297,0.950284978524194,1.03542504343202,1.11599164470404,1.34797550075415,2017-06-11,NA
"shared_R0",129,0.777304441900897,0.897744317403229,0.965292291404,1.03824519703112,1.22304389266983,2017-06-18,NA
"shared_R0",130,0.719004497820212,0.843262074072116,0.923251988519881,1.0035703477041,1.21313245216889,2017-06-25,NA
"shared_R0",131,0.763647827273007,0.876019517967987,0.952999531857526,1.05166669582913,1.23389812848178,2017-07-02,NA
"shared_R0",132,0.738747408896728,0.844529193215749,0.925619817609819,1.01050170310019,1.2340219361003,2017-07-09,NA
"shared_R0",133,0.779160993952396,0.889776228175706,0.971551264477457,1.07405091361032,1.2828724024829,2017-07-16,NA
"shared_R0",134,0.728160914106668,0.871805080467303,0.947646644896449,1.03536912677898,1.19887402039961,2017-07-23,NA
"shared_R0",135,0.701560154062257,0.823587076675289,0.910531554673264,1.00287573972639,1.18877445211082,2017-07-30,NA
"shared_R0",136,0.690007983351879,0.812255837949605,0.88791034868662,0.981100566382952,1.16280658616402,2017-08-06,NA
"shared_R0",137,0.666423131449047,0.795662868736943,0.890981678288386,0.981396710716129,1.19735238538849,2017-08-13,NA
"shared_R0",138,0.653270075052389,0.774766576679109,0.857028694721373,0.951954454486703,1.17268449473477,2017-08-20,NA
"shared_R0",139,0.671295372396945,0.796785047478337,0.871586431017797,0.949488126105063,1.16242387089002,2017-08-27,NA
"shared_R0",140,0.709495451086614,0.83419549588586,0.910417979089312,0.992582364442799,1.18589364431657,2017-09-03,NA
"shared_R0",141,0.719430629270429,0.864539351610237,0.964947225669089,1.06300478928262,1.24323722365024,2017-09-10,NA
"shared_R0",142,0.796235599813379,0.92299889860872,0.997431542151096,1.10491207436143,1.31519307620239,2017-09-17,NA
"shared_R0",143,0.819951680778178,0.958357156430959,1.06243167040495,1.15639278303565,1.40409263161798,2017-09-24,NA
"shared_R0",144,0.910502180834302,1.04940382409202,1.15837146015595,1.26329663018679,1.55478816629996,2017-10-01,NA
"shared_R0",145,0.934422138369878,1.09496036229345,1.20813692817039,1.34238428178771,1.60104403697349,2017-10-08,NA
"shared_R0",146,0.988189159584001,1.17995694303327,1.29071354800832,1.42855327895491,1.75993450515371,2017-10-15,NA
"shared_R0",147,1.0613324739546,1.25917272819379,1.37023520914478,1.50249747574446,1.82007007147799,2017-10-22,NA
"shared_R0",148,1.13258877317387,1.33885133484642,1.4539429226368,1.58957744426003,1.92251677843872,2017-10-29,NA
"shared_R0",149,1.20137163149609,1.38218025551511,1.50435321382636,1.64424101943448,1.96560054283133,2017-11-05,NA
"shared_R0",150,1.13492701537244,1.39113531121205,1.53013562876636,1.66547041952333,1.95927971051508,2017-11-12,NA
"shared_R0",151,1.11007642354794,1.32200290346213,1.45523702617387,1.60139932235676,1.86115887289591,2017-11-19,NA
"shared_R0",152,1.18269703050975,1.39754275646698,1.52587251936359,1.65842171403639,1.97226167881344,2017-11-26,NA
"shared_R0",153,1.25080275141106,1.44526807204291,1.58203260931405,1.7348670619445,2.10522271111295,2017-12-03,NA
"shared_R0",154,1.20772815867361,1.4522052616536,1.59136601607397,1.75005110690113,2.12462411645338,2017-12-10,NA
"shared_R0",155,1.2479916002781,1.4755339549819,1.59916534859965,1.74776242226589,2.0792742707438,2017-12-17,NA
"shared_R0",156,1.29699584165264,1.56993106601682,1.72285194537319,1.87377524701841,2.25558525711727,2017-12-24,NA
"shared_R0",157,1.43079389739936,1.72811757256042,1.9069745196069,2.09227028651711,2.47087905605748,2017-12-31,NA
"shared_R0",158,1.56591870426074,1.85297071294434,2.02152587294851,2.21923188118849,2.68082379619593,2018-01-07,NA
"shared_R0",159,1.6688308578253,1.94927142165743,2.1403366110468,2.32118894325605,2.83206156528365,2018-01-14,NA
"shared_R0",160,1.7002177966821,2.04681275659033,2.22437385040543,2.43529035306171,2.96355007675809,2018-01-21,NA
"shared_R0",161,1.67924372041554,2.04335392099743,2.24456050389087,2.50028787858048,3.01919015348606,2018-01-28,NA
"shared_R0",162,1.78911007024508,2.08634710981196,2.28332085063651,2.52485462801416,3.01905942614921,2018-02-04,NA
"shared_R0",163,1.77966190200593,2.16462740111909,2.39483889097132,2.63939982257547,3.15838985142846,2018-02-11,NA
"shared_R0",164,1.82961446645747,2.13980836716302,2.34587905437948,2.57370597816204,3.12063417341346,2018-02-18,NA
"shared_R0",165,1.75279838715755,2.05756748918697,2.27334251227404,2.48223006147591,2.98125502376145,2018-02-25,NA
"shared_R0",166,1.63206931062121,1.89222008697587,2.05878801764014,2.2305499776503,2.63260166383798,2018-03-04,NA
"shared_R0",167,1.41656180645151,1.73513388685055,1.89269824867699,2.07557847086454,2.54773224808855,2018-03-11,NA
"shared_R0",168,1.28039701022682,1.61495992285633,1.76977472910214,1.94940707879325,2.42465917895181,2018-03-18,NA
"shared_R0",169,1.21772959293359,1.57166912127012,1.74509658459646,1.92543521269418,2.28087029689117,2018-03-25,NA
"shared_R0",170,1.32401656452909,1.53331251362969,1.66932787068083,1.81561575774771,2.18013916274282,2018-04-01,NA
"shared_R0",171,1.26609726059126,1.48829890242354,1.62402641861057,1.75834562344858,2.04677781748232,2018-04-08,NA
"shared_R0",172,1.14176183666817,1.36860578181629,1.50137297333842,1.66455286557328,2.01391222788089,2018-04-15,NA
"shared_R0",173,0.967700902371584,1.19515423292499,1.32251533455884,1.46822723959346,1.80725984004862,2018-04-22,NA
"shared_R0",174,1.02541744972692,1.23222482552885,1.34076895797729,1.46943782224506,1.76127761805245,2018-04-29,NA
"shared_R0",175,0.954895465292987,1.17455949450318,1.28862162051643,1.42020151427777,1.6952882837972,2018-05-06,NA
"shared_R0",176,1.02019236585322,1.23552419742641,1.36310626158208,1.48787389152169,1.78546865164238,2018-05-13,NA
"shared_R0",177,1.06998210038706,1.28558855843438,1.42496874486035,1.58769112333741,1.85776005912776,2018-05-20,NA
"shared_R0",178,1.13116116964133,1.31933653359187,1.44352904630133,1.60144910265503,1.91400900985766,2018-05-27,NA
"shared_R0",179,1.06957372605273,1.29204097865762,1.4304008273101,1.59202863419101,1.9454380851132,2018-06-03,NA
"shared_R0",180,1.08462369524645,1.3332798481543,1.46467440809191,1.6016742989766,1.92376909642861,2018-06-10,NA
"shared_R0",181,1.15511362195879,1.37291640507178,1.53375781044741,1.68810123013766,2.09431761322884,2018-06-17,NA
"shared_R0",182,1.11897647450237,1.35929121256552,1.52948291196086,1.71082668469919,2.07275869771847,2018-06-24,NA
"shared_R0",183,1.21516831772782,1.41211484048853,1.55888131611799,1.73257432156422,2.0832977055972,2018-07-01,NA
"shared_R0",184,1.20077105311786,1.41128418332606,1.53703243058031,1.68675689560059,2.01731273052833,2018-07-08,NA
"shared_R0",185,1.18765520558806,1.40109793514984,1.54523990766353,1.68742298233787,2.00293794403545,2018-07-15,NA
"shared_R0",186,1.20626825599544,1.44402948123731,1.58308215776468,1.72928979848542,2.02977716629055,2018-07-22,NA
"shared_R0",187,1.12760987199716,1.39909088890818,1.52779124107916,1.66288901982044,2.03215998789118,2018-07-29,NA
"shared_R0",188,1.15319979386447,1.34528388299131,1.48427709123081,1.64459172965587,2.0241507148179,2018-08-05,NA
"shared_R0",189,1.17045783567321,1.34592648856045,1.47377306337844,1.60772123663564,1.9881873576411,2018-08-12,NA
"shared_R0",190,1.15428032622851,1.35242010152454,1.49494892614748,1.66769871867996,2.00054957468339,2018-08-19,NA
"shared_R0",191,1.12140706729938,1.35861319873101,1.49691951390145,1.64840923593378,1.94270880811545,2018-08-26,NA
"shared_R0",192,1.10192915267753,1.36255646450737,1.50491807558457,1.63908242252618,1.95592524911434,2018-09-02,NA
"shared_R0",193,1.05859643770972,1.2896784073074,1.41869028712805,1.55387112595661,1.88926140672723,2018-09-09,NA
"shared_R0",194,1.06659390804281,1.28132257743288,1.40189390867097,1.56413199289895,1.93067564146199,2018-09-16,NA
"shared_R0",195,1.07321984253235,1.31521159333815,1.46166353622621,1.64056683161216,1.94990921092653,2018-09-23,NA
"shared_R0",196,1.12835707845343,1.34562833697259,1.4984204732219,1.67234162830988,2.01284001297385,2018-09-30,NA
"shared_R0",197,1.20132354419773,1.46426621544358,1.61344446215138,1.79108423954814,2.14041233155572,2018-10-07,NA
"shared_R0",198,1.30697740868165,1.56213639056642,1.70018283532409,1.89497387528382,2.35315809802533,2018-10-14,NA
"shared_R0",199,1.30242557453572,1.61037391752959,1.79879204086322,1.99015481532263,2.45891010045885,2018-10-21,NA
"shared_R0",200,1.407950415855,1.65075356615152,1.79530151811381,1.9700660926337,2.44486818556812,2018-10-28,NA
"shared_R0",201,1.2472035296262,1.56416025629104,1.71455622363229,1.89221722088215,2.37356713417474,2018-11-04,NA
"shared_R0",202,1.32886544443002,1.55763785167207,1.70819744808152,1.86110862740699,2.22886791084486,2018-11-11,NA
"shared_R0",203,1.28512266501858,1.56311224604752,1.72206596725139,1.91863515007193,2.36739960953085,2018-11-18,NA
"shared_R0",204,1.24489498568249,1.53347027915103,1.75028281970032,1.94117187819918,2.33549255165918,2018-11-25,NA
"shared_R0",205,1.27543729230777,1.56920154029646,1.73882533828604,1.92075377386302,2.30835919435409,2018-12-02,NA
"shared_R0",206,1.35522696451813,1.64040889952792,1.81543584418984,1.98500680702707,2.42349852933102,2018-12-09,NA
"shared_R0",207,1.42836085776299,1.71677323235505,1.89124893449531,2.0536011341449,2.47857267080301,2018-12-16,NA
"shared_R0",208,1.52568172680353,1.86272926943464,2.04273620370709,2.2531319935375,2.67843042044812,2018-12-23,NA
"shared_R0",209,1.61745738673648,1.99428112524823,2.23191817427475,2.47988820505988,2.96376721993087,2018-12-30,NA
"shared_R0",210,1.76703951140538,2.14852026063291,2.37123697421609,2.6251732552609,3.09890354112608,2019-01-06,NA
"shared_R0",211,1.99518265067456,2.31866817275579,2.52496139106207,2.76235281720431,3.37820229595008,2019-01-13,NA
"shared_R0",212,1.86654129879714,2.24018971645927,2.45658531438614,2.69487110245416,3.24258254792965,2019-01-20,NA
"shared_R0",213,1.85935050645857,2.17831827163224,2.41682663863866,2.67344041973056,3.17370947621586,2019-01-27,NA
"shared_R0",214,1.76626438858489,2.13744902787744,2.35911714171275,2.58575587533353,3.100959090865,2019-02-03,NA
"shared_R0",215,1.85830925167443,2.17399888373518,2.39361516843024,2.63772236412986,3.13795796549614,2019-02-10,NA
"shared_R0",216,1.75551995696345,2.10319132565695,2.28491327468972,2.51847836434902,3.02473046083744,2019-02-17,NA
"shared_R0",217,1.68093039111363,2.03257065932148,2.21518854010654,2.42192372043754,2.9619532381351,2019-02-24,NA
"shared_R0",218,1.74090559372927,2.10498516832528,2.33931352926315,2.58739986238211,3.22420716850037,2019-03-03,NA
"shared_R0",219,1.60203353412175,2.01673102545305,2.23293810078647,2.50116954172938,2.96136122563624,2019-03-10,NA
"shared_R0",220,1.70857582860116,2.03334935214697,2.22662624963633,2.42856353337891,2.88036203740813,2019-03-17,NA
"shared_R0",221,1.67480423249831,2.06082435820803,2.27174380496173,2.49218231284722,2.96706512061089,2019-03-24,NA
"shared_R0",222,1.73912795949475,2.09156095170877,2.33174443417773,2.57987220023028,3.09287928140669,2019-03-31,NA
"shared_R0",223,1.76446616949347,2.05444145363705,2.28136349963456,2.53923305957866,3.04802602494649,2019-04-07,NA
"shared_R0",224,1.73790539653906,2.00898793799436,2.18733066849698,2.41261550303525,2.85814795094052,2019-04-14,NA
"shared_R0",225,1.5992820811466,1.90132086628646,2.10136771412701,2.31667804949176,2.79384009355318,2019-04-21,NA
"shared_R0",226,1.56589986292899,1.87428954395674,2.05930976333068,2.25859124370143,2.68079949420537,2019-04-28,NA
"shared_R0",227,1.50290108505255,1.78103156564249,1.95521408010774,2.13805135572012,2.55423076330567,2019-05-05,NA
"shared_R0",228,1.39763820741176,1.6609425240888,1.83119065138802,2.01811267220173,2.45583284707806,2019-05-12,NA
"shared_R0",229,1.24732017154499,1.54979101288344,1.72256195002247,1.91426322077677,2.38347233221387,2019-05-19,NA
"shared_R0",230,1.17080960304514,1.43013767824196,1.5651725372285,1.74129978405245,2.19860895375625,2019-05-26,NA
"shared_R0",231,1.08922370044819,1.33658445454745,1.46873567426036,1.62888655912056,2.00847425232898,2019-06-02,NA
"shared_R0",232,1.07608299573874,1.27502379814314,1.39007791393127,1.56299748999794,1.93671745984956,2019-06-09,NA
"shared_R0",233,1.00363367362258,1.21084991433056,1.34186770874245,1.49065108311118,1.81827649106759,2019-06-16,NA
"shared_R0",234,0.893600524570171,1.08287270944341,1.21609576477543,1.34557546682936,1.58875908022718,2019-06-23,NA
"shared_R0",235,0.868618312674537,1.05495489829837,1.165511254052,1.29268916367841,1.55903100434752,2019-06-30,NA
"shared_R0",236,0.832811637160202,1.02974760457135,1.14782197160825,1.29082689375657,1.60475771278835,2019-07-07,NA
"shared_R0",237,0.88966132960971,1.09450226432207,1.22648821066281,1.35292670772741,1.70659403709219,2019-07-14,NA
"shared_R0",238,0.97867109949788,1.19399948476317,1.32220370864665,1.49857007028808,1.8476251358903,2019-07-21,NA
"shared_R0",239,1.07521814209725,1.29286365537083,1.44040026099731,1.60330065570506,1.89506683546708,2019-07-28,NA
"shared_R0",240,1.11653090607667,1.39426503317175,1.51474021366133,1.66982317467905,2.03455574650367,2019-08-04,NA
"shared_R0",241,1.22269025952353,1.47058794945861,1.61135498212851,1.75612634765605,2.1803439570076,2019-08-11,NA
"shared_R0",242,1.28701085771709,1.55234877808025,1.72917322300693,1.90168805167015,2.31489561516,2019-08-18,NA
"shared_R0",243,1.19961005298814,1.47136602586159,1.62971593509995,1.8055751233719,2.16376771616221,2019-08-25,NA
"shared_R0",244,1.22133262032495,1.45043117550038,1.56268091883378,1.71876671247399,2.0928031498354,2019-09-01,NA
"shared_R0",245,1.23013439251993,1.42762109073433,1.58045556884681,1.75213076651833,2.09903619425728,2019-09-08,NA
"shared_R0",246,1.22001858214464,1.44771885818353,1.58725660819773,1.75129227410998,2.08568106351265,2019-09-15,NA
"shared_R0",247,1.26792504040118,1.48326959180413,1.63589847167467,1.81899696451148,2.17996134643451,2019-09-22,NA
"shared_R0",248,1.20373284678852,1.45645200023947,1.59166997829093,1.77539179233791,2.13689836167583,2019-09-29,NA
"shared_R0",249,1.18367019585757,1.4190750876298,1.56784124560078,1.71413901038842,2.06618177656143,2019-10-06,NA
"shared_R0",250,1.05348304296942,1.31522161650001,1.45236197821556,1.60702854819255,1.95808634018253,2019-10-13,NA
"shared_R0",251,1.01974824653011,1.27155427842362,1.40382214879724,1.55271777081665,1.85873936861611,2019-10-20,NA
"shared_R0",252,1.0066460506783,1.24869681694579,1.39125401909257,1.54434961405249,1.8787297348613,2019-10-27,NA
"shared_R0",253,1.03184958019535,1.25582734505316,1.39165606756489,1.55125915729044,1.90081662106667,2019-11-03,NA
"shared_R0",254,1.05153186065983,1.3054735482721,1.44751532070984,1.58667420349078,1.96562598275576,2019-11-10,NA
"shared_R0",255,1.11582580028489,1.33273999903029,1.47124325186475,1.6339551988839,1.96126868955507,2019-11-17,NA
"shared_R0",256,1.04217625143957,1.31477947328459,1.47025281679895,1.65482323490552,2.0139331120341,2019-11-24,NA
"shared_R0",257,1.06977978285403,1.32992097136769,1.4933742650679,1.68581529966974,2.13908116203682,2019-12-01,NA
"shared_R0",258,1.01847254482057,1.28470127318999,1.4487087457945,1.64256850522207,2.09657056895562,2019-12-08,NA
"shared_R0",259,0.97482311226311,1.24004032341392,1.43147411769833,1.64298885985432,2.13716737207377,2019-12-15,NA
"shared_R0",260,0.932551240558293,1.26016173178907,1.4851576647681,1.7126581607497,2.22552870159305,2019-12-22,NA
"shared_R0",261,0.937117300030738,1.2903661531144,1.53104024106052,1.7974055844813,2.50474686114055,2019-12-29,NA
"Reff_ceara",1,0.701683028428225,1.10363667750036,1.39233959856728,1.75633494246631,2.73072460990193,2015-01-04,NA
"Reff_ceara",2,0.777295635232335,1.16077133820342,1.4457312325582,1.77677308048734,3.09150040229983,2015-01-11,NA
"Reff_ceara",3,0.730033674519233,1.16351030238289,1.45370786489177,1.76017103079367,2.91174477342107,2015-01-18,NA
"Reff_ceara",4,0.763819788629896,1.1744808833901,1.45710824707466,1.78596319319064,2.86926408035482,2015-01-25,NA
"Reff_ceara",5,0.812496348059494,1.21081928280171,1.49456024680186,1.82301835917969,2.65589094059414,2015-02-01,NA
"Reff_ceara",6,0.833243430484248,1.28792890701168,1.57970383131878,1.8684642309926,2.77588713603955,2015-02-08,NA
"Reff_ceara",7,0.893647048368307,1.29391008274443,1.57611309445528,1.9098429175431,2.71222521784966,2015-02-15,NA
"Reff_ceara",8,0.913342227198827,1.31736847081464,1.57645564339628,1.94560627880559,2.61280356253828,2015-02-22,NA
"Reff_ceara",9,0.944307873153066,1.35748585201331,1.62583187807095,1.9202948472415,2.50289482507388,2015-03-01,NA
"Reff_ceara",10,1.04106632940685,1.36939200219387,1.58610259949554,1.84935007056368,2.51756578149217,2015-03-08,NA
"Reff_ceara",11,1.01798155117338,1.30515714298845,1.505021559554,1.71677626038247,2.30793506656354,2015-03-15,NA
"Reff_ceara",12,0.948647231865784,1.24154439825754,1.4352328607316,1.62582318283967,2.07743170695036,2015-03-22,NA
"Reff_ceara",13,0.918698127326389,1.2100389097107,1.38137916431282,1.57290677360514,1.99010471942979,2015-03-29,NA
"Reff_ceara",14,0.913401875918541,1.14001260894217,1.28772697458689,1.46322285490155,1.88200107966767,2015-04-05,NA
"Reff_ceara",15,0.823056950726288,1.0536802853023,1.19544726552111,1.36613500582888,1.76856191336797,2015-04-12,NA
"Reff_ceara",16,0.779591253621288,0.983379764608994,1.11316881144343,1.2434106869517,1.54854312338107,2015-04-19,NA
"Reff_ceara",17,0.695071500578451,0.88427059339307,1.01287519888465,1.1399557804995,1.37041678312916,2015-04-26,NA
"Reff_ceara",18,0.625903476381972,0.799446985185816,0.913588353875098,1.02729669775628,1.25674885041207,2015-05-03,NA
"Reff_ceara",19,0.578264312710357,0.74613712406948,0.837167651039794,0.926747873968403,1.17428393661362,2015-05-10,NA
"Reff_ceara",20,0.520921463264919,0.675411878146129,0.751928535362782,0.854354288114102,1.091835467565,2015-05-17,NA
"Reff_ceara",21,0.43536090827022,0.604902841400117,0.692997050155362,0.804920360518328,1.01826828419041,2015-05-24,NA
"Reff_ceara",22,0.399428918566372,0.559739058002655,0.659726511817734,0.753435174873725,0.94638282102655,2015-05-31,NA
"Reff_ceara",23,0.352372702363034,0.538664395777537,0.617709171335159,0.707537966326278,0.881852021010006,2015-06-07,NA
"Reff_ceara",24,0.361491699516027,0.509130593950446,0.595084374897478,0.67747534292445,0.881369727552545,2015-06-14,NA
"Reff_ceara",25,0.361629334596634,0.496618260288146,0.579852897186298,0.666409054319804,0.848455719689781,2015-06-21,NA
"Reff_ceara",26,0.366191417063871,0.490687786019083,0.572892381393237,0.660381698163097,0.808236325543342,2015-06-28,NA
"Reff_ceara",27,0.362143114443151,0.502862605716487,0.577772682981641,0.661699729513075,0.830150129303787,2015-07-05,NA
"Reff_ceara",28,0.375204842911185,0.497104343778295,0.575012840501925,0.665184374482489,0.858758001389339,2015-07-12,NA
"Reff_ceara",29,0.411762003391721,0.525873708384454,0.600372699867791,0.690054835363771,0.887836297301852,2015-07-19,NA
"Reff_ceara",30,0.420467993375502,0.545660966330751,0.63188208862313,0.730260661963641,0.946714352883349,2015-07-26,NA
"Reff_ceara",31,0.435549239676226,0.559067389402149,0.647835116140638,0.748092903657613,1.03308583011366,2015-08-02,NA
"Reff_ceara",32,0.458487104260142,0.591763652868544,0.673267442262758,0.786861191426439,1.04711696010629,2015-08-09,NA
"Reff_ceara",33,0.486198664663165,0.614484830807759,0.703196913887361,0.794928661273509,1.00060899252494,2015-08-16,NA
"Reff_ceara",34,0.489019860368386,0.642752136928107,0.731399326505524,0.828080822647421,1.06836233617043,2015-08-23,NA
"Reff_ceara",35,0.518256754644493,0.679849414105702,0.781006162930979,0.88561388262788,1.19553354436506,2015-08-30,NA
"Reff_ceara",36,0.550124901541521,0.752453551027294,0.85479923163072,0.973083191530514,1.38887895331155,2015-09-06,NA
"Reff_ceara",37,0.626825857954415,0.814032798778448,0.913538216974443,1.03912637399613,1.4037049998728,2015-09-13,NA
"Reff_ceara",38,0.682824292369138,0.872357342282941,0.990503070951054,1.13281660271953,1.51042790599996,2015-09-20,NA
"Reff_ceara",39,0.754769249131237,0.965365638889074,1.09250311471612,1.23251687119776,1.53466106665645,2015-09-27,NA
"Reff_ceara",40,0.806825501209277,1.0382117418848,1.18342539855119,1.3496476029435,1.72769306485153,2015-10-04,NA
"Reff_ceara",41,0.859224923852432,1.10646199142302,1.26156827398215,1.44016690622769,1.85493946630631,2015-10-11,NA
"Reff_ceara",42,0.937766073253412,1.176033222761,1.33731579575354,1.50612297108308,2.0824620268083,2015-10-18,NA
"Reff_ceara",43,0.956337878677335,1.24714989320603,1.40580738131802,1.59087758589024,2.15982465693071,2015-10-25,NA
"Reff_ceara",44,1.04058445808342,1.32593732854688,1.5100565347027,1.71571536552081,2.25995488015328,2015-11-01,NA
"Reff_ceara",45,1.11164295048707,1.44184393057306,1.65170416200186,1.84856091994926,2.34218408399342,2015-11-08,NA
"Reff_ceara",46,1.22589697689117,1.55313398367592,1.73381538090182,1.9442954667954,2.48634392351109,2015-11-15,NA
"Reff_ceara",47,1.27886639502864,1.62522504554982,1.83436583618634,2.12487934142508,2.72851534150758,2015-11-22,NA
"Reff_ceara",48,1.43707312831451,1.77349560667651,1.99293149114924,2.29322429493444,3.04861022848098,2015-11-29,NA
"Reff_ceara",49,1.54895107323041,1.89536560982168,2.1165855984273,2.42872449158484,3.19609821383585,2015-12-06,NA
"Reff_ceara",50,1.58957620065848,1.94510522190073,2.16316277590291,2.44017952834541,3.22279374638213,2015-12-13,NA
"Reff_ceara",51,1.49305048458304,1.93493946161682,2.16512488607204,2.4502240808856,3.29184596708381,2015-12-20,NA
"Reff_ceara",52,1.51153962158324,1.97364605134373,2.25505212591241,2.51373045086503,3.30468057693631,2015-12-27,NA
"Reff_ceara",53,1.63238822831334,2.05241200147736,2.27496918213326,2.56035769511902,3.45613652238638,2016-01-03,NA
"Reff_ceara",54,1.66240166588819,2.07902869931746,2.34890173928085,2.61249741113394,3.25096534990247,2016-01-10,NA
"Reff_ceara",55,1.71654392998067,2.1412941170847,2.41306815966777,2.68723162434396,3.27766792668533,2016-01-17,NA
"Reff_ceara",56,1.76143021616985,2.16421393716626,2.44438587096228,2.71553552833868,3.36048628273932,2016-01-24,NA
"Reff_ceara",57,1.87045097757524,2.29240284537037,2.52654691075303,2.78737527440683,3.2177440284391,2016-01-31,NA
"Reff_ceara",58,1.81538177926537,2.25598610069588,2.48498156288841,2.74140996476592,3.34272388181676,2016-02-07,NA
"Reff_ceara",59,1.99139341114538,2.32411630406158,2.53076383226392,2.81164644311694,3.53430810747286,2016-02-14,NA
"Reff_ceara",60,2.189617978427,2.52284061752561,2.76411981185209,3.05060784311226,3.76090833579594,2016-02-21,NA
"Reff_ceara",61,2.30014671392916,2.68730827747537,2.93769581129952,3.18584198541245,3.95016274600555,2016-02-28,NA
"Reff_ceara",62,2.32897166283048,2.74333270363108,3.00351141177312,3.30745393323553,3.98781752490739,2016-03-06,NA
"Reff_ceara",63,2.26135453578523,2.70270840046009,2.9382185505429,3.19899686513542,3.88491549120708,2016-03-13,NA
"Reff_ceara",64,2.08471761870518,2.45390958429366,2.6857995828459,2.9501870869634,3.3977768725154,2016-03-20,NA
"Reff_ceara",65,1.81515634721306,2.34401460267918,2.56897910630181,2.8227636399433,3.32351544379162,2016-03-27,NA
"Reff_ceara",66,1.83905110755031,2.21671402001257,2.40268882054646,2.63548287706629,3.14313653162191,2016-04-03,NA
"Reff_ceara",67,1.81818024395458,2.15642811009905,2.37715724731378,2.61725159530757,3.09372986418687,2016-04-10,NA
"Reff_ceara",68,1.63902145106544,2.05795172184155,2.2821107022311,2.52005400459746,3.00001373231803,2016-04-17,NA
"Reff_ceara",69,1.6413254162097,1.98900962761819,2.21266941638221,2.43379541427438,2.94914920962575,2016-04-24,NA
"Reff_ceara",70,1.53183292768681,1.82757958151954,2.04465214043675,2.26822266565444,2.68551567539213,2016-05-01,NA
"Reff_ceara",71,1.25475564790757,1.5307367667247,1.7168692991711,1.9113614638131,2.28162779734745,2016-05-08,NA
"Reff_ceara",72,1.06789364230599,1.28058296166628,1.44045169103171,1.58834440526497,1.81635199155983,2016-05-15,NA
"Reff_ceara",73,0.905463715817434,1.07922479993556,1.18603364274161,1.29618683482687,1.54968233321252,2016-05-22,NA
"Reff_ceara",74,0.758343605829904,0.918747470029853,0.999951504068924,1.09924425190369,1.31938820414777,2016-05-29,NA
"Reff_ceara",75,0.6300929639153,0.7802526963905,0.85226516508154,0.926847204077197,1.1332677401762,2016-06-05,NA
"Reff_ceara",76,0.543501609128385,0.671166203308289,0.732126113342934,0.805601076642272,0.973753096193946,2016-06-12,NA
"Reff_ceara",77,0.508302495053298,0.618405039261898,0.685796739134267,0.762502506611321,0.941933424167035,2016-06-19,NA
"Reff_ceara",78,0.477311119352523,0.579948638714789,0.64361834490532,0.71033618777851,0.848295610542387,2016-06-26,NA
"Reff_ceara",79,0.457149498508273,0.565841320243975,0.628742692761303,0.693837570810359,0.812648958880066,2016-07-03,NA
"Reff_ceara",80,0.455539160204443,0.560093823378545,0.607886369096576,0.661351886746082,0.780668060068523,2016-07-10,NA
"Reff_ceara",81,0.46987156524691,0.556664224727801,0.605926149129385,0.662834786693084,0.79958862410696,2016-07-17,NA
"Reff_ceara",82,0.473946156003583,0.561852245656521,0.608073159324731,0.664968580898887,0.801289969266557,2016-07-24,NA
"Reff_ceara",83,0.467641557983786,0.559859425322041,0.610701606353204,0.66785382584899,0.796235873997753,2016-07-31,NA
"Reff_ceara",84,0.440821896957568,0.539215247672436,0.591653918653928,0.638951825841716,0.767219169175535,2016-08-07,NA
"Reff_ceara",85,0.451067040357473,0.537381306232703,0.592370351543322,0.64354662850925,0.770971397292019,2016-08-14,NA
"Reff_ceara",86,0.454816854377385,0.538486514220026,0.589026993533396,0.637125332993829,0.750699889632436,2016-08-21,NA
"Reff_ceara",87,0.444563251458797,0.525317966754206,0.580678905704582,0.639860156580165,0.744462073856022,2016-08-28,NA
"Reff_ceara",88,0.451147474730408,0.549658170259711,0.603504104568437,0.652270394865314,0.765001975488781,2016-09-04,NA
"Reff_ceara",89,0.502024739365829,0.605682040067714,0.658159749949302,0.719682051369757,0.856617439816055,2016-09-11,NA
"Reff_ceara",90,0.545361262459666,0.639343314605834,0.69275046350686,0.753248585095547,0.913600741768441,2016-09-18,NA
"Reff_ceara",91,0.62804838021826,0.730293019318599,0.798956973890271,0.865543973260468,1.01190703566557,2016-09-25,NA
"Reff_ceara",92,0.706038545480802,0.821451628924615,0.900483204840531,0.979184612280246,1.12033419122832,2016-10-02,NA
"Reff_ceara",93,0.736862156632237,0.864013232368414,0.944935418536664,1.02352344717439,1.1921391170436,2016-10-09,NA
"Reff_ceara",94,0.790933793766438,0.910688583542157,0.984366423908104,1.06653550854256,1.22946251561132,2016-10-16,NA
"Reff_ceara",95,0.828683062915868,0.975809387871156,1.06303452506818,1.14833765825313,1.3267676039002,2016-10-23,NA
"Reff_ceara",96,0.873941017995281,1.02110930537289,1.10065077318971,1.19441198995381,1.39121287875983,2016-10-30,NA
"Reff_ceara",97,0.896368020846789,1.05172276094187,1.14539994156911,1.25845026899588,1.50068388649947,2016-11-06,NA
"Reff_ceara",98,0.911369496580276,1.07572871748641,1.17050778512065,1.27263882303482,1.52569258891358,2016-11-13,NA
"Reff_ceara",99,0.888505444032519,1.03945713722206,1.12852302427415,1.22116980197334,1.42810594046483,2016-11-20,NA
"Reff_ceara",100,0.764066660083441,0.908579360406097,0.993481657415439,1.08831838059836,1.29153309536823,2016-11-27,NA
"Reff_ceara",101,0.695782826730206,0.842262515577491,0.924495785249062,1.00465500490036,1.17325087534494,2016-12-04,NA
"Reff_ceara",102,0.651062536554163,0.787547865889557,0.858747111279606,0.950635979850582,1.1087191589086,2016-12-11,NA
"Reff_ceara",103,0.673302124834189,0.802999766631543,0.875169332289922,0.956639542782297,1.12164050491452,2016-12-18,NA
"Reff_ceara",104,0.747828582704276,0.891110036725251,0.980425072099064,1.06237521816917,1.24756207626784,2016-12-25,NA
"Reff_ceara",105,0.865300836296324,1.00213579763616,1.08672149353285,1.20173281884772,1.43205962429417,2017-01-01,NA
"Reff_ceara",106,0.933102535298751,1.08791730614583,1.18881295455299,1.29039598672041,1.51981107464575,2017-01-08,NA
"Reff_ceara",107,1.04500047231599,1.22435657184055,1.34221166876149,1.47955507827355,1.8137251095446,2017-01-15,NA
"Reff_ceara",108,1.10458375142188,1.31439983671288,1.44804693551679,1.58261555268429,1.87681135814261,2017-01-22,NA
"Reff_ceara",109,1.23005176641719,1.43423704192334,1.57079627114447,1.74949372025927,2.1047430716809,2017-01-29,NA
"Reff_ceara",110,1.34326222226031,1.56819753501521,1.70166305312314,1.84236047435921,2.16158718147419,2017-02-05,NA
"Reff_ceara",111,1.37223758570113,1.66316045124419,1.81814095405707,1.98418075371789,2.2980559890511,2017-02-12,NA
"Reff_ceara",112,1.49858145234172,1.73659228419623,1.90465130921255,2.09766022449452,2.45828304643247,2017-02-19,NA
"Reff_ceara",113,1.62621559927578,1.89937046762748,2.06598660877788,2.25812588148365,2.62035019758791,2017-02-26,NA
"Reff_ceara",114,1.60904171657017,1.92975852363818,2.10569903569711,2.2960858214848,2.77199835897757,2017-03-05,NA
"Reff_ceara",115,1.61388068027408,1.93380286346911,2.10212488666572,2.26889866101109,2.62711162781468,2017-03-12,NA
"Reff_ceara",116,1.66637323819157,1.94672828317734,2.09215366776722,2.24880246050803,2.61209805485539,2017-03-19,NA
"Reff_ceara",117,1.63939548890731,1.87022212868267,1.99658979530083,2.16054316528065,2.53940205241171,2017-03-26,NA
"Reff_ceara",118,1.401290787201,1.70598366212068,1.85111776578307,2.00936561223488,2.31531665183017,2017-04-02,NA
"Reff_ceara",119,1.32250538915137,1.55303241280534,1.70310089667718,1.8467329406509,2.20274246415148,2017-04-09,NA
"Reff_ceara",120,1.18674163360243,1.37779708409181,1.49035807262924,1.63602641285653,1.86904899698112,2017-04-16,NA
"Reff_ceara",121,1.05757489879072,1.23566949207038,1.34637460593445,1.46530790679813,1.7255060251337,2017-04-23,NA
"Reff_ceara",122,0.948191460244298,1.09852757034278,1.20555074646006,1.30591755694562,1.48278630041345,2017-04-30,NA
"Reff_ceara",123,0.774507142772951,0.948941435872011,1.03466006168741,1.13528268692433,1.30338458912185,2017-05-07,NA
"Reff_ceara",124,0.726559036043009,0.844127082227666,0.922757706482453,1.00919958254224,1.20107625112826,2017-05-14,NA
"Reff_ceara",125,0.621252585159721,0.73220205102722,0.800051256538124,0.881961707495968,1.05882847526582,2017-05-21,NA
"Reff_ceara",126,0.566331390513899,0.684133058085794,0.739962351377736,0.807510428284191,0.952716430529427,2017-05-28,NA
"Reff_ceara",127,0.51690061927153,0.597810085152619,0.656358136081735,0.726679013353631,0.864923428424434,2017-06-04,NA
"Reff_ceara",128,0.476299307434734,0.569962052398319,0.627035250752798,0.681304956727615,0.824609853944061,2017-06-11,NA
"Reff_ceara",129,0.450271270616792,0.531393276895069,0.575199759841482,0.620774586916941,0.730825536674538,2017-06-18,NA
"Reff_ceara",130,0.42393100726495,0.496317899182328,0.537624173154061,0.584319257471677,0.707179566548641,2017-06-25,NA
"Reff_ceara",131,0.437184372707759,0.506498097892284,0.552059216904176,0.604234404380021,0.708846784438621,2017-07-02,NA
"Reff_ceara",132,0.423560960663988,0.487313370975705,0.53360281228236,0.579566467134735,0.69004903146276,2017-07-09,NA
"Reff_ceara",133,0.444045856864505,0.507056984288989,0.555531708472716,0.610699399710823,0.727329303582158,2017-07-16,NA
"Reff_ceara",134,0.412232180300485,0.493813679531868,0.538625513278658,0.585240232717489,0.681115063563239,2017-07-23,NA
"Reff_ceara",135,0.399082487468793,0.466935898840155,0.510939566543765,0.561030395321413,0.664655804016419,2017-07-30,NA
"Reff_ceara",136,0.388197539865139,0.454775564148396,0.498050283195838,0.551294726165332,0.64782441691643,2017-08-06,NA
"Reff_ceara",137,0.373763790130504,0.449509397158235,0.499046649461735,0.543427640470361,0.650824897149862,2017-08-13,NA
"Reff_ceara",138,0.371420328729905,0.439079011712021,0.479723677981082,0.531388922472185,0.632849518049369,2017-08-20,NA
"Reff_ceara",139,0.378129757711312,0.451213804392199,0.488509863819658,0.529625157809603,0.624866001483446,2017-08-27,NA
"Reff_ceara",140,0.405966654355808,0.468300147204951,0.508180821273224,0.55159780917649,0.655484046491808,2017-09-03,NA
"Reff_ceara",141,0.40970572390489,0.488340470741492,0.534913526985973,0.584739142122711,0.685534987826293,2017-09-10,NA
"Reff_ceara",142,0.44665317562494,0.51675569369636,0.558268362059654,0.607723703743195,0.70936465372455,2017-09-17,NA
"Reff_ceara",143,0.46216785132637,0.538643965678474,0.592517823125433,0.643341672355068,0.758766889635178,2017-09-24,NA
"Reff_ceara",144,0.508486386996006,0.588848136186126,0.646719839727535,0.699684405378109,0.837158765404327,2017-10-01,NA
"Reff_ceara",145,0.525912359087309,0.610035524694147,0.674791020494871,0.741568455384166,0.870628963823139,2017-10-08,NA
"Reff_ceara",146,0.555982225688943,0.662824101663139,0.723753358676127,0.790014617844784,0.951579810731351,2017-10-15,NA
"Reff_ceara",147,0.597418141459862,0.706139066215529,0.760512924048782,0.83535949864225,0.989002936438242,2017-10-22,NA
"Reff_ceara",148,0.630341246913597,0.748704475807382,0.81103732216075,0.876623374414121,1.05552772621871,2017-10-29,NA
"Reff_ceara",149,0.663578648561569,0.772580522146609,0.83742955341226,0.915621855673728,1.07052971916018,2017-11-05,NA
"Reff_ceara",150,0.632305820031317,0.776967912020385,0.850212185968675,0.922935192592039,1.07233142557489,2017-11-12,NA
"Reff_ceara",151,0.621043651531335,0.73932812469128,0.808142451789644,0.889687598871068,1.00930292188133,2017-11-19,NA
"Reff_ceara",152,0.661746393897657,0.776877950660089,0.84844386137841,0.923709427927855,1.08796119561248,2017-11-26,NA
"Reff_ceara",153,0.680220487108267,0.800771567231468,0.882764355454523,0.963384159361134,1.17045972118375,2017-12-03,NA
"Reff_ceara",154,0.669752201805678,0.807130467889959,0.885783313769484,0.96952146320685,1.17528397419052,2017-12-10,NA
"Reff_ceara",155,0.68473665533468,0.819444419818307,0.890135757529817,0.973518658487246,1.16361648334318,2017-12-17,NA
"Reff_ceara",156,0.73355345890423,0.88281294360334,0.956209975282966,1.03475510116124,1.21454719790809,2017-12-24,NA
"Reff_ceara",157,0.814686124041011,0.963180277435799,1.06149400828925,1.14992937973504,1.37221244830942,2017-12-31,NA
"Reff_ceara",158,0.879012640279963,1.03915156023541,1.12698147941946,1.221254347391,1.46539737337467,2018-01-07,NA
"Reff_ceara",159,0.932315962097762,1.09295234510222,1.18985031181072,1.28565393954839,1.54606399347701,2018-01-14,NA
"Reff_ceara",160,0.953241124454447,1.14163007664152,1.24126318844993,1.34442527500876,1.6169026207622,2018-01-21,NA
"Reff_ceara",161,0.945363320189251,1.13812047669194,1.25057677014339,1.37730771336855,1.65882669235023,2018-01-28,NA
"Reff_ceara",162,1.00564419849468,1.16715304977645,1.26906735760529,1.39456159301567,1.63574070198267,2018-02-04,NA
"Reff_ceara",163,0.991522144449194,1.20221149137136,1.32932509581979,1.44703578985987,1.74995321445087,2018-02-11,NA
"Reff_ceara",164,1.0250551071589,1.19197922070244,1.30220202004787,1.42373820075506,1.68669198824369,2018-02-18,NA
"Reff_ceara",165,0.99004456911375,1.14296279812487,1.25169813180951,1.38404914026657,1.64873393885674,2018-02-25,NA
"Reff_ceara",166,0.904238514817737,1.05539821019931,1.13899191123824,1.24323478052383,1.43426511745407,2018-03-04,NA
"Reff_ceara",167,0.794531642942732,0.968180702695312,1.06016327367293,1.14831049561246,1.35787045098221,2018-03-11,NA
"Reff_ceara",168,0.731131219567594,0.902240388217265,0.983734044349055,1.07352863148874,1.29831666541905,2018-03-18,NA
"Reff_ceara",169,0.691660518854525,0.868743777198556,0.961976245347765,1.06760362409779,1.24036029110728,2018-03-25,NA
"Reff_ceara",170,0.732919102706928,0.855319381668806,0.923932162968189,0.993058628049852,1.19730808024217,2018-04-01,NA
"Reff_ceara",171,0.711139121796761,0.83144631625367,0.897852405104192,0.970528939534865,1.11288049631976,2018-04-08,NA
"Reff_ceara",172,0.634800437340239,0.761639687165766,0.837116321185134,0.916665403436219,1.10360892595764,2018-04-15,NA
"Reff_ceara",173,0.543050578380682,0.664795937791142,0.739140304708248,0.805162209145664,0.991814479767022,2018-04-22,NA
"Reff_ceara",174,0.572389553401673,0.684339783818839,0.745563710670268,0.809558140753554,0.948992801394058,2018-04-29,NA
"Reff_ceara",175,0.524859378170429,0.649986685502213,0.714229464796936,0.789143134492675,0.922347803011927,2018-05-06,NA
"Reff_ceara",176,0.567508992771836,0.689714608684611,0.758829021501506,0.815112476106267,0.96937024526528,2018-05-13,NA
"Reff_ceara",177,0.608123656036882,0.717303830130028,0.792442305087871,0.865785857621382,1.02318048155738,2018-05-20,NA
"Reff_ceara",178,0.623316089931588,0.726194709790854,0.802763648028079,0.889026760954302,1.05660781535482,2018-05-27,NA
"Reff_ceara",179,0.595825691429398,0.722397929731073,0.790476831271979,0.872448047151958,1.07535058370102,2018-06-03,NA
"Reff_ceara",180,0.613726396744355,0.743157677481006,0.809644740407608,0.880890452793759,1.03023671887758,2018-06-10,NA
"Reff_ceara",181,0.642250732217494,0.766348091058816,0.851905800319358,0.936094893711739,1.11610931144464,2018-06-17,NA
"Reff_ceara",182,0.632006939198331,0.755247368668016,0.850612576431807,0.937802603549595,1.14276036585046,2018-06-24,NA
"Reff_ceara",183,0.684354117039573,0.786522981428708,0.861031856764525,0.950232964313045,1.15189909067901,2018-07-01,NA
"Reff_ceara",184,0.663222374996026,0.784285684944654,0.852006259658305,0.932372975015882,1.0952967097952,2018-07-08,NA
"Reff_ceara",185,0.66569691719419,0.777014977777722,0.857914348604118,0.934882889033024,1.07677086197429,2018-07-15,NA
"Reff_ceara",186,0.67410346502069,0.801203363488285,0.8792180201964,0.95664132656247,1.11681211557683,2018-07-22,NA
"Reff_ceara",187,0.627372396480158,0.782657810198638,0.848533038098239,0.920409155245809,1.08872750152781,2018-07-29,NA
"Reff_ceara",188,0.639579569048718,0.754834303527698,0.825530500740743,0.909827972916849,1.07803028629639,2018-08-05,NA
"Reff_ceara",189,0.64138136491261,0.75150254842522,0.825463857734649,0.896240201478086,1.06803768807721,2018-08-12,NA
"Reff_ceara",190,0.631605278208178,0.757732875600759,0.824188434605273,0.915912054099,1.10413488388969,2018-08-19,NA
"Reff_ceara",191,0.631476651582956,0.756998555708782,0.831446744644248,0.90669375163769,1.05803032216458,2018-08-26,NA
"Reff_ceara",192,0.616867805928342,0.755604507540795,0.834390212922287,0.903417290945688,1.08877661413663,2018-09-02,NA
"Reff_ceara",193,0.586243290403907,0.718589136679686,0.789066721519987,0.860897879366082,1.02583331166961,2018-09-09,NA
"Reff_ceara",194,0.597331572909585,0.71408892168056,0.777076595833152,0.866099647835467,1.05168302156121,2018-09-16,NA
"Reff_ceara",195,0.599675505393612,0.733645365562517,0.814609793028105,0.897992645103686,1.07019890364592,2018-09-23,NA
"Reff_ceara",196,0.630526848643177,0.7541722065353,0.832013211970617,0.923704046301366,1.07198574620505,2018-09-30,NA
"Reff_ceara",197,0.684201248621989,0.817447994214196,0.900054297380368,0.984369364085927,1.14212628814335,2018-10-07,NA
"Reff_ceara",198,0.721436004929101,0.866931164318047,0.946921996790564,1.05390707258959,1.28110454008182,2018-10-14,NA
"Reff_ceara",199,0.732447008288337,0.900156676539638,0.991950992980043,1.09861799782374,1.35088766733413,2018-10-21,NA
"Reff_ceara",200,0.791625389389927,0.922025853113846,0.995595873090953,1.09262845282027,1.33325801873309,2018-10-28,NA
"Reff_ceara",201,0.711952557260594,0.873435160178586,0.95408510788654,1.04805356863542,1.27297943245578,2018-11-04,NA
"Reff_ceara",202,0.735325184369361,0.867341105334973,0.947608097157584,1.03172512665352,1.23083998111616,2018-11-11,NA
"Reff_ceara",203,0.722422422948192,0.871063925167526,0.960720646751229,1.06467364904317,1.28143848462119,2018-11-18,NA
"Reff_ceara",204,0.69029658361747,0.849252365567358,0.96688320669424,1.08287560461396,1.29653016177975,2018-11-25,NA
"Reff_ceara",205,0.705487498493359,0.873378783264554,0.965820842836252,1.07026652357722,1.26432490095673,2018-12-02,NA
"Reff_ceara",206,0.742039219546972,0.913505203416098,1.01052861143202,1.10189678703417,1.31647520623794,2018-12-09,NA
"Reff_ceara",207,0.790497226065373,0.953102005764863,1.04660353600905,1.14230002098863,1.3660712684155,2018-12-16,NA
"Reff_ceara",208,0.841563691861119,1.03769543492933,1.13665954387987,1.25250754750771,1.48657456211718,2018-12-23,NA
"Reff_ceara",209,0.917935995563662,1.11589747692556,1.23825759998218,1.37715610706679,1.60996494981933,2018-12-30,NA
"Reff_ceara",210,1.00664788198967,1.20562069395949,1.31567034033844,1.44363868498739,1.73326708226059,2019-01-06,NA
"Reff_ceara",211,1.12167549893031,1.29452376062416,1.40785357485099,1.52804473640807,1.82532701410889,2019-01-13,NA
"Reff_ceara",212,1.04987180799196,1.23715070363372,1.3615899923789,1.4938158480866,1.79029368374189,2019-01-20,NA
"Reff_ceara",213,1.05054989890656,1.21207404403282,1.32785785389981,1.4791158390105,1.76671464693377,2019-01-27,NA
"Reff_ceara",214,0.990138421668063,1.19021841810987,1.29920068243218,1.43917454743469,1.71465074641202,2019-02-03,NA
"Reff_ceara",215,1.05398400243572,1.21339321046187,1.33390384504553,1.4643061719412,1.72615889576129,2019-02-10,NA
"Reff_ceara",216,0.992347484645995,1.17153616846696,1.27375400915308,1.40028171743067,1.64986297102172,2019-02-17,NA
"Reff_ceara",217,0.945854769399689,1.12852476514259,1.23496469344933,1.3449672982448,1.62706127154122,2019-02-24,NA
"Reff_ceara",218,0.981619882759515,1.16524190888483,1.29972701656749,1.43745641436944,1.79318611908353,2019-03-03,NA
"Reff_ceara",219,0.898286661568442,1.12222592932506,1.23320496389604,1.38409152549173,1.64257229988708,2019-03-10,NA
"Reff_ceara",220,0.952728074425465,1.12596782431557,1.23057597124781,1.35870782301055,1.62277753266723,2019-03-17,NA
"Reff_ceara",221,0.951225719371312,1.14617603680363,1.2645506126907,1.37615360263043,1.61000477960975,2019-03-24,NA
"Reff_ceara",222,0.977892597757148,1.17148929244133,1.28863986818554,1.42584875185207,1.71758905098092,2019-03-31,NA
"Reff_ceara",223,0.961076704868659,1.14631442990594,1.27407777053215,1.40372388872644,1.70555473072441,2019-04-07,NA
"Reff_ceara",224,0.961109937382096,1.11884137313037,1.22171982590404,1.34256838893353,1.55570765545383,2019-04-14,NA
"Reff_ceara",225,0.890125156877654,1.06159140626706,1.16631991123444,1.28680043199164,1.55210659005713,2019-04-21,NA
"Reff_ceara",226,0.88820716256753,1.04450654101209,1.13969253790059,1.24566327992839,1.46653094734609,2019-04-28,NA
"Reff_ceara",227,0.835320218758108,0.986089094730158,1.08638884924415,1.18587139412719,1.40131890398367,2019-05-05,NA
"Reff_ceara",228,0.792194638227994,0.931032928366514,1.01762910658117,1.11521422587977,1.32401291238089,2019-05-12,NA
"Reff_ceara",229,0.711291287927827,0.864624827635948,0.958922731125611,1.05568905372864,1.28248675316473,2019-05-19,NA
"Reff_ceara",230,0.667930890805496,0.802098704595246,0.869809299709386,0.957884726675819,1.16336084158708,2019-05-26,NA
"Reff_ceara",231,0.613905922003239,0.748983528064754,0.816727789377575,0.894683434630221,1.05596042826222,2019-06-02,NA
"Reff_ceara",232,0.611334264576526,0.712941988298552,0.774814747706288,0.857280133947771,1.05547899537754,2019-06-09,NA
"Reff_ceara",233,0.56614875166809,0.679875787979593,0.74284705401369,0.813158952724236,0.998923648682864,2019-06-16,NA
"Reff_ceara",234,0.503375599684551,0.606761331698179,0.67206469402738,0.740014600678181,0.858699658537256,2019-06-23,NA
"Reff_ceara",235,0.492517182117418,0.587014321119081,0.646169107907668,0.711209753593878,0.849773307438007,2019-06-30,NA
"Reff_ceara",236,0.469328901820001,0.57921964564006,0.637121083027514,0.712105605404189,0.834467144163528,2019-07-07,NA
"Reff_ceara",237,0.494899985315917,0.613620863826149,0.684359137305271,0.74707895252126,0.913104910498618,2019-07-14,NA
"Reff_ceara",238,0.545640792256164,0.667753739282391,0.741901494029365,0.820970721287127,0.987366787753605,2019-07-21,NA
"Reff_ceara",239,0.60914795616286,0.725112649136635,0.802214282663423,0.875778383082829,1.02693729385496,2019-07-28,NA
"Reff_ceara",240,0.640574030945527,0.777034646756387,0.840306549684035,0.920239196837082,1.09263887897849,2019-08-04,NA
"Reff_ceara",241,0.693786397062135,0.821133412492758,0.896073568347149,0.974725075775544,1.15837012581865,2019-08-11,NA
"Reff_ceara",242,0.72818083237558,0.874887603881058,0.951274385233132,1.04491666613486,1.27474063936237,2019-08-18,NA
"Reff_ceara",243,0.674232849804033,0.819932333903816,0.904687214924203,0.994373195941616,1.1865226606835,2019-08-25,NA
"Reff_ceara",244,0.679502035868283,0.808641246150472,0.870263777092722,0.950217146648886,1.14146442142884,2019-09-01,NA
"Reff_ceara",245,0.69098478375351,0.796781997238146,0.875217733214123,0.963420764686373,1.15323423355129,2019-09-08,NA
"Reff_ceara",246,0.682465397311699,0.80744498347098,0.880748958288636,0.975284354223505,1.14774816097199,2019-09-15,NA
"Reff_ceara",247,0.69682790215912,0.829779907231558,0.913203023148072,1.00546683183903,1.20284545582603,2019-09-22,NA
"Reff_ceara",248,0.66171077172356,0.804773589275153,0.886859502861526,0.979153182865042,1.19455152113137,2019-09-29,NA
"Reff_ceara",249,0.66077358109042,0.787572523209842,0.86670762297066,0.956369049177491,1.15141265713973,2019-10-06,NA
"Reff_ceara",250,0.591219651236361,0.728715706347447,0.805221143359108,0.897830491529197,1.09038985955442,2019-10-13,NA
"Reff_ceara",251,0.570879739991531,0.713663051106966,0.779485250262628,0.852977635841919,1.04307681765339,2019-10-20,NA
"Reff_ceara",252,0.565605801019826,0.699753761724401,0.771524834652755,0.850567404415196,1.03732230714524,2019-10-27,NA
"Reff_ceara",253,0.581800707981696,0.699226399869037,0.771669520248872,0.85900473883483,1.0487864662073,2019-11-03,NA
"Reff_ceara",254,0.584997283651435,0.722144633698825,0.800070285498273,0.883696088110075,1.10859948068408,2019-11-10,NA
"Reff_ceara",255,0.631215177480816,0.74480010674447,0.816833349494831,0.901373508253419,1.07743006073753,2019-11-17,NA
"Reff_ceara",256,0.599309116187267,0.736816890600976,0.818981727191122,0.903656406933104,1.09472771308382,2019-11-24,NA
"Reff_ceara",257,0.602973677444162,0.739833432145356,0.831493561799424,0.933572146985222,1.17717182784885,2019-12-01,NA
"Reff_ceara",258,0.576377217908473,0.722234132363541,0.805278886496114,0.898167831744958,1.12475383586193,2019-12-08,NA
"Reff_ceara",259,0.539794253158092,0.693300400007124,0.798571838551305,0.906688838003023,1.13624706480494,2019-12-15,NA
"Reff_ceara",260,0.518768897366997,0.707346238677726,0.825406901025179,0.956098433797103,1.24591191716406,2019-12-22,NA
"Reff_ceara",261,0.512572288678334,0.722153483437384,0.854801903498773,0.995782181398374,1.36520533674342,2019-12-29,NA
"susceptible_prop",1,1,1,1,1,1,2015-01-04,"Fortaleza"
"susceptible_prop",2,0.999996219388827,0.999998196846145,0.999998757833605,0.999999097817089,0.999999548478751,2015-01-11,"Fortaleza"
"susceptible_prop",3,0.999992440390904,0.99999639445816,0.999997516194111,0.999998196016557,0.999999097148671,2015-01-18,"Fortaleza"
"susceptible_prop",4,0.99998866293533,0.999994592802234,0.999996275058225,0.999997294581489,0.999998646001293,2015-01-25,"Fortaleza"
"susceptible_prop",5,0.999984887155367,0.999992791941929,0.999995034469735,0.999996393543688,0.999998195052535,2015-02-01,"Fortaleza"
"susceptible_prop",6,0.999981112694507,0.999990991707213,0.999993794311509,0.999995492818081,0.999997744259819,2015-02-08,"Fortaleza"
"susceptible_prop",7,0.999977340848524,0.999989192716106,0.999992555009295,0.999994592713888,0.999997293777905,2015-02-15,"Fortaleza"
"susceptible_prop",8,0.999973568899884,0.999987393672487,0.999991315670212,0.999993692582611,0.999996843282233,2015-02-22,"Fortaleza"
"susceptible_prop",9,0.999969800063308,0.999985596109619,0.999990077350504,0.999992793191401,0.999996393156744,2015-03-01,"Fortaleza"
"susceptible_prop",10,0.999965639744687,0.999983013763282,0.999987946396739,0.999991367863062,0.999995435368979,2015-03-08,"Fortaleza"
"susceptible_prop",11,0.999961300225955,0.999979944524144,0.999985641610873,0.999989596431614,0.999994522286589,2015-03-15,"Fortaleza"
"susceptible_prop",12,0.999956641079649,0.999976645997836,0.999982795252534,0.999987265718939,0.999992982947786,2015-03-22,"Fortaleza"
"susceptible_prop",13,0.999951052143753,0.999972980099003,0.999979556747325,0.999984649531803,0.999991316342856,2015-03-29,"Fortaleza"
"susceptible_prop",14,0.999945149747335,0.999968528137658,0.999976083770007,0.999981820967461,0.999989405730472,2015-04-05,"Fortaleza"
"susceptible_prop",15,0.99993758664135,0.999964083008897,0.999972083047764,0.99997851905163,0.999987480826971,2015-04-12,"Fortaleza"
"susceptible_prop",16,0.999931597016208,0.999959110367059,0.999967937232239,0.999974868523984,0.999985280851352,2015-04-19,"Fortaleza"
"susceptible_prop",17,0.999923371056927,0.999954232311112,0.999963571531988,0.999971215450551,0.999982867292501,2015-04-26,"Fortaleza"
"susceptible_prop",18,0.999916045413325,0.99994913907641,0.999959571488861,0.999967953687111,0.999980698598504,2015-05-03,"Fortaleza"
"susceptible_prop",19,0.99990961640284,0.999944831059462,0.999955839828874,0.999964632297476,0.999978118165343,2015-05-10,"Fortaleza"
"susceptible_prop",20,0.999902338111712,0.999940347332463,0.999952659756649,0.999961881508068,0.999975690653033,2015-05-17,"Fortaleza"
"susceptible_prop",21,0.999897332611776,0.999936422038393,0.999949265649168,0.999959160937475,0.999974214674361,2015-05-24,"Fortaleza"
"susceptible_prop",22,0.99989301566937,0.999933710376196,0.999946675402113,0.999957131935122,0.999972365855572,2015-05-31,"Fortaleza"
"susceptible_prop",23,0.99989032994885,0.999931587233685,0.999944780234042,0.999955242150084,0.999970716664452,2015-06-07,"Fortaleza"
"susceptible_prop",24,0.999886872528309,0.999929651768636,0.999943005574003,0.999953582079557,0.999969447126664,2015-06-14,"Fortaleza"
"susceptible_prop",25,0.999884251166939,0.999927676410158,0.999941609356633,0.999952187279838,0.999968643375319,2015-06-21,"Fortaleza"
"susceptible_prop",26,0.99988284042971,0.999926633011077,0.999940272544752,0.999951021706607,0.999967791474717,2015-06-28,"Fortaleza"
"susceptible_prop",27,0.999881878702625,0.999925338717349,0.999939181667741,0.999950331281165,0.999967156567298,2015-07-05,"Fortaleza"
"susceptible_prop",28,0.999880539645451,0.999924144989819,0.999938516924345,0.9999497456597,0.999966755325383,2015-07-12,"Fortaleza"
"susceptible_prop",29,0.999878884869695,0.999923629668236,0.999937901002356,0.999949248016345,0.999966282878247,2015-07-19,"Fortaleza"
"susceptible_prop",30,0.999878190434241,0.999922994489955,0.999937430941526,0.999948657063769,0.999965894529663,2015-07-26,"Fortaleza"
"susceptible_prop",31,0.999877748402074,0.999922061035396,0.999936892412265,0.999948354883942,0.999965551049857,2015-08-02,"Fortaleza"
"susceptible_prop",32,0.999877370179874,0.999921604749787,0.999936494170995,0.999948125639051,0.999965289545504,2015-08-09,"Fortaleza"
"susceptible_prop",33,0.999877024439285,0.999921384417342,0.999936035724188,0.999947806071824,0.999965076672746,2015-08-16,"Fortaleza"
"susceptible_prop",34,0.999876744595007,0.999921023752472,0.999935668260941,0.999947598592533,0.999964843188394,2015-08-23,"Fortaleza"
"susceptible_prop",35,0.999876510509286,0.999920605266089,0.999935326941913,0.999947324428686,0.999964654492198,2015-08-30,"Fortaleza"
"susceptible_prop",36,0.999876134530099,0.999920170474179,0.999935104489796,0.999947132370343,0.999964484454841,2015-09-06,"Fortaleza"
"susceptible_prop",37,0.999875741431396,0.99992001664745,0.999934778276292,0.999946868364326,0.999964384070637,2015-09-13,"Fortaleza"
"susceptible_prop",38,0.999874968832535,0.999919758003722,0.999934523379154,0.999946628180211,0.999964287515877,2015-09-20,"Fortaleza"
"susceptible_prop",39,0.999874259468043,0.999919217460211,0.999934095476294,0.999946371700341,0.999964142582539,2015-09-27,"Fortaleza"
"susceptible_prop",40,0.999873468519273,0.999918893343134,0.999933701281035,0.999946184942133,0.999963987574322,2015-10-04,"Fortaleza"
"susceptible_prop",41,0.999872995129173,0.99991843295652,0.999933351512793,0.999945883621571,0.9999637837574,2015-10-11,"Fortaleza"
"susceptible_prop",42,0.999872298736965,0.999918081498396,0.999933087825932,0.999945554625947,0.999963511592917,2015-10-18,"Fortaleza"
"susceptible_prop",43,0.999871898615236,0.999917571353483,0.99993261136706,0.999945121672572,0.999963256038229,2015-10-25,"Fortaleza"
"susceptible_prop",44,0.999871429246258,0.999916923992983,0.999931935810635,0.999944670509819,0.999962921665748,2015-11-01,"Fortaleza"
"susceptible_prop",45,0.999870891161652,0.999916112388427,0.999931303250188,0.999944040652813,0.999962552052763,2015-11-08,"Fortaleza"
"susceptible_prop",46,0.999870093042769,0.999915164322182,0.999930669188094,0.999943301087987,0.999962122762174,2015-11-15,"Fortaleza"
"susceptible_prop",47,0.999869110382702,0.999914005483424,0.999929817421749,0.999942430981063,0.999961453063121,2015-11-22,"Fortaleza"
"susceptible_prop",48,0.99986685783592,0.999912096089416,0.999928427884279,0.999940820862456,0.999960290662912,2015-11-29,"Fortaleza"
"susceptible_prop",49,0.999862871816369,0.999909944557584,0.999926756057736,0.99993860026753,0.999959130901798,2015-12-06,"Fortaleza"
"susceptible_prop",50,0.999859735432451,0.999907033955765,0.999923479679877,0.999936177130103,0.99995751363324,2015-12-13,"Fortaleza"
"susceptible_prop",51,0.999852446808135,0.999902927900841,0.999919864621711,0.999932863111864,0.999953951877268,2015-12-20,"Fortaleza"
"susceptible_prop",52,0.999845376558367,0.999896959582269,0.999914446588069,0.999927570309227,0.999949129261946,2015-12-27,"Fortaleza"
"susceptible_prop",53,0.999833070676976,0.999887978412554,0.999906370692261,0.999920645085949,0.999943266972355,2016-01-03,"Fortaleza"
"susceptible_prop",54,0.999814335343124,0.999875085223549,0.999894759204574,0.999910457422763,0.999934951986374,2016-01-10,"Fortaleza"
"susceptible_prop",55,0.999786185969424,0.999854788441419,0.999879734279559,0.999895454464953,0.999921272421115,2016-01-17,"Fortaleza"
"susceptible_prop",56,0.999750103256516,0.999825648331046,0.999855555164613,0.999873598306428,0.999902313146133,2016-01-24,"Fortaleza"
"susceptible_prop",57,0.99969103475776,0.999781841904126,0.999819279901793,0.999841215598215,0.999874556107031,2016-01-31,"Fortaleza"
"susceptible_prop",58,0.999602353379626,0.999714658183692,0.999765986822529,0.999791960671694,0.999835959706776,2016-02-07,"Fortaleza"
"susceptible_prop",59,0.999454498889755,0.999612599164645,0.999686886986324,0.999721283952584,0.999777146530724,2016-02-14,"Fortaleza"
"susceptible_prop",60,0.999221032565976,0.999450304425611,0.999560857781427,0.999616446623938,0.999692721671271,2016-02-21,"Fortaleza"
"susceptible_prop",61,0.998817726053473,0.999187906671521,0.999363231685393,0.999445527705023,0.999549643128267,2016-02-28,"Fortaleza"
"susceptible_prop",62,0.99814306357048,0.998772575890948,0.999022595196407,0.999160309538763,0.999323794077778,2016-03-06,"Fortaleza"
"susceptible_prop",63,0.997044015196149,0.998063824839773,0.99848964588369,0.998686481595831,0.998933253999976,2016-03-13,"Fortaleza"
"susceptible_prop",64,0.995239126389184,0.99694383768326,0.997633844823008,0.997935256968936,0.998329229030497,2016-03-20,"Fortaleza"
"susceptible_prop",65,0.99253917449269,0.995331771861,0.996349197704921,0.996843233846577,0.997417943975112,2016-03-27,"Fortaleza"
"susceptible_prop",66,0.988672829710299,0.992847954305166,0.994430853467942,0.995111426039661,0.99602145304087,2016-04-03,"Fortaleza"
"susceptible_prop",67,0.98391644264324,0.989344554772802,0.991575650865971,0.992637322796664,0.994063587722443,2016-04-10,"Fortaleza"
"susceptible_prop",68,0.976864766910126,0.984263039698778,0.98724678034777,0.988941746736979,0.991059222548731,2016-04-17,"Fortaleza"
"susceptible_prop",69,0.968282001630032,0.977336013277265,0.981051544441172,0.983564022585382,0.986741571912605,2016-04-24,"Fortaleza"
"susceptible_prop",70,0.956189690685721,0.96768720874646,0.97217733098029,0.975846085667905,0.980448663320252,2016-05-01,"Fortaleza"
"susceptible_prop",71,0.942204100237167,0.955146163704664,0.960687056400272,0.965558057459268,0.972027665716428,2016-05-08,"Fortaleza"
"susceptible_prop",72,0.927200882952415,0.940931268880514,0.947515386254174,0.953239351881784,0.961609860293243,2016-05-15,"Fortaleza"
"susceptible_prop",73,0.911039644378099,0.925834986198949,0.933065789771887,0.939837926006125,0.950169303746816,2016-05-22,"Fortaleza"
"susceptible_prop",74,0.894171456968505,0.910756393577222,0.918635826218311,0.926654601098805,0.939032574822237,2016-05-29,"Fortaleza"
"susceptible_prop",75,0.878062032764586,0.896781077611648,0.905617852613741,0.913837684769236,0.928531111883238,2016-06-05,"Fortaleza"
"susceptible_prop",76,0.864755151023353,0.884236291050535,0.893928139480219,0.902714978737188,0.918860694356617,2016-06-12,"Fortaleza"
"susceptible_prop",77,0.85355555141989,0.873988054998849,0.884489719499722,0.893175656162291,0.910923859557023,2016-06-19,"Fortaleza"
"susceptible_prop",78,0.844646467158202,0.865225383526649,0.87624984482831,0.885410415034632,0.903566719892495,2016-06-26,"Fortaleza"
"susceptible_prop",79,0.837100199410759,0.858249608907013,0.869272268562874,0.879037263154249,0.897818110861181,2016-07-03,"Fortaleza"
"susceptible_prop",80,0.831737810066522,0.852350138006376,0.863992974625104,0.873893279469592,0.892785880676454,2016-07-10,"Fortaleza"
"susceptible_prop",81,0.826488119399133,0.84755822527514,0.859757385673847,0.869539252332499,0.889076492758563,2016-07-17,"Fortaleza"
"susceptible_prop",82,0.822329144236845,0.843338145393155,0.856039862793705,0.86628072531829,0.886310735902893,2016-07-24,"Fortaleza"
"susceptible_prop",83,0.819126069903529,0.839859912003888,0.853076391395145,0.863234188981891,0.883808665370267,2016-07-31,"Fortaleza"
"susceptible_prop",84,0.815910516697151,0.837153424984442,0.850476531070913,0.860883133018281,0.881784504144985,2016-08-07,"Fortaleza"
"susceptible_prop",85,0.813763675713453,0.835096916255732,0.848551434559864,0.858972463915424,0.880183497435426,2016-08-14,"Fortaleza"
"susceptible_prop",86,0.811963723555776,0.833542465925916,0.846796363437534,0.857561740244343,0.878461185339209,2016-08-21,"Fortaleza"
"susceptible_prop",87,0.810775089956813,0.832186308592178,0.84540258445383,0.856339558435116,0.877062986869712,2016-08-28,"Fortaleza"
"susceptible_prop",88,0.809438504866906,0.831238145580667,0.844312914957732,0.855301313387488,0.875833571668813,2016-09-04,"Fortaleza"
"susceptible_prop",89,0.808353879073811,0.830393619557284,0.843494007494507,0.854477823391331,0.875087164675925,2016-09-11,"Fortaleza"
"susceptible_prop",90,0.807495903814149,0.829621501840608,0.842696912886495,0.853761944089579,0.874338751843109,2016-09-18,"Fortaleza"
"susceptible_prop",91,0.806840135174044,0.828994675810654,0.84199465746151,0.853160264184603,0.873629851241611,2016-09-25,"Fortaleza"
"susceptible_prop",92,0.806069645586589,0.828368754481079,0.84138936457968,0.852548470068061,0.8730012255354,2016-10-02,"Fortaleza"
"susceptible_prop",93,0.805282230768982,0.827732588560857,0.840734557146205,0.851940648265957,0.872481524432273,2016-10-09,"Fortaleza"
"susceptible_prop",94,0.804738299502323,0.827130944930493,0.84011224550863,0.8513787106186,0.871969884283504,2016-10-16,"Fortaleza"
"susceptible_prop",95,0.804182858633182,0.826497747461241,0.839465112873213,0.850731850492641,0.871322311179138,2016-10-23,"Fortaleza"
"susceptible_prop",96,0.803591359011289,0.825881189394351,0.838928662630062,0.850152553870853,0.870586906159,2016-10-30,"Fortaleza"
"susceptible_prop",97,0.802751895952637,0.825279944103068,0.838250293896076,0.849466791318336,0.869928265342556,2016-11-06,"Fortaleza"
"susceptible_prop",98,0.801915162109665,0.824603289317584,0.837543287790259,0.84863046886052,0.869382113924621,2016-11-13,"Fortaleza"
"susceptible_prop",99,0.800956200202406,0.823792347089078,0.836796683740725,0.847887820478827,0.868736796024793,2016-11-20,"Fortaleza"
"susceptible_prop",100,0.800218089475392,0.823043332685677,0.836017839264308,0.847186107601743,0.868019898147605,2016-11-27,"Fortaleza"
"susceptible_prop",101,0.799376368124048,0.822427707754298,0.835080655736801,0.846589578954214,0.867517983374216,2016-12-04,"Fortaleza"
"susceptible_prop",102,0.798534239849208,0.82179493293606,0.834465248721906,0.845945442128083,0.866857538034961,2016-12-11,"Fortaleza"
"susceptible_prop",103,0.797737434482696,0.821197048691597,0.833680026038136,0.845354117831614,0.866328103324679,2016-12-18,"Fortaleza"
"susceptible_prop",104,0.797201104432239,0.820658482783727,0.83306941008725,0.844817352813288,0.865706025086149,2016-12-25,"Fortaleza"
"susceptible_prop",105,0.796605847147352,0.820052083402961,0.832560466565308,0.84418963202737,0.865263602571014,2017-01-01,"Fortaleza"
"susceptible_prop",106,0.796033611958581,0.819360343736543,0.831981890502329,0.843475808466066,0.86447734636559,2017-01-08,"Fortaleza"
"susceptible_prop",107,0.79534417358906,0.818572551435454,0.831258676783595,0.84260020795871,0.863686632953224,2017-01-15,"Fortaleza"
"susceptible_prop",108,0.794551031255876,0.8176525061512,0.83044276755682,0.841712921053043,0.862701629151315,2017-01-22,"Fortaleza"
"susceptible_prop",109,0.793564673406657,0.816325226190223,0.829483583579371,0.840751500176272,0.861687115333406,2017-01-29,"Fortaleza"
"susceptible_prop",110,0.792234305089046,0.815045975305176,0.828185635573141,0.839686058827407,0.860387697786993,2017-02-05,"Fortaleza"
"susceptible_prop",111,0.790674688433856,0.813391041040653,0.826467036304261,0.838031819465219,0.85863906002413,2017-02-12,"Fortaleza"
"susceptible_prop",112,0.788425958922537,0.811500127484036,0.824276154433244,0.835675036172933,0.856901751961095,2017-02-19,"Fortaleza"
"susceptible_prop",113,0.785636356442564,0.808271610681054,0.821451751331528,0.832820811904492,0.85383394753702,2017-02-26,"Fortaleza"
"susceptible_prop",114,0.781793408684939,0.80438099392376,0.817650632682494,0.828987812079855,0.849769925616116,2017-03-05,"Fortaleza"
"susceptible_prop",115,0.775472703868626,0.799448192763951,0.811812736813871,0.823297901468252,0.844611006161934,2017-03-12,"Fortaleza"
"susceptible_prop",116,0.767620244811068,0.792185138829835,0.804736189538004,0.815734086411732,0.837148144563285,2017-03-19,"Fortaleza"
"susceptible_prop",117,0.756889274770628,0.781973217321369,0.794889814183691,0.806029879655468,0.827372501588868,2017-03-26,"Fortaleza"
"susceptible_prop",118,0.743784475779925,0.768515198694092,0.782217133243348,0.793579974647654,0.814734842291765,2017-04-02,"Fortaleza"
"susceptible_prop",119,0.727271165122278,0.75264908470576,0.7663690794747,0.77805709313073,0.79748281032284,2017-04-09,"Fortaleza"
"susceptible_prop",120,0.7069353106819,0.733446598708241,0.747607921831864,0.759413318009137,0.779905591787987,2017-04-16,"Fortaleza"
"susceptible_prop",121,0.684385917132396,0.712815073144384,0.727194626129423,0.739085453092154,0.758613008421453,2017-04-23,"Fortaleza"
"susceptible_prop",122,0.661750801198146,0.690175796921177,0.70527547620632,0.716227486233742,0.735098236992801,2017-04-30,"Fortaleza"
"susceptible_prop",123,0.637396726687928,0.667999755929415,0.683549290192812,0.693790246283397,0.713318311026407,2017-05-07,"Fortaleza"
"susceptible_prop",124,0.61369408463865,0.645998900242273,0.663383629377143,0.673018388560275,0.69253089499723,2017-05-14,"Fortaleza"
"susceptible_prop",125,0.592630664042739,0.625804514753648,0.64469159881655,0.654059243392487,0.671862997336539,2017-05-21,"Fortaleza"
"susceptible_prop",126,0.574963486958806,0.608647137035245,0.628029556995252,0.637108358271525,0.653217428148559,2017-05-28,"Fortaleza"
"susceptible_prop",127,0.561221777033678,0.593936376474738,0.613556103469779,0.622688918678221,0.637620810856794,2017-06-04,"Fortaleza"
"susceptible_prop",128,0.549376319688753,0.58303600555467,0.602042436112952,0.610724910022993,0.625028643600822,2017-06-11,"Fortaleza"
"susceptible_prop",129,0.54043073331725,0.573036378774947,0.592313145522914,0.600683867601002,0.61447165442356,2017-06-18,"Fortaleza"
"susceptible_prop",130,0.533345272069105,0.565414580061844,0.584856743994723,0.593066590638601,0.606428635987918,2017-06-25,"Fortaleza"
"susceptible_prop",131,0.527804847515612,0.559964052158181,0.579183558480518,0.587321900140339,0.6001161188031,2017-07-02,"Fortaleza"
"susceptible_prop",132,0.523542944083916,0.555675260776891,0.574725534645668,0.582484736245646,0.595176011819251,2017-07-09,"Fortaleza"
"susceptible_prop",133,0.518763085587904,0.5522980342954,0.571247303936013,0.578753359034558,0.591174236318815,2017-07-16,"Fortaleza"
"susceptible_prop",134,0.515930014277688,0.549811128102203,0.56830340657616,0.575615971979894,0.58763165345812,2017-07-23,"Fortaleza"
"susceptible_prop",135,0.514402488060382,0.547775307993174,0.565995974373817,0.573336410684225,0.585468758370125,2017-07-30,"Fortaleza"
"susceptible_prop",136,0.512685494829388,0.546184479148568,0.564270333307161,0.571523763096696,0.583727514328671,2017-08-06,"Fortaleza"
"susceptible_prop",137,0.511279916973854,0.544832829848012,0.562984694768011,0.570112934608272,0.582466326113491,2017-08-13,"Fortaleza"
"susceptible_prop",138,0.510459738671458,0.543850209952459,0.562018708806084,0.569201535571226,0.581490283089055,2017-08-20,"Fortaleza"
"susceptible_prop",139,0.509835321679218,0.543033599966961,0.561350077881295,0.568577951691744,0.580781634669168,2017-08-27,"Fortaleza"
"susceptible_prop",140,0.50932588516798,0.542496091444398,0.560882554960484,0.56803595162124,0.580299287268203,2017-09-03,"Fortaleza"
"susceptible_prop",141,0.508991631437769,0.542165524495315,0.560538129082281,0.567647535945469,0.579842976520807,2017-09-10,"Fortaleza"
"susceptible_prop",142,0.508778215566073,0.54187336955424,0.560287562986018,0.567374657396308,0.579597690945576,2017-09-17,"Fortaleza"
"susceptible_prop",143,0.508552824280657,0.541714832247168,0.560040174380144,0.567148454980759,0.579370468459066,2017-09-24,"Fortaleza"
"susceptible_prop",144,0.508356281653119,0.541558837564348,0.559902171015362,0.566992510904078,0.579166413385844,2017-10-01,"Fortaleza"
"susceptible_prop",145,0.508153898031292,0.541451621020121,0.559788954470474,0.566835096507309,0.579064488777194,2017-10-08,"Fortaleza"
"susceptible_prop",146,0.508015855313277,0.54141773655124,0.559701750245605,0.566737774903385,0.578951265339408,2017-10-15,"Fortaleza"
"susceptible_prop",147,0.507891703769283,0.541355257239272,0.559595457164382,0.566646481080384,0.578855998049141,2017-10-22,"Fortaleza"
"susceptible_prop",148,0.507802374884252,0.541301582269998,0.559510793744913,0.566579843818153,0.578758083841347,2017-10-29,"Fortaleza"
"susceptible_prop",149,0.507652301125992,0.541257844807577,0.559401156401452,0.566504666271806,0.57867028492642,2017-11-05,"Fortaleza"
"susceptible_prop",150,0.507595678200867,0.541226967060532,0.559330701617032,0.566439734993961,0.57862170835366,2017-11-12,"Fortaleza"
"susceptible_prop",151,0.507593046180406,0.541221044887101,0.559288710258472,0.566416184056975,0.578598455656376,2017-11-19,"Fortaleza"
"susceptible_prop",152,0.507589551736369,0.541227339156858,0.55930121736281,0.566421442062596,0.578607155653765,2017-11-26,"Fortaleza"
"susceptible_prop",153,0.507552551267518,0.541232545074699,0.559302030970017,0.566425871738464,0.578620085769457,2017-12-03,"Fortaleza"
"susceptible_prop",154,0.507512553132311,0.541241922859644,0.559312382842118,0.566416667711879,0.578572503000731,2017-12-10,"Fortaleza"
"susceptible_prop",155,0.507502941939978,0.541261302003884,0.559315673293803,0.566430376213659,0.578559528607592,2017-12-17,"Fortaleza"
"susceptible_prop",156,0.50751731867331,0.541271083293667,0.559312243278048,0.566426700855006,0.578548643411516,2017-12-24,"Fortaleza"
"susceptible_prop",157,0.507521854234519,0.541260937889654,0.559297002618899,0.56641196756609,0.57851350220985,2017-12-31,"Fortaleza"
"susceptible_prop",158,0.507515285559216,0.541241010138394,0.559286313227523,0.56637391271695,0.578513384195892,2018-01-07,"Fortaleza"
"susceptible_prop",159,0.507502852917047,0.541209635180104,0.55925047784166,0.56634711808042,0.578481740475271,2018-01-14,"Fortaleza"
"susceptible_prop",160,0.507482223116937,0.541150915301875,0.55917332276618,0.566319094290545,0.578439811652155,2018-01-21,"Fortaleza"
"susceptible_prop",161,0.507452961576548,0.541064161149374,0.559106825472736,0.566236710365305,0.578363871996098,2018-01-28,"Fortaleza"
"susceptible_prop",162,0.507419382815118,0.540947401205287,0.559008473030484,0.566154647321552,0.578234942868003,2018-02-04,"Fortaleza"
"susceptible_prop",163,0.507253831431998,0.540802760701452,0.558912139318158,0.56608090125287,0.578134506062236,2018-02-11,"Fortaleza"
"susceptible_prop",164,0.507060080276971,0.540655346250589,0.55880554553759,0.565962371944815,0.578014376204832,2018-02-18,"Fortaleza"
"susceptible_prop",165,0.506881038103846,0.540556860245708,0.558673873666941,0.56583721829336,0.57785557154524,2018-02-25,"Fortaleza"
"susceptible_prop",166,0.506712174876247,0.540466150063428,0.55852186287716,0.56570551585089,0.577630418051252,2018-03-04,"Fortaleza"
"susceptible_prop",167,0.50657282327586,0.540387946526401,0.55842551865773,0.565553938624281,0.577449191571103,2018-03-11,"Fortaleza"
"susceptible_prop",168,0.506409369420702,0.540309503322484,0.558319302291785,0.565397592404277,0.577248439594461,2018-03-18,"Fortaleza"
"susceptible_prop",169,0.506236457315445,0.540231865842544,0.558231000137162,0.565284964180485,0.57705816076299,2018-03-25,"Fortaleza"
"susceptible_prop",170,0.506031789306209,0.540140189187225,0.558119848530323,0.565176386808376,0.576817034429136,2018-04-01,"Fortaleza"
"susceptible_prop",171,0.505880732020899,0.540073078302544,0.557964254446659,0.565056351073102,0.57669925595765,2018-04-08,"Fortaleza"
"susceptible_prop",172,0.505699821694771,0.540006453543397,0.55778458373269,0.56494113805447,0.576584415019875,2018-04-15,"Fortaleza"
"susceptible_prop",173,0.505475384674796,0.539962583888608,0.557707515058351,0.56487102852287,0.576499254004192,2018-04-22,"Fortaleza"
"susceptible_prop",174,0.505409135749665,0.53996042168672,0.557655025024498,0.564803212971508,0.576501994616663,2018-04-29,"Fortaleza"
"susceptible_prop",175,0.505382571419283,0.539976657959034,0.55763607091797,0.564756219246197,0.576525565191395,2018-05-06,"Fortaleza"
"susceptible_prop",176,0.505368874857566,0.540010493320483,0.557642358703179,0.564697034681764,0.576558278859565,2018-05-13,"Fortaleza"
"susceptible_prop",177,0.505339446666592,0.54003322839416,0.557653345833361,0.56465785832846,0.57658700598904,2018-05-20,"Fortaleza"
"susceptible_prop",178,0.505324492110586,0.5400606617254,0.557668280546151,0.564656154270388,0.576602232727645,2018-05-27,"Fortaleza"
"susceptible_prop",179,0.505306022970767,0.540098126228895,0.557701570731894,0.56467072381299,0.576604813071953,2018-06-03,"Fortaleza"
"susceptible_prop",180,0.505320475749192,0.540140749713734,0.557736035234344,0.564686621586299,0.576596892038406,2018-06-10,"Fortaleza"
"susceptible_prop",181,0.505345387819579,0.540180722518958,0.557775394783521,0.564736699108629,0.576591690424412,2018-06-17,"Fortaleza"
"susceptible_prop",182,0.505379661413567,0.540235591854395,0.557811295390133,0.564791419573627,0.576586408901112,2018-06-24,"Fortaleza"
"susceptible_prop",183,0.50542207589303,0.540299061588204,0.557853864632524,0.564856696783512,0.576607955669343,2018-07-01,"Fortaleza"
"susceptible_prop",184,0.505443525187646,0.540338184032963,0.557858869227836,0.564893560393646,0.576609332011545,2018-07-08,"Fortaleza"
"susceptible_prop",185,0.505431108992672,0.540348240988178,0.557838892739898,0.564894185766204,0.576592620918062,2018-07-15,"Fortaleza"
"susceptible_prop",186,0.505449902404421,0.540374735089916,0.557853686264468,0.564911665216094,0.57658984823783,2018-07-22,"Fortaleza"
"susceptible_prop",187,0.505524820092285,0.54044656969642,0.557899680636287,0.564968840199028,0.576644859324035,2018-07-29,"Fortaleza"
"susceptible_prop",188,0.505602171862033,0.540516347084437,0.557958129089644,0.56501178423981,0.576692018232629,2018-08-05,"Fortaleza"
"susceptible_prop",189,0.505670672703182,0.540577731941815,0.558009334476571,0.565054593450936,0.576735242455258,2018-08-12,"Fortaleza"
"susceptible_prop",190,0.505731454382781,0.540637220028251,0.558063776907617,0.565103055905833,0.576780771729446,2018-08-19,"Fortaleza"
"susceptible_prop",191,0.505776999203005,0.54070147099989,0.558122617494278,0.565151224875651,0.576836709763105,2018-08-26,"Fortaleza"
"susceptible_prop",192,0.505824007650242,0.540775586321677,0.558184956245514,0.565211058908982,0.576896207416931,2018-09-02,"Fortaleza"
"susceptible_prop",193,0.505889024527677,0.540855621957048,0.558252078166861,0.56528364320816,0.576957663904971,2018-09-09,"Fortaleza"
"susceptible_prop",194,0.505962374191581,0.540941036399979,0.558325150992506,0.565361562444731,0.577038130452762,2018-09-16,"Fortaleza"
"susceptible_prop",195,0.506045794549097,0.541034556923296,0.558406813225894,0.565447552963133,0.577124112208992,2018-09-23,"Fortaleza"
"susceptible_prop",196,0.506133483108119,0.541117477517981,0.558488434811634,0.565521979920593,0.577207348164117,2018-09-30,"Fortaleza"
"susceptible_prop",197,0.506220961210986,0.541198513731095,0.558568934187898,0.565601162169724,0.577287467362725,2018-10-07,"Fortaleza"
"susceptible_prop",198,0.50629837865769,0.541271618868922,0.558647237586173,0.565673400398404,0.577360820305148,2018-10-14,"Fortaleza"
"susceptible_prop",199,0.506379947510949,0.541354460305314,0.558736379018164,0.565751477814418,0.577445020733844,2018-10-21,"Fortaleza"
"susceptible_prop",200,0.506474153018791,0.541443242194426,0.558831152119761,0.565833425432591,0.577538310674743,2018-10-28,"Fortaleza"
"susceptible_prop",201,0.506564069567159,0.541530980707436,0.558925545411116,0.565918078247193,0.577628644071765,2018-11-04,"Fortaleza"
"susceptible_prop",202,0.506640841766183,0.541609777306962,0.559010819822312,0.565998818635197,0.577709652389414,2018-11-11,"Fortaleza"
"susceptible_prop",203,0.5067200673398,0.541693438362272,0.559097906011745,0.566078157709631,0.577793814816156,2018-11-18,"Fortaleza"
"susceptible_prop",204,0.506791828187859,0.541771109067246,0.559172525768636,0.566148592704579,0.577870162346762,2018-11-25,"Fortaleza"
"susceptible_prop",205,0.506869476888625,0.541848709494006,0.559245856290564,0.56621985167991,0.577945264608374,2018-12-02,"Fortaleza"
"susceptible_prop",206,0.506955776229283,0.54192417339046,0.559318822482056,0.566283988470463,0.578020325416121,2018-12-09,"Fortaleza"
"susceptible_prop",207,0.50704546138514,0.542014715991069,0.559398809093055,0.566351075234665,0.578106136309665,2018-12-16,"Fortaleza"
"susceptible_prop",208,0.507146645189101,0.542112213096731,0.559489017606047,0.566433637148353,0.578200030928001,2018-12-23,"Fortaleza"
"susceptible_prop",209,0.507224088939125,0.542186554345021,0.559552841097654,0.566500581587826,0.578265173863143,2018-12-30,"Fortaleza"
"susceptible_prop",210,0.507300454171319,0.542255904288331,0.559619028851681,0.5665652413993,0.578333186466857,2019-01-06,"Fortaleza"
"susceptible_prop",211,0.507377819659623,0.542324815878257,0.559686648523453,0.566621664713626,0.578399172364011,2019-01-13,"Fortaleza"
"susceptible_prop",212,0.50744471991663,0.542383862122391,0.559743919368654,0.566676223932884,0.578451872700925,2019-01-20,"Fortaleza"
"susceptible_prop",213,0.507500821487767,0.542447761897423,0.559803205592248,0.566728636925866,0.578505399466951,2019-01-27,"Fortaleza"
"susceptible_prop",214,0.507549764835715,0.542504266042428,0.5598453610633,0.566773508193619,0.578544864097878,2019-02-03,"Fortaleza"
"susceptible_prop",215,0.507575271269669,0.542548299223821,0.559857720714058,0.566807386953462,0.578579152442358,2019-02-10,"Fortaleza"
"susceptible_prop",216,0.507600693495331,0.542594325056931,0.559876156034993,0.566840331129718,0.578619570110863,2019-02-17,"Fortaleza"
"susceptible_prop",217,0.507633982324026,0.54263486395158,0.55990644544008,0.566823142661255,0.578673478866819,2019-02-24,"Fortaleza"
"susceptible_prop",218,0.507644651318206,0.5426568657765,0.559929174091225,0.566830363708765,0.578719353399829,2019-03-03,"Fortaleza"
"susceptible_prop",219,0.507647583062558,0.542662987633174,0.559921699475606,0.566809622836234,0.578754773724001,2019-03-10,"Fortaleza"
"susceptible_prop",220,0.507658793164147,0.542665369508806,0.55992330504795,0.5667797044404,0.578784695529738,2019-03-17,"Fortaleza"
"susceptible_prop",221,0.507659763256504,0.542668526185904,0.559888886321639,0.566729973119047,0.578747024496433,2019-03-24,"Fortaleza"
"susceptible_prop",222,0.507659048538464,0.542667177063509,0.559849172219209,0.566683599723143,0.578668518127402,2019-03-31,"Fortaleza"
"susceptible_prop",223,0.50764188169863,0.542661752601548,0.559796141081541,0.566643600793426,0.578572408648495,2019-04-07,"Fortaleza"
"susceptible_prop",224,0.507590641939189,0.542637579554477,0.559735016972969,0.566598732305434,0.578463183915278,2019-04-14,"Fortaleza"
"susceptible_prop",225,0.507538591034001,0.542575416568916,0.559663705769055,0.566524288123054,0.578353064347572,2019-04-21,"Fortaleza"
"susceptible_prop",226,0.507457592260227,0.542519569061414,0.559586674149359,0.566419218395495,0.578254490120388,2019-04-28,"Fortaleza"
"susceptible_prop",227,0.507379846636244,0.542431455911777,0.559513720681115,0.566292541716395,0.578162898538621,2019-05-05,"Fortaleza"
"susceptible_prop",228,0.50727784170007,0.542331907345864,0.559344141325929,0.566183479844045,0.57803377940961,2019-05-12,"Fortaleza"
"susceptible_prop",229,0.507171532887835,0.542241662942555,0.559193469993583,0.566118136919738,0.577911555905723,2019-05-19,"Fortaleza"
"susceptible_prop",230,0.507020346219415,0.542187515710854,0.559116542766795,0.566069199895254,0.57778941689114,2019-05-26,"Fortaleza"
"susceptible_prop",231,0.506902399905046,0.54213306539509,0.559047435483894,0.565960749811321,0.57767977643647,2019-06-02,"Fortaleza"
"susceptible_prop",232,0.506841926991372,0.542099308246214,0.558974923547267,0.565895343911279,0.577607858279194,2019-06-09,"Fortaleza"
"susceptible_prop",233,0.506774160268393,0.542090130831769,0.558925497443185,0.56586291720458,0.577549915383846,2019-06-16,"Fortaleza"
"susceptible_prop",234,0.506749941738091,0.542111810569585,0.558908881496732,0.565824635375085,0.577523546497951,2019-06-23,"Fortaleza"
"susceptible_prop",235,0.506764534887891,0.542136352440122,0.558932632891992,0.565772140021645,0.577521115545307,2019-06-30,"Fortaleza"
"susceptible_prop",236,0.506791421264374,0.542178200012982,0.558959848976726,0.565768746121037,0.577539933565423,2019-07-07,"Fortaleza"
"susceptible_prop",237,0.506814545281772,0.542238432475987,0.559007814795882,0.565791475020793,0.577584402506609,2019-07-14,"Fortaleza"
"susceptible_prop",238,0.506838116477949,0.542293870898905,0.559058768898414,0.565834131625298,0.577624817108231,2019-07-21,"Fortaleza"
"susceptible_prop",239,0.506853668325553,0.542355335014468,0.559112934064901,0.565876749526726,0.577682347634517,2019-07-28,"Fortaleza"
"susceptible_prop",240,0.506861589864445,0.542394642270765,0.559151154522867,0.5659107570979,0.577740873732211,2019-08-04,"Fortaleza"
"susceptible_prop",241,0.50685124353733,0.542440693377071,0.5591891722425,0.565960261727352,0.577804017250257,2019-08-11,"Fortaleza"
"susceptible_prop",242,0.506842960219964,0.54248157241216,0.55923042718192,0.566005020952776,0.577863615161718,2019-08-18,"Fortaleza"
"susceptible_prop",243,0.506875668873667,0.542523727177777,0.559278882553487,0.566059933448192,0.577928389456852,2019-08-25,"Fortaleza"
"susceptible_prop",244,0.506945397538717,0.542562122109978,0.559334525458766,0.566111504018494,0.577992817906289,2019-09-01,"Fortaleza"
"susceptible_prop",245,0.507009316229637,0.542598224910031,0.559386030365857,0.566176588030539,0.578056555122404,2019-09-08,"Fortaleza"
"susceptible_prop",246,0.507077032905521,0.542646247740721,0.559438036734833,0.566239662168161,0.578122683884255,2019-09-15,"Fortaleza"
"susceptible_prop",247,0.507148295050407,0.542676605645816,0.559492578891377,0.566292997711531,0.578190452326835,2019-09-22,"Fortaleza"
"susceptible_prop",248,0.507186035391459,0.542716284590589,0.559548239110569,0.566337101674077,0.578255571043526,2019-09-29,"Fortaleza"
"susceptible_prop",249,0.507228219038979,0.54277339471241,0.559615713539397,0.56640140118697,0.578325106409758,2019-10-06,"Fortaleza"
"susceptible_prop",250,0.507258560235155,0.542820977956536,0.559676211354517,0.566455239231812,0.578388541517673,2019-10-13,"Fortaleza"
"susceptible_prop",251,0.507320876199482,0.54287739940189,0.55973774417262,0.566510485033411,0.578450049658126,2019-10-20,"Fortaleza"
"susceptible_prop",252,0.507396063495975,0.542938865880569,0.559805877234108,0.566578683289576,0.578519552268372,2019-10-27,"Fortaleza"
"susceptible_prop",253,0.507475103178459,0.543004290789516,0.559873381510446,0.566649683213925,0.578591730577816,2019-11-03,"Fortaleza"
"susceptible_prop",254,0.507540443425732,0.543068986002941,0.559939608080726,0.566720911880332,0.578662157135503,2019-11-10,"Fortaleza"
"susceptible_prop",255,0.507628421027416,0.54314170143442,0.560015801024962,0.56679256503446,0.578738434265142,2019-11-17,"Fortaleza"
"susceptible_prop",256,0.507710274115123,0.543212809149362,0.560098528269063,0.566873758738127,0.578820764894316,2019-11-24,"Fortaleza"
"susceptible_prop",257,0.50777980711174,0.543285611458218,0.560181301321696,0.566950453016602,0.578900536614944,2019-12-01,"Fortaleza"
"susceptible_prop",258,0.507861315920445,0.543345508100907,0.560266142090818,0.567027640522234,0.578980157400039,2019-12-08,"Fortaleza"
"susceptible_prop",259,0.50794112040469,0.543406146832974,0.560357270219487,0.567109350861242,0.579065392921935,2019-12-15,"Fortaleza"
"susceptible_prop",260,0.508022908930298,0.54347015921625,0.560452661591244,0.567187550873614,0.579155889769826,2019-12-22,"Fortaleza"
"susceptible_prop",261,0.508102193284432,0.543531474356187,0.560543621958657,0.567270577266294,0.579238377849197,2019-12-29,"Fortaleza"
"susceptible_prop",1,1,1,1,1,1,2015-01-04,"Fortaleza_remainder"
"susceptible_prop",2,0.999995217132099,0.99999762961215,0.999998368698941,0.999998847579065,0.999999384730568,2015-01-11,"Fortaleza_remainder"
"susceptible_prop",3,0.999990436651796,0.999995260401877,0.999996738207084,0.999997695729235,0.999998769765714,2015-01-18,"Fortaleza_remainder"
"susceptible_prop",4,0.999985657974972,0.999992892079696,0.999995108325208,0.999996544309769,0.999998155030299,2015-01-25,"Fortaleza_remainder"
"susceptible_prop",5,0.999980882204578,0.999990525192238,0.999993479429506,0.999995393586429,0.99999754066621,2015-02-01,"Fortaleza_remainder"
"susceptible_prop",6,0.999976108495656,0.999988159320747,0.999991851231792,0.999994243355627,0.999996926564756,2015-02-08,"Fortaleza_remainder"
"susceptible_prop",7,0.999971337093602,0.999985794586848,0.999990223815768,0.999993093676496,0.999996312757505,2015-02-15,"Fortaleza_remainder"
"susceptible_prop",8,0.999966567682865,0.99998343083416,0.999988597073815,0.999991944473009,0.999995699203869,2015-02-22,"Fortaleza_remainder"
"susceptible_prop",9,0.99996180139684,0.999981068624403,0.999986971392511,0.999990796018261,0.999995086049651,2015-03-01,"Fortaleza_remainder"
"susceptible_prop",10,0.999955371563075,0.999977549405842,0.999984315716008,0.999988824652633,0.999993751307427,2015-03-08,"Fortaleza_remainder"
"susceptible_prop",11,0.999949615512003,0.999973745009094,0.999981292838983,0.999986433708041,0.999992515586952,2015-03-15,"Fortaleza_remainder"
"susceptible_prop",12,0.999943407143382,0.99996919371222,0.999977977778513,0.999983702873721,0.999990607679647,2015-03-22,"Fortaleza_remainder"
"susceptible_prop",13,0.999934506853562,0.999963810837193,0.999974109797552,0.999980399118612,0.999988494812,2015-03-29,"Fortaleza_remainder"
"susceptible_prop",14,0.999927051668411,0.999958668919099,0.99996983858098,0.999976693893095,0.999985692577774,2015-04-05,"Fortaleza_remainder"
"susceptible_prop",15,0.999917420230916,0.999953184578445,0.999964911024975,0.999972730053756,0.99998306239332,2015-04-12,"Fortaleza_remainder"
"susceptible_prop",16,0.999908495941981,0.999947156892465,0.999959768929105,0.999968466065706,0.999979605461838,2015-04-19,"Fortaleza_remainder"
"susceptible_prop",17,0.999901244210809,0.999941037942214,0.999954735059222,0.999964291582958,0.999976433489975,2015-04-26,"Fortaleza_remainder"
"susceptible_prop",18,0.999895245178507,0.999935477489073,0.999950031952774,0.999960121349778,0.999973439979547,2015-05-03,"Fortaleza_remainder"
"susceptible_prop",19,0.999886932499278,0.999929921962434,0.99994493330572,0.999956389233723,0.999970918003232,2015-05-10,"Fortaleza_remainder"
"susceptible_prop",20,0.999879885134193,0.999925136936385,0.999940597881407,0.999952839887738,0.999968505367238,2015-05-17,"Fortaleza_remainder"
"susceptible_prop",21,0.999876473104058,0.999920707676963,0.999937319483457,0.999949834049006,0.999966871588242,2015-05-24,"Fortaleza_remainder"
"susceptible_prop",22,0.999872425873676,0.999917493781888,0.999934488135882,0.999947670943053,0.999965439164968,2015-05-31,"Fortaleza_remainder"
"susceptible_prop",23,0.999868318464536,0.99991434715286,0.999932126735607,0.999945474935638,0.99996415059073,2015-06-07,"Fortaleza_remainder"
"susceptible_prop",24,0.999866223139638,0.999912046377182,0.999930320260754,0.999943735556828,0.999963323946694,2015-06-14,"Fortaleza_remainder"
"susceptible_prop",25,0.999864028882271,0.999909814776112,0.999928409306007,0.999942385586365,0.999962694671541,2015-06-21,"Fortaleza_remainder"
"susceptible_prop",26,0.999861278974277,0.9999087201724,0.999927293843206,0.99994128706849,0.999961919550804,2015-06-28,"Fortaleza_remainder"
"susceptible_prop",27,0.999859473824017,0.99990731554848,0.999926241096222,0.999940290426591,0.999961043212656,2015-07-05,"Fortaleza_remainder"
"susceptible_prop",28,0.999857748067617,0.999906108586525,0.999925279417715,0.999939571103969,0.999960745041989,2015-07-12,"Fortaleza_remainder"
"susceptible_prop",29,0.999856955088895,0.999905138867565,0.999924384701776,0.999938867294611,0.999960511170846,2015-07-19,"Fortaleza_remainder"
"susceptible_prop",30,0.999856346647582,0.999904465504161,0.999923823411063,0.99993828623251,0.99996031509871,2015-07-26,"Fortaleza_remainder"
"susceptible_prop",31,0.999855859873137,0.999903807789467,0.999923385251098,0.999937868275763,0.999960132957425,2015-08-02,"Fortaleza_remainder"
"susceptible_prop",32,0.999855470484395,0.999902907966286,0.999923050175381,0.999937564428136,0.999959942703251,2015-08-09,"Fortaleza_remainder"
"susceptible_prop",33,0.999855147870382,0.999902383727009,0.999922570785976,0.999937291705248,0.999959791971996,2015-08-16,"Fortaleza_remainder"
"susceptible_prop",34,0.999853667857245,0.999901920892199,0.999922032983062,0.999936943002652,0.999959617843309,2015-08-23,"Fortaleza_remainder"
"susceptible_prop",35,0.999853098201354,0.999901537325663,0.99992173470675,0.999936640852512,0.999959441259451,2015-08-30,"Fortaleza_remainder"
"susceptible_prop",36,0.999852789598823,0.999901245024707,0.999921393778224,0.999936394515653,0.999959305834861,2015-09-06,"Fortaleza_remainder"
"susceptible_prop",37,0.999852505422966,0.999900899549066,0.999921259410313,0.999936283594851,0.999959156838618,2015-09-13,"Fortaleza_remainder"
"susceptible_prop",38,0.999852251154764,0.999900538951176,0.999921080188227,0.99993602058852,0.99995902293424,2015-09-20,"Fortaleza_remainder"
"susceptible_prop",39,0.999852026120048,0.999900079541871,0.999920891565222,0.999935783371019,0.999958879899397,2015-09-27,"Fortaleza_remainder"
"susceptible_prop",40,0.999851794492912,0.999899670453551,0.999920552612196,0.999935526206687,0.999958712341281,2015-10-04,"Fortaleza_remainder"
"susceptible_prop",41,0.999851595547118,0.999899258427885,0.999920135922436,0.99993522427856,0.999958369850182,2015-10-11,"Fortaleza_remainder"
"susceptible_prop",42,0.999851492053079,0.99989874309885,0.999919736560444,0.999934831641726,0.999957977611631,2015-10-18,"Fortaleza_remainder"
"susceptible_prop",43,0.999851000544486,0.999898345305441,0.999919374681583,0.999934246180909,0.999957419743702,2015-10-25,"Fortaleza_remainder"
"susceptible_prop",44,0.999850249530635,0.999897894430615,0.999918896859451,0.999933785984209,0.999956484586312,2015-11-01,"Fortaleza_remainder"
"susceptible_prop",45,0.999848970341804,0.999897515487612,0.999918251963352,0.999933301619939,0.999955683872651,2015-11-08,"Fortaleza_remainder"
"susceptible_prop",46,0.999847706110408,0.999896739550754,0.999917358389853,0.999932573023112,0.999954586136264,2015-11-15,"Fortaleza_remainder"
"susceptible_prop",47,0.999846307223222,0.999895794460017,0.99991654907846,0.999931412447808,0.999953115177729,2015-11-22,"Fortaleza_remainder"
"susceptible_prop",48,0.999844765197682,0.99989469417026,0.99991536064277,0.999930012825854,0.999951825709636,2015-11-29,"Fortaleza_remainder"
"susceptible_prop",49,0.999842160787005,0.999892465017847,0.999913567183288,0.999928410523251,0.999950289188321,2015-12-06,"Fortaleza_remainder"
"susceptible_prop",50,0.9998391326703,0.999889984093774,0.999911009438669,0.999925897170629,0.999949144186803,2015-12-13,"Fortaleza_remainder"
"susceptible_prop",51,0.999834044305049,0.999885908128966,0.99990736640472,0.999922057882824,0.999946876389447,2015-12-20,"Fortaleza_remainder"
"susceptible_prop",52,0.99982619047627,0.999880095906679,0.999902235219695,0.999917725281598,0.999943052720001,2015-12-27,"Fortaleza_remainder"
"susceptible_prop",53,0.999812966681796,0.999871823719201,0.999895374920211,0.999911418138637,0.999936476976604,2016-01-03,"Fortaleza_remainder"
"susceptible_prop",54,0.999796336471092,0.999859219314264,0.999885437053847,0.999902678082358,0.999929432599783,2016-01-10,"Fortaleza_remainder"
"susceptible_prop",55,0.99977076019612,0.999841587869317,0.999871782538606,0.999889682212088,0.999916822063464,2016-01-17,"Fortaleza_remainder"
"susceptible_prop",56,0.999737419713501,0.999816708648445,0.999851592476206,0.999869722824824,0.999899053998788,2016-01-24,"Fortaleza_remainder"
"susceptible_prop",57,0.999681238048562,0.999778674831236,0.999819608569925,0.999841776380269,0.999874165497305,2016-01-31,"Fortaleza_remainder"
"susceptible_prop",58,0.999599967165355,0.999721415553872,0.999772371268107,0.999799601923841,0.999840011964065,2016-02-07,"Fortaleza_remainder"
"susceptible_prop",59,0.999479477657977,0.99963406161907,0.999703966800247,0.999741588513444,0.999792169590274,2016-02-14,"Fortaleza_remainder"
"susceptible_prop",60,0.999275955330287,0.999501139920715,0.999599710916561,0.999653074601608,0.999725039361717,2016-02-21,"Fortaleza_remainder"
"susceptible_prop",61,0.998927250651967,0.999275871940723,0.999431574079112,0.999511640785053,0.999619509407898,2016-02-28,"Fortaleza_remainder"
"susceptible_prop",62,0.998362268151488,0.998929402818875,0.999167337492142,0.99927823630685,0.999437441445606,2016-03-06,"Fortaleza_remainder"
"susceptible_prop",63,0.997441622537998,0.998344358305549,0.998712594588594,0.998903262092337,0.999127918025701,2016-03-13,"Fortaleza_remainder"
"susceptible_prop",64,0.995793136439644,0.997423404867335,0.998005626415671,0.998314469022255,0.998674490666539,2016-03-20,"Fortaleza_remainder"
"susceptible_prop",65,0.993561414453938,0.996073759673366,0.996962106815899,0.997444089935658,0.998007016617015,2016-03-27,"Fortaleza_remainder"
"susceptible_prop",66,0.990345687123362,0.994114350048992,0.99543433184252,0.996121180042988,0.996932770777276,2016-04-03,"Fortaleza_remainder"
"susceptible_prop",67,0.986096833287425,0.99136225257156,0.993171479083537,0.994125060310796,0.995392020396293,2016-04-10,"Fortaleza_remainder"
"susceptible_prop",68,0.980229945061215,0.987401901021799,0.989760526644458,0.991247941569769,0.993257837172129,2016-04-17,"Fortaleza_remainder"
"susceptible_prop",69,0.973014046655628,0.981987765666244,0.985080897362988,0.987103686671227,0.990138104143324,2016-04-24,"Fortaleza_remainder"
"susceptible_prop",70,0.963360708563939,0.974226659054094,0.978339658066038,0.981283307735838,0.985486720029606,2016-05-01,"Fortaleza_remainder"
"susceptible_prop",71,0.952380012652252,0.96446782071388,0.969756183110359,0.973568081097968,0.979422916508512,2016-05-08,"Fortaleza_remainder"
"susceptible_prop",72,0.938368469143243,0.953181850895698,0.959564614213313,0.964743399694083,0.972534099772904,2016-05-15,"Fortaleza_remainder"
"susceptible_prop",73,0.922828708710822,0.941305092258314,0.948500290371376,0.955069952508706,0.964956023421184,2016-05-22,"Fortaleza_remainder"
"susceptible_prop",74,0.908509698678442,0.929458258561662,0.937880937894866,0.945122062167702,0.957365060980088,2016-05-29,"Fortaleza_remainder"
"susceptible_prop",75,0.894157752131817,0.918504887690934,0.927946118730065,0.935683131907657,0.949889936384001,2016-06-05,"Fortaleza_remainder"
"susceptible_prop",76,0.88115561350302,0.908235993180216,0.919021081093122,0.927628037389767,0.943982161482,2016-06-12,"Fortaleza_remainder"
"susceptible_prop",77,0.871288594956903,0.900294794432856,0.911644467749776,0.92070861207169,0.938735803536305,2016-06-19,"Fortaleza_remainder"
"susceptible_prop",78,0.861705859810991,0.89337513730647,0.905365310430782,0.914928648414575,0.93422129999313,2016-06-26,"Fortaleza_remainder"
"susceptible_prop",79,0.85440422039248,0.887527718785464,0.900158580130131,0.910126837655602,0.930626249309836,2016-07-03,"Fortaleza_remainder"
"susceptible_prop",80,0.849043895243262,0.882371076258585,0.895822525752411,0.906218358496611,0.927213513391727,2016-07-10,"Fortaleza_remainder"
"susceptible_prop",81,0.84431757388647,0.878352523032305,0.89235705013086,0.903090270678234,0.92491889067937,2016-07-17,"Fortaleza_remainder"
"susceptible_prop",82,0.840797754734577,0.874947559671799,0.889478964029008,0.900766627713841,0.922448159165258,2016-07-24,"Fortaleza_remainder"
"susceptible_prop",83,0.83772700188045,0.872528376590854,0.887150367642365,0.898433843272696,0.92048692408877,2016-07-31,"Fortaleza_remainder"
"susceptible_prop",84,0.835627778364052,0.870292938983516,0.885353675427884,0.896681238537658,0.918961477000653,2016-08-07,"Fortaleza_remainder"
"susceptible_prop",85,0.833904433020471,0.868795916834512,0.883794132963761,0.895225426134514,0.917640367432117,2016-08-14,"Fortaleza_remainder"
"susceptible_prop",86,0.832499689933569,0.867586242612998,0.882377405654417,0.893947647829378,0.916495296088197,2016-08-21,"Fortaleza_remainder"
"susceptible_prop",87,0.831069949756571,0.866420292510329,0.881403677933012,0.892885271691255,0.915702325093406,2016-08-28,"Fortaleza_remainder"
"susceptible_prop",88,0.830197762866228,0.865420661590266,0.880509052292771,0.892075793324672,0.91492302364615,2016-09-04,"Fortaleza_remainder"
"susceptible_prop",89,0.829128079581904,0.86453028059766,0.879955445989892,0.891461265651619,0.914414765922946,2016-09-11,"Fortaleza_remainder"
"susceptible_prop",90,0.828306832920885,0.863661843494574,0.879248562655976,0.89092170405925,0.9139784983737,2016-09-18,"Fortaleza_remainder"
"susceptible_prop",91,0.827723753662135,0.863129080194122,0.878549888481388,0.89039012914228,0.913579587189606,2016-09-25,"Fortaleza_remainder"
"susceptible_prop",92,0.82708215369312,0.862587886367754,0.87805156181348,0.889876956367648,0.913215265836415,2016-10-02,"Fortaleza_remainder"
"susceptible_prop",93,0.826497100222744,0.862014021929596,0.877499818583647,0.889364197428428,0.912792620170237,2016-10-09,"Fortaleza_remainder"
"susceptible_prop",94,0.825875269676811,0.861499931244055,0.876984941522446,0.888879346591636,0.912323927039019,2016-10-16,"Fortaleza_remainder"
"susceptible_prop",95,0.825380209726596,0.860906471160445,0.876437622958887,0.888389554954471,0.911879564229558,2016-10-23,"Fortaleza_remainder"
"susceptible_prop",96,0.824947464724903,0.860372396084685,0.87596953348357,0.887843774205523,0.911357926043971,2016-10-30,"Fortaleza_remainder"
"susceptible_prop",97,0.824213388692331,0.859776113823707,0.87541154031429,0.887216270711696,0.910755847032072,2016-11-06,"Fortaleza_remainder"
"susceptible_prop",98,0.823419845760809,0.859004027907803,0.874743168793734,0.886580679549292,0.910100852408416,2016-11-13,"Fortaleza_remainder"
"susceptible_prop",99,0.822524241364825,0.858176153424298,0.874080597999961,0.885873696819749,0.909369523210441,2016-11-20,"Fortaleza_remainder"
"susceptible_prop",100,0.821677891663886,0.857402306945989,0.873413401832199,0.88519424778867,0.908703982449749,2016-11-27,"Fortaleza_remainder"
"susceptible_prop",101,0.820848148387377,0.856810201830709,0.872752400877528,0.884543063827217,0.908130193715714,2016-12-04,"Fortaleza_remainder"
"susceptible_prop",102,0.820079599782536,0.856142679563192,0.872071430225563,0.883909990084863,0.90742669110398,2016-12-11,"Fortaleza_remainder"
"susceptible_prop",103,0.819303037887055,0.855413687074642,0.871480778367994,0.883362318301264,0.906827692558986,2016-12-18,"Fortaleza_remainder"
"susceptible_prop",104,0.81849484875633,0.854787032651384,0.87089557571293,0.882914571577105,0.906321197890089,2016-12-25,"Fortaleza_remainder"
"susceptible_prop",105,0.817565114627689,0.854222519425151,0.870316292024302,0.882234692435396,0.905794346752052,2017-01-01,"Fortaleza_remainder"
"susceptible_prop",106,0.816572813543162,0.853605097128996,0.869653675076137,0.881588713118277,0.905100765293732,2017-01-08,"Fortaleza_remainder"
"susceptible_prop",107,0.81550780568443,0.852848062546062,0.868981872261887,0.880918040172966,0.904398242096574,2017-01-15,"Fortaleza_remainder"
"susceptible_prop",108,0.814483887396012,0.85209883198874,0.868224448576945,0.880030831445644,0.903746711617745,2017-01-22,"Fortaleza_remainder"
"susceptible_prop",109,0.813555392325648,0.850949459185046,0.867148099732876,0.879028961270228,0.902785913928618,2017-01-29,"Fortaleza_remainder"
"susceptible_prop",110,0.812467676763378,0.849606509359644,0.86595477651894,0.877687569537318,0.901416417232377,2017-02-05,"Fortaleza_remainder"
"susceptible_prop",111,0.810864201804915,0.84798813903721,0.864149863400323,0.876120394357296,0.89966121099191,2017-02-12,"Fortaleza_remainder"
"susceptible_prop",112,0.808812887993971,0.846134359267327,0.862000736863,0.874058827372692,0.897592856648768,2017-02-19,"Fortaleza_remainder"
"susceptible_prop",113,0.806316035639726,0.843381746728548,0.858989745942091,0.871150246257316,0.895110209893659,2017-02-26,"Fortaleza_remainder"
"susceptible_prop",114,0.802208646870959,0.839198815313608,0.854876961346052,0.866965362666119,0.890602433507474,2017-03-05,"Fortaleza_remainder"
"susceptible_prop",115,0.796552362010978,0.833334311527466,0.849223533014256,0.861324099978785,0.885689593979595,2017-03-12,"Fortaleza_remainder"
"susceptible_prop",116,0.788507447887047,0.826051855839107,0.841592791886442,0.853910168601923,0.878282976350629,2017-03-19,"Fortaleza_remainder"
"susceptible_prop",117,0.777197183798788,0.815459877937397,0.830568257030155,0.843775488338127,0.867780523343794,2017-03-26,"Fortaleza_remainder"
"susceptible_prop",118,0.76271039507373,0.801335464642429,0.816570362212509,0.830437490902804,0.854632737969695,2017-04-02,"Fortaleza_remainder"
"susceptible_prop",119,0.746022107645378,0.784144169141765,0.799568617336547,0.813378107953388,0.837722440586075,2017-04-09,"Fortaleza_remainder"
"susceptible_prop",120,0.726212975286429,0.763720995318033,0.778972728109496,0.792665224740043,0.816858220264222,2017-04-16,"Fortaleza_remainder"
"susceptible_prop",121,0.705076718032952,0.740706722404803,0.756891920690253,0.770082895450254,0.792177315348527,2017-04-23,"Fortaleza_remainder"
"susceptible_prop",122,0.680621826317348,0.715973171657392,0.732695073981382,0.745368060066522,0.766311329176028,2017-04-30,"Fortaleza_remainder"
"susceptible_prop",123,0.654682651630594,0.69035446276453,0.70821019681217,0.719620160579762,0.739813850365056,2017-05-07,"Fortaleza_remainder"
"susceptible_prop",124,0.629888466129424,0.665919754187925,0.685351522846636,0.696778000843967,0.715851747130449,2017-05-14,"Fortaleza_remainder"
"susceptible_prop",125,0.606140685964969,0.643500118869193,0.664189044188911,0.674793922653219,0.692202508698731,2017-05-21,"Fortaleza_remainder"
"susceptible_prop",126,0.588895701743421,0.624950111390251,0.64570427591252,0.655520338064035,0.670930503674156,2017-05-28,"Fortaleza_remainder"
"susceptible_prop",127,0.57340017349046,0.608765478695352,0.629679305171863,0.638927828217929,0.652932754407266,2017-06-04,"Fortaleza_remainder"
"susceptible_prop",128,0.559857407840222,0.595370031441777,0.616912670122231,0.625435465975447,0.637750010159021,2017-06-11,"Fortaleza_remainder"
"susceptible_prop",129,0.550077666533808,0.585354526254015,0.605881909964151,0.614187103720433,0.625522475267347,2017-06-18,"Fortaleza_remainder"
"susceptible_prop",130,0.542640907101124,0.576650161095286,0.597617518246133,0.605447855609289,0.617093135009571,2017-06-25,"Fortaleza_remainder"
"susceptible_prop",131,0.537149818777168,0.5697257496313,0.591123141626953,0.598504096077777,0.610008975618252,2017-07-02,"Fortaleza_remainder"
"susceptible_prop",132,0.532081409355287,0.565221984628918,0.586081676624916,0.593210025686627,0.604202336275414,2017-07-09,"Fortaleza_remainder"
"susceptible_prop",133,0.527436532661627,0.561061246760547,0.582167413552289,0.589117932086446,0.600411601536923,2017-07-16,"Fortaleza_remainder"
"susceptible_prop",134,0.5243220488113,0.557474457431297,0.578672324182364,0.585491111438061,0.596596971792761,2017-07-23,"Fortaleza_remainder"
"susceptible_prop",135,0.522255209260835,0.555363764051841,0.576129874861238,0.582956315301106,0.59347137488055,2017-07-30,"Fortaleza_remainder"
"susceptible_prop",136,0.520764840865489,0.553724056383078,0.574218514694277,0.580815863037927,0.591282714539077,2017-08-06,"Fortaleza_remainder"
"susceptible_prop",137,0.519336905679343,0.552117049839066,0.572688223264201,0.579486933167573,0.58984557471695,2017-08-13,"Fortaleza_remainder"
"susceptible_prop",138,0.518201081458259,0.551023906647134,0.571549483847404,0.578342832495832,0.588784450211925,2017-08-20,"Fortaleza_remainder"
"susceptible_prop",139,0.517482837808506,0.550355111013319,0.570815024527081,0.577564460522746,0.587903369018356,2017-08-27,"Fortaleza_remainder"
"susceptible_prop",140,0.516937301684132,0.54996834100731,0.570213098390701,0.5770179616947,0.587274542022322,2017-09-03,"Fortaleza_remainder"
"susceptible_prop",141,0.516546901620611,0.549659356191204,0.569762807403845,0.576581126378025,0.586789511052794,2017-09-10,"Fortaleza_remainder"
"susceptible_prop",142,0.516225096102119,0.549366535542614,0.569457957261378,0.576253676175679,0.586516602883793,2017-09-17,"Fortaleza_remainder"
"susceptible_prop",143,0.515954166951827,0.54905513233376,0.569247446877223,0.576009276045757,0.586273465607686,2017-09-24,"Fortaleza_remainder"
"susceptible_prop",144,0.515755699349901,0.548840549464429,0.569097969053484,0.575822065654727,0.586070133794896,2017-10-01,"Fortaleza_remainder"
"susceptible_prop",145,0.515611742883264,0.548645217012239,0.568960852716783,0.575670839807937,0.58589113862414,2017-10-08,"Fortaleza_remainder"
"susceptible_prop",146,0.51544441715442,0.548511828001753,0.568873417640535,0.575573807064847,0.585792748609451,2017-10-15,"Fortaleza_remainder"
"susceptible_prop",147,0.515315395813321,0.548422083649923,0.568799807597035,0.575492563596824,0.585697439023272,2017-10-22,"Fortaleza_remainder"
"susceptible_prop",148,0.515182717254908,0.5483254736624,0.568724029397824,0.575427592118372,0.585609807176226,2017-10-29,"Fortaleza_remainder"
"susceptible_prop",149,0.515038080924646,0.548250256208706,0.568678372581734,0.575383949734514,0.585547970702698,2017-11-05,"Fortaleza_remainder"
"susceptible_prop",150,0.514951070629582,0.548185690342111,0.568638084402334,0.575331689913764,0.585498967879315,2017-11-12,"Fortaleza_remainder"
"susceptible_prop",151,0.514850764677274,0.54812001179058,0.568569097255518,0.575263728038945,0.585457167276804,2017-11-19,"Fortaleza_remainder"
"susceptible_prop",152,0.514825852712374,0.548068036171587,0.568551270145746,0.57524852686907,0.585435731668874,2017-11-26,"Fortaleza_remainder"
"susceptible_prop",153,0.514798176839059,0.548074931169368,0.568549937407874,0.57523414881994,0.58539022119641,2017-12-03,"Fortaleza_remainder"
"susceptible_prop",154,0.514777374473129,0.548080589693042,0.568551660129001,0.575205681931927,0.585371979446356,2017-12-10,"Fortaleza_remainder"
"susceptible_prop",155,0.514757344152042,0.548089732879571,0.568536212419268,0.575198786027351,0.585381424876995,2017-12-17,"Fortaleza_remainder"
"susceptible_prop",156,0.514767785696683,0.548099683111284,0.568544497060144,0.575178375345165,0.585379736974075,2017-12-24,"Fortaleza_remainder"
"susceptible_prop",157,0.514717079578985,0.548104856612136,0.568513903343564,0.575150080236217,0.585365338457194,2017-12-31,"Fortaleza_remainder"
"susceptible_prop",158,0.514675271533144,0.548105090649573,0.568477505704227,0.575104107314094,0.585361673700495,2018-01-07,"Fortaleza_remainder"
"susceptible_prop",159,0.514611309424386,0.548110568241668,0.568420783654159,0.575090927473833,0.585341645312387,2018-01-14,"Fortaleza_remainder"
"susceptible_prop",160,0.514570689226559,0.548089792426067,0.568361352100279,0.575033598365432,0.585309598009539,2018-01-21,"Fortaleza_remainder"
"susceptible_prop",161,0.514518527092181,0.548031967035643,0.568324517341067,0.574983056856725,0.585245122603605,2018-01-28,"Fortaleza_remainder"
"susceptible_prop",162,0.5144480211924,0.547947726532017,0.568235730468831,0.574919578526948,0.585191434765652,2018-02-04,"Fortaleza_remainder"
"susceptible_prop",163,0.514344030969842,0.547801122507518,0.56816500374352,0.574820530960918,0.585103517247945,2018-02-11,"Fortaleza_remainder"
"susceptible_prop",164,0.51422487917871,0.547560919735689,0.568051083996829,0.574702356582532,0.585006141614369,2018-02-18,"Fortaleza_remainder"
"susceptible_prop",165,0.514050775687799,0.547366052534149,0.567922744577663,0.574525071434622,0.584896224662367,2018-02-25,"Fortaleza_remainder"
"susceptible_prop",166,0.513922823891028,0.547195942780121,0.567782475837486,0.574314543720119,0.584766601085954,2018-03-04,"Fortaleza_remainder"
"susceptible_prop",167,0.513791852984221,0.547048197043375,0.567645374471555,0.574138805832426,0.584515724291201,2018-03-11,"Fortaleza_remainder"
"susceptible_prop",168,0.513618035767138,0.546880077659249,0.567485314218774,0.573985338158813,0.584316455570731,2018-03-18,"Fortaleza_remainder"
"susceptible_prop",169,0.513428464325582,0.546748409015839,0.567359436721122,0.573853357974847,0.584062776378668,2018-03-25,"Fortaleza_remainder"
"susceptible_prop",170,0.513301278458812,0.546633820487826,0.567246006061259,0.573723257344615,0.583964640087336,2018-04-01,"Fortaleza_remainder"
"susceptible_prop",171,0.513167981047768,0.546576509322662,0.567125981860305,0.573635481151253,0.583932232648572,2018-04-08,"Fortaleza_remainder"
"susceptible_prop",172,0.512991671584417,0.54653810611476,0.566993639195248,0.573540584139453,0.583886046029761,2018-04-15,"Fortaleza_remainder"
"susceptible_prop",173,0.512871824005392,0.546518978858173,0.566903298563686,0.573448290976021,0.583839365113548,2018-04-22,"Fortaleza_remainder"
"susceptible_prop",174,0.51278892881406,0.546529833750974,0.566879512645629,0.57339896679104,0.583833780811626,2018-04-29,"Fortaleza_remainder"
"susceptible_prop",175,0.512732693940039,0.546553791419192,0.566868497878918,0.573348095689258,0.58379818199439,2018-05-06,"Fortaleza_remainder"
"susceptible_prop",176,0.512759003782252,0.546604971366078,0.566885751040317,0.573320257480595,0.583770578805843,2018-05-13,"Fortaleza_remainder"
"susceptible_prop",177,0.512791254937363,0.54661439100303,0.566894947395304,0.573312196129006,0.583739449612002,2018-05-20,"Fortaleza_remainder"
"susceptible_prop",178,0.512817615087435,0.546629990767628,0.56691799200091,0.573325345545255,0.583718622535029,2018-05-27,"Fortaleza_remainder"
"susceptible_prop",179,0.512849551193529,0.546650883523809,0.56695255822089,0.573343760617075,0.58371932362151,2018-06-03,"Fortaleza_remainder"
"susceptible_prop",180,0.512893250852191,0.546679964053668,0.567008944123135,0.573391472091981,0.583744197788074,2018-06-10,"Fortaleza_remainder"
"susceptible_prop",181,0.512920829364965,0.546704198909912,0.567022902219181,0.573418232572293,0.583755251348165,2018-06-17,"Fortaleza_remainder"
"susceptible_prop",182,0.512946744745983,0.546730153239645,0.567058693541741,0.573452648002718,0.583771269742201,2018-06-24,"Fortaleza_remainder"
"susceptible_prop",183,0.5129829473919,0.546747148414627,0.56709916801388,0.573485415013289,0.583770114069109,2018-07-01,"Fortaleza_remainder"
"susceptible_prop",184,0.512985486280013,0.546756299980191,0.567149169276138,0.573522915687129,0.583779576478109,2018-07-08,"Fortaleza_remainder"
"susceptible_prop",185,0.513012955312289,0.54677482436634,0.567215455776666,0.573553383092279,0.583817556757533,2018-07-15,"Fortaleza_remainder"
"susceptible_prop",186,0.513035247489282,0.546802928521282,0.567271453439455,0.573601298163851,0.583872774827058,2018-07-22,"Fortaleza_remainder"
"susceptible_prop",187,0.513075675611895,0.546846455319245,0.567335269515783,0.57364308537382,0.583924791942887,2018-07-29,"Fortaleza_remainder"
"susceptible_prop",188,0.513134578089114,0.546915166000634,0.567419038042839,0.5737061361449,0.584004679480079,2018-08-05,"Fortaleza_remainder"
"susceptible_prop",189,0.513205822927957,0.546978763195489,0.56749710032465,0.573776832884661,0.58408716772856,2018-08-12,"Fortaleza_remainder"
"susceptible_prop",190,0.513264836599791,0.547044533821152,0.567569895322623,0.5738527428252,0.584167850426299,2018-08-19,"Fortaleza_remainder"
"susceptible_prop",191,0.513336674126181,0.54712513410434,0.567644552799019,0.573927105323239,0.584259770669394,2018-08-26,"Fortaleza_remainder"
"susceptible_prop",192,0.513404443411769,0.547210297574281,0.567721499681214,0.574010164898445,0.584350460420474,2018-09-02,"Fortaleza_remainder"
"susceptible_prop",193,0.513480527694544,0.547297160606948,0.567804312062768,0.57409083174787,0.584434806222805,2018-09-09,"Fortaleza_remainder"
"susceptible_prop",194,0.513575128166763,0.547388723888502,0.567901267903707,0.574175730428438,0.584519842345373,2018-09-16,"Fortaleza_remainder"
"susceptible_prop",195,0.513689901658874,0.54750373246078,0.568011889908475,0.57427366479574,0.584624096686223,2018-09-23,"Fortaleza_remainder"
"susceptible_prop",196,0.513794482322186,0.547597263978119,0.568111017007704,0.574370011732074,0.584723112813311,2018-09-30,"Fortaleza_remainder"
"susceptible_prop",197,0.513896149928643,0.54768401589271,0.568211068919199,0.574467173794028,0.584813660163101,2018-10-07,"Fortaleza_remainder"
"susceptible_prop",198,0.51399370212253,0.547777269749313,0.568306577349004,0.574562521562683,0.584906481780698,2018-10-14,"Fortaleza_remainder"
"susceptible_prop",199,0.514075822586619,0.547865113017215,0.568390262986979,0.57465164956675,0.584992385495622,2018-10-21,"Fortaleza_remainder"
"susceptible_prop",200,0.514178775591866,0.547966292862617,0.568487474846089,0.574750796235558,0.585086050551451,2018-10-28,"Fortaleza_remainder"
"susceptible_prop",201,0.514271311855009,0.54806449018467,0.568578276945144,0.574840626439551,0.585178300002759,2018-11-04,"Fortaleza_remainder"
"susceptible_prop",202,0.514352333371364,0.548159359754744,0.568668357172205,0.574933587935603,0.585267609868942,2018-11-11,"Fortaleza_remainder"
"susceptible_prop",203,0.51444333590814,0.548261815956474,0.568759615398711,0.575028901174961,0.585351757575772,2018-11-18,"Fortaleza_remainder"
"susceptible_prop",204,0.514533726558086,0.548363648295409,0.56885258713244,0.575125987679932,0.585444077264753,2018-11-25,"Fortaleza_remainder"
"susceptible_prop",205,0.514639051382007,0.548469550817189,0.568947501995038,0.575224781874417,0.58553923824578,2018-12-02,"Fortaleza_remainder"
"susceptible_prop",206,0.514741303162745,0.548568424190027,0.569038671308228,0.575315979109439,0.585627643552297,2018-12-09,"Fortaleza_remainder"
"susceptible_prop",207,0.51483650967608,0.548665658857785,0.56912768879622,0.575404825746092,0.585713662834076,2018-12-16,"Fortaleza_remainder"
"susceptible_prop",208,0.514947065096828,0.548772143435748,0.56922960532779,0.575497395813578,0.585806545681537,2018-12-23,"Fortaleza_remainder"
"susceptible_prop",209,0.515041678558633,0.548866067356667,0.569322285471057,0.575575995982855,0.585888579495891,2018-12-30,"Fortaleza_remainder"
"susceptible_prop",210,0.51512143383043,0.548942978263257,0.5694018565716,0.575642428145905,0.585952083354147,2019-01-06,"Fortaleza_remainder"
"susceptible_prop",211,0.515207391505242,0.549021386549292,0.56948489133315,0.575714727817942,0.585982957179108,2019-01-13,"Fortaleza_remainder"
"susceptible_prop",212,0.515287921784956,0.549090017271166,0.569563423448116,0.57577038753489,0.586015683421673,2019-01-20,"Fortaleza_remainder"
"susceptible_prop",213,0.515379024755184,0.5491622776163,0.569649303450063,0.575846792167046,0.586049551356473,2019-01-27,"Fortaleza_remainder"
"susceptible_prop",214,0.51546537860251,0.549231744689373,0.569734596336283,0.575913732591244,0.586087220882539,2019-02-03,"Fortaleza_remainder"
"susceptible_prop",215,0.515521298555765,0.549281607244742,0.569796712783261,0.575975936318089,0.586126626105156,2019-02-10,"Fortaleza_remainder"
"susceptible_prop",216,0.515589159200803,0.549348949959158,0.569870014260965,0.576041753720126,0.586165568504957,2019-02-17,"Fortaleza_remainder"
"susceptible_prop",217,0.515633878622624,0.549414354624495,0.569930966644911,0.576106309811566,0.586201536216489,2019-02-24,"Fortaleza_remainder"
"susceptible_prop",218,0.515683058029654,0.549462657142704,0.569957344330995,0.576165623171393,0.586244205183491,2019-03-03,"Fortaleza_remainder"
"susceptible_prop",219,0.515700814347345,0.549486251831886,0.569977068789477,0.576180536850961,0.586264694623171,2019-03-10,"Fortaleza_remainder"
"susceptible_prop",220,0.515700116071827,0.54948407300788,0.569979666138551,0.576176421636247,0.586280220211528,2019-03-17,"Fortaleza_remainder"
"susceptible_prop",221,0.515702431231092,0.549502732078341,0.569985003718766,0.57619536910767,0.58630420756339,2019-03-24,"Fortaleza_remainder"
"susceptible_prop",222,0.515658950272959,0.549491305204285,0.569956456418322,0.576174574574447,0.58628746240214,2019-03-31,"Fortaleza_remainder"
"susceptible_prop",223,0.515634519432923,0.549459902796557,0.569896762412894,0.576162389074334,0.586224614570983,2019-04-07,"Fortaleza_remainder"
"susceptible_prop",224,0.515600624160234,0.549423446837858,0.569823889878179,0.576148810037588,0.586152137992284,2019-04-14,"Fortaleza_remainder"
"susceptible_prop",225,0.515565847189931,0.549438658508838,0.56979751411733,0.576070598890791,0.586046863565723,2019-04-21,"Fortaleza_remainder"
"susceptible_prop",226,0.515548765598484,0.549457609438304,0.56976736845001,0.576017918623434,0.585944089487221,2019-04-28,"Fortaleza_remainder"
"susceptible_prop",227,0.515527986811098,0.54946284748147,0.569703911217098,0.575948810785314,0.585819009166058,2019-05-05,"Fortaleza_remainder"
"susceptible_prop",228,0.515485753941328,0.549445658617075,0.569616029489508,0.575851285318149,0.585696538176692,2019-05-12,"Fortaleza_remainder"
"susceptible_prop",229,0.515407232360057,0.549425036383095,0.569559684617755,0.575799434898635,0.585602685103173,2019-05-19,"Fortaleza_remainder"
"susceptible_prop",230,0.515332781376748,0.549406103972182,0.569474869109843,0.575728536737603,0.585487338926537,2019-05-26,"Fortaleza_remainder"
"susceptible_prop",231,0.515266367947005,0.549413252448534,0.569409918088192,0.575663990826498,0.585408578119139,2019-06-02,"Fortaleza_remainder"
"susceptible_prop",232,0.515207009206375,0.54938020807044,0.569381925547669,0.575638148992596,0.585377826188445,2019-06-09,"Fortaleza_remainder"
"susceptible_prop",233,0.51515043016336,0.549318276105979,0.569333371618589,0.575598400688924,0.585351680701834,2019-06-16,"Fortaleza_remainder"
"susceptible_prop",234,0.515121371501213,0.549320225336965,0.569329642984369,0.575593197292629,0.585313219813732,2019-06-23,"Fortaleza_remainder"
"susceptible_prop",235,0.515129550774035,0.549345164768788,0.569366031224919,0.575625151267232,0.585288198700805,2019-06-30,"Fortaleza_remainder"
"susceptible_prop",236,0.515163140917517,0.549393768851374,0.569409154998984,0.575660836346902,0.585302441316394,2019-07-07,"Fortaleza_remainder"
"susceptible_prop",237,0.51521462723229,0.549470583234509,0.569461504504778,0.575720703706819,0.585342560243556,2019-07-14,"Fortaleza_remainder"
"susceptible_prop",238,0.515279281451831,0.54955655843167,0.569521472357394,0.575776209962815,0.585395346165782,2019-07-21,"Fortaleza_remainder"
"susceptible_prop",239,0.515349495101909,0.549648784122908,0.569596144371388,0.575860219719183,0.585460999372882,2019-07-28,"Fortaleza_remainder"
"susceptible_prop",240,0.515404732160189,0.549724186131165,0.5696642251779,0.575922605374875,0.585521201468321,2019-08-04,"Fortaleza_remainder"
"susceptible_prop",241,0.515456107466772,0.549799679371304,0.569733848045772,0.575991287012297,0.585593381254127,2019-08-11,"Fortaleza_remainder"
"susceptible_prop",242,0.515505821821501,0.549875008009843,0.569799384453186,0.576076271140019,0.585671722602508,2019-08-18,"Fortaleza_remainder"
"susceptible_prop",243,0.515521085825336,0.549939152638767,0.569860079314846,0.576143876509501,0.585724064197135,2019-08-25,"Fortaleza_remainder"
"susceptible_prop",244,0.515546092217277,0.550017746107729,0.569920767717062,0.5762230355029,0.585793535133078,2019-09-01,"Fortaleza_remainder"
"susceptible_prop",245,0.515586207732442,0.550106064462097,0.569990672148047,0.576290355975682,0.585866392614626,2019-09-08,"Fortaleza_remainder"
"susceptible_prop",246,0.515649365167598,0.550195187818001,0.570062578732077,0.576363481523907,0.585938981207067,2019-09-15,"Fortaleza_remainder"
"susceptible_prop",247,0.515706995270615,0.550278910430788,0.570140156602731,0.576438527337434,0.586014230927398,2019-09-22,"Fortaleza_remainder"
"susceptible_prop",248,0.51578826257624,0.55037090885535,0.570228696081701,0.576522412478489,0.58609988869037,2019-09-29,"Fortaleza_remainder"
"susceptible_prop",249,0.515884542630437,0.550465008879059,0.570319749341784,0.576598219917981,0.586177264936436,2019-10-06,"Fortaleza_remainder"
"susceptible_prop",250,0.515977660101266,0.550557956053851,0.570404859513033,0.576672755993091,0.58624956399598,2019-10-13,"Fortaleza_remainder"
"susceptible_prop",251,0.516081806396716,0.550659097827476,0.570498202764565,0.57676732454985,0.58632755206377,2019-10-20,"Fortaleza_remainder"
"susceptible_prop",252,0.516182841081511,0.550755716134106,0.57058707478723,0.576851954088624,0.58639577933348,2019-10-27,"Fortaleza_remainder"
"susceptible_prop",253,0.516271696002705,0.550844152370827,0.570671929367435,0.576926645124767,0.586459666483004,2019-11-03,"Fortaleza_remainder"
"susceptible_prop",254,0.516382878219628,0.550949486346769,0.570777233177282,0.577022716017342,0.58654455390941,2019-11-10,"Fortaleza_remainder"
"susceptible_prop",255,0.516492172454561,0.551052307536251,0.570880300151787,0.577116522277036,0.58663195202662,2019-11-17,"Fortaleza_remainder"
"susceptible_prop",256,0.516612876926095,0.551163916457306,0.570996125339583,0.577224854310489,0.586726551755144,2019-11-24,"Fortaleza_remainder"
"susceptible_prop",257,0.516722984737741,0.551261897809379,0.571104786614338,0.577326777734884,0.586820722638764,2019-12-01,"Fortaleza_remainder"
"susceptible_prop",258,0.516835488711412,0.551370002147759,0.57121966729383,0.57743514666363,0.586915034463647,2019-12-08,"Fortaleza_remainder"
"susceptible_prop",259,0.516946492358722,0.551468952994637,0.571323445126936,0.577540677088048,0.587012222128415,2019-12-15,"Fortaleza_remainder"
"susceptible_prop",260,0.517048143674405,0.551564582940391,0.571420978153135,0.577637576382802,0.587100819896695,2019-12-22,"Fortaleza_remainder"
"susceptible_prop",261,0.517165390029166,0.551672890972912,0.571529192746719,0.577748830839145,0.587200828673858,2019-12-29,"Fortaleza_remainder"
"susceptible_prop",1,1,1,1,1,1,2015-01-04,"Norte_Sobral"
"susceptible_prop",2,0.999995265854372,0.999997806381507,0.999998495650488,0.999998944551074,0.999999440372985,2015-01-11,"Norte_Sobral"
"susceptible_prop",3,0.999990533613211,0.999995613639898,0.999996991901292,0.999997889522854,0.999998880968763,2015-01-18,"Norte_Sobral"
"susceptible_prop",4,0.999985803004783,0.999993421649266,0.999995488666069,0.999996834854764,0.999998321755214,2015-01-25,"Norte_Sobral"
"susceptible_prop",5,0.999981073929405,0.999991230363427,0.999993985913146,0.999995780524582,0.999997762720556,2015-02-01,"Norte_Sobral"
"susceptible_prop",6,0.999976346977125,0.999989040055791,0.999992483830027,0.99999472666386,0.999997203934541,2015-02-08,"Norte_Sobral"
"susceptible_prop",7,0.999971621978074,0.999986850647652,0.999990982362735,0.99999367323473,0.999996645377091,2015-02-15,"Norte_Sobral"
"susceptible_prop",8,0.999966897648776,0.999984661544299,0.999989481103428,0.999992619951049,0.999996086896486,2015-02-22,"Norte_Sobral"
"susceptible_prop",9,0.999962176187216,0.999982473764203,0.999987980750559,0.999991567302853,0.999995528752555,2015-03-01,"Norte_Sobral"
"susceptible_prop",10,0.99995624072195,0.999979205313893,0.999985629071459,0.999989823659699,0.999994241927584,2015-03-08,"Norte_Sobral"
"susceptible_prop",11,0.999949122698281,0.999975623453247,0.99998297572855,0.999987830195715,0.999992932956449,2015-03-15,"Norte_Sobral"
"susceptible_prop",12,0.999941097325308,0.999971581842812,0.999979923908958,0.999985374247102,0.999991370183063,2015-03-22,"Norte_Sobral"
"susceptible_prop",13,0.999934240766371,0.999967226967598,0.9999763639426,0.999982572116698,0.999989481622999,2015-03-29,"Norte_Sobral"
"susceptible_prop",14,0.999927395725416,0.999962435735286,0.99997236528804,0.99997928020339,0.999987351202784,2015-04-05,"Norte_Sobral"
"susceptible_prop",15,0.999918776463182,0.999957336819559,0.999967871304871,0.999975741245387,0.999984817306574,2015-04-12,"Norte_Sobral"
"susceptible_prop",16,0.999910734374892,0.999952122304722,0.999963383153549,0.999971927231193,0.999981875465198,2015-04-19,"Norte_Sobral"
"susceptible_prop",17,0.999901762278557,0.999946559610699,0.999958959005484,0.999967978110608,0.999978740220187,2015-04-26,"Norte_Sobral"
"susceptible_prop",18,0.999893967530888,0.999940872882841,0.999954786195561,0.999964277724893,0.999975842270495,2015-05-03,"Norte_Sobral"
"susceptible_prop",19,0.999886561090237,0.999936359545523,0.999950691210248,0.999960885862953,0.999973296318963,2015-05-10,"Norte_Sobral"
"susceptible_prop",20,0.999881785964812,0.999932350662567,0.999947236576012,0.999957571472556,0.999970851530502,2015-05-17,"Norte_Sobral"
"susceptible_prop",21,0.999877900361674,0.999928398661857,0.999944239697972,0.999954789759266,0.9999687913029,2015-05-24,"Norte_Sobral"
"susceptible_prop",22,0.999873866223613,0.999925002566556,0.999941690436774,0.999952687947397,0.999966839063324,2015-05-31,"Norte_Sobral"
"susceptible_prop",23,0.999869376849665,0.999922547825177,0.999939612811483,0.999950816193948,0.999965353660387,2015-06-07,"Norte_Sobral"
"susceptible_prop",24,0.999866139364127,0.999920148827574,0.999938006613904,0.999949142808727,0.999963932489922,2015-06-14,"Norte_Sobral"
"susceptible_prop",25,0.999863430047308,0.999918373520247,0.999936665239722,0.999947908208613,0.999962863228604,2015-06-21,"Norte_Sobral"
"susceptible_prop",26,0.999862199230747,0.999916563918421,0.999935305646643,0.999947194494513,0.999962257595025,2015-06-28,"Norte_Sobral"
"susceptible_prop",27,0.999860726468201,0.99991539596825,0.999934224583933,0.999946621896334,0.9999616267582,2015-07-05,"Norte_Sobral"
"susceptible_prop",28,0.999859474454662,0.99991452391678,0.999933643565061,0.999946003703301,0.99996141017304,2015-07-12,"Norte_Sobral"
"susceptible_prop",29,0.999858498177126,0.999913954416626,0.999933163437151,0.999945470949412,0.999961203461599,2015-07-19,"Norte_Sobral"
"susceptible_prop",30,0.999857698558723,0.99991319406383,0.99993258725831,0.999944973760801,0.999960760250259,2015-07-26,"Norte_Sobral"
"susceptible_prop",31,0.999857002425281,0.99991232407612,0.999932050332262,0.999944757913116,0.999960622238036,2015-08-02,"Norte_Sobral"
"susceptible_prop",32,0.99985678777276,0.999911929445203,0.999931568548639,0.99994444969117,0.999960500725212,2015-08-09,"Norte_Sobral"
"susceptible_prop",33,0.999856043369989,0.99991144885072,0.99993136369777,0.999944220440924,0.999960310604405,2015-08-16,"Norte_Sobral"
"susceptible_prop",34,0.999855678344102,0.999911223037128,0.999931128596329,0.999943955890717,0.999960064620501,2015-08-23,"Norte_Sobral"
"susceptible_prop",35,0.999855379225771,0.99991099577796,0.999930956018485,0.999943767520287,0.99995982227762,2015-08-30,"Norte_Sobral"
"susceptible_prop",36,0.999854979717869,0.999910776291577,0.999930649525527,0.999943493654763,0.999959564974003,2015-09-06,"Norte_Sobral"
"susceptible_prop",37,0.999854484877719,0.99991045843911,0.999930429397447,0.999943307661255,0.999959302235837,2015-09-13,"Norte_Sobral"
"susceptible_prop",38,0.999853914990012,0.999909934027681,0.999930004782572,0.99994309620865,0.999959115261074,2015-09-20,"Norte_Sobral"
"susceptible_prop",39,0.999853174374779,0.999909680565551,0.999929705249832,0.99994280384211,0.999958852160282,2015-09-27,"Norte_Sobral"
"susceptible_prop",40,0.99985257297891,0.999909294759862,0.999929493530416,0.99994239738401,0.99995868898908,2015-10-04,"Norte_Sobral"
"susceptible_prop",41,0.999851802744783,0.999908834990955,0.999929154167124,0.999942017343108,0.999958532621906,2015-10-11,"Norte_Sobral"
"susceptible_prop",42,0.999851399387933,0.999908416518557,0.999928780651818,0.999941746667502,0.99995835933861,2015-10-18,"Norte_Sobral"
"susceptible_prop",43,0.9998509369283,0.999907799153478,0.999928494544072,0.999941379210971,0.999958168059551,2015-10-25,"Norte_Sobral"
"susceptible_prop",44,0.999850547457193,0.999907441862872,0.999928053670567,0.999941003150952,0.999957732152204,2015-11-01,"Norte_Sobral"
"susceptible_prop",45,0.999850104479132,0.999906881839265,0.999927287057834,0.999940575683503,0.999957537090637,2015-11-08,"Norte_Sobral"
"susceptible_prop",46,0.999848052874043,0.999906057246686,0.999926552633641,0.999939935835675,0.999956963501456,2015-11-15,"Norte_Sobral"
"susceptible_prop",47,0.999846781801174,0.999904951450032,0.999925683734801,0.999939177570552,0.999955968008379,2015-11-22,"Norte_Sobral"
"susceptible_prop",48,0.999846039601865,0.999903654344784,0.999924462019937,0.999938105111906,0.999955330645233,2015-11-29,"Norte_Sobral"
"susceptible_prop",49,0.999844694965722,0.9999021667099,0.999922851371603,0.999936644910086,0.999954591108876,2015-12-06,"Norte_Sobral"
"susceptible_prop",50,0.999839717972522,0.999899621834155,0.999920615658786,0.99993445152004,0.999952951069176,2015-12-13,"Norte_Sobral"
"susceptible_prop",51,0.999836196449409,0.999896618950939,0.999917694977657,0.999931345530737,0.999950248323401,2015-12-20,"Norte_Sobral"
"susceptible_prop",52,0.999831412473774,0.999891901785756,0.9999134374637,0.999927778874348,0.999947033349991,2015-12-27,"Norte_Sobral"
"susceptible_prop",53,0.999820534047426,0.999885443365539,0.999907721252327,0.999922426897364,0.999943559052598,2016-01-03,"Norte_Sobral"
"susceptible_prop",54,0.999806166155173,0.99987485511143,0.999899681531989,0.999914795824801,0.999936354628658,2016-01-10,"Norte_Sobral"
"susceptible_prop",55,0.999787505751078,0.999859278547916,0.999887388934065,0.999903937781885,0.999926184426292,2016-01-17,"Norte_Sobral"
"susceptible_prop",56,0.999753443137695,0.999839321547439,0.999868853135719,0.999887454952192,0.999913302365767,2016-01-24,"Norte_Sobral"
"susceptible_prop",57,0.999713319381654,0.999806446905871,0.999842474846152,0.999863624752221,0.999896137591605,2016-01-31,"Norte_Sobral"
"susceptible_prop",58,0.999645460796505,0.999761565985123,0.999802743615034,0.999828671471212,0.999868864498006,2016-02-07,"Norte_Sobral"
"susceptible_prop",59,0.999551468632941,0.999686818303725,0.999746197885198,0.999778440888158,0.999828519245941,2016-02-14,"Norte_Sobral"
"susceptible_prop",60,0.99939981168659,0.999579026639638,0.999659882889082,0.999704963591085,0.99976933900001,2016-02-21,"Norte_Sobral"
"susceptible_prop",61,0.999135877483613,0.99940163183829,0.999517100975531,0.999588431550795,0.99967581381249,2016-02-28,"Norte_Sobral"
"susceptible_prop",62,0.998677299696824,0.999110625297892,0.99928819104823,0.999394544303055,0.99953142314023,2016-03-06,"Norte_Sobral"
"susceptible_prop",63,0.997985931420628,0.998629308370811,0.998914193930955,0.99907940032217,0.999300217959158,2016-03-13,"Norte_Sobral"
"susceptible_prop",64,0.996740588074015,0.99787384464786,0.998314793945105,0.998587479268277,0.998935262807774,2016-03-20,"Norte_Sobral"
"susceptible_prop",65,0.994943037449758,0.996807694465651,0.99745267662787,0.997859072849933,0.998363850893703,2016-03-27,"Norte_Sobral"
"susceptible_prop",66,0.992687852358912,0.995215523296927,0.996127221878104,0.996756468797956,0.997527031202418,2016-04-03,"Norte_Sobral"
"susceptible_prop",67,0.98935148950967,0.992965485877749,0.994191598226768,0.995154554183398,0.996351951170652,2016-04-10,"Norte_Sobral"
"susceptible_prop",68,0.984959849025365,0.989762830878869,0.991353657253415,0.992736495800181,0.99450269417782,2016-04-17,"Norte_Sobral"
"susceptible_prop",69,0.979348138429282,0.985302688512818,0.987468565246527,0.989386211253287,0.99188415244864,2016-04-24,"Norte_Sobral"
"susceptible_prop",70,0.972446192196023,0.979065108796004,0.981982441191423,0.984638567717802,0.98822725516782,2016-05-01,"Norte_Sobral"
"susceptible_prop",71,0.962222156210209,0.971012429436284,0.974866203011119,0.978336761798049,0.98346209847831,2016-05-08,"Norte_Sobral"
"susceptible_prop",72,0.950981667948294,0.961686794694126,0.966735094329079,0.97106954819958,0.977751850467203,2016-05-15,"Norte_Sobral"
"susceptible_prop",73,0.938300367837076,0.951512545678356,0.95794155455256,0.963471025851898,0.971603657010183,2016-05-22,"Norte_Sobral"
"susceptible_prop",74,0.924086895304285,0.941745777647172,0.949037704102764,0.955866772462458,0.965512759962158,2016-05-29,"Norte_Sobral"
"susceptible_prop",75,0.910238829344577,0.932015297728574,0.940735504979341,0.94862395045719,0.960330246255223,2016-06-05,"Norte_Sobral"
"susceptible_prop",76,0.897779991847068,0.92402383624799,0.933591472125917,0.942251001680073,0.954973734801865,2016-06-12,"Norte_Sobral"
"susceptible_prop",77,0.887022876831,0.916760465104062,0.927445076310157,0.936647118577175,0.950807271871691,2016-06-19,"Norte_Sobral"
"susceptible_prop",78,0.87819098916192,0.910702748329718,0.922408196039703,0.931697427513073,0.947154182671595,2016-06-26,"Norte_Sobral"
"susceptible_prop",79,0.871337496932883,0.905792125065692,0.918000485743377,0.9279617906834,0.94403284173986,2016-07-03,"Norte_Sobral"
"susceptible_prop",80,0.866000901095319,0.901681578310856,0.914366565997226,0.924656780438846,0.941416321200901,2016-07-10,"Norte_Sobral"
"susceptible_prop",81,0.860858745402343,0.898280120736991,0.911446695273492,0.921894184907768,0.939220057696965,2016-07-17,"Norte_Sobral"
"susceptible_prop",82,0.857425678976841,0.895691462696622,0.908959178917363,0.9194599150911,0.93717950740914,2016-07-24,"Norte_Sobral"
"susceptible_prop",83,0.854363850248659,0.893246201506062,0.90675756842427,0.917370867360971,0.935382682145491,2016-07-31,"Norte_Sobral"
"susceptible_prop",84,0.851458204486758,0.891209695270696,0.905035312869258,0.91572026903823,0.934262309948686,2016-08-07,"Norte_Sobral"
"susceptible_prop",85,0.849069625009299,0.889659275679941,0.903744578967913,0.914626609046322,0.933396240002762,2016-08-14,"Norte_Sobral"
"susceptible_prop",86,0.84731736187051,0.888326606151807,0.902517720228536,0.913737188594101,0.932644711421109,2016-08-21,"Norte_Sobral"
"susceptible_prop",87,0.846140465349148,0.887432808180715,0.901649534063395,0.91297099934244,0.93202932441188,2016-08-28,"Norte_Sobral"
"susceptible_prop",88,0.845141950297794,0.886548652113857,0.900870439855982,0.912336003033952,0.931300668575538,2016-09-04,"Norte_Sobral"
"susceptible_prop",89,0.844367820875536,0.885878687627439,0.900139972147353,0.911799013712358,0.930758277319622,2016-09-11,"Norte_Sobral"
"susceptible_prop",90,0.843713951867217,0.885212238071569,0.899497919576595,0.911215731725333,0.930238294871928,2016-09-18,"Norte_Sobral"
"susceptible_prop",91,0.843167554915831,0.884598050833459,0.898943835201545,0.910704597137904,0.929822571745847,2016-09-25,"Norte_Sobral"
"susceptible_prop",92,0.842489230163241,0.884119754379317,0.898494044577475,0.910172314381307,0.929424114533542,2016-10-02,"Norte_Sobral"
"susceptible_prop",93,0.841856439941737,0.883478470904857,0.89797605984552,0.909712259711589,0.929013126747787,2016-10-09,"Norte_Sobral"
"susceptible_prop",94,0.841270339279677,0.882837715349373,0.897447294754889,0.909197234088189,0.928583186238784,2016-10-16,"Norte_Sobral"
"susceptible_prop",95,0.840744989363361,0.88233026945485,0.896991932606576,0.908720943924943,0.928240549042745,2016-10-23,"Norte_Sobral"
"susceptible_prop",96,0.840212488166239,0.881804575383673,0.896526085265169,0.908178729655973,0.927745897889342,2016-10-30,"Norte_Sobral"
"susceptible_prop",97,0.839610847748932,0.881297450669943,0.895992833899439,0.907641300271198,0.927323826845084,2016-11-06,"Norte_Sobral"
"susceptible_prop",98,0.838714439145451,0.880686311600476,0.895479534579497,0.907067810571689,0.926849849663062,2016-11-13,"Norte_Sobral"
"susceptible_prop",99,0.837711157339537,0.879966405405106,0.894614715648577,0.906434077304721,0.926291623990288,2016-11-20,"Norte_Sobral"
"susceptible_prop",100,0.836859293244022,0.879255662552977,0.893796489992597,0.905715841988207,0.925493875090011,2016-11-27,"Norte_Sobral"
"susceptible_prop",101,0.836030527914813,0.878539618641478,0.893139401482867,0.904920215929503,0.924943131984621,2016-12-04,"Norte_Sobral"
"susceptible_prop",102,0.835258928070904,0.87784005447243,0.892569149086476,0.904267505450839,0.924322126561863,2016-12-11,"Norte_Sobral"
"susceptible_prop",103,0.834526801899042,0.877146576757725,0.891984384796925,0.903669195812127,0.923790164178123,2016-12-18,"Norte_Sobral"
"susceptible_prop",104,0.833921659205698,0.876631096306311,0.891465318440028,0.903016197871157,0.923307337339425,2016-12-25,"Norte_Sobral"
"susceptible_prop",105,0.833319580897762,0.876116165885907,0.890859408688168,0.902370996419808,0.922794081086551,2017-01-01,"Norte_Sobral"
"susceptible_prop",106,0.832695095262661,0.875552242025646,0.890154930961628,0.901728561962048,0.92222794599057,2017-01-08,"Norte_Sobral"
"susceptible_prop",107,0.831957256950158,0.874891909661596,0.889489995868951,0.900932757002981,0.921572192082635,2017-01-15,"Norte_Sobral"
"susceptible_prop",108,0.831048703019714,0.874032002303689,0.888746813822545,0.9001305701036,0.920782702030215,2017-01-22,"Norte_Sobral"
"susceptible_prop",109,0.830123064965114,0.87280320179736,0.887674383647403,0.899096972717155,0.919632960967061,2017-01-29,"Norte_Sobral"
"susceptible_prop",110,0.828892416090423,0.871485494240602,0.886296636445365,0.897718797306149,0.918406959165735,2017-02-05,"Norte_Sobral"
"susceptible_prop",111,0.827279004361988,0.869772347475226,0.884598875476556,0.895972520218476,0.916733469406564,2017-02-12,"Norte_Sobral"
"susceptible_prop",112,0.824969705073071,0.867025152941308,0.882081334036912,0.893798291490676,0.914553235961399,2017-02-19,"Norte_Sobral"
"susceptible_prop",113,0.822167772083688,0.863938760478188,0.87870839000311,0.890913937183278,0.911607152036718,2017-02-26,"Norte_Sobral"
"susceptible_prop",114,0.817549221765024,0.859287780762488,0.874276682464548,0.886620964245471,0.907148474849583,2017-03-05,"Norte_Sobral"
"susceptible_prop",115,0.811699105391655,0.853189945633368,0.868207626140102,0.880192942189417,0.901533736837492,2017-03-12,"Norte_Sobral"
"susceptible_prop",116,0.802513114674858,0.844604587456615,0.859536384816629,0.871958926198069,0.894482120064688,2017-03-19,"Norte_Sobral"
"susceptible_prop",117,0.791837545838715,0.832690783557865,0.847590087891854,0.86034056024942,0.883637077022917,2017-03-26,"Norte_Sobral"
"susceptible_prop",118,0.777544209421887,0.817582184001845,0.832146617848381,0.845260809403766,0.867706838672516,2017-04-02,"Norte_Sobral"
"susceptible_prop",119,0.760226870646587,0.798491527333883,0.813065820846526,0.825702363572751,0.848729116710345,2017-04-09,"Norte_Sobral"
"susceptible_prop",120,0.73972911944681,0.775069747195046,0.789495623060484,0.802540630402552,0.825506988901832,2017-04-16,"Norte_Sobral"
"susceptible_prop",121,0.715190671548334,0.748267847031525,0.76307445676536,0.777333597546148,0.799331657468777,2017-04-23,"Norte_Sobral"
"susceptible_prop",122,0.689465221460926,0.720429494456928,0.735102218406738,0.74937142079855,0.77077626822512,2017-04-30,"Norte_Sobral"
"susceptible_prop",123,0.663081459934106,0.692252571843913,0.707181402397229,0.720389748371919,0.741644903818398,2017-05-07,"Norte_Sobral"
"susceptible_prop",124,0.635706776980793,0.665539089934032,0.681032733557312,0.694325293547654,0.714276265975532,2017-05-14,"Norte_Sobral"
"susceptible_prop",125,0.609804839437818,0.640499243783588,0.657301875961629,0.669290257130998,0.688418193695434,2017-05-21,"Norte_Sobral"
"susceptible_prop",126,0.588665244476065,0.620033805016606,0.637902259380957,0.647744675402147,0.664655972683605,2017-05-28,"Norte_Sobral"
"susceptible_prop",127,0.571151501973401,0.601024645201104,0.619849440963335,0.62906763324893,0.643943537500178,2017-06-04,"Norte_Sobral"
"susceptible_prop",128,0.557479834352825,0.587970670087273,0.605895442850144,0.614247538572102,0.627406377822158,2017-06-11,"Norte_Sobral"
"susceptible_prop",129,0.545897406737473,0.576174662107153,0.594187957175979,0.602079657021843,0.61405734906978,2017-06-18,"Norte_Sobral"
"susceptible_prop",130,0.53811686200915,0.566812069684769,0.58548721506816,0.592991749830071,0.604297726471667,2017-06-25,"Norte_Sobral"
"susceptible_prop",131,0.531603212463896,0.560199204228808,0.578782193241011,0.585964255169925,0.596220611941304,2017-07-02,"Norte_Sobral"
"susceptible_prop",132,0.526469806481915,0.555137886035346,0.573301945929096,0.58010114414939,0.589811889193661,2017-07-09,"Norte_Sobral"
"susceptible_prop",133,0.521773082322557,0.551059760927428,0.568930343572822,0.575855650850913,0.585897273794192,2017-07-16,"Norte_Sobral"
"susceptible_prop",134,0.518282072428864,0.547607886495532,0.565516146357947,0.572213487575848,0.581879494054559,2017-07-23,"Norte_Sobral"
"susceptible_prop",135,0.515923484664368,0.545155683366186,0.562994888053924,0.569551831847695,0.579441951370629,2017-07-30,"Norte_Sobral"
"susceptible_prop",136,0.514103806709026,0.543316822872181,0.561059583405342,0.567502568452317,0.577267736266826,2017-08-06,"Norte_Sobral"
"susceptible_prop",137,0.5126913023388,0.54218395936249,0.55963341315632,0.565942345134661,0.575742352899226,2017-08-13,"Norte_Sobral"
"susceptible_prop",138,0.511713370157292,0.541248875998661,0.558570795843442,0.564889977505563,0.574737080509788,2017-08-20,"Norte_Sobral"
"susceptible_prop",139,0.510888000652483,0.540628390293045,0.557889410472344,0.564154968318808,0.57399753528674,2017-08-27,"Norte_Sobral"
"susceptible_prop",140,0.510262066044608,0.540281443623945,0.557331668742781,0.563638777325305,0.573449585047873,2017-09-03,"Norte_Sobral"
"susceptible_prop",141,0.509792725853387,0.539842535221786,0.556949042684466,0.563240758805007,0.573031627888068,2017-09-10,"Norte_Sobral"
"susceptible_prop",142,0.509474392407488,0.539454899685962,0.556720905162118,0.56293029745258,0.572778439172785,2017-09-17,"Norte_Sobral"
"susceptible_prop",143,0.509229869066304,0.539193735076236,0.556538122787124,0.562721171325362,0.572615822409469,2017-09-24,"Norte_Sobral"
"susceptible_prop",144,0.509098149662416,0.539034037383674,0.55636522195531,0.562562453169002,0.572494304684845,2017-10-01,"Norte_Sobral"
"susceptible_prop",145,0.508935831333214,0.538923174444486,0.556254107855854,0.562471844900151,0.572367008037267,2017-10-08,"Norte_Sobral"
"susceptible_prop",146,0.508863714251237,0.538877375937083,0.556133313557294,0.562403191622972,0.572240666511593,2017-10-15,"Norte_Sobral"
"susceptible_prop",147,0.50881785726774,0.538855372196866,0.556080151326119,0.56234274693411,0.572140679957172,2017-10-22,"Norte_Sobral"
"susceptible_prop",148,0.508765279867906,0.538853186135318,0.556032707305895,0.56228896477405,0.572085106986614,2017-10-29,"Norte_Sobral"
"susceptible_prop",149,0.508736487957119,0.538837823773362,0.555997335847125,0.562267633634299,0.572036584822683,2017-11-05,"Norte_Sobral"
"susceptible_prop",150,0.508682727683644,0.538819085454092,0.555962221311438,0.562227267640333,0.571997456298878,2017-11-12,"Norte_Sobral"
"susceptible_prop",151,0.508616335520627,0.538819121954649,0.555956171383756,0.562216997336436,0.571954440309124,2017-11-19,"Norte_Sobral"
"susceptible_prop",152,0.508602370924134,0.53883930920608,0.555981224438484,0.562226498701008,0.571916759846937,2017-11-26,"Norte_Sobral"
"susceptible_prop",153,0.508582901516377,0.538835477491155,0.556002193785006,0.562261434785982,0.571880252617909,2017-12-03,"Norte_Sobral"
"susceptible_prop",154,0.508572318605456,0.538879063778936,0.556021693740989,0.562303126635913,0.571877985240012,2017-12-10,"Norte_Sobral"
"susceptible_prop",155,0.508590121883721,0.538907008043239,0.556069459952586,0.562337531921596,0.571857629231434,2017-12-17,"Norte_Sobral"
"susceptible_prop",156,0.508615749507681,0.538958153486659,0.556109379169021,0.562358209061431,0.571855619646762,2017-12-24,"Norte_Sobral"
"susceptible_prop",157,0.508621709921638,0.538981624569815,0.556106343923782,0.562354931781043,0.571844878310616,2017-12-31,"Norte_Sobral"
"susceptible_prop",158,0.508645654592646,0.539021202849074,0.55613526204623,0.562363921727151,0.571863515371996,2018-01-07,"Norte_Sobral"
"susceptible_prop",159,0.508658440193528,0.539059928920557,0.55614618161009,0.562382612738495,0.571875957700069,2018-01-14,"Norte_Sobral"
"susceptible_prop",160,0.508656350976397,0.539076435627232,0.55615305912798,0.562387587793208,0.571896232258255,2018-01-21,"Norte_Sobral"
"susceptible_prop",161,0.508645293871729,0.539100614406831,0.556157404094257,0.562355949046891,0.571901357770053,2018-01-28,"Norte_Sobral"
"susceptible_prop",162,0.508628192041956,0.539095635519827,0.556140151482935,0.562324456166465,0.571881529910713,2018-02-04,"Norte_Sobral"
"susceptible_prop",163,0.508620891756349,0.53911306830322,0.556108606630736,0.562304431568863,0.571837024792955,2018-02-11,"Norte_Sobral"
"susceptible_prop",164,0.508571937098557,0.539115120314274,0.556085017698526,0.562228356191274,0.571757067057385,2018-02-18,"Norte_Sobral"
"susceptible_prop",165,0.508545780828442,0.539122418401719,0.556004598265506,0.562116096469031,0.571708568299171,2018-02-25,"Norte_Sobral"
"susceptible_prop",166,0.508489773281291,0.539053064827845,0.555914036032344,0.562000997324372,0.571646406208394,2018-03-04,"Norte_Sobral"
"susceptible_prop",167,0.508441432251367,0.538985413156626,0.555856563537844,0.561914143840227,0.571622606881732,2018-03-11,"Norte_Sobral"
"susceptible_prop",168,0.508366601086096,0.538905828438403,0.555781831239421,0.56179319076885,0.571580998381125,2018-03-18,"Norte_Sobral"
"susceptible_prop",169,0.508281044090341,0.538827445427211,0.55573480917704,0.561689855497393,0.571536639089218,2018-03-25,"Norte_Sobral"
"susceptible_prop",170,0.508220732607813,0.538762034292319,0.555680045964464,0.561585926767294,0.571459198209197,2018-04-01,"Norte_Sobral"
"susceptible_prop",171,0.508168031484822,0.538697254260965,0.555627294787512,0.561537565198547,0.571431158769748,2018-04-08,"Norte_Sobral"
"susceptible_prop",172,0.508113877195484,0.538636346512747,0.555582535878272,0.561486205600459,0.571364128561402,2018-04-15,"Norte_Sobral"
"susceptible_prop",173,0.508078163566618,0.538599721132639,0.555567507385465,0.561483101778381,0.571324259456306,2018-04-22,"Norte_Sobral"
"susceptible_prop",174,0.508095507387155,0.538588015555157,0.555585953593499,0.561525612593055,0.57131728053746,2018-04-29,"Norte_Sobral"
"susceptible_prop",175,0.508100129488815,0.538574982444161,0.555599254080807,0.561554474006469,0.571305754865721,2018-05-06,"Norte_Sobral"
"susceptible_prop",176,0.50814485501477,0.538584328144105,0.555635138377336,0.561594515917058,0.571321461795481,2018-05-13,"Norte_Sobral"
"susceptible_prop",177,0.508196917041214,0.538601743429612,0.555698609061071,0.561641107368716,0.571360388885433,2018-05-20,"Norte_Sobral"
"susceptible_prop",178,0.508256925022238,0.538627454595945,0.555753625290236,0.561677738434346,0.571386964647212,2018-05-27,"Norte_Sobral"
"susceptible_prop",179,0.508327349720125,0.538661139911642,0.55580562334665,0.561724312249752,0.571415233620594,2018-06-03,"Norte_Sobral"
"susceptible_prop",180,0.508425687101791,0.538724277712937,0.555890637261683,0.561799148407429,0.571478076530992,2018-06-10,"Norte_Sobral"
"susceptible_prop",181,0.508515231178213,0.538771350790128,0.555955741140911,0.561866204187186,0.571533118966043,2018-06-17,"Norte_Sobral"
"susceptible_prop",182,0.508606151490793,0.538830671271276,0.556029516827888,0.561940439434255,0.571585076787764,2018-06-24,"Norte_Sobral"
"susceptible_prop",183,0.508705525803093,0.538907865789483,0.556110180722021,0.562020393160427,0.571645531996718,2018-07-01,"Norte_Sobral"
"susceptible_prop",184,0.508807524132802,0.538988901951362,0.556192587988665,0.562094990182301,0.571715094127482,2018-07-08,"Norte_Sobral"
"susceptible_prop",185,0.508851652885607,0.539072510896635,0.556270169168881,0.562168461624225,0.571777470013023,2018-07-15,"Norte_Sobral"
"susceptible_prop",186,0.508915780984779,0.539168427809963,0.556351110021669,0.56225113139482,0.571846318833067,2018-07-22,"Norte_Sobral"
"susceptible_prop",187,0.508995461196658,0.539261138601684,0.556429140593032,0.56233640071869,0.571918211897427,2018-07-29,"Norte_Sobral"
"susceptible_prop",188,0.509073021772256,0.539354015690978,0.556507981634193,0.562417532686322,0.571995833976507,2018-08-05,"Norte_Sobral"
"susceptible_prop",189,0.509183228825754,0.539458792495693,0.556604956753921,0.562506498642163,0.572087574747472,2018-08-12,"Norte_Sobral"
"susceptible_prop",190,0.509293041261841,0.539565890953733,0.556694131306342,0.56259648361086,0.572173026064372,2018-08-19,"Norte_Sobral"
"susceptible_prop",191,0.509402686909121,0.539680288761937,0.556789159997104,0.562693189743134,0.572265194773167,2018-08-26,"Norte_Sobral"
"susceptible_prop",192,0.509503944573346,0.539795382244562,0.556897453532379,0.56279862728808,0.572367443750467,2018-09-02,"Norte_Sobral"
"susceptible_prop",193,0.509610275898401,0.539906776927119,0.557002707398824,0.562901029768787,0.572471834956026,2018-09-09,"Norte_Sobral"
"susceptible_prop",194,0.509729661033511,0.540026331030716,0.557113623624218,0.563016279897203,0.572580466028001,2018-09-16,"Norte_Sobral"
"susceptible_prop",195,0.509856584981601,0.540150546779387,0.557230645243689,0.563135829047096,0.572697748056184,2018-09-23,"Norte_Sobral"
"susceptible_prop",196,0.509972999431072,0.540265684781634,0.55733837767492,0.563242176115216,0.572803239360575,2018-09-30,"Norte_Sobral"
"susceptible_prop",197,0.510096168800516,0.54038573759025,0.557449305732293,0.563352734759703,0.572913771431301,2018-10-07,"Norte_Sobral"
"susceptible_prop",198,0.510224329733848,0.540512608115038,0.557567133802088,0.563467215045296,0.573029463050329,2018-10-14,"Norte_Sobral"
"susceptible_prop",199,0.510340924645804,0.540634109732804,0.557678210099816,0.563579795095736,0.573136355849581,2018-10-21,"Norte_Sobral"
"susceptible_prop",200,0.510464754536497,0.540756942283569,0.557791795448316,0.563692129160157,0.573247571282619,2018-10-28,"Norte_Sobral"
"susceptible_prop",201,0.510575944870728,0.540869531608978,0.557898037449575,0.563792679567458,0.573352035358979,2018-11-04,"Norte_Sobral"
"susceptible_prop",202,0.510699072367593,0.540997330855493,0.558025852736804,0.563912100726424,0.573470591029047,2018-11-11,"Norte_Sobral"
"susceptible_prop",203,0.510811649877895,0.541108785904306,0.558138378707532,0.564018549421911,0.573570014972722,2018-11-18,"Norte_Sobral"
"susceptible_prop",204,0.510931892352444,0.541228262308334,0.558257487700836,0.564132251808913,0.573677326887534,2018-11-25,"Norte_Sobral"
"susceptible_prop",205,0.511052896677163,0.541343039864513,0.55836991749162,0.564243547600357,0.573777625716628,2018-12-02,"Norte_Sobral"
"susceptible_prop",206,0.511173329646585,0.54145726163896,0.558481879692891,0.564354839453094,0.573875857913515,2018-12-09,"Norte_Sobral"
"susceptible_prop",207,0.511318528053904,0.541595448459042,0.558617164487108,0.564489070009777,0.573996466697143,2018-12-16,"Norte_Sobral"
"susceptible_prop",208,0.511446787600779,0.541714690873007,0.558732297582075,0.564605220134624,0.574103315378415,2018-12-23,"Norte_Sobral"
"susceptible_prop",209,0.511570776439089,0.541833085093625,0.558847024856947,0.564717503203362,0.574210265760715,2018-12-30,"Norte_Sobral"
"susceptible_prop",210,0.511679015321548,0.541937560901828,0.558945165140958,0.564817205842007,0.574304373366002,2019-01-06,"Norte_Sobral"
"susceptible_prop",211,0.511796047642403,0.542047892858747,0.559055670168879,0.564923781529041,0.574409492374993,2019-01-13,"Norte_Sobral"
"susceptible_prop",212,0.511901213604195,0.542144009365897,0.559151664451846,0.565019162311229,0.574504845198254,2019-01-20,"Norte_Sobral"
"susceptible_prop",213,0.512008452046403,0.542245464930705,0.559250998263407,0.565112276035064,0.574602164154857,2019-01-27,"Norte_Sobral"
"susceptible_prop",214,0.512116689644874,0.542347209387855,0.559348980052072,0.565199093606284,0.574701581823853,2019-02-03,"Norte_Sobral"
"susceptible_prop",215,0.512211174632521,0.542435053717023,0.559426401062815,0.565270377108113,0.574791209098687,2019-02-10,"Norte_Sobral"
"susceptible_prop",216,0.512304963243875,0.542533012588644,0.559509493615378,0.565354856725373,0.574882207106821,2019-02-17,"Norte_Sobral"
"susceptible_prop",217,0.512388279877556,0.542626928745859,0.559578304326644,0.565438229258256,0.574968646450231,2019-02-24,"Norte_Sobral"
"susceptible_prop",218,0.512468438543428,0.542708984903599,0.559640595773171,0.565518738644741,0.575052764730812,2019-03-03,"Norte_Sobral"
"susceptible_prop",219,0.512525012260407,0.542777885135796,0.559703878211679,0.56558964487629,0.575118628361383,2019-03-10,"Norte_Sobral"
"susceptible_prop",220,0.512623314146494,0.542860737260737,0.559785630277023,0.565679554964605,0.575201272660546,2019-03-17,"Norte_Sobral"
"susceptible_prop",221,0.512718862739638,0.542931149198398,0.559857335207807,0.565765011731713,0.57527190661616,2019-03-24,"Norte_Sobral"
"susceptible_prop",222,0.512810767274109,0.542995942275712,0.55992831330296,0.565847505506185,0.575343604401625,2019-03-31,"Norte_Sobral"
"susceptible_prop",223,0.512875966276804,0.543049353176012,0.559988526438309,0.565910949765886,0.575374512914444,2019-04-07,"Norte_Sobral"
"susceptible_prop",224,0.512941473425348,0.543100779095992,0.560024721962881,0.565951112059333,0.575394448690903,2019-04-14,"Norte_Sobral"
"susceptible_prop",225,0.51297703762126,0.543145635999876,0.56005594144234,0.565981988009457,0.575390245145571,2019-04-21,"Norte_Sobral"
"susceptible_prop",226,0.513024742781706,0.543200909000025,0.560087546035791,0.566014497569056,0.575425769347211,2019-04-28,"Norte_Sobral"
"susceptible_prop",227,0.513052075176895,0.543256000603622,0.560114478003711,0.566060318471566,0.575442216858023,2019-05-05,"Norte_Sobral"
"susceptible_prop",228,0.513083090523292,0.543308050881088,0.560148125225112,0.566104767756191,0.575431833434042,2019-05-12,"Norte_Sobral"
"susceptible_prop",229,0.513105030635742,0.543341876895127,0.560189108188557,0.566135449447987,0.575427474893193,2019-05-19,"Norte_Sobral"
"susceptible_prop",230,0.513126924318365,0.543364904935579,0.560229775494756,0.566160559185695,0.575432228482611,2019-05-26,"Norte_Sobral"
"susceptible_prop",231,0.513182785020925,0.543429470851564,0.560295332907367,0.566205579608277,0.575475004213318,2019-06-02,"Norte_Sobral"
"susceptible_prop",232,0.513245491388328,0.543483516414776,0.560366154209599,0.566262896670329,0.575531037384446,2019-06-09,"Norte_Sobral"
"susceptible_prop",233,0.513301529303068,0.543544214598897,0.560435609403545,0.566305374271443,0.575590498070392,2019-06-16,"Norte_Sobral"
"susceptible_prop",234,0.513359990296661,0.543613685634075,0.560506574827845,0.566368973181808,0.575663700338362,2019-06-23,"Norte_Sobral"
"susceptible_prop",235,0.513433810576468,0.543693217094709,0.560580785136969,0.56644937722956,0.575748961749328,2019-06-30,"Norte_Sobral"
"susceptible_prop",236,0.513525801930637,0.543786059061003,0.560670274129221,0.566539947378789,0.575841787238787,2019-07-07,"Norte_Sobral"
"susceptible_prop",237,0.513617022467252,0.54389041821538,0.560774187876677,0.566638572504605,0.575949361664336,2019-07-14,"Norte_Sobral"
"susceptible_prop",238,0.513713622091574,0.543991761655499,0.560879160195059,0.566737922225309,0.576051580132618,2019-07-21,"Norte_Sobral"
"susceptible_prop",239,0.513824246948292,0.544095132303687,0.560982494250038,0.566833095243387,0.57615406396038,2019-07-28,"Norte_Sobral"
"susceptible_prop",240,0.513932696612524,0.544191585430244,0.56107837404808,0.566925124718082,0.576250207201614,2019-08-04,"Norte_Sobral"
"susceptible_prop",241,0.514048829857867,0.54428982623785,0.56118008775222,0.567013459683991,0.576348440573871,2019-08-11,"Norte_Sobral"
"susceptible_prop",242,0.514159719873255,0.544388922489936,0.561281890473743,0.567104851220488,0.576443667824435,2019-08-18,"Norte_Sobral"
"susceptible_prop",243,0.514277569567234,0.544493982777207,0.561391280809171,0.567209013751538,0.576549602062651,2019-08-25,"Norte_Sobral"
"susceptible_prop",244,0.514402394841951,0.544606357558011,0.561509731145293,0.567318097777049,0.576659955884755,2019-09-01,"Norte_Sobral"
"susceptible_prop",245,0.514536616145946,0.544724929602857,0.561631490386452,0.5674316307218,0.57677408575853,2019-09-08,"Norte_Sobral"
"susceptible_prop",246,0.514671769764958,0.544843377593284,0.561752434600662,0.56754670472549,0.576887986809256,2019-09-15,"Norte_Sobral"
"susceptible_prop",247,0.514801988188845,0.544956675182577,0.561868825423962,0.567658373006278,0.576996054966735,2019-09-22,"Norte_Sobral"
"susceptible_prop",248,0.514937725497353,0.545078754544526,0.561992521232066,0.567776887238413,0.577111028832787,2019-09-29,"Norte_Sobral"
"susceptible_prop",249,0.515070340785087,0.545194442542659,0.562109640711878,0.567892222371876,0.577220035966195,2019-10-06,"Norte_Sobral"
"susceptible_prop",250,0.515191739979527,0.54530479483744,0.562218937486888,0.567998404232248,0.577324156870547,2019-10-13,"Norte_Sobral"
"susceptible_prop",251,0.515320150906518,0.545421333143378,0.562335290731026,0.568110242531956,0.57743352150735,2019-10-20,"Norte_Sobral"
"susceptible_prop",252,0.515450949229961,0.545541541835355,0.562454289595405,0.568223767914889,0.577546447653267,2019-10-27,"Norte_Sobral"
"susceptible_prop",253,0.515576204485683,0.545656478293354,0.562569343526007,0.568333561627242,0.577654159904063,2019-11-03,"Norte_Sobral"
"susceptible_prop",254,0.515703701648975,0.545773216812449,0.562685441555789,0.568446019909042,0.577766236968962,2019-11-10,"Norte_Sobral"
"susceptible_prop",255,0.515827740730961,0.545886486836733,0.562798352069367,0.568556476294689,0.577873321364161,2019-11-17,"Norte_Sobral"
"susceptible_prop",256,0.515948718081358,0.545997906922554,0.562911602862043,0.568667813192644,0.577981777396402,2019-11-24,"Norte_Sobral"
"susceptible_prop",257,0.516072740262336,0.546112403921423,0.563026305640643,0.568781301444579,0.578092300361701,2019-12-01,"Norte_Sobral"
"susceptible_prop",258,0.516192038721786,0.546222728718585,0.563135917771394,0.568888627192563,0.578199491219457,2019-12-08,"Norte_Sobral"
"susceptible_prop",259,0.516318028032789,0.546340010272266,0.563251380314856,0.569000288609141,0.57831232673019,2019-12-15,"Norte_Sobral"
"susceptible_prop",260,0.516459934705045,0.546471660207413,0.563380530021438,0.569126029196719,0.57843748644613,2019-12-22,"Norte_Sobral"
"susceptible_prop",261,0.51659345349913,0.546595901109589,0.563502479117505,0.569243606245673,0.578554440563317,2019-12-29,"Norte_Sobral"
"susceptible_prop",1,1,1,1,1,1,2015-01-04,"Cariri_remainder"
"susceptible_prop",2,0.999995765556601,0.999997893130684,0.999998528999683,0.999998974005733,0.999999462147858,2015-01-11,"Cariri_remainder"
"susceptible_prop",3,0.999991532479637,0.999995786936762,0.999997058469987,0.999997948339258,0.999998924467291,2015-01-18,"Cariri_remainder"
"susceptible_prop",4,0.99998730066243,0.99999368136516,0.999995588373854,0.99999692297473,0.99999838694475,2015-01-25,"Cariri_remainder"
"susceptible_prop",5,0.999983070472419,0.999991576598702,0.999994118838934,0.99999589800118,0.999997849626907,2015-02-01,"Cariri_remainder"
"susceptible_prop",6,0.999978842014975,0.99998947268982,0.999992649901833,0.999994873444142,0.999997312527148,2015-02-08,"Cariri_remainder"
"susceptible_prop",7,0.999974615586279,0.999987369785886,0.999991181665448,0.999993849375385,0.999996775683097,2015-02-15,"Cariri_remainder"
"susceptible_prop",8,0.999970389325963,0.999985266961262,0.999989713483503,0.999992825344144,0.999996238858451,2015-02-22,"Cariri_remainder"
"susceptible_prop",9,0.999966164916575,0.999983165053115,0.999988245940505,0.999991801758102,0.999995702266928,2015-03-01,"Cariri_remainder"
"susceptible_prop",10,0.999961928873394,0.999980003830234,0.99998586412088,0.999990054224854,0.999994609217641,2015-03-08,"Cariri_remainder"
"susceptible_prop",11,0.999956186032494,0.999976814498025,0.999983390265572,0.999988139460809,0.999993427426311,2015-03-15,"Cariri_remainder"
"susceptible_prop",12,0.999950907417939,0.999973051174913,0.999980311332026,0.999985619170154,0.999991964441418,2015-03-22,"Cariri_remainder"
"susceptible_prop",13,0.999945789966542,0.999968671603314,0.99997704174077,0.999982844460177,0.999990300064316,2015-03-29,"Cariri_remainder"
"susceptible_prop",14,0.999938239502367,0.999964099644749,0.99997349580913,0.999979917264426,0.999987944143036,2015-04-05,"Cariri_remainder"
"susceptible_prop",15,0.999931768560845,0.999959237305398,0.999969597902515,0.999976340925342,0.999985718357589,2015-04-12,"Cariri_remainder"
"susceptible_prop",16,0.999922953236081,0.999954367846517,0.999965173661063,0.999972833440904,0.999983318131145,2015-04-19,"Cariri_remainder"
"susceptible_prop",17,0.999915179913976,0.999949804346877,0.99996082611454,0.999969427222771,0.99998068330537,2015-04-26,"Cariri_remainder"
"susceptible_prop",18,0.999909403021582,0.99994491339604,0.999956835846282,0.999966064708493,0.999979112723284,2015-05-03,"Cariri_remainder"
"susceptible_prop",19,0.999903523818419,0.999940581594133,0.999953223794168,0.999963017274295,0.999977037791866,2015-05-10,"Cariri_remainder"
"susceptible_prop",20,0.999898466902456,0.999936778423895,0.999949609384971,0.999960204424503,0.999974772117445,2015-05-17,"Cariri_remainder"
"susceptible_prop",21,0.999894208700109,0.999933221479508,0.999946884288698,0.999957870039453,0.99997321598862,2015-05-24,"Cariri_remainder"
"susceptible_prop",22,0.999889647889096,0.999930192256529,0.999944147423608,0.999955851863681,0.999971401039889,2015-05-31,"Cariri_remainder"
"susceptible_prop",23,0.999887618521656,0.999928214902524,0.999942263326933,0.9999544275249,0.999970355090555,2015-06-07,"Cariri_remainder"
"susceptible_prop",24,0.999885113197112,0.999926238226068,0.999940550308312,0.999952883187984,0.999969743941998,2015-06-14,"Cariri_remainder"
"susceptible_prop",25,0.999883654846287,0.999924728128162,0.999939405055402,0.999951873161662,0.99996873256375,2015-06-21,"Cariri_remainder"
"susceptible_prop",26,0.999882933392524,0.999923775566813,0.999938618627595,0.999950887757775,0.999967888169219,2015-06-28,"Cariri_remainder"
"susceptible_prop",27,0.999882453130359,0.999922719411307,0.999937846176528,0.999950088507246,0.999967392636975,2015-07-05,"Cariri_remainder"
"susceptible_prop",28,0.999882053291769,0.999921903100682,0.999937308842485,0.999949649099891,0.99996714316022,2015-07-12,"Cariri_remainder"
"susceptible_prop",29,0.999881684557944,0.999921386403547,0.999936778048601,0.999949164272831,0.999966737736369,2015-07-19,"Cariri_remainder"
"susceptible_prop",30,0.99988141043928,0.999920932613444,0.999936289160113,0.99994878560608,0.999966363954619,2015-07-26,"Cariri_remainder"
"susceptible_prop",31,0.99988102257773,0.999920483234749,0.999935906548562,0.999948497282104,0.999966057026747,2015-08-02,"Cariri_remainder"
"susceptible_prop",32,0.999879786782233,0.999920046839198,0.999935564306406,0.999948289339146,0.99996585234683,2015-08-09,"Cariri_remainder"
"susceptible_prop",33,0.999878675755218,0.999919793309292,0.999935328467012,0.999948095409012,0.999965615123171,2015-08-16,"Cariri_remainder"
"susceptible_prop",34,0.999878141228107,0.999919626901974,0.999935145799665,0.999947879329493,0.99996547339566,2015-08-23,"Cariri_remainder"
"susceptible_prop",35,0.99987780532072,0.999919328827,0.999934935291335,0.999947679397575,0.999965340305457,2015-08-30,"Cariri_remainder"
"susceptible_prop",36,0.999877322184844,0.999919084829135,0.999934675416859,0.999947494886509,0.999965215895678,2015-09-06,"Cariri_remainder"
"susceptible_prop",37,0.999876898155022,0.99991883322533,0.999934355196063,0.999947298268248,0.999965086347287,2015-09-13,"Cariri_remainder"
"susceptible_prop",38,0.999876741332467,0.999918589072867,0.999933988264124,0.99994693041513,0.999964899713091,2015-09-20,"Cariri_remainder"
"susceptible_prop",39,0.999876594262694,0.999918516499148,0.999933845170994,0.999946671150838,0.999964675607175,2015-09-27,"Cariri_remainder"
"susceptible_prop",40,0.999876454742302,0.999918395596031,0.999933606762109,0.999946419779428,0.999964440248033,2015-10-04,"Cariri_remainder"
"susceptible_prop",41,0.999876220534091,0.999918036778241,0.999933269765614,0.999946213873101,0.999964230625797,2015-10-11,"Cariri_remainder"
"susceptible_prop",42,0.999875593455034,0.999917638103483,0.999932977652869,0.999945929929134,0.999963931685458,2015-10-18,"Cariri_remainder"
"susceptible_prop",43,0.99987495074292,0.999917345752949,0.999932738922756,0.999945695843096,0.999963585085292,2015-10-25,"Cariri_remainder"
"susceptible_prop",44,0.999874698130624,0.999916871273655,0.999932418204388,0.999945317776566,0.999963170204292,2015-11-01,"Cariri_remainder"
"susceptible_prop",45,0.99987440412041,0.999916509458747,0.999931790830447,0.99994506876146,0.999963060842297,2015-11-08,"Cariri_remainder"
"susceptible_prop",46,0.999874059299583,0.9999159177984,0.999931196046926,0.999944595699287,0.999962885978051,2015-11-15,"Cariri_remainder"
"susceptible_prop",47,0.999873146653204,0.9999149753867,0.999930660750954,0.999944042156392,0.999962310588212,2015-11-22,"Cariri_remainder"
"susceptible_prop",48,0.999871867906667,0.99991424494193,0.999929760525198,0.999943379030125,0.999961725814768,2015-11-29,"Cariri_remainder"
"susceptible_prop",49,0.999870035639334,0.999912865398918,0.999928531453153,0.999942209710515,0.999961051753538,2015-12-06,"Cariri_remainder"
"susceptible_prop",50,0.999867230978892,0.999910818494918,0.99992676327282,0.999940503909405,0.999960176651209,2015-12-13,"Cariri_remainder"
"susceptible_prop",51,0.999863475698957,0.999908031516219,0.999924496769978,0.999938450827736,0.999958785435122,2015-12-20,"Cariri_remainder"
"susceptible_prop",52,0.999858452566275,0.999904479873619,0.999921583770093,0.999935387206902,0.999956479200233,2015-12-27,"Cariri_remainder"
"susceptible_prop",53,0.999851172021312,0.999899508555554,0.999917490689939,0.999931316547489,0.99995326091087,2016-01-03,"Cariri_remainder"
"susceptible_prop",54,0.999842060056338,0.999892278615796,0.999911686583827,0.999925636650975,0.999948917742617,2016-01-10,"Cariri_remainder"
"susceptible_prop",55,0.999830134587339,0.99988227058705,0.999902682700703,0.999917600115473,0.999942855131994,2016-01-17,"Cariri_remainder"
"susceptible_prop",56,0.999810429998276,0.99986719207275,0.99988885534266,0.999906157600391,0.999933484540761,2016-01-24,"Cariri_remainder"
"susceptible_prop",57,0.99978545840143,0.999845352181526,0.999868863913356,0.999889470190084,0.999920374584442,2016-01-31,"Cariri_remainder"
"susceptible_prop",58,0.999743882414145,0.999812047140388,0.999840397786006,0.999864706034805,0.999900423186093,2016-02-07,"Cariri_remainder"
"susceptible_prop",59,0.999686408519131,0.999764177714039,0.999799536910789,0.999828585917262,0.999872207988789,2016-02-14,"Cariri_remainder"
"susceptible_prop",60,0.999591483665973,0.999692972869175,0.999736803042401,0.999774654785844,0.99982931869515,2016-02-21,"Cariri_remainder"
"susceptible_prop",61,0.999437408865663,0.999580554299257,0.999637553566146,0.999691107656107,0.999758818792603,2016-02-28,"Cariri_remainder"
"susceptible_prop",62,0.999171872202182,0.999392718956581,0.999479829355531,0.999549590348046,0.999647247128273,2016-03-06,"Cariri_remainder"
"susceptible_prop",63,0.998766278270428,0.999099816108883,0.999225471620383,0.999317166867361,0.999465886935643,2016-03-13,"Cariri_remainder"
"susceptible_prop",64,0.998119241032678,0.998616674852115,0.998826475273306,0.998971399496118,0.999180199958785,2016-03-20,"Cariri_remainder"
"susceptible_prop",65,0.997178407941102,0.997929676915987,0.998239288514578,0.998463646960849,0.998795714089258,2016-03-27,"Cariri_remainder"
"susceptible_prop",66,0.995792205034999,0.996895537855338,0.997365786194202,0.997706508783087,0.998175107579859,2016-04-03,"Cariri_remainder"
"susceptible_prop",67,0.993840543552492,0.995451690303317,0.996127104983646,0.996618552501554,0.997272483827943,2016-04-10,"Cariri_remainder"
"susceptible_prop",68,0.9908849977962,0.993309641292117,0.994339782418725,0.995106369543394,0.996117085028755,2016-04-17,"Cariri_remainder"
"susceptible_prop",69,0.986916664258912,0.99043423372594,0.991851261061615,0.992915313052463,0.994360723553048,2016-04-24,"Cariri_remainder"
"susceptible_prop",70,0.981385303078001,0.98647846917611,0.988396150382251,0.989873484180296,0.992159457319664,2016-05-01,"Cariri_remainder"
"susceptible_prop",71,0.974430041186757,0.981280051633298,0.983918732608443,0.985992130556431,0.989209302943836,2016-05-08,"Cariri_remainder"
"susceptible_prop",72,0.966060783987011,0.975275656656359,0.978643136366631,0.981549884629422,0.986173729440309,2016-05-15,"Cariri_remainder"
"susceptible_prop",73,0.957029509996479,0.968593957050701,0.973110660630153,0.976730430286989,0.982674219317907,2016-05-22,"Cariri_remainder"
"susceptible_prop",74,0.947230629638284,0.961665669067116,0.967402179288629,0.971939863403722,0.979432131205405,2016-05-29,"Cariri_remainder"
"susceptible_prop",75,0.93822476007906,0.955031884885579,0.962119525692623,0.96747132156835,0.976305786939837,2016-06-05,"Cariri_remainder"
"susceptible_prop",76,0.930845478387961,0.949054753148175,0.957296253137026,0.963325983974664,0.973649412354933,2016-06-12,"Cariri_remainder"
"susceptible_prop",77,0.924453316221828,0.944338106703203,0.953352550739242,0.959818052445592,0.97083420154945,2016-06-19,"Cariri_remainder"
"susceptible_prop",78,0.918696517031665,0.939990144325666,0.949849558035334,0.956821903161769,0.968641332814098,2016-06-26,"Cariri_remainder"
"susceptible_prop",79,0.914391945645173,0.93696185485524,0.94695450806765,0.954334972527989,0.966811636063264,2016-07-03,"Cariri_remainder"
"susceptible_prop",80,0.911617606309724,0.934221357898498,0.944647934313711,0.951982991611387,0.965090194986475,2016-07-10,"Cariri_remainder"
"susceptible_prop",81,0.909058904755661,0.931989754914009,0.942590299809525,0.950126825739981,0.96365798912839,2016-07-17,"Cariri_remainder"
"susceptible_prop",82,0.906344999032023,0.93010248548165,0.940866638304961,0.948559592400131,0.96243474623646,2016-07-24,"Cariri_remainder"
"susceptible_prop",83,0.904594503082558,0.92867947099093,0.939548759846603,0.947260458654828,0.961241075958882,2016-07-31,"Cariri_remainder"
"susceptible_prop",84,0.903304803704986,0.927383314663369,0.938219594399698,0.946266051323801,0.960284637638038,2016-08-07,"Cariri_remainder"
"susceptible_prop",85,0.901951958807122,0.926249502716554,0.937163598343348,0.94546281270625,0.959639005172074,2016-08-14,"Cariri_remainder"
"susceptible_prop",86,0.900777383316708,0.925443908939951,0.936359838852325,0.944708879418333,0.959086517212346,2016-08-21,"Cariri_remainder"
"susceptible_prop",87,0.899744986640024,0.924762888181292,0.935713991340891,0.944081957979581,0.958635257281542,2016-08-28,"Cariri_remainder"
"susceptible_prop",88,0.898759171686915,0.924225501786213,0.935293976606488,0.943578542513443,0.958220327297772,2016-09-04,"Cariri_remainder"
"susceptible_prop",89,0.898049049785875,0.923748232256002,0.934842757984179,0.943171561988884,0.957901958248246,2016-09-11,"Cariri_remainder"
"susceptible_prop",90,0.897655311361079,0.923266710263165,0.934415573571603,0.942799355311443,0.957630825458381,2016-09-18,"Cariri_remainder"
"susceptible_prop",91,0.897093699991391,0.922901707018176,0.934076258150338,0.942486544035867,0.957326471763305,2016-09-25,"Cariri_remainder"
"susceptible_prop",92,0.896639016456682,0.922453953429917,0.933740446112223,0.942176725210051,0.957020109778403,2016-10-02,"Cariri_remainder"
"susceptible_prop",93,0.896270656102072,0.922014870499655,0.933404399679961,0.941820897825682,0.956707542250618,2016-10-09,"Cariri_remainder"
"susceptible_prop",94,0.895945949425167,0.921620142858133,0.933040095677443,0.941507947964248,0.956396268028725,2016-10-16,"Cariri_remainder"
"susceptible_prop",95,0.895542828130909,0.92122502148933,0.932675770682452,0.941217742207144,0.956066145829404,2016-10-23,"Cariri_remainder"
"susceptible_prop",96,0.895105823262233,0.920759455541954,0.932261811081788,0.940868403315309,0.9557368199867,2016-10-30,"Cariri_remainder"
"susceptible_prop",97,0.894575446854227,0.92025358463278,0.931869276527287,0.940526746931088,0.955406407979654,2016-11-06,"Cariri_remainder"
"susceptible_prop",98,0.894073001305749,0.919730541095325,0.931341421024846,0.940106000084287,0.955018346052334,2016-11-13,"Cariri_remainder"
"susceptible_prop",99,0.893443060795419,0.919187146012673,0.930766534139935,0.939606415219912,0.954605537745841,2016-11-20,"Cariri_remainder"
"susceptible_prop",100,0.892798898808903,0.91858253205193,0.930193240609739,0.939083003470302,0.954098616954337,2016-11-27,"Cariri_remainder"
"susceptible_prop",101,0.892319878959975,0.91801985023242,0.929664700654685,0.938614333190054,0.953677308495573,2016-12-04,"Cariri_remainder"
"susceptible_prop",102,0.89163312587771,0.91753104514949,0.929179836378584,0.938118984859525,0.953297991567901,2016-12-11,"Cariri_remainder"
"susceptible_prop",103,0.890998292042256,0.916980299326156,0.928664919177164,0.937623284873849,0.952870949657673,2016-12-18,"Cariri_remainder"
"susceptible_prop",104,0.890399507409693,0.916440903604401,0.928185060900197,0.937116269006037,0.952384758111884,2016-12-25,"Cariri_remainder"
"susceptible_prop",105,0.889681724054228,0.915941869509002,0.927671035868491,0.936608244844977,0.951857721313366,2017-01-01,"Cariri_remainder"
"susceptible_prop",106,0.888956254721292,0.915360832039227,0.927041592607506,0.936132498319746,0.951316335828556,2017-01-08,"Cariri_remainder"
"susceptible_prop",107,0.88813527004495,0.914757372416803,0.926456031183573,0.935568882201266,0.950764452997734,2017-01-15,"Cariri_remainder"
"susceptible_prop",108,0.887315728710906,0.91401426835427,0.925692361619995,0.934698435701002,0.95013548978768,2017-01-22,"Cariri_remainder"
"susceptible_prop",109,0.886361038528524,0.913067584105197,0.924884106972457,0.933817869300208,0.949328598999005,2017-01-29,"Cariri_remainder"
"susceptible_prop",110,0.885154778004366,0.911902663993919,0.923711779956412,0.932735127665995,0.948367753748823,2017-02-05,"Cariri_remainder"
"susceptible_prop",111,0.883426105305724,0.910322098433376,0.922192298490663,0.931102551783148,0.947054653397448,2017-02-12,"Cariri_remainder"
"susceptible_prop",112,0.881298449034398,0.908068247630548,0.920005437929279,0.929121537089084,0.944930311651176,2017-02-19,"Cariri_remainder"
"susceptible_prop",113,0.878213396393857,0.905402809405678,0.917130682883421,0.926056416592991,0.94184823683509,2017-02-26,"Cariri_remainder"
"susceptible_prop",114,0.87373391875437,0.901221265489381,0.912975225970491,0.92203736686086,0.937667697728056,2017-03-05,"Cariri_remainder"
"susceptible_prop",115,0.867829033131339,0.895195813088648,0.907203915673966,0.916075708497511,0.932229400438451,2017-03-12,"Cariri_remainder"
"susceptible_prop",116,0.860451210147382,0.887648822702591,0.899320308681775,0.908039696242257,0.923846387876831,2017-03-19,"Cariri_remainder"
"susceptible_prop",117,0.850731716968823,0.875883725535587,0.88771037952255,0.896996160236978,0.914100901906044,2017-03-26,"Cariri_remainder"
"susceptible_prop",118,0.835648004099076,0.860516459575438,0.871867896296522,0.882960851764475,0.899428064862159,2017-04-02,"Cariri_remainder"
"susceptible_prop",119,0.816660733567035,0.841456445020781,0.852626506419878,0.863319060657747,0.880667123971038,2017-04-09,"Cariri_remainder"
"susceptible_prop",120,0.79275137243726,0.81826819765684,0.829043840098988,0.839812835291754,0.858628660645276,2017-04-16,"Cariri_remainder"
"susceptible_prop",121,0.768114736769829,0.792044505707722,0.80249340498179,0.813223082605543,0.832844546814115,2017-04-23,"Cariri_remainder"
"susceptible_prop",122,0.739175933499357,0.762753731461569,0.773671903037798,0.784326900466659,0.804762100485444,2017-04-30,"Cariri_remainder"
"susceptible_prop",123,0.709767502913023,0.73316991126759,0.7444334044159,0.754376612653781,0.776234841740869,2017-05-07,"Cariri_remainder"
"susceptible_prop",124,0.678810503241004,0.704202765969205,0.716030530960171,0.726029244753029,0.74748857244144,2017-05-14,"Cariri_remainder"
"susceptible_prop",125,0.650710934428854,0.677211692853034,0.689758887797578,0.700594235231768,0.719595623834832,2017-05-21,"Cariri_remainder"
"susceptible_prop",126,0.626534951459081,0.654492436155179,0.668394554175643,0.677670456509309,0.693550413637634,2017-05-28,"Cariri_remainder"
"susceptible_prop",127,0.607655094645951,0.634314564288141,0.648710275037367,0.657087472901781,0.670435716022118,2017-06-04,"Cariri_remainder"
"susceptible_prop",128,0.59128221814753,0.6176419137203,0.633157799627905,0.640857606740311,0.653030977703672,2017-06-11,"Cariri_remainder"
"susceptible_prop",129,0.578196135987891,0.604205809160568,0.620442351629256,0.627107199906761,0.638035729070441,2017-06-18,"Cariri_remainder"
"susceptible_prop",130,0.567537312460462,0.594696292775108,0.610389007993221,0.616946993533171,0.627175014642397,2017-06-25,"Cariri_remainder"
"susceptible_prop",131,0.558906046815644,0.586666045629826,0.602609058107737,0.608947691216146,0.618425216339319,2017-07-02,"Cariri_remainder"
"susceptible_prop",132,0.552342038168429,0.580748486443009,0.596137419623603,0.602382403664013,0.611127315355015,2017-07-09,"Cariri_remainder"
"susceptible_prop",133,0.547087230633528,0.576209098136895,0.591418263458748,0.597273338924266,0.606153752515214,2017-07-16,"Cariri_remainder"
"susceptible_prop",134,0.542574311057256,0.57241366144745,0.587364044314013,0.59316638006714,0.60200485472196,2017-07-23,"Cariri_remainder"
"susceptible_prop",135,0.539380177697981,0.569530120752165,0.58429275930244,0.590115043049486,0.598888225543019,2017-07-30,"Cariri_remainder"
"susceptible_prop",136,0.537139353738025,0.56732898839655,0.581889147257231,0.587823208373489,0.596380236635842,2017-08-06,"Cariri_remainder"
"susceptible_prop",137,0.535338443014716,0.565328687186946,0.580001797086023,0.585951102356373,0.594610912466908,2017-08-13,"Cariri_remainder"
"susceptible_prop",138,0.533895701703993,0.564082065719566,0.578704900471304,0.584639677370638,0.593473416006413,2017-08-20,"Cariri_remainder"
"susceptible_prop",139,0.533061573448481,0.563090282703573,0.577853401494387,0.583652734447916,0.592636646986378,2017-08-27,"Cariri_remainder"
"susceptible_prop",140,0.532294608097327,0.562330608915316,0.577155373915271,0.582910075547185,0.591897000632073,2017-09-03,"Cariri_remainder"
"susceptible_prop",141,0.531639124747779,0.561870141257615,0.576629606233068,0.582348364137917,0.591428514063226,2017-09-10,"Cariri_remainder"
"susceptible_prop",142,0.531153947742506,0.561502172111824,0.576273424348493,0.581889838039875,0.591017802894458,2017-09-17,"Cariri_remainder"
"susceptible_prop",143,0.530750359761261,0.56113608562901,0.575975281160132,0.581593885987928,0.590665744493147,2017-09-24,"Cariri_remainder"
"susceptible_prop",144,0.530450008325211,0.560876022740682,0.575734735028314,0.581404105383839,0.590370932484452,2017-10-01,"Cariri_remainder"
"susceptible_prop",145,0.53020364297022,0.560652857667686,0.575500173118164,0.581262639962484,0.590123752558694,2017-10-08,"Cariri_remainder"
"susceptible_prop",146,0.530016568916182,0.560497490805168,0.575312331014702,0.581129405924593,0.589899724845746,2017-10-15,"Cariri_remainder"
"susceptible_prop",147,0.529880504642918,0.560389654101246,0.575183941731567,0.581034053053423,0.589741081391707,2017-10-22,"Cariri_remainder"
"susceptible_prop",148,0.529664906808851,0.560256135476812,0.575064422712041,0.580950430547643,0.589600927718283,2017-10-29,"Cariri_remainder"
"susceptible_prop",149,0.529523333351892,0.560165324193672,0.574946700685268,0.580873618847364,0.589427207953752,2017-11-05,"Cariri_remainder"
"susceptible_prop",150,0.529391425419807,0.560076707707831,0.574859957392964,0.580768583256875,0.589320420079142,2017-11-12,"Cariri_remainder"
"susceptible_prop",151,0.529317654040607,0.560039585364746,0.574784249296694,0.580663091715579,0.589227498055706,2017-11-19,"Cariri_remainder"
"susceptible_prop",152,0.529253468562249,0.55999105351281,0.574727514920071,0.580585762940165,0.589152902482443,2017-11-26,"Cariri_remainder"
"susceptible_prop",153,0.529203180600139,0.559938536941085,0.57469688738205,0.580495953938563,0.589110054941894,2017-12-03,"Cariri_remainder"
"susceptible_prop",154,0.529158310268692,0.559896758710194,0.57464614126412,0.5804433202153,0.589063144588914,2017-12-10,"Cariri_remainder"
"susceptible_prop",155,0.529146807119828,0.559857842961122,0.574631220848023,0.580392034133897,0.589050300405576,2017-12-17,"Cariri_remainder"
"susceptible_prop",156,0.52909822927418,0.559815131068143,0.57460602345428,0.580344776202733,0.589028220868529,2017-12-24,"Cariri_remainder"
"susceptible_prop",157,0.529012999589203,0.559788963499391,0.574587314588445,0.580290016078341,0.589018183693373,2017-12-31,"Cariri_remainder"
"susceptible_prop",158,0.528941068542087,0.559728778325047,0.574551971602212,0.580224183847,0.588997784473557,2018-01-07,"Cariri_remainder"
"susceptible_prop",159,0.528911396873095,0.559696100993847,0.574529418205365,0.580190026097295,0.588990223347173,2018-01-14,"Cariri_remainder"
"susceptible_prop",160,0.528861465443353,0.55963052826014,0.574483034232122,0.580113164776903,0.588943337584127,2018-01-21,"Cariri_remainder"
"susceptible_prop",161,0.528842323648881,0.559565665721812,0.574410662855708,0.58002974469138,0.588870570079221,2018-01-28,"Cariri_remainder"
"susceptible_prop",162,0.528764516122344,0.559474937240515,0.574321632739161,0.579943751972877,0.588710566865515,2018-02-04,"Cariri_remainder"
"susceptible_prop",163,0.528657909011133,0.559395391323314,0.574200406515025,0.57983764023204,0.588549513198182,2018-02-11,"Cariri_remainder"
"susceptible_prop",164,0.528524155928767,0.559293669910157,0.57404485001249,0.579669632862383,0.588325344418384,2018-02-18,"Cariri_remainder"
"susceptible_prop",165,0.528360864474918,0.559146172029738,0.57384086638517,0.579501674186798,0.588142993244294,2018-02-25,"Cariri_remainder"
"susceptible_prop",166,0.528165146898479,0.558972127241606,0.573676493105838,0.579302507611048,0.587922450547421,2018-03-04,"Cariri_remainder"
"susceptible_prop",167,0.527923445061011,0.558794980433606,0.573502312188685,0.579054395747752,0.587703516335862,2018-03-11,"Cariri_remainder"
"susceptible_prop",168,0.527667877213604,0.558615510909567,0.573289222495584,0.578852802090332,0.587495355209864,2018-03-18,"Cariri_remainder"
"susceptible_prop",169,0.527419056346446,0.558465266889571,0.573120767267599,0.578706063223651,0.587314124763971,2018-03-25,"Cariri_remainder"
"susceptible_prop",170,0.52721413260897,0.55827980170796,0.572963440234157,0.578540801300941,0.587166103536893,2018-04-01,"Cariri_remainder"
"susceptible_prop",171,0.527088343194985,0.558125233436558,0.57287063698494,0.578393447114717,0.587066680488594,2018-04-08,"Cariri_remainder"
"susceptible_prop",172,0.526916800635719,0.558005394113005,0.572730615635969,0.578257288972,0.586956794735682,2018-04-15,"Cariri_remainder"
"susceptible_prop",173,0.526769502879201,0.557949305208645,0.572594319972436,0.578160953084638,0.586835080327552,2018-04-22,"Cariri_remainder"
"susceptible_prop",174,0.526621683082183,0.557846954285481,0.572510653508609,0.578081193257451,0.586707638628889,2018-04-29,"Cariri_remainder"
"susceptible_prop",175,0.526486241135704,0.557778358957957,0.572485323120062,0.57802700969468,0.586599977837597,2018-05-06,"Cariri_remainder"
"susceptible_prop",176,0.526370327818776,0.557742084104969,0.572485282125162,0.577996776546088,0.586564122834068,2018-05-13,"Cariri_remainder"
"susceptible_prop",177,0.526298385532908,0.55770944982119,0.572494998844209,0.577985496326397,0.586567328409443,2018-05-20,"Cariri_remainder"
"susceptible_prop",178,0.526234587537555,0.557683908676818,0.572493936840625,0.577962157660757,0.586535114651587,2018-05-27,"Cariri_remainder"
"susceptible_prop",179,0.526213226631273,0.557667613186245,0.572488001913393,0.577952638754709,0.586525631108372,2018-06-03,"Cariri_remainder"
"susceptible_prop",180,0.526202156963703,0.557648828018861,0.572492028676387,0.577949982600367,0.586502075117994,2018-06-10,"Cariri_remainder"
"susceptible_prop",181,0.526203031456352,0.557617466450546,0.572501077583538,0.577957258012164,0.586510919350245,2018-06-17,"Cariri_remainder"
"susceptible_prop",182,0.526205638375414,0.557617279015647,0.572513068667884,0.57796929149534,0.586507903066782,2018-06-24,"Cariri_remainder"
"susceptible_prop",183,0.526213893324532,0.557625495402814,0.572538542016575,0.578007582748892,0.586522430898041,2018-07-01,"Cariri_remainder"
"susceptible_prop",184,0.526237917524806,0.5576508233079,0.572554751302525,0.578024756883931,0.586546661157227,2018-07-08,"Cariri_remainder"
"susceptible_prop",185,0.526269255092241,0.557694429805612,0.572598418695078,0.578066192877416,0.586596561733912,2018-07-15,"Cariri_remainder"
"susceptible_prop",186,0.526288745676354,0.557736191398964,0.572649797888171,0.578076977597281,0.586641817708643,2018-07-22,"Cariri_remainder"
"susceptible_prop",187,0.526310157867003,0.557781290139936,0.572706739516585,0.578118073827483,0.586696829992557,2018-07-29,"Cariri_remainder"
"susceptible_prop",188,0.526342193138576,0.557835861235404,0.572769397035338,0.578167976267696,0.586771117754764,2018-08-05,"Cariri_remainder"
"susceptible_prop",189,0.526382400261995,0.557896182721328,0.572819550250655,0.578222767027508,0.58683562958856,2018-08-12,"Cariri_remainder"
"susceptible_prop",190,0.526439303849212,0.557973742632387,0.57288287705277,0.578292044978018,0.586883468455266,2018-08-19,"Cariri_remainder"
"susceptible_prop",191,0.526487914286418,0.558039525362338,0.572939874068797,0.578351598281247,0.586915201249893,2018-08-26,"Cariri_remainder"
"susceptible_prop",192,0.526534936428857,0.558102689345973,0.572999271180874,0.578405191019856,0.586949250301333,2018-09-02,"Cariri_remainder"
"susceptible_prop",193,0.526596153047028,0.558178357314641,0.573071436946379,0.578469242111807,0.587002947666369,2018-09-09,"Cariri_remainder"
"susceptible_prop",194,0.526685187815629,0.558262809838717,0.573148768520123,0.578542460100782,0.587083594499258,2018-09-16,"Cariri_remainder"
"susceptible_prop",195,0.526776209761665,0.55834677144445,0.573228377906433,0.578621431247036,0.587157316534129,2018-09-23,"Cariri_remainder"
"susceptible_prop",196,0.526878683090374,0.558433281358052,0.573318666572167,0.578707367148312,0.587242436087148,2018-09-30,"Cariri_remainder"
"susceptible_prop",197,0.526976516996841,0.558522919591416,0.573406078500651,0.578797942783413,0.587331288890252,2018-10-07,"Cariri_remainder"
"susceptible_prop",198,0.527065773123431,0.558601756489687,0.573484914978255,0.578880931713979,0.587405806268729,2018-10-14,"Cariri_remainder"
"susceptible_prop",199,0.527173747241539,0.558695620828989,0.573578497491092,0.578976449281266,0.587495197994944,2018-10-21,"Cariri_remainder"
"susceptible_prop",200,0.52726339385575,0.558774670799139,0.573659489519736,0.579058874848216,0.587565615995912,2018-10-28,"Cariri_remainder"
"susceptible_prop",201,0.527367303728186,0.558864340192189,0.573754118240656,0.579155411212321,0.587655622521707,2018-11-04,"Cariri_remainder"
"susceptible_prop",202,0.527439024062204,0.558944553382009,0.573843481558723,0.579239023201513,0.587732287770325,2018-11-11,"Cariri_remainder"
"susceptible_prop",203,0.52752020110074,0.559018808373897,0.5739373126069,0.579319774769806,0.587814357931772,2018-11-18,"Cariri_remainder"
"susceptible_prop",204,0.527596255231327,0.559093471745785,0.574023351636218,0.579401218883248,0.587898948256413,2018-11-25,"Cariri_remainder"
"susceptible_prop",205,0.527685992464062,0.559170610930254,0.574107323579198,0.579479915687264,0.587983340052371,2018-12-02,"Cariri_remainder"
"susceptible_prop",206,0.527776656490358,0.559246748045533,0.57419233070805,0.579561641913203,0.588069994654969,2018-12-09,"Cariri_remainder"
"susceptible_prop",207,0.527877147573061,0.559338439429667,0.574286541189643,0.579664302811632,0.588162377752373,2018-12-16,"Cariri_remainder"
"susceptible_prop",208,0.527969250560532,0.559413204459147,0.574376138988177,0.579749223788282,0.588240756153066,2018-12-23,"Cariri_remainder"
"susceptible_prop",209,0.52805058262538,0.55948482173096,0.574461904388278,0.579812367432338,0.588313816171495,2018-12-30,"Cariri_remainder"
"susceptible_prop",210,0.528121528298774,0.55954889072013,0.574535650455793,0.579870214679273,0.58837790754275,2019-01-06,"Cariri_remainder"
"susceptible_prop",211,0.528200146003673,0.559623391567036,0.574620065753201,0.579946399907306,0.588460180922315,2019-01-13,"Cariri_remainder"
"susceptible_prop",212,0.528266797254256,0.559676720840817,0.574688715377663,0.580010624280262,0.58852709244487,2019-01-20,"Cariri_remainder"
"susceptible_prop",213,0.52833289746545,0.559732063104648,0.574745009489724,0.58007327289141,0.588596505537558,2019-01-27,"Cariri_remainder"
"susceptible_prop",214,0.528385522971092,0.559760088254453,0.574788362879147,0.580127478888379,0.588633155485351,2019-02-03,"Cariri_remainder"
"susceptible_prop",215,0.528444921848917,0.559799025782577,0.574829900308826,0.580180151724048,0.58867503635633,2019-02-10,"Cariri_remainder"
"susceptible_prop",216,0.528466742386696,0.559823141070463,0.574863390356333,0.580209765737098,0.588693494591661,2019-02-17,"Cariri_remainder"
"susceptible_prop",217,0.528492897832279,0.559866238918847,0.574913902142048,0.580244132615987,0.588736618019887,2019-02-24,"Cariri_remainder"
"susceptible_prop",218,0.528564038650439,0.559888535429496,0.574952677417563,0.58026575857363,0.588781456196955,2019-03-03,"Cariri_remainder"
"susceptible_prop",219,0.528596174935714,0.559879649132918,0.574986950180548,0.580266496026152,0.588805287814233,2019-03-10,"Cariri_remainder"
"susceptible_prop",220,0.528654004939325,0.559885018895389,0.575019807575254,0.58030036852906,0.588855955723,2019-03-17,"Cariri_remainder"
"susceptible_prop",221,0.528678957701621,0.559873072802959,0.57505206295149,0.580303121864718,0.588886999703484,2019-03-24,"Cariri_remainder"
"susceptible_prop",222,0.52869674548942,0.559837575366435,0.575037494496951,0.580321677268988,0.588887159063831,2019-03-31,"Cariri_remainder"
"susceptible_prop",223,0.528695508972425,0.559793229494688,0.575015801813587,0.580323839971732,0.58890203607519,2019-04-07,"Cariri_remainder"
"susceptible_prop",224,0.528631741463268,0.55975764376576,0.574986342484622,0.580277654990746,0.588893283725523,2019-04-14,"Cariri_remainder"
"susceptible_prop",225,0.528551828973267,0.559708708835173,0.574950073628831,0.580215858238758,0.588838769879319,2019-04-21,"Cariri_remainder"
"susceptible_prop",226,0.528490758250472,0.559656012628205,0.57490534205611,0.580196838038429,0.588808238533704,2019-04-28,"Cariri_remainder"
"susceptible_prop",227,0.528441927449853,0.559579494046497,0.574813697210628,0.580116404099993,0.588718339037782,2019-05-05,"Cariri_remainder"
"susceptible_prop",228,0.528416407506006,0.559503511777596,0.57474461167659,0.580016285826007,0.588649596271762,2019-05-12,"Cariri_remainder"
"susceptible_prop",229,0.528344142676924,0.559407499464489,0.574659779233553,0.579950654264456,0.588606084535905,2019-05-19,"Cariri_remainder"
"susceptible_prop",230,0.528285329926421,0.559328117061519,0.574583185622671,0.579917873370903,0.588547982305173,2019-05-26,"Cariri_remainder"
"susceptible_prop",231,0.528259642247952,0.559272227070177,0.574518087040719,0.579886677996775,0.58852819878926,2019-06-02,"Cariri_remainder"
"susceptible_prop",232,0.528228832548152,0.559223341036336,0.57448020793428,0.579845407063084,0.588514545080335,2019-06-09,"Cariri_remainder"
"susceptible_prop",233,0.528200652364238,0.559184824795319,0.574470230253316,0.579821896042845,0.588474070205759,2019-06-16,"Cariri_remainder"
"susceptible_prop",234,0.528219126945934,0.5591542759604,0.57449170789285,0.579823108164012,0.588452803208668,2019-06-23,"Cariri_remainder"
"susceptible_prop",235,0.528233236870132,0.559165775230992,0.574541923058718,0.579858918049441,0.588451051719327,2019-06-30,"Cariri_remainder"
"susceptible_prop",236,0.528270419543747,0.559208530714811,0.574604327407504,0.579914573014472,0.588489252782253,2019-07-07,"Cariri_remainder"
"susceptible_prop",237,0.528311310825349,0.559254890580121,0.574640960007069,0.579958098676886,0.58852194188118,2019-07-14,"Cariri_remainder"
"susceptible_prop",238,0.528345843708075,0.559305527868089,0.5746614342177,0.580003063383114,0.588552771189961,2019-07-21,"Cariri_remainder"
"susceptible_prop",239,0.528391785472065,0.559366408263628,0.574710764797937,0.580060705323326,0.588608271528382,2019-07-28,"Cariri_remainder"
"susceptible_prop",240,0.528451824141188,0.559435394422194,0.574774818236192,0.580131176380256,0.588676983933397,2019-08-04,"Cariri_remainder"
"susceptible_prop",241,0.528522960563791,0.559513029539014,0.574850708768237,0.580211129425024,0.588755719097971,2019-08-11,"Cariri_remainder"
"susceptible_prop",242,0.528584997463883,0.559583137993461,0.574917883238618,0.580286365012766,0.588827949554967,2019-08-18,"Cariri_remainder"
"susceptible_prop",243,0.528646447725447,0.55964854198055,0.574978228492,0.580348027956486,0.588894743270655,2019-08-25,"Cariri_remainder"
"susceptible_prop",244,0.528714497395399,0.559723967071448,0.575055957276948,0.580433575350128,0.588973776846514,2019-09-01,"Cariri_remainder"
"susceptible_prop",245,0.528777033625233,0.55979910458533,0.575124457366352,0.580501060796423,0.589044861503415,2019-09-08,"Cariri_remainder"
"susceptible_prop",246,0.528867710250936,0.559898211357249,0.575212029387151,0.580584775985599,0.589137919821265,2019-09-15,"Cariri_remainder"
"susceptible_prop",247,0.528962010969878,0.560000833153336,0.575303292248935,0.58067072869627,0.589231695063315,2019-09-22,"Cariri_remainder"
"susceptible_prop",248,0.529036829675729,0.560092571683493,0.575388565751478,0.580741670472789,0.589304525955263,2019-09-29,"Cariri_remainder"
"susceptible_prop",249,0.529107163809645,0.560180753516401,0.57546109289257,0.580819048966222,0.589375729774653,2019-10-06,"Cariri_remainder"
"susceptible_prop",250,0.529196697694521,0.560278645580571,0.575554205731451,0.580901288000205,0.589460351612804,2019-10-13,"Cariri_remainder"
"susceptible_prop",251,0.529289283674671,0.560377244320808,0.575645765115882,0.580989243135057,0.589549148773244,2019-10-20,"Cariri_remainder"
"susceptible_prop",252,0.529374920502703,0.560469986449834,0.575728937494171,0.581067089374725,0.589630187244706,2019-10-27,"Cariri_remainder"
"susceptible_prop",253,0.529465149831922,0.560570843743968,0.575822302876558,0.581160410323993,0.58971722286781,2019-11-03,"Cariri_remainder"
"susceptible_prop",254,0.529552071209989,0.560669851168973,0.575915429165448,0.581253078594576,0.589801455883944,2019-11-10,"Cariri_remainder"
"susceptible_prop",255,0.529637157627504,0.560761819998749,0.576002586682617,0.581330829717358,0.589879621945123,2019-11-17,"Cariri_remainder"
"susceptible_prop",256,0.529709476964355,0.560846362723444,0.576080427968916,0.581401101381576,0.589955031144665,2019-11-24,"Cariri_remainder"
"susceptible_prop",257,0.529795429198921,0.560940279672678,0.576165381150904,0.581485911804324,0.590040043224073,2019-12-01,"Cariri_remainder"
"susceptible_prop",258,0.52988993900479,0.561041564816431,0.576264603649898,0.581582451278327,0.590135670410398,2019-12-08,"Cariri_remainder"
"susceptible_prop",259,0.529980055573866,0.561136903543501,0.576356601898701,0.581673921440046,0.590228129606983,2019-12-15,"Cariri_remainder"
"susceptible_prop",260,0.530074806861094,0.561230594037326,0.576449006276965,0.581766098171469,0.590320141888076,2019-12-22,"Cariri_remainder"
"susceptible_prop",261,0.530173425302762,0.561325921346209,0.576541975489127,0.581856886591721,0.59041314370854,2019-12-29,"Cariri_remainder"
"susceptible_prop",1,1,1,1,1,1,2015-01-04,"Juazeiro_do_Norte"
"susceptible_prop",2,0.99997390165343,0.999987825436466,0.999992668788753,0.999998433469704,0.999999844070779,2015-01-11,"Juazeiro_do_Norte"
"susceptible_prop",3,0.99994781749025,0.999975657319841,0.99998534142417,0.999996867752333,0.999999688222255,2015-01-18,"Juazeiro_do_Norte"
"susceptible_prop",4,0.999921741030365,0.999963492627405,0.999978016086084,0.999995302458964,0.999999532415715,2015-01-25,"Juazeiro_do_Norte"
"susceptible_prop",5,0.999895678150733,0.99995133410087,0.99997069442552,0.999993737942395,0.999999376686278,2015-02-01,"Juazeiro_do_Norte"
"susceptible_prop",6,0.999869630311609,0.999939182421647,0.999963376852851,0.999992174290329,0.999999221042672,2015-02-08,"Juazeiro_do_Norte"
"susceptible_prop",7,0.999843601614711,0.999927039503426,0.999956064520513,0.99999061174903,0.99999906550941,2015-02-15,"Juazeiro_do_Norte"
"susceptible_prop",8,0.999817577754254,0.999914898672725,0.999948753409902,0.999989049459806,0.999998910001021,2015-02-22,"Juazeiro_do_Norte"
"susceptible_prop",9,0.999791571841167,0.999902766046018,0.999941447204284,0.999987488209715,0.999998754595846,2015-03-01,"Juazeiro_do_Norte"
"susceptible_prop",10,0.999745968404109,0.999882430282981,0.999929496501179,0.999983566230517,0.999998510061536,2015-03-08,"Juazeiro_do_Norte"
"susceptible_prop",11,0.999705660793789,0.999861950021418,0.999915560670428,0.999979918789543,0.999998266483174,2015-03-15,"Juazeiro_do_Norte"
"susceptible_prop",12,0.999668188060626,0.99983774726681,0.999898389036773,0.999976139850971,0.999997923423463,2015-03-22,"Juazeiro_do_Norte"
"susceptible_prop",13,0.999619046092194,0.999809237833361,0.999877012601513,0.999972373665438,0.99999748590015,2015-03-29,"Juazeiro_do_Norte"
"susceptible_prop",14,0.999571326762317,0.999778803431015,0.999854401872802,0.999967793691782,0.999997041889164,2015-04-05,"Juazeiro_do_Norte"
"susceptible_prop",15,0.99951051873927,0.999743611243713,0.999830499588849,0.999963355172894,0.999996542839691,2015-04-12,"Juazeiro_do_Norte"
"susceptible_prop",16,0.999453326376927,0.999710915903219,0.99980448368084,0.999958573383912,0.999996064846051,2015-04-19,"Juazeiro_do_Norte"
"susceptible_prop",17,0.999385010971534,0.999676487018879,0.999778100320826,0.999953821558649,0.999995587188033,2015-04-26,"Juazeiro_do_Norte"
"susceptible_prop",18,0.999334213931096,0.999644617358356,0.999753772793065,0.999948968499027,0.999995043038647,2015-05-03,"Juazeiro_do_Norte"
"susceptible_prop",19,0.999287302292614,0.999611407700007,0.999729834028893,0.999943862774407,0.999994654585163,2015-05-10,"Juazeiro_do_Norte"
"susceptible_prop",20,0.999249206347979,0.999582064005641,0.999710335964289,0.999939097440343,0.999994226871512,2015-05-17,"Juazeiro_do_Norte"
"susceptible_prop",21,0.999213662700602,0.999556300428689,0.999690675509859,0.999934548378536,0.999993893050082,2015-05-24,"Juazeiro_do_Norte"
"susceptible_prop",22,0.999188359917412,0.999535318750629,0.999672662283428,0.999930139701038,0.999993495119399,2015-05-31,"Juazeiro_do_Norte"
"susceptible_prop",23,0.999168620261175,0.999517714280178,0.999659486871546,0.999925968487386,0.999993177686218,2015-06-07,"Juazeiro_do_Norte"
"susceptible_prop",24,0.999155121410131,0.999505369103969,0.999652057062675,0.999921588356974,0.99999293141507,2015-06-14,"Juazeiro_do_Norte"
"susceptible_prop",25,0.999144870436919,0.999496887559631,0.999644648840524,0.999917476208724,0.9999927354741,2015-06-21,"Juazeiro_do_Norte"
"susceptible_prop",26,0.999133803342281,0.999490495371294,0.999637352832031,0.999913649355451,0.999992621008349,2015-06-28,"Juazeiro_do_Norte"
"susceptible_prop",27,0.999125070581663,0.999484558389239,0.999631548357171,0.999910410390318,0.999992577624799,2015-07-05,"Juazeiro_do_Norte"
"susceptible_prop",28,0.999116850825745,0.999477543089162,0.99962687772087,0.999907413846295,0.999992547358914,2015-07-12,"Juazeiro_do_Norte"
"susceptible_prop",29,0.999111748501683,0.999473413378449,0.999623430425977,0.999905181729737,0.999992527654461,2015-07-19,"Juazeiro_do_Norte"
"susceptible_prop",30,0.999105404663767,0.999469489062364,0.999620601694947,0.999903963534952,0.999992491329792,2015-07-26,"Juazeiro_do_Norte"
"susceptible_prop",31,0.999101165691457,0.999467097289369,0.999617634955788,0.999903024255472,0.999992414362568,2015-08-02,"Juazeiro_do_Norte"
"susceptible_prop",32,0.999097635042315,0.999464377354564,0.999615054868701,0.999902024875785,0.999992338861086,2015-08-09,"Juazeiro_do_Norte"
"susceptible_prop",33,0.999094289472821,0.999462067220824,0.99961409569586,0.999901072992572,0.999992302362443,2015-08-16,"Juazeiro_do_Norte"
"susceptible_prop",34,0.999091568059618,0.99945906515001,0.999612985010393,0.999900197904118,0.999992259095373,2015-08-23,"Juazeiro_do_Norte"
"susceptible_prop",35,0.999089441152864,0.999456688792957,0.999611953626026,0.99989935787576,0.999992221026338,2015-08-30,"Juazeiro_do_Norte"
"susceptible_prop",36,0.999087429238921,0.999455573839928,0.999610812499965,0.999898622570177,0.999992187914124,2015-09-06,"Juazeiro_do_Norte"
"susceptible_prop",37,0.999086906249313,0.999454978891847,0.999609753425752,0.999897827322156,0.999992156820576,2015-09-13,"Juazeiro_do_Norte"
"susceptible_prop",38,0.999086543998058,0.999454408408127,0.999608019743331,0.999897109433854,0.999992126505623,2015-09-20,"Juazeiro_do_Norte"
"susceptible_prop",39,0.999086171830071,0.999453182612182,0.999606432650294,0.999896287302525,0.999992090941911,2015-09-27,"Juazeiro_do_Norte"
"susceptible_prop",40,0.999085583970064,0.999450996111978,0.999604670009412,0.999895349183197,0.999992048207418,2015-10-04,"Juazeiro_do_Norte"
"susceptible_prop",41,0.999084419956545,0.9994495687887,0.999602433663833,0.999894289557238,0.999992005279847,2015-10-11,"Juazeiro_do_Norte"
"susceptible_prop",42,0.999082317902283,0.999448956924835,0.99959979048029,0.999893084735305,0.999991955678266,2015-10-18,"Juazeiro_do_Norte"
"susceptible_prop",43,0.999079212990275,0.999446504046115,0.999597978356465,0.999891446025044,0.999991909405326,2015-10-25,"Juazeiro_do_Norte"
"susceptible_prop",44,0.999075975206899,0.999444620908877,0.999596387750606,0.999889797997464,0.999991871920067,2015-11-01,"Juazeiro_do_Norte"
"susceptible_prop",45,0.999071609682667,0.99944101482274,0.999591220970323,0.999887745387813,0.999991787630123,2015-11-08,"Juazeiro_do_Norte"
"susceptible_prop",46,0.999060407943926,0.999436913123942,0.99958680931674,0.999885059460102,0.999991719917617,2015-11-15,"Juazeiro_do_Norte"
"susceptible_prop",47,0.99905193510936,0.999428807137823,0.999581619716323,0.999881391654351,0.999991594252938,2015-11-22,"Juazeiro_do_Norte"
"susceptible_prop",48,0.999046227655688,0.999417995327913,0.999575309882084,0.999877689634568,0.999991463581253,2015-11-29,"Juazeiro_do_Norte"
"susceptible_prop",49,0.999032531637298,0.99940734987973,0.999563920913317,0.999872722940207,0.99999124159393,2015-12-06,"Juazeiro_do_Norte"
"susceptible_prop",50,0.999018108374711,0.999394091533666,0.999551524671148,0.999865879060365,0.999990889952679,2015-12-13,"Juazeiro_do_Norte"
"susceptible_prop",51,0.998994913197884,0.999372548852111,0.999531272007777,0.999855982404873,0.999990387949035,2015-12-20,"Juazeiro_do_Norte"
"susceptible_prop",52,0.998963671980719,0.999346181022906,0.999508665525732,0.999842482235408,0.999989922148287,2015-12-27,"Juazeiro_do_Norte"
"susceptible_prop",53,0.998910114258733,0.999305849407328,0.999476384057889,0.999822912030584,0.999988811048811,2016-01-03,"Juazeiro_do_Norte"
"susceptible_prop",54,0.998842545053096,0.999253293370352,0.999430465072315,0.999796410848053,0.999987604406625,2016-01-10,"Juazeiro_do_Norte"
"susceptible_prop",55,0.998757135132566,0.999170462496156,0.999361065875947,0.999765645586681,0.999985614027145,2016-01-17,"Juazeiro_do_Norte"
"susceptible_prop",56,0.998634811329971,0.999060811785494,0.999256299894166,0.999703151328961,0.999982591351217,2016-01-24,"Juazeiro_do_Norte"
"susceptible_prop",57,0.998436179323933,0.998895917765574,0.999107158709626,0.999621034166254,0.999977721483442,2016-01-31,"Juazeiro_do_Norte"
"susceptible_prop",58,0.998115197627859,0.998652643150323,0.998888206827204,0.999514430464574,0.999970972478783,2016-02-07,"Juazeiro_do_Norte"
"susceptible_prop",59,0.997696274140064,0.998285220380702,0.998570237506557,0.999367666942295,0.999960847005716,2016-02-14,"Juazeiro_do_Norte"
"susceptible_prop",60,0.997015726378786,0.997734518879662,0.998093027996077,0.999090910572979,0.999943763903979,2016-02-21,"Juazeiro_do_Norte"
"susceptible_prop",61,0.995913891643504,0.996845655418365,0.997312355990662,0.998680735421674,0.99991737924561,2016-02-28,"Juazeiro_do_Norte"
"susceptible_prop",62,0.994143677075603,0.995435256289823,0.996100026650299,0.998110443547168,0.999870959684942,2016-03-06,"Juazeiro_do_Norte"
"susceptible_prop",63,0.991287238152558,0.993134078072105,0.99409195860009,0.997114121836334,0.999800805005314,2016-03-13,"Juazeiro_do_Norte"
"susceptible_prop",64,0.986729343546576,0.989563255001098,0.990960647076994,0.995536621437987,0.999681049936742,2016-03-20,"Juazeiro_do_Norte"
"susceptible_prop",65,0.980200283904266,0.984426437073388,0.986366949065002,0.993245731990897,0.999512999772215,2016-03-27,"Juazeiro_do_Norte"
"susceptible_prop",66,0.971035846819672,0.976689547851157,0.979453391542933,0.989543484196273,0.999268524086451,2016-04-03,"Juazeiro_do_Norte"
"susceptible_prop",67,0.957689550008889,0.965861144227772,0.969691251255075,0.983787339427369,0.998904243397741,2016-04-10,"Juazeiro_do_Norte"
"susceptible_prop",68,0.9386778570496,0.949924652642218,0.955424593341018,0.9749870888524,0.998418998261841,2016-04-17,"Juazeiro_do_Norte"
"susceptible_prop",69,0.914090689023613,0.927544607448924,0.935881728051853,0.963120976178599,0.997825976110934,2016-04-24,"Juazeiro_do_Norte"
"susceptible_prop",70,0.879978766207713,0.897998752532605,0.909055950649985,0.947897781395438,0.996984190646209,2016-05-01,"Juazeiro_do_Norte"
"susceptible_prop",71,0.839651799719169,0.861318202623796,0.874349774245778,0.926163594467445,0.995939737660416,2016-05-08,"Juazeiro_do_Norte"
"susceptible_prop",72,0.800098883927523,0.82235884818371,0.835836608460159,0.899222667937904,0.994820075872629,2016-05-15,"Juazeiro_do_Norte"
"susceptible_prop",73,0.761510717951188,0.784038646833774,0.797281079158395,0.873060357717412,0.993607544546821,2016-05-22,"Juazeiro_do_Norte"
"susceptible_prop",74,0.727408340967903,0.749220609569007,0.762056677845656,0.844044841123782,0.992270174477623,2016-05-29,"Juazeiro_do_Norte"
"susceptible_prop",75,0.696836692748585,0.719808894613263,0.731709235154226,0.81584792766689,0.991048748543367,2016-06-05,"Juazeiro_do_Norte"
"susceptible_prop",76,0.67338306049907,0.696596494785077,0.707743759763049,0.79476785054741,0.989912066403487,2016-06-12,"Juazeiro_do_Norte"
"susceptible_prop",77,0.656290841011262,0.679696933658601,0.690301212356648,0.78074370542932,0.988927182849485,2016-06-19,"Juazeiro_do_Norte"
"susceptible_prop",78,0.643984366340916,0.666615408720173,0.67690910183915,0.770628528315094,0.987957328638227,2016-06-26,"Juazeiro_do_Norte"
"susceptible_prop",79,0.635341837382558,0.657408037993579,0.667640511376661,0.764549996931517,0.987134415714163,2016-07-03,"Juazeiro_do_Norte"
"susceptible_prop",80,0.628914913929732,0.650433011831966,0.660624018311426,0.760006109979313,0.986475884500935,2016-07-10,"Juazeiro_do_Norte"
"susceptible_prop",81,0.624117075307936,0.645349483095524,0.655806399960217,0.756593302898944,0.985813562407833,2016-07-17,"Juazeiro_do_Norte"
"susceptible_prop",82,0.62044864352661,0.641795831463594,0.65219505841065,0.754022210013075,0.985256232758358,2016-07-24,"Juazeiro_do_Norte"
"susceptible_prop",83,0.617762085430386,0.639153344473691,0.649535886451293,0.752083510220568,0.984837870988895,2016-07-31,"Juazeiro_do_Norte"
"susceptible_prop",84,0.615866727898754,0.637223578719664,0.647653423861894,0.750701793745136,0.984402095135541,2016-08-07,"Juazeiro_do_Norte"
"susceptible_prop",85,0.614145168254789,0.635994444872834,0.646510986770638,0.749580471419121,0.984028040215336,2016-08-14,"Juazeiro_do_Norte"
"susceptible_prop",86,0.613162291607812,0.635025904375813,0.645689257102494,0.748998252425043,0.983763894790602,2016-08-21,"Juazeiro_do_Norte"
"susceptible_prop",87,0.612372835059229,0.634288673636956,0.645067672247874,0.748443761020375,0.983508508365185,2016-08-28,"Juazeiro_do_Norte"
"susceptible_prop",88,0.61178989237479,0.633829387668053,0.644609588409923,0.748107624771141,0.983286687059344,2016-09-04,"Juazeiro_do_Norte"
"susceptible_prop",89,0.611488448729835,0.633456676607968,0.644314792871134,0.747858728993393,0.983118065441351,2016-09-11,"Juazeiro_do_Norte"
"susceptible_prop",90,0.611247841685561,0.633266555721798,0.644128687225372,0.747667900871243,0.982947229399322,2016-09-18,"Juazeiro_do_Norte"
"susceptible_prop",91,0.611070005417541,0.633058616093999,0.643995479559748,0.747517812381829,0.982765944986373,2016-09-25,"Juazeiro_do_Norte"
"susceptible_prop",92,0.6109367283446,0.63289468361777,0.64388038139999,0.747368570764379,0.982633433407094,2016-10-02,"Juazeiro_do_Norte"
"susceptible_prop",93,0.610838384183622,0.6327971123664,0.643798333162543,0.747228331251669,0.982450108221567,2016-10-09,"Juazeiro_do_Norte"
"susceptible_prop",94,0.610777958354943,0.632765326339925,0.643760749935972,0.747106815958883,0.982262496576112,2016-10-16,"Juazeiro_do_Norte"
"susceptible_prop",95,0.610782929115019,0.632738927887363,0.643731424404937,0.746988060209617,0.982047337172678,2016-10-23,"Juazeiro_do_Norte"
"susceptible_prop",96,0.61074075568137,0.63271980384242,0.643698846812115,0.746871741193042,0.981818363346566,2016-10-30,"Juazeiro_do_Norte"
"susceptible_prop",97,0.610705393884979,0.632715358381651,0.643693507726888,0.746744969350474,0.981531497652049,2016-11-06,"Juazeiro_do_Norte"
"susceptible_prop",98,0.610708437262832,0.632674631745143,0.643674282545488,0.746598058043086,0.981225114200458,2016-11-13,"Juazeiro_do_Norte"
"susceptible_prop",99,0.610691776078547,0.632629372457481,0.643675478413925,0.746466286545335,0.980883855889421,2016-11-20,"Juazeiro_do_Norte"
"susceptible_prop",100,0.610683979571435,0.63261766870696,0.643694385642875,0.74632742627983,0.98057142939077,2016-11-27,"Juazeiro_do_Norte"
"susceptible_prop",101,0.610711377464094,0.632632062252085,0.643726144288974,0.746210916825652,0.980227868345152,2016-12-04,"Juazeiro_do_Norte"
"susceptible_prop",102,0.610763011420993,0.632667817656328,0.643765401947991,0.746108983247359,0.979892729797153,2016-12-11,"Juazeiro_do_Norte"
"susceptible_prop",103,0.610791380459096,0.632709708293392,0.643813671014795,0.746012133149679,0.979597072707325,2016-12-18,"Juazeiro_do_Norte"
"susceptible_prop",104,0.610828708723157,0.632755868849246,0.643855487378769,0.745921492803505,0.979260733935242,2016-12-25,"Juazeiro_do_Norte"
"susceptible_prop",105,0.610885967971486,0.63281938708101,0.643904588864692,0.745838010602544,0.978877717934364,2017-01-01,"Juazeiro_do_Norte"
"susceptible_prop",106,0.610942363374865,0.632879511159561,0.643955832453912,0.745711331266331,0.978457620418875,2017-01-08,"Juazeiro_do_Norte"
"susceptible_prop",107,0.611001844520771,0.63294108359456,0.644010576923226,0.745579182384451,0.977893452296012,2017-01-15,"Juazeiro_do_Norte"
"susceptible_prop",108,0.611054061102254,0.633005628164951,0.644065923766794,0.745383869042697,0.97733437573253,2017-01-22,"Juazeiro_do_Norte"
"susceptible_prop",109,0.611094967026743,0.633055489366695,0.64410166777036,0.745122654307874,0.976666860442109,2017-01-29,"Juazeiro_do_Norte"
"susceptible_prop",110,0.611151556597015,0.633119955337648,0.644154319220996,0.744782090427764,0.975589670924628,2017-02-05,"Juazeiro_do_Norte"
"susceptible_prop",111,0.61118317175995,0.633153532489586,0.644181348944002,0.744377301698598,0.974206675325465,2017-02-12,"Juazeiro_do_Norte"
"susceptible_prop",112,0.611200859208085,0.633190369502473,0.644211440927512,0.743804307086138,0.972176928640239,2017-02-19,"Juazeiro_do_Norte"
"susceptible_prop",113,0.611239102376313,0.633235698987721,0.644256581509101,0.742961792911521,0.969291071928627,2017-02-26,"Juazeiro_do_Norte"
"susceptible_prop",114,0.611247568909261,0.633247494934418,0.644258206562776,0.741621102842087,0.964801041278007,2017-03-05,"Juazeiro_do_Norte"
"susceptible_prop",115,0.611237929941292,0.633215998345212,0.644238730244099,0.739914249577856,0.958671399032376,2017-03-12,"Juazeiro_do_Norte"
"susceptible_prop",116,0.611230953265047,0.633229824114564,0.64424626965779,0.736252678012451,0.94989435309515,2017-03-19,"Juazeiro_do_Norte"
"susceptible_prop",117,0.611205500830971,0.6332250578085,0.644225751197699,0.731451258552963,0.93700859894866,2017-03-26,"Juazeiro_do_Norte"
"susceptible_prop",118,0.611085365942721,0.633119867809489,0.644148342094277,0.725212295303151,0.918966935943756,2017-04-02,"Juazeiro_do_Norte"
"susceptible_prop",119,0.610979626456607,0.632969199185099,0.644052139867651,0.717060008120529,0.895048059496995,2017-04-09,"Juazeiro_do_Norte"
"susceptible_prop",120,0.610912553232591,0.632844155972441,0.643962396661581,0.706687125483323,0.86473217025271,2017-04-16,"Juazeiro_do_Norte"
"susceptible_prop",121,0.610827564042992,0.632707507812006,0.643816483698739,0.69464234123228,0.826612976254506,2017-04-23,"Juazeiro_do_Norte"
"susceptible_prop",122,0.610740289215696,0.632590609687696,0.643687332686641,0.680740735988224,0.78586690930787,2017-04-30,"Juazeiro_do_Norte"
"susceptible_prop",123,0.610636269565173,0.632449059948645,0.643539069957584,0.66747144877704,0.740213659823026,2017-05-07,"Juazeiro_do_Norte"
"susceptible_prop",124,0.610543258320537,0.632231329537277,0.64260212988523,0.65632991896395,0.692941859785442,2017-05-14,"Juazeiro_do_Norte"
"susceptible_prop",125,0.60299416251624,0.626040465633624,0.636770086612182,0.646197075717079,0.663598256666785,2017-05-21,"Juazeiro_do_Norte"
"susceptible_prop",126,0.577225179171781,0.613471804461635,0.632503891524538,0.643266738092038,0.66223538877244,2017-05-28,"Juazeiro_do_Norte"
"susceptible_prop",127,0.553022141193027,0.599878400996794,0.632167948465869,0.643140553448331,0.662197928863341,2017-06-04,"Juazeiro_do_Norte"
"susceptible_prop",128,0.532998620040641,0.58872042594077,0.632123271918818,0.643095632062821,0.662162827156144,2017-06-11,"Juazeiro_do_Norte"
"susceptible_prop",129,0.517149777908375,0.584459989760385,0.632097686671549,0.64300915886506,0.662152821197101,2017-06-18,"Juazeiro_do_Norte"
"susceptible_prop",130,0.506375303852959,0.58103889813498,0.632134800410507,0.643012596621114,0.662185088898299,2017-06-25,"Juazeiro_do_Norte"
"susceptible_prop",131,0.496184669374494,0.578752140841725,0.632198985752913,0.643066019032147,0.66224311345662,2017-07-02,"Juazeiro_do_Norte"
"susceptible_prop",132,0.489501832500512,0.576798037414817,0.63224548663923,0.643104113862798,0.662286868692222,2017-07-09,"Juazeiro_do_Norte"
"susceptible_prop",133,0.484640716671482,0.575546706958235,0.632303615355717,0.643152772314573,0.66232939494548,2017-07-16,"Juazeiro_do_Norte"
"susceptible_prop",134,0.480829614318271,0.574580550407607,0.632386059594568,0.643223209449262,0.662397820028553,2017-07-23,"Juazeiro_do_Norte"
"susceptible_prop",135,0.478003049348615,0.573757665606861,0.63248584901119,0.643313676270407,0.662482265474421,2017-07-30,"Juazeiro_do_Norte"
"susceptible_prop",136,0.475554625992557,0.573151911076636,0.632584797729347,0.643397977790254,0.662565665165313,2017-08-06,"Juazeiro_do_Norte"
"susceptible_prop",137,0.474162634015389,0.572797407926149,0.632671445727796,0.643475084827557,0.662639345115955,2017-08-13,"Juazeiro_do_Norte"
"susceptible_prop",138,0.472972221848734,0.572604566633602,0.632738262416338,0.643539516167436,0.662699490973747,2017-08-20,"Juazeiro_do_Norte"
"susceptible_prop",139,0.472220753227583,0.57250872234757,0.632832819887031,0.643631459306901,0.662786802971444,2017-08-27,"Juazeiro_do_Norte"
"susceptible_prop",140,0.47171467196988,0.572430379963668,0.632922326041728,0.643719006618506,0.662865687082753,2017-09-03,"Juazeiro_do_Norte"
"susceptible_prop",141,0.471341049228156,0.572399159823747,0.633031284508578,0.643826866122727,0.662964901733357,2017-09-10,"Juazeiro_do_Norte"
"susceptible_prop",142,0.470996738259351,0.57240531464049,0.633135992973575,0.643929253853806,0.663059132570231,2017-09-17,"Juazeiro_do_Norte"
"susceptible_prop",143,0.470767164017452,0.572448651103395,0.633242200158173,0.644033917255324,0.66315522747917,2017-09-24,"Juazeiro_do_Norte"
"susceptible_prop",144,0.470576920120447,0.572490409171025,0.633348161931628,0.644138088098556,0.663251288270077,2017-10-01,"Juazeiro_do_Norte"
"susceptible_prop",145,0.470454115195035,0.572528650281588,0.633433574787516,0.644221540169718,0.663328562439654,2017-10-08,"Juazeiro_do_Norte"
"susceptible_prop",146,0.470429486500051,0.572616920409013,0.633550570715764,0.644335287462777,0.663434844978332,2017-10-15,"Juazeiro_do_Norte"
"susceptible_prop",147,0.470367873493637,0.57268472707802,0.633642202799519,0.644424415580277,0.663517232055884,2017-10-22,"Juazeiro_do_Norte"
"susceptible_prop",148,0.470357334754654,0.572782859683381,0.633752788257953,0.644531620604918,0.663617024298312,2017-10-29,"Juazeiro_do_Norte"
"susceptible_prop",149,0.470356802965687,0.572874670484537,0.633858173731867,0.644633788110471,0.663712379528999,2017-11-05,"Juazeiro_do_Norte"
"susceptible_prop",150,0.470350707500936,0.572948998547675,0.633943380197403,0.644716133420483,0.663788734054949,2017-11-12,"Juazeiro_do_Norte"
"susceptible_prop",151,0.470380544478535,0.573035508021275,0.634035280166131,0.644804877560993,0.663871938535163,2017-11-19,"Juazeiro_do_Norte"
"susceptible_prop",152,0.470435214039109,0.573124141877065,0.634128586105096,0.644894919763857,0.663957024160935,2017-11-26,"Juazeiro_do_Norte"
"susceptible_prop",153,0.470497659112786,0.573219036389362,0.634224719816207,0.64498718353206,0.664044247966818,2017-12-03,"Juazeiro_do_Norte"
"susceptible_prop",154,0.470577766871091,0.573324815653996,0.634331377805893,0.645090001898665,0.664141974297602,2017-12-10,"Juazeiro_do_Norte"
"susceptible_prop",155,0.470641807579549,0.573413347158105,0.634420801975998,0.645176125234064,0.664223308415623,2017-12-17,"Juazeiro_do_Norte"
"susceptible_prop",156,0.470754907080317,0.573526475487017,0.634534085268021,0.645285676577189,0.664326505354801,2017-12-24,"Juazeiro_do_Norte"
"susceptible_prop",157,0.470817555617766,0.573602042169185,0.634616386172397,0.645364930469279,0.66440116848514,2017-12-31,"Juazeiro_do_Norte"
"susceptible_prop",158,0.470887926972946,0.573678973532602,0.634699374214773,0.645445347776278,0.664476794250025,2018-01-07,"Juazeiro_do_Norte"
"susceptible_prop",159,0.470987431618339,0.573787665586795,0.634811653682435,0.645554099366141,0.664579025596477,2018-01-14,"Juazeiro_do_Norte"
"susceptible_prop",160,0.471066815775702,0.573899834744529,0.6349246578902,0.645663722645952,0.664681898093006,2018-01-21,"Juazeiro_do_Norte"
"susceptible_prop",161,0.471117318821101,0.573992341671514,0.635021547606418,0.645758970077179,0.664770677143021,2018-01-28,"Juazeiro_do_Norte"
"susceptible_prop",162,0.471177084488633,0.574101311897106,0.635133957498936,0.645869154672569,0.664873067356671,2018-02-04,"Juazeiro_do_Norte"
"susceptible_prop",163,0.471219364342798,0.574193657268251,0.635241710693637,0.645974191118005,0.664971054089724,2018-02-11,"Juazeiro_do_Norte"
"susceptible_prop",164,0.471246980130135,0.574279170216722,0.635345529677014,0.646075414201051,0.665064540057462,2018-02-18,"Juazeiro_do_Norte"
"susceptible_prop",165,0.471293521857035,0.574380907920902,0.635462489819003,0.646189520184763,0.66516934021993,2018-02-25,"Juazeiro_do_Norte"
"susceptible_prop",166,0.471330263112742,0.574469282858995,0.635571243915929,0.646295528718207,0.665264661189845,2018-03-04,"Juazeiro_do_Norte"
"susceptible_prop",167,0.471361259970202,0.574561420137259,0.635677351549952,0.646400353812605,0.665358489130057,2018-03-11,"Juazeiro_do_Norte"
"susceptible_prop",168,0.471431851076242,0.574681923488149,0.635802337619291,0.646522641474494,0.665468785864946,2018-03-18,"Juazeiro_do_Norte"
"susceptible_prop",169,0.471496753221582,0.574790500154374,0.635918684636948,0.646636698233185,0.665568372198229,2018-03-25,"Juazeiro_do_Norte"
"susceptible_prop",170,0.471558447311017,0.574887871607674,0.636022019706197,0.646736967532464,0.66565869670438,2018-04-01,"Juazeiro_do_Norte"
"susceptible_prop",171,0.471636263446554,0.574985068395079,0.636124327170562,0.646837441690291,0.665748046408916,2018-04-08,"Juazeiro_do_Norte"
"susceptible_prop",172,0.471752049367182,0.575113641150109,0.636251415177069,0.64696157046788,0.665860609018532,2018-04-15,"Juazeiro_do_Norte"
"susceptible_prop",173,0.471855610194418,0.575228172931033,0.636363239322535,0.647069729419323,0.66596032766109,2018-04-22,"Juazeiro_do_Norte"
"susceptible_prop",174,0.471960265621033,0.575347768277436,0.636475854001204,0.647179638489457,0.666060911074445,2018-04-29,"Juazeiro_do_Norte"
"susceptible_prop",175,0.472090584086344,0.575485473423965,0.636601678785313,0.647302289191963,0.666175699774126,2018-05-06,"Juazeiro_do_Norte"
"susceptible_prop",176,0.47216920451461,0.575580899521173,0.636687971952021,0.647386383283137,0.666254475714165,2018-05-13,"Juazeiro_do_Norte"
"susceptible_prop",177,0.472302547761163,0.575711578097387,0.636804815773257,0.647500847180636,0.666361695475788,2018-05-20,"Juazeiro_do_Norte"
"susceptible_prop",178,0.472458858704177,0.575856909429493,0.636933765097217,0.647625698437291,0.666478221151491,2018-05-27,"Juazeiro_do_Norte"
"susceptible_prop",179,0.472582680814387,0.575972769283958,0.637036127789387,0.647725454168993,0.666572150385115,2018-06-03,"Juazeiro_do_Norte"
"susceptible_prop",180,0.472718503346672,0.576095197663494,0.637143877191439,0.647830709725977,0.666672139818751,2018-06-10,"Juazeiro_do_Norte"
"susceptible_prop",181,0.472889557179123,0.576245117665965,0.637274764034141,0.64795844604601,0.666793380464457,2018-06-17,"Juazeiro_do_Norte"
"susceptible_prop",182,0.473028672139285,0.576367777838015,0.637382790524223,0.648063924186322,0.666893969480297,2018-06-24,"Juazeiro_do_Norte"
"susceptible_prop",183,0.473134340619017,0.576464498776807,0.637466645187395,0.648146477148597,0.666972118221507,2018-07-01,"Juazeiro_do_Norte"
"susceptible_prop",184,0.473230235132959,0.576549899917023,0.637541821326116,0.64821960811781,0.66704151172861,2018-07-08,"Juazeiro_do_Norte"
"susceptible_prop",185,0.473352584801897,0.57665506423245,0.637634344270747,0.648309501845871,0.667126517095329,2018-07-15,"Juazeiro_do_Norte"
"susceptible_prop",186,0.473472144262009,0.576757877541895,0.63772425748951,0.648396839616852,0.667208985988637,2018-07-22,"Juazeiro_do_Norte"
"susceptible_prop",187,0.473579354199005,0.57684976074808,0.637804553770654,0.648474845582908,0.667282570473414,2018-07-29,"Juazeiro_do_Norte"
"susceptible_prop",188,0.473728829780144,0.576974616442791,0.637912727366871,0.648580264287642,0.667380810961557,2018-08-05,"Juazeiro_do_Norte"
"susceptible_prop",189,0.473865989211671,0.577088866591282,0.638012574662314,0.648677077280921,0.667470199620532,2018-08-12,"Juazeiro_do_Norte"
"susceptible_prop",190,0.473981981612306,0.577184432874518,0.638096016538721,0.648758675504801,0.66754428254087,2018-08-19,"Juazeiro_do_Norte"
"susceptible_prop",191,0.474094733069465,0.577276837857364,0.638176754044114,0.648837627632755,0.667615765989298,2018-08-26,"Juazeiro_do_Norte"
"susceptible_prop",192,0.474231135303929,0.577388115352517,0.638273995275256,0.648932031361809,0.667704249121497,2018-09-02,"Juazeiro_do_Norte"
"susceptible_prop",193,0.474399303537023,0.577522388659329,0.638391021772527,0.649046181278162,0.667810837199905,2018-09-09,"Juazeiro_do_Norte"
"susceptible_prop",194,0.474529781288194,0.577623622963991,0.63848051020722,0.649133466837603,0.667892781527802,2018-09-16,"Juazeiro_do_Norte"
"susceptible_prop",195,0.474688345293315,0.577746480318515,0.63858869263219,0.649238658335824,0.667990885142167,2018-09-23,"Juazeiro_do_Norte"
"susceptible_prop",196,0.474831171422936,0.577857515424291,0.638686202256512,0.64933326175115,0.668079171244716,2018-09-30,"Juazeiro_do_Norte"
"susceptible_prop",197,0.474968978360117,0.577964345002944,0.63877983852731,0.649423458434702,0.668163925113696,2018-10-07,"Juazeiro_do_Norte"
"susceptible_prop",198,0.475127164091691,0.578088611790166,0.638887851242006,0.649527485051832,0.668262246377407,2018-10-14,"Juazeiro_do_Norte"
"susceptible_prop",199,0.475279099160873,0.578207895103425,0.63899154494369,0.649625879071315,0.668356830306079,2018-10-21,"Juazeiro_do_Norte"
"susceptible_prop",200,0.475420027586341,0.578318158162459,0.639087261986567,0.649716189315701,0.668443850882397,2018-10-28,"Juazeiro_do_Norte"
"susceptible_prop",201,0.47553012099559,0.578403386275261,0.639161785266203,0.649786132918221,0.66851041397538,2018-11-04,"Juazeiro_do_Norte"
"susceptible_prop",202,0.475705299828037,0.578540728129937,0.639281605145225,0.649900034024413,0.668618277760457,2018-11-11,"Juazeiro_do_Norte"
"susceptible_prop",203,0.475865435865149,0.578666159080817,0.639390585235834,0.650003595080766,0.668715788689883,2018-11-18,"Juazeiro_do_Norte"
"susceptible_prop",204,0.476021716421582,0.578788616098634,0.639497100627077,0.650103849152326,0.668810859997592,2018-11-25,"Juazeiro_do_Norte"
"susceptible_prop",205,0.476183713477128,0.578915172937523,0.639607502245752,0.650208545892702,0.668909201543701,2018-12-02,"Juazeiro_do_Norte"
"susceptible_prop",206,0.476307314976781,0.579011067882091,0.639691315478223,0.650287334902254,0.668983094712114,2018-12-09,"Juazeiro_do_Norte"
"susceptible_prop",207,0.476459634693863,0.579129770017977,0.639794498206945,0.650384255353501,0.669076481576144,2018-12-16,"Juazeiro_do_Norte"
"susceptible_prop",208,0.476636848744218,0.579267487322976,0.639914453982561,0.650498062249714,0.669185539713815,2018-12-23,"Juazeiro_do_Norte"
"susceptible_prop",209,0.476755113964737,0.579355491504987,0.639993003610847,0.650570875913133,0.669255362771651,2018-12-30,"Juazeiro_do_Norte"
"susceptible_prop",210,0.47689547443209,0.579460953710012,0.640084800608177,0.650655937782918,0.669334478292941,2019-01-06,"Juazeiro_do_Norte"
"susceptible_prop",211,0.477038431793767,0.579564557885722,0.640176415327489,0.650740317709111,0.669413269990743,2019-01-13,"Juazeiro_do_Norte"
"susceptible_prop",212,0.477203991076298,0.579684325187744,0.64028152973078,0.65083788818496,0.669499366331775,2019-01-20,"Juazeiro_do_Norte"
"susceptible_prop",213,0.477392197417293,0.57982164216076,0.640398083438215,0.650948512107341,0.669597940508543,2019-01-27,"Juazeiro_do_Norte"
"susceptible_prop",214,0.477545878196652,0.579929272950355,0.640487660583358,0.65103130920543,0.669672404269148,2019-02-03,"Juazeiro_do_Norte"
"susceptible_prop",215,0.477710141145256,0.580043211134514,0.640582345304222,0.651112019669795,0.669746360547273,2019-02-10,"Juazeiro_do_Norte"
"susceptible_prop",216,0.477872256891167,0.580152710584902,0.640669911351002,0.651189836034166,0.669816949377649,2019-02-17,"Juazeiro_do_Norte"
"susceptible_prop",217,0.478019939461171,0.580247953379653,0.640743362112958,0.651254858446926,0.669881066068591,2019-02-24,"Juazeiro_do_Norte"
"susceptible_prop",218,0.47818930485131,0.58035612461137,0.640823958337901,0.651325011602545,0.669955705347825,2019-03-03,"Juazeiro_do_Norte"
"susceptible_prop",219,0.478331643547337,0.580437387672511,0.640872971064271,0.651372979558947,0.670013939982698,2019-03-10,"Juazeiro_do_Norte"
"susceptible_prop",220,0.478507475916136,0.580541472777371,0.640946540212872,0.65143596895801,0.67008221809995,2019-03-17,"Juazeiro_do_Norte"
"susceptible_prop",221,0.478682375279395,0.580637708048646,0.641013805732666,0.651492299727635,0.670144094773577,2019-03-24,"Juazeiro_do_Norte"
"susceptible_prop",222,0.478824699466144,0.580698663518581,0.641041248867961,0.651523163989687,0.670151313201632,2019-03-31,"Juazeiro_do_Norte"
"susceptible_prop",223,0.478966805518457,0.580731687805192,0.641053620628742,0.651543488865694,0.670126271655562,2019-04-07,"Juazeiro_do_Norte"
"susceptible_prop",224,0.479108592946253,0.580765292674341,0.641068399265981,0.651559035142047,0.670103758658595,2019-04-14,"Juazeiro_do_Norte"
"susceptible_prop",225,0.479267186827259,0.580784739594221,0.64108241062323,0.65156306883448,0.670070747758841,2019-04-21,"Juazeiro_do_Norte"
"susceptible_prop",226,0.479411191492808,0.580779040398652,0.641091846719753,0.65154800433536,0.670018008100621,2019-04-28,"Juazeiro_do_Norte"
"susceptible_prop",227,0.479553777039477,0.580779772250989,0.641075970784483,0.651522909430555,0.669949509974789,2019-05-05,"Juazeiro_do_Norte"
"susceptible_prop",228,0.479696400637728,0.58076833944145,0.641049270599648,0.65148267511704,0.669888939935099,2019-05-12,"Juazeiro_do_Norte"
"susceptible_prop",229,0.47988065750323,0.58079167310969,0.64106253245971,0.651472180517212,0.669875654162244,2019-05-19,"Juazeiro_do_Norte"
"susceptible_prop",230,0.480021865990443,0.580792012777299,0.641046999422698,0.651424260665985,0.669814420436602,2019-05-26,"Juazeiro_do_Norte"
"susceptible_prop",231,0.4801695774184,0.58080987862621,0.641048107747341,0.651281805343732,0.669768582052581,2019-06-02,"Juazeiro_do_Norte"
"susceptible_prop",232,0.480317076052096,0.580838793910111,0.641029149324692,0.651204790705887,0.669742118213819,2019-06-09,"Juazeiro_do_Norte"
"susceptible_prop",233,0.480492345357694,0.58090052083602,0.641003046659061,0.651212278344657,0.669733813941916,2019-06-16,"Juazeiro_do_Norte"
"susceptible_prop",234,0.480644979527314,0.580954412093987,0.641004543192289,0.651212720240366,0.669699357941207,2019-06-23,"Juazeiro_do_Norte"
"susceptible_prop",235,0.480790446993509,0.581010380684416,0.641024549759648,0.651236437499067,0.669686239008307,2019-06-30,"Juazeiro_do_Norte"
"susceptible_prop",236,0.480930488359916,0.581061740516623,0.64107900252111,0.651251185269051,0.669674973743588,2019-07-07,"Juazeiro_do_Norte"
"susceptible_prop",237,0.481064808594862,0.581121032144306,0.641131652427499,0.65127927910128,0.669692961023758,2019-07-14,"Juazeiro_do_Norte"
"susceptible_prop",238,0.481201210400313,0.581187559344568,0.641187199476212,0.651307995950007,0.669714551831362,2019-07-21,"Juazeiro_do_Norte"
"susceptible_prop",239,0.481328054701136,0.581246826315437,0.641220060440944,0.651344496919784,0.669732216121314,2019-07-28,"Juazeiro_do_Norte"
"susceptible_prop",240,0.481445613551977,0.581297411166093,0.641230971523678,0.651375752046416,0.669755223280288,2019-08-04,"Juazeiro_do_Norte"
"susceptible_prop",241,0.481585817486691,0.581368036030878,0.641261549862616,0.65142248269406,0.669788858362417,2019-08-11,"Juazeiro_do_Norte"
"susceptible_prop",242,0.481725933216585,0.581434718967972,0.64127945369402,0.651460046487538,0.669807873137545,2019-08-18,"Juazeiro_do_Norte"
"susceptible_prop",243,0.481903822139297,0.581528336169592,0.641308117086849,0.651509629173135,0.669862790472999,2019-08-25,"Juazeiro_do_Norte"
"susceptible_prop",244,0.482015911537181,0.581571392042584,0.641304379995415,0.651511094248284,0.669866030531141,2019-09-01,"Juazeiro_do_Norte"
"susceptible_prop",245,0.482171252872502,0.581653892118357,0.641338720666323,0.651530904278451,0.669887336888499,2019-09-08,"Juazeiro_do_Norte"
"susceptible_prop",246,0.482343377635489,0.581748486999834,0.641388715668844,0.651566404358163,0.669933799929584,2019-09-15,"Juazeiro_do_Norte"
"susceptible_prop",247,0.482485427518253,0.581816955482181,0.641422765138385,0.651600482657641,0.669961839476161,2019-09-22,"Juazeiro_do_Norte"
"susceptible_prop",248,0.482634779294036,0.581896098175589,0.641473402256347,0.651623078082798,0.669990983484765,2019-09-29,"Juazeiro_do_Norte"
"susceptible_prop",249,0.482786045616624,0.581970143025502,0.641516991736111,0.6516450846159,0.670022761753198,2019-10-06,"Juazeiro_do_Norte"
"susceptible_prop",250,0.482935432427723,0.582046693457272,0.641558153277567,0.651703018878967,0.670056263933223,2019-10-13,"Juazeiro_do_Norte"
"susceptible_prop",251,0.483107402327662,0.582139764807491,0.641612544591585,0.651782179109966,0.670120288523694,2019-10-20,"Juazeiro_do_Norte"
"susceptible_prop",252,0.483269965078509,0.582232331044045,0.641670673971977,0.651849575810919,0.670174123823358,2019-10-27,"Juazeiro_do_Norte"
"susceptible_prop",253,0.483425077889032,0.582315960943033,0.641726307667495,0.651914545831559,0.670217993998883,2019-11-03,"Juazeiro_do_Norte"
"susceptible_prop",254,0.483568938041589,0.582390023581322,0.641771313453113,0.651975796324442,0.670271900462637,2019-11-10,"Juazeiro_do_Norte"
"susceptible_prop",255,0.483725842348263,0.582474463312462,0.64184521360293,0.652046449153634,0.670331059248081,2019-11-17,"Juazeiro_do_Norte"
"susceptible_prop",256,0.483852807644851,0.582535281561767,0.641899385802923,0.652099643989311,0.670375895783685,2019-11-24,"Juazeiro_do_Norte"
"susceptible_prop",257,0.483977884752471,0.582591928900679,0.641952394628525,0.652158457635842,0.670416444173964,2019-12-01,"Juazeiro_do_Norte"
"susceptible_prop",258,0.484106673802747,0.582655545450178,0.642003317571968,0.652221293744734,0.670459625285594,2019-12-08,"Juazeiro_do_Norte"
"susceptible_prop",259,0.484224233331872,0.582710414452017,0.642049023247194,0.652267108753221,0.670503660231668,2019-12-15,"Juazeiro_do_Norte"
"susceptible_prop",260,0.484352972981538,0.582777384230217,0.642091278199096,0.65231632548125,0.67054765187135,2019-12-22,"Juazeiro_do_Norte"
"susceptible_prop",261,0.484470473199675,0.582827513599248,0.642117345316622,0.65235852069896,0.670579382005988,2019-12-29,"Juazeiro_do_Norte"
"susceptible_prop",1,1,1,1,1,1,2015-01-04,"Sertao_Central_remainder"
"susceptible_prop",2,0.999996800379496,0.999998401541939,0.999998944154096,0.999999272933408,0.999999677859166,2015-01-11,"Sertao_Central_remainder"
"susceptible_prop",3,0.999993601631444,0.999996803517175,0.999997888593831,0.999998546063271,0.999999355805244,2015-01-18,"Sertao_Central_remainder"
"susceptible_prop",4,0.999990404109066,0.999995206102174,0.999996833435765,0.999997819469854,0.999999033873798,2015-01-25,"Sertao_Central_remainder"
"susceptible_prop",5,0.99998720737146,0.999993609076671,0.999995778534407,0.999997093052969,0.999998712020438,2015-02-01,"Sertao_Central_remainder"
"susceptible_prop",6,0.999984012698574,0.999992013080103,0.999994724312131,0.999996367103469,0.999998390374031,2015-02-08,"Sertao_Central_remainder"
"susceptible_prop",7,0.999980818398173,0.999990417267069,0.999993670210514,0.999995641236819,0.999998068764203,2015-02-15,"Sertao_Central_remainder"
"susceptible_prop",8,0.999977624192461,0.999988821498787,0.999992616137886,0.999994915389892,0.999997747162983,2015-02-22,"Sertao_Central_remainder"
"susceptible_prop",9,0.999974432211788,0.999987226839538,0.999991562797251,0.999994190046785,0.999997425784861,2015-03-01,"Sertao_Central_remainder"
"susceptible_prop",10,0.999970137303817,0.999984683413949,0.999989594390884,0.999992862537011,0.999996812329876,2015-03-08,"Sertao_Central_remainder"
"susceptible_prop",11,0.999964912295171,0.999982119884874,0.99998765578395,0.999991409900821,0.999996254235064,2015-03-15,"Sertao_Central_remainder"
"susceptible_prop",12,0.99996003602335,0.999979070443195,0.99998519065627,0.999989640758566,0.999995304118739,2015-03-22,"Sertao_Central_remainder"
"susceptible_prop",13,0.999954704907064,0.999975465381311,0.999982366078048,0.999987572629611,0.999994268945585,2015-03-29,"Sertao_Central_remainder"
"susceptible_prop",14,0.999948236155389,0.999971207128655,0.999979091350743,0.999985222698702,0.999992979624913,2015-04-05,"Sertao_Central_remainder"
"susceptible_prop",15,0.999941362183959,0.999966629409322,0.999975639630302,0.999982359221128,0.999991395034328,2015-04-12,"Sertao_Central_remainder"
"susceptible_prop",16,0.99993391810498,0.999962198885097,0.999971942126807,0.999979428798137,0.999989533220976,2015-04-19,"Sertao_Central_remainder"
"susceptible_prop",17,0.999926310189011,0.999957710328585,0.999968570664005,0.999976474018202,0.999987751499597,2015-04-26,"Sertao_Central_remainder"
"susceptible_prop",18,0.999920233549903,0.999953254505126,0.999965008069779,0.999973679323747,0.999985612756507,2015-05-03,"Sertao_Central_remainder"
"susceptible_prop",19,0.99991436084186,0.999948973496682,0.999961676411532,0.999970864202324,0.999983921131698,2015-05-10,"Sertao_Central_remainder"
"susceptible_prop",20,0.999909276719112,0.99994490458452,0.999958496639919,0.999968582864043,0.999982324546666,2015-05-17,"Sertao_Central_remainder"
"susceptible_prop",21,0.999905180682641,0.999941395806944,0.999955674184586,0.999966303819962,0.99998086832357,2015-05-24,"Sertao_Central_remainder"
"susceptible_prop",22,0.999901743804677,0.999938815483035,0.999953287498041,0.999964414700877,0.999980231307268,2015-05-31,"Sertao_Central_remainder"
"susceptible_prop",23,0.999899952627795,0.999936568291574,0.999951262951177,0.999962833176379,0.999979174987858,2015-06-07,"Sertao_Central_remainder"
"susceptible_prop",24,0.999897437514622,0.999934620826325,0.999949489506453,0.999961477228512,0.99997884004741,2015-06-14,"Sertao_Central_remainder"
"susceptible_prop",25,0.999896161215982,0.999933426837489,0.999948242221687,0.999960337004269,0.999978129196779,2015-06-21,"Sertao_Central_remainder"
"susceptible_prop",26,0.999894599842926,0.999932146825566,0.999947148602613,0.999959547918258,0.999977141749436,2015-06-28,"Sertao_Central_remainder"
"susceptible_prop",27,0.999893451150471,0.999931144224447,0.999946280456251,0.999958831097882,0.999976372958958,2015-07-05,"Sertao_Central_remainder"
"susceptible_prop",28,0.999891957227509,0.999930046236628,0.999945522464382,0.999958199863026,0.9999760774674,2015-07-12,"Sertao_Central_remainder"
"susceptible_prop",29,0.999889575343213,0.999929307461282,0.999944900632294,0.999957732025921,0.999975553715131,2015-07-19,"Sertao_Central_remainder"
"susceptible_prop",30,0.99988742771759,0.999928522893171,0.999944404077125,0.999957325592566,0.999974750117463,2015-07-26,"Sertao_Central_remainder"
"susceptible_prop",31,0.99988565147542,0.999928051235516,0.999943833411037,0.999956981822827,0.999974176743207,2015-08-02,"Sertao_Central_remainder"
"susceptible_prop",32,0.999884226381281,0.999927646834271,0.999943366545754,0.999956760999274,0.999973895559842,2015-08-09,"Sertao_Central_remainder"
"susceptible_prop",33,0.999883154358772,0.999927013635214,0.999943108227668,0.999956475096119,0.999973742463909,2015-08-16,"Sertao_Central_remainder"
"susceptible_prop",34,0.999882316643498,0.999926402129618,0.999942907558837,0.999956234610546,0.999973607044341,2015-08-23,"Sertao_Central_remainder"
"susceptible_prop",35,0.999881557134671,0.999925990368387,0.999942783606693,0.999956020590244,0.99997346606607,2015-08-30,"Sertao_Central_remainder"
"susceptible_prop",36,0.999880728432446,0.999925522757343,0.999942528134987,0.999955754406432,0.999973344326181,2015-09-06,"Sertao_Central_remainder"
"susceptible_prop",37,0.999880114588072,0.999925132271103,0.999942118737271,0.999955495753833,0.999973205274968,2015-09-13,"Sertao_Central_remainder"
"susceptible_prop",38,0.999879865778448,0.999924762846026,0.999941775889195,0.999955275615621,0.999973066896668,2015-09-20,"Sertao_Central_remainder"
"susceptible_prop",39,0.999879592516194,0.999924558369501,0.999941568369781,0.999954838853103,0.999973002286001,2015-09-27,"Sertao_Central_remainder"
"susceptible_prop",40,0.999879325361134,0.999924234738723,0.999941264151092,0.999954478796544,0.999972921187301,2015-10-04,"Sertao_Central_remainder"
"susceptible_prop",41,0.999879076482588,0.999923750747939,0.999941020190562,0.999954068301681,0.999972813581271,2015-10-11,"Sertao_Central_remainder"
"susceptible_prop",42,0.99987880835305,0.99992302925351,0.999940650016869,0.999953698301335,0.999972713799349,2015-10-18,"Sertao_Central_remainder"
"susceptible_prop",43,0.999878441915742,0.999922601269968,0.999940076442186,0.999953478900244,0.999972376954295,2015-10-25,"Sertao_Central_remainder"
"susceptible_prop",44,0.99987806670051,0.999922025414478,0.999939679226951,0.999953038733317,0.999972200286494,2015-11-01,"Sertao_Central_remainder"
"susceptible_prop",45,0.999877556478518,0.999920913777397,0.999938977908988,0.999952458776232,0.999971921021332,2015-11-08,"Sertao_Central_remainder"
"susceptible_prop",46,0.999876262815562,0.999920227937254,0.999938110934726,0.999951791609434,0.99997173854213,2015-11-15,"Sertao_Central_remainder"
"susceptible_prop",47,0.999874522328354,0.999919398431067,0.999936949367645,0.999950679568492,0.999971292770857,2015-11-22,"Sertao_Central_remainder"
"susceptible_prop",48,0.999872760602854,0.999917979146472,0.999935402561768,0.999949632486229,0.999970308450406,2015-11-29,"Sertao_Central_remainder"
"susceptible_prop",49,0.999870624634216,0.999915617946108,0.999933454548121,0.999947793870071,0.999968993170506,2015-12-06,"Sertao_Central_remainder"
"susceptible_prop",50,0.999866984220527,0.99991254905328,0.999930578229507,0.999944982797026,0.999967251868504,2015-12-13,"Sertao_Central_remainder"
"susceptible_prop",51,0.999861553032903,0.999908761456896,0.999926544353201,0.999940797770089,0.999964132404933,2015-12-20,"Sertao_Central_remainder"
"susceptible_prop",52,0.999854937188873,0.999902470035043,0.999921183849021,0.99993507175102,0.999959833242058,2015-12-27,"Sertao_Central_remainder"
"susceptible_prop",53,0.999842686321151,0.999893546392171,0.999912663297673,0.99992774428413,0.999953693261866,2016-01-03,"Sertao_Central_remainder"
"susceptible_prop",54,0.999826851156802,0.999881646629042,0.999900606831225,0.999917383688247,0.999943066425805,2016-01-10,"Sertao_Central_remainder"
"susceptible_prop",55,0.999798006714442,0.999862205386968,0.999883946706035,0.999902003301516,0.99993012661635,2016-01-17,"Sertao_Central_remainder"
"susceptible_prop",56,0.999762053497587,0.999833675432554,0.999859538531455,0.999879300886284,0.999910450478099,2016-01-24,"Sertao_Central_remainder"
"susceptible_prop",57,0.999704798708462,0.999789494230966,0.999824577981991,0.999845855260253,0.9998806700713,2016-01-31,"Sertao_Central_remainder"
"susceptible_prop",58,0.999609875518484,0.999721877568447,0.999768826921674,0.999795665973087,0.999837485022158,2016-02-07,"Sertao_Central_remainder"
"susceptible_prop",59,0.999462075844172,0.999618609543644,0.999687886615552,0.999724071274533,0.99977894143178,2016-02-14,"Sertao_Central_remainder"
"susceptible_prop",60,0.99922348111395,0.999457502870863,0.999558059516553,0.999617108143698,0.999687708576635,2016-02-21,"Sertao_Central_remainder"
"susceptible_prop",61,0.9987879298174,0.999183231092241,0.99935138325686,0.99943927395546,0.999549002634749,2016-02-28,"Sertao_Central_remainder"
"susceptible_prop",62,0.998112848311221,0.998744096311161,0.999007662192217,0.999144432795076,0.99931848025541,2016-03-06,"Sertao_Central_remainder"
"susceptible_prop",63,0.996988270378529,0.997998114214937,0.998445585081482,0.998659103307488,0.998943544099279,2016-03-13,"Sertao_Central_remainder"
"susceptible_prop",64,0.995083904228373,0.99683032673062,0.99755204513096,0.997883823689478,0.998336048758314,2016-03-20,"Sertao_Central_remainder"
"susceptible_prop",65,0.992328244479561,0.995147104307947,0.996186608197203,0.996721375357797,0.997413881111234,2016-03-27,"Sertao_Central_remainder"
"susceptible_prop",66,0.9883291362043,0.992594162995634,0.994165293686591,0.994900473391751,0.995985023175166,2016-04-03,"Sertao_Central_remainder"
"susceptible_prop",67,0.982680124786671,0.988794309797423,0.991157611072388,0.992332213736452,0.993901545214264,2016-04-10,"Sertao_Central_remainder"
"susceptible_prop",68,0.974897783538071,0.983110117708435,0.98660895057858,0.988404960769446,0.991013813009337,2016-04-17,"Sertao_Central_remainder"
"susceptible_prop",69,0.96480342897638,0.975351220076845,0.980017734748672,0.982818516286903,0.986803267633938,2016-04-24,"Sertao_Central_remainder"
"susceptible_prop",70,0.951418167125253,0.96496110855556,0.970526138523282,0.97479771680294,0.980722804937836,2016-05-01,"Sertao_Central_remainder"
"susceptible_prop",71,0.93525743863484,0.951216799662624,0.958451098413706,0.964024752917956,0.971902559148131,2016-05-08,"Sertao_Central_remainder"
"susceptible_prop",72,0.916327951955561,0.935568175653877,0.944212046525994,0.951251504280471,0.962393986975533,2016-05-15,"Sertao_Central_remainder"
"susceptible_prop",73,0.895624910512703,0.919262087846347,0.929235430873386,0.937873461652266,0.951136885785717,2016-05-22,"Sertao_Central_remainder"
"susceptible_prop",74,0.875902743787233,0.901874069252722,0.913941877707753,0.923937534485987,0.94034356743144,2016-05-29,"Sertao_Central_remainder"
"susceptible_prop",75,0.857790241550911,0.885686377764185,0.899913460716085,0.910873009017149,0.929432373420879,2016-06-05,"Sertao_Central_remainder"
"susceptible_prop",76,0.841937575111702,0.872042221445379,0.886776080144584,0.899517698979103,0.920249068637804,2016-06-12,"Sertao_Central_remainder"
"susceptible_prop",77,0.829341574998773,0.860785367769597,0.876497567379036,0.890167020215427,0.912130738153602,2016-06-19,"Sertao_Central_remainder"
"susceptible_prop",78,0.818018071660118,0.851189323533501,0.867965306302191,0.881897458372017,0.905889112464785,2016-06-26,"Sertao_Central_remainder"
"susceptible_prop",79,0.8096272425775,0.843174419897752,0.860739436349414,0.8752250932758,0.900065254851842,2016-07-03,"Sertao_Central_remainder"
"susceptible_prop",80,0.802758158804718,0.836803726754047,0.854705188293518,0.869871198951269,0.895080220706594,2016-07-10,"Sertao_Central_remainder"
"susceptible_prop",81,0.797419149895134,0.831407121855217,0.850048739673767,0.865505162814542,0.891435624024118,2016-07-17,"Sertao_Central_remainder"
"susceptible_prop",82,0.792853815105717,0.827192616729703,0.845785629678708,0.861698771314956,0.887940142244528,2016-07-24,"Sertao_Central_remainder"
"susceptible_prop",83,0.788163187249218,0.823649659016236,0.843050349214053,0.858653871925883,0.885446771759236,2016-07-31,"Sertao_Central_remainder"
"susceptible_prop",84,0.784500779790555,0.820590594978555,0.840614176571341,0.856104166024936,0.883217141456146,2016-08-07,"Sertao_Central_remainder"
"susceptible_prop",85,0.781224295528737,0.818471413500947,0.838597090848043,0.85405536444291,0.881301014515042,2016-08-14,"Sertao_Central_remainder"
"susceptible_prop",86,0.778701742810501,0.816510354866082,0.836935160713118,0.852464065767445,0.879998985796247,2016-08-21,"Sertao_Central_remainder"
"susceptible_prop",87,0.776656458050421,0.814822279954575,0.835760101010351,0.851308457289657,0.878914604181268,2016-08-28,"Sertao_Central_remainder"
"susceptible_prop",88,0.775727537546113,0.813717472173586,0.834781328314071,0.850326247422104,0.877972082990725,2016-09-04,"Sertao_Central_remainder"
"susceptible_prop",89,0.774671462813189,0.812731145335467,0.833842360306756,0.849504788724643,0.877184584790842,2016-09-11,"Sertao_Central_remainder"
"susceptible_prop",90,0.773843584081679,0.811933115593705,0.833071005338566,0.84878134050671,0.876438512343829,2016-09-18,"Sertao_Central_remainder"
"susceptible_prop",91,0.773156828610415,0.811157604236067,0.832369922753319,0.848149037587164,0.87570751378209,2016-09-25,"Sertao_Central_remainder"
"susceptible_prop",92,0.772611561921872,0.810465510773073,0.831677017824783,0.847579340185004,0.875042329708707,2016-10-02,"Sertao_Central_remainder"
"susceptible_prop",93,0.771885540673433,0.809844509269504,0.830990942297275,0.847028929364413,0.87436609157182,2016-10-09,"Sertao_Central_remainder"
"susceptible_prop",94,0.770868579320947,0.809268452606904,0.830224832193496,0.846426691447996,0.873753074252611,2016-10-16,"Sertao_Central_remainder"
"susceptible_prop",95,0.769980519951006,0.808566913557927,0.829495212269147,0.845843245898694,0.872939089779774,2016-10-23,"Sertao_Central_remainder"
"susceptible_prop",96,0.769150198107677,0.807856687749246,0.828764472685406,0.845221000035316,0.872205586382872,2016-10-30,"Sertao_Central_remainder"
"susceptible_prop",97,0.768153244540324,0.807028828537378,0.827934221571157,0.844479842573544,0.871426701933216,2016-11-06,"Sertao_Central_remainder"
"susceptible_prop",98,0.767230178737067,0.806238450897979,0.827095488999405,0.843742279577681,0.870787439737081,2016-11-13,"Sertao_Central_remainder"
"susceptible_prop",99,0.766189448964265,0.805504987081433,0.826308335108173,0.843000015599071,0.870099457604614,2016-11-20,"Sertao_Central_remainder"
"susceptible_prop",100,0.7652570541526,0.804711245887695,0.825443526536702,0.842227856755174,0.86942856192711,2016-11-27,"Sertao_Central_remainder"
"susceptible_prop",101,0.764401506786779,0.803984985192859,0.824623895203231,0.84153914400899,0.868818335463009,2016-12-04,"Sertao_Central_remainder"
"susceptible_prop",102,0.763674081831481,0.803376067180886,0.823753784470487,0.840768446770658,0.86826002427908,2016-12-11,"Sertao_Central_remainder"
"susceptible_prop",103,0.76304113901619,0.802757187869903,0.823051055854129,0.840139114869132,0.867627735897572,2016-12-18,"Sertao_Central_remainder"
"susceptible_prop",104,0.762433593757198,0.80211483627077,0.822483786289197,0.839541747417556,0.867192927225229,2016-12-25,"Sertao_Central_remainder"
"susceptible_prop",105,0.761794290829396,0.801407121509461,0.821840284233102,0.838911743435046,0.866756403604849,2017-01-01,"Sertao_Central_remainder"
"susceptible_prop",106,0.761060807471452,0.800628584307596,0.821158590566907,0.838283603201054,0.866304971277429,2017-01-08,"Sertao_Central_remainder"
"susceptible_prop",107,0.760238862480883,0.799811611464753,0.820402002162608,0.837575411143827,0.865663488883969,2017-01-15,"Sertao_Central_remainder"
"susceptible_prop",108,0.759310580447788,0.799078539448741,0.819509868397949,0.836762679348503,0.864784751063357,2017-01-22,"Sertao_Central_remainder"
"susceptible_prop",109,0.758179229198975,0.798053826193108,0.818463910617029,0.835573255700141,0.863662449417737,2017-01-29,"Sertao_Central_remainder"
"susceptible_prop",110,0.756822233938504,0.796732991283519,0.817209123556732,0.834431996884211,0.862091138866225,2017-02-05,"Sertao_Central_remainder"
"susceptible_prop",111,0.755241506997587,0.795062558822498,0.815299088786088,0.832912429685451,0.860750589186499,2017-02-12,"Sertao_Central_remainder"
"susceptible_prop",112,0.752924687940266,0.792941126915799,0.813117335917722,0.830635081842172,0.858907952541726,2017-02-19,"Sertao_Central_remainder"
"susceptible_prop",113,0.750004026805889,0.790328779269591,0.810313542593852,0.827986539588555,0.856331089579209,2017-02-26,"Sertao_Central_remainder"
"susceptible_prop",114,0.745780926328369,0.786440091201889,0.806381807053341,0.824136797808518,0.852147431697966,2017-03-05,"Sertao_Central_remainder"
"susceptible_prop",115,0.740284674169963,0.781157690237598,0.801059582762367,0.818267093942423,0.845786708430823,2017-03-12,"Sertao_Central_remainder"
"susceptible_prop",116,0.733293101459351,0.773861987105577,0.794127711938394,0.810974650312903,0.839003336328728,2017-03-19,"Sertao_Central_remainder"
"susceptible_prop",117,0.723453281427505,0.763796186587207,0.784559558106037,0.801588671594703,0.829488339937452,2017-03-26,"Sertao_Central_remainder"
"susceptible_prop",118,0.710652148849475,0.751153797135732,0.771971001760265,0.789137589193818,0.816372319195521,2017-04-02,"Sertao_Central_remainder"
"susceptible_prop",119,0.69603778312648,0.735522827282354,0.756907124079736,0.773244178145186,0.799209507316819,2017-04-09,"Sertao_Central_remainder"
"susceptible_prop",120,0.67727598607981,0.717741327592225,0.738083213595352,0.755781169496971,0.78014409389056,2017-04-16,"Sertao_Central_remainder"
"susceptible_prop",121,0.65739275346771,0.698107250403603,0.718056872116921,0.735980036000857,0.759001539376101,2017-04-23,"Sertao_Central_remainder"
"susceptible_prop",122,0.636544611003001,0.676895878698543,0.696480796456128,0.713880312354934,0.737481636475199,2017-04-30,"Sertao_Central_remainder"
"susceptible_prop",123,0.614402671845805,0.656328125954938,0.674644413491628,0.691449126103573,0.713488491446613,2017-05-07,"Sertao_Central_remainder"
"susceptible_prop",124,0.5935625451782,0.635112668199354,0.655224681906144,0.670630320270512,0.69224514809654,2017-05-14,"Sertao_Central_remainder"
"susceptible_prop",125,0.574291142664486,0.615862152812493,0.637495788565499,0.651607629803354,0.671246658882744,2017-05-21,"Sertao_Central_remainder"
"susceptible_prop",126,0.558456015783448,0.600263457409904,0.622154039308312,0.635344103275572,0.653651514894464,2017-05-28,"Sertao_Central_remainder"
"susceptible_prop",127,0.546359736604766,0.586648882384419,0.608272641358078,0.620744912599218,0.637726752064634,2017-06-04,"Sertao_Central_remainder"
"susceptible_prop",128,0.536392873768449,0.574994005759586,0.597160026336055,0.608978609259118,0.62503450357383,2017-06-11,"Sertao_Central_remainder"
"susceptible_prop",129,0.527724109755611,0.566368165610389,0.587597938601789,0.599347673209868,0.614564830543807,2017-06-18,"Sertao_Central_remainder"
"susceptible_prop",130,0.520339502982032,0.55940200260194,0.580363933595589,0.591493213071827,0.606829298919255,2017-06-25,"Sertao_Central_remainder"
"susceptible_prop",131,0.515276095148668,0.553593166174526,0.574738371105974,0.58588350404744,0.601282646635312,2017-07-02,"Sertao_Central_remainder"
"susceptible_prop",132,0.510928374342176,0.549334359468097,0.570453392875764,0.581227266909512,0.596025243328459,2017-07-09,"Sertao_Central_remainder"
"susceptible_prop",133,0.507430350608615,0.546051874452392,0.567249453355768,0.577565416133606,0.59183370270994,2017-07-16,"Sertao_Central_remainder"
"susceptible_prop",134,0.505173378813188,0.543401161124414,0.564231729842402,0.574653466764431,0.588979794287028,2017-07-23,"Sertao_Central_remainder"
"susceptible_prop",135,0.503027198155163,0.541455203959123,0.56183440651165,0.572406511503289,0.586541622776043,2017-07-30,"Sertao_Central_remainder"
"susceptible_prop",136,0.501598665317331,0.54000044849504,0.560120963343683,0.570771364244386,0.584803872846883,2017-08-06,"Sertao_Central_remainder"
"susceptible_prop",137,0.50068607521063,0.538745133496364,0.558850009496371,0.569556120169945,0.583478284617662,2017-08-13,"Sertao_Central_remainder"
"susceptible_prop",138,0.500031544443854,0.537986796370786,0.557847818803243,0.568580607010414,0.582238712541646,2017-08-20,"Sertao_Central_remainder"
"susceptible_prop",139,0.499440709764302,0.537392944581526,0.55704732270321,0.567988027042504,0.58144700075595,2017-08-27,"Sertao_Central_remainder"
"susceptible_prop",140,0.498924701549342,0.536795995003928,0.556691210505932,0.567438961588525,0.580774877431211,2017-09-03,"Sertao_Central_remainder"
"susceptible_prop",141,0.498647989780115,0.536485351966439,0.556402215816123,0.567028112630068,0.580422101630573,2017-09-10,"Sertao_Central_remainder"
"susceptible_prop",142,0.498451529008838,0.536309996226393,0.556176356228327,0.566750727599766,0.58028517742548,2017-09-17,"Sertao_Central_remainder"
"susceptible_prop",143,0.498269085058193,0.536190727271464,0.555998718193154,0.566526892437204,0.580164392339045,2017-09-24,"Sertao_Central_remainder"
"susceptible_prop",144,0.498078486589305,0.536114287999812,0.555886182698525,0.566363269997246,0.579987167782328,2017-10-01,"Sertao_Central_remainder"
"susceptible_prop",145,0.497915162814303,0.53599118768751,0.555779206100936,0.566236150128713,0.579801616957804,2017-10-08,"Sertao_Central_remainder"
"susceptible_prop",146,0.497770399995027,0.535864058307332,0.555652525766482,0.566127635071005,0.579632346800935,2017-10-15,"Sertao_Central_remainder"
"susceptible_prop",147,0.497629935359196,0.53575860220424,0.555598425981651,0.566068654821603,0.579568250307625,2017-10-22,"Sertao_Central_remainder"
"susceptible_prop",148,0.497472094770866,0.535638422599264,0.555527751215696,0.565992655794448,0.579503237910687,2017-10-29,"Sertao_Central_remainder"
"susceptible_prop",149,0.497370587381722,0.535572052297995,0.555492179176131,0.56596187471043,0.579481739487451,2017-11-05,"Sertao_Central_remainder"
"susceptible_prop",150,0.497289369099443,0.535554674836314,0.555466853215058,0.565925237863453,0.579455676963308,2017-11-12,"Sertao_Central_remainder"
"susceptible_prop",151,0.497199979153647,0.535530385004444,0.555445275021008,0.565882342993412,0.57941195396112,2017-11-19,"Sertao_Central_remainder"
"susceptible_prop",152,0.497159025354255,0.535523762280079,0.555427469392513,0.565859712836223,0.57937519443698,2017-11-26,"Sertao_Central_remainder"
"susceptible_prop",153,0.497150470376216,0.535533245324467,0.555428367498913,0.565845686068661,0.57933276144127,2017-12-03,"Sertao_Central_remainder"
"susceptible_prop",154,0.497158258635574,0.535544165866807,0.555416846671126,0.56583368122694,0.579290237314322,2017-12-10,"Sertao_Central_remainder"
"susceptible_prop",155,0.497157074938536,0.535551984424963,0.555407219684559,0.565813964523905,0.579254614675566,2017-12-17,"Sertao_Central_remainder"
"susceptible_prop",156,0.497181495859913,0.535557796936625,0.555398042717949,0.565806128282582,0.579226288007165,2017-12-24,"Sertao_Central_remainder"
"susceptible_prop",157,0.497184880380389,0.535562121859661,0.555387707631701,0.565793414073878,0.57919124292252,2017-12-31,"Sertao_Central_remainder"
"susceptible_prop",158,0.497198693959894,0.535586191145467,0.55536911244659,0.565772213942506,0.579167682845251,2018-01-07,"Sertao_Central_remainder"
"susceptible_prop",159,0.497207801990457,0.535614328789882,0.555348216689748,0.565739690953233,0.579129264657134,2018-01-14,"Sertao_Central_remainder"
"susceptible_prop",160,0.497168824949651,0.535621415977094,0.555290907448863,0.565694152919888,0.579074479667599,2018-01-21,"Sertao_Central_remainder"
"susceptible_prop",161,0.4971182606405,0.535619499351853,0.555243824690045,0.565647835454095,0.579038612453195,2018-01-28,"Sertao_Central_remainder"
"susceptible_prop",162,0.497032109548888,0.535600409779119,0.55519604649615,0.565583098031504,0.578996475402271,2018-02-04,"Sertao_Central_remainder"
"susceptible_prop",163,0.496943028654564,0.535559765523522,0.555163617788765,0.565522080084637,0.578943031299295,2018-02-11,"Sertao_Central_remainder"
"susceptible_prop",164,0.496794018611828,0.535444444351885,0.555045875134535,0.56538857669356,0.578839654823291,2018-02-18,"Sertao_Central_remainder"
"susceptible_prop",165,0.496601628608658,0.535357777625432,0.554888240711569,0.565255547996801,0.578708367140537,2018-02-25,"Sertao_Central_remainder"
"susceptible_prop",166,0.496440820696329,0.535211593991611,0.554756611132572,0.565078461144827,0.578540625127606,2018-03-04,"Sertao_Central_remainder"
"susceptible_prop",167,0.496296343887555,0.535077472688094,0.554596498001775,0.564910944589962,0.578421321980229,2018-03-11,"Sertao_Central_remainder"
"susceptible_prop",168,0.496150688776961,0.534925910765786,0.554441378702468,0.564772396320641,0.578246245797843,2018-03-18,"Sertao_Central_remainder"
"susceptible_prop",169,0.495976209922557,0.534627157193859,0.554324975181415,0.564597711077155,0.578068121790134,2018-03-25,"Sertao_Central_remainder"
"susceptible_prop",170,0.495850443655345,0.534413373121501,0.554187440380914,0.56447256069597,0.577860913641372,2018-04-01,"Sertao_Central_remainder"
"susceptible_prop",171,0.495718825437151,0.534165838611034,0.554049034744728,0.564320154872819,0.577707851466082,2018-04-08,"Sertao_Central_remainder"
"susceptible_prop",172,0.495654783733998,0.534000346257245,0.55395234437583,0.564157467202353,0.577607988907665,2018-04-15,"Sertao_Central_remainder"
"susceptible_prop",173,0.495608610744837,0.533902172523911,0.553887873539912,0.564067835469413,0.577452031965665,2018-04-22,"Sertao_Central_remainder"
"susceptible_prop",174,0.495550535909501,0.533884796317805,0.553860029264262,0.564006342133083,0.577370769997041,2018-04-29,"Sertao_Central_remainder"
"susceptible_prop",175,0.495529750117015,0.53387367595585,0.553796042321506,0.563962851134297,0.577311380683133,2018-05-06,"Sertao_Central_remainder"
"susceptible_prop",176,0.495513438693439,0.533852843585245,0.553761635802205,0.563934488212937,0.577245699123144,2018-05-13,"Sertao_Central_remainder"
"susceptible_prop",177,0.495500347150924,0.533818744633752,0.553741339137646,0.563913811801758,0.57720296141325,2018-05-20,"Sertao_Central_remainder"
"susceptible_prop",178,0.49550178549666,0.533806209819763,0.553726324466782,0.563881062385257,0.577203735858236,2018-05-27,"Sertao_Central_remainder"
"susceptible_prop",179,0.495545118086186,0.533830348420227,0.553739856709534,0.563902778639736,0.577191525464728,2018-06-03,"Sertao_Central_remainder"
"susceptible_prop",180,0.495592244801489,0.533849851482715,0.55376082527784,0.563935272003964,0.577194431888036,2018-06-10,"Sertao_Central_remainder"
"susceptible_prop",181,0.495642281040831,0.533886167607511,0.553800560463096,0.563984659191358,0.577212124688743,2018-06-17,"Sertao_Central_remainder"
"susceptible_prop",182,0.495673274745691,0.533921737231135,0.553836531229372,0.564008910950836,0.57720533925864,2018-06-24,"Sertao_Central_remainder"
"susceptible_prop",183,0.495713348636935,0.533973413027409,0.553895292292039,0.564044118981268,0.577226232082523,2018-07-01,"Sertao_Central_remainder"
"susceptible_prop",184,0.495756247025888,0.534028854569239,0.553957528758887,0.56408881226252,0.5772628291758,2018-07-08,"Sertao_Central_remainder"
"susceptible_prop",185,0.495770804422722,0.534072023372068,0.553999858449971,0.564107312620084,0.577287282241148,2018-07-15,"Sertao_Central_remainder"
"susceptible_prop",186,0.495803472578478,0.534112802941244,0.554043982625508,0.564138016165829,0.577318988579377,2018-07-22,"Sertao_Central_remainder"
"susceptible_prop",187,0.49585763547132,0.534158213934183,0.554097081297286,0.564181178950297,0.577341091195932,2018-07-29,"Sertao_Central_remainder"
"susceptible_prop",188,0.495900884846919,0.534192005182411,0.554154549206661,0.564223214740403,0.577355249703666,2018-08-05,"Sertao_Central_remainder"
"susceptible_prop",189,0.495953524085481,0.534225979295695,0.554209994760084,0.564262094562091,0.577366457744598,2018-08-12,"Sertao_Central_remainder"
"susceptible_prop",190,0.496005754574507,0.534267687033825,0.554260052570768,0.564312520628115,0.57738526142352,2018-08-19,"Sertao_Central_remainder"
"susceptible_prop",191,0.496050161889063,0.534311798815635,0.554301917057959,0.564374248802827,0.577419136946238,2018-08-26,"Sertao_Central_remainder"
"susceptible_prop",192,0.496113693089164,0.534385802164258,0.5543687862322,0.564455086993789,0.577467707307988,2018-09-02,"Sertao_Central_remainder"
"susceptible_prop",193,0.496162999883865,0.534448728900895,0.554436493740505,0.56451379354558,0.577505952609134,2018-09-09,"Sertao_Central_remainder"
"susceptible_prop",194,0.496215808759998,0.534520722557146,0.55451049374245,0.564585102553822,0.577553615499359,2018-09-16,"Sertao_Central_remainder"
"susceptible_prop",195,0.49628455158956,0.534607093369314,0.554601659891376,0.564667144127948,0.577621030694866,2018-09-23,"Sertao_Central_remainder"
"susceptible_prop",196,0.496362791122703,0.534701408764029,0.554696968651222,0.564754401109065,0.577698536227719,2018-09-30,"Sertao_Central_remainder"
"susceptible_prop",197,0.496415184173991,0.53476701796914,0.554773451663957,0.564822666862249,0.577755976645464,2018-10-07,"Sertao_Central_remainder"
"susceptible_prop",198,0.496479311633537,0.53483694422327,0.554851679981018,0.564894385494021,0.577819789529235,2018-10-14,"Sertao_Central_remainder"
"susceptible_prop",199,0.496556046598292,0.534916018849491,0.554937518233467,0.564977393372851,0.577894346032495,2018-10-21,"Sertao_Central_remainder"
"susceptible_prop",200,0.496667827716538,0.535027041792047,0.555053435006468,0.56509223188756,0.577999203328111,2018-10-28,"Sertao_Central_remainder"
"susceptible_prop",201,0.496757578111185,0.535110812029217,0.555143181405077,0.565173944570353,0.578078371529371,2018-11-04,"Sertao_Central_remainder"
"susceptible_prop",202,0.496819500877803,0.535171569236259,0.555208944134742,0.565225750491832,0.578131459508564,2018-11-11,"Sertao_Central_remainder"
"susceptible_prop",203,0.496905065871754,0.535250436969957,0.555289287551516,0.565292499718637,0.578196874522372,2018-11-18,"Sertao_Central_remainder"
"susceptible_prop",204,0.497003441452313,0.535340280149747,0.555380727439009,0.565381466381123,0.578270744906899,2018-11-25,"Sertao_Central_remainder"
"susceptible_prop",205,0.497104259144188,0.535440405265153,0.555470392812481,0.565468704485131,0.578348933389115,2018-12-02,"Sertao_Central_remainder"
"susceptible_prop",206,0.497212721521707,0.535546273763488,0.555559277581348,0.565555906976267,0.57843043507545,2018-12-09,"Sertao_Central_remainder"
"susceptible_prop",207,0.49730229265991,0.535638632349955,0.555631457079799,0.565625052893239,0.578490708854815,2018-12-16,"Sertao_Central_remainder"
"susceptible_prop",208,0.497400316306084,0.535740561696122,0.555715353450454,0.565704766457464,0.578539814602428,2018-12-23,"Sertao_Central_remainder"
"susceptible_prop",209,0.497481103107567,0.535827380456527,0.555784547218747,0.565765404629256,0.57859375213619,2018-12-30,"Sertao_Central_remainder"
"susceptible_prop",210,0.497565345029692,0.535919095640943,0.555855930583521,0.56583596477404,0.578656897309614,2019-01-06,"Sertao_Central_remainder"
"susceptible_prop",211,0.497640447931804,0.536008150675048,0.555927331177581,0.565901898196534,0.578713566419847,2019-01-13,"Sertao_Central_remainder"
"susceptible_prop",212,0.497707826509012,0.536085834183174,0.555990097650703,0.565963468363385,0.578762299588507,2019-01-20,"Sertao_Central_remainder"
"susceptible_prop",213,0.497758255709417,0.536140856580374,0.556045651963978,0.566001971897022,0.578801153704753,2019-01-27,"Sertao_Central_remainder"
"susceptible_prop",214,0.497820716545946,0.536209958137942,0.556106043115279,0.566050887950679,0.578833993032487,2019-02-03,"Sertao_Central_remainder"
"susceptible_prop",215,0.497885387457032,0.536273715611108,0.556138607732914,0.566107017910646,0.578850002389648,2019-02-10,"Sertao_Central_remainder"
"susceptible_prop",216,0.497931128636209,0.536317282158042,0.556152996687837,0.566152814950211,0.578848811648723,2019-02-17,"Sertao_Central_remainder"
"susceptible_prop",217,0.497935758304612,0.536306003543463,0.556134998370376,0.566140849995354,0.578820640543885,2019-02-24,"Sertao_Central_remainder"
"susceptible_prop",218,0.497924487252939,0.53631570481419,0.556122797433891,0.566139043104128,0.578821582078175,2019-03-03,"Sertao_Central_remainder"
"susceptible_prop",219,0.49792299153965,0.53634031298307,0.556125497013605,0.566138863429938,0.578862087335333,2019-03-10,"Sertao_Central_remainder"
"susceptible_prop",220,0.497920929733769,0.536352814863699,0.556121223749831,0.566136217245756,0.578885678014119,2019-03-17,"Sertao_Central_remainder"
"susceptible_prop",221,0.497866185662333,0.536329445683304,0.556086867376553,0.566094082932801,0.578882187595741,2019-03-24,"Sertao_Central_remainder"
"susceptible_prop",222,0.497798623173541,0.536330133091309,0.556076466842996,0.566059450200293,0.57884678874195,2019-03-31,"Sertao_Central_remainder"
"susceptible_prop",223,0.497740180256808,0.536334817228377,0.556073415915371,0.566009684152434,0.578732208657254,2019-04-07,"Sertao_Central_remainder"
"susceptible_prop",224,0.497659704329986,0.536327277556661,0.555997154348252,0.565941889092363,0.578574549200097,2019-04-14,"Sertao_Central_remainder"
"susceptible_prop",225,0.497594599794048,0.536244768176522,0.555813663895508,0.565856473991288,0.578444414928044,2019-04-21,"Sertao_Central_remainder"
"susceptible_prop",226,0.497535221760096,0.536170834883043,0.555722062959376,0.565704460111251,0.578307544631182,2019-04-28,"Sertao_Central_remainder"
"susceptible_prop",227,0.49744325181779,0.536007506370673,0.555655063770639,0.565596576143714,0.578207934607348,2019-05-05,"Sertao_Central_remainder"
"susceptible_prop",228,0.497393167483472,0.535904169609698,0.555562948208835,0.565484619924716,0.578027486481736,2019-05-12,"Sertao_Central_remainder"
"susceptible_prop",229,0.497294332273616,0.535844454275762,0.555466541254906,0.565367315966916,0.577901384601274,2019-05-19,"Sertao_Central_remainder"
"susceptible_prop",230,0.497155602275137,0.535766123848539,0.55536226877562,0.565210724994055,0.577784622218481,2019-05-26,"Sertao_Central_remainder"
"susceptible_prop",231,0.497076389692994,0.535734350156198,0.555263848325771,0.565113744698073,0.577700947419926,2019-06-02,"Sertao_Central_remainder"
"susceptible_prop",232,0.496976135932113,0.535706743401143,0.555177354147191,0.565074075515665,0.577570828903051,2019-06-09,"Sertao_Central_remainder"
"susceptible_prop",233,0.496864964965668,0.535690677006119,0.555161696096802,0.565047317508648,0.577503050144504,2019-06-16,"Sertao_Central_remainder"
"susceptible_prop",234,0.496768955754482,0.535646349218793,0.555142737138207,0.565031195114762,0.577431440781584,2019-06-23,"Sertao_Central_remainder"
"susceptible_prop",235,0.496695929355559,0.535643653268029,0.555139554491025,0.565028769849828,0.577411677929578,2019-06-30,"Sertao_Central_remainder"
"susceptible_prop",236,0.496667695862902,0.535652948628871,0.555165978357893,0.565052982845006,0.577422606766786,2019-07-07,"Sertao_Central_remainder"
"susceptible_prop",237,0.496641658820291,0.535662751348204,0.555186815952832,0.565063933782105,0.577428410777473,2019-07-14,"Sertao_Central_remainder"
"susceptible_prop",238,0.496671407034164,0.53569580925509,0.555224496826374,0.565094922393173,0.577450679757048,2019-07-21,"Sertao_Central_remainder"
"susceptible_prop",239,0.496703759967598,0.535732169891304,0.555256948586663,0.565127203690166,0.577486378814828,2019-07-28,"Sertao_Central_remainder"
"susceptible_prop",240,0.496728869768804,0.535769769279983,0.555294332669473,0.565160279415583,0.577529621614417,2019-08-04,"Sertao_Central_remainder"
"susceptible_prop",241,0.49666189891087,0.535795099231209,0.555313506017151,0.565175562234851,0.577558312650811,2019-08-11,"Sertao_Central_remainder"
"susceptible_prop",242,0.496628123360674,0.535850197421246,0.555369209939099,0.565224803822421,0.577619556865828,2019-08-18,"Sertao_Central_remainder"
"susceptible_prop",243,0.496600438987514,0.535894475367088,0.555401644228326,0.565254499787033,0.577631610384045,2019-08-25,"Sertao_Central_remainder"
"susceptible_prop",244,0.496624653632246,0.535949622881493,0.555453515347142,0.565288635513869,0.577671041859975,2019-09-01,"Sertao_Central_remainder"
"susceptible_prop",245,0.496614173291664,0.53599741034769,0.555491723474296,0.565321442651179,0.577694805369595,2019-09-08,"Sertao_Central_remainder"
"susceptible_prop",246,0.496637788737991,0.536062432628567,0.555553760491835,0.565397655381345,0.577748222323525,2019-09-15,"Sertao_Central_remainder"
"susceptible_prop",247,0.496697216066992,0.536129382090987,0.555618260911535,0.565467904949244,0.577807788888661,2019-09-22,"Sertao_Central_remainder"
"susceptible_prop",248,0.496761873579283,0.536201280691468,0.555687765619506,0.565544629342256,0.577877245629288,2019-09-29,"Sertao_Central_remainder"
"susceptible_prop",249,0.496831797295086,0.536271792562915,0.555767372169138,0.565616733888316,0.577954758167282,2019-10-06,"Sertao_Central_remainder"
"susceptible_prop",250,0.496898784876119,0.536293599802149,0.555839180916513,0.565688447240445,0.578024856157355,2019-10-13,"Sertao_Central_remainder"
"susceptible_prop",251,0.496971990627044,0.536329551145266,0.555912980866247,0.565763488252821,0.578104140141749,2019-10-20,"Sertao_Central_remainder"
"susceptible_prop",252,0.497044964577028,0.53639652545195,0.555990947284669,0.565848152181319,0.578183166850154,2019-10-27,"Sertao_Central_remainder"
"susceptible_prop",253,0.49710529068492,0.536451115604758,0.556064476211182,0.56591479479361,0.578247948682828,2019-11-03,"Sertao_Central_remainder"
"susceptible_prop",254,0.497180196699861,0.536523290967477,0.556142850956112,0.565991991741715,0.578328296891604,2019-11-10,"Sertao_Central_remainder"
"susceptible_prop",255,0.497271885671951,0.53661041507852,0.556224068068118,0.566078049113067,0.578417519782141,2019-11-17,"Sertao_Central_remainder"
"susceptible_prop",256,0.497340175002349,0.536679808865097,0.556296390817273,0.566151325206386,0.578494421493498,2019-11-24,"Sertao_Central_remainder"
"susceptible_prop",257,0.497416821466981,0.536764975514998,0.556378758167598,0.566234623106467,0.578582580250114,2019-12-01,"Sertao_Central_remainder"
"susceptible_prop",258,0.497482332161769,0.536831255870469,0.556449807614724,0.566300075464472,0.578658232365432,2019-12-08,"Sertao_Central_remainder"
"susceptible_prop",259,0.497567977975755,0.536917342732974,0.556533703822446,0.56637915240766,0.57874646777781,2019-12-15,"Sertao_Central_remainder"
"susceptible_prop",260,0.497672528895634,0.537018114846773,0.55663223287589,0.566468338027484,0.578845974639068,2019-12-22,"Sertao_Central_remainder"
"susceptible_prop",261,0.497740887387344,0.537075207602069,0.556698651536825,0.566527454649177,0.578913191258631,2019-12-29,"Sertao_Central_remainder"
"susceptible_prop",1,1,1,1,1,1,2015-01-04,"Quixada"
"susceptible_prop",2,0.99999740369008,0.999999034026127,0.999999469027786,0.999999784197618,0.99999996509529,2015-01-11,"Quixada"
"susceptible_prop",3,0.999994808702776,0.999998068542769,0.999998938324964,0.999999568504656,0.999999930208273,2015-01-18,"Quixada"
"susceptible_prop",4,0.999992213882091,0.999997103119828,0.999998407655122,0.99999935282503,0.999999895323405,2015-01-25,"Quixada"
"susceptible_prop",5,0.999989621112384,0.999996138458395,0.999997877403632,0.999999137315367,0.999999860466023,2015-02-01,"Quixada"
"susceptible_prop",6,0.999987028417514,0.999995173823236,0.999997347166353,0.999998921811412,0.999999825609556,2015-02-08,"Quixada"
"susceptible_prop",7,0.999984438288061,0.99999421014099,0.999996817452637,0.99999870652018,0.999999790787491,2015-02-15,"Quixada"
"susceptible_prop",8,0.999981850418325,0.999993247297922,0.999996288199968,0.999998491416264,0.999999755995716,2015-02-22,"Quixada"
"susceptible_prop",9,0.999979261225765,0.99999228396112,0.999995758675675,0.999998276201884,0.999999721186068,2015-03-01,"Quixada"
"susceptible_prop",10,0.999975539352758,0.999990554977568,0.999994852973086,0.999997817319027,0.999999665770917,2015-03-08,"Quixada"
"susceptible_prop",11,0.999971008385516,0.99998860828592,0.999993807937357,0.999997384009548,0.999999586861216,2015-03-15,"Quixada"
"susceptible_prop",12,0.999966361019948,0.999985984028965,0.999992620449893,0.999996768425621,0.999999459473632,2015-03-22,"Quixada"
"susceptible_prop",13,0.999960910224188,0.999983061741432,0.999991134100477,0.999996059823909,0.999999371672957,2015-03-29,"Quixada"
"susceptible_prop",14,0.999954347296796,0.99997994751518,0.999989488555239,0.999995240548162,0.999999263662365,2015-04-05,"Quixada"
"susceptible_prop",15,0.999946077690183,0.999975730027117,0.999987551480819,0.999994361971052,0.999999126040093,2015-04-12,"Quixada"
"susceptible_prop",16,0.999938425005482,0.999971631277812,0.999985430207661,0.999993422387374,0.999998931388935,2015-04-19,"Quixada"
"susceptible_prop",17,0.999929945214258,0.999967394728045,0.99998323592173,0.999992242418271,0.999998740209913,2015-04-26,"Quixada"
"susceptible_prop",18,0.999922854742432,0.999962957839078,0.999981084208653,0.999991254938906,0.999998531624232,2015-05-03,"Quixada"
"susceptible_prop",19,0.999915911453468,0.999959324578056,0.999978709711777,0.999990281575822,0.99999831251394,2015-05-10,"Quixada"
"susceptible_prop",20,0.999907765171858,0.999955963146533,0.999976763043356,0.999989392399956,0.999998088215426,2015-05-17,"Quixada"
"susceptible_prop",21,0.999902282240693,0.999952823536371,0.999975249880899,0.99998835758155,0.99999793066742,2015-05-24,"Quixada"
"susceptible_prop",22,0.99989735494676,0.999950562814475,0.999973613591479,0.999987698064121,0.999997659954679,2015-05-31,"Quixada"
"susceptible_prop",23,0.999892971286774,0.999948128730803,0.999972193173826,0.999986914309755,0.999997471516469,2015-06-07,"Quixada"
"susceptible_prop",24,0.999889817808878,0.999946333806222,0.999970952905687,0.999986260128938,0.999997399347662,2015-06-14,"Quixada"
"susceptible_prop",25,0.999886745969623,0.999944568362647,0.999970086614187,0.999985672301398,0.999997332116236,2015-06-21,"Quixada"
"susceptible_prop",26,0.999884637106443,0.99994309010618,0.999969298397686,0.999985359409263,0.999997238065434,2015-06-28,"Quixada"
"susceptible_prop",27,0.999882811835053,0.999941857625226,0.999968542673086,0.999985047509999,0.999997201045324,2015-07-05,"Quixada"
"susceptible_prop",28,0.999880841744101,0.999940802851156,0.999968083783297,0.999984720111287,0.999997174019206,2015-07-12,"Quixada"
"susceptible_prop",29,0.999878775570507,0.999940121693454,0.999967680983097,0.999984489268183,0.999997136483273,2015-07-19,"Quixada"
"susceptible_prop",30,0.999877452436329,0.999939540481196,0.999967175994498,0.999984337748852,0.999997062914498,2015-07-26,"Quixada"
"susceptible_prop",31,0.999876296737401,0.999939020781268,0.999966804251104,0.999984170906937,0.99999700379863,2015-08-02,"Quixada"
"susceptible_prop",32,0.999875272344615,0.999938583110947,0.9999666087476,0.999983910167704,0.999996972410249,2015-08-09,"Quixada"
"susceptible_prop",33,0.9998744307535,0.999938221895061,0.999966293041368,0.999983592523889,0.99999694134627,2015-08-16,"Quixada"
"susceptible_prop",34,0.999873695067216,0.999937931536136,0.999966022472905,0.999983389571983,0.999996913788605,2015-08-23,"Quixada"
"susceptible_prop",35,0.999873170737051,0.999937527166862,0.999965826023222,0.999983232173129,0.999996865992311,2015-08-30,"Quixada"
"susceptible_prop",36,0.999872708413868,0.999937206901407,0.999965512154523,0.999983031005465,0.999996764397632,2015-09-06,"Quixada"
"susceptible_prop",37,0.999872204630336,0.99993689810238,0.999965228125552,0.999982880613276,0.999996638201227,2015-09-13,"Quixada"
"susceptible_prop",38,0.999871722040367,0.999936636901761,0.99996492825,0.999982684079522,0.999996497157494,2015-09-20,"Quixada"
"susceptible_prop",39,0.999871554163835,0.999936229445297,0.999964514880499,0.999982378910401,0.999996472332873,2015-09-27,"Quixada"
"susceptible_prop",40,0.999871386579663,0.999935706535925,0.999964121823177,0.999982246282637,0.999996383800423,2015-10-04,"Quixada"
"susceptible_prop",41,0.99987109813341,0.999935090928002,0.99996377134237,0.999982058298163,0.99999629426439,2015-10-11,"Quixada"
"susceptible_prop",42,0.999869120507483,0.999934292804771,0.999963440296217,0.999981754032677,0.999996221007352,2015-10-18,"Quixada"
"susceptible_prop",43,0.999868229289419,0.999933880828545,0.999963076456588,0.99998121423852,0.999996129062862,2015-10-25,"Quixada"
"susceptible_prop",44,0.999867350655612,0.999933416982366,0.999962445074086,0.999980849770229,0.999995940558055,2015-11-01,"Quixada"
"susceptible_prop",45,0.99986623219761,0.99993239370761,0.999961372979844,0.999980420419544,0.999995647032651,2015-11-08,"Quixada"
"susceptible_prop",46,0.99986351322807,0.999931107120782,0.999960443245874,0.999979594728291,0.999995446684142,2015-11-15,"Quixada"
"susceptible_prop",47,0.999860364192503,0.999929501202301,0.99995930314726,0.99997850717441,0.999994849639516,2015-11-22,"Quixada"
"susceptible_prop",48,0.999856763711032,0.999927419119167,0.999957778750213,0.999977363780683,0.999994410414544,2015-11-29,"Quixada"
"susceptible_prop",49,0.999852438243847,0.999924257201736,0.999955073415892,0.999975535450172,0.999993771661411,2015-12-06,"Quixada"
"susceptible_prop",50,0.999846826412742,0.999919257665126,0.999951402518943,0.999972618362351,0.999992209905067,2015-12-13,"Quixada"
"susceptible_prop",51,0.999837289707859,0.999913617639992,0.999946548418566,0.999968478006044,0.999990230634212,2015-12-20,"Quixada"
"susceptible_prop",52,0.999824992770189,0.999904902685094,0.999939321938181,0.999962430302801,0.999986738646755,2015-12-27,"Quixada"
"susceptible_prop",53,0.999808148442903,0.999892625430795,0.999927880364617,0.999953258946377,0.999981624660979,2016-01-03,"Quixada"
"susceptible_prop",54,0.999781676550757,0.999873051889012,0.999910589314223,0.99994002351922,0.999972848095059,2016-01-10,"Quixada"
"susceptible_prop",55,0.999752609779348,0.999844469764803,0.999887032966684,0.999920211564536,0.999959471229705,2016-01-17,"Quixada"
"susceptible_prop",56,0.999703491857403,0.999800708724442,0.999848068852075,0.999887393732205,0.999936895775479,2016-01-24,"Quixada"
"susceptible_prop",57,0.999621958668472,0.99973582466221,0.999792400699695,0.999836374092189,0.999896421635789,2016-01-31,"Quixada"
"susceptible_prop",58,0.999504291779435,0.999635418629224,0.999702288479359,0.999757365262113,0.999834675852115,2016-02-07,"Quixada"
"susceptible_prop",59,0.999315976679698,0.999481235817094,0.999559947799854,0.999635652490342,0.999733600300181,2016-02-14,"Quixada"
"susceptible_prop",60,0.998983329278067,0.999231040794926,0.99934668444618,0.999438356361783,0.999573632051295,2016-02-21,"Quixada"
"susceptible_prop",61,0.998382202222122,0.998805029067083,0.998970345267971,0.999117363250784,0.999330570001793,2016-02-28,"Quixada"
"susceptible_prop",62,0.997363367191349,0.998083726971135,0.99834866881196,0.99857294264243,0.998909054853926,2016-03-06,"Quixada"
"susceptible_prop",63,0.995590504805507,0.996812156009864,0.997289251205616,0.997640197144955,0.998200061301318,2016-03-13,"Quixada"
"susceptible_prop",64,0.99232232532702,0.994741094587326,0.995499127322089,0.996171581518629,0.997014738258259,2016-03-20,"Quixada"
"susceptible_prop",65,0.987279580965772,0.991472139628703,0.992896464872728,0.993898950973753,0.995186683944429,2016-03-27,"Quixada"
"susceptible_prop",66,0.980087308593631,0.986486706644425,0.988904896904206,0.99031148716908,0.992316296177111,2016-04-03,"Quixada"
"susceptible_prop",67,0.969746174616757,0.978904454270727,0.982845404791184,0.984955079342976,0.987777424293401,2016-04-10,"Quixada"
"susceptible_prop",68,0.954966770848561,0.967842657481584,0.973638456608029,0.976862534331558,0.981256787744908,2016-04-17,"Quixada"
"susceptible_prop",69,0.935082520987103,0.952453216502455,0.96042971643452,0.964963508076487,0.971574155633722,2016-04-24,"Quixada"
"susceptible_prop",70,0.909563525658555,0.930360573994231,0.941165288292734,0.947628299339811,0.956667536166209,2016-05-01,"Quixada"
"susceptible_prop",71,0.876652088288215,0.901928975934407,0.915685745425226,0.924340593035549,0.936729117971779,2016-05-08,"Quixada"
"susceptible_prop",72,0.839738912890276,0.869196744044588,0.885860170930489,0.8969660922178,0.912941471005461,2016-05-15,"Quixada"
"susceptible_prop",73,0.800799856545283,0.835273195422566,0.853713873938545,0.868058707920159,0.885777744870134,2016-05-22,"Quixada"
"susceptible_prop",74,0.764668541651186,0.802013382058919,0.822574798076165,0.839142385892341,0.859657100334354,2016-05-29,"Quixada"
"susceptible_prop",75,0.729357240422131,0.77234369700111,0.793873336434216,0.812259388224241,0.836015094596041,2016-06-05,"Quixada"
"susceptible_prop",76,0.701816478896559,0.746474552323471,0.770648435948365,0.789546390036016,0.815817532891204,2016-06-12,"Quixada"
"susceptible_prop",77,0.680993417549353,0.725344216078458,0.75086256544756,0.772105127915305,0.799045894836181,2016-06-19,"Quixada"
"susceptible_prop",78,0.65999887488392,0.707146754503609,0.735521293757437,0.757403953297144,0.786139400912099,2016-06-26,"Quixada"
"susceptible_prop",79,0.641846762981141,0.693965356017346,0.723447708956755,0.746976016119407,0.776113701735246,2016-07-03,"Quixada"
"susceptible_prop",80,0.629745057640383,0.682777441743528,0.713235645743813,0.738844025686632,0.767998705765475,2016-07-10,"Quixada"
"susceptible_prop",81,0.620377339840277,0.675826112991102,0.706078911931797,0.732683849153585,0.762469713333497,2016-07-17,"Quixada"
"susceptible_prop",82,0.610442661172948,0.669572351036042,0.701068750006503,0.727592347884667,0.758262230750725,2016-07-24,"Quixada"
"susceptible_prop",83,0.60274430408397,0.664666467499658,0.697322586747661,0.723655991309888,0.754990864848145,2016-07-31,"Quixada"
"susceptible_prop",84,0.59721035402477,0.661146406991876,0.694089927708012,0.720813813167401,0.751678201070593,2016-08-07,"Quixada"
"susceptible_prop",85,0.592847618010601,0.657938020918407,0.69177789478674,0.718463245938425,0.749567619416335,2016-08-14,"Quixada"
"susceptible_prop",86,0.589505264541358,0.655982017859448,0.689906950551172,0.716694134526174,0.747508377180393,2016-08-21,"Quixada"
"susceptible_prop",87,0.587497281273597,0.654543103818275,0.688574908209833,0.715228784076647,0.746379451991745,2016-08-28,"Quixada"
"susceptible_prop",88,0.585737338163211,0.653410298353511,0.687472346515339,0.714120151442268,0.745285267723216,2016-09-04,"Quixada"
"susceptible_prop",89,0.584401621797261,0.652511585336047,0.686633560988603,0.713349072034905,0.744316678212883,2016-09-11,"Quixada"
"susceptible_prop",90,0.583175830166807,0.651981424064646,0.685860597356126,0.712793138884011,0.743480300838312,2016-09-18,"Quixada"
"susceptible_prop",91,0.581840740206759,0.651414980337173,0.68534729600926,0.712354063841998,0.742790429830602,2016-09-25,"Quixada"
"susceptible_prop",92,0.581008055428823,0.650998010457258,0.684846817799935,0.711981023869939,0.74213781643461,2016-10-02,"Quixada"
"susceptible_prop",93,0.580307301075579,0.650444145162745,0.68453473803909,0.711512696830021,0.74148515684951,2016-10-09,"Quixada"
"susceptible_prop",94,0.579704796075415,0.649994616336756,0.684297740647168,0.711129444220653,0.740948842213516,2016-10-16,"Quixada"
"susceptible_prop",95,0.579243076737317,0.649508682612525,0.683985648966705,0.710682639985435,0.740523039822436,2016-10-23,"Quixada"
"susceptible_prop",96,0.578697670717398,0.649036031844026,0.683664962883749,0.710299929184726,0.740060607066876,2016-10-30,"Quixada"
"susceptible_prop",97,0.578284830141545,0.64852159123818,0.683384696529235,0.70998014064671,0.739627960544458,2016-11-06,"Quixada"
"susceptible_prop",98,0.577878312238323,0.647845181332639,0.683002981218299,0.70957140604323,0.739250585265432,2016-11-13,"Quixada"
"susceptible_prop",99,0.577363559736289,0.647090905920288,0.682604971866686,0.709251446065131,0.738825117494046,2016-11-20,"Quixada"
"susceptible_prop",100,0.577009242299659,0.646650096397717,0.682181228966239,0.708934580173483,0.7384432353309,2016-11-27,"Quixada"
"susceptible_prop",101,0.576746100544107,0.646428420082199,0.681779237818587,0.70862840832167,0.738149443484347,2016-12-04,"Quixada"
"susceptible_prop",102,0.576518908943238,0.646270802161178,0.68145867288062,0.708335575516528,0.737866546311093,2016-12-11,"Quixada"
"susceptible_prop",103,0.576426297607704,0.646093566179556,0.681173167863928,0.708089029689864,0.737720016642514,2016-12-18,"Quixada"
"susceptible_prop",104,0.576342438416116,0.645898980860931,0.680931999462592,0.707850403717814,0.737595108134876,2016-12-25,"Quixada"
"susceptible_prop",105,0.576184325663213,0.645661839273799,0.680719334606417,0.707610669191001,0.737413251810529,2017-01-01,"Quixada"
"susceptible_prop",106,0.575947949398428,0.645347447310716,0.680539967815911,0.707349597634129,0.737252001525117,2017-01-08,"Quixada"
"susceptible_prop",107,0.575714515148307,0.645086794677826,0.680370109258518,0.707071278700817,0.737057573944258,2017-01-15,"Quixada"
"susceptible_prop",108,0.575477066299424,0.644836637755841,0.680163633698756,0.706700926521415,0.736804188828697,2017-01-22,"Quixada"
"susceptible_prop",109,0.575159305423504,0.644626685940186,0.679897531968733,0.70634962434649,0.736533521888435,2017-01-29,"Quixada"
"susceptible_prop",110,0.574778265797379,0.644415217640009,0.679451604919695,0.70590801768415,0.736149369132563,2017-02-05,"Quixada"
"susceptible_prop",111,0.574185125025276,0.644117926988816,0.678981842515835,0.705346696065169,0.735692021454457,2017-02-12,"Quixada"
"susceptible_prop",112,0.573476537595081,0.643576039579916,0.67843464063801,0.704784665154427,0.735218360443212,2017-02-19,"Quixada"
"susceptible_prop",113,0.572439899812321,0.642749510813585,0.677746085421074,0.704069167482087,0.73459901095032,2017-02-26,"Quixada"
"susceptible_prop",114,0.571398778600802,0.641527416557038,0.676709521778561,0.703198817609149,0.733298766677245,2017-03-05,"Quixada"
"susceptible_prop",115,0.570397461828265,0.640264163222288,0.675308186928028,0.70174636951936,0.732052101697038,2017-03-12,"Quixada"
"susceptible_prop",116,0.569196780198267,0.638621107681506,0.673433201907307,0.699938818542416,0.730073500764148,2017-03-19,"Quixada"
"susceptible_prop",117,0.566940669170959,0.636391383190857,0.671322052311718,0.697525233734021,0.728053072036119,2017-03-26,"Quixada"
"susceptible_prop",118,0.564534204506198,0.633455250515354,0.668667896976276,0.69474007154161,0.7258946146597,2017-04-02,"Quixada"
"susceptible_prop",119,0.561834350183941,0.63039116485476,0.665547726773913,0.691601531108381,0.721911235517691,2017-04-09,"Quixada"
"susceptible_prop",120,0.557259331948535,0.626664811029634,0.661958380481076,0.687376710819217,0.716752746328812,2017-04-16,"Quixada"
"susceptible_prop",121,0.552624663312915,0.622801544980021,0.658019152460386,0.683228408012116,0.712031378118058,2017-04-23,"Quixada"
"susceptible_prop",122,0.548305573343668,0.618004322139797,0.653448046301274,0.678444640575821,0.707689623871102,2017-04-30,"Quixada"
"susceptible_prop",123,0.543489158693383,0.613322139055082,0.649132096445331,0.673873537724343,0.702952006781701,2017-05-07,"Quixada"
"susceptible_prop",124,0.538325886925414,0.608532660751146,0.64498155956578,0.669972384660168,0.698242649842521,2017-05-14,"Quixada"
"susceptible_prop",125,0.533076905353957,0.603654293945926,0.640797213837407,0.666130972533621,0.694367447593289,2017-05-21,"Quixada"
"susceptible_prop",126,0.529325313174152,0.599982062860522,0.637237654593965,0.662695768060849,0.690778684827831,2017-05-28,"Quixada"
"susceptible_prop",127,0.525931451908034,0.595957103554279,0.633655713219551,0.658983612664884,0.687400226452175,2017-06-04,"Quixada"
"susceptible_prop",128,0.523330950725489,0.593642804674866,0.631081015827371,0.656010009880034,0.6846500938474,2017-06-11,"Quixada"
"susceptible_prop",129,0.520890000406127,0.591372705433878,0.628544970864788,0.653587278945898,0.682381369605319,2017-06-18,"Quixada"
"susceptible_prop",130,0.518495092041363,0.589072579680549,0.626807649707902,0.651323217968694,0.68023625349285,2017-06-25,"Quixada"
"susceptible_prop",131,0.51733896097173,0.587828117968138,0.625365233177912,0.649732155147888,0.67837972927957,2017-07-02,"Quixada"
"susceptible_prop",132,0.51572343354402,0.5866515754336,0.624111095855244,0.648430650462725,0.677132680108653,2017-07-09,"Quixada"
"susceptible_prop",133,0.514669430590424,0.585575946337025,0.622890624763211,0.647322012036744,0.676196754998161,2017-07-16,"Quixada"
"susceptible_prop",134,0.512998474565394,0.584726338375547,0.622035423202472,0.646206541157088,0.675328738959161,2017-07-23,"Quixada"
"susceptible_prop",135,0.51183161877737,0.584048002075042,0.621441310875083,0.645344303639904,0.674372952045154,2017-07-30,"Quixada"
"susceptible_prop",136,0.511124262141929,0.583605016249522,0.620983364060885,0.644707994844041,0.673803576293324,2017-08-06,"Quixada"
"susceptible_prop",137,0.510491049829039,0.583225451857456,0.620544654240271,0.644125400833083,0.673236018080695,2017-08-13,"Quixada"
"susceptible_prop",138,0.50998922078762,0.582922900734545,0.620213760989693,0.643690018238063,0.672980057845911,2017-08-20,"Quixada"
"susceptible_prop",139,0.509625509445735,0.582693419187595,0.619983431898118,0.643417036934744,0.672758220874592,2017-08-27,"Quixada"
"susceptible_prop",140,0.509360643403396,0.582613445085399,0.619867450028317,0.643229478223739,0.672527985967757,2017-09-03,"Quixada"
"susceptible_prop",141,0.509247806252842,0.582525701066774,0.619772329560377,0.643088482385683,0.672303802389643,2017-09-10,"Quixada"
"susceptible_prop",142,0.509100517837751,0.582420677258146,0.619706072421361,0.642964079988428,0.672210016349225,2017-09-17,"Quixada"
"susceptible_prop",143,0.509038649390121,0.582341927203994,0.619664064270607,0.642892109700992,0.672147136012332,2017-09-24,"Quixada"
"susceptible_prop",144,0.508971490234674,0.582220683329139,0.619591281037553,0.642822832978144,0.672088690571688,2017-10-01,"Quixada"
"susceptible_prop",145,0.508899554793975,0.582132424654907,0.619501393433727,0.64276203895598,0.67202831846045,2017-10-08,"Quixada"
"susceptible_prop",146,0.508892449753423,0.582116596600169,0.61949442420139,0.642733047127167,0.672009222319677,2017-10-15,"Quixada"
"susceptible_prop",147,0.508881468822476,0.582089670557417,0.619492802919055,0.642705018315852,0.672005971503482,2017-10-22,"Quixada"
"susceptible_prop",148,0.508859509180869,0.582041033246642,0.619465971180451,0.642660121904791,0.671987457255117,2017-10-29,"Quixada"
"susceptible_prop",149,0.508855423742872,0.582044640561012,0.619453210038478,0.642658348732596,0.672003043960846,2017-11-05,"Quixada"
"susceptible_prop",150,0.508789674705278,0.58202523839265,0.619407067815776,0.642645291446134,0.671982191576874,2017-11-12,"Quixada"
"susceptible_prop",151,0.508733141943573,0.582023671972034,0.619384915349626,0.642625566205914,0.671939089301529,2017-11-19,"Quixada"
"susceptible_prop",152,0.508696725011162,0.582053455533463,0.619345394555733,0.642610008757354,0.671928002366865,2017-11-26,"Quixada"
"susceptible_prop",153,0.508652781103246,0.582120719106794,0.619335292649716,0.642609445878953,0.671912880253251,2017-12-03,"Quixada"
"susceptible_prop",154,0.508604749824314,0.582153326120757,0.619274712163893,0.642587933094345,0.671869502279173,2017-12-10,"Quixada"
"susceptible_prop",155,0.508494290312768,0.582159767560316,0.619203350923038,0.642550259783259,0.671776529706971,2017-12-17,"Quixada"
"susceptible_prop",156,0.508354157754751,0.582061289532802,0.619126511707528,0.642517191638228,0.671673250145376,2017-12-24,"Quixada"
"susceptible_prop",157,0.508219582767846,0.581953463508245,0.619075078437994,0.642476756147868,0.671568885800856,2017-12-31,"Quixada"
"susceptible_prop",158,0.508166876434054,0.581765582628762,0.619082448430643,0.642440102783593,0.671490956927043,2018-01-07,"Quixada"
"susceptible_prop",159,0.508064203945382,0.581532773842519,0.619032963506756,0.642299617745936,0.671381479749005,2018-01-14,"Quixada"
"susceptible_prop",160,0.507963489007208,0.581447509140771,0.61900720482309,0.642171066076476,0.671332808310074,2018-01-21,"Quixada"
"susceptible_prop",161,0.507844116138511,0.581279639838397,0.618896980657123,0.641989020984862,0.671140788582462,2018-01-28,"Quixada"
"susceptible_prop",162,0.507579548918451,0.581070171524706,0.618661278452872,0.641742535551234,0.670905980574348,2018-02-04,"Quixada"
"susceptible_prop",163,0.507197092217715,0.580857898094002,0.618405771282084,0.641436127589581,0.670572580056719,2018-02-11,"Quixada"
"susceptible_prop",164,0.506667240372134,0.580539158724964,0.618029656036107,0.641011830235923,0.670088259764616,2018-02-18,"Quixada"
"susceptible_prop",165,0.506033273124673,0.580151259601362,0.617638188937122,0.640489431751756,0.669620908052828,2018-02-25,"Quixada"
"susceptible_prop",166,0.505140698344617,0.579440467937044,0.6170591339758,0.6397366829672,0.66895298195018,2018-03-04,"Quixada"
"susceptible_prop",167,0.504245425325249,0.578575973182375,0.616579492585935,0.639057543323268,0.668084357863321,2018-03-11,"Quixada"
"susceptible_prop",168,0.503378669293933,0.577859300094772,0.616082505184248,0.638357717248123,0.667196685202906,2018-03-18,"Quixada"
"susceptible_prop",169,0.502445308685668,0.577164518687668,0.615416114026246,0.637581357310301,0.666364603209356,2018-03-25,"Quixada"
"susceptible_prop",170,0.501321903096938,0.576475472172357,0.614758261116622,0.636733060824209,0.665458700711692,2018-04-01,"Quixada"
"susceptible_prop",171,0.500012802942441,0.575285393849801,0.614072355753325,0.635925793643986,0.664503275765384,2018-04-08,"Quixada"
"susceptible_prop",172,0.498895453883513,0.573009470609452,0.613342551128582,0.635042488295634,0.663583474999775,2018-04-15,"Quixada"
"susceptible_prop",173,0.49744622952011,0.572208396922183,0.612551354730959,0.634299210006494,0.66306234535049,2018-04-22,"Quixada"
"susceptible_prop",174,0.496414988120993,0.571719532045214,0.611869650828132,0.633702971689504,0.662489044286619,2018-04-29,"Quixada"
"susceptible_prop",175,0.495484803240537,0.571243448148653,0.611265046478152,0.633082492040684,0.661691561606753,2018-05-06,"Quixada"
"susceptible_prop",176,0.494655398800304,0.570793216632716,0.610802644623948,0.632530727013922,0.660981109042072,2018-05-13,"Quixada"
"susceptible_prop",177,0.493843762709366,0.570311407736793,0.610311687244643,0.632031636858538,0.660508977081759,2018-05-20,"Quixada"
"susceptible_prop",178,0.493322539898302,0.569634093671717,0.609733261167301,0.631488124619623,0.65980661817918,2018-05-27,"Quixada"
"susceptible_prop",179,0.492888358751582,0.569126477033501,0.609347264632372,0.630954592511826,0.65901459440718,2018-06-03,"Quixada"
"susceptible_prop",180,0.492318354771226,0.568169987530162,0.608956614963035,0.630485382058525,0.658420857766139,2018-06-10,"Quixada"
"susceptible_prop",181,0.491592808712375,0.567309419686663,0.60863667630627,0.630100924794294,0.657790986973962,2018-06-17,"Quixada"
"susceptible_prop",182,0.490702321252229,0.566440580828272,0.608154194614355,0.62947694935501,0.657208030068127,2018-06-24,"Quixada"
"susceptible_prop",183,0.489924641017056,0.565393990383804,0.607715854284388,0.62880523120552,0.656655873864285,2018-07-01,"Quixada"
"susceptible_prop",184,0.489144875442517,0.565066672090749,0.607205086139734,0.628139844075394,0.655918165396095,2018-07-08,"Quixada"
"susceptible_prop",185,0.488348804008595,0.564821136327156,0.606876579457079,0.627526592728399,0.655246574780831,2018-07-15,"Quixada"
"susceptible_prop",186,0.487713945550436,0.564633597145082,0.606557789241861,0.627020478575273,0.654627569310018,2018-07-22,"Quixada"
"susceptible_prop",187,0.487088264235167,0.564323146350836,0.606058611262167,0.626376038568893,0.653879888673645,2018-07-29,"Quixada"
"susceptible_prop",188,0.486383738131567,0.564007947071611,0.605548848519645,0.625910349601018,0.653238882279334,2018-08-05,"Quixada"
"susceptible_prop",189,0.485853078287805,0.563766559351683,0.605097529741,0.625526919419496,0.652642289840729,2018-08-12,"Quixada"
"susceptible_prop",190,0.485125466610712,0.563072140940424,0.604619641365434,0.625155144836905,0.651968020572911,2018-08-19,"Quixada"
"susceptible_prop",191,0.484170459789025,0.562506040190997,0.604140086956693,0.62469541431472,0.651436543757756,2018-08-26,"Quixada"
"susceptible_prop",192,0.483234708253137,0.56193264916953,0.603654444178393,0.624200746731884,0.650913481833547,2018-09-02,"Quixada"
"susceptible_prop",193,0.482396649823152,0.56139976053135,0.603155318394207,0.62370509591883,0.650442742867304,2018-09-09,"Quixada"
"susceptible_prop",194,0.481555772339679,0.561093200594752,0.602713839871208,0.623293720562991,0.649978855361577,2018-09-16,"Quixada"
"susceptible_prop",195,0.480630897199178,0.560658408650757,0.602416497601222,0.622939777309619,0.64973191397471,2018-09-23,"Quixada"
"susceptible_prop",196,0.480008057003695,0.55991454403706,0.602037890276646,0.622612789551042,0.649402178641733,2018-09-30,"Quixada"
"susceptible_prop",197,0.479459597318394,0.559362463751279,0.601695585949297,0.622299097372382,0.64906611850237,2018-10-07,"Quixada"
"susceptible_prop",198,0.478515697388562,0.558756408004923,0.601311897310816,0.621921809272259,0.648669514060227,2018-10-14,"Quixada"
"susceptible_prop",199,0.477608352841523,0.5582915655363,0.600888410224977,0.621649518831316,0.647582766271168,2018-10-21,"Quixada"
"susceptible_prop",200,0.47672741930024,0.557880194459052,0.600455521592699,0.62112777657092,0.646876937659869,2018-10-28,"Quixada"
"susceptible_prop",201,0.47577904700527,0.557529359106843,0.600004069959998,0.620591393052836,0.646170076827708,2018-11-04,"Quixada"
"susceptible_prop",202,0.475237576153996,0.557039424751492,0.599625411381925,0.620173469706159,0.645387417342967,2018-11-11,"Quixada"
"susceptible_prop",203,0.474802866553371,0.55626700465211,0.59924603239262,0.619707157938857,0.64481149511589,2018-11-18,"Quixada"
"susceptible_prop",204,0.47431173272927,0.555427916130932,0.598835960601083,0.61911619951208,0.64435384039291,2018-11-25,"Quixada"
"susceptible_prop",205,0.473843186188447,0.554694416002333,0.598257039606881,0.618420057768459,0.643733089986483,2018-12-02,"Quixada"
"susceptible_prop",206,0.472374199138923,0.553825420772156,0.597694515071007,0.617720390372792,0.642753078319414,2018-12-09,"Quixada"
"susceptible_prop",207,0.470822975072774,0.552846277207141,0.597112547224666,0.616949527582185,0.641729399692445,2018-12-16,"Quixada"
"susceptible_prop",208,0.46950033006857,0.551998082814093,0.596323174986519,0.615930717967376,0.640646844034409,2018-12-23,"Quixada"
"susceptible_prop",209,0.468505605033072,0.550997733770535,0.595605554008639,0.614969031392075,0.639501952303721,2018-12-30,"Quixada"
"susceptible_prop",210,0.467233296766205,0.549551525916119,0.594743148029721,0.614088901571725,0.638564308618437,2019-01-06,"Quixada"
"susceptible_prop",211,0.465767077399161,0.547550123803017,0.59349971924419,0.612869823337951,0.637449059564719,2019-01-13,"Quixada"
"susceptible_prop",212,0.463951430652194,0.545124223298866,0.591932128451546,0.611057060188558,0.63587765253987,2019-01-20,"Quixada"
"susceptible_prop",213,0.461287068364176,0.543511883160556,0.589919397703206,0.609048816104283,0.633438386222057,2019-01-27,"Quixada"
"susceptible_prop",214,0.457893512020048,0.541437465923754,0.587715843655221,0.606140764735408,0.631241197001607,2019-02-03,"Quixada"
"susceptible_prop",215,0.45337777470355,0.538252591671148,0.58532515943161,0.603274656954482,0.628346381827715,2019-02-10,"Quixada"
"susceptible_prop",216,0.449193656852102,0.535595850192432,0.582498846657598,0.599968583985694,0.625330698587753,2019-02-17,"Quixada"
"susceptible_prop",217,0.446131364779679,0.532514263361323,0.578757299107141,0.595828857176012,0.622261515530905,2019-02-24,"Quixada"
"susceptible_prop",218,0.44170589266516,0.528371123994497,0.574266625884808,0.591257888970599,0.617672206898638,2019-03-03,"Quixada"
"susceptible_prop",219,0.437158180776867,0.5216364232281,0.569721043887859,0.585882415692297,0.612574828387966,2019-03-10,"Quixada"
"susceptible_prop",220,0.431708465665098,0.514466103851115,0.56478147582068,0.580172349015305,0.607249415663113,2019-03-17,"Quixada"
"susceptible_prop",221,0.42544982240375,0.508710176219193,0.558371910629398,0.573866547626491,0.600991605909029,2019-03-24,"Quixada"
"susceptible_prop",222,0.418230160806639,0.502923793825303,0.551706391117461,0.566656636793743,0.594194252590793,2019-03-31,"Quixada"
"susceptible_prop",223,0.410404725912487,0.495094697593505,0.544182565569417,0.559056454271805,0.586116164655768,2019-04-07,"Quixada"
"susceptible_prop",224,0.401325043236972,0.488355653874203,0.534817843297436,0.550973673402962,0.578089815739903,2019-04-14,"Quixada"
"susceptible_prop",225,0.392890411147824,0.48204002196535,0.525080315864667,0.541959437809587,0.570047239905142,2019-04-21,"Quixada"
"susceptible_prop",226,0.38511792351282,0.474379512047806,0.515416659789761,0.532253678508457,0.560251783042167,2019-04-28,"Quixada"
"susceptible_prop",227,0.376517678177124,0.46321582815996,0.505191070617363,0.522705419177467,0.550595847067892,2019-05-05,"Quixada"
"susceptible_prop",228,0.369363720619182,0.452063050083425,0.495065606146851,0.513061945637337,0.542272034270862,2019-05-12,"Quixada"
"susceptible_prop",229,0.361924795940958,0.442391920547295,0.485769757029394,0.503779274450562,0.5338062695033,2019-05-19,"Quixada"
"susceptible_prop",230,0.35383780611401,0.433683887938494,0.477353924571883,0.495238136631213,0.525399244373664,2019-05-26,"Quixada"
"susceptible_prop",231,0.348018712345503,0.426612689449916,0.469743201767593,0.488401620907277,0.519124218366402,2019-06-02,"Quixada"
"susceptible_prop",232,0.343231906729499,0.421057614899531,0.463962750074616,0.482074183553265,0.512692853004877,2019-06-09,"Quixada"
"susceptible_prop",233,0.338514460621047,0.415488361739178,0.458408486514323,0.476978059733586,0.506840173990128,2019-06-16,"Quixada"
"susceptible_prop",234,0.334440522897961,0.411036379283014,0.454002018402818,0.472445527744862,0.502517164305389,2019-06-23,"Quixada"
"susceptible_prop",235,0.331988329943978,0.40804110400586,0.450811089371832,0.468837560630832,0.499093128362072,2019-06-30,"Quixada"
"susceptible_prop",236,0.330184252750264,0.405468571089714,0.448316884007015,0.466350421408669,0.496667623005221,2019-07-07,"Quixada"
"susceptible_prop",237,0.328093715583497,0.403701657896887,0.446624106795329,0.464418630825011,0.494838062123415,2019-07-14,"Quixada"
"susceptible_prop",238,0.326818495411473,0.402355791069813,0.444904540707004,0.462865656354582,0.493430479925078,2019-07-21,"Quixada"
"susceptible_prop",239,0.325534348677531,0.401292801508122,0.443502634445762,0.461600262318374,0.49203670094472,2019-07-28,"Quixada"
"susceptible_prop",240,0.324622375163697,0.400288938590538,0.442409128716785,0.460365426602867,0.490685163095673,2019-08-04,"Quixada"
"susceptible_prop",241,0.323869211275874,0.399365350102309,0.441426738492155,0.459285436701941,0.489146983533495,2019-08-11,"Quixada"
"susceptible_prop",242,0.323202929232686,0.398575360590874,0.440649853006451,0.458343891426446,0.488121056091105,2019-08-18,"Quixada"
"susceptible_prop",243,0.322642535517852,0.397831049262482,0.439731816028195,0.457286323481534,0.486592594377661,2019-08-25,"Quixada"
"susceptible_prop",244,0.322491817363311,0.397338549642733,0.439068195986501,0.456424300512527,0.485488976053087,2019-09-01,"Quixada"
"susceptible_prop",245,0.322420453066006,0.396847582295637,0.438333839438806,0.455656381610916,0.485041187672814,2019-09-08,"Quixada"
"susceptible_prop",246,0.322395990571765,0.396318614552388,0.437747198559235,0.455004194512546,0.48454665130192,2019-09-15,"Quixada"
"susceptible_prop",247,0.322211863320419,0.395850871051482,0.437365706505865,0.454450644350574,0.484006083482041,2019-09-22,"Quixada"
"susceptible_prop",248,0.322022885947353,0.39546384099248,0.436925486610675,0.453953854752004,0.48345217086528,2019-09-29,"Quixada"
"susceptible_prop",249,0.321920732112305,0.395131353448235,0.436547043546546,0.453540596318715,0.482720963589698,2019-10-06,"Quixada"
"susceptible_prop",250,0.322002954205664,0.394946563505306,0.436335558862132,0.453312383862805,0.482221453919722,2019-10-13,"Quixada"
"susceptible_prop",251,0.322059002477481,0.394815564282715,0.436139617607664,0.453142299707021,0.481814429742739,2019-10-20,"Quixada"
"susceptible_prop",252,0.322167828472051,0.394724485850035,0.436018314694326,0.453013034170261,0.481504742196819,2019-10-27,"Quixada"
"susceptible_prop",253,0.322303583547896,0.394604183190087,0.43592958236528,0.452960102378702,0.481289452313515,2019-11-03,"Quixada"
"susceptible_prop",254,0.322418468669644,0.394473307437161,0.43585998263718,0.452879730417813,0.481136413287342,2019-11-10,"Quixada"
"susceptible_prop",255,0.322516274722884,0.394332276911728,0.435778395552482,0.452748623691452,0.480955794883175,2019-11-17,"Quixada"
"susceptible_prop",256,0.322656281916866,0.394295890296859,0.435794762189836,0.452692731947232,0.480810663108626,2019-11-24,"Quixada"
"susceptible_prop",257,0.32280383178381,0.394264234252318,0.435849000401996,0.452719986407408,0.480741424115205,2019-12-01,"Quixada"
"susceptible_prop",258,0.32298241108028,0.394272404131408,0.435940343093636,0.452794194019901,0.480681964894056,2019-12-08,"Quixada"
"susceptible_prop",259,0.323175203919952,0.394308260499849,0.436045418474241,0.452876730698999,0.480680151616082,2019-12-15,"Quixada"
"susceptible_prop",260,0.323422791720725,0.394419155175181,0.436205862306998,0.452990012838807,0.480738315700004,2019-12-22,"Quixada"
"susceptible_prop",261,0.323576580074475,0.394447117310261,0.436284555559513,0.4529695759532,0.480667537804603,2019-12-29,"Quixada"
"susceptible_prop",1,1,1,1,1,1,2015-01-04,"Litoral_Leste_Jaguaribe"
"susceptible_prop",2,0.999998485285382,0.999999333008025,0.999999568377016,0.999999717008285,0.999999878817337,2015-01-11,"Litoral_Leste_Jaguaribe"
"susceptible_prop",3,0.999996971075713,0.999998666237835,0.999999136897451,0.99999943411056,0.999999757674902,2015-01-18,"Litoral_Leste_Jaguaribe"
"susceptible_prop",4,0.999995457289045,0.999997999653346,0.999998705537955,0.999999151291516,0.99999963656614,2015-01-25,"Litoral_Leste_Jaguaribe"
"susceptible_prop",5,0.999993943880145,0.999997333234638,0.999998274285638,0.999998868542701,0.999999515487433,2015-02-01,"Litoral_Leste_Jaguaribe"
"susceptible_prop",6,0.999992431164413,0.999996667120598,0.999997843230376,0.999998585923042,0.999999394464012,2015-02-08,"Litoral_Leste_Jaguaribe"
"susceptible_prop",7,0.999990918578211,0.99999600106303,0.999997412211557,0.999998303327235,0.999999273450787,2015-02-15,"Litoral_Leste_Jaguaribe"
"susceptible_prop",8,0.999989406411616,0.99999533518967,0.99999698131184,0.999998020809476,0.999999152470963,2015-02-22,"Litoral_Leste_Jaguaribe"
"susceptible_prop",9,0.999987895357029,0.999994669805411,0.99999655072853,0.999997738499124,0.999999031579936,2015-03-01,"Litoral_Leste_Jaguaribe"
"susceptible_prop",10,0.999985584313578,0.999993671094294,0.99999584792316,0.99999725046819,0.999998741900928,2015-03-08,"Litoral_Leste_Jaguaribe"
"susceptible_prop",11,0.999983240311833,0.999992647386115,0.999995148570395,0.999996740816183,0.999998480374707,2015-03-15,"Litoral_Leste_Jaguaribe"
"susceptible_prop",12,0.999981066568018,0.999991465050032,0.999994263577763,0.999996118790152,0.999998153741713,2015-03-22,"Litoral_Leste_Jaguaribe"
"susceptible_prop",13,0.999978833161843,0.999990211187107,0.999993210645489,0.99999535137003,0.999997842050315,2015-03-29,"Litoral_Leste_Jaguaribe"
"susceptible_prop",14,0.999975984774481,0.99998866592392,0.999991994628366,0.999994499146242,0.999997490032284,2015-04-05,"Litoral_Leste_Jaguaribe"
"susceptible_prop",15,0.999972988822137,0.999987046568731,0.999990771640844,0.999993584198748,0.999996879134231,2015-04-12,"Litoral_Leste_Jaguaribe"
"susceptible_prop",16,0.999970860713179,0.999985245319665,0.999989501606459,0.999992602835604,0.999996319820196,2015-04-19,"Litoral_Leste_Jaguaribe"
"susceptible_prop",17,0.999969198167859,0.999983447437555,0.999988237717822,0.999991613290674,0.999995670582682,2015-04-26,"Litoral_Leste_Jaguaribe"
"susceptible_prop",18,0.999965739856346,0.999981979278397,0.999987098157169,0.999990709440604,0.999995132766001,2015-05-03,"Litoral_Leste_Jaguaribe"
"susceptible_prop",19,0.999963690537799,0.999980398499953,0.999986011562736,0.999989902204026,0.999994604617684,2015-05-10,"Litoral_Leste_Jaguaribe"
"susceptible_prop",20,0.999961697482967,0.999979140641382,0.999984998603676,0.999989121699981,0.999994168900363,2015-05-17,"Litoral_Leste_Jaguaribe"
"susceptible_prop",21,0.999959923708721,0.99997787239768,0.999984098255769,0.999988477277807,0.999993712617419,2015-05-24,"Litoral_Leste_Jaguaribe"
"susceptible_prop",22,0.999958889515935,0.99997686037785,0.999983392297226,0.999987861941348,0.999993332233283,2015-05-31,"Litoral_Leste_Jaguaribe"
"susceptible_prop",23,0.999957631871588,0.999975983752443,0.999982901706418,0.999987431953129,0.999993051355314,2015-06-07,"Litoral_Leste_Jaguaribe"
"susceptible_prop",24,0.999956378395965,0.999975375198802,0.999982469756352,0.999987057248162,0.999992782910089,2015-06-14,"Litoral_Leste_Jaguaribe"
"susceptible_prop",25,0.999955209783001,0.999974830654333,0.999982050435453,0.999986771946333,0.999992571404814,2015-06-21,"Litoral_Leste_Jaguaribe"
"susceptible_prop",26,0.999954248769451,0.999974504539814,0.999981681140336,0.999986547532183,0.999992338568277,2015-06-28,"Litoral_Leste_Jaguaribe"
"susceptible_prop",27,0.999953567324703,0.999974195100376,0.999981397931881,0.999986315010568,0.999992259286966,2015-07-05,"Litoral_Leste_Jaguaribe"
"susceptible_prop",28,0.99995307434313,0.999973976168507,0.999981203901246,0.999986127753262,0.999992223407165,2015-07-12,"Litoral_Leste_Jaguaribe"
"susceptible_prop",29,0.999952827869608,0.999973831264107,0.999981057887406,0.999986009850226,0.999992145836096,2015-07-19,"Litoral_Leste_Jaguaribe"
"susceptible_prop",30,0.999952623145604,0.99997371585128,0.999980915441496,0.999985876792754,0.999992098268119,2015-07-26,"Litoral_Leste_Jaguaribe"
"susceptible_prop",31,0.999952429554288,0.999973597608087,0.999980836032216,0.999985769765833,0.999992031320333,2015-08-02,"Litoral_Leste_Jaguaribe"
"susceptible_prop",32,0.999952110118011,0.999973511890388,0.999980686144423,0.999985675333215,0.999991967235164,2015-08-09,"Litoral_Leste_Jaguaribe"
"susceptible_prop",33,0.999951602252213,0.999973422029293,0.999980580647667,0.999985596985917,0.999991917334408,2015-08-16,"Litoral_Leste_Jaguaribe"
"susceptible_prop",34,0.999951268530182,0.999973285405532,0.999980515995679,0.99998553705888,0.99999187340084,2015-08-23,"Litoral_Leste_Jaguaribe"
"susceptible_prop",35,0.999951004634844,0.99997312691772,0.999980452965041,0.999985500784344,0.999991842112209,2015-08-30,"Litoral_Leste_Jaguaribe"
"susceptible_prop",36,0.99995084947155,0.99997302790387,0.99998037535766,0.999985477715276,0.999991818498869,2015-09-06,"Litoral_Leste_Jaguaribe"
"susceptible_prop",37,0.999950752663303,0.99997296755816,0.999980304276878,0.99998545231404,0.999991793101556,2015-09-13,"Litoral_Leste_Jaguaribe"
"susceptible_prop",38,0.999950660559386,0.999972919405446,0.999980247254302,0.99998536129707,0.999991782030942,2015-09-20,"Litoral_Leste_Jaguaribe"
"susceptible_prop",39,0.999950577776379,0.999972866416742,0.999980187848761,0.999985273490801,0.999991750565573,2015-09-27,"Litoral_Leste_Jaguaribe"
"susceptible_prop",40,0.999950443964527,0.999972826691295,0.999980122517486,0.999985182518817,0.999991720715817,2015-10-04,"Litoral_Leste_Jaguaribe"
"susceptible_prop",41,0.999950168454664,0.999972770486527,0.999980048625656,0.9999851056206,0.999991689127238,2015-10-11,"Litoral_Leste_Jaguaribe"
"susceptible_prop",42,0.999950044721578,0.999972703585352,0.999979980183095,0.999985039276436,0.999991657283964,2015-10-18,"Litoral_Leste_Jaguaribe"
"susceptible_prop",43,0.999949932978218,0.999972573308283,0.999979863018487,0.999984987863179,0.999991622164927,2015-10-25,"Litoral_Leste_Jaguaribe"
"susceptible_prop",44,0.999949806633611,0.999972459656593,0.999979766894781,0.999984922243907,0.999991581417167,2015-11-01,"Litoral_Leste_Jaguaribe"
"susceptible_prop",45,0.999949669605319,0.999972356036599,0.999979598793429,0.999984794439083,0.999991458351325,2015-11-08,"Litoral_Leste_Jaguaribe"
"susceptible_prop",46,0.999949379379868,0.999972166941795,0.999979348215407,0.999984689324437,0.9999913471557,2015-11-15,"Litoral_Leste_Jaguaribe"
"susceptible_prop",47,0.999949106406941,0.99997181664718,0.99997915965507,0.999984482167135,0.999991132168431,2015-11-22,"Litoral_Leste_Jaguaribe"
"susceptible_prop",48,0.999948805156924,0.999971459633771,0.999978849634566,0.999984272122878,0.999991045833459,2015-11-29,"Litoral_Leste_Jaguaribe"
"susceptible_prop",49,0.999948072482925,0.999970910526647,0.999978440194081,0.999983979300653,0.999990780610611,2015-12-06,"Litoral_Leste_Jaguaribe"
"susceptible_prop",50,0.999947355323159,0.999970065881107,0.999977831842396,0.999983511230156,0.999990286593555,2015-12-13,"Litoral_Leste_Jaguaribe"
"susceptible_prop",51,0.999945601265472,0.999968914571705,0.999977190710032,0.999982785255955,0.999989814948004,2015-12-20,"Litoral_Leste_Jaguaribe"
"susceptible_prop",52,0.999944130893968,0.999967542743488,0.999976112785794,0.999981930384648,0.999989199909472,2015-12-27,"Litoral_Leste_Jaguaribe"
"susceptible_prop",53,0.999941719948253,0.999965864420697,0.999974698394869,0.999980594058141,0.999988218669146,2016-01-03,"Litoral_Leste_Jaguaribe"
"susceptible_prop",54,0.999938193253343,0.999963129927413,0.999972691086585,0.999978729446234,0.999986711438053,2016-01-10,"Litoral_Leste_Jaguaribe"
"susceptible_prop",55,0.999932972304655,0.999958992554214,0.999969757495143,0.999976358272986,0.999984920745897,2016-01-17,"Litoral_Leste_Jaguaribe"
"susceptible_prop",56,0.999926727503238,0.999953714261224,0.999965067578895,0.999972650189394,0.99998213240573,2016-01-24,"Litoral_Leste_Jaguaribe"
"susceptible_prop",57,0.999914831057037,0.999945517703679,0.999958546983133,0.999967358969967,0.999978697418227,2016-01-31,"Litoral_Leste_Jaguaribe"
"susceptible_prop",58,0.999898014776727,0.999933658174716,0.999948866802658,0.999958800369492,0.999972940480574,2016-02-07,"Litoral_Leste_Jaguaribe"
"susceptible_prop",59,0.999872794316504,0.999916552871546,0.999934703556057,0.999947066592328,0.999964860761958,2016-02-14,"Litoral_Leste_Jaguaribe"
"susceptible_prop",60,0.999831630503079,0.999889332058836,0.999913257197686,0.999928632759247,0.999952614229936,2016-02-21,"Litoral_Leste_Jaguaribe"
"susceptible_prop",61,0.99976843222922,0.999844605985123,0.99987837894432,0.999899375998403,0.999931893167092,2016-02-28,"Litoral_Leste_Jaguaribe"
"susceptible_prop",62,0.99966039436853,0.999774562199608,0.999820115378489,0.999853940783389,0.99989992289261,2016-03-06,"Litoral_Leste_Jaguaribe"
"susceptible_prop",63,0.999484414361657,0.999659934776946,0.999728807402814,0.999778321040499,0.99984795450864,2016-03-13,"Litoral_Leste_Jaguaribe"
"susceptible_prop",64,0.999189933733821,0.99947297586785,0.999585561558825,0.999659720100154,0.999765593068943,2016-03-20,"Litoral_Leste_Jaguaribe"
"susceptible_prop",65,0.9988048001364,0.999219014280643,0.999377968450692,0.999479987658971,0.999635934681836,2016-03-27,"Litoral_Leste_Jaguaribe"
"susceptible_prop",66,0.998263574292146,0.998833423176316,0.999060934788773,0.999213855224247,0.999431992650055,2016-04-03,"Litoral_Leste_Jaguaribe"
"susceptible_prop",67,0.997533435391851,0.998294506164514,0.998601877669326,0.998826807067515,0.999141872724325,2016-04-10,"Litoral_Leste_Jaguaribe"
"susceptible_prop",68,0.996510347366949,0.997535909283358,0.997935249247168,0.99824948856919,0.998703799939997,2016-04-17,"Litoral_Leste_Jaguaribe"
"susceptible_prop",69,0.995137124714142,0.996478342761684,0.996992502305812,0.997462096064374,0.998084797738357,2016-04-24,"Litoral_Leste_Jaguaribe"
"susceptible_prop",70,0.993409164185469,0.995000601626104,0.995694149980192,0.996317466252518,0.997171294099236,2016-05-01,"Litoral_Leste_Jaguaribe"
"susceptible_prop",71,0.991074321618666,0.993061918180487,0.993999129843074,0.994803893464101,0.995897860666092,2016-05-08,"Litoral_Leste_Jaguaribe"
"susceptible_prop",72,0.988172271483756,0.990890165851709,0.992038965554978,0.993060353827377,0.994456241666035,2016-05-15,"Litoral_Leste_Jaguaribe"
"susceptible_prop",73,0.984866334332243,0.988515888733299,0.989856341011485,0.991122886453625,0.992884982100939,2016-05-22,"Litoral_Leste_Jaguaribe"
"susceptible_prop",74,0.98159778581489,0.98606825089608,0.987723663224797,0.989166291593416,0.991302058779702,2016-05-29,"Litoral_Leste_Jaguaribe"
"susceptible_prop",75,0.978597077586555,0.983716944592645,0.985590197814346,0.987251843223451,0.989870491009051,2016-06-05,"Litoral_Leste_Jaguaribe"
"susceptible_prop",76,0.975753520592781,0.981515148687933,0.983586687740313,0.985569032049922,0.988586209050676,2016-06-12,"Litoral_Leste_Jaguaribe"
"susceptible_prop",77,0.973269403725687,0.979675759366042,0.982048607116093,0.984075271640111,0.987376159050385,2016-06-19,"Litoral_Leste_Jaguaribe"
"susceptible_prop",78,0.971171495402512,0.978115582779129,0.980596123358191,0.982746688666982,0.986448494269532,2016-06-26,"Litoral_Leste_Jaguaribe"
"susceptible_prop",79,0.969660530994042,0.976747127911754,0.979420885829309,0.98166239296568,0.985606759287647,2016-07-03,"Litoral_Leste_Jaguaribe"
"susceptible_prop",80,0.968310781934146,0.975574228198997,0.978361029071479,0.980666813157283,0.9849220977081,2016-07-10,"Litoral_Leste_Jaguaribe"
"susceptible_prop",81,0.96705777006117,0.974550226519481,0.977487454553288,0.979839285587193,0.984292651603782,2016-07-17,"Litoral_Leste_Jaguaribe"
"susceptible_prop",82,0.966039726893107,0.973725569939078,0.976741105925948,0.979199977069948,0.983587699639706,2016-07-24,"Litoral_Leste_Jaguaribe"
"susceptible_prop",83,0.965034717917467,0.973082056875459,0.976077830560805,0.978659796571805,0.983109735894199,2016-07-31,"Litoral_Leste_Jaguaribe"
"susceptible_prop",84,0.964344914093898,0.97249683702076,0.97554865246391,0.97815393945051,0.982673164793386,2016-08-07,"Litoral_Leste_Jaguaribe"
"susceptible_prop",85,0.963669654758791,0.97203396456181,0.97508056071786,0.977728403600806,0.98234484592752,2016-08-14,"Litoral_Leste_Jaguaribe"
"susceptible_prop",86,0.963212636022069,0.971633528845712,0.974728012659668,0.97736719644586,0.982051680905142,2016-08-21,"Litoral_Leste_Jaguaribe"
"susceptible_prop",87,0.962745874205114,0.971294287945929,0.974390368253264,0.977053014832922,0.981845863178857,2016-08-28,"Litoral_Leste_Jaguaribe"
"susceptible_prop",88,0.962410202415771,0.970945996124699,0.974125400202708,0.976843460957554,0.981642296187241,2016-09-04,"Litoral_Leste_Jaguaribe"
"susceptible_prop",89,0.962136529552937,0.970700099845961,0.973885339969828,0.976627076181228,0.981433325170132,2016-09-11,"Litoral_Leste_Jaguaribe"
"susceptible_prop",90,0.961882520290876,0.970472803987545,0.973679259327596,0.976429369935956,0.981278722323504,2016-09-18,"Litoral_Leste_Jaguaribe"
"susceptible_prop",91,0.961635366590436,0.970268294109011,0.973503874916733,0.976232975960073,0.981126835902824,2016-09-25,"Litoral_Leste_Jaguaribe"
"susceptible_prop",92,0.961399939555529,0.970039857049454,0.973311248725976,0.976035736009696,0.980998699509952,2016-10-02,"Litoral_Leste_Jaguaribe"
"susceptible_prop",93,0.961140698831261,0.969791891737482,0.973116233225177,0.975843724587553,0.98083137067439,2016-10-09,"Litoral_Leste_Jaguaribe"
"susceptible_prop",94,0.960923066417718,0.969581350111983,0.972912245576543,0.975630980166123,0.980661752034222,2016-10-16,"Litoral_Leste_Jaguaribe"
"susceptible_prop",95,0.960645644787501,0.969343332738109,0.972701115123928,0.975412804681836,0.980491135989259,2016-10-23,"Litoral_Leste_Jaguaribe"
"susceptible_prop",96,0.960356763089278,0.969087799409668,0.972455892889215,0.975152963271456,0.980298114986221,2016-10-30,"Litoral_Leste_Jaguaribe"
"susceptible_prop",97,0.960000496832494,0.968777119703965,0.972217948575632,0.974878587629722,0.980074379006055,2016-11-06,"Litoral_Leste_Jaguaribe"
"susceptible_prop",98,0.959661827588178,0.968478014612209,0.971915506771779,0.974578308869888,0.979861402298724,2016-11-13,"Litoral_Leste_Jaguaribe"
"susceptible_prop",99,0.959154753690225,0.96811468684405,0.971581541907579,0.974270186478443,0.9796164588061,2016-11-20,"Litoral_Leste_Jaguaribe"
"susceptible_prop",100,0.958735220799917,0.96773292624618,0.971203252558629,0.973913504242659,0.979228517030256,2016-11-27,"Litoral_Leste_Jaguaribe"
"susceptible_prop",101,0.958332566508529,0.967368067139782,0.970846829382211,0.973611325024809,0.978968085509303,2016-12-04,"Litoral_Leste_Jaguaribe"
"susceptible_prop",102,0.957981038959593,0.966977899091701,0.970492442355708,0.973278823585629,0.978675515636209,2016-12-11,"Litoral_Leste_Jaguaribe"
"susceptible_prop",103,0.957644496566546,0.966653267656969,0.970160622600374,0.973005117492184,0.978394979794726,2016-12-18,"Litoral_Leste_Jaguaribe"
"susceptible_prop",104,0.957355098266111,0.96631849360544,0.969849453623092,0.972662653220464,0.978068577804507,2016-12-25,"Litoral_Leste_Jaguaribe"
"susceptible_prop",105,0.957011304928108,0.96593252227934,0.969428217069078,0.972308780398371,0.977774481832818,2017-01-01,"Litoral_Leste_Jaguaribe"
"susceptible_prop",106,0.956554564049358,0.965495438688087,0.968991381044531,0.971883930242406,0.977436432497514,2017-01-08,"Litoral_Leste_Jaguaribe"
"susceptible_prop",107,0.956060847651835,0.965035918669041,0.968548625439135,0.971432126371281,0.976996467266775,2017-01-15,"Litoral_Leste_Jaguaribe"
"susceptible_prop",108,0.955464528942868,0.964447683961888,0.967994547715164,0.970882108173954,0.976448455971131,2017-01-22,"Litoral_Leste_Jaguaribe"
"susceptible_prop",109,0.954732998413002,0.963712868078937,0.967243122565075,0.970199510549554,0.975711063257197,2017-01-29,"Litoral_Leste_Jaguaribe"
"susceptible_prop",110,0.953604334806535,0.962649660685454,0.966230266056618,0.969283596920826,0.974978078728294,2017-02-05,"Litoral_Leste_Jaguaribe"
"susceptible_prop",111,0.952058684393386,0.961212817312869,0.964940786687979,0.968067487701101,0.973708381494918,2017-02-12,"Litoral_Leste_Jaguaribe"
"susceptible_prop",112,0.949905473611372,0.959316766315907,0.963112284106752,0.966450027542003,0.972167012992909,2017-02-19,"Litoral_Leste_Jaguaribe"
"susceptible_prop",113,0.947108560258218,0.956737720906882,0.960710484617343,0.96406796838415,0.970059624410652,2017-02-26,"Litoral_Leste_Jaguaribe"
"susceptible_prop",114,0.943189323134507,0.953034189376903,0.956914571341967,0.960572992012963,0.966765659131473,2017-03-05,"Litoral_Leste_Jaguaribe"
"susceptible_prop",115,0.937833344814668,0.947588920043066,0.951630405118292,0.95552681791664,0.961957789536913,2017-03-12,"Litoral_Leste_Jaguaribe"
"susceptible_prop",116,0.928993611922317,0.939989235026499,0.944051330695044,0.948279813349116,0.955215770170106,2017-03-19,"Litoral_Leste_Jaguaribe"
"susceptible_prop",117,0.917181521295085,0.928628100576527,0.933253475465888,0.937820045841724,0.946092830885637,2017-03-26,"Litoral_Leste_Jaguaribe"
"susceptible_prop",118,0.900468129923478,0.912979761533125,0.918418955758324,0.923488332286705,0.933552959967097,2017-04-02,"Litoral_Leste_Jaguaribe"
"susceptible_prop",119,0.87873754966242,0.892807275867658,0.899077390983182,0.90490548445685,0.917143300847129,2017-04-09,"Litoral_Leste_Jaguaribe"
"susceptible_prop",120,0.851762632821495,0.867520540491319,0.874666458283106,0.881637614333217,0.895138065980325,2017-04-16,"Litoral_Leste_Jaguaribe"
"susceptible_prop",121,0.819527651149908,0.837959107699797,0.846120450641239,0.854724235855576,0.86984292167233,2017-04-23,"Litoral_Leste_Jaguaribe"
"susceptible_prop",122,0.783596572450442,0.804882250158575,0.814630640527758,0.823684916596706,0.839908552096655,2017-04-30,"Litoral_Leste_Jaguaribe"
"susceptible_prop",123,0.745918534271607,0.770683864435823,0.781792882232966,0.791477051005469,0.809143623691087,2017-05-07,"Litoral_Leste_Jaguaribe"
"susceptible_prop",124,0.708318487905223,0.736981853797624,0.749042332343636,0.760114018796217,0.778517615388265,2017-05-14,"Litoral_Leste_Jaguaribe"
"susceptible_prop",125,0.67504879709207,0.705400469727994,0.718884722761796,0.729541529788964,0.747952597693884,2017-05-21,"Litoral_Leste_Jaguaribe"
"susceptible_prop",126,0.646603082170981,0.678647353095819,0.692360530383943,0.701944810446476,0.718766304543977,2017-05-28,"Litoral_Leste_Jaguaribe"
"susceptible_prop",127,0.622789894565408,0.653802078340084,0.668898893837988,0.677636444370439,0.692403022851279,2017-06-04,"Litoral_Leste_Jaguaribe"
"susceptible_prop",128,0.60306355186666,0.634293647060423,0.649422313137922,0.657565000126813,0.669666976122634,2017-06-11,"Litoral_Leste_Jaguaribe"
"susceptible_prop",129,0.588213735350538,0.61829568939217,0.632774490664899,0.640386894216329,0.651895938037798,2017-06-18,"Litoral_Leste_Jaguaribe"
"susceptible_prop",130,0.57516485243711,0.605173205234719,0.620137104936838,0.627238541667161,0.638344085947476,2017-06-25,"Litoral_Leste_Jaguaribe"
"susceptible_prop",131,0.564620242763586,0.595020605870842,0.610003151444667,0.617112610713716,0.628274914155922,2017-07-02,"Litoral_Leste_Jaguaribe"
"susceptible_prop",132,0.556719865456923,0.586373048419592,0.602102089564623,0.608676172570897,0.619383405665823,2017-07-09,"Litoral_Leste_Jaguaribe"
"susceptible_prop",133,0.550075749247801,0.580087900803089,0.595864935503018,0.602300314554589,0.613188635557986,2017-07-16,"Litoral_Leste_Jaguaribe"
"susceptible_prop",134,0.544435516211906,0.5750940923533,0.590351432724279,0.596851724629557,0.607258597836873,2017-07-23,"Litoral_Leste_Jaguaribe"
"susceptible_prop",135,0.540277747490828,0.571162434775765,0.586249680370935,0.592706164885781,0.603046152842772,2017-07-30,"Litoral_Leste_Jaguaribe"
"susceptible_prop",136,0.537662938102266,0.568433934194101,0.583214699871903,0.589699033632706,0.600109904415889,2017-08-06,"Litoral_Leste_Jaguaribe"
"susceptible_prop",137,0.535213435904573,0.566208021067823,0.580974254271017,0.587253258334999,0.597946757713413,2017-08-13,"Litoral_Leste_Jaguaribe"
"susceptible_prop",138,0.533749864051584,0.564292400476237,0.579264629244473,0.585466378479796,0.596141708540342,2017-08-20,"Litoral_Leste_Jaguaribe"
"susceptible_prop",139,0.532758174690548,0.563036998789073,0.578014670477786,0.584116231214741,0.594863911600043,2017-08-27,"Litoral_Leste_Jaguaribe"
"susceptible_prop",140,0.531905487113844,0.56205430337876,0.577074370275382,0.583088837724139,0.59401877009594,2017-09-03,"Litoral_Leste_Jaguaribe"
"susceptible_prop",141,0.531009399389923,0.561391529849933,0.576265857770247,0.582343768865034,0.593291507802346,2017-09-10,"Litoral_Leste_Jaguaribe"
"susceptible_prop",142,0.530344535672658,0.560945838967581,0.575808874322961,0.581767662579181,0.59266211651102,2017-09-17,"Litoral_Leste_Jaguaribe"
"susceptible_prop",143,0.529921329613376,0.560568496721187,0.575334802786604,0.581324020773344,0.592243845599542,2017-09-24,"Litoral_Leste_Jaguaribe"
"susceptible_prop",144,0.529486488172288,0.560251806420571,0.575016209307638,0.580932403817275,0.591897871883135,2017-10-01,"Litoral_Leste_Jaguaribe"
"susceptible_prop",145,0.529179730282849,0.559930869966229,0.574725131641588,0.580605665169681,0.59159386970441,2017-10-08,"Litoral_Leste_Jaguaribe"
"susceptible_prop",146,0.528867588125534,0.559697034471937,0.574477536032871,0.580340824655604,0.591363187479967,2017-10-15,"Litoral_Leste_Jaguaribe"
"susceptible_prop",147,0.528570403178195,0.559452571036247,0.57425193094246,0.580119771561335,0.591161017747935,2017-10-22,"Litoral_Leste_Jaguaribe"
"susceptible_prop",148,0.528269566248105,0.559242112629015,0.57403040132516,0.579927821400841,0.590987502897951,2017-10-29,"Litoral_Leste_Jaguaribe"
"susceptible_prop",149,0.527969223898679,0.559049504341783,0.573840411255496,0.579708694280837,0.59077462969974,2017-11-05,"Litoral_Leste_Jaguaribe"
"susceptible_prop",150,0.527765831050096,0.5588865049499,0.573674833978607,0.579568787125448,0.590595078896462,2017-11-12,"Litoral_Leste_Jaguaribe"
"susceptible_prop",151,0.527558941441213,0.558758212828508,0.573512999777109,0.579414675086124,0.590401086440672,2017-11-19,"Litoral_Leste_Jaguaribe"
"susceptible_prop",152,0.527376965294626,0.558638000569436,0.573396551640241,0.579301685959471,0.590230056474929,2017-11-26,"Litoral_Leste_Jaguaribe"
"susceptible_prop",153,0.527162804707987,0.558553324608973,0.573266149922939,0.57918446887489,0.590117934909819,2017-12-03,"Litoral_Leste_Jaguaribe"
"susceptible_prop",154,0.526958905559755,0.558437572314049,0.573211524401103,0.579117530651927,0.590000396548903,2017-12-10,"Litoral_Leste_Jaguaribe"
"susceptible_prop",155,0.52688935270578,0.558347125341377,0.573097358428423,0.578975281227047,0.589834964219336,2017-12-17,"Litoral_Leste_Jaguaribe"
"susceptible_prop",156,0.526806071131155,0.558294777401448,0.573004558723653,0.578866856862945,0.589739582968697,2017-12-24,"Litoral_Leste_Jaguaribe"
"susceptible_prop",157,0.526705720026879,0.558260697200595,0.57293370446699,0.578804017819285,0.589655719022589,2017-12-31,"Litoral_Leste_Jaguaribe"
"susceptible_prop",158,0.526590057860895,0.55818556701434,0.572825846520045,0.578685359247675,0.589506907472304,2018-01-07,"Litoral_Leste_Jaguaribe"
"susceptible_prop",159,0.526475905344402,0.55810285455069,0.572690455127221,0.57857236285185,0.589361497295436,2018-01-14,"Litoral_Leste_Jaguaribe"
"susceptible_prop",160,0.526329576384598,0.557987207087107,0.572522746357474,0.578453096769598,0.589200453178746,2018-01-21,"Litoral_Leste_Jaguaribe"
"susceptible_prop",161,0.526186223857923,0.557855720659782,0.572352445947157,0.578300354788662,0.589007093294718,2018-01-28,"Litoral_Leste_Jaguaribe"
"susceptible_prop",162,0.526002216457873,0.557678497831198,0.572141139632472,0.57814740736013,0.588787124492775,2018-02-04,"Litoral_Leste_Jaguaribe"
"susceptible_prop",163,0.525709139462484,0.557482587360822,0.571887303172856,0.577904180734914,0.58855920978113,2018-02-11,"Litoral_Leste_Jaguaribe"
"susceptible_prop",164,0.525484323753547,0.557257322274578,0.571644019878978,0.577533056955644,0.588242102053345,2018-02-18,"Litoral_Leste_Jaguaribe"
"susceptible_prop",165,0.52523627252378,0.556908686934736,0.571363341030803,0.577178800949261,0.587848606598695,2018-02-25,"Litoral_Leste_Jaguaribe"
"susceptible_prop",166,0.524798348394837,0.556613840203021,0.571038965876639,0.576891954953148,0.587506976320872,2018-03-04,"Litoral_Leste_Jaguaribe"
"susceptible_prop",167,0.524403096283433,0.556375102670012,0.570679363041085,0.576531746740002,0.587119992183027,2018-03-11,"Litoral_Leste_Jaguaribe"
"susceptible_prop",168,0.52409354768747,0.556103810678769,0.570368112504051,0.5762140740741,0.586791985379849,2018-03-18,"Litoral_Leste_Jaguaribe"
"susceptible_prop",169,0.523780017139591,0.555881879941814,0.570162524908628,0.575863770685567,0.586452648118733,2018-03-25,"Litoral_Leste_Jaguaribe"
"susceptible_prop",170,0.523393215304468,0.555531424779446,0.569859803420955,0.575521713881284,0.586053051813467,2018-04-01,"Litoral_Leste_Jaguaribe"
"susceptible_prop",171,0.523043674612196,0.555245623105715,0.569558493366049,0.575288397819418,0.5856380289371,2018-04-08,"Litoral_Leste_Jaguaribe"
"susceptible_prop",172,0.52272359385204,0.555041772223848,0.569334225873934,0.575090255362351,0.585398123976631,2018-04-15,"Litoral_Leste_Jaguaribe"
"susceptible_prop",173,0.522491315078726,0.554865405013002,0.56909520780931,0.57486990136856,0.585218384860851,2018-04-22,"Litoral_Leste_Jaguaribe"
"susceptible_prop",174,0.522286614868452,0.554712610736168,0.568889608143762,0.57475177270805,0.585064768136611,2018-04-29,"Litoral_Leste_Jaguaribe"
"susceptible_prop",175,0.522139128785419,0.554593047752955,0.56871218831054,0.574652648390329,0.584941392978212,2018-05-06,"Litoral_Leste_Jaguaribe"
"susceptible_prop",176,0.521980050247252,0.554525615532678,0.568588895553836,0.574545263189353,0.584814733731794,2018-05-13,"Litoral_Leste_Jaguaribe"
"susceptible_prop",177,0.521818740646769,0.554461429281726,0.568499966230919,0.574481077412613,0.584748099810485,2018-05-20,"Litoral_Leste_Jaguaribe"
"susceptible_prop",178,0.521726297743679,0.554365125795637,0.568437021931096,0.574382878641713,0.584636896109624,2018-05-27,"Litoral_Leste_Jaguaribe"
"susceptible_prop",179,0.521660161798166,0.55430746454555,0.568385103574124,0.574312176826084,0.584510889236834,2018-06-03,"Litoral_Leste_Jaguaribe"
"susceptible_prop",180,0.521608634654041,0.554268210634511,0.568346097680495,0.57425920661555,0.58442078780553,2018-06-10,"Litoral_Leste_Jaguaribe"
"susceptible_prop",181,0.521558271170846,0.554223577136648,0.568286331044572,0.574167161816655,0.584360607773708,2018-06-17,"Litoral_Leste_Jaguaribe"
"susceptible_prop",182,0.521540305050516,0.554190605587157,0.568251769654728,0.574120090727346,0.584341553938223,2018-06-24,"Litoral_Leste_Jaguaribe"
"susceptible_prop",183,0.521508601429393,0.554136077600042,0.568210702468713,0.574098210478292,0.584290321215417,2018-07-01,"Litoral_Leste_Jaguaribe"
"susceptible_prop",184,0.521499651535546,0.554106633862104,0.568204663073086,0.574101631624124,0.584266637673334,2018-07-08,"Litoral_Leste_Jaguaribe"
"susceptible_prop",185,0.521492765239704,0.554083126896889,0.568218858219929,0.574119942418805,0.584253837108514,2018-07-15,"Litoral_Leste_Jaguaribe"
"susceptible_prop",186,0.521493680186908,0.554080382211173,0.568244769167095,0.574125652914872,0.584234527933209,2018-07-22,"Litoral_Leste_Jaguaribe"
"susceptible_prop",187,0.521477739183573,0.554098067224419,0.568255159603821,0.574128887964303,0.584216937426501,2018-07-29,"Litoral_Leste_Jaguaribe"
"susceptible_prop",188,0.521486116664221,0.554141939824685,0.56827012846572,0.574149258195746,0.584235382581352,2018-08-05,"Litoral_Leste_Jaguaribe"
"susceptible_prop",189,0.521481405050251,0.554187782188685,0.568272356174554,0.574167069575205,0.584235226069934,2018-08-12,"Litoral_Leste_Jaguaribe"
"susceptible_prop",190,0.52148759101427,0.554219589348674,0.568278125815229,0.574171483177981,0.584234361637359,2018-08-19,"Litoral_Leste_Jaguaribe"
"susceptible_prop",191,0.52151567579787,0.554277375636331,0.568326616966999,0.574206165800884,0.584251821606128,2018-08-26,"Litoral_Leste_Jaguaribe"
"susceptible_prop",192,0.521537317654461,0.554317357793001,0.568349356791759,0.574240977034948,0.584260300675598,2018-09-02,"Litoral_Leste_Jaguaribe"
"susceptible_prop",193,0.521591960072898,0.554373735889286,0.568371517987834,0.574284428581646,0.584289459892984,2018-09-09,"Litoral_Leste_Jaguaribe"
"susceptible_prop",194,0.521655739956102,0.554441601477415,0.56840392291825,0.574334256029045,0.584347325398303,2018-09-16,"Litoral_Leste_Jaguaribe"
"susceptible_prop",195,0.521724229672368,0.554508130161628,0.568443029631228,0.574377728296481,0.584395534330711,2018-09-23,"Litoral_Leste_Jaguaribe"
"susceptible_prop",196,0.521764286837312,0.554550351841391,0.568479838849861,0.574406766508814,0.584434563638512,2018-09-30,"Litoral_Leste_Jaguaribe"
"susceptible_prop",197,0.521829964781395,0.554616865744615,0.568537811829166,0.574457796408426,0.584498138208133,2018-10-07,"Litoral_Leste_Jaguaribe"
"susceptible_prop",198,0.521888873185997,0.554676868377279,0.568584251207471,0.574498241759864,0.584545892319922,2018-10-14,"Litoral_Leste_Jaguaribe"
"susceptible_prop",199,0.521944856321854,0.554735528830116,0.568636622845851,0.574540894983396,0.584594753704433,2018-10-21,"Litoral_Leste_Jaguaribe"
"susceptible_prop",200,0.522031098910589,0.554819224542874,0.568709149246045,0.574611282675613,0.584663104824196,2018-10-28,"Litoral_Leste_Jaguaribe"
"susceptible_prop",201,0.522097066986614,0.554887038611923,0.568754233217026,0.574666003972434,0.584718918225208,2018-11-04,"Litoral_Leste_Jaguaribe"
"susceptible_prop",202,0.522190062542349,0.554978789638271,0.56881949635785,0.574743942616564,0.584788499557901,2018-11-11,"Litoral_Leste_Jaguaribe"
"susceptible_prop",203,0.52226923192438,0.555061556494317,0.568892180900781,0.574815563961242,0.584858854923728,2018-11-18,"Litoral_Leste_Jaguaribe"
"susceptible_prop",204,0.522321244131081,0.555121232209309,0.568946705464584,0.574862346251816,0.584914687469854,2018-11-25,"Litoral_Leste_Jaguaribe"
"susceptible_prop",205,0.522368260839347,0.555176798467883,0.56900852500614,0.574912401059411,0.584966757667654,2018-12-02,"Litoral_Leste_Jaguaribe"
"susceptible_prop",206,0.52244052826572,0.555250599940769,0.569086033685884,0.574974044254054,0.585035310077826,2018-12-09,"Litoral_Leste_Jaguaribe"
"susceptible_prop",207,0.522496482282266,0.55531970406886,0.569143902577988,0.575018409039618,0.585092485557928,2018-12-16,"Litoral_Leste_Jaguaribe"
"susceptible_prop",208,0.52253884204108,0.55536929531614,0.569179358463511,0.575044982310338,0.585131729085324,2018-12-23,"Litoral_Leste_Jaguaribe"
"susceptible_prop",209,0.522576690472422,0.555415834520325,0.569225524748464,0.575071358739139,0.585169467187039,2018-12-30,"Litoral_Leste_Jaguaribe"
"susceptible_prop",210,0.522630617064972,0.555468440559053,0.569273112168988,0.5751074172301,0.585216962230208,2019-01-06,"Litoral_Leste_Jaguaribe"
"susceptible_prop",211,0.522683574658758,0.555520588193643,0.569306265691521,0.57514620138822,0.585246886346977,2019-01-13,"Litoral_Leste_Jaguaribe"
"susceptible_prop",212,0.522704196607622,0.555553400238073,0.569309073187062,0.575151800604978,0.585257563989368,2019-01-20,"Litoral_Leste_Jaguaribe"
"susceptible_prop",213,0.52275810813661,0.555597793970828,0.569333703511072,0.575178571508737,0.585282547214281,2019-01-27,"Litoral_Leste_Jaguaribe"
"susceptible_prop",214,0.522790671915358,0.55563292606649,0.569342995855968,0.575197875062691,0.585295038633187,2019-02-03,"Litoral_Leste_Jaguaribe"
"susceptible_prop",215,0.522803795425119,0.55564798125759,0.569354367063329,0.57520253746825,0.585282176917562,2019-02-10,"Litoral_Leste_Jaguaribe"
"susceptible_prop",216,0.52279856484385,0.555655155919021,0.569329845249433,0.57518747493171,0.585274371458694,2019-02-17,"Litoral_Leste_Jaguaribe"
"susceptible_prop",217,0.522785059947395,0.55567266606547,0.569334874824561,0.57515645509139,0.585263641467044,2019-02-24,"Litoral_Leste_Jaguaribe"
"susceptible_prop",218,0.522781070126004,0.555642063519988,0.56934290553082,0.575152725511906,0.58523406867074,2019-03-03,"Litoral_Leste_Jaguaribe"
"susceptible_prop",219,0.522740432443989,0.555561452506006,0.569317224033592,0.575069227795693,0.58509398836817,2019-03-10,"Litoral_Leste_Jaguaribe"
"susceptible_prop",220,0.5227087971491,0.555489142276549,0.569273370533658,0.575001193987693,0.584970396961823,2019-03-17,"Litoral_Leste_Jaguaribe"
"susceptible_prop",221,0.522689056603795,0.55541819520864,0.569231271077574,0.574998093202546,0.584855333680785,2019-03-24,"Litoral_Leste_Jaguaribe"
"susceptible_prop",222,0.522599722885379,0.55530538944344,0.569135076521633,0.574905201467599,0.584712329154307,2019-03-31,"Litoral_Leste_Jaguaribe"
"susceptible_prop",223,0.522482546535811,0.555200513676457,0.569045955381094,0.574765394787194,0.584626999142302,2019-04-07,"Litoral_Leste_Jaguaribe"
"susceptible_prop",224,0.522414385570268,0.555129735037141,0.568933505419562,0.574639613943023,0.584530115506299,2019-04-14,"Litoral_Leste_Jaguaribe"
"susceptible_prop",225,0.522276133297134,0.555044477764486,0.56880844372905,0.57453886869375,0.584418488181156,2019-04-21,"Litoral_Leste_Jaguaribe"
"susceptible_prop",226,0.522123936165503,0.554915870407863,0.5686232180375,0.574412773114083,0.584309199060648,2019-04-28,"Litoral_Leste_Jaguaribe"
"susceptible_prop",227,0.521977663736011,0.554784536859497,0.568405908779617,0.574274511119428,0.584167617635488,2019-05-05,"Litoral_Leste_Jaguaribe"
"susceptible_prop",228,0.521873171720956,0.554687876660178,0.568213911041969,0.574123805504057,0.584035461429245,2019-05-12,"Litoral_Leste_Jaguaribe"
"susceptible_prop",229,0.521685921576475,0.554555106684008,0.568038410687527,0.573977478532066,0.58389815680542,2019-05-19,"Litoral_Leste_Jaguaribe"
"susceptible_prop",230,0.521529603037227,0.554461831511674,0.567906872070731,0.573836963160239,0.583747030874896,2019-05-26,"Litoral_Leste_Jaguaribe"
"susceptible_prop",231,0.521398783154297,0.55438443141284,0.567816278573089,0.573682366899308,0.583633546434494,2019-06-02,"Litoral_Leste_Jaguaribe"
"susceptible_prop",232,0.521323684509872,0.554329423574058,0.567743800231337,0.573589954524896,0.583521696025416,2019-06-09,"Litoral_Leste_Jaguaribe"
"susceptible_prop",233,0.521257815537606,0.554297176713245,0.567670622664374,0.573529395849913,0.583409812393411,2019-06-16,"Litoral_Leste_Jaguaribe"
"susceptible_prop",234,0.521215129246601,0.554272880510464,0.567638451072036,0.57350370103043,0.583335250988103,2019-06-23,"Litoral_Leste_Jaguaribe"
"susceptible_prop",235,0.521231721797973,0.554293955691482,0.567635451255786,0.573489075956305,0.583293469646299,2019-06-30,"Litoral_Leste_Jaguaribe"
"susceptible_prop",236,0.521241477955428,0.554328452626453,0.56763166681727,0.573492247008873,0.583268008264687,2019-07-07,"Litoral_Leste_Jaguaribe"
"susceptible_prop",237,0.521199292996322,0.554352419532659,0.567625408300534,0.573493612298187,0.583246764864031,2019-07-14,"Litoral_Leste_Jaguaribe"
"susceptible_prop",238,0.52117641111114,0.554405171001551,0.567649542798441,0.5735162117858,0.583267399684547,2019-07-21,"Litoral_Leste_Jaguaribe"
"susceptible_prop",239,0.521140970392178,0.554408928959343,0.567670340138727,0.573539913106826,0.583290411055052,2019-07-28,"Litoral_Leste_Jaguaribe"
"susceptible_prop",240,0.521116450163016,0.554379909438684,0.567691944574363,0.573572128966857,0.583317632285172,2019-08-04,"Litoral_Leste_Jaguaribe"
"susceptible_prop",241,0.521106333576285,0.554357324057282,0.567722141231235,0.573609261981779,0.583347295701231,2019-08-11,"Litoral_Leste_Jaguaribe"
"susceptible_prop",242,0.521085531890708,0.554339819192328,0.567736724745796,0.573645596421723,0.583373655024131,2019-08-18,"Litoral_Leste_Jaguaribe"
"susceptible_prop",243,0.521067066950171,0.55432806583009,0.567772402442978,0.573663950200067,0.583398259917092,2019-08-25,"Litoral_Leste_Jaguaribe"
"susceptible_prop",244,0.521071593831433,0.554330543534372,0.567821941506361,0.573713065422208,0.583442863252559,2019-09-01,"Litoral_Leste_Jaguaribe"
"susceptible_prop",245,0.521063754212409,0.554344798096876,0.567881205183773,0.573776701376668,0.583504626475683,2019-09-08,"Litoral_Leste_Jaguaribe"
"susceptible_prop",246,0.521085741108217,0.554346172674916,0.567947395898354,0.573836281529705,0.583550703047725,2019-09-15,"Litoral_Leste_Jaguaribe"
"susceptible_prop",247,0.521118219770638,0.554319058567068,0.568004881063368,0.573892774114414,0.583595306173691,2019-09-22,"Litoral_Leste_Jaguaribe"
"susceptible_prop",248,0.521127212683155,0.554303646309358,0.568057923288784,0.573937273604333,0.583636543372149,2019-09-29,"Litoral_Leste_Jaguaribe"
"susceptible_prop",249,0.521144159797475,0.55427286172588,0.568097060434725,0.573984427848232,0.583665298550107,2019-10-06,"Litoral_Leste_Jaguaribe"
"susceptible_prop",250,0.521187486064163,0.554296076885616,0.56816720899141,0.574051243009778,0.58372708693365,2019-10-13,"Litoral_Leste_Jaguaribe"
"susceptible_prop",251,0.521226646687469,0.554297575378406,0.568233562817893,0.574112316664829,0.583786755885264,2019-10-20,"Litoral_Leste_Jaguaribe"
"susceptible_prop",252,0.521269251278793,0.554318973831759,0.568299269149078,0.574169774333393,0.583843170901755,2019-10-27,"Litoral_Leste_Jaguaribe"
"susceptible_prop",253,0.521333134056347,0.554360223299605,0.568375278221798,0.574239020502314,0.583911300088067,2019-11-03,"Litoral_Leste_Jaguaribe"
"susceptible_prop",254,0.521403226649302,0.554412160236988,0.568457136758708,0.574312242589684,0.583982968249239,2019-11-10,"Litoral_Leste_Jaguaribe"
"susceptible_prop",255,0.521477736390391,0.554457131298752,0.568531183887231,0.574377175465769,0.584048278372453,2019-11-17,"Litoral_Leste_Jaguaribe"
"susceptible_prop",256,0.521547160969507,0.554505289377596,0.568603365204004,0.57444298280602,0.584111977708529,2019-11-24,"Litoral_Leste_Jaguaribe"
"susceptible_prop",257,0.521630497669635,0.554573205784578,0.568687155833595,0.574521592888826,0.584190907956747,2019-12-01,"Litoral_Leste_Jaguaribe"
"susceptible_prop",258,0.521703010122655,0.554632315568961,0.568764840464199,0.574595719750085,0.584263679926708,2019-12-08,"Litoral_Leste_Jaguaribe"
"susceptible_prop",259,0.521779680582085,0.554701188824224,0.568848278139012,0.574673481146993,0.584343247962212,2019-12-15,"Litoral_Leste_Jaguaribe"
"susceptible_prop",260,0.521855428375985,0.554770801721412,0.568934593046696,0.574752820849181,0.584426955298761,2019-12-22,"Litoral_Leste_Jaguaribe"
"susceptible_prop",261,0.521926631617876,0.554828114486635,0.569010585609114,0.574824132982407,0.584503467048401,2019-12-29,"Litoral_Leste_Jaguaribe"
