"variable","t","q025","q25","median","q75","q975","week_start"
"latent_infections",1,0.999999945561722,0.999999945561722,0.999999945561722,0.999999945561722,0.999999945561722,2015-01-04
"latent_infections",2,1.20033669028405,1.20583072422888,1.2092746279772,1.21250212275256,1.21967862852441,2015-01-11
"latent_infections",3,1.85281506568217,1.87573279264834,1.89002999778205,1.9058344631536,1.93582454427409,2015-01-18
"latent_infections",4,2.52755378836633,2.57968355302081,2.6075668375918,2.63891688087379,2.70738840323235,2015-01-25
"latent_infections",5,3.31174364745148,3.41096089297134,3.45894796700448,3.51398578431141,3.64576968433183,2015-02-01
"latent_infections",6,4.21574433741358,4.37968798181842,4.46443241037784,4.55031476895161,4.78572001429607,2015-02-08
"latent_infections",7,5.22655000888255,5.48095356716952,5.6010995468722,5.74415533021547,6.09718525374475,2015-02-15
"latent_infections",8,6.36884930088955,6.69893578336462,6.88247003747618,7.07374745619765,7.59431541440479,2015-02-22
"latent_infections",9,7.56391626353475,8.03127266171625,8.263155000424,8.55263496433104,9.24960438413084,2015-03-01
"latent_infections",10,8.75247497484201,9.43451154674188,9.71090418579506,10.1066621106162,11.0054184496862,2015-03-08
"latent_infections",11,9.90207872132889,10.8186623323204,11.2206736814589,11.7372573213357,12.8089951401736,2015-03-15
"latent_infections",12,11.0583645325546,12.2022439369234,12.7365755134604,13.343504745117,14.6773273866248,2015-03-22
"latent_infections",13,12.2890172097994,13.555922120734,14.2008299282174,14.9554599910596,16.5500699765571,2015-03-29
"latent_infections",14,13.4989199963993,14.9159760618071,15.6878232760365,16.4780884410067,18.4239923450423,2015-04-05
"latent_infections",15,14.6383826254093,16.1933576319828,17.1217713957801,18.0148742403334,20.3023014779888,2015-04-12
"latent_infections",16,15.8155328651355,17.4739904562181,18.5480364078168,19.5842193505152,22.2951228532071,2015-04-19
"latent_infections",17,17.0378857220862,18.7775444140653,19.9742001159521,21.2090840485057,24.1140407316148,2015-04-26
"latent_infections",18,18.1812415729298,20.1717675057386,21.4821374232822,22.8782669262229,26.1050362912543,2015-05-03
"latent_infections",19,19.5019625996688,21.8292964503141,23.2011267483419,24.6950267501172,28.0729780659217,2015-05-10
"latent_infections",20,21.1382326797987,23.6706307953591,25.1181012935734,26.75764758591,30.5341769664997,2015-05-17
"latent_infections",21,23.1716728804986,25.9057895123666,27.37128231787,29.2703564565778,33.3687490416812,2015-05-24
"latent_infections",22,25.7177991677404,28.4932556685686,30.1584851298498,32.2695751002831,36.7388497459145,2015-05-31
"latent_infections",23,28.9057380666965,31.7752851119094,33.6433331694641,35.9889905549169,40.7928291443305,2015-06-07
"latent_infections",24,32.6271441340414,35.7762067354069,37.8055324310421,40.5297324185839,45.7091179425376,2015-06-14
"latent_infections",25,37.072348771215,40.7003876707556,42.9409873494933,46.1946608114162,51.6796577452077,2015-06-21
"latent_infections",26,42.5640910749176,46.7412704338919,49.2379273940603,52.9516775117334,59.1117555798434,2015-06-28
"latent_infections",27,49.5951285140981,53.9015044784878,57.0144076903706,61.1776216513772,67.8991358580111,2015-07-05
"latent_infections",28,57.4014382586995,62.7449415884618,66.2575024502402,70.8690603166809,78.4255448931033,2015-07-12
"latent_infections",29,66.3214345323032,73.33766419901,77.4411979884514,82.5213785979302,91.2715477493117,2015-07-19
"latent_infections",30,76.9995322842511,85.2107437994766,89.8430555908886,96.4493097734643,107.000723423634,2015-07-26
"latent_infections",31,88.8411647186679,98.9546366666824,104.3835772283,112.038926272385,126.135771348339,2015-08-02
"latent_infections",32,102.654630834892,113.620999587009,120.219216670383,129.32062512175,145.820957448412,2015-08-09
"latent_infections",33,117.959591688317,129.769485880613,137.610538096167,147.479680760292,166.690400630612,2015-08-16
"latent_infections",34,132.347551119274,146.056231259945,156.062568280099,166.993723509708,190.52822514346,2015-08-23
"latent_infections",35,146.444198798755,162.665977674208,174.173097199632,186.708444712592,216.7058460279,2015-08-30
"latent_infections",36,159.098712180812,178.761797148346,190.750041088982,206.404904120904,242.220735438601,2015-09-06
"latent_infections",37,169.508858260084,194.317581332986,207.707586694689,225.921413803449,267.040078502186,2015-09-13
"latent_infections",38,179.704742311447,207.512798457777,222.761298962946,243.650945156729,289.431951147927,2015-09-20
"latent_infections",39,189.695775655658,220.397064954031,236.458945263649,259.56754623116,310.841802956377,2015-09-27
"latent_infections",40,197.055017150015,231.744904575153,249.317576601272,272.804453447955,332.323848527863,2015-10-04
"latent_infections",41,203.761729268973,241.630388691736,261.546386279893,286.98105409521,352.373167630795,2015-10-11
"latent_infections",42,212.644185045876,251.286663794658,272.242492811539,300.519057826495,369.746526922345,2015-10-18
"latent_infections",43,223.04307952627,262.239398930951,285.37495416152,313.481529728272,387.10540400327,2015-10-25
"latent_infections",44,233.351206486098,274.59707268715,298.93904729157,329.12679032186,405.879859068803,2015-11-01
"latent_infections",45,243.131680004635,287.936569690557,312.436874400233,348.917026680489,427.66829565171,2015-11-08
"latent_infections",46,258.577300446286,305.018660202585,333.182404842299,371.600284527683,454.273685431426,2015-11-15
"latent_infections",47,276.044194202701,327.764499721453,360.284573497978,399.287877590036,488.052546599441,2015-11-22
"latent_infections",48,300.454251872708,357.310130322688,394.270184718316,437.979577735001,532.443433021714,2015-11-29
"latent_infections",49,332.181197874407,395.129441329036,438.109137863701,484.505541815347,589.163479791222,2015-12-06
"latent_infections",50,370.611818644435,441.525968525583,491.1041227007,545.543078916412,661.624391429964,2015-12-13
"latent_infections",51,418.527712048572,504.936683211941,559.773637720462,621.865539182174,757.063311053102,2015-12-20
"latent_infections",52,482.091269653181,583.652226109888,650.290727225935,723.209239146306,873.751522886429,2015-12-27
"latent_infections",53,516.564815545136,611.28668489698,660.769891062464,724.375438988988,846.916376949038,2016-01-03
"latent_infections",54,619.481173383558,731.628426057835,787.990959132569,860.164313351326,1006.07948606114,2016-01-10
"latent_infections",55,732.326539575908,844.930226887925,908.500123113081,983.743319124446,1149.01715134896,2016-01-17
"latent_infections",56,876.09684481524,998.305714386888,1067.28617493006,1148.21645691033,1323.50652820096,2016-01-24
"latent_infections",57,1043.91647503979,1189.84437583172,1264.57597654573,1346.48325945356,1534.34831034778,2016-01-31
"latent_infections",58,1236.30914303208,1417.83862321688,1497.2507637168,1598.23561220057,1796.22778974736,2016-02-07
"latent_infections",59,1478.94139440405,1675.27193082471,1772.2874702852,1891.89832498343,2092.46503799977,2016-02-14
"latent_infections",60,1705.93124128128,1954.43658610716,2068.15386989454,2212.12078106926,2469.13732657469,2016-02-21
"latent_infections",61,1969.92101265912,2255.89991625262,2400.36277437164,2564.89737518532,2879.81150613717,2016-02-28
"latent_infections",62,2204.29309647867,2549.92059275865,2725.15346082982,2912.27791827177,3318.5024182925,2016-03-06
"latent_infections",63,2466.63768106442,2831.90485297104,3030.70768837667,3265.61646646412,3724.69421598265,2016-03-13
"latent_infections",64,2688.32176240594,3095.25856035686,3322.22175063697,3570.15559157698,4110.69260158467,2016-03-20
"latent_infections",65,2814.4482249201,3313.20679629202,3548.92150594648,3824.63833275048,4476.16013262644,2016-03-27
"latent_infections",66,2882.34012743172,3465.352531915,3712.17516270412,4005.93920654395,4782.31114580242,2016-04-03
"latent_infections",67,2889.05685007005,3554.68198648861,3796.30180460079,4120.79454925765,4998.14954637624,2016-04-10
"latent_infections",68,2886.0378338194,3562.00434559989,3855.47010001535,4151.25274158115,5113.92166005626,2016-04-17
"latent_infections",69,2828.88123803292,3500.80414822225,3830.06336498062,4149.31351087063,5152.20952744104,2016-04-24
"latent_infections",70,2760.0877057851,3406.18874526036,3741.57335454934,4064.02595049554,5065.50884465894,2016-05-01
"latent_infections",71,2677.21299952193,3282.34419902796,3604.42175919738,3925.88619283033,4928.82325039405,2016-05-08
"latent_infections",72,2567.83870912733,3135.78058119456,3444.06173529517,3751.50135463828,4791.15751522157,2016-05-15
"latent_infections",73,2446.15802270452,2967.36191764447,3267.53583261457,3565.57941470514,4653.98729936648,2016-05-22
"latent_infections",74,2292.21432510471,2793.40927449793,3088.91599461625,3372.38315510781,4321.18904856336,2016-05-29
"latent_infections",75,2151.66339475944,2614.79952889553,2874.75808832595,3151.14957422145,3978.43933753104,2016-06-05
"latent_infections",76,2017.01493902464,2439.80860479234,2687.1704051541,2930.61168265196,3625.08247700058,2016-06-12
"latent_infections",77,1932.25146562498,2269.98003259474,2500.98761937278,2724.58194445331,3325.26166686628,2016-06-19
"latent_infections",78,1810.64288461187,2105.42055361957,2314.48756688483,2514.30287817537,3047.78714662294,2016-06-26
"latent_infections",79,1674.85118975362,1950.65070551577,2135.29096181503,2314.21336843554,2749.0864991042,2016-07-03
"latent_infections",80,1545.07255841954,1791.17540088187,1956.66358322562,2120.03095480786,2523.35421330374,2016-07-10
"latent_infections",81,1413.52007523945,1638.73006836067,1778.36708092917,1933.32256893302,2263.27973108745,2016-07-17
"latent_infections",82,1280.7877960282,1486.55160410804,1612.92830673542,1734.30253794519,2031.10753189581,2016-07-24
"latent_infections",83,1150.88498035588,1337.40781723737,1443.23237727227,1547.21634428758,1815.09926325564,2016-07-31
"latent_infections",84,1031.25703580267,1183.38674969704,1271.89953005487,1370.34475074187,1583.70850927796,2016-08-07
"latent_infections",85,918.826895027699,1041.24146605309,1112.03604647662,1198.21727780673,1381.79889886876,2016-08-14
"latent_infections",86,801.87597139385,905.728414298758,961.555847139799,1041.64552893066,1197.27540696183,2016-08-21
"latent_infections",87,685.487607157703,774.549858096641,828.642112942235,894.437168167148,1045.60564083072,2016-08-28
"latent_infections",88,585.790953945109,655.741327352145,708.009897039516,759.82632588055,890.95605269208,2016-09-04
"latent_infections",89,485.590005818332,552.398973136347,598.78426877371,640.272935296582,750.451025223899,2016-09-11
"latent_infections",90,401.202021481001,464.836989779587,501.851442139848,537.359492580741,628.973000664398,2016-09-18
"latent_infections",91,336.181157634228,389.484229688479,419.075677710357,452.025485557557,525.552939206157,2016-09-25
"latent_infections",92,280.875953605396,326.299639043796,351.618343965525,379.340922101682,443.836926103606,2016-10-02
"latent_infections",93,237.452407992549,273.686397982855,295.766842014966,321.270885752098,376.903035020373,2016-10-09
"latent_infections",94,199.782865869325,232.498871727707,252.486147676132,273.711267972017,324.047928907975,2016-10-16
"latent_infections",95,169.640823698147,199.517560245054,217.682811249388,235.879298196218,279.812798476814,2016-10-23
"latent_infections",96,147.872621895563,174.960518663092,190.572138570479,206.51899087075,244.002029925616,2016-10-30
"latent_infections",97,131.591246705736,156.430866293602,170.370112106613,185.472100674854,218.383312634912,2016-11-06
"latent_infections",98,119.028751026184,143.220194802736,155.974989276957,169.742506398419,201.525244233508,2016-11-13
"latent_infections",99,110.825350986201,134.752769989429,146.19620562889,159.816369906353,190.459112583123,2016-11-20
"latent_infections",100,107.824089207068,129.624349371678,142.014911885533,154.036924885338,184.230242081676,2016-11-27
"latent_infections",101,107.660096097964,129.006802975537,141.172528989472,153.716872615606,183.815148675521,2016-12-04
"latent_infections",102,110.865450921086,132.202433031199,144.499634730408,157.315229583749,187.934506326084,2016-12-11
"latent_infections",103,116.79097468686,138.886004839414,151.890014648494,164.95542496984,200.612151202175,2016-12-18
"latent_infections",104,126.151708919536,149.905287482147,164.421857245589,179.954354968748,217.021200504627,2016-12-25
"latent_infections",105,127.37212308108,148.483620148724,160.549723904729,173.487951337318,204.210370976051,2017-01-01
"latent_infections",106,137.501598919419,160.067696355265,174.068820369602,187.660698819576,220.433507600728,2017-01-08
"latent_infections",107,147.073885779846,170.04266264979,184.224760881678,197.017722827169,229.714722120001,2017-01-15
"latent_infections",108,157.228819208403,181.645691353266,196.145714339679,210.430248835911,243.096904484007,2017-01-22
"latent_infections",109,170.489808885342,195.477865040496,209.976106540376,224.934537442122,256.147811708806,2017-01-29
"latent_infections",110,182.550552186883,208.106402765552,223.661974896225,240.892163614586,272.21694788705,2017-02-05
"latent_infections",111,193.232177206012,222.083610563996,236.898359973465,254.752926621681,285.803954581533,2017-02-12
"latent_infections",112,203.62137163983,233.513875406099,249.397725310504,267.251147770802,298.612639223036,2017-02-19
"latent_infections",113,210.782390836038,241.918911859229,258.458671361603,277.7744410845,310.194689174909,2017-02-26
"latent_infections",114,214.002419022307,246.443998253039,263.414975056837,283.365477708076,321.866670579167,2017-03-05
"latent_infections",115,214.035776656296,248.33567265467,265.587693050935,284.888243464567,327.470100841813,2017-03-12
"latent_infections",116,211.012492368379,245.383112354114,264.551477238506,284.779397268437,329.344656512211,2017-03-19
"latent_infections",117,208.053427116486,241.540120748585,258.97485184354,279.022348180173,324.53657145891,2017-03-26
"latent_infections",118,202.031494731694,233.1447752251,251.06953220793,271.834871288069,314.75646821957,2017-04-02
"latent_infections",119,194.54497545711,221.920647324377,239.807315394237,261.419558735138,302.443622292083,2017-04-09
"latent_infections",120,182.883564393657,210.044807273707,227.618986279377,248.546858338434,290.013170027006,2017-04-16
"latent_infections",121,173.58306013038,198.325622115294,215.37710897988,235.716888962439,276.072535831997,2017-04-23
"latent_infections",122,163.387673479292,186.19497282056,203.42290474307,222.220288527034,260.756671107388,2017-04-30
"latent_infections",123,155.810544688418,175.353577495983,192.042647171734,209.862001710961,247.432408872131,2017-05-07
"latent_infections",124,146.263874015766,165.796342990334,180.967935498543,198.708914790984,235.285978968604,2017-05-14
"latent_infections",125,138.369205007083,157.927462893892,171.678228546731,188.63302136104,222.934027613425,2017-05-21
"latent_infections",126,132.348224990275,151.400133244634,164.332580082721,180.223320431067,213.708334827407,2017-05-28
"latent_infections",127,127.314692528968,145.605583874369,158.549510554051,173.944578191604,204.192937919583,2017-06-04
"latent_infections",128,123.281505973366,141.768620521275,154.036977839284,169.013119036537,197.354807025934,2017-06-11
"latent_infections",129,120.191202156426,139.164179805043,150.957265869003,165.000682970229,192.011597561319,2017-06-18
"latent_infections",130,119.009549719398,138.369971071149,149.619108323368,162.604512152209,188.413719890259,2017-06-25
"latent_infections",131,118.629638125382,138.357564372306,148.944421577932,161.444968543806,186.268416869382,2017-07-02
"latent_infections",132,119.864739977219,138.502953340395,149.507356932748,160.691549537744,185.250293895973,2017-07-09
"latent_infections",133,121.502962278911,138.781891988553,149.351806212816,159.613577208427,185.031219760825,2017-07-16
"latent_infections",134,122.381333752053,139.229166977648,149.432879522526,159.756553524331,183.336720507885,2017-07-23
"latent_infections",135,121.394335288317,139.240057287584,149.513562781967,159.746612001806,181.827523698626,2017-07-30
"latent_infections",136,120.592524134807,138.154048199048,147.792403033223,158.528691290267,177.842847045831,2017-08-06
"latent_infections",137,119.779956495967,136.469412820031,145.15084455549,155.632726224093,176.316178740629,2017-08-13
"latent_infections",138,116.785820340676,132.872267091071,141.629848661986,151.95678007666,171.015174177738,2017-08-20
"latent_infections",139,112.233307601039,128.017089122492,136.367039611888,146.448802936651,163.237573324256,2017-08-27
"latent_infections",140,107.07601034704,121.132502497998,129.791394878617,139.131615691561,156.63861701783,2017-09-03
"latent_infections",141,100.077262545492,113.468621418134,122.672952353304,131.342745947314,150.006830508634,2017-09-10
"latent_infections",142,93.4395359198965,105.728408586328,114.178238065754,122.444856401262,139.103896758936,2017-09-17
"latent_infections",143,85.53311150011,97.1690686519399,105.074981958866,113.346815316459,130.983919341255,2017-09-24
"latent_infections",144,76.8033715978045,88.992968501255,96.4659432150822,104.258085194706,121.104634237762,2017-10-01
"latent_infections",145,69.7625488619912,81.3161888455334,88.3366459483278,95.5538271425153,110.676002344556,2017-10-08
"latent_infections",146,63.0350829378828,74.1139807077579,80.5750268423918,87.1609890263747,101.037850470188,2017-10-15
"latent_infections",147,56.4018636579683,67.7411616321447,73.7098799658294,79.9529846942051,92.8397428591168,2017-10-22
"latent_infections",148,51.2959634020102,62.11967708631,67.695475294261,73.6991867402139,85.819551888138,2017-10-29
"latent_infections",149,46.89014970726,57.3331676871898,62.8655318049938,68.577374657244,79.5657044935468,2017-11-05
"latent_infections",150,43.9933530361278,53.5453276055531,58.9255639988174,64.1424599028483,74.7142708863722,2017-11-12
"latent_infections",151,41.7876093149217,50.5800717919854,55.9796626411171,60.9683256365102,71.6165244058194,2017-11-19
"latent_infections",152,40.4082008542721,48.6896441092028,53.7872053858636,59.1211953958095,69.3539389368054,2017-11-26
"latent_infections",153,39.6985404447148,47.7379486319775,52.7413971086698,57.9107078989456,68.7029636550669,2017-12-03
"latent_infections",154,39.6528474591126,47.6898940443477,52.479467602767,57.4000408270526,68.8493728980215,2017-12-10
"latent_infections",155,39.8063990403589,48.4991505783045,53.444949111114,58.2690563537731,70.0484569243804,2017-12-17
"latent_infections",156,41.4706058417388,49.7150411268567,55.2509663735823,60.0362160072906,72.446706457604,2017-12-24
"latent_infections",157,44.0197432450991,52.0732769574402,57.5170833698901,62.7983751754958,76.3905160954431,2017-12-31
"latent_infections",158,51.2607122768797,59.4662128526224,65.1795183857235,70.4121134823981,83.7671333555159,2018-01-07
"latent_infections",159,56.6432344994402,64.8438824736294,70.54073397201,76.1127073958001,90.96835925759,2018-01-14
"latent_infections",160,62.9463090444741,72.3311143604366,78.7569086296087,84.8085337258731,99.2237192196551,2018-01-21
"latent_infections",161,70.0399986311887,81.1646117909482,88.1425201115597,94.6670809716857,109.774529279344,2018-01-28
"latent_infections",162,78.7459874718181,91.1034245753023,97.7183732645826,105.588206544489,120.247372921412,2018-02-04
"latent_infections",163,87.3054268056985,101.303192056128,108.620239895892,116.972273547235,132.75125153418,2018-02-11
"latent_infections",164,95.7725412475807,111.677445648246,119.625920755734,128.694604998358,145.262823615966,2018-02-18
"latent_infections",165,104.164358967369,121.39046060811,130.174246903684,139.951450563715,160.568605766635,2018-02-25
"latent_infections",166,111.550145685532,130.036689962759,139.035908596701,149.975370067965,172.453493702094,2018-03-04
"latent_infections",167,117.571005521399,136.232892399123,147.282197033825,159.289070578669,185.032671450083,2018-03-11
"latent_infections",168,121.758569478136,141.042729992237,152.987251909242,164.874178670715,193.079842315602,2018-03-18
"latent_infections",169,124.26213134142,144.103544436773,156.243148839516,169.262390258258,198.19585949925,2018-03-25
"latent_infections",170,124.412203058836,144.636551702161,156.879533819213,171.059085614091,201.160070922428,2018-04-01
"latent_infections",171,121.745846509474,143.61381256499,154.999018483196,170.523324405356,200.215770579729,2018-04-08
"latent_infections",172,118.220346040383,139.990425569298,151.833298075406,167.481043167239,198.627021500136,2018-04-15
"latent_infections",173,114.429841875937,135.407850991826,147.394974662691,163.201431661092,195.534541985623,2018-04-22
"latent_infections",174,110.423587800351,130.447594784509,142.181652191807,157.563280688962,192.052198280493,2018-04-29
"latent_infections",175,105.363138270451,124.98185930608,136.699755223761,151.075338634929,183.695510015395,2018-05-06
"latent_infections",176,101.09135193334,119.062502249331,130.880258162257,144.203448077483,175.304593658259,2018-05-13
"latent_infections",177,95.6453179171024,113.792707036634,124.991572384256,137.682326661493,165.058081260244,2018-05-20
"latent_infections",178,92.0643400513957,109.258840508112,119.727187396634,132.077158565761,157.329747357728,2018-05-27
"latent_infections",179,88.4034467408692,105.449252196576,115.007094601821,126.967369996494,151.60778309686,2018-06-03
"latent_infections",180,85.5517512908716,101.961217711813,111.2009391945,122.453779856897,146.588626709821,2018-06-10
"latent_infections",181,83.5266718656567,99.1986682549575,108.320360794694,119.004744881501,143.263264314039,2018-06-17
"latent_infections",182,81.8549756002654,97.2336576623572,105.587101391253,115.619703976195,138.159874667207,2018-06-24
"latent_infections",183,80.4425092990571,95.1327106666336,102.974183551295,112.95527040822,132.274479860383,2018-07-01
"latent_infections",184,78.1396604981829,93.5626836851087,100.464275126416,109.538055320281,127.04397483812,2018-07-08
"latent_infections",185,77.1700165426614,91.3244249930945,98.3669518951203,106.38836045458,124.798261702502,2018-07-15
"latent_infections",186,77.1765060967595,89.229946323922,96.2155781265362,102.751062819934,120.333156094743,2018-07-22
"latent_infections",187,75.3319693866444,86.4901891410617,93.301141006564,100.003688784031,116.574868098905,2018-07-29
"latent_infections",188,72.729086355075,83.4810115594361,89.8328197252852,95.9361960924005,112.533601922646,2018-08-05
"latent_infections",189,69.9924372752132,80.1418224284658,85.6140241174923,91.6220355748962,106.998886296711,2018-08-12
"latent_infections",190,65.8463412679894,76.2787826163591,81.1860438720787,86.4937008977243,101.091348070734,2018-08-19
"latent_infections",191,60.4051783060442,71.2297119154598,75.9008996620961,81.2027329626678,94.4052361858398,2018-08-26
"latent_infections",192,55.4195225140045,65.5188108402532,70.3389178404274,75.3673840020113,88.0375667502894,2018-09-02
"latent_infections",193,50.5834919649861,59.5244251669367,64.6518608843109,69.5480295488097,80.9212092983016,2018-09-09
"latent_infections",194,46.3358053208626,53.9026062976608,58.7040982602159,63.3458486325907,73.5271924960277,2018-09-16
"latent_infections",195,41.6069791325025,48.3386762121578,52.8914497280257,57.6350327560479,67.3661294502227,2018-09-23
"latent_infections",196,37.0822985909737,43.5068669485341,47.3699586525159,52.2073276976312,61.2297939099385,2018-09-30
"latent_infections",197,32.9733957517702,38.6618836331608,42.5433530062637,47.3207853220532,55.7596380143846,2018-10-07
"latent_infections",198,29.1713549106909,34.749353070023,38.3831341164632,42.927575381213,51.0144237846555,2018-10-14
"latent_infections",199,26.1253355414432,31.3854980404668,34.7722015229696,38.9730704399022,46.9285312075717,2018-10-21
"latent_infections",200,23.4186420909132,28.6534058232157,31.7086226490651,35.5955357121194,42.9445625819392,2018-10-28
"latent_infections",201,21.2466825988485,26.5448348997223,29.3645269639258,33.0341146013038,39.9423574090637,2018-11-04
"latent_infections",202,19.7125032018668,24.9149094540474,27.6152968322637,31.2139603474808,37.8412219282265,2018-11-11
"latent_infections",203,18.7399286484476,23.7922628978336,26.3885719537434,29.8025637173559,36.0898309055925,2018-11-18
"latent_infections",204,18.0938270368263,23.0973771673578,25.7047955853919,29.0767651750428,35.6683946176016,2018-11-25
"latent_infections",205,18.2369433919392,22.9885461444639,25.5706967580423,28.9139092405306,35.9296520152485,2018-12-02
"latent_infections",206,18.7356960891996,23.4251366268178,25.9998492128327,29.3690229821438,36.7191090337227,2018-12-09
"latent_infections",207,19.3227195680659,24.2681695865501,27.0348854144036,30.5580976388778,37.7427051015609,2018-12-16
"latent_infections",208,20.517702874158,25.6815675993426,28.6497787768002,32.2256303897659,39.3051033710325,2018-12-23
"latent_infections",209,22.101035614238,27.8518012314766,30.8918254546356,34.8107612587345,43.1098267891814,2018-12-30
"latent_infections",210,28.8992856316828,35.0084196159399,38.5499117507304,42.8133992441613,52.401538947977,2019-01-06
"latent_infections",211,33.0576206330175,39.8572976733471,43.6597989600043,48.4080946653802,58.8843424073678,2019-01-13
"latent_infections",212,40.104438086809,47.4892931786087,52.2293204803675,57.0209010416904,68.8915790797654,2019-01-20
"latent_infections",213,48.6380653081779,56.7961488800454,62.0326083645319,67.216883445994,80.2059945856894,2019-01-27
"latent_infections",214,58.8537851686655,67.9710224478203,73.6197938508745,79.5170150068075,94.0702031640614,2019-02-03
"latent_infections",215,70.1240811794305,80.7903531649098,87.2853571354055,94.3933067816901,111.13769280971,2019-02-10
"latent_infections",216,84.5080584033146,95.746354805006,102.493154627706,110.885301006922,132.103344603653,2019-02-17
"latent_infections",217,97.2602518089756,111.389273961977,119.232129930915,128.82754383983,151.75798222776,2019-02-24
"latent_infections",218,110.290577316446,128.292432984983,136.600434783503,148.200013517342,171.844164552282,2019-03-03
"latent_infections",219,123.715646522727,144.875480873687,154.703833207387,167.174043322785,193.317987910846,2019-03-10
"latent_infections",220,136.985218649324,159.817548366287,171.775441675332,185.934189271791,216.293743260513,2019-03-17
"latent_infections",221,149.354185856144,173.31569187601,187.66150517559,202.982830736181,235.792663534608,2019-03-24
"latent_infections",222,158.949555475712,184.957323570819,200.319119939769,217.945136144629,255.722783997448,2019-03-31
"latent_infections",223,165.79652062618,194.895079799793,210.395286655992,230.097014554368,275.302590639923,2019-04-07
"latent_infections",224,170.807319849336,200.19636521773,219.062201788615,239.414222279,293.363716106537,2019-04-14
"latent_infections",225,174.427978407651,204.487095791654,223.638995475185,245.882827995591,306.270179319765,2019-04-21
"latent_infections",226,174.429736913144,205.468865439811,226.083512788445,249.042203825857,311.600986721843,2019-04-28
"latent_infections",227,175.427325701975,206.373713862081,227.138310870018,251.332378983948,313.612340689744,2019-05-05
"latent_infections",228,174.122788795823,205.815156727439,226.574113487812,251.856841339008,313.850594879139,2019-05-12
"latent_infections",229,172.53688133019,204.571287642491,225.369096534653,251.511738531206,313.036264833659,2019-05-19
"latent_infections",230,169.881787544431,203.90156473276,224.407693211344,250.874485599923,309.933321793037,2019-05-26
"latent_infections",231,169.05483398999,203.021657563244,224.147829443826,250.77025160861,310.796448977123,2019-06-02
"latent_infections",232,169.432967911397,202.841510582916,224.341365164007,249.505698583703,308.814857245265,2019-06-09
"latent_infections",233,172.533293670651,204.193362648881,224.902751056863,249.335830651236,308.651190410436,2019-06-16
"latent_infections",234,177.016501609628,204.644043177755,226.532993322403,249.021676559167,304.126003990217,2019-06-23
"latent_infections",235,180.288259579106,206.660002665207,226.751471146664,248.92316211827,299.629752021956,2019-06-30
"latent_infections",236,183.37657654956,208.566049166056,227.720108263839,248.363085046897,298.597533563839,2019-07-07
"latent_infections",237,182.918613140815,210.262444226693,227.959972644095,248.275942461225,295.849445865636,2019-07-14
"latent_infections",238,184.779582473261,209.657104262733,227.544374659223,245.309490060543,291.351513281994,2019-07-21
"latent_infections",239,185.709990462985,209.115432737051,225.463330636229,241.849454007051,281.773608852106,2019-07-28
"latent_infections",240,182.849223596806,207.768638988603,222.319654726799,238.490950334555,273.961397031421,2019-08-04
"latent_infections",241,178.968737568341,202.391557440821,216.524318255755,231.793671443991,264.048210801646,2019-08-11
"latent_infections",242,173.701240722602,195.62966946218,208.941692453332,222.962903196543,254.651986777756,2019-08-18
"latent_infections",243,167.127973270318,187.193482163245,200.053416014639,213.144701436302,243.160945238411,2019-08-25
"latent_infections",244,157.127813244871,176.378309308463,189.347161373553,201.507075251109,228.766490541907,2019-09-01
"latent_infections",245,146.905878346741,164.459837547442,176.46871038636,188.240924666189,214.524012937959,2019-09-08
"latent_infections",246,135.463132864673,151.690284407389,162.969429331921,174.758934048117,199.812590959523,2019-09-15
"latent_infections",247,123.229194082618,138.91925562119,149.766818439792,160.691976174289,187.622940250276,2019-09-22
"latent_infections",248,110.928688994813,126.904889916513,137.863918903574,147.985263695696,174.379811883806,2019-09-29
"latent_infections",249,99.6129734340455,115.920542486644,125.198193081428,135.967233840512,162.108710426061,2019-10-06
"latent_infections",250,89.7549063971769,105.778409892949,114.149973382206,125.768718503596,150.647110390541,2019-10-13
"latent_infections",251,83.02346127122,97.5491565691324,105.438041043868,116.422492497221,140.31994142479,2019-10-20
"latent_infections",252,75.8094107416243,90.8710963881636,98.6902628517153,108.835510654552,133.140847833715,2019-10-27
"latent_infections",253,71.3722852796286,85.6765263467828,93.3422847565038,103.279990000647,127.382907626717,2019-11-03
"latent_infections",254,67.8992696600162,81.8725347413084,89.3720430263579,99.1720325595379,123.72831978561,2019-11-10
"latent_infections",255,65.9759324359172,79.881453650327,87.2568255028236,97.3333449865587,123.255913601289,2019-11-17
"latent_infections",256,65.8371056492811,79.6921047177901,87.1598254055287,97.2881308034685,125.844512713543,2019-11-24
"latent_infections",257,67.5088926927108,81.2942070402374,88.9564646355568,100.125196813855,130.825137875938,2019-12-01
"latent_infections",258,70.7491049813453,85.204587580417,93.3195137408443,105.853070451427,137.794564116899,2019-12-08
"latent_infections",259,75.4435893078541,91.3670158251664,100.423412020918,114.552009798242,148.774035789595,2019-12-15
"latent_infections",260,82.3131014208672,100.117555790095,110.847497429475,126.7988475074,163.330717319453,2019-12-22
"latent_infections",261,92.0085581535065,112.42108097992,123.88456512091,141.986400288993,183.769863937288,2019-12-29
"latent_infections",262,104.201320729361,124.062939357236,136.359438774187,155.002773878561,194.218606646555,2020-01-05
"latent_infections",263,121.426728030104,142.476032388938,156.672101386866,176.933636094726,220.59366799594,2020-01-12
"latent_infections",264,141.203790692769,164.747552869614,180.918331814243,201.131517732367,247.296832566427,2020-01-19
"latent_infections",265,165.188695333188,190.633821266123,209.924463960689,230.019564391983,281.453930793268,2020-01-26
"latent_infections",266,192.966450319535,222.171216781144,243.248541842283,264.562472694101,323.659365856896,2020-02-02
"latent_infections",267,224.313740777078,255.980191676148,281.317158203254,304.76236358752,369.643059078671,2020-02-09
"latent_infections",268,257.667860896676,295.490961681158,322.863298587495,349.230286120594,417.250072360108,2020-02-16
"latent_infections",269,290.562915240743,335.656581071006,367.333012668824,393.314004647998,463.542466926524,2020-02-23
"latent_infections",270,323.591056016498,375.157987539202,410.410041859326,441.916503576137,517.408880553177,2020-03-01
"latent_infections",271,354.957129212098,414.208303156727,452.581784861676,487.591532836667,566.164591181436,2020-03-08
"latent_infections",272,379.273656125257,448.245921344504,489.787615051311,532.722804137064,624.452936346332,2020-03-15
"latent_infections",273,403.551304266734,476.272066811834,519.78862231625,567.686483026631,675.606079495767,2020-03-22
"latent_infections",274,416.540169261468,496.362516296742,542.748913452516,600.561503815746,714.018101355842,2020-03-29
"latent_infections",275,425.707170595765,511.503066445035,560.953555250909,622.370076027565,741.025462925105,2020-04-05
"latent_infections",276,427.413052383841,518.249631118671,571.355226182504,635.327067453884,756.525509501436,2020-04-12
"latent_infections",277,422.842429402432,521.043815204103,575.532884362511,644.514080807654,768.517989137268,2020-04-19
"latent_infections",278,415.266511090539,519.281841778236,573.232571795794,642.721093038485,770.206590177611,2020-04-26
"latent_infections",279,407.289472408466,515.166677436172,567.574671045871,637.484474470769,768.22940909892,2020-05-03
"latent_infections",280,403.946911660414,510.197008244029,558.816137382727,627.084111166547,759.241439479512,2020-05-10
"latent_infections",281,394.98503807618,504.031155996518,552.021815433252,618.592724426932,745.201880656085,2020-05-17
"latent_infections",282,392.138121751581,497.43693676313,544.890146905157,609.497705470991,733.475749480209,2020-05-24
"latent_infections",283,392.294696733519,492.295610119667,535.202500619091,600.688306892052,716.738213425596,2020-05-31
"latent_infections",284,394.934935429745,490.906002309227,532.608311876942,591.25883484829,712.649499299969,2020-06-07
"latent_infections",285,399.750764882804,490.106000133616,530.740082467349,586.728955098636,702.361206208531,2020-06-14
"latent_infections",286,405.744842287882,489.004807276972,531.747852833581,583.209809417279,695.174600575179,2020-06-21
"latent_infections",287,411.653709059392,492.172400752474,533.626609321586,581.979397230743,684.799616136239,2020-06-28
"latent_infections",288,423.549804760166,494.666743367883,536.750323046096,579.275572384662,674.554628693698,2020-07-05
"latent_infections",289,428.382439473305,497.801659519664,541.198815961307,577.928274064092,668.666826155665,2020-07-12
"latent_infections",290,433.625714707034,499.312697017179,541.104038387623,576.46588515081,660.508183971395,2020-07-19
"latent_infections",291,439.629418891013,499.076384772491,537.989915178822,572.849940672378,650.78026029111,2020-07-26
"latent_infections",292,439.604325304555,496.177628625768,532.009555839089,563.509237544579,638.425087231956,2020-08-02
"latent_infections",293,432.681845695734,487.028004357419,519.561797984009,553.160591587501,618.212097780381,2020-08-09
"latent_infections",294,419.417707915274,473.700522891554,505.590014201814,536.466167372829,599.673284996691,2020-08-16
"latent_infections",295,401.161826392232,455.69372515839,483.799527004514,515.567499033451,576.141140791542,2020-08-23
"latent_infections",296,378.606026054624,430.705103251998,459.104854844221,490.340179050752,553.051806347688,2020-08-30
"latent_infections",297,354.831507529124,405.551915158334,430.626925766914,459.901581888366,520.243058719592,2020-09-06
"latent_infections",298,328.939201565702,378.699487427407,402.480955705987,429.528627097548,490.387613785702,2020-09-13
"latent_infections",299,301.097930762256,350.086066907492,371.356791272084,395.512474465547,458.150696878012,2020-09-20
"latent_infections",300,274.742592573537,320.257860773285,341.400694136868,362.478988653309,426.029477731058,2020-09-27
"latent_infections",301,246.233328633578,291.827452570471,311.204104302695,333.195692478475,393.192265553563,2020-10-04
"latent_infections",302,220.747010491379,266.468015230398,285.372150967466,307.136110679428,363.523945149527,2020-10-11
"latent_infections",303,199.780107637068,242.999157976907,262.295854481297,284.53934660901,335.750406418587,2020-10-18
"latent_infections",304,183.546621019744,224.056410617403,243.344504670528,266.074257083605,313.989037870466,2020-10-25
"latent_infections",305,169.990552677245,209.682484994374,228.14014539512,251.088927484126,297.868520931312,2020-11-01
"latent_infections",306,159.137562928293,197.628001834663,217.106535282795,239.881766844796,283.614270877558,2020-11-08
"latent_infections",307,153.328026255811,190.055580385347,210.0061227923,232.570236231812,277.461736847597,2020-11-15
"latent_infections",308,151.754747089248,186.412702500026,206.730641380584,228.677488809593,276.411439775975,2020-11-22
"latent_infections",309,151.597543183502,187.924206905697,207.149886680673,230.421522085154,278.370012267022,2020-11-29
"latent_infections",310,154.790875419077,193.024069663252,213.366463036337,238.059693424199,284.018639013539,2020-12-06
"latent_infections",311,163.217133954578,202.059147772827,223.735348925345,250.414201656564,299.938581939359,2020-12-13
"latent_infections",312,174.179016002516,217.076211172046,240.351586907997,269.522995530471,322.569634819353,2020-12-20
"latent_infections",313,191.0055928707,238.905726953083,264.365222002314,295.310197120044,355.130745614237,2020-12-27
"latent_infections",314,246.696252643993,308.9748146004,339.773688441139,375.202579265563,456.174377715916,2021-01-03
"latent_infections",315,293.573661378402,368.696570216462,404.237982570375,445.220587308399,539.734140250723,2021-01-10
"latent_infections",316,369.610248543598,464.618328881008,510.380645010161,561.284888313876,674.263492141821,2021-01-17
"latent_infections",317,473.489005337743,592.264240002108,646.878993030869,710.68637424833,861.967936049774,2021-01-24
"latent_infections",318,615.965287226789,758.340392721959,831.133354666899,910.81801357764,1114.98885844663,2021-01-31
"latent_infections",319,785.506428415243,969.164464153797,1068.84130048932,1171.0702216867,1409.86697769641,2021-02-07
"latent_infections",320,1024.71681193894,1238.23726344519,1364.99170454181,1491.94747446233,1803.16174857134,2021-02-14
"latent_infections",321,1310.05851560664,1567.62623961397,1730.31011892615,1883.17035067612,2284.33689632066,2021-02-21
"latent_infections",322,1652.04908615473,1959.33574442641,2181.77031045805,2370.46805908523,2844.35789412669,2021-02-28
"latent_infections",323,2029.47687953014,2400.67638623038,2685.25674368318,2909.99909645879,3460.2555088521,2021-03-07
"latent_infections",324,2427.09449181231,2877.02473882967,3211.13638613154,3523.62137217458,4197.19086416872,2021-03-14
"latent_infections",325,2854.06100320382,3379.72099624364,3771.99761991173,4166.553481785,4861.19577446475,2021-03-21
"latent_infections",326,3297.67560595274,3890.65404845737,4341.23472837538,4798.74607478043,5551.02898841506,2021-03-28
"latent_infections",327,3693.27408919526,4360.26515393505,4848.29518877054,5355.03887641421,6222.38513916036,2021-04-04
"latent_infections",328,4027.77253456965,4755.49522962107,5312.17849311241,5829.83337871364,6877.53993258329,2021-04-11
"latent_infections",329,4298.53131354323,5102.90428841724,5697.6013844465,6241.76544548474,7355.09539521371,2021-04-18
"latent_infections",330,4475.6082156246,5367.29237320233,5949.121716923,6490.62251469333,7673.90598277367,2021-04-25
"latent_infections",331,4616.9943003973,5543.26021741534,6086.54756187848,6647.07419788696,7926.99587628121,2021-05-02
"latent_infections",332,4657.63039490352,5574.34360174885,6100.40957392758,6675.72363694689,8003.92317102909,2021-05-09
"latent_infections",333,4694.76012694137,5573.22380834134,6019.60891899015,6578.20511825406,7890.40223432919,2021-05-16
"latent_infections",334,4579.61806071052,5447.73411119167,5891.58816257417,6408.38021870522,7701.71007903106,2021-05-23
"latent_infections",335,4500.90698150068,5305.64800673659,5748.57197638601,6209.68923876849,7354.70245236824,2021-05-30
"latent_infections",336,4360.29589151853,5088.6538870308,5524.5202190248,5941.33690515338,6995.54408693174,2021-06-06
"latent_infections",337,4172.17901804762,4847.68344813675,5243.97821273454,5656.85284713118,6600.897953966,2021-06-13
"latent_infections",338,3953.90243556891,4567.20376164787,4947.18731101474,5344.22233158433,6219.05616777029,2021-06-20
"latent_infections",339,3684.53275275244,4270.77270313665,4629.36753512064,4972.39608193103,5779.03080028947,2021-06-27
"latent_infections",340,3458.87310842996,3957.11744503884,4285.2393636278,4598.11974062911,5341.9919535985,2021-07-04
"latent_infections",341,3185.02753691259,3650.54964717074,3920.49679803434,4214.29977924247,4931.49767971481,2021-07-11
"latent_infections",342,2888.30515463902,3312.12509932548,3559.24879187499,3838.57920675814,4487.55723948349,2021-07-18
"latent_infections",343,2600.54940187914,2978.61502329057,3192.24429134075,3456.37985616281,4020.36878174785,2021-07-25
"latent_infections",344,2318.42243522572,2650.1188362781,2830.87915132403,3082.36425717937,3603.0422526508,2021-08-01
"latent_infections",345,2054.45015969242,2330.161062891,2501.03992110653,2707.44658333725,3184.7805377281,2021-08-08
"latent_infections",346,1777.27108051643,2023.91906612018,2161.90916278431,2351.38585529412,2767.35980180143,2021-08-15
"latent_infections",347,1526.104405477,1731.5789342035,1862.07780988839,2021.03692915187,2373.35820901052,2021-08-22
"latent_infections",348,1294.95933683156,1464.56707089873,1589.70127213346,1713.78186520023,2014.06369678302,2021-08-29
"latent_infections",349,1081.92155137231,1236.63921649534,1344.2334861771,1445.60077851648,1694.32283220961,2021-09-05
"latent_infections",350,905.975019249898,1033.18646688882,1129.8112509493,1215.35483971698,1411.72110901142,2021-09-12
"latent_infections",351,757.346271244844,865.616411494824,944.128223483926,1013.51641907329,1179.56017096625,2021-09-19
"latent_infections",352,633.314634462727,722.842443763682,788.03164995414,849.866787648063,980.031641245139,2021-09-26
"latent_infections",353,531.360523815208,606.476703270322,659.583365049899,714.117267252998,825.374004424021,2021-10-03
"latent_infections",354,445.462135456242,512.247970720908,557.016522776238,604.05520926811,695.275335316849,2021-10-10
"latent_infections",355,377.19863325596,437.801747818044,476.838111835202,519.619983903194,600.189802591059,2021-10-17
"latent_infections",356,325.757416912084,380.578249381424,413.680296710505,454.125837284005,524.195422570764,2021-10-24
"latent_infections",357,288.592337926032,338.252687966654,368.048946302454,405.209065764558,473.466296015267,2021-10-31
"latent_infections",358,266.269719900365,308.152089322012,336.391139916568,370.3940804164,435.602970588083,2021-11-07
"latent_infections",359,248.621086511419,288.267825281105,315.261750753268,349.630479051085,409.799619200509,2021-11-14
"latent_infections",360,237.411235420025,278.143067005678,305.905219735114,338.566738170689,402.441533691398,2021-11-21
"latent_infections",361,234.720927731899,278.143494680407,306.284279808534,340.374408409394,408.238157546097,2021-11-28
"latent_infections",362,240.542243693102,287.589091096573,319.687780585247,353.592443951339,426.408174437858,2021-12-05
"latent_infections",363,253.917290492006,310.112474333163,343.495813200614,380.30371316251,461.634880056083,2021-12-12
"latent_infections",364,278.629374395788,345.463888511583,381.217130337753,422.985684358548,512.382897046955,2021-12-19
"latent_infections",365,316.435356074484,396.323748176725,436.617986360921,491.317892277049,590.0806931362,2021-12-26
"latent_infections",366,349.388902585487,427.060659853979,469.699477262571,520.901707498168,620.326090205491,2022-01-02
"latent_infections",367,412.054569537974,506.54151480898,557.759945946597,623.101030179706,740.602039025706,2022-01-09
"latent_infections",368,490.298858484679,599.472194848815,657.749994912098,727.645341071022,867.102381550545,2022-01-16
"latent_infections",369,597.418613809626,721.923334602313,792.527502059222,872.458956150489,1030.60067334065,2022-01-23
"latent_infections",370,738.688717177721,878.932762448193,961.520637667793,1051.39097883502,1230.39261330062,2022-01-30
"latent_infections",371,915.719156725278,1076.14654055582,1169.4101073746,1278.62996261075,1502.21363735848,2022-02-06
"latent_infections",372,1131.28028181396,1311.34801509006,1414.14794991704,1554.48004985752,1827.23934725235,2022-02-13
"latent_infections",373,1364.97784126028,1586.71491888523,1703.7180638402,1863.42107309428,2213.01675554025,2022-02-20
"latent_infections",374,1662.29744964772,1888.72949274237,2021.82484752774,2223.35927624719,2601.11235079711,2022-02-27
"latent_infections",375,1937.26832272872,2217.08358373811,2374.13479776315,2594.12886942992,3042.23437112212,2022-03-06
"latent_infections",376,2223.91252883719,2533.86300742676,2724.76846619837,2970.7859435234,3453.48837064114,2022-03-13
"latent_infections",377,2486.15256274857,2859.8822927677,3079.07078731059,3333.66766303561,3889.60926532765,2022-03-20
"latent_infections",378,2718.48474389448,3128.93510296857,3372.29435652118,3663.27166752209,4287.74676305605,2022-03-27
"latent_infections",379,2910.49417568019,3337.64828086093,3611.13347636789,3921.10993112651,4585.49246575731,2022-04-03
"latent_infections",380,3030.41599782421,3478.43605185271,3802.96946163413,4138.11284161803,4823.42298492066,2022-04-10
"latent_infections",381,3081.077182151,3561.83976318732,3877.92546527293,4240.41176367957,4917.52946232694,2022-04-17
"latent_infections",382,3057.16995742173,3558.0920516547,3883.0818828762,4249.84255107822,4908.45000845435,2022-04-24
"latent_infections",383,2997.95493794286,3505.12158817545,3838.35313804369,4191.70861274637,4852.43786160624,2022-05-01
"latent_infections",384,2910.63555119427,3385.30097743526,3719.07022314473,4056.59020555493,4714.32212894573,2022-05-08
"latent_infections",385,2774.46861209751,3243.19559622579,3547.35388264169,3877.42056295953,4549.570394113,2022-05-15
"latent_infections",386,2608.90759224698,3051.8948498861,3361.01330652595,3683.87176926683,4326.99930464071,2022-05-22
"latent_infections",387,2454.10068598975,2843.40200648982,3151.7482209876,3448.090541285,4077.89490805701,2022-05-29
"latent_infections",388,2285.0076808643,2647.91934397589,2926.83934994953,3205.68738104147,3809.84563634243,2022-06-05
"latent_infections",389,2114.36342529732,2449.80220009539,2682.54221724668,2941.36455848624,3471.93433841817,2022-06-12
"latent_infections",390,1925.24675158516,2243.72079775968,2438.72781212546,2676.47473707606,3167.24165189399,2022-06-19
"latent_infections",391,1739.30567361496,2040.23916891624,2203.91060587924,2404.2136207712,2847.55225607694,2022-06-26
"latent_infections",392,1573.42233673278,1841.66079045706,1983.32036537576,2167.20935367077,2570.39264391747,2022-07-03
"latent_infections",393,1410.06695950298,1647.18913090991,1769.88298307543,1934.14977918395,2268.1111464501,2022-07-10
"latent_infections",394,1245.0957629057,1454.05757566258,1570.478636516,1711.00521233273,1996.76785043139,2022-07-17
"latent_infections",395,1084.62959058362,1273.4622931056,1379.9543799295,1498.1278104572,1753.478124152,2022-07-24
"latent_infections",396,943.22101301779,1100.34284215864,1196.21726088734,1295.83675645979,1508.16321507148,2022-07-31
"latent_infections",397,816.14432413614,949.477780969925,1022.54742239363,1108.77871998533,1295.22677972051,2022-08-07
"latent_infections",398,695.020523546354,799.856820915578,864.001962492226,939.988536838938,1089.29415014657,2022-08-14
"latent_infections",399,587.44907727097,672.192083522732,726.963924314617,790.483432732607,902.023745107485,2022-08-21
"latent_infections",400,483.287640256037,553.173825390706,604.094393407758,657.0558468644,743.012478751915,2022-08-28
"latent_infections",401,396.758308748038,456.367448557748,497.353011796268,541.151639254484,613.736524665069,2022-09-04
"latent_infections",402,324.689278032918,375.212719619133,405.111790649857,439.426513983791,500.841685053868,2022-09-11
"latent_infections",403,263.46057861899,305.044561331186,329.830320782924,358.730813034144,411.054768069068,2022-09-18
"latent_infections",404,214.325224474678,248.253324101578,267.976191739316,293.471885082206,337.92553066879,2022-09-25
"latent_infections",405,172.956104252129,201.72216274742,218.094304741204,238.598981029718,274.715788675506,2022-10-02
"latent_infections",406,143.478787973282,165.810270822895,179.914357863029,196.194753573299,226.269741464393,2022-10-09
"latent_infections",407,117.248044702796,137.793098265245,149.237478625053,162.388669901103,190.097867819067,2022-10-16
"latent_infections",408,98.3091164392686,116.62761438101,126.559127295395,137.042793350264,161.597232065752,2022-10-23
"latent_infections",409,83.560487564645,100.347952207447,108.895586682008,118.314801244614,140.121604987255,2022-10-30
"latent_infections",410,73.0922146377305,88.3289289891648,95.8598460955609,104.682514382547,123.771182741263,2022-11-06
"latent_infections",411,66.5613678698124,79.9337587388293,86.6824083638855,94.5114979508466,112.310853400534,2022-11-13
"latent_infections",412,61.984178655,74.4747648704133,81.1345001397406,88.844957784378,104.880447231232,2022-11-20
"latent_infections",413,59.8709991960839,71.6619488362707,77.7139830368766,85.8138436201237,101.184049808131,2022-11-27
"latent_infections",414,60.1104595137221,71.3209273649216,77.0497063477744,85.9868978072547,101.085152218563,2022-12-04
"latent_infections",415,62.6412080635051,73.198922304466,79.3868882107895,88.3373985251712,106.258913713692,2022-12-11
"latent_infections",416,65.5166203389253,77.730851790698,84.7583173595664,94.4336818359172,113.673510786298,2022-12-18
"latent_infections",417,70.3567627015184,84.856659375333,93.2023944256662,103.017992406215,126.518831646759,2022-12-25
"latent_infections",418,74.0444949106567,87.5408297382395,94.8821105120754,103.623595725196,124.710988601751,2023-01-01
"latent_infections",419,82.0360586514339,96.3594327916375,104.535432806968,114.02785301273,137.752207632027,2023-01-08
"latent_infections",420,90.4966587143352,105.033126222696,113.237664636369,123.043044268121,148.63377005092,2023-01-15
"latent_infections",421,100.248100438446,114.924347696824,124.142153930346,133.511590081464,161.672832754713,2023-01-22
"latent_infections",422,111.953580362628,126.212534346235,136.118483858001,146.142052456709,175.213499958268,2023-01-29
"latent_infections",423,122.966293641684,138.923145941727,148.660964190796,159.078915949032,188.362627757501,2023-02-05
"latent_infections",424,134.28704378985,151.683072469872,161.102189352611,173.772892380075,201.152134490915,2023-02-12
"latent_infections",425,146.052948193833,163.563849639602,172.586288322955,187.482547313895,216.145726283353,2023-02-19
"latent_infections",426,156.396384452346,174.228063212715,184.758705579323,199.371469280728,228.622131934184,2023-02-26
"latent_infections",427,164.375867277127,182.293031406518,194.293142629792,209.380331879938,238.795821571073,2023-03-05
"latent_infections",428,167.362177833199,187.851878154712,201.786240081176,217.128799793448,245.49165370815,2023-03-12
"latent_infections",429,169.511256809265,191.103252370217,206.611101231742,222.04629751951,251.297105685794,2023-03-19
"latent_infections",430,171.676481083783,191.020543357417,207.468218247782,224.47699281129,256.327509545457,2023-03-26
"latent_infections",431,167.614123334054,188.652667299636,205.62979910844,223.306051116235,256.815242499861,2023-04-02
"latent_infections",432,162.178733372299,184.979061739965,202.095416796716,219.542621642592,254.856668881836,2023-04-09
"latent_infections",433,155.374471340307,179.467035886065,195.919730959275,214.979839042981,249.120610710962,2023-04-16
"latent_infections",434,149.813798629899,173.159556287378,188.827731082705,207.246680065028,242.558300506075,2023-04-23
"latent_infections",435,141.965513538712,166.392754135137,181.880581504267,199.810885511266,234.774037070219,2023-04-30
"latent_infections",436,136.473719779013,160.740283979325,175.279341688343,192.999720145854,227.625938768776,2023-05-07
"latent_infections",437,131.947736086341,155.115907339727,168.416548440517,186.735884768884,219.136733450534,2023-05-14
"latent_infections",438,127.119728442535,149.929724050001,162.536639092608,180.418743272607,212.620848693957,2023-05-21
"latent_infections",439,123.152101958517,145.557999100544,158.659193819473,175.084592109876,206.196872953385,2023-05-28
"latent_infections",440,120.234319039128,142.242816004434,155.320634617069,170.615662397968,203.004512388451,2023-06-04
"latent_infections",441,118.652661615685,140.63413023198,154.099728177843,168.070004782398,199.422242629382,2023-06-11
"latent_infections",442,118.358992186758,140.114818840216,153.068580511891,167.388233309622,197.190701708847,2023-06-18
"latent_infections",443,119.610202388798,140.82131944401,154.613542900898,167.821186468392,198.427516915326,2023-06-25
"latent_infections",444,121.880920917824,142.450442085151,155.846610412455,168.747548066534,197.376392062946,2023-07-02
"latent_infections",445,124.89422642815,144.595365775987,157.651484855703,170.351768266076,197.176781713955,2023-07-09
"latent_infections",446,127.288735898454,146.669780815132,160.383890835336,172.081231669596,197.204910711193,2023-07-16
"latent_infections",447,132.254799983411,148.994681648648,162.71547075485,174.444270107427,198.978014310568,2023-07-23
"latent_infections",448,134.145892934358,151.412639249961,164.006076290131,176.301153403638,201.321914379973,2023-07-30
"latent_infections",449,135.17300695987,152.626287232685,164.187695174373,176.491721593178,200.432166463731,2023-08-06
"latent_infections",450,134.833979753061,152.814045480362,163.297895327638,175.320590656967,198.358487129865,2023-08-13
"latent_infections",451,132.35467234746,151.280585957054,161.205113271687,173.142187468522,194.225705949648,2023-08-20
"latent_infections",452,129.132228859975,147.258309692503,157.796492904511,169.458948599397,191.189099336932,2023-08-27
"latent_infections",453,124.224079803772,141.621261580889,152.063169714049,163.124035895143,184.901312331624,2023-09-03
"latent_infections",454,118.249209495546,134.569097148237,145.270922698025,156.104647629325,176.428777156783,2023-09-10
"latent_infections",455,111.46715115737,126.815569273492,137.078323509388,147.803799427162,168.391220912689,2023-09-17
"latent_infections",456,104.207837811632,118.708373375926,127.681312682359,138.524233209212,158.878113328534,2023-09-24
"latent_infections",457,95.9888145864837,109.669650637561,118.431720191936,128.354938701468,149.369540507924,2023-10-01
"latent_infections",458,88.6041236030077,100.718243202009,109.689154811623,119.280824121117,138.798990878772,2023-10-08
"latent_infections",459,81.7529315692428,93.0899726528086,101.537438876798,110.556428221522,128.195998261015,2023-10-15
"latent_infections",460,75.2115890234663,86.2799205153378,94.0797964959104,102.656180432131,120.226228825229,2023-10-22
"latent_infections",461,69.1070499222573,80.0454811717627,87.2272080232323,95.9914011245397,113.149806906929,2023-10-29
"latent_infections",462,63.9496612286174,75.1768370499476,81.955411738026,90.1869974905176,107.117814050763,2023-11-05
"latent_infections",463,60.5825145371811,70.9652833060744,77.9029601387973,85.4783571521591,102.522407978953,2023-11-12
"latent_infections",464,58.5135724988841,68.3769455391829,75.2987940242745,82.4665294445942,99.1551823576854,2023-11-19
"latent_infections",465,56.6508151902837,66.8270681308955,73.9807530219372,81.2288880936181,97.2660773718311,2023-11-26
"latent_infections",466,56.1301541006585,66.5164507043079,74.1331984260019,80.977065009906,96.8009504473655,2023-12-03
"latent_infections",467,56.8429799408413,67.5100313302531,74.947786695641,82.0013942619396,98.1503990897961,2023-12-10
"latent_infections",468,57.9448259906035,69.7167008990936,77.4497420642699,84.6832064972319,101.612001270606,2023-12-17
"latent_infections",469,60.1313716692746,72.965173391102,81.0206523159279,88.8769590887791,107.160253354444,2023-12-24
"latent_infections",470,64.1343382679908,77.6400159753807,85.9766950252744,94.8320087833947,113.736405676488,2023-12-31
"latent_infections",471,79.7153852189837,92.881187592351,102.00553172195,110.977452983081,130.681160674219,2024-01-07
"latent_infections",472,89.8570466039939,104.473528106682,113.977626008842,124.093309845948,145.283837761081,2024-01-14
"latent_infections",473,106.624542914647,121.717523580749,131.998060641066,143.936763687018,164.359047671171,2024-01-21
"latent_infections",474,124.801995881957,141.610102056121,153.731045639836,166.384989059288,188.921897198691,2024-01-28
"latent_infections",475,145.499847968651,165.722942718866,178.054596424806,193.097168054624,216.200276124073,2024-02-04
"latent_infections",476,168.411324660484,193.057816150794,207.063076559258,223.890143732248,251.350399768719,2024-02-11
"latent_infections",477,195.306106259924,222.668406937814,238.602676338954,256.474663895255,290.567655161772,2024-02-18
"latent_infections",478,221.089765701861,252.697566092434,271.916187672363,291.827041100593,331.971908144324,2024-02-25
"latent_infections",479,248.891969302049,283.183795515882,302.295292044723,329.511316274046,373.156095836979,2024-03-03
"latent_infections",480,273.83246126189,312.706952813563,334.955783714981,365.873672099166,412.744138537447,2024-03-10
"latent_infections",481,293.010454308681,338.75971840005,363.39943989429,395.356634748252,448.778902096557,2024-03-17
"latent_infections",482,309.94225464581,357.451723241932,387.108207788224,420.910752712309,482.065742619001,2024-03-24
"latent_infections",483,319.335538362835,370.877947747921,404.126633235118,441.128288238355,512.515179336668,2024-03-31
"latent_infections",484,324.378153044435,380.90615993578,414.178083871355,454.21203801066,529.156025598555,2024-04-07
"latent_infections",485,325.744131690339,386.719340786036,418.282557595042,462.441732749464,543.758232537546,2024-04-14
"latent_infections",486,325.075400729815,384.238752122204,417.656957512938,463.870423088889,553.793619537208,2024-04-21
"latent_infections",487,319.840885701277,377.936987670387,411.942994068863,457.203527058792,555.449985460989,2024-04-28
"latent_infections",488,311.180436921162,369.518116113328,403.148549399404,446.594699289444,549.682192079157,2024-05-05
"latent_infections",489,301.80383584081,357.973428172838,394.423408619807,435.109935494725,538.116801828534,2024-05-12
"latent_infections",490,291.390171842032,346.61361867897,383.446854757007,421.478348620742,523.049091448603,2024-05-19
"latent_infections",491,280.995959198721,334.62724493456,372.351938950973,409.109555785856,505.563901546376,2024-05-26
"latent_infections",492,271.648808022446,323.851412356022,359.902626900835,397.032459851615,489.617464264195,2024-06-02
"latent_infections",493,264.345248428885,314.031842347829,348.169768016023,383.697146457024,463.580060051948,2024-06-09
"latent_infections",494,255.34760868759,305.07769314486,338.100792068407,369.702292631364,447.026983162171,2024-06-16
"latent_infections",495,253.314871196451,296.477967591924,327.944972602569,356.936899603078,427.758717668961,2024-06-23
"latent_infections",496,248.423914296247,288.647207076325,317.366889308494,345.943560455199,412.797746408342,2024-06-30
"latent_infections",497,242.570593757009,280.213742847889,306.072173311776,333.943044949281,394.611207608548,2024-07-07
"latent_infections",498,239.036470650782,272.75630419185,295.308909968925,320.951101275965,375.261751282852,2024-07-14
"latent_infections",499,231.342822122804,263.251847401021,283.456886691136,307.476936539797,354.843968596376,2024-07-21
"latent_infections",500,220.466866298451,251.850796389166,271.253342404234,292.014151687244,335.220193969426,2024-07-28
"latent_infections",501,207.949138713498,238.717503626405,256.02036337444,275.466073864864,315.585765319507,2024-08-04
"latent_infections",502,195.162262156997,225.448166455836,241.187009517052,257.316875353246,293.779189126946,2024-08-11
"latent_infections",503,181.191703012609,209.236496244765,223.750707260365,238.944666308414,272.23164057226,2024-08-18
"latent_infections",504,166.911457926593,192.066668998417,206.207046434491,219.131871776265,250.300534945048,2024-08-25
"latent_infections",505,150.786415949139,174.38232077769,188.046859122171,199.447022243958,227.0235186724,2024-09-01
"latent_infections",506,134.391145402818,156.345644273129,169.505896396094,180.388156938922,205.424912383679,2024-09-08
"latent_infections",507,118.923724853297,139.142840163303,150.847559046654,162.105621764499,185.093303175258,2024-09-15
"latent_infections",508,104.991297026596,123.165348633304,133.544730347176,144.25595200058,165.374744644418,2024-09-22
"latent_infections",509,91.835346210725,109.061652409703,117.931931744327,128.251335689774,147.010636037114,2024-09-29
"latent_infections",510,80.8042990794615,96.3612223797094,104.087256002855,113.62253697418,131.948303483708,2024-10-06
"latent_infections",511,71.9273692756255,85.4194442582385,92.3785369395344,101.567957029384,119.339018305615,2024-10-13
"latent_infections",512,64.4101057215223,76.0472390862219,82.733335960786,91.3444698229069,109.494177550022,2024-10-20
"latent_infections",513,58.4324183490012,68.9092255516247,74.9632624487611,83.1147407486937,100.794372916535,2024-10-27
"latent_infections",514,54.2402893657998,62.8956555555683,69.0949686103602,76.4836313873411,92.6251316067547,2024-11-03
"latent_infections",515,50.7225550398138,58.9624931431834,64.7103956326072,71.6657880471639,87.3006514344538,2024-11-10
"latent_infections",516,48.4732988792946,56.2836481325135,62.0257593658474,68.3328876497704,83.8088925235887,2024-11-17
"latent_infections",517,47.0210925839324,54.8615236666701,61.108214642816,66.6760433871095,81.4653116820556,2024-11-24
"latent_infections",518,46.837372670558,55.127250609591,61.3384269650762,66.914360310951,82.361660645892,2024-12-01
"latent_infections",519,48.1410432304733,56.5828161834004,62.9904621236105,68.8416388977899,84.3500426111732,2024-12-08
"latent_infections",520,50.6222464877797,59.7382960664901,65.9421158650855,72.4599361736132,89.8447083230887,2024-12-15
"latent_infections",521,54.6666688192633,64.7148378210681,70.8739055544989,78.2712068012752,97.2660624707503,2024-12-22
"latent_infections",522,60.3200581218613,71.6366263240393,78.2883759261161,86.516204272461,107.503258409633,2024-12-29
"latent_infections",523,66.3099396974811,76.6539269165822,82.9796336268251,90.5026388697269,110.106901988852,2025-01-05
"latent_infections",524,73.4021861438218,86.2508293896301,92.9186299985732,101.178624505578,122.336279678386,2025-01-12
"latent_infections",525,83.5342753173203,96.1821972732106,103.006575750233,112.061858126927,133.009561562254,2025-01-19
"latent_infections",526,94.7612172279805,107.472644284755,115.183593275304,124.290367008665,145.338162147167,2025-01-26
"latent_infections",527,107.116081733138,120.088385986819,128.576478723031,138.844814572438,158.424368246544,2025-02-02
"latent_infections",528,118.925363736442,133.020725986817,142.88136911963,153.526488320179,175.114120684762,2025-02-09
"latent_infections",529,131.592464291644,146.796580288176,157.415537361551,168.346731468882,190.948531808712,2025-02-16
"latent_infections",530,142.849944595594,160.881439069119,171.571441075588,182.804671231327,210.250289891013,2025-02-23
"latent_infections",531,154.213416823678,173.024054997964,184.793187823977,196.844428711645,227.698683606768,2025-03-02
"latent_infections",532,161.726326006479,183.955671389387,195.661592728619,208.889270489389,243.114805846281,2025-03-09
"latent_infections",533,168.308204143516,191.531939014172,204.574206289927,219.008973738228,254.60605770349,2025-03-16
"latent_infections",534,170.729668494805,196.052569226347,209.860904624572,226.608559486042,261.141640107378,2025-03-23
"latent_infections",535,170.858148409565,198.322580513352,212.286865471024,229.1563224328,266.008444449075,2025-03-30
"latent_infections",536,169.09714346884,197.934293147659,213.073283524394,230.507657432496,267.035393131179,2025-04-06
"latent_infections",537,165.369310263055,194.027567230824,210.663014461305,229.17128605083,266.906677054433,2025-04-13
"latent_infections",538,161.265259611826,189.273599726799,207.275990666783,224.792549746161,261.261082605819,2025-04-20
"latent_infections",539,156.414542650747,184.219068285585,201.347112606861,220.418902293757,255.602736466529,2025-04-27
"latent_infections",540,151.001812652613,178.126097632643,195.510374330999,214.067486011731,249.055214267755,2025-05-04
"latent_infections",541,146.594176641155,173.391685292576,189.510163745248,208.40917349978,245.661637522774,2025-05-11
"latent_infections",542,142.840124936582,169.516394644,183.955858792068,202.904357877006,242.025607429318,2025-05-18
"latent_infections",543,139.466500286898,165.630042438721,179.802431544973,197.767578636145,237.081350940602,2025-05-25
"latent_infections",544,137.575046657631,162.357546170985,176.693447127963,194.437974854182,233.914101483084,2025-06-01
"latent_infections",545,135.943503079252,160.617325439362,174.671831514435,191.685681166428,230.108098063449,2025-06-08
"latent_infections",546,136.800681375303,159.648908151023,174.099053986595,190.328267448412,228.53184271278,2025-06-15
"latent_infections",547,137.820927854929,160.088891690685,175.438756888183,190.376785286336,225.955904366293,2025-06-22
"latent_infections",548,140.603251476693,161.839251207333,176.425974247717,191.425503428751,224.183566492808,2025-06-29
"latent_infections",549,143.315200106313,164.198704625469,178.027084999544,192.860503362188,225.132211322046,2025-07-06
"latent_infections",550,146.301746089309,166.713860622181,179.620011102228,195.02080308599,227.485566906418,2025-07-13
"latent_infections",551,149.046804963724,169.254140690101,181.609133281199,196.322558565137,225.471141880642,2025-07-20
"latent_infections",552,150.284119800541,170.68850107742,182.549561162443,196.5695849033,226.805479806049,2025-07-27
"latent_infections",553,150.835667042453,171.963079690726,183.797529458101,197.2299523261,226.805547778801,2025-08-03
"latent_infections",554,149.212593214799,170.658161031195,182.951872754184,196.582907973486,226.706827867691,2025-08-10
"latent_infections",555,146.815643919593,167.20082033864,181.369815213254,193.703743509751,223.108496647385,2025-08-17
"latent_infections",556,143.254612821646,162.782407009178,176.593357735139,189.204848894023,218.267523683643,2025-08-24
"latent_infections",557,137.941784490404,156.265765491588,170.359095104326,183.369346091384,212.369030793084,2025-08-31
"latent_infections",558,130.054148914021,148.268427183595,162.172822296581,175.80333009397,201.901705564198,2025-09-07
"latent_infections",559,122.562756093411,139.73012490296,152.686558635318,165.92083470968,192.272939126797,2025-09-14
"latent_infections",560,114.221078276321,129.736375991065,142.565030878642,155.676668598717,181.344272983273,2025-09-21
"latent_infections",561,103.732089305109,120.65218532797,131.821853123432,145.607107817329,169.65323804606,2025-09-28
"latent_infections",562,94.056966994148,111.181403771305,121.692050651507,135.349657466988,158.31116546004,2025-10-05
"latent_infections",563,85.6998845639228,102.58547969358,112.150713404491,125.675620047405,147.359917358454,2025-10-12
"latent_infections",564,78.0163656955064,94.5711233763801,103.521679597688,116.612270389255,138.48475829367,2025-10-19
"latent_infections",565,71.6319981588191,87.3582902312914,96.5361274389187,108.852368627802,130.374413621377,2025-10-26
"latent_infections",566,66.5999426341038,81.3266377052361,90.4828819006452,101.850171601694,123.835031573034,2025-11-02
"latent_infections",567,62.7747919501765,77.360284071494,85.495303491849,96.9080501954446,117.387148286906,2025-11-09
"latent_infections",568,60.2443341953378,74.5096201626227,82.6489887292719,93.2736548845362,116.32295686688,2025-11-16
"latent_infections",569,58.9332961597612,72.8528671786287,81.31655720393,91.5004412813201,115.982577198259,2025-11-23
"latent_infections",570,58.5219275010687,72.7942053795946,81.3945911609633,91.4152976916792,115.061050509122,2025-11-30
"latent_infections",571,58.9907424928476,73.7872609076049,82.7615643638518,92.6484949167932,116.616906792346,2025-12-07
"latent_infections",572,60.7388380234292,76.4013945461437,85.6328866833001,95.8198923593289,122.56679552946,2025-12-14
"latent_infections",573,64.7274621656443,80.7127962789927,90.0983855170147,101.035215919899,130.430468051527,2025-12-21
"susceptible_prop",1,1,1,1,1,1,2015-01-04
"susceptible_prop",2,0.999999891156454,0.999999891156454,0.999999891156454,0.999999891156454,0.999999891156454,2015-01-11
"susceptible_prop",3,0.999999758448089,0.999999759229121,0.999999759580375,0.999999759955182,0.999999760553107,2015-01-18
"susceptible_prop",4,0.999999547975852,0.999999551940961,0.999999554043334,0.999999555909582,0.999999558960546,2015-01-25
"susceptible_prop",5,0.999999252885738,0.99999926462173,0.999999270368048,0.999999275243699,0.999999284309521,2015-02-01
"susceptible_prop",6,0.999998857707742,0.999998883214097,0.999998894286225,0.999998904162746,0.999998923381909,2015-02-08
"susceptible_prop",7,0.999998338028158,0.999998388825443,0.999998409502611,0.999998427622993,0.999998465250518,2015-02-15
"susceptible_prop",8,0.999997672532212,0.999997765595026,0.999997799694718,0.99999783150472,0.999997898444904,2015-02-22
"susceptible_prop",9,0.999996847678899,0.999996995411782,0.999997053383914,0.999997105354935,0.999997208140702,2015-03-01
"susceptible_prop",10,0.999995849522987,0.999996070607216,0.999996153334667,0.999996231496634,0.999996379748363,2015-03-08
"susceptible_prop",11,0.999994657801136,0.999994972585737,0.999995096279116,0.999995211669568,0.999995414189105,2015-03-15
"susceptible_prop",12,0.999993272743466,0.999993696358208,0.999993885535499,0.999994027390603,0.99999432033219,2015-03-22
"susceptible_prop",13,0.999991687063835,0.999992254009414,0.999992507846876,0.999992687553035,0.9999931163159,2015-03-29
"susceptible_prop",14,0.999989903757577,0.999990646352506,0.999990965053822,0.999991210186125,0.999991796725331,2015-04-05
"susceptible_prop",15,0.999987889422754,0.999988842396173,0.999989264294435,0.999989601114713,0.999990362172569,2015-04-12
"susceptible_prop",16,0.999985718983955,0.999986912105648,0.999987398364813,0.999987841187366,0.999988777030199,2015-04-19
"susceptible_prop",17,0.999983359706647,0.999984767739909,0.999985406653053,0.999985942500729,0.999987012594622,2015-04-26
"susceptible_prop",18,0.999980805358951,0.999982518777995,0.999983236315753,0.999983898612523,0.999985119484661,2015-05-03
"susceptible_prop",19,0.999978014326459,0.999980056910474,0.99998086892075,0.999981695672172,0.999983145795356,2015-05-10
"susceptible_prop",20,0.999974973700267,0.999977385468244,0.99997833297578,0.999979297084787,0.999980922248782,2015-05-17
"susceptible_prop",21,0.999971669539979,0.999974464291695,0.999975638385865,0.999976722950559,0.99997856712311,2015-05-24
"susceptible_prop",22,0.999968000586106,0.99997135376747,0.999972684353895,0.999973907590593,0.999975919506367,2015-05-31
"susceptible_prop",23,0.99996402895682,0.999967841704194,0.999969427637449,0.999970783098344,0.999972973174609,2015-06-07
"susceptible_prop",24,0.999959663038285,0.999963925591651,0.999965772081381,0.999967347803637,0.999969754493613,2015-06-14
"susceptible_prop",25,0.999954851432102,0.999959678053701,0.999961639692879,0.999963424472122,0.99996619623857,2015-06-21
"susceptible_prop",26,0.999949272439271,0.999954664164804,0.999957071885349,0.999959003075015,0.999962297028402,2015-06-28
"susceptible_prop",27,0.99994287378162,0.99994911715177,0.999951747893066,0.999953955831225,0.9999575910408,2015-07-05
"susceptible_prop",28,0.999935613294945,0.999942510663697,0.999945500665372,0.999948142985983,0.999952149492352,2015-07-12
"susceptible_prop",29,0.99992733711569,0.999934869373158,0.999938436878521,0.999941324245677,0.999945751701932,2015-07-19
"susceptible_prop",30,0.999917728965663,0.999925939330136,0.999929960765322,0.999933258715504,0.999938121272135,2015-07-26
"susceptible_prop",31,0.999906428196865,0.999915550776966,0.999920053060877,0.999924042419709,0.999929553102468,2015-08-02
"susceptible_prop",32,0.999893886411134,0.999903551793772,0.999908694587679,0.999913239662739,0.999919418856747,2015-08-09
"susceptible_prop",33,0.999878705479307,0.99988968703329,0.999895512241786,0.999900821712068,0.999908133299941,2015-08-16
"susceptible_prop",34,0.999861376601564,0.999873775645332,0.999880534555099,0.999886914641679,0.999895438499776,2015-08-23
"susceptible_prop",35,0.999841552059515,0.999855590226428,0.999863840416942,0.999871252056202,0.999881347864578,2015-08-30
"susceptible_prop",36,0.999818398212698,0.999835539264252,0.999845137858656,0.99985341829967,0.999865188282229,2015-09-06
"susceptible_prop",37,0.999792350588324,0.999813523228012,0.999824192592133,0.999833952207075,0.999847822212832,2015-09-13
"susceptible_prop",38,0.999765459831549,0.999789078229186,0.999801495410916,0.999813007941705,0.999829294001261,2015-09-20
"susceptible_prop",39,0.99973404293502,0.999762816298062,0.999777082964638,0.999790387097685,0.999809161027683,2015-09-27
"susceptible_prop",40,0.99970292676235,0.999735053723194,0.999751131784886,0.999766121057834,0.999787945831898,2015-10-04
"susceptible_prop",41,0.99966723937699,0.999705978013098,0.999724794584002,0.99974071696075,0.99976727256126,2015-10-11
"susceptible_prop",42,0.999629207017212,0.999675789481887,0.999697001946057,0.999714931305121,0.999744552105977,2015-10-18
"susceptible_prop",43,0.999588885955597,0.999643256794042,0.999668006188274,0.999687445609642,0.999720942580682,2015-10-25
"susceptible_prop",44,0.999547438330656,0.999608305811572,0.999638125518387,0.999658787488742,0.99969688938405,2015-11-01
"susceptible_prop",45,0.999504936450154,0.999573008925528,0.999605493365469,0.999629291509588,0.999672444940516,2015-11-08
"susceptible_prop",46,0.999458440412123,0.999536609933998,0.999572216322325,0.999598019231769,0.999647131112787,2015-11-15
"susceptible_prop",47,0.999410050995776,0.999496674977638,0.999536410378898,0.999563773407199,0.999620029215316,2015-11-22
"susceptible_prop",48,0.999356581532198,0.999453790530963,0.999497640858081,0.99952714044613,0.999590260801252,2015-11-29
"susceptible_prop",49,0.999298248520794,0.999405767715951,0.99945510317543,0.999486980167425,0.999556764978848,2015-12-06
"susceptible_prop",50,0.999233351202988,0.999353505815014,0.999408158007561,0.999443040461427,0.999518656807491,2015-12-13
"susceptible_prop",51,0.999155873961024,0.999293386915571,0.999354644205458,0.999394347015911,0.999476564683306,2015-12-20
"susceptible_prop",52,0.999074924786084,0.999226222125237,0.999293858006947,0.999339551420071,0.999429790078949,2015-12-27
"susceptible_prop",53,0.99898183390893,0.999147702515639,0.999222720508579,0.999275942398528,0.99937439580497,2016-01-03
"susceptible_prop",54,0.998891688786551,0.999070283842352,0.999151528608595,0.999209958336857,0.999315368949091,2016-01-10
"susceptible_prop",55,0.998784861059431,0.99897926396514,0.999065737758299,0.999131201329116,0.999248517851052,2016-01-17
"susceptible_prop",56,0.998664077047971,0.998873502423007,0.998967179282617,0.999039405113949,0.999169860510089,2016-01-24
"susceptible_prop",57,0.998524560896235,0.99874950310287,0.998852695329815,0.998931272204242,0.999072367401618,2016-01-31
"susceptible_prop",58,0.998366411514877,0.998606175560259,0.998717512182552,0.998800545793398,0.998956742627833,2016-02-07
"susceptible_prop",59,0.998172484723193,0.998441508333345,0.998554956031332,0.998643240582641,0.998818112446729,2016-02-14
"susceptible_prop",60,0.997946654835476,0.998240148453043,0.998364432723167,0.998457318430573,0.998650479535465,2016-02-21
"susceptible_prop",61,0.997690200895974,0.998000646510035,0.998132369565522,0.998245908572104,0.998445283311279,2016-02-28
"susceptible_prop",62,0.99740363121922,0.99774028959136,0.997875079047535,0.997998911075029,0.99822376310698,2016-03-06
"susceptible_prop",63,0.997082378258008,0.997430692628265,0.99758323488117,0.997718873210002,0.997966527276098,2016-03-13
"susceptible_prop",64,0.996729574848208,0.997086359718982,0.997251484931638,0.99740016078394,0.997700956754911,2016-03-20
"susceptible_prop",65,0.996344116082585,0.996713390423169,0.996888668642698,0.997045209241554,0.997398012846386,2016-03-27
"susceptible_prop",66,0.995929255317043,0.996305699619772,0.996505786280779,0.996682374694801,0.997054261449208,2016-04-03
"susceptible_prop",67,0.995473469683901,0.995867060449153,0.996105083778661,0.996304151013457,0.996705959813855,2016-04-10
"susceptible_prop",68,0.994980447554527,0.995435422201182,0.995685876418786,0.995899762689007,0.996370322849442,2016-04-17
"susceptible_prop",69,0.994448134881809,0.99499047298726,0.995263846955385,0.995523696923365,0.99602055359661,2016-04-24
"susceptible_prop",70,0.993911304291091,0.99455173874492,0.994847744744905,0.995140305792767,0.995692150918323,2016-05-01
"susceptible_prop",71,0.99339621986439,0.994105998795134,0.994449946955298,0.994752198702749,0.995373336050016,2016-05-08
"susceptible_prop",72,0.992891936546165,0.993694644580032,0.994064526227266,0.994382788292117,0.995056489219432,2016-05-15
"susceptible_prop",73,0.992411466039007,0.993278724459331,0.993706392567093,0.994032199274333,0.994773426864275,2016-05-22
"susceptible_prop",74,0.991933123089572,0.992906304369888,0.993349704193201,0.993689427448046,0.994505099998107,2016-05-29
"susceptible_prop",75,0.99148825996816,0.992549199623426,0.993011527759269,0.993372832666746,0.99425008315184,2016-06-05
"susceptible_prop",76,0.991067255657962,0.992220820466625,0.99270021855328,0.993087002483508,0.994007694412936,2016-06-12
"susceptible_prop",77,0.990678386317843,0.991925135569331,0.992404501201803,0.992811991660161,0.993780407153958,2016-06-19
"susceptible_prop",78,0.990321822231401,0.991654785154987,0.992141891733872,0.992547401812224,0.993565528208937,2016-06-26
"susceptible_prop",79,0.989997585749508,0.991403827477936,0.991896470413725,0.992313126110757,0.993355970779858,2016-07-03
"susceptible_prop",80,0.989704807276315,0.991173369962021,0.991666289476174,0.992113612239596,0.99315869948221,2016-07-10
"susceptible_prop",81,0.989442740339363,0.990950472621437,0.991453028704279,0.991913450933655,0.992999377222115,2016-07-17
"susceptible_prop",82,0.98921037687159,0.990737393501045,0.991271502386289,0.991733627611642,0.992837617580618,2016-07-24
"susceptible_prop",83,0.989006304732247,0.99055268087549,0.991097946489908,0.991572202421374,0.992689147301096,2016-07-31
"susceptible_prop",84,0.988829163900787,0.99039203523184,0.990947616347273,0.991416081052196,0.992554236298912,2016-08-07
"susceptible_prop",85,0.988668948677703,0.990251290949844,0.990818046569234,0.991279469815228,0.992432763787003,2016-08-14
"susceptible_prop",86,0.988498261305008,0.990123000583107,0.990709330141554,0.991171198829471,0.99232497044447,2016-08-21
"susceptible_prop",87,0.988355125669663,0.990006915373011,0.990615483649169,0.991074365893792,0.992236538296255,2016-08-28
"susceptible_prop",88,0.988236804301645,0.989910021250231,0.990528930214256,0.990992895161513,0.992164205625034,2016-09-04
"susceptible_prop",89,0.988143305093727,0.989832740870947,0.990451660998259,0.990913251376977,0.992101867257655,2016-09-11
"susceptible_prop",90,0.988077190125075,0.989763417903214,0.990387923723697,0.990850383488506,0.992048543570922,2016-09-18
"susceptible_prop",91,0.988022669457287,0.989711488941343,0.99033880919047,0.990796642866294,0.992003194168009,2016-09-25
"susceptible_prop",92,0.987977859374015,0.989671209094714,0.990296133741601,0.990754345695065,0.991964676522341,2016-10-02
"susceptible_prop",93,0.987941068252293,0.989635205030542,0.990261984572016,0.990714269083543,0.991931898935086,2016-10-09
"susceptible_prop",94,0.987910535178235,0.989605782167659,0.990233413796051,0.990680276256241,0.991903866923235,2016-10-16
"susceptible_prop",95,0.987885171175852,0.989581189174145,0.990209467879626,0.990651126091066,0.991879838647683,2016-10-23
"susceptible_prop",96,0.987863831481757,0.989558518990511,0.990188736337674,0.99062657332788,0.991859005030431,2016-10-30
"susceptible_prop",97,0.987845428884142,0.989539118467137,0.990170105681085,0.990609174388217,0.991840575906122,2016-11-06
"susceptible_prop",98,0.987829402384124,0.989523449974334,0.99015392654842,0.990594442270008,0.991824103065596,2016-11-13
"susceptible_prop",99,0.987814847288929,0.98951163363701,0.990138750706578,0.990578853702956,0.991808902408458,2016-11-20
"susceptible_prop",100,0.987801440726394,0.98949804170122,0.990122472722753,0.990567505690457,0.991794680069896,2016-11-27
"susceptible_prop",101,0.987788524068008,0.98948486391942,0.990107158550231,0.99055695285633,0.991780918857984,2016-12-04
"susceptible_prop",102,0.987775639823768,0.989471669631524,0.990093219560503,0.99054664943013,0.991767050555761,2016-12-11
"susceptible_prop",103,0.987762357719973,0.989458584756035,0.990081493806703,0.990536084374932,0.991752005809405,2016-12-18
"susceptible_prop",104,0.987748220739673,0.989444724131314,0.990069949291711,0.990523451513781,0.991736452915073,2016-12-25
"susceptible_prop",105,0.987732667161941,0.989429519828218,0.99005645145598,0.990509033230595,0.991719956089042,2017-01-01
"susceptible_prop",106,0.987718259201619,0.989414921440648,0.99004092037146,0.990496602243027,0.991703669069117,2017-01-08
"susceptible_prop",107,0.987702288759273,0.989398765512361,0.990022104218776,0.990483285007104,0.991686105338096,2017-01-15
"susceptible_prop",108,0.987685793481104,0.989381862100456,0.990002776984536,0.990465940746994,0.991667752401968,2017-01-22
"susceptible_prop",109,0.987668064999905,0.989363593297166,0.989984249249726,0.990445524538668,0.991648093762494,2017-01-29
"susceptible_prop",110,0.987649243978616,0.989344311038995,0.989964609560393,0.990423789967862,0.9916271898491,2017-02-05
"susceptible_prop",111,0.987629304198366,0.989324808746859,0.989943691417156,0.990400752828711,0.991604999592489,2017-02-12
"susceptible_prop",112,0.987608423484065,0.989304302930801,0.989921045461973,0.990376626346944,0.991581648832874,2017-02-19
"susceptible_prop",113,0.987586421079626,0.989282671434984,0.989897017996212,0.990354102737451,0.991557046013427,2017-02-26
"susceptible_prop",114,0.987563624849409,0.989261820958312,0.989871902391782,0.990331433835961,0.991531472063757,2017-03-05
"susceptible_prop",115,0.987540797314787,0.98924087194074,0.989846372541135,0.990308323060056,0.991505529008878,2017-03-12
"susceptible_prop",116,0.987517809205036,0.989216816500829,0.989820399248253,0.990283920922001,0.991479230100322,2017-03-19
"susceptible_prop",117,0.987495284671541,0.989190263289441,0.989794584912871,0.990258457860783,0.991453113492855,2017-03-26
"susceptible_prop",118,0.987473365507434,0.989167484626051,0.989770774924053,0.990233738014363,0.991427389994885,2017-04-02
"susceptible_prop",119,0.987452385469152,0.989148115867692,0.989746573876638,0.990209945634352,0.991402394551382,2017-04-09
"susceptible_prop",120,0.987432569165522,0.989129069199521,0.989722648399657,0.990186451170361,0.991378372756801,2017-04-16
"susceptible_prop",121,0.987414285737066,0.989107617091697,0.989700158440685,0.99016475571208,0.991355649426796,2017-04-23
"susceptible_prop",122,0.98739743166796,0.989089269409889,0.989678701123722,0.990144798218193,0.991334202027625,2017-04-30
"susceptible_prop",123,0.987381827212613,0.989067162739501,0.989660041980966,0.990125479176476,0.9913139320583,2017-05-07
"susceptible_prop",124,0.987367614464582,0.989045954656142,0.989642479126477,0.990110124167123,0.991294941242464,2017-05-14
"susceptible_prop",125,0.987354647687928,0.989026593295247,0.9896258740242,0.990095988739399,0.991277115432839,2017-05-21
"susceptible_prop",126,0.987342659533747,0.989011149389542,0.989610431658525,0.99008278884818,0.991260242877821,2017-05-28
"susceptible_prop",127,0.98733126728423,0.989000456923333,0.989595783540745,0.990070155257738,0.991244022764234,2017-06-04
"susceptible_prop",128,0.987320644223972,0.98898964288582,0.989582500903377,0.990057922746082,0.991228533803504,2017-06-11
"susceptible_prop",129,0.987310423570311,0.988976792875794,0.989570648023441,0.990044048896089,0.991213480827125,2017-06-18
"susceptible_prop",130,0.987300504382607,0.988964395177701,0.989558729121917,0.99002979272877,0.991198755724777,2017-06-25
"susceptible_prop",131,0.987290872466236,0.988952375247788,0.989547438546785,0.990015810177084,0.991184317292271,2017-07-02
"susceptible_prop",132,0.987281103099026,0.988940310522347,0.989536965204963,0.990001235945619,0.99116984924276,2017-07-09
"susceptible_prop",133,0.987271396068691,0.988927371453208,0.98952645944815,0.989986934622375,0.991155480962805,2017-07-16
"susceptible_prop",134,0.987261643555265,0.988914265666737,0.989514980840601,0.989972831345101,0.991141142463916,2017-07-23
"susceptible_prop",135,0.987251804704138,0.988900868514713,0.98950211420514,0.989958485643781,0.991126825067496,2017-07-30
"susceptible_prop",136,0.987241945519844,0.988887826146148,0.989488607268022,0.989944087279782,0.991112608569223,2017-08-06
"susceptible_prop",137,0.987232092678178,0.988874992673778,0.989474795006397,0.989932496521302,0.991098557104711,2017-08-13
"susceptible_prop",138,0.987222213850123,0.988862563673285,0.989461953144123,0.989921146384419,0.991084701237288,2017-08-20
"susceptible_prop",139,0.987212585403261,0.988849679364825,0.989449518420712,0.989910286830928,0.991071289253563,2017-08-27
"susceptible_prop",140,0.987203144213292,0.988837813248525,0.989437712228502,0.98989955561332,0.991058329055761,2017-09-03
"susceptible_prop",141,0.987194099006568,0.988825890982172,0.989426233495379,0.989889455391539,0.991046009556396,2017-09-10
"susceptible_prop",142,0.987185814762703,0.988815510554594,0.989415667788893,0.989880294230337,0.991034616202871,2017-09-17
"susceptible_prop",143,0.987178277186367,0.988806209590005,0.989405889122023,0.989871759446853,0.991024154065163,2017-09-24
"susceptible_prop",144,0.987171413935675,0.98879788368601,0.989396999013845,0.989863591347092,0.991014571950903,2017-10-01
"susceptible_prop",145,0.987165344334735,0.988790584141911,0.989388832339407,0.989855819139406,0.991005938770089,2017-10-08
"susceptible_prop",146,0.987159763063495,0.98878398620986,0.989381908984355,0.98984892199184,0.9909980142954,2017-10-15
"susceptible_prop",147,0.987155260048128,0.988778440264434,0.989375734335729,0.989843306335593,0.990991177464822,2017-10-22
"susceptible_prop",148,0.98715129655647,0.988772989699478,0.989370059235457,0.989838476594686,0.990985010371418,2017-10-29
"susceptible_prop",149,0.987147769531282,0.98876809740653,0.98936484068541,0.98983428002812,0.990979397640485,2017-11-05
"susceptible_prop",150,0.987144991155276,0.98876401258599,0.989360324538461,0.989830896104216,0.990974514500542,2017-11-12
"susceptible_prop",151,0.987142489903463,0.98876029686665,0.989356562315415,0.989827890721623,0.990969986415246,2017-11-19
"susceptible_prop",152,0.987140420367682,0.988757058089716,0.989353045528922,0.989825331914334,0.990965879569983,2017-11-26
"susceptible_prop",153,0.987138660317192,0.988754162046031,0.989349789616624,0.989823074578231,0.990962067146327,2017-12-03
"susceptible_prop",154,0.987136862817575,0.988751278416966,0.989346470602009,0.989820799819528,0.990958265701068,2017-12-10
"susceptible_prop",155,0.987135025089658,0.988748378332519,0.989343487732898,0.989818462911922,0.990954434784851,2017-12-17
"susceptible_prop",156,0.98713325790912,0.988745532743206,0.98934057176618,0.989816108677033,0.99095061485458,2017-12-24
"susceptible_prop",157,0.987131368810906,0.988742740860687,0.989337458586463,0.989813539704036,0.990946634117971,2017-12-31
"susceptible_prop",158,0.98712921323612,0.988739870367155,0.989333715978018,0.989810592988642,0.990942342776189,2018-01-07
"susceptible_prop",159,0.987126179319493,0.988736318142182,0.989329402177775,0.989806940734064,0.990937471841985,2018-01-14
"susceptible_prop",160,0.987122566846432,0.988732260976509,0.989324530063104,0.989802580857367,0.990932082026506,2018-01-21
"susceptible_prop",161,0.98711797474524,0.98872740714798,0.989318648974099,0.989797217290754,0.990925966379038,2018-01-28
"susceptible_prop",162,0.987112292201928,0.98872167822767,0.989310835568499,0.98979069899483,0.990919059094371,2018-02-04
"susceptible_prop",163,0.987105534679644,0.988715125154587,0.989303944287671,0.989782999565363,0.990911412862187,2018-02-11
"susceptible_prop",164,0.987096797537233,0.988707003285824,0.989296251032419,0.989773388564899,0.990902448420966,2018-02-18
"susceptible_prop",165,0.987087087720492,0.988698245731549,0.989287550308438,0.989762681235937,0.990892942229074,2018-02-25
"susceptible_prop",166,0.987075834944569,0.988688407260566,0.989277613945098,0.989750483925103,0.990882562043323,2018-03-04
"susceptible_prop",167,0.987063111007824,0.98867631614328,0.989266736183267,0.989736953266237,0.990871421384713,2018-03-11
"susceptible_prop",168,0.987049000269438,0.98866343075172,0.989254834938075,0.989722288899352,0.990859594789729,2018-03-18
"susceptible_prop",169,0.987033783530142,0.988647998120347,0.989240190729847,0.98971009071336,0.990847296395413,2018-03-25
"susceptible_prop",170,0.987017423210852,0.988631821723019,0.989224674350418,0.989697260727815,0.990834516604903,2018-04-01
"susceptible_prop",171,0.987000933177962,0.988615793498155,0.989211965606137,0.989684347143377,0.9908219422309,2018-04-08
"susceptible_prop",172,0.986984240343474,0.988599839903313,0.989199121650882,0.989671257908895,0.990809473450924,2018-04-15
"susceptible_prop",173,0.986967827380373,0.988584364786812,0.989186767686777,0.989658347320136,0.990797391333545,2018-04-22
"susceptible_prop",174,0.986951674307689,0.988569326690826,0.989173210756517,0.989645579102904,0.990785618579209,2018-04-29
"susceptible_prop",175,0.986936086404736,0.988556638314651,0.989159291457675,0.989632828355095,0.990774310843426,2018-05-06
"susceptible_prop",176,0.986921310205011,0.988546472332759,0.98914764308993,0.989619464183289,0.990763590019176,2018-05-13
"susceptible_prop",177,0.986907451805168,0.988537433988113,0.98913733856394,0.989606014770419,0.990753488596234,2018-05-20
"susceptible_prop",178,0.986894248827193,0.988528814523343,0.989126893883198,0.989592873854038,0.990743788720219,2018-05-27
"susceptible_prop",179,0.986881483048866,0.988520370411129,0.989115475292448,0.989583532956039,0.990734312480808,2018-06-03
"susceptible_prop",180,0.986869715429691,0.988512556058268,0.989105897133304,0.989576294340416,0.990725439438678,2018-06-10
"susceptible_prop",181,0.986858315128117,0.988504795714985,0.989097760776043,0.989568741894351,0.990716712800176,2018-06-17
"susceptible_prop",182,0.986847507987131,0.988497272704792,0.989090061898397,0.989559127464538,0.99070825750287,2018-06-24
"susceptible_prop",183,0.986837307361478,0.988489565603051,0.989082777474075,0.989550142729537,0.990700075232757,2018-07-01
"susceptible_prop",184,0.986827843635031,0.988480890056962,0.989075859047573,0.989541426267276,0.990691875977163,2018-07-08
"susceptible_prop",185,0.986822448645002,0.98847288839125,0.989069767870597,0.989533399942123,0.990683775455899,2018-07-15
"susceptible_prop",186,0.986817097224911,0.988465070381162,0.989063568430707,0.989525528628265,0.990673012703778,2018-07-22
"susceptible_prop",187,0.986812097927228,0.988457690378111,0.9890573194809,0.989518137333933,0.990662970091513,2018-07-29
"susceptible_prop",188,0.98680747472277,0.988450768989481,0.989051476247843,0.989511265631032,0.990653699082506,2018-08-05
"susceptible_prop",189,0.986803061672874,0.988444174035072,0.989045137135904,0.989504788550731,0.990645110425998,2018-08-12
"susceptible_prop",190,0.986799035588171,0.988438083722312,0.989038399191365,0.989498854591079,0.990637347674198,2018-08-19
"susceptible_prop",191,0.986795379561299,0.988432569227276,0.989031040749731,0.989493457244523,0.990630403777965,2018-08-26
"susceptible_prop",192,0.986792138062552,0.988427661901439,0.989024470030256,0.989488635948549,0.990624300096011,2018-09-02
"susceptible_prop",193,0.986789412754569,0.988423439761719,0.98901879068151,0.989484471203251,0.990619083509732,2018-09-09
"susceptible_prop",194,0.986787042970709,0.988419777116842,0.989013868968984,0.989480829241325,0.990614601336692,2018-09-16
"susceptible_prop",195,0.98678530873107,0.988416922913623,0.989009918710943,0.989477921464449,0.990611003857803,2018-09-23
"susceptible_prop",196,0.986783970118021,0.988414191075812,0.989005820432623,0.989475540211342,0.990608065929714,2018-09-30
"susceptible_prop",197,0.986783093391159,0.98841192457784,0.989002380609237,0.989473717647658,0.990605777857121,2018-10-07
"susceptible_prop",198,0.986782403443968,0.988410030068596,0.988999419425977,0.989472211577853,0.990603888638693,2018-10-14
"susceptible_prop",199,0.986782306144088,0.988408836542419,0.988997232345345,0.989471321207866,0.990602635151359,2018-10-21
"susceptible_prop",200,0.986782502607328,0.98840825019052,0.988995524224856,0.989470764578609,0.990601758476658,2018-10-28
"susceptible_prop",201,0.986782847450966,0.988408055313538,0.988994254052933,0.989470274211031,0.990601114451079,2018-11-04
"susceptible_prop",202,0.986783389875469,0.98840810876367,0.988993290644412,0.989470026825769,0.99060070263069,2018-11-11
"susceptible_prop",203,0.986784147293524,0.988408401112942,0.988992856541388,0.989470015576417,0.990600504508696,2018-11-18
"susceptible_prop",204,0.986784950545012,0.988408762074143,0.988992767650694,0.989470086346746,0.990600372257951,2018-11-25
"susceptible_prop",205,0.986785661254824,0.988409050414758,0.988992627160291,0.989470294098488,0.990600181969374,2018-12-02
"susceptible_prop",206,0.986786560692772,0.988409494150926,0.988993152670328,0.989471289019547,0.990600108851929,2018-12-09
"susceptible_prop",207,0.986787237350877,0.988409713827727,0.988993476221312,0.989471975688622,0.990599834399181,2018-12-16
"susceptible_prop",208,0.986788067558317,0.988410020426969,0.988993893859481,0.989472488947307,0.990599598152033,2018-12-23
"susceptible_prop",209,0.986788646316672,0.988410038241395,0.988994048603421,0.989472761979145,0.990599079758194,2018-12-30
"susceptible_prop",210,0.986789014202238,0.988409780854859,0.988993951603394,0.989472805330723,0.990598077223564,2019-01-06
"susceptible_prop",211,0.986788655763022,0.988408824230492,0.988993237499696,0.989472370893223,0.990596211457195,2019-01-13
"susceptible_prop",212,0.986787767397102,0.988407246885331,0.988991798680152,0.989471447817381,0.99059379458226,2019-01-20
"susceptible_prop",213,0.986786064132841,0.988404827378615,0.988988868604232,0.989469894228598,0.990590597973213,2019-01-27
"susceptible_prop",214,0.986783105905329,0.988401165390645,0.988984873217968,0.989467349184682,0.990586288526919,2019-02-03
"susceptible_prop",215,0.986778932126512,0.988396301688482,0.988979890432016,0.989463851185044,0.990580884242936,2019-02-10
"susceptible_prop",216,0.986773302918957,0.988390245013409,0.988973790922426,0.989459224498927,0.990574217126412,2019-02-17
"susceptible_prop",217,0.986765822869012,0.988382416893264,0.988966340290715,0.989453178065329,0.99056602800189,2019-02-24
"susceptible_prop",218,0.986756306307584,0.988372146280194,0.988957506354917,0.989445603009258,0.990556229028644,2019-03-03
"susceptible_prop",219,0.986744269415898,0.988360339454815,0.988947033653323,0.989435048677029,0.990544541066461,2019-03-10
"susceptible_prop",220,0.986730001220782,0.988347091488381,0.988935303069577,0.989421213370326,0.990531253061948,2019-03-17
"susceptible_prop",221,0.986713411621877,0.988331757051907,0.988922011241209,0.989404897895552,0.990516391617416,2019-03-24
"susceptible_prop",222,0.986694353467882,0.988313863144024,0.988904863398976,0.989386601059091,0.990499938741547,2019-03-31
"susceptible_prop",223,0.98667275229453,0.9882930412894,0.988888961317232,0.989367422445795,0.990481911845029,2019-04-07
"susceptible_prop",224,0.986649204225165,0.988271809001208,0.988872114808971,0.989347247648497,0.990462780176942,2019-04-14
"susceptible_prop",225,0.986623944404126,0.988251499246958,0.988850967664586,0.989327026494339,0.990442721442812,2019-04-21
"susceptible_prop",226,0.986597575255076,0.988233231460103,0.988827496111727,0.989307728605841,0.990422095512025,2019-04-28
"susceptible_prop",227,0.986570270995883,0.988213319192606,0.988807789147715,0.98928566014121,0.99040097104534,2019-05-05
"susceptible_prop",228,0.986542488810118,0.988193656475297,0.98878692940271,0.98926214510321,0.990378591435686,2019-05-12
"susceptible_prop",229,0.986518421594444,0.988174221415204,0.98876609319223,0.989238739207587,0.990355308079635,2019-05-19
"susceptible_prop",230,0.986500037507573,0.988155525722791,0.988746826007818,0.98921541901898,0.990331689344843,2019-05-26
"susceptible_prop",231,0.9864818393766,0.988134079373069,0.988726961114152,0.989196016025149,0.990307906509347,2019-06-02
"susceptible_prop",232,0.986463925629908,0.988112027101086,0.988706026442167,0.989178329445241,0.990284110885539,2019-06-09
"susceptible_prop",233,0.986446082279609,0.988090790776865,0.988686320231438,0.989160484128882,0.990260183005439,2019-06-16
"susceptible_prop",234,0.986428109594851,0.988070091044105,0.988667040270253,0.989141330824696,0.990236143805123,2019-06-23
"susceptible_prop",235,0.986410064755642,0.98804980369916,0.988647931183182,0.989115774842762,0.990212111856025,2019-06-30
"susceptible_prop",236,0.986391863413822,0.988025884400584,0.988628965671979,0.989088748611649,0.990188180194483,2019-07-07
"susceptible_prop",237,0.986373317963729,0.988000677001677,0.988606451634233,0.989064832126575,0.990164335608458,2019-07-14
"susceptible_prop",238,0.986354392330592,0.987978865105856,0.988582668960616,0.989043517581267,0.990140680336629,2019-07-21
"susceptible_prop",239,0.986335165265145,0.987961327608984,0.988559361285785,0.98902327684941,0.990117400393116,2019-07-28
"susceptible_prop",240,0.986315617267003,0.987942008606939,0.988532839244526,0.989003137825547,0.990094603137128,2019-08-04
"susceptible_prop",241,0.986295993338798,0.987921096875125,0.988504865989111,0.98898339578414,0.990072569387984,2019-08-11
"susceptible_prop",242,0.986276432021551,0.987901420602267,0.988480959572164,0.988964239797187,0.990051474486298,2019-08-18
"susceptible_prop",243,0.986257051694737,0.987880652280758,0.988460523902821,0.988945812583639,0.990031442129564,2019-08-25
"susceptible_prop",244,0.98623817626381,0.987861230445582,0.988442890451177,0.988928112741045,0.990012703723444,2019-09-01
"susceptible_prop",245,0.986220140522718,0.987841915384684,0.988426725556765,0.98891255313182,0.98999545825431,2019-09-08
"susceptible_prop",246,0.986203062796274,0.987825747356452,0.988412042810587,0.988898380162099,0.989979713293549,2019-09-15
"susceptible_prop",247,0.986187211296031,0.987814102764408,0.988398958359251,0.988885146589945,0.989965560989623,2019-09-22
"susceptible_prop",248,0.986172441645091,0.987803327804438,0.98838723144241,0.988872707215857,0.989951914735549,2019-09-29
"susceptible_prop",249,0.986158794570421,0.987793035653714,0.988376778749182,0.988861075665118,0.989938645659886,2019-10-06
"susceptible_prop",250,0.986146241733481,0.987783961009343,0.988367470652829,0.988849786773042,0.98992622433318,2019-10-13
"susceptible_prop",251,0.986134744066783,0.987775979108876,0.988359186220248,0.988839236940033,0.989914351550221,2019-10-20
"susceptible_prop",252,0.986124164365147,0.987768531672482,0.988350651782251,0.988829396676681,0.989903451212693,2019-10-27
"susceptible_prop",253,0.986114451679101,0.987761835662797,0.98834254084222,0.988820232966938,0.989893421466089,2019-11-03
"susceptible_prop",254,0.986105358075277,0.987755636962574,0.988335006552757,0.988812042559314,0.989884019940464,2019-11-10
"susceptible_prop",255,0.986096683757674,0.987747347901494,0.988327829081937,0.988805566644774,0.98987670402958,2019-11-17
"susceptible_prop",256,0.986088287312999,0.987740257470142,0.988320845029499,0.988799307563176,0.989869208746411,2019-11-24
"susceptible_prop",257,0.986079926820501,0.987733340822228,0.988313810104665,0.988793331421565,0.989860485683358,2019-12-01
"susceptible_prop",258,0.986071033669705,0.98772702975145,0.988306205073339,0.988785758679103,0.989851139369509,2019-12-08
"susceptible_prop",259,0.986061802089266,0.987720558277312,0.988298146253925,0.988777615575501,0.989841221492181,2019-12-15
"susceptible_prop",260,0.986051904283289,0.987713694878358,0.988289302785338,0.988768326037559,0.989830383874866,2019-12-22
"susceptible_prop",261,0.986040464833022,0.987705740553002,0.988277974380692,0.988757135640852,0.989817852834037,2019-12-29
"susceptible_prop",262,0.986027275892019,0.987696584078146,0.988263164757548,0.988743711247178,0.989804716698536,2020-01-05
"susceptible_prop",263,0.986013466613345,0.987685418434792,0.988247364088659,0.988726438083283,0.989791220416438,2020-01-12
"susceptible_prop",264,0.985997170690615,0.987671049436551,0.988228406178619,0.988710697861886,0.989775544158057,2020-01-19
"susceptible_prop",265,0.985978283640553,0.987654262733004,0.988206238256722,0.988694902083915,0.989757706020234,2020-01-26
"susceptible_prop",266,0.985956382770622,0.987635695665773,0.988183192997635,0.988674018632469,0.989737275142403,2020-02-02
"susceptible_prop",267,0.985933827063555,0.987606719374517,0.988157738836466,0.988651661706456,0.989713929086076,2020-02-09
"susceptible_prop",268,0.985907055701711,0.987582724025971,0.988127054105168,0.988627056389943,0.989687435346311,2020-02-16
"susceptible_prop",269,0.985875421760854,0.987550165745747,0.988092105123399,0.988598952131227,0.98965750801898,2020-02-23
"susceptible_prop",270,0.985838257615243,0.987514839352658,0.988053057702738,0.988567180497063,0.989623617107227,2020-03-01
"susceptible_prop",271,0.985799673062567,0.987474702906609,0.988013008559246,0.988520732755466,0.989586535290456,2020-03-08
"susceptible_prop",272,0.985757207148976,0.987426121309547,0.987968206785588,0.98847892896548,0.989546277571876,2020-03-15
"susceptible_prop",273,0.985711005172393,0.987376857387545,0.987918672201839,0.988436496672969,0.989502867101576,2020-03-22
"susceptible_prop",274,0.985667757353587,0.987319827089115,0.987865531434403,0.988376373441485,0.989456921353075,2020-03-29
"susceptible_prop",275,0.9856237652274,0.987260225723845,0.987812905393719,0.988311657213005,0.989409303171325,2020-04-05
"susceptible_prop",276,0.98557780998399,0.987206037683483,0.987763099135249,0.988257766930775,0.989360401827335,2020-04-12
"susceptible_prop",277,0.985530733594892,0.98714315131078,0.98769851069443,0.988196151003727,0.989309533717702,2020-04-19
"susceptible_prop",278,0.985482297574832,0.987081377861221,0.987633069684654,0.988126235823746,0.989248593853421,2020-04-26
"susceptible_prop",279,0.985433040789282,0.98701812537834,0.987577831890794,0.988070326252142,0.989186854222441,2020-05-03
"susceptible_prop",280,0.985383451305901,0.986958285239394,0.987521045993041,0.988013090949747,0.98912509015182,2020-05-10
"susceptible_prop",281,0.985333274299227,0.986903470916456,0.987464615509762,0.987958601368111,0.989073843725581,2020-05-17
"susceptible_prop",282,0.985282443539705,0.986843221220239,0.987409368970338,0.98790600085406,0.989014918286255,2020-05-24
"susceptible_prop",283,0.985231039187068,0.986793321974923,0.987355594738846,0.98785993688786,0.988944607459629,2020-05-31
"susceptible_prop",284,0.985179042036759,0.986744407353609,0.987306360827458,0.987808936205235,0.988881544446744,2020-06-07
"susceptible_prop",285,0.98512613203482,0.986688696539195,0.987249282780465,0.987754627731867,0.988827657749742,2020-06-14
"susceptible_prop",286,0.985072666278395,0.986633006971198,0.987200738268055,0.98770984797982,0.988773394192513,2020-06-21
"susceptible_prop",287,0.985018465097681,0.986568406914945,0.987146532372611,0.987656651879118,0.988718428460876,2020-06-28
"susceptible_prop",288,0.984963720974793,0.986519597621528,0.987092793100417,0.987599424516577,0.988662746113304,2020-07-05
"susceptible_prop",289,0.984915164024965,0.986460688906249,0.987037532118739,0.987546359754922,0.988606321136185,2020-07-12
"susceptible_prop",290,0.984870384318444,0.986411682705516,0.986980482697667,0.987490533864471,0.988548549715068,2020-07-19
"susceptible_prop",291,0.984825572995471,0.986364014496186,0.986919954512288,0.987432831142421,0.988488782024156,2020-07-26
"susceptible_prop",292,0.984780744803355,0.986310270523651,0.986863187390378,0.987379314133749,0.988429647462185,2020-08-02
"susceptible_prop",293,0.984736529904436,0.986252604201158,0.986808468616154,0.987325930159086,0.988372080296884,2020-08-09
"susceptible_prop",294,0.984692899038906,0.986195836158653,0.986758800145325,0.987281499999748,0.988316504901494,2020-08-16
"susceptible_prop",295,0.984650289788714,0.986145913987146,0.986710940845331,0.987234856528038,0.988264270796577,2020-08-23
"susceptible_prop",296,0.984608976348821,0.986100089140707,0.986665182582219,0.987183836125642,0.988218802962284,2020-08-30
"susceptible_prop",297,0.984569521427091,0.986058175597698,0.986621407840764,0.98713543195812,0.988175491004746,2020-09-06
"susceptible_prop",298,0.984531944754357,0.986019034750772,0.986580442841003,0.987090306679709,0.988135195739387,2020-09-13
"susceptible_prop",299,0.984496815464774,0.985983157514944,0.986543213332227,0.987049010491447,0.988097329059875,2020-09-20
"susceptible_prop",300,0.984464065510796,0.985949525509998,0.986505564006063,0.987009994976661,0.988062864593684,2020-09-27
"susceptible_prop",301,0.984433645823854,0.985917434288268,0.986470295348368,0.986978755494976,0.98803334906058,2020-10-04
"susceptible_prop",302,0.984405576881158,0.985890226475076,0.986444235147328,0.98695094850752,0.988007027972799,2020-10-11
"susceptible_prop",303,0.98437965879201,0.985865425455442,0.986417208296728,0.986925659941685,0.987980069122584,2020-10-18
"susceptible_prop",304,0.984355841057883,0.985843191791871,0.986393517584233,0.986902921717474,0.987955418970725,2020-10-25
"susceptible_prop",305,0.98433386891753,0.985825497324106,0.986372079933487,0.986882749168737,0.987932699646715,2020-11-01
"susceptible_prop",306,0.984313269532783,0.985806199311826,0.986352315256045,0.986864421371436,0.987913874880282,2020-11-08
"susceptible_prop",307,0.984293829657619,0.98578809155738,0.986333890130633,0.98684739724204,0.987896916454299,2020-11-15
"susceptible_prop",308,0.984275255314813,0.985764451847347,0.986316418974379,0.986831334811827,0.987880698125837,2020-11-22
"susceptible_prop",309,0.98425688741252,0.985744504517002,0.986299211009987,0.986815012466556,0.987864534559173,2020-11-29
"susceptible_prop",310,0.98423845822068,0.985726383831506,0.98628131703832,0.98679843129777,0.987848109296625,2020-12-06
"susceptible_prop",311,0.984219523453081,0.985707423880157,0.986262378951125,0.986781354725512,0.987830955081823,2020-12-13
"susceptible_prop",312,0.98419973223091,0.985688723030408,0.986239872817378,0.986762018297693,0.987812653065563,2020-12-20
"susceptible_prop",313,0.984178256389788,0.985668195649294,0.986215893609028,0.986739578805438,0.987792395628162,2020-12-27
"susceptible_prop",314,0.984154830122363,0.985645401660472,0.986190705439256,0.986712449184588,0.987769781701628,2021-01-03
"susceptible_prop",315,0.984123175081732,0.985616354803885,0.986156145882287,0.986675868026765,0.987739526878602,2021-01-10
"susceptible_prop",316,0.984084880872563,0.985579795750462,0.986118927903826,0.986635495708902,0.987702515374164,2021-01-17
"susceptible_prop",317,0.984035365187555,0.985526675107274,0.986071527487884,0.98658511798167,0.987654618895063,2021-01-24
"susceptible_prop",318,0.983971009081989,0.985451695883994,0.986001345101289,0.986519643693527,0.987592192635501,2021-01-31
"susceptible_prop",319,0.983886849049449,0.985352727974194,0.985917018513973,0.986427127459682,0.987510622928437,2021-02-07
"susceptible_prop",320,0.983776694076061,0.985236201071924,0.985815637012619,0.986315927728274,0.987414111517884,2021-02-14
"susceptible_prop",321,0.983639350900911,0.985097988630696,0.98568378563607,0.986174489685669,0.98728621755531,2021-02-21
"susceptible_prop",322,0.983498249467394,0.984900697433973,0.985511737929098,0.985991873826405,0.987110092711643,2021-02-28
"susceptible_prop",323,0.98332403220424,0.984700431802837,0.985284675131453,0.985741047849768,0.986891214835236,2021-03-07
"susceptible_prop",324,0.983111757566728,0.98441791077987,0.984993172973193,0.98544658265155,0.986625862646753,2021-03-14
"susceptible_prop",325,0.982801964284115,0.984101567577139,0.984648388509164,0.985114065741335,0.986364639632195,2021-03-21
"susceptible_prop",326,0.982373213282728,0.983674827810484,0.9842547348308,0.984748223559269,0.986014480933157,2021-03-28
"susceptible_prop",327,0.981802529417738,0.983216286195072,0.983787394268099,0.984316975489429,0.985579160423244,2021-04-04
"susceptible_prop",328,0.981169001307228,0.982654804078431,0.983300828249589,0.983834903308147,0.985219266984452,2021-04-11
"susceptible_prop",329,0.980589258584076,0.982018522334135,0.982722068023675,0.983305078443452,0.984826334803341,2021-04-18
"susceptible_prop",330,0.979936732755554,0.981340590285929,0.982130337019973,0.982770244238735,0.984394575208049,2021-04-25
"susceptible_prop",331,0.97917362656,0.980685593335678,0.98151287549457,0.982178854519338,0.98383687389418,2021-05-02
"susceptible_prop",332,0.978401989510268,0.980007938780357,0.980865740392298,0.981586011984958,0.983248703522179,2021-05-09
"susceptible_prop",333,0.977650819769635,0.979369740763941,0.980215752382163,0.98098087363248,0.982642684072006,2021-05-16
"susceptible_prop",334,0.976964836657721,0.978641333598248,0.979576511733198,0.980387996495716,0.982028447131524,2021-05-23
"susceptible_prop",335,0.976237448847842,0.977986093511169,0.978965981657925,0.979786136884916,0.981414204919058,2021-05-30
"susceptible_prop",336,0.975553255813196,0.977359205630483,0.9783423638138,0.979212230407537,0.980902050789399,2021-06-06
"susceptible_prop",337,0.974922333380033,0.976738661558945,0.977775998143427,0.978667837655322,0.980347858067562,2021-06-13
"susceptible_prop",338,0.974285126298112,0.976150055432528,0.977225192626749,0.978128795146811,0.979820326082213,2021-06-20
"susceptible_prop",339,0.97370050013793,0.97565505168701,0.976697994768432,0.977656331613905,0.979321570593796,2021-06-27
"susceptible_prop",340,0.973171431700538,0.975152439819116,0.976219545799747,0.977187270168298,0.978854275088912,2021-07-04
"susceptible_prop",341,0.972699799834357,0.97469089718128,0.975767338780655,0.976763369723834,0.97841920427441,2021-07-11
"susceptible_prop",342,0.972253563308996,0.97427468570071,0.975339853060414,0.976373704927478,0.978036693242167,2021-07-18
"susceptible_prop",343,0.971835443792771,0.973875233665698,0.974967521371107,0.976005687438855,0.977691324129219,2021-07-25
"susceptible_prop",344,0.971421334759963,0.97351789776059,0.974622585695266,0.975686289268593,0.977377325993226,2021-08-01
"susceptible_prop",345,0.971070573158005,0.973207272904402,0.974328682354542,0.975403186348833,0.97709506299638,2021-08-08
"susceptible_prop",346,0.970785280177648,0.972939182693259,0.974075262768299,0.975147703959754,0.976859632331898,2021-08-15
"susceptible_prop",347,0.970544348063461,0.972725761481097,0.973842797461317,0.974927183703047,0.97666100779178,2021-08-22
"susceptible_prop",348,0.970342730557579,0.972513082691847,0.973652225589025,0.974727925274406,0.976490739590899,2021-08-29
"susceptible_prop",349,0.970177267294543,0.972343400438193,0.973480121829957,0.974573552486074,0.976346153443062,2021-09-05
"susceptible_prop",350,0.970042833004033,0.97221412853421,0.973348884324513,0.974429568412862,0.97622430733745,2021-09-12
"susceptible_prop",351,0.969935416822866,0.972112804876782,0.97323132867376,0.974325780870814,0.976122771459656,2021-09-19
"susceptible_prop",352,0.969849992144603,0.972026773983804,0.97313711472546,0.974233630586071,0.976038176011838,2021-09-26
"susceptible_prop",353,0.969782118392587,0.971959630746963,0.973058169946142,0.974147035554866,0.975967472137825,2021-10-03
"susceptible_prop",354,0.969728298215287,0.97189139245187,0.972988660261821,0.974080011338588,0.975908210564822,2021-10-10
"susceptible_prop",355,0.969676299055304,0.971832486532128,0.972932296072739,0.974021817902329,0.975858068360988,2021-10-17
"susceptible_prop",356,0.969622043357338,0.971788603400136,0.972888896092159,0.973978608531647,0.975815261228825,2021-10-24
"susceptible_prop",357,0.969581795458633,0.971754989982917,0.972848820876783,0.973946010997966,0.975778094916433,2021-10-31
"susceptible_prop",358,0.969553621671343,0.971726081257668,0.972813550114362,0.973915212679606,0.975745276170801,2021-11-07
"susceptible_prop",359,0.969528464529753,0.971700152544721,0.972783065383299,0.973886397664844,0.975715220325192,2021-11-14
"susceptible_prop",360,0.969505323623026,0.971665441531112,0.972758817501387,0.973859275758062,0.975689101008764,2021-11-21
"susceptible_prop",361,0.969483129428142,0.971631557142307,0.97273571492531,0.97383282517057,0.97566550664915,2021-11-28
"susceptible_prop",362,0.969460759942292,0.971608233991232,0.972709839884239,0.97380581282829,0.975642123955068,2021-12-05
"susceptible_prop",363,0.969437169074849,0.971584372485299,0.972678857763332,0.97377703914967,0.975617997150549,2021-12-12
"susceptible_prop",364,0.969411297470654,0.971554033147427,0.972644187644294,0.973745243931671,0.975592190067638,2021-12-19
"susceptible_prop",365,0.969381061815967,0.971518359661637,0.972597180643135,0.973708222423364,0.975562990342233,2021-12-26
"susceptible_prop",366,0.969345015061379,0.971477612741816,0.972545239966555,0.97366424059899,0.975529256727301,2022-01-02
"susceptible_prop",367,0.969307188545164,0.971436177439631,0.972503460654734,0.973624875763704,0.975491168575834,2022-01-09
"susceptible_prop",368,0.969260332255108,0.971392495754957,0.972456038224354,0.973577133403699,0.975444413531266,2022-01-16
"susceptible_prop",369,0.969203943152704,0.971330164617764,0.972396213776165,0.973509876829699,0.975386955614134,2022-01-23
"susceptible_prop",370,0.969134911105414,0.971246830329506,0.972315428582834,0.97342211707182,0.975315390960919,2022-01-30
"susceptible_prop",371,0.96904942201011,0.971143282284007,0.972222244101987,0.973316202366637,0.975225381334026,2022-02-06
"susceptible_prop",372,0.968939310686997,0.971014190285969,0.972102008024077,0.973197030108792,0.975101409420861,2022-02-13
"susceptible_prop",373,0.968777494938641,0.970881827747477,0.971952997896897,0.973065555464398,0.974948857603619,2022-02-20
"susceptible_prop",374,0.968615778664001,0.970702728009313,0.971775281323491,0.972904406190026,0.974765333049022,2022-02-27
"susceptible_prop",375,0.968410309829028,0.970484691502175,0.971557924995361,0.972720369839439,0.974547628492806,2022-03-06
"susceptible_prop",376,0.968173897748938,0.970225367310471,0.971292874606916,0.972486469557967,0.974315624388549,2022-03-13
"susceptible_prop",377,0.967898961039251,0.969925537329563,0.971015033239084,0.972224142075807,0.974017303017492,2022-03-20
"susceptible_prop",378,0.967605488285526,0.969585471273111,0.970694716762165,0.971896843421373,0.973691229674789,2022-03-27
"susceptible_prop",379,0.967256595385345,0.969186259008783,0.970355303638263,0.971523952448966,0.973375524891324,2022-04-03
"susceptible_prop",380,0.966853198927636,0.968798482254582,0.969976635231007,0.971136397774311,0.973046006714699,2022-04-10
"susceptible_prop",381,0.966417340827746,0.968368782053674,0.969636620736838,0.97071077282161,0.972649073510869,2022-04-17
"susceptible_prop",382,0.96595674563171,0.967964519120647,0.969236255408155,0.970299008048597,0.972264510999423,2022-04-24
"susceptible_prop",383,0.965490809450054,0.967561041842703,0.968805565791138,0.969885107327338,0.971886120975986,2022-05-01
"susceptible_prop",384,0.965090369420303,0.967151535503196,0.968403999730716,0.969508222010626,0.971529685730104,2022-05-08
"susceptible_prop",385,0.964646717243236,0.966763707071162,0.968040987755915,0.969129957808863,0.971179593868726,2022-05-15
"susceptible_prop",386,0.964198131501599,0.966370035125585,0.967715894086306,0.968767621271008,0.970843660110876,2022-05-22
"susceptible_prop",387,0.963797693000558,0.965979353068536,0.967378134431075,0.968426400867323,0.970525244350532,2022-05-29
"susceptible_prop",388,0.963486577038742,0.965644662006272,0.967083884168906,0.968098413347362,0.970226531548752,2022-06-05
"susceptible_prop",389,0.963200502842035,0.96533891296523,0.966795554952675,0.967765800887028,0.969948962933925,2022-06-12
"susceptible_prop",390,0.962942213582392,0.965061029146351,0.966494525275454,0.967485491024729,0.969693501092959,2022-06-19
"susceptible_prop",391,0.962708583584363,0.964815493266094,0.966207391399713,0.967222630937987,0.969459664054933,2022-06-26
"susceptible_prop",392,0.962499420172361,0.964604275978243,0.965986262537595,0.966976708363574,0.969247313223715,2022-07-03
"susceptible_prop",393,0.96231557322692,0.964421075203479,0.965796288268625,0.966774517785398,0.969056469765828,2022-07-10
"susceptible_prop",394,0.962156467853505,0.964250458526217,0.965626018379018,0.966582886243665,0.968857301967101,2022-07-17
"susceptible_prop",395,0.962005614750162,0.964103711618047,0.96547312257521,0.96643574979121,0.968670966408114,2022-07-24
"susceptible_prop",396,0.961854883211405,0.963986030800645,0.965332326728335,0.966297836058102,0.968507396693671,2022-07-31
"susceptible_prop",397,0.961727018366502,0.963878714057028,0.965199380816278,0.966187461828905,0.968366353663889,2022-08-07
"susceptible_prop",398,0.961620940810519,0.963790869274726,0.965086659543634,0.966092818436819,0.968277660962506,2022-08-14
"susceptible_prop",399,0.961534743257713,0.963705968801292,0.964999056052127,0.966012375836997,0.968205487524065,2022-08-21
"susceptible_prop",400,0.961465247169607,0.963640732685752,0.964927018390351,0.965944930929991,0.968145408834458,2022-08-28
"susceptible_prop",401,0.961410936183353,0.963589081217262,0.964869352027026,0.965890858218484,0.968096709795792,2022-09-04
"susceptible_prop",402,0.961368663801942,0.963551407944912,0.96482331426831,0.965847607624336,0.968057272915962,2022-09-11
"susceptible_prop",403,0.961337087024898,0.963520604561578,0.964787743947363,0.965814171299365,0.96802638686303,2022-09-18
"susceptible_prop",404,0.961313373550689,0.963495695961128,0.964760072174074,0.96578816255898,0.968002010632127,2022-09-25
"susceptible_prop",405,0.961295911521444,0.963476240423923,0.964738801896278,0.965768213831145,0.967983016160949,2022-10-02
"susceptible_prop",406,0.96128333317209,0.963461229964979,0.964724289864639,0.965753123702671,0.967968393484741,2022-10-09
"susceptible_prop",407,0.961274421115389,0.963449696171017,0.964713666873987,0.965741787770523,0.967957191101257,2022-10-16
"susceptible_prop",408,0.961269069585846,0.963441719497059,0.964706538141796,0.965734062781471,0.967949330326292,2022-10-23
"susceptible_prop",409,0.96126581354128,0.963437218762126,0.964701526914397,0.965728592189167,0.967943577632948,2022-10-30
"susceptible_prop",410,0.961264662224707,0.963434742733902,0.964698597584599,0.965725321453226,0.967939902959272,2022-11-06
"susceptible_prop",411,0.961264759354779,0.963431128912206,0.964696926408689,0.96572343329558,0.967937553159388,2022-11-13
"susceptible_prop",412,0.961265473142074,0.963428093480943,0.964695895920785,0.965722315111393,0.967935960666306,2022-11-20
"susceptible_prop",413,0.961267281884475,0.963426284882757,0.964695902168413,0.965722344073674,0.967935480878718,2022-11-27
"susceptible_prop",414,0.961268980863391,0.963424492719731,0.964695808361629,0.965722415723389,0.967935082715904,2022-12-04
"susceptible_prop",415,0.961271012448885,0.963423060760132,0.964695979510568,0.965722891031158,0.967935107489723,2022-12-11
"susceptible_prop",416,0.961272696929901,0.963421270743005,0.964695757906374,0.965723145765176,0.96793497860145,2022-12-18
"susceptible_prop",417,0.961273985060474,0.963418995107743,0.964695183012942,0.965723122101716,0.967934655494083,2022-12-25
"susceptible_prop",418,0.961273861858976,0.963415186064303,0.964694307716368,0.965721917161841,0.967933316467838,2023-01-01
"susceptible_prop",419,0.961273786586256,0.963411840569212,0.96469314732991,0.965720626056991,0.967931606991607,2023-01-08
"susceptible_prop",420,0.961272662558757,0.963407312386413,0.964690731286357,0.965717656892838,0.967929005726728,2023-01-15
"susceptible_prop",421,0.961270624112532,0.963402021204066,0.964686491328402,0.965713723906458,0.967925400778608,2023-01-22
"susceptible_prop",422,0.961267475711609,0.963396284991007,0.964681113207681,0.965708607645146,0.9679205814856,2023-01-29
"susceptible_prop",423,0.961263707606849,0.963389847285837,0.96467502963627,0.965702690185353,0.967914871772525,2023-02-05
"susceptible_prop",424,0.961258469262004,0.963381868366558,0.964667455666374,0.965695168508741,0.967907466942192,2023-02-12
"susceptible_prop",425,0.961252254919916,0.963372896097815,0.96465883461444,0.965685306735516,0.967898676657959,2023-02-19
"susceptible_prop",426,0.961241218254938,0.963362610775472,0.964648468295535,0.96567338276209,0.967887935448571,2023-02-26
"susceptible_prop",427,0.96122903299749,0.963351893458157,0.964636347835742,0.965659441308066,0.967876303640768,2023-03-05
"susceptible_prop",428,0.961215709714894,0.963339741714203,0.964622539610208,0.965642692753851,0.967862822185835,2023-03-12
"susceptible_prop",429,0.961201852199387,0.963326715793198,0.964607594372114,0.965624708182008,0.967847924340733,2023-03-19
"susceptible_prop",430,0.961187778539691,0.963313130417901,0.964592045113707,0.965605933443252,0.967831861130514,2023-03-26
"susceptible_prop",431,0.961173844394995,0.9632994833704,0.964577927652318,0.965586886025843,0.967814973031816,2023-04-02
"susceptible_prop",432,0.961160598718237,0.963286611220303,0.964564157761125,0.965574655654817,0.967797813989979,2023-04-09
"susceptible_prop",433,0.961148559688569,0.96327470756543,0.964551326337032,0.965564004459782,0.967780952932983,2023-04-16
"susceptible_prop",434,0.961137272949926,0.963263367921892,0.964539136307085,0.965553931958924,0.967764175375285,2023-04-23
"susceptible_prop",435,0.961126402443019,0.963252325438547,0.964527385260456,0.965544129458686,0.967747369937898,2023-04-30
"susceptible_prop",436,0.961116253091131,0.963241910434316,0.964516434774373,0.965534856043617,0.967730947184949,2023-05-07
"susceptible_prop",437,0.961107525258661,0.963233142911321,0.964506983785931,0.965526721650088,0.967715626040668,2023-05-14
"susceptible_prop",438,0.961099716544943,0.963225436401534,0.964498611330874,0.965519270814868,0.967701102040097,2023-05-21
"susceptible_prop",439,0.961092054813452,0.963217925718473,0.964490631479881,0.965511809845993,0.967686820686217,2023-05-28
"susceptible_prop",440,0.961084790341272,0.963211566444457,0.964483276949726,0.965504552461322,0.967673053385265,2023-06-04
"susceptible_prop",441,0.961077441968572,0.96320538208908,0.964476102393522,0.96549706574465,0.967659445631189,2023-06-11
"susceptible_prop",442,0.96107062639982,0.963200320677674,0.964469656828019,0.965489892740681,0.967646542053247,2023-06-18
"susceptible_prop",443,0.961063609724343,0.963195091487361,0.964463250559101,0.965482383560645,0.967633756918673,2023-06-25
"susceptible_prop",444,0.961056647736458,0.963189922670121,0.96445709157816,0.965474772079299,0.967621323097763,2023-07-02
"susceptible_prop",445,0.961049261630437,0.963184342481844,0.964450711385755,0.965466649658187,0.967608861588869,2023-07-09
"susceptible_prop",446,0.961041310611667,0.963178192556332,0.964441562148915,0.96545791816648,0.967596274437227,2023-07-16
"susceptible_prop",447,0.961032577927749,0.963171236725331,0.964431381415591,0.965448424207882,0.967583400182354,2023-07-23
"susceptible_prop",448,0.961023593221232,0.963163939413168,0.964420947434056,0.965438687909208,0.967570696398263,2023-07-30
"susceptible_prop",449,0.961014105074744,0.963156024572332,0.964409976419837,0.965428545873886,0.967557966446813,2023-08-06
"susceptible_prop",450,0.961004523471871,0.963147842805953,0.964398798072837,0.965418425103243,0.967545556839229,2023-08-13
"susceptible_prop",451,0.960994955482847,0.963139464715301,0.964387653432827,0.965408480871824,0.967533552691232,2023-08-20
"susceptible_prop",452,0.960985713913736,0.963131166233062,0.964378569942488,0.965399040155617,0.967522200100813,2023-08-27
"susceptible_prop",453,0.960976861303516,0.963123001142047,0.964369710821189,0.965390190727165,0.967511527247403,2023-09-03
"susceptible_prop",454,0.960968246775249,0.963115066928015,0.964360929745072,0.965381810063846,0.967501377120045,2023-09-10
"susceptible_prop",455,0.960961581814804,0.963109517602211,0.964353797007121,0.965374975294929,0.967493138971648,2023-09-17
"susceptible_prop",456,0.960955333378558,0.963104724048162,0.964346934523705,0.965368567157316,0.967485499183911,2023-09-24
"susceptible_prop",457,0.960950005494269,0.96310112249673,0.964340834251668,0.965363226143342,0.967478841623792,2023-10-01
"susceptible_prop",458,0.960945301419433,0.963098029051903,0.964335261607692,0.965358636763346,0.967472886197016,2023-10-08
"susceptible_prop",459,0.960941756003041,0.96309644124746,0.964330740905109,0.96535521929461,0.967468048852946,2023-10-15
"susceptible_prop",460,0.960938798764567,0.963095248866741,0.96432678249499,0.965352416581311,0.967463828111956,2023-10-22
"susceptible_prop",461,0.960936955348974,0.963094976362995,0.964323890796793,0.965350649502303,0.967460637909667,2023-10-29
"susceptible_prop",462,0.960936039906084,0.963095478715561,0.964321912690878,0.965349714446275,0.967458301002743,2023-11-05
"susceptible_prop",463,0.96093529130752,0.963096067892441,0.964320162286869,0.965348903501085,0.967456161349457,2023-11-12
"susceptible_prop",464,0.960935053862571,0.963097099315468,0.964318957146943,0.965348003170434,0.967454483312213,2023-11-19
"susceptible_prop",465,0.960935328802329,0.963098602920027,0.96431829669759,0.96534750627231,0.967453244066732,2023-11-26
"susceptible_prop",466,0.960935136585851,0.96309968086082,0.964317280939945,0.965346561524389,0.967451601228833,2023-12-03
"susceptible_prop",467,0.960935417981604,0.963101343724978,0.964316761179953,0.965345967724277,0.967450308783866,2023-12-10
"susceptible_prop",468,0.960935702241526,0.963102819504562,0.964316296993819,0.965345267039601,0.967448939633453,2023-12-17
"susceptible_prop",469,0.960935628821539,0.963102804036082,0.964315545880257,0.965344092564548,0.967447151641319,2023-12-24
"susceptible_prop",470,0.960934889860028,0.963102103949239,0.964314209777741,0.965342114970866,0.967444637573383,2023-12-31
"susceptible_prop",471,0.960933637381736,0.963100832952447,0.964312405472928,0.96533940171967,0.96744146207893,2024-01-07
"susceptible_prop",472,0.96093128881354,0.96309959118312,0.964309793283422,0.965335796840233,0.967437262916112,2024-01-14
"susceptible_prop",473,0.960927447273207,0.963096038060038,0.964305878072834,0.965330591993991,0.96743146482524,2024-01-21
"susceptible_prop",474,0.960921343985367,0.96308752341593,0.964300187399407,0.965323216295022,0.967423398814553,2024-01-28
"susceptible_prop",475,0.960913069409797,0.963078966202024,0.964292428155895,0.965313717831401,0.967413007731926,2024-02-04
"susceptible_prop",476,0.960902415190981,0.963068061824645,0.964282363377112,0.965301918354146,0.967399973340798,2024-02-11
"susceptible_prop",477,0.960887700945751,0.963052936272279,0.964268906661618,0.965286345249279,0.967382727865002,2024-02-18
"susceptible_prop",478,0.960871032616185,0.963035442771912,0.964253730542499,0.965267802494438,0.967362841247026,2024-02-25
"susceptible_prop",479,0.960850848479303,0.963013966902379,0.964235373459313,0.965245914598365,0.967338820711837,2024-03-03
"susceptible_prop",480,0.960827580896014,0.962988795770222,0.964213264341413,0.965221188702523,0.9673108524112,2024-03-10
"susceptible_prop",481,0.960801023216127,0.962959655676077,0.964183854697247,0.965193578292342,0.967278630592002,2024-03-17
"susceptible_prop",482,0.960772011948392,0.962927324929185,0.964151857800398,0.965161994380108,0.967242787588397,2024-03-24
"susceptible_prop",483,0.960739784673126,0.962892393686884,0.964116598051271,0.965125892499412,0.96720610996088,2024-03-31
"susceptible_prop",484,0.960706810110165,0.962853894537592,0.964080377996936,0.965084803876172,0.967171235322374,2024-04-07
"susceptible_prop",485,0.960672150710211,0.962814933025972,0.964042413425628,0.96505471494857,0.96713422412711,2024-04-14
"susceptible_prop",486,0.96063742470743,0.962771132824027,0.964004280720838,0.965024045495135,0.967096580809676,2024-04-21
"susceptible_prop",487,0.960602147597745,0.962727119569877,0.963966010589395,0.96498296007197,0.967058391182204,2024-04-28
"susceptible_prop",488,0.960559819330797,0.9626803080293,0.963928338016934,0.96493812882485,0.967019925671375,2024-05-05
"susceptible_prop",489,0.960518767544234,0.962643785389171,0.96389570593117,0.964894346768467,0.966982317874489,2024-05-12
"susceptible_prop",490,0.960478163462404,0.962612965838162,0.963867851625472,0.964854622579013,0.966945004437075,2024-05-19
"susceptible_prop",491,0.96043902664624,0.962585943841075,0.963841054398672,0.964816613790295,0.96690885364745,2024-05-26
"susceptible_prop",492,0.9604007927037,0.962559792736764,0.963810444551209,0.964778613872817,0.966873397695703,2024-06-02
"susceptible_prop",493,0.960364255307865,0.962535126912878,0.963779684425417,0.964749684993095,0.966839295838312,2024-06-09
"susceptible_prop",494,0.960329257717125,0.962502410427807,0.963749970800419,0.964725903435605,0.966806406199172,2024-06-16
"susceptible_prop",495,0.960295603385952,0.962471133896223,0.963721123383366,0.964702609690416,0.966774550594215,2024-06-23
"susceptible_prop",496,0.96026487233926,0.962444691648303,0.963692682983475,0.96467834118066,0.966743295654874,2024-06-30
"susceptible_prop",497,0.960241860899339,0.962420443560654,0.963665598421322,0.96465804259984,0.96671350114037,2024-07-07
"susceptible_prop",498,0.960219817739854,0.9623898685053,0.963639323216327,0.96463857512436,0.9666846624879,2024-07-14
"susceptible_prop",499,0.960198870322175,0.962360143616362,0.96361408909049,0.964617866564927,0.966656994238123,2024-07-21
"susceptible_prop",500,0.960178832051545,0.962334013307843,0.963589854198937,0.964592781035153,0.966630466089646,2024-07-28
"susceptible_prop",501,0.960160382050817,0.962312970885122,0.963567372337005,0.964568455434502,0.966605781257169,2024-08-04
"susceptible_prop",502,0.960143058606641,0.962293090526752,0.963548975409608,0.964545815763464,0.966582681825017,2024-08-11
"susceptible_prop",503,0.96012764218459,0.962276076202367,0.963532344909221,0.964525703830746,0.966562028829869,2024-08-18
"susceptible_prop",504,0.960113727269136,0.96226133353739,0.963517017136917,0.964507853513913,0.966547627841181,2024-08-25
"susceptible_prop",505,0.960101401242302,0.962247980086358,0.963504178780792,0.964492375572708,0.966534865830511,2024-09-01
"susceptible_prop",506,0.960090467222322,0.962235913922242,0.963495765534041,0.964479067013156,0.966523578233185,2024-09-08
"susceptible_prop",507,0.960081932976722,0.962226160874847,0.96348934343742,0.964467658779873,0.966514599961626,2024-09-15
"susceptible_prop",508,0.960075287750481,0.962218292334714,0.963483533651315,0.964458283717003,0.966507482290295,2024-09-22
"susceptible_prop",509,0.960069515580818,0.962211381687107,0.963478763588048,0.964450212720058,0.966501345041555,2024-09-29
"susceptible_prop",510,0.960064799789168,0.962205618123793,0.963475131980722,0.96444353106233,0.966496309482184,2024-10-06
"susceptible_prop",511,0.960061928625438,0.962201747316973,0.963473294221197,0.964438862242597,0.966493002766148,2024-10-13
"susceptible_prop",512,0.960059910714354,0.962198818810209,0.963472287261765,0.964435249369685,0.966490559830391,2024-10-20
"susceptible_prop",513,0.960058959681941,0.962197014976248,0.963472261987265,0.964432815318251,0.966489129130511,2024-10-27
"susceptible_prop",514,0.96005828735266,0.962195565999876,0.963472465075888,0.96443079865075,0.966488022113502,2024-11-03
"susceptible_prop",515,0.960058489974527,0.962195010902023,0.963473419741442,0.96442967816603,0.966487715554178,2024-11-10
"susceptible_prop",516,0.960058809547244,0.962195434041274,0.963474418786336,0.964428775941907,0.966487553517871,2024-11-17
"susceptible_prop",517,0.960059983899454,0.962196994699833,0.963476128425126,0.964430165204957,0.966488138129688,2024-11-24
"susceptible_prop",518,0.9600611778264,0.962198598876159,0.96347777947687,0.964431511535559,0.966488753972817,2024-12-01
"susceptible_prop",519,0.960062072366961,0.962199930079291,0.963479075960587,0.964432505639163,0.966489120364484,2024-12-08
"susceptible_prop",520,0.960063169794922,0.962201449580853,0.96348047238914,0.964433567485934,0.966489646616838,2024-12-15
"susceptible_prop",521,0.960064893040302,0.962203542009307,0.963482349128422,0.964435041380816,0.96649067583042,2024-12-22
"susceptible_prop",522,0.960065053955381,0.962204116864545,0.96348305636558,0.964434938692325,0.96649036008773,2024-12-29
"susceptible_prop",523,0.960064611643079,0.96220405577788,0.963483094918474,0.964434064043777,0.966489492055679,2025-01-05
"susceptible_prop",524,0.960064578196481,0.962204268492537,0.963483217345104,0.964433300205061,0.96648864125517,2025-01-12
"susceptible_prop",525,0.960063597398225,0.962203433610278,0.963482187459626,0.964431356892208,0.966486806328954,2025-01-19
"susceptible_prop",526,0.960061889692048,0.96220004715765,0.963480143722909,0.964428190031512,0.96648403642217,2025-01-26
"susceptible_prop",527,0.960058695658712,0.962194556865429,0.963476351412052,0.964423081328749,0.966479629672518,2025-02-02
"susceptible_prop",528,0.960054390507883,0.962187825195482,0.963471130140654,0.964416552830781,0.966473821245036,2025-02-09
"susceptible_prop",529,0.960049691392603,0.962180570660908,0.963465137495462,0.96440924114703,0.966467128185453,2025-02-16
"susceptible_prop",530,0.960044274148117,0.962172549739957,0.963458114752611,0.964400887355196,0.966459201581186,2025-02-23
"susceptible_prop",531,0.960037814987389,0.96216354317607,0.963449678458054,0.964391271018389,0.966449707493611,2025-03-02
"susceptible_prop",532,0.960028526556057,0.962151963141157,0.96343787340962,0.96437890361439,0.966437107606141,2025-03-09
"susceptible_prop",533,0.960019554839852,0.96214089957817,0.963426237903209,0.964366720390687,0.966424038537218,2025-03-16
"susceptible_prop",534,0.960008850717405,0.962129289551415,0.963413383371762,0.964353766689433,0.96640949712402,2025-03-23
"susceptible_prop",535,0.959996391419731,0.962117065803924,0.963399985960417,0.964340037507574,0.96639341726844,2025-03-30
"susceptible_prop",536,0.959983639874965,0.962104663906115,0.963386313869038,0.964326005848916,0.966376236352518,2025-04-06
"susceptible_prop",537,0.959971405669312,0.962092852363216,0.963372717112218,0.964312455076958,0.966359389905809,2025-04-13
"susceptible_prop",538,0.959959515214042,0.962081465964737,0.963359110699955,0.964299280354793,0.966348958864269,2025-04-20
"susceptible_prop",539,0.959948006034221,0.962070536468278,0.963345609722305,0.964286549597022,0.96633897822061,2025-04-27
"susceptible_prop",540,0.959937530888744,0.96206067520548,0.96333288909622,0.964274863050074,0.966329948903931,2025-05-04
"susceptible_prop",541,0.959927681555529,0.962047386195165,0.963320641768569,0.964265837141237,0.966321474362348,2025-05-11
"susceptible_prop",542,0.959917142901139,0.962029959394271,0.963310928578177,0.964257454981757,0.9663130899706,2025-05-18
"susceptible_prop",543,0.959904994081244,0.962013880269336,0.963301941729224,0.964250138822484,0.966305442527905,2025-05-25
"susceptible_prop",544,0.959893317368307,0.961998480333336,0.963292937164948,0.964243160104218,0.966297830506001,2025-06-01
"susceptible_prop",545,0.959882448961905,0.961985956829539,0.963284229052491,0.964236804203558,0.966290509410072,2025-06-08
"susceptible_prop",546,0.959871889768459,0.961976394169117,0.963275370496823,0.964230618310222,0.966283039650911,2025-06-15
"susceptible_prop",547,0.959861361476998,0.961967648214522,0.963266119127165,0.964224351403325,0.966275173037503,2025-06-22
"susceptible_prop",548,0.959850576937798,0.961959895707938,0.963256227253433,0.964217748134338,0.966266660370686,2025-06-29
"susceptible_prop",549,0.959840315987754,0.961952622475808,0.963246427937132,0.964211445727852,0.966258157564816,2025-07-06
"susceptible_prop",550,0.959829547889977,0.961944862533328,0.963235803849862,0.964203971320672,0.966248811675984,2025-07-13
"susceptible_prop",551,0.959818930804947,0.961937248135298,0.9632249925553,0.96419438368563,0.966239205723609,2025-07-20
"susceptible_prop",552,0.959807369151157,0.961928748191834,0.963213037832335,0.964183813415643,0.966228470459995,2025-07-27
"susceptible_prop",553,0.95979602520128,0.961920468229143,0.963201061849996,0.964173604643724,0.966217657437813,2025-08-03
"susceptible_prop",554,0.959784424866287,0.961911961675634,0.963188699279101,0.964163610637967,0.966206465882918,2025-08-10
"susceptible_prop",555,0.95977259612866,0.961903255491019,0.963176050202551,0.964155200836347,0.966195033771231,2025-08-17
"susceptible_prop",556,0.959761020268776,0.961894803863466,0.963163628978606,0.964147235445042,0.966183886576376,2025-08-24
"susceptible_prop",557,0.95974952105614,0.961886436173164,0.963151339753856,0.964136089440163,0.966172990375185,2025-08-31
"susceptible_prop",558,0.959738834227809,0.961878843081875,0.963139906264494,0.964127878050172,0.966163057160632,2025-09-07
"susceptible_prop",559,0.959728765588805,0.961871832409111,0.963129180971473,0.964121614691685,0.966153986259446,2025-09-14
"susceptible_prop",560,0.959720079831234,0.961866117834827,0.963119873065153,0.964116035591344,0.966146446674689,2025-09-21
"susceptible_prop",561,0.959712249762581,0.961858743836198,0.963111489864907,0.964111287701983,0.966139986764768,2025-09-28
"susceptible_prop",562,0.959705001540858,0.961850585029242,0.963103756157412,0.96410722081519,0.966134339695222,2025-10-05
"susceptible_prop",563,0.959698455728454,0.961843284739896,0.963098577944776,0.964103856761346,0.96612955183397,2025-10-12
"susceptible_prop",564,0.959692907444757,0.961837924312221,0.963094256079082,0.964101387323124,0.966125808249759,2025-10-19
"susceptible_prop",565,0.959688336468415,0.961833937208695,0.963088074525167,0.964099740811177,0.966123029614419,2025-10-26
"susceptible_prop",566,0.959684485402331,0.961830727248402,0.963082519257931,0.96409850705664,0.966120885738071,2025-11-02
"susceptible_prop",567,0.959684056050653,0.961829383026534,0.963079831907897,0.964098664754417,0.96612031470346,2025-11-09
"susceptible_prop",568,0.959683724607841,0.961828358571013,0.963078160775527,0.964098973518222,0.966119928108933,2025-11-16
"susceptible_prop",569,0.959683582236763,0.961827714562403,0.96307665276837,0.964099490471808,0.966119772232257,2025-11-23
"susceptible_prop",570,0.959683568815861,0.961827366480976,0.963075239019181,0.964100142742639,0.966119770108708,2025-11-30
"susceptible_prop",571,0.959683051196862,0.961826686440026,0.963073323009221,0.964100349570074,0.966119365972507,2025-12-07
"susceptible_prop",572,0.959682544887134,0.961826132951966,0.963071357532857,0.964100552750147,0.966118970644758,2025-12-14
"susceptible_prop",573,0.959681874670722,0.961825800350047,0.963069160091192,0.96410057591606,0.966118414288332,2025-12-21
"immune_prop",1,0,0,0,0,0,2015-01-04
"immune_prop",2,1.08843545424138e-07,1.08843545424138e-07,1.08843545424138e-07,1.08843545424138e-07,1.08843545424138e-07,2015-01-11
"immune_prop",3,2.39446892497557e-07,2.40044818263363e-07,2.40419624609095e-07,2.4077087877034e-07,2.41551911023242e-07,2015-01-18
"immune_prop",4,4.41039453475388e-07,4.44090417789851e-07,4.45956666168513e-07,4.48059038483391e-07,4.52024147482334e-07,2015-01-25
"immune_prop",5,7.15690479281821e-07,7.24756301117852e-07,7.29631951998444e-07,7.35378270467162e-07,7.47114261831758e-07,2015-02-01
"immune_prop",6,1.07661809102439e-06,1.09583725386941e-06,1.10571377514035e-06,1.11678590310075e-06,1.14229225757593e-06,2015-02-08
"immune_prop",7,1.53474948153007e-06,1.57237700749728e-06,1.59049738916061e-06,1.61117455680038e-06,1.6619718415282e-06,2015-02-15
"immune_prop",8,2.101555095413e-06,2.16849527980506e-06,2.20030528202288e-06,2.2344049743778e-06,2.32746778830727e-06,2015-02-22
"immune_prop",9,2.79185929837876e-06,2.89464506512758e-06,2.94661608552936e-06,3.00458821828232e-06,3.15232110070203e-06,2015-03-01
"immune_prop",10,3.62025163740876e-06,3.76850336615671e-06,3.84666533273957e-06,3.92939278432387e-06,4.15047701313543e-06,2015-03-08
"immune_prop",11,4.58581089474653e-06,4.7883304323503e-06,4.90372088416444e-06,5.02741426257277e-06,5.34219886445018e-06,2015-03-15
"immune_prop",12,5.67966781046981e-06,5.97260939673548e-06,6.11446450116681e-06,6.30364179198691e-06,6.72725653434413e-06,2015-03-22
"immune_prop",13,6.88368409938355e-06,7.31244696528929e-06,7.49215312373905e-06,7.74599058578393e-06,8.31293616495836e-06,2015-03-29
"immune_prop",14,8.20327466919868e-06,8.78981387475966e-06,9.03494617804489e-06,9.35364749346777e-06,1.00962424233973e-05,2015-04-05
"immune_prop",15,9.63782743103296e-06,1.03988852868355e-05,1.07357055644424e-05,1.11576038273112e-05,1.21105772456786e-05,2015-04-12
"immune_prop",16,1.12229698008725e-05,1.21588126343253e-05,1.26016351866287e-05,1.30878943516768e-05,1.42810160449996e-05,2015-04-19
"immune_prop",17,1.29874053780324e-05,1.40574992705734e-05,1.45933469469235e-05,1.52322600907879e-05,1.66402933527662e-05,2015-04-26
"immune_prop",18,1.48805153390611e-05,1.61013874769684e-05,1.67636842472945e-05,1.74812220045566e-05,1.91946410491154e-05,2015-05-03
"immune_prop",19,1.68542046439857e-05,1.83043278279916e-05,1.91310792496069e-05,1.99430895263986e-05,2.19856735411125e-05,2015-05-10
"immune_prop",20,1.9077751217481e-05,2.07029152133457e-05,2.16670242202159e-05,2.26145317559692e-05,2.50262997332603e-05,2015-05-17
"immune_prop",21,2.14328768901307e-05,2.32770494408613e-05,2.43616141348395e-05,2.55357083050745e-05,2.83304600212129e-05,2015-05-24
"immune_prop",22,2.40804936330823e-05,2.60924094072677e-05,2.73156461046461e-05,2.86462325295605e-05,3.19994138940383e-05,2015-05-31
"immune_prop",23,2.70268253910736e-05,2.92169016561748e-05,3.05723625512516e-05,3.2158295805867e-05,3.59710431801209e-05,2015-06-07
"immune_prop",24,3.0245506386984e-05,3.26521963628759e-05,3.42279186189955e-05,3.60744083483496e-05,4.03369617153388e-05,2015-06-14
"immune_prop",25,3.38037614300433e-05,3.65755278778921e-05,3.8360307120885e-05,4.03219462993411e-05,4.51485678980055e-05,2015-06-21
"immune_prop",26,3.77029715978756e-05,4.09969249849064e-05,4.29281146513661e-05,4.53358351960309e-05,5.07275607290915e-05,2015-06-28
"immune_prop",27,4.24089592003573e-05,4.60441687744412e-05,4.8252106934105e-05,5.08828482299264e-05,5.71262183799515e-05,2015-07-05
"immune_prop",28,4.78505076481991e-05,5.18570140170828e-05,5.44993346280626e-05,5.74893363033252e-05,6.43867050546921e-05,2015-07-12
"immune_prop",29,5.42482980684511e-05,5.86757543232262e-05,6.15631214792392e-05,6.51306268422177e-05,7.26628843098375e-05,2015-07-19
"immune_prop",30,6.18787278652307e-05,6.67412844961915e-05,7.00392346779653e-05,7.40606698637575e-05,8.22710343373911e-05,2015-07-26
"immune_prop",31,7.04468975323753e-05,7.59575802914487e-05,7.99469391225264e-05,8.44492230341012e-05,9.35718031347429e-05,2015-08-02
"immune_prop",32,8.05811432528143e-05,8.67603372610463e-05,9.13054123210997e-05,9.64482062279449e-05,0.000106113588865524,2015-08-09
"immune_prop",33,9.18667000591535e-05,9.91782879323068e-05,0.000104487758213614,0.00011031296670987,0.000121294520693188,2015-08-16
"immune_prop",34,0.000104561500224093,0.000113085358321349,0.00011946544490113,0.000126224354668168,0.000138623398435548,2015-08-23
"immune_prop",35,0.000118652135421779,0.000128747943797718,0.000136159583057755,0.000144409773572462,0.000158447940484836,2015-08-30
"immune_prop",36,0.000134811717771061,0.00014658170033029,0.000154862141343999,0.000164460735747779,0.000181601787301479,2015-09-06
"immune_prop",37,0.000152177787167842,0.000166047792924574,0.000175807407866734,0.000186476771988024,0.000207649411675889,2015-09-13
"immune_prop",38,0.000170705998738532,0.000186992058294862,0.000198504589083807,0.000210921770813611,0.000234540168450774,2015-09-20
"immune_prop",39,0.000190838972317134,0.00020961290231488,0.000222917035361777,0.000237183701937996,0.000265957064980123,2015-09-27
"immune_prop",40,0.000212054168102506,0.000233878942166382,0.000248868215114174,0.000264946276806327,0.000297073237650091,2015-10-04
"immune_prop",41,0.000232727438739698,0.000259283039250154,0.000275205415997971,0.000294021986901544,0.000332760623010227,2015-10-11
"immune_prop",42,0.000255447894022764,0.000285068694878817,0.000302998053942587,0.000324210518113435,0.000370792982788025,2015-10-18
"immune_prop",43,0.000279057419318003,0.00031255439035836,0.000331993811726475,0.000356743205957929,0.000411114044402532,2015-10-25
"immune_prop",44,0.000303110615950493,0.000341212511257807,0.000361874481612835,0.000391694188427743,0.000452561669343762,2015-11-01
"immune_prop",45,0.000327555059484346,0.000370708490412061,0.000394506634531399,0.000426991074472393,0.000495063549845618,2015-11-08
"immune_prop",46,0.000352868887212552,0.000401980768230681,0.000427783677675171,0.000463390066001791,0.00054155958787716,2015-11-15
"immune_prop",47,0.000379970784683874,0.000436226592800595,0.000463589621101721,0.000503325022362174,0.00058994900422419,2015-11-22
"immune_prop",48,0.000409739198748271,0.000472859553869553,0.000502359141919237,0.000546209469036656,0.000643418467802022,2015-11-29
"immune_prop",49,0.000443235021151779,0.000513019832575223,0.000544896824570498,0.000594232284048608,0.000701751479205656,2015-12-06
"immune_prop",50,0.000481343192509062,0.000556959538573051,0.000591841992438627,0.000646494184986139,0.000766648797011676,2015-12-13
"immune_prop",51,0.000523435316693861,0.000605652984088498,0.000645355794542074,0.000706613084429054,0.000844126038975917,2015-12-20
"immune_prop",52,0.000570209921050931,0.000660448579929338,0.00070614199305318,0.000773777874762571,0.000925075213916115,2015-12-27
"immune_prop",53,0.000625604195029775,0.000724057601471996,0.000777279491421135,0.000852297484361135,0.00101816609107038,2016-01-03
"immune_prop",54,0.000684631050908661,0.000790041663143384,0.000848471391405274,0.000929716157647508,0.00110831121344926,2016-01-10
"immune_prop",55,0.000751482148948431,0.000868798670884261,0.000934262241700909,0.00102073603485964,0.00121513894056873,2016-01-17
"immune_prop",56,0.000830139489911151,0.000960594886051182,0.00103282071738286,0.0011264975769933,0.0013359229520286,2016-01-24
"immune_prop",57,0.000927632598382289,0.00106872779575782,0.00114730467018469,0.00125049689713026,0.00147543910376475,2016-01-31
"immune_prop",58,0.00104325737216722,0.00119945420660237,0.00128248781744827,0.00139382443974085,0.00163358848512324,2016-02-07
"immune_prop",59,0.00118188755327116,0.00135675941735947,0.0014450439686684,0.00155849166665558,0.00182751527680698,2016-02-14
"immune_prop",60,0.00134952046453527,0.00154268156942686,0.00163556727683333,0.00175985154695737,0.00205334516452385,2016-02-21
"immune_prop",61,0.00155471668872132,0.00175409142789641,0.00186763043447786,0.00199935348996498,0.00230979910402605,2016-02-28
"immune_prop",62,0.00177623689301981,0.00200108892497075,0.00212492095246475,0.00225971040864044,0.00259636878077954,2016-03-06
"immune_prop",63,0.00203347272390254,0.00228112678999787,0.00241676511883052,0.00256930737173486,0.00291762174199219,2016-03-13
"immune_prop",64,0.00229904324508856,0.00259983921605946,0.00274851506836175,0.00291364028101785,0.00327042515179194,2016-03-20
"immune_prop",65,0.00260198715361382,0.00295479075844547,0.00311133135730194,0.00328660957683058,0.00365588391741471,2016-03-27
"immune_prop",66,0.00294573855079187,0.00331762530519931,0.00349421371922085,0.00369430038022826,0.0040707446829568,2016-04-03
"immune_prop",67,0.00329404018614454,0.00369584898654319,0.00389491622133931,0.00413293955084713,0.00452653031609902,2016-04-10
"immune_prop",68,0.00362967715055784,0.00410023731099301,0.00431412358121417,0.00456457779881768,0.00501955244547299,2016-04-17
"immune_prop",69,0.00397944640339009,0.00447630307663481,0.00473615304461444,0.00500952701273995,0.0055518651181908,2016-04-24
"immune_prop",70,0.00430784908167737,0.00485969420723307,0.00515225525509462,0.00544826125507977,0.00608869570890945,2016-05-01
"immune_prop",71,0.00462666394998433,0.00524780129725094,0.00555005304470203,0.00589400120486569,0.00660378013560996,2016-05-08
"immune_prop",72,0.00494351078056816,0.00561721170788327,0.00593547377273432,0.0063053554199676,0.00710806345383477,2016-05-15
"immune_prop",73,0.00522657313572526,0.00596780072566704,0.00629360743290697,0.00672127554066942,0.00758853396099339,2016-05-22
"immune_prop",74,0.00549490000189301,0.00631057255195353,0.00665029580679875,0.00709369563011251,0.00806687691042812,2016-05-29
"immune_prop",75,0.00574991684815974,0.00662716733325378,0.00698847224073089,0.00745080037657416,0.00851174003183982,2016-06-05
"immune_prop",76,0.00599230558706439,0.00691299751649192,0.00729978144671966,0.00777917953337493,0.00893274434203772,2016-06-12
"immune_prop",77,0.00621959284604174,0.0071880083398393,0.00759549879819742,0.0080748644306687,0.00932161368215643,2016-06-19
"immune_prop",78,0.00643447179106286,0.00745259818777649,0.00785810826612745,0.008345214845013,0.00967817776859869,2016-06-26
"immune_prop",79,0.00664402922014219,0.00768687388924298,0.00810352958627479,0.00859617252206441,0.0100024142504923,2016-07-03
"immune_prop",80,0.00684130051778995,0.00788638776040359,0.00833371052382634,0.00882663003797938,0.0102951927236847,2016-07-10
"immune_prop",81,0.00700062277788479,0.00808654906634491,0.00854697129572145,0.00904952737856302,0.010557259660637,2016-07-17
"immune_prop",82,0.00716238241938228,0.00826637238835815,0.00872849761371048,0.00926260649895484,0.01078962312841,2016-07-24
"immune_prop",83,0.00731085269890393,0.00842779757862539,0.00890205351009212,0.00944731912450965,0.010993695267753,2016-07-31
"immune_prop",84,0.00744576370108828,0.00858391894780356,0.00905238365272709,0.00960796476816027,0.0111708360992128,2016-08-07
"immune_prop",85,0.00756723621299696,0.00872053018477176,0.00918195343076604,0.00974870905015638,0.0113310513222966,2016-08-14
"immune_prop",86,0.00767502955552985,0.00882880117052873,0.00929066985844592,0.00987699941689331,0.0115017386949918,2016-08-21
"immune_prop",87,0.00776346170374455,0.00892563410620756,0.0093845163508316,0.00999308462698875,0.0116448743303364,2016-08-28
"immune_prop",88,0.00783579437496557,0.00900710483848744,0.00947106978574396,0.0100899787497692,0.0117631956983553,2016-09-04
"immune_prop",89,0.00789813274234462,0.00908674862302307,0.00954833900174125,0.0101672591290529,0.0118566949062728,2016-09-11
"immune_prop",90,0.0079514564290783,0.00914961651149452,0.00961207627630308,0.0102365820967862,0.0119228098749248,2016-09-18
"immune_prop",91,0.00799680583199079,0.00920335713370568,0.00966119080952969,0.0102885110586574,0.0119773305427131,2016-09-25
"immune_prop",92,0.00803532347765938,0.00924565430493482,0.00970386625839956,0.010328790905286,0.0120221406259846,2016-10-02
"immune_prop",93,0.00806810106491357,0.00928573091645699,0.00973801542798422,0.0103647949694576,0.0120589317477076,2016-10-09
"immune_prop",94,0.0080961330767648,0.00931972374375903,0.00976658620394856,0.0103942178323412,0.0120894648217649,2016-10-16
"immune_prop",95,0.00812016135231729,0.00934887390893364,0.00979053212037386,0.0104188108258548,0.0121148288241477,2016-10-23
"immune_prop",96,0.00814099496956854,0.00937342667211988,0.00981126366232626,0.010441481009489,0.0121361685182427,2016-10-30
"immune_prop",97,0.00815942409387786,0.00939082561178255,0.00982989431891512,0.0104608815328629,0.0121545711158578,2016-11-06
"immune_prop",98,0.00817589693440441,0.00940555772999197,0.00984607345158033,0.0104765500256654,0.0121705976158757,2016-11-13
"immune_prop",99,0.00819109759154172,0.00942114629704363,0.00986124929342166,0.01048836636299,0.0121851527110714,2016-11-20
"immune_prop",100,0.0082053199301041,0.00943249430954279,0.0098775272772473,0.0105019582987795,0.0121985592736056,2016-11-27
"immune_prop",101,0.00821908114201628,0.00944304714366982,0.00989284144976921,0.0105151360805801,0.0122114759319916,2016-12-04
"immune_prop",102,0.00823294944423863,0.00945335056986971,0.00990678043949738,0.0105283303684755,0.0122243601762317,2016-12-11
"immune_prop",103,0.00824799419059448,0.00946391562506824,0.00991850619329666,0.0105414152439653,0.0122376422800267,2016-12-18
"immune_prop",104,0.00826354708492736,0.00947654848621926,0.00993005070828912,0.0105552758686857,0.012251779260327,2016-12-25
"immune_prop",105,0.0082800439109582,0.0094909667694052,0.00994354854401999,0.0105704801717824,0.0122673328380593,2017-01-01
"immune_prop",106,0.00829633093088298,0.00950339775697264,0.00995907962853972,0.0105850785593523,0.0122817407983807,2017-01-08
"immune_prop",107,0.00831389466190444,0.00951671499289568,0.00997789578122366,0.0106012344876394,0.0122977112407265,2017-01-15
"immune_prop",108,0.00833224759803192,0.00953405925300607,0.0099972230154638,0.0106181378995439,0.0123142065188965,2017-01-22
"immune_prop",109,0.00835190623750552,0.00955447546133159,0.0100157507502744,0.0106364067028345,0.0123319350000951,2017-01-29
"immune_prop",110,0.00837281015090025,0.00957621003213823,0.010035390439607,0.0106556889610053,0.0123507560213843,2017-02-05
"immune_prop",111,0.00839500040751141,0.00959924717128931,0.0100563085828439,0.0106751912531408,0.0123706958016336,2017-02-12
"immune_prop",112,0.00841835116712628,0.00962337365305576,0.0100789545380272,0.0106956970691988,0.0123915765159353,2017-02-19
"immune_prop",113,0.00844295398657347,0.00964589726254862,0.010102982003788,0.0107173285650155,0.0124135789203744,2017-02-26
"immune_prop",114,0.00846852793624252,0.00966856616403885,0.0101280976082182,0.0107381790416878,0.0124363751505911,2017-03-05
"immune_prop",115,0.00849447099112261,0.00969167693994398,0.010153627458865,0.0107591280592597,0.0124592026852133,2017-03-12
"immune_prop",116,0.00852076989967812,0.00971607907799849,0.0101796007517472,0.0107831834991709,0.0124821907949639,2017-03-19
"immune_prop",117,0.00854688650714509,0.00974154213921696,0.0102054150871295,0.0108097367105585,0.0125047153284594,2017-03-26
"immune_prop",118,0.00857261000511525,0.0097662619856371,0.0102292250759467,0.0108325153739487,0.0125266344925662,2017-04-02
"immune_prop",119,0.00859760544861802,0.00979005436564805,0.0102534261233618,0.0108518841323077,0.0125476145308476,2017-04-09
"immune_prop",120,0.00862162724319892,0.00981354882963896,0.0102773516003426,0.0108709308004788,0.0125674308344776,2017-04-16
"immune_prop",121,0.00864435057320422,0.00983524428791954,0.0102998415593152,0.0108923829083031,0.0125857142629335,2017-04-23
"immune_prop",122,0.00866579797237466,0.00985520178180712,0.0103212988762779,0.0109107305901115,0.0126025683320399,2017-04-30
"immune_prop",123,0.00868606794169964,0.00987452082352454,0.0103399580190338,0.0109328372604993,0.0126181727873873,2017-05-07
"immune_prop",124,0.00870505875753564,0.00988987583287672,0.0103575208735229,0.0109540453438577,0.0126323855354183,2017-05-14
"immune_prop",125,0.00872288456716098,0.00990401126060116,0.0103741259758,0.0109734067047525,0.012645352312072,2017-05-21
"immune_prop",126,0.00873975712217953,0.00991721115181987,0.0103895683414745,0.0109888506104584,0.012657340466253,2017-05-28
"immune_prop",127,0.00875597723576606,0.00992984474226156,0.0104042164592549,0.0109995430766671,0.0126687327157699,2017-06-04
"immune_prop",128,0.00877146619649658,0.00994207725391771,0.0104174990966225,0.01101035711418,0.0126793557760285,2017-06-11
"immune_prop",129,0.0087865191728747,0.00995595110391116,0.0104293519765589,0.0110232071242064,0.0126895764296892,2017-06-18
"immune_prop",130,0.00880124427522278,0.00997020727123016,0.0104412708780826,0.0110356048222993,0.0126994956173926,2017-06-25
"immune_prop",131,0.00881568270772933,0.00998418982291594,0.0104525614532149,0.0110476247522124,0.0127091275337636,2017-07-02
"immune_prop",132,0.00883015075723963,0.00999876405438081,0.0104630347950367,0.0110596894776529,0.0127188969009738,2017-07-09
"immune_prop",133,0.00884451903719508,0.0100130653776248,0.0104735405518498,0.0110726285467923,0.0127286039313096,2017-07-16
"immune_prop",134,0.00885885753608428,0.0100271686548991,0.0104850191593993,0.0110857343332634,0.0127383564447346,2017-07-23
"immune_prop",135,0.00887317493250389,0.0100415143562191,0.0104978857948597,0.011099131485287,0.012748195295862,2017-07-30
"immune_prop",136,0.00888739143077735,0.0100559127202179,0.0105113927319782,0.0111121738538525,0.0127580544801558,2017-08-06
"immune_prop",137,0.00890144289528869,0.0100675034786983,0.0105252049936025,0.0111250073262221,0.012767907321822,2017-08-13
"immune_prop",138,0.00891529876271224,0.0100788536155811,0.0105380468558774,0.0111374363267155,0.0127777861498767,2017-08-20
"immune_prop",139,0.00892871074643694,0.0100897131690715,0.0105504815792881,0.0111503206351747,0.0127874145967386,2017-08-27
"immune_prop",140,0.00894167094423891,0.0101004443866797,0.0105622877714982,0.0111621867514749,0.0127968557867085,2017-09-03
"immune_prop",141,0.00895399044360382,0.0101105446084606,0.010573766504621,0.0111741090178278,0.0128059009934316,2017-09-10
"immune_prop",142,0.00896538379712919,0.0101197057696627,0.0105843322111074,0.0111844894454062,0.0128141852372971,2017-09-17
"immune_prop",143,0.0089758459348371,0.0101282405531474,0.0105941108779774,0.0111937904099954,0.0128217228136327,2017-09-24
"immune_prop",144,0.00898542804909677,0.0101364086529078,0.010603000986155,0.0112021163139904,0.0128285860643255,2017-10-01
"immune_prop",145,0.00899406122991073,0.0101441808605942,0.0106111676605931,0.0112094158580888,0.0128346556652646,2017-10-08
"immune_prop",146,0.00900198570459968,0.0101510780081604,0.0106180910156448,0.0112160137901396,0.0128402369365047,2017-10-15
"immune_prop",147,0.00900882253517817,0.0101566936644073,0.0106242656642707,0.0112215597355663,0.0128447399518721,2017-10-22
"immune_prop",148,0.00901498962858227,0.0101615234053138,0.0106299407645433,0.0112270103005223,0.0128487034435295,2017-10-29
"immune_prop",149,0.00902060235951498,0.0101657199718801,0.01063515931459,0.0112319025934703,0.0128522304687176,2017-11-05
"immune_prop",150,0.00902548549945805,0.010169103895784,0.0106396754615385,0.0112359874140104,0.012855008844724,2017-11-12
"immune_prop",151,0.00903001358475437,0.0101721092783773,0.0106434376845855,0.0112397031333498,0.0128575100965374,2017-11-19
"immune_prop",152,0.00903412043001681,0.0101746680856657,0.010646954471078,0.0112429419102839,0.0128595796323182,2017-11-26
"immune_prop",153,0.00903793285367342,0.0101769254217693,0.0106502103833757,0.0112458379539692,0.0128613396828083,2017-12-03
"immune_prop",154,0.00904173429893192,0.0101792001804726,0.0106535293979913,0.0112487215830344,0.0128631371824255,2017-12-10
"immune_prop",155,0.00904556521514851,0.0101815370880778,0.0106565122671021,0.0112516216674807,0.0128649749103422,2017-12-17
"immune_prop",156,0.00904938514541961,0.0101838913229672,0.0106594282338197,0.0112544672567942,0.0128667420908796,2017-12-24
"immune_prop",157,0.00905336588202884,0.0101864602959638,0.0106625414135366,0.0112572591393125,0.0128686311890943,2017-12-31
"immune_prop",158,0.00905765722381142,0.0101894070113582,0.0106662840219817,0.0112601296328452,0.0128707867638801,2018-01-07
"immune_prop",159,0.00906252815801511,0.010193059265936,0.010670597822225,0.0112636818578185,0.012873820680507,2018-01-14
"immune_prop",160,0.00906791797349417,0.0101974191426331,0.0106754699368964,0.011267739023491,0.012877433153568,2018-01-21
"immune_prop",161,0.00907403362096224,0.0102027827092465,0.010681351025901,0.0112725928520198,0.0128820252547604,2018-01-28
"immune_prop",162,0.0090809409056291,0.0102093010051703,0.010689164431501,0.0112783217723296,0.0128877077980717,2018-02-04
"immune_prop",163,0.00908858713781313,0.0102170004346369,0.0106960557123294,0.011284874845413,0.0128944653203561,2018-02-11
"immune_prop",164,0.00909755157903374,0.010226611435101,0.0107037489675813,0.0112929967141756,0.012903202462767,2018-02-18
"immune_prop",165,0.00910705777092547,0.0102373187640629,0.0107124496915623,0.0113017542684513,0.0129129122795078,2018-02-25
"immune_prop",166,0.00911743795667691,0.0102495160748966,0.0107223860549014,0.0113115927394336,0.012924165055431,2018-03-04
"immune_prop",167,0.00912857861528752,0.0102630467337627,0.0107332638167335,0.0113236838567205,0.0129368889921764,2018-03-11
"immune_prop",168,0.00914040521027155,0.0102777111006481,0.0107451650619253,0.0113365692482796,0.012950999730562,2018-03-18
"immune_prop",169,0.00915270360458686,0.0102899092866396,0.0107598092701534,0.0113520018796534,0.0129662164698583,2018-03-25
"immune_prop",170,0.00916548339509756,0.0103027392721849,0.0107753256495821,0.011368178276981,0.0129825767891482,2018-04-01
"immune_prop",171,0.00917805776909968,0.0103156528566229,0.0107880343938627,0.0113842065018447,0.0129990668220384,2018-04-08
"immune_prop",172,0.0091905265490761,0.0103287420911054,0.0108008783491175,0.0114001600966871,0.0130157596565261,2018-04-15
"immune_prop",173,0.00920260866645529,0.0103416526798643,0.0108132323132231,0.0114156352131882,0.013032172619627,2018-04-22
"immune_prop",174,0.00921438142079078,0.010354420897096,0.0108267892434833,0.0114306733091739,0.0130483256923114,2018-04-29
"immune_prop",175,0.0092256891565735,0.0103671716449046,0.0108407085423256,0.0114433616853492,0.0130639135952641,2018-05-06
"immune_prop",176,0.00923640998082444,0.0103805358167104,0.0108523569100703,0.0114535276672406,0.0130786897949886,2018-05-13
"immune_prop",177,0.00924651140376591,0.0103939852295815,0.0108626614360596,0.0114625660118871,0.0130925481948315,2018-05-20
"immune_prop",178,0.00925621127978118,0.0104071261459615,0.010873106116802,0.0114711854766567,0.0131057511728066,2018-05-27
"immune_prop",179,0.00926568751919218,0.0104164670439611,0.0108845247075523,0.0114796295888707,0.0131185169511339,2018-06-03
"immune_prop",180,0.00927456056132235,0.0104237056595838,0.0108941028666959,0.0114874439417319,0.0131302845703092,2018-06-10
"immune_prop",181,0.0092832871998236,0.0104312581056491,0.0109022392239566,0.0114952042850155,0.0131416848718827,2018-06-17
"immune_prop",182,0.00929174249712983,0.0104408725354619,0.0109099381016033,0.011502727295208,0.0131524920128695,2018-06-24
"immune_prop",183,0.00929992476724316,0.0104498572704627,0.0109172225259247,0.0115104343969495,0.0131626926385215,2018-07-01
"immune_prop",184,0.00930812402283683,0.0104585737327238,0.0109241409524269,0.0115191099430379,0.0131721563649692,2018-07-08
"immune_prop",185,0.00931622454410073,0.0104666000578773,0.0109302321294029,0.0115271116087498,0.0131775513549976,2018-07-15
"immune_prop",186,0.00932698729622166,0.0104744713717345,0.0109364315692932,0.0115349296188377,0.0131829027750889,2018-07-22
"immune_prop",187,0.00933702990848648,0.0104818626660667,0.0109426805190998,0.0115423096218889,0.0131879020727722,2018-07-29
"immune_prop",188,0.00934630091749396,0.0104887343689683,0.0109485237521574,0.011549231010519,0.01319252527723,2018-08-05
"immune_prop",189,0.00935488957400242,0.0104952114492694,0.010954862864096,0.0115558259649278,0.0131969383271258,2018-08-12
"immune_prop",190,0.00936265232580258,0.0105011454089206,0.0109616008086352,0.0115619162776874,0.0132009644118292,2018-08-19
"immune_prop",191,0.00936959622203523,0.0105065427554765,0.0109689592502689,0.0115674307727236,0.0132046204387012,2018-08-26
"immune_prop",192,0.00937569990398911,0.0105113640514508,0.0109755299697442,0.0115723380985613,0.0132078619374476,2018-09-02
"immune_prop",193,0.00938091649026746,0.0105155287967485,0.0109812093184902,0.0115765602382807,0.0132105872454312,2018-09-09
"immune_prop",194,0.00938539866330752,0.0105191707586749,0.0109861310310158,0.0115802228831581,0.0132129570292908,2018-09-16
"immune_prop",195,0.0093889961421973,0.0105220785355514,0.0109900812890573,0.0115830770863774,0.0132146912689298,2018-09-23
"immune_prop",196,0.00939193407028634,0.0105244597886586,0.0109941795673767,0.0115858089241883,0.0132160298819792,2018-09-30
"immune_prop",197,0.00939422214287844,0.0105262823523423,0.0109976193907634,0.0115880754221604,0.0132169066088407,2018-10-07
"immune_prop",198,0.0093961113613068,0.0105277884221467,0.0110005805740229,0.011589969931404,0.0132175965560326,2018-10-14
"immune_prop",199,0.0093973648486414,0.0105286787921344,0.0110027676546555,0.011591163457581,0.0132176938559116,2018-10-21
"immune_prop",200,0.00939824152334208,0.0105292354213913,0.0110044757751437,0.0115917498094803,0.0132174973926718,2018-10-28
"immune_prop",201,0.00939888554892131,0.0105297257889692,0.0110057459470672,0.0115919446864624,0.0132171525490339,2018-11-04
"immune_prop",202,0.00939929736931019,0.0105299731742309,0.0110067093555876,0.0115918912363299,0.0132166101245309,2018-11-11
"immune_prop",203,0.00939949549130444,0.0105299844235828,0.0110071434586125,0.0115915988870583,0.0132158527064762,2018-11-18
"immune_prop",204,0.00939962774204856,0.0105299136532545,0.011007232349306,0.0115912379258565,0.0132150494549883,2018-11-25
"immune_prop",205,0.00939981803062604,0.0105297059015118,0.0110073728397089,0.0115909495852421,0.0132143387451762,2018-12-02
"immune_prop",206,0.00939989114807136,0.0105287109804534,0.0110068473296726,0.011590505849074,0.0132134393072282,2018-12-09
"immune_prop",207,0.00940016560081946,0.0105280243113782,0.011006523778688,0.0115902861722727,0.0132127626491227,2018-12-16
"immune_prop",208,0.00940040184796651,0.0105275110526926,0.0110061061405192,0.0115899795730313,0.0132119324416827,2018-12-23
"immune_prop",209,0.00940092024180595,0.0105272380208546,0.0110059513965794,0.0115899617586053,0.0132113536833278,2018-12-30
"immune_prop",210,0.00940192277643578,0.010527194669277,0.0110060483966061,0.011590219145141,0.0132109857977624,2019-01-06
"immune_prop",211,0.00940378854280449,0.010527629106777,0.0110067625003035,0.0115911757695074,0.0132113442369783,2019-01-13
"immune_prop",212,0.00940620541774004,0.0105285521826188,0.011008201319848,0.0115927531146691,0.0132122326028979,2019-01-20
"immune_prop",213,0.00940940202678751,0.0105301057714022,0.0110111313957679,0.0115951726213851,0.0132139358671592,2019-01-27
"immune_prop",214,0.00941371147308134,0.0105326508153176,0.0110151267820318,0.0115988346093554,0.0132168940946708,2019-02-03
"immune_prop",215,0.00941911575706414,0.0105361488149558,0.0110201095679839,0.0116036983115182,0.0132210678734885,2019-02-10
"immune_prop",216,0.00942578287358845,0.0105407755010735,0.0110262090775736,0.0116097549865906,0.0132266970810424,2019-02-17
"immune_prop",217,0.00943397199810994,0.0105468219346715,0.0110336597092855,0.0116175831067365,0.0132341771309883,2019-02-24
"immune_prop",218,0.00944377097135631,0.0105543969907421,0.011042493645083,0.0116278537198064,0.0132436936924162,2019-03-03
"immune_prop",219,0.00945545893353933,0.0105649513229706,0.0110529663466766,0.0116396605451846,0.0132557305841017,2019-03-10
"immune_prop",220,0.00946874693805139,0.0105787866296737,0.0110646969304228,0.0116529085116188,0.0132699987792178,2019-03-17
"immune_prop",221,0.00948360838258397,0.0105951021044478,0.0110779887587911,0.0116682429480929,0.0132865883781228,2019-03-24
"immune_prop",222,0.00950006125845323,0.0106133989409085,0.0110951366010235,0.0116861368559763,0.0133056465321182,2019-03-31
"immune_prop",223,0.00951808815497074,0.0106325775542048,0.0111110386827677,0.0117069587106,0.01332724770547,2019-04-07
"immune_prop",224,0.00953721982305804,0.0106527523515032,0.0111278851910292,0.0117281909987919,0.0133507957748347,2019-04-14
"immune_prop",225,0.00955727855718817,0.0106729735056607,0.0111490323354136,0.0117485007530422,0.0133760555958738,2019-04-21
"immune_prop",226,0.00957790448797478,0.0106922713941593,0.0111725038882733,0.0117667685398971,0.0134024247449245,2019-04-28
"immune_prop",227,0.00959902895465962,0.01071433985879,0.0111922108522847,0.0117866808073941,0.0134297290041174,2019-05-05
"immune_prop",228,0.0096214085643141,0.0107378548967897,0.0112130705972898,0.0118063435247026,0.0134575111898816,2019-05-12
"immune_prop",229,0.00964469192036534,0.0107612607924128,0.0112339068077699,0.0118257785847956,0.0134815784055561,2019-05-19
"immune_prop",230,0.00966831065515715,0.01078458098102,0.0112531739921818,0.0118444742772089,0.0134999624924269,2019-05-26
"immune_prop",231,0.00969209349065285,0.0108039839748512,0.011273038885848,0.0118659206269311,0.0135181606234003,2019-06-02
"immune_prop",232,0.00971588911446048,0.0108216705547587,0.0112939735578333,0.0118879728989136,0.013536074370092,2019-06-09
"immune_prop",233,0.00973981699456076,0.0108395158711183,0.0113136797685624,0.0119092092231352,0.0135539177203907,2019-06-16
"immune_prop",234,0.00976385619487706,0.0108586691753038,0.011332959729747,0.0119299089558953,0.0135718904051484,2019-06-23
"immune_prop",235,0.00978788814397499,0.0108842251572379,0.0113520688168176,0.0119501963008402,0.0135899352443582,2019-06-30
"immune_prop",236,0.00981181980551668,0.0109112513883506,0.0113710343280208,0.0119741155994156,0.0136081365861779,2019-07-07
"immune_prop",237,0.00983566439154215,0.0109351678734252,0.0113935483657666,0.0119993229983235,0.0136266820362712,2019-07-14
"immune_prop",238,0.0098593196633708,0.0109564824187329,0.0114173310393842,0.0120211348941437,0.0136456076694079,2019-07-21
"immune_prop",239,0.00988259960688419,0.0109767231505904,0.0114406387142153,0.0120386723910157,0.0136648347348549,2019-07-28
"immune_prop",240,0.00990539686287165,0.010996862174453,0.011467160755474,0.0120579913930613,0.0136843827329974,2019-08-04
"immune_prop",241,0.00992743061201568,0.0110166042158604,0.011495134010889,0.0120789031248747,0.0137040066612019,2019-08-11
"immune_prop",242,0.00994852551370212,0.0110357602028129,0.0115190404278365,0.0120985793977332,0.0137235679784486,2019-08-18
"immune_prop",243,0.00996855787043579,0.0110541874163606,0.0115394760971794,0.0121193477192417,0.0137429483052627,2019-08-25
"immune_prop",244,0.00998729627655636,0.0110718872589546,0.011557109548823,0.0121387695544182,0.0137618237361898,2019-09-01
"immune_prop",245,0.0100045417456895,0.0110874468681804,0.0115732744432349,0.0121580846153155,0.0137798594772824,2019-09-08
"immune_prop",246,0.0100202867064513,0.0111016198379005,0.0115879571894129,0.0121742526435479,0.0137969372037257,2019-09-15
"immune_prop",247,0.0100344390103768,0.0111148534100549,0.0116010416407486,0.0121858972355916,0.0138127887039687,2019-09-22
"immune_prop",248,0.0100480852644507,0.0111272927841426,0.0116127685575904,0.0121966721955618,0.0138275583549091,2019-09-29
"immune_prop",249,0.0100613543401138,0.0111389243348822,0.011623221250818,0.0122069643462858,0.0138412054295793,2019-10-06
"immune_prop",250,0.0100737756668201,0.0111502132269578,0.0116325293471715,0.0122160389906575,0.013853758266519,2019-10-13
"immune_prop",251,0.0100856484497794,0.0111607630599673,0.0116408137797516,0.012224020891124,0.0138652559332169,2019-10-20
"immune_prop",252,0.0100965487873071,0.011170603323319,0.011649348217749,0.0122314683275176,0.0138758356348525,2019-10-27
"immune_prop",253,0.0101065785339104,0.0111797670330616,0.0116574591577801,0.012238164337203,0.0138855483208988,2019-11-03
"immune_prop",254,0.0101159800595358,0.0111879574406864,0.0116649934472434,0.0122443630374265,0.0138946419247231,2019-11-10
"immune_prop",255,0.0101232959704202,0.0111944333552259,0.0116721709180626,0.0122526520985063,0.0139033162423263,2019-11-17
"immune_prop",256,0.0101307912535889,0.0112006924368238,0.0116791549705012,0.012259742529858,0.0139117126870007,2019-11-24
"immune_prop",257,0.0101395143166421,0.0112066685784354,0.0116861898953353,0.0122666591777723,0.0139200731794987,2019-12-01
"immune_prop",258,0.010148860630491,0.0112142413208969,0.0116937949266613,0.0122729702485496,0.0139289663302951,2019-12-08
"immune_prop",259,0.0101587785078192,0.0112223844244988,0.0117018537460753,0.0122794417226879,0.0139381979107343,2019-12-15
"immune_prop",260,0.0101696161251344,0.0112316739624409,0.0117106972146619,0.0122863051216423,0.0139480957167109,2019-12-22
"immune_prop",261,0.0101821471659629,0.0112428643591479,0.0117220256193084,0.0122942594469976,0.0139595351669775,2019-12-29
"immune_prop",262,0.010195283301464,0.0112562887528219,0.0117368352424521,0.0123034159218536,0.0139727241079807,2020-01-05
"immune_prop",263,0.0102087795835617,0.0112735619167175,0.0117526359113412,0.0123145815652079,0.0139865333866555,2020-01-12
"immune_prop",264,0.010224455841943,0.0112893021381142,0.0117715938213807,0.0123289505634486,0.0140028293093853,2020-01-19
"immune_prop",265,0.0102422939797655,0.0113050979160847,0.0117937617432778,0.0123457372669964,0.014021716359447,2020-01-26
"immune_prop",266,0.0102627248575969,0.0113259813675314,0.0118168070023653,0.012364304334227,0.0140436172293777,2020-02-02
"immune_prop",267,0.0102860709139237,0.0113483382935443,0.0118422611635336,0.0123932806254831,0.0140661729364451,2020-02-09
"immune_prop",268,0.0103125646536888,0.0113729436100574,0.0118729458948317,0.0124172759740285,0.0140929442982894,2020-02-16
"immune_prop",269,0.0103424919810197,0.0114010478687731,0.011907894876601,0.0124498342542531,0.0141245782391458,2020-02-23
"immune_prop",270,0.0103763828927727,0.0114328195029367,0.0119469422972616,0.0124851606473423,0.0141617423847564,2020-03-01
"immune_prop",271,0.0104134647095442,0.0114792672445342,0.0119869914407539,0.0125252970933908,0.0142003269374329,2020-03-08
"immune_prop",272,0.0104537224281239,0.0115210710345204,0.0120317932144119,0.0125738786904527,0.0142427928510238,2020-03-15
"immune_prop",273,0.0104971328984241,0.0115635033270315,0.012081327798161,0.0126231426124548,0.0142889948276068,2020-03-22
"immune_prop",274,0.0105430786469256,0.0116236265585155,0.0121344685655969,0.0126801729108853,0.0143322426464128,2020-03-29
"immune_prop",275,0.0105906968286751,0.0116883427869946,0.0121870946062804,0.0127397742761548,0.0143762347726004,2020-04-05
"immune_prop",276,0.010639598172665,0.0117422330692246,0.0122369008647514,0.0127939623165174,0.0144221900160097,2020-04-12
"immune_prop",277,0.010690466282298,0.0118038489962729,0.0123014893055703,0.0128568486892202,0.0144692664051082,2020-04-19
"immune_prop",278,0.0107514061465791,0.0118737641762538,0.0123669303153462,0.0129186221387793,0.0145177024251675,2020-04-26
"immune_prop",279,0.0108131457775589,0.0119296737478582,0.0124221681092065,0.0129818746216602,0.0145669592107184,2020-05-03
"immune_prop",280,0.0108749098481799,0.0119869090502529,0.0124789540069587,0.0130417147606063,0.0146165486940989,2020-05-10
"immune_prop",281,0.0109261562744184,0.0120413986318887,0.0125353844902379,0.0130965290835436,0.0146667257007727,2020-05-17
"immune_prop",282,0.0109850817137448,0.0120939991459402,0.0125906310296615,0.0131567787797614,0.014717556460295,2020-05-24
"immune_prop",283,0.0110553925403708,0.0121400631121399,0.0126444052611542,0.0132066780250766,0.0147689608129317,2020-05-31
"immune_prop",284,0.0111184555532564,0.0121910637947649,0.0126936391725424,0.013255592646391,0.0148209579632411,2020-06-07
"immune_prop",285,0.0111723422502579,0.0122453722681333,0.012750717219535,0.0133113034608054,0.0148738679651799,2020-06-14
"immune_prop",286,0.0112266058074865,0.0122901520201802,0.0127992617319446,0.0133669930288015,0.0149273337216048,2020-06-21
"immune_prop",287,0.0112815715391244,0.0123433481208819,0.0128534676273891,0.0134315930850555,0.014981534902319,2020-06-28
"immune_prop",288,0.0113372538866964,0.012400575483423,0.0129072068995832,0.0134804023784724,0.0150362790252071,2020-07-05
"immune_prop",289,0.0113936788638156,0.012453640245078,0.0129624678812609,0.0135393110937508,0.0150848359750354,2020-07-12
"immune_prop",290,0.0114514502849324,0.0125094661355291,0.0130195173023325,0.0135883172944841,0.0151296156815562,2020-07-19
"immune_prop",291,0.0115112179758443,0.0125671688575793,0.0130800454877118,0.0136359855038141,0.0151744270045289,2020-07-26
"immune_prop",292,0.0115703525378152,0.0126206858662509,0.0131368126096216,0.0136897294763489,0.0152192551966445,2020-08-02
"immune_prop",293,0.0116279197031158,0.0126740698409139,0.0131915313838457,0.0137473957988424,0.0152634700955642,2020-08-09
"immune_prop",294,0.0116834950985063,0.0127185000002523,0.0132411998546753,0.0138041638413465,0.0153071009610941,2020-08-16
"immune_prop",295,0.0117357292034233,0.012765143471962,0.0132890591546691,0.0138540860128539,0.0153497102112859,2020-08-23
"immune_prop",296,0.0117811970377163,0.0128161638743583,0.0133348174177811,0.013899910859293,0.0153910236511786,2020-08-30
"immune_prop",297,0.011824508995254,0.01286456804188,0.0133785921592364,0.0139418244023024,0.0154304785729093,2020-09-06
"immune_prop",298,0.0118648042606132,0.0129096933202906,0.0134195571589973,0.0139809652492281,0.0154680552456427,2020-09-13
"immune_prop",299,0.0119026709401247,0.0129509895085534,0.0134567866677728,0.0140168424850562,0.0155031845352258,2020-09-20
"immune_prop",300,0.0119371354063164,0.0129900050233389,0.0134944359939372,0.0140504744900021,0.0155359344892039,2020-09-27
"immune_prop",301,0.0119666509394195,0.0130212445050244,0.013529704651632,0.0140825657117318,0.0155663541761458,2020-10-04
"immune_prop",302,0.011992972027201,0.0130490514924797,0.0135557648526716,0.0141097735249239,0.0155944231188415,2020-10-11
"immune_prop",303,0.0120199308774157,0.013074340058315,0.0135827917032721,0.0141345745445577,0.0156203412079897,2020-10-18
"immune_prop",304,0.012044581029275,0.0130970782825258,0.0136064824157674,0.014156808208129,0.0156441589421169,2020-10-25
"immune_prop",305,0.0120673003532852,0.0131172508312632,0.0136279200665132,0.0141745026758944,0.01566613108247,2020-11-01
"immune_prop",306,0.0120861251197183,0.0131355786285643,0.0136476847439549,0.0141938006881742,0.0156867304672171,2020-11-08
"immune_prop",307,0.0121030835457011,0.0131526027579604,0.0136661098693673,0.0142119084426205,0.0157061703423814,2020-11-15
"immune_prop",308,0.0121193018741632,0.0131686651881732,0.0136835810256206,0.0142355481526529,0.0157247446851875,2020-11-22
"immune_prop",309,0.0121354654408273,0.0131849875334443,0.0137007889900129,0.0142554954829985,0.0157431125874801,2020-11-29
"immune_prop",310,0.012151890703375,0.0132015687022299,0.0137186829616796,0.0142736161684942,0.0157615417793202,2020-12-06
"immune_prop",311,0.0121690449181768,0.0132186452744876,0.0137376210488754,0.0142925761198428,0.0157804765469189,2020-12-13
"immune_prop",312,0.0121873469344368,0.0132379817023068,0.0137601271826217,0.0143112769695917,0.0158002677690903,2020-12-20
"immune_prop",313,0.012207604371838,0.0132604211945614,0.0137841063909718,0.0143318043507056,0.0158217436102122,2020-12-27
"immune_prop",314,0.0122302182983723,0.0132875508154122,0.0138092945607436,0.0143545983395283,0.015845169877637,2021-01-03
"immune_prop",315,0.0122604731213974,0.0133241319732355,0.0138438541177136,0.0143836451961148,0.0158768249182676,2021-01-10
"immune_prop",316,0.0122974846258357,0.0133645042910977,0.013881072096174,0.0144202042495385,0.0159151191274367,2021-01-17
"immune_prop",317,0.0123453811049375,0.0134148820183306,0.0139284725121162,0.0144733248927258,0.0159646348124448,2021-01-24
"immune_prop",318,0.0124078073644993,0.0134803563064733,0.0139986548987108,0.0145483041160066,0.016028990918011,2021-01-31
"immune_prop",319,0.0124893770715633,0.0135728725403182,0.0140829814860267,0.0146472720258057,0.0161131509505514,2021-02-07
"immune_prop",320,0.0125858884821161,0.013684072271726,0.0141843629873806,0.0147637989280755,0.0162233059239387,2021-02-14
"immune_prop",321,0.0127137824446897,0.0138255103143311,0.0143162143639298,0.0149020113693038,0.0163606490990887,2021-02-21
"immune_prop",322,0.0128899072883572,0.0140081261735951,0.0144882620709018,0.0150993025660266,0.0165017505326061,2021-02-28
"immune_prop",323,0.013108785164764,0.0142589521502318,0.0147153248685464,0.0152995681971632,0.0166759677957602,2021-03-07
"immune_prop",324,0.0133741373532469,0.0145534173484504,0.0150068270268072,0.0155820892201305,0.0168882424332719,2021-03-14
"immune_prop",325,0.0136353603678053,0.0148859342586649,0.0153516114908358,0.0158984324228608,0.0171980357158844,2021-03-21
"immune_prop",326,0.0139855190668424,0.0152517764407315,0.0157452651691996,0.0163251721895156,0.0176267867172714,2021-03-28
"immune_prop",327,0.0144208395767558,0.0156830245105709,0.0162126057319008,0.0167837138049278,0.0181974705822617,2021-04-04
"immune_prop",328,0.014780733015548,0.0161650966918531,0.0166991717504112,0.0173451959215691,0.0188309986927716,2021-04-11
"immune_prop",329,0.0151736651966595,0.0166949215565479,0.0172779319763255,0.0179814776658652,0.0194107414159243,2021-04-18
"immune_prop",330,0.0156054247919509,0.0172297557612647,0.0178696629800271,0.0186594097140707,0.0200632672444464,2021-04-25
"immune_prop",331,0.01616312610582,0.0178211454806617,0.0184871245054296,0.0193144066643222,0.0208263734400003,2021-05-02
"immune_prop",332,0.0167512964778213,0.0184139880150418,0.0191342596077018,0.0199920612196434,0.0215980104897323,2021-05-09
"immune_prop",333,0.017357315927994,0.0190191263675201,0.0197842476178371,0.0206302592360592,0.0223491802303654,2021-05-16
"immune_prop",334,0.017971552868476,0.0196120035042844,0.020423488266802,0.0213586664017516,0.0230351633422792,2021-05-23
"immune_prop",335,0.0185857950809417,0.0202138631150843,0.0210340183420754,0.0220139064888313,0.0237625511521578,2021-05-30
"immune_prop",336,0.0190979492106013,0.0207877695924627,0.0216576361861997,0.022640794369517,0.0244467441868037,2021-06-06
"immune_prop",337,0.0196521419324379,0.0213321623446781,0.0222240018565732,0.0232613384410549,0.0250776666199674,2021-06-13
"immune_prop",338,0.0201796739177866,0.0218712048531895,0.0227748073732507,0.0238499445674715,0.0257148737018882,2021-06-20
"immune_prop",339,0.0206784294062044,0.0223436683860947,0.0233020052315675,0.0243449483129898,0.0262994998620705,2021-06-27
"immune_prop",340,0.0211457249110881,0.0228127298317022,0.0237804542002527,0.0248475601808837,0.0268285682994618,2021-07-04
"immune_prop",341,0.0215807957255899,0.0232366302761658,0.0242326612193453,0.0253091028187203,0.0273002001656427,2021-07-11
"immune_prop",342,0.0219633067578332,0.0236262950725219,0.0246601469395858,0.0257253142992902,0.027746436691004,2021-07-18
"immune_prop",343,0.0223086758707806,0.023994312561145,0.0250324786288927,0.0261247663343016,0.0281645562072286,2021-07-25
"immune_prop",344,0.0226226740067736,0.0243137107314069,0.0253774143047336,0.0264821022394098,0.0285786652400376,2021-08-01
"immune_prop",345,0.0229049370036196,0.0245968136511673,0.0256713176454583,0.0267927270955977,0.0289294268419946,2021-08-08
"immune_prop",346,0.0231403676681019,0.0248522960402465,0.0259247372317011,0.027060817306741,0.0292147198223523,2021-08-15
"immune_prop",347,0.0233389922082202,0.0250728162969529,0.0261572025386829,0.0272742385189028,0.0294556519365387,2021-08-22
"immune_prop",348,0.0235092604091008,0.0252720747255937,0.0263477744109746,0.0274869173081529,0.0296572694424209,2021-08-29
"immune_prop",349,0.0236538465569382,0.0254264475139261,0.0265198781700429,0.0276565995618071,0.0298227327054574,2021-09-05
"immune_prop",350,0.0237756926625503,0.0255704315871383,0.0266511156754871,0.0277858714657899,0.0299571669959671,2021-09-12
"immune_prop",351,0.0238772285403436,0.0256742191291858,0.0267686713262396,0.0278871951232177,0.0300645831771344,2021-09-19
"immune_prop",352,0.0239618239881622,0.0257663694139287,0.0268628852745402,0.0279732260161957,0.0301500078553971,2021-09-26
"immune_prop",353,0.0240325278621747,0.0258529644451337,0.0269418300538582,0.0280403692530373,0.0302178816074132,2021-10-03
"immune_prop",354,0.0240917894351781,0.0259199886614115,0.0270113397381795,0.0281086075481297,0.0302717017847134,2021-10-10
"immune_prop",355,0.0241419316390118,0.025978182097671,0.0270677039272614,0.0281675134678716,0.0303237009446964,2021-10-17
"immune_prop",356,0.0241847387711748,0.0260213914683533,0.0271111039078411,0.0282113965998645,0.0303779566426618,2021-10-24
"immune_prop",357,0.0242219050835666,0.0260539890020338,0.0271511791232171,0.028245010017083,0.0304182045413669,2021-10-31
"immune_prop",358,0.0242547238291991,0.0260847873203944,0.0271864498856385,0.0282739187423319,0.0304463783286565,2021-11-07
"immune_prop",359,0.0242847796748079,0.0261136023351562,0.0272169346167013,0.0282998474552795,0.0304715354702468,2021-11-14
"immune_prop",360,0.024310898991236,0.0261407242419374,0.0272411824986128,0.0283345584688884,0.0304946763769736,2021-11-21
"immune_prop",361,0.0243344933508498,0.0261671748294297,0.0272642850746904,0.0283684428576933,0.0305168705718578,2021-11-28
"immune_prop",362,0.0243578760449317,0.0261941871717103,0.027290160115761,0.0283917660087676,0.0305392400577075,2021-12-05
"immune_prop",363,0.0243820028494511,0.0262229608503298,0.0273211422366676,0.0284156275147011,0.030562830925151,2021-12-12
"immune_prop",364,0.0244078099323616,0.0262547560683286,0.027355812355706,0.0284459668525727,0.0305887025293457,2021-12-19
"immune_prop",365,0.0244370096577668,0.0262917775766362,0.0274028193568653,0.0284816403383631,0.0306189381840337,2021-12-26
"immune_prop",366,0.0244707432726988,0.0263357594010104,0.027454760033445,0.0285223872581839,0.0306549849386211,2022-01-02
"immune_prop",367,0.0245088314241663,0.0263751242362958,0.0274965393452661,0.0285638225603689,0.0306928114548358,2022-01-09
"immune_prop",368,0.0245555864687342,0.0264228665963011,0.0275439617756459,0.0286075042450426,0.0307396677448921,2022-01-16
"immune_prop",369,0.0246130443858664,0.0264901231703007,0.0276037862238352,0.0286698353822366,0.0307960568472959,2022-01-23
"immune_prop",370,0.0246846090390806,0.0265778829281804,0.0276845714171657,0.0287531696704944,0.0308650888945859,2022-01-30
"immune_prop",371,0.0247746186659739,0.0266837976333626,0.0277777558980128,0.0288567177159927,0.0309505779898898,2022-02-06
"immune_prop",372,0.0248985905791387,0.0268029698912085,0.0278979919759226,0.0289858097140306,0.031060689313003,2022-02-13
"immune_prop",373,0.0250511423963814,0.026934444535602,0.0280470021031026,0.0291181722525233,0.0312225050613587,2022-02-20
"immune_prop",374,0.0252346669509777,0.0270955938099745,0.0282247186765085,0.0292972719906869,0.0313842213359996,2022-02-27
"immune_prop",375,0.0254523715071946,0.0272796301605614,0.0284420750046393,0.0295153084978253,0.0315896901709723,2022-03-06
"immune_prop",376,0.0256843756114508,0.0275135304420333,0.0287071253930837,0.029774632689529,0.0318261022510617,2022-03-13
"immune_prop",377,0.0259826969825076,0.0277758579241927,0.0289849667609164,0.030074462670437,0.032101038960749,2022-03-20
"immune_prop",378,0.026308770325211,0.0281031565786272,0.0293052832378347,0.0304145287268894,0.032394511714474,2022-03-27
"immune_prop",379,0.0266244751086758,0.0284760475510335,0.0296446963617371,0.0308137409912164,0.0327434046146552,2022-04-03
"immune_prop",380,0.0269539932853008,0.0288636022256885,0.0300233647689932,0.0312015177454184,0.0331468010723638,2022-04-10
"immune_prop",381,0.0273509264891306,0.0292892271783904,0.0303633792631617,0.0316312179463262,0.0335826591722544,2022-04-17
"immune_prop",382,0.0277354890005772,0.0297009919514026,0.0307637445918449,0.0320354808793531,0.0340432543682903,2022-04-24
"immune_prop",383,0.0281138790240145,0.0301148926726618,0.0311944342088617,0.0324389581572973,0.0345091905499457,2022-05-01
"immune_prop",384,0.0284703142698963,0.0304917779893745,0.0315960002692844,0.0328484644968044,0.0349096305796965,2022-05-08
"immune_prop",385,0.0288204061312736,0.0308700421911368,0.0319590122440853,0.0332362929288385,0.0353532827567637,2022-05-15
"immune_prop",386,0.0291563398891237,0.0312323787289918,0.0322841059136937,0.0336299648744154,0.0358018684984013,2022-05-22
"immune_prop",387,0.0294747556494681,0.0315735991326773,0.032621865568925,0.0340206469314641,0.0362023069994417,2022-05-29
"immune_prop",388,0.0297734684512475,0.0319015866526379,0.0329161158310944,0.0343553379937276,0.036513422961258,2022-06-05
"immune_prop",389,0.0300510370660751,0.0322341991129715,0.0332044450473252,0.0346610870347703,0.036799497157965,2022-06-12
"immune_prop",390,0.0303064989070406,0.0325145089752715,0.0335054747245463,0.034938970853649,0.0370577864176082,2022-06-19
"immune_prop",391,0.0305403359450674,0.0327773690620126,0.033792608600287,0.0351845067339063,0.0372914164156374,2022-06-26
"immune_prop",392,0.0307526867762853,0.0330232916364259,0.034013737462405,0.0353957240217571,0.0375005798276388,2022-07-03
"immune_prop",393,0.0309435302341725,0.0332254822146021,0.0342037117313752,0.0355789247965213,0.0376844267730799,2022-07-10
"immune_prop",394,0.0311426980328985,0.0334171137563352,0.0343739816209819,0.0357495414737833,0.037843532146495,2022-07-17
"immune_prop",395,0.0313290335918863,0.03356425020879,0.0345268774247895,0.0358962883819527,0.0379943852498379,2022-07-24
"immune_prop",396,0.0314926033063288,0.033702163941898,0.0346676732716647,0.0360139691993553,0.0381451167885955,2022-07-31
"immune_prop",397,0.0316336463361111,0.0338125381710946,0.0348006191837225,0.0361212859429724,0.0382729816334977,2022-08-07
"immune_prop",398,0.0317223390374935,0.0339071815631812,0.0349133404563658,0.0362091307252744,0.0383790591894813,2022-08-14
"immune_prop",399,0.0317945124759353,0.0339876241630034,0.0350009439478729,0.0362940311987076,0.0384652567422864,2022-08-21
"immune_prop",400,0.0318545911655423,0.0340550690700096,0.0350729816096492,0.0363592673142481,0.0385347528303926,2022-08-28
"immune_prop",401,0.0319032902042086,0.0341091417815164,0.0351306479729742,0.0364109187827378,0.0385890638166467,2022-09-04
"immune_prop",402,0.0319427270840383,0.0341523923756644,0.0351766857316899,0.0364485920550882,0.0386313361980584,2022-09-11
"immune_prop",403,0.0319736131369704,0.0341858287006354,0.0352122560526369,0.0364793954384225,0.0386629129751026,2022-09-18
"immune_prop",404,0.0319979893678735,0.03421183744102,0.0352399278259255,0.0365043040388722,0.0386866264493112,2022-09-25
"immune_prop",405,0.0320169838390507,0.034231786168855,0.0352611981037222,0.0365237595760768,0.0387040884785558,2022-10-02
"immune_prop",406,0.0320316065152587,0.0342468762973291,0.0352757101353608,0.0365387700350215,0.0387166668279097,2022-10-09
"immune_prop",407,0.0320428088987429,0.0342582122294769,0.0352863331260126,0.036550303828983,0.0387255788846108,2022-10-16
"immune_prop",408,0.0320506696737084,0.0342659372185286,0.0352934618582043,0.0365582805029406,0.0387309304141543,2022-10-23
"immune_prop",409,0.0320564223670522,0.0342714078108325,0.0352984730856025,0.0365627812378745,0.0387341864587202,2022-10-30
"immune_prop",410,0.0320600970407275,0.034274678546774,0.035301402415401,0.0365652572660976,0.0387353377752936,2022-11-06
"immune_prop",411,0.0320624468406118,0.03427656670442,0.0353030735913107,0.036568871087794,0.0387352406452206,2022-11-13
"immune_prop",412,0.0320640393336938,0.0342776848886069,0.0353041040792146,0.036571906519057,0.0387345268579261,2022-11-20
"immune_prop",413,0.0320645191212824,0.0342776559263262,0.0353040978315871,0.0365737151172433,0.0387327181155247,2022-11-27
"immune_prop",414,0.0320649172840958,0.0342775842766106,0.0353041916383707,0.0365755072802688,0.0387310191366093,2022-12-04
"immune_prop",415,0.0320648925102771,0.0342771089688424,0.035304020489432,0.036576939239868,0.0387289875511144,2022-12-11
"immune_prop",416,0.0320650213985503,0.0342768542348241,0.0353042420936266,0.0365787292569948,0.0387273030700987,2022-12-18
"immune_prop",417,0.0320653445059172,0.0342768778982845,0.0353048169870577,0.0365810048922568,0.0387260149395256,2022-12-25
"immune_prop",418,0.0320666835321624,0.0342780828381587,0.0353056922836322,0.0365848139356967,0.0387261381410241,2023-01-01
"immune_prop",419,0.0320683930083928,0.0342793739430094,0.0353068526700902,0.0365881594307876,0.038726213413744,2023-01-08
"immune_prop",420,0.0320709942732721,0.0342823431071622,0.0353092687136425,0.036592687613587,0.0387273374412426,2023-01-15
"immune_prop",421,0.0320745992213923,0.0342862760935419,0.035313508671598,0.0365979787959334,0.0387293758874683,2023-01-22
"immune_prop",422,0.0320794185143995,0.0342913923548545,0.0353188867923188,0.0366037150089926,0.0387325242883905,2023-01-29
"immune_prop",423,0.0320851282274751,0.0342973098146469,0.0353249703637299,0.0366101527141634,0.0387362923931512,2023-02-05
"immune_prop",424,0.0320925330578077,0.0343048314912592,0.0353325443336255,0.0366181316334424,0.0387415307379961,2023-02-12
"immune_prop",425,0.0321013233420411,0.0343146932644837,0.0353411653855603,0.0366271039021846,0.0387477450800843,2023-02-19
"immune_prop",426,0.0321120645514292,0.03432661723791,0.0353515317044645,0.0366373892245279,0.0387587817450622,2023-02-26
"immune_prop",427,0.032123696359232,0.0343405586919341,0.035363652164258,0.0366481065418429,0.0387709670025103,2023-03-05
"immune_prop",428,0.0321371778141648,0.0343573072461494,0.0353774603897919,0.036660258285797,0.0387842902851063,2023-03-12
"immune_prop",429,0.0321520756592671,0.0343752918179922,0.0353924056278862,0.0366732842068023,0.0387981478006129,2023-03-19
"immune_prop",430,0.0321681388694863,0.034394066556748,0.0354079548862934,0.0366868695820989,0.0388122214603087,2023-03-26
"immune_prop",431,0.032185026968184,0.0344131139741566,0.0354220723476823,0.0367005166296,0.0388261556050054,2023-04-02
"immune_prop",432,0.0322021860100212,0.0344253443451831,0.0354358422388752,0.0367133887796972,0.038839401281763,2023-04-09
"immune_prop",433,0.0322190470670169,0.0344359955402182,0.0354486736629683,0.0367252924345696,0.0388514403114311,2023-04-16
"immune_prop",434,0.0322358246247146,0.0344460680410765,0.0354608636929147,0.036736632078108,0.0388627270500742,2023-04-23
"immune_prop",435,0.0322526300621014,0.0344558705413138,0.0354726147395438,0.0367476745614531,0.0388735975569813,2023-04-30
"immune_prop",436,0.0322690528150513,0.0344651439563828,0.0354835652256272,0.0367580895656842,0.0388837469088688,2023-05-07
"immune_prop",437,0.032284373959332,0.034473278349912,0.0354930162140693,0.0367668570886786,0.0388924747413392,2023-05-14
"immune_prop",438,0.0322988979599026,0.034480729185132,0.0355013886691262,0.0367745635984661,0.0389002834550571,2023-05-21
"immune_prop",439,0.0323131793137831,0.0344881901540067,0.0355093685201193,0.0367820742815268,0.0389079451865475,2023-05-28
"immune_prop",440,0.0323269466147348,0.0344954475386777,0.0355167230502737,0.0367884335555426,0.0389152096587283,2023-06-04
"immune_prop",441,0.0323405543688111,0.0345029342553494,0.0355238976064783,0.0367946179109196,0.0389225580314279,2023-06-11
"immune_prop",442,0.032353457946753,0.0345101072593186,0.0355303431719814,0.0367996793223258,0.0389293736001796,2023-06-18
"immune_prop",443,0.0323662430813267,0.0345176164393545,0.0355367494408989,0.0368049085126391,0.0389363902756573,2023-06-25
"immune_prop",444,0.0323786769022369,0.0345252279207013,0.0355429084218402,0.0368100773298785,0.0389433522635422,2023-07-02
"immune_prop",445,0.0323911384111314,0.0345333503418133,0.0355492886142451,0.036815657518156,0.0389507383695629,2023-07-09
"immune_prop",446,0.032403725562773,0.0345420818335202,0.0355584378510854,0.0368218074436676,0.0389586893883329,2023-07-16
"immune_prop",447,0.0324165998176456,0.0345515757921175,0.0355686185844086,0.036828763274669,0.0389674220722509,2023-07-23
"immune_prop",448,0.0324293036017372,0.0345613120907921,0.0355790525659437,0.0368360605868318,0.0389764067787674,2023-07-30
"immune_prop",449,0.0324420335531872,0.0345714541261138,0.0355900235801632,0.036843975427668,0.0389858949252562,2023-08-06
"immune_prop",450,0.0324544431607709,0.0345815748967568,0.0356012019271631,0.0368521571940472,0.0389954765281286,2023-08-13
"immune_prop",451,0.0324664473087681,0.0345915191281761,0.0356123465671726,0.0368605352846986,0.039005044517153,2023-08-20
"immune_prop",452,0.0324777998991874,0.0346009598443831,0.0356214300575124,0.036868833766938,0.0390142860862639,2023-08-27
"immune_prop",453,0.0324884727525966,0.0346098092728354,0.0356302891788106,0.036876998857953,0.0390231386964841,2023-09-03
"immune_prop",454,0.032498622879955,0.0346181899361544,0.0356390702549277,0.0368849330719848,0.0390317532247514,2023-09-10
"immune_prop",455,0.0325068610283516,0.0346250247050706,0.0356462029928792,0.0368904823977887,0.0390384181851963,2023-09-17
"immune_prop",456,0.0325145008160887,0.0346314328426837,0.0356530654762952,0.0368952759518377,0.0390446666214418,2023-09-24
"immune_prop",457,0.0325211583762079,0.0346367738566578,0.0356591657483322,0.03689887750327,0.0390499945057308,2023-10-01
"immune_prop",458,0.0325271138029844,0.0346413632366538,0.0356647383923081,0.0369019709480972,0.0390546985805674,2023-10-08
"immune_prop",459,0.0325319511470538,0.0346447807053897,0.0356692590948915,0.0369035587525397,0.0390582439969587,2023-10-15
"immune_prop",460,0.0325361718880436,0.0346475834186892,0.0356732175050101,0.0369047511332593,0.039061201235433,2023-10-22
"immune_prop",461,0.0325393620903336,0.034649350497697,0.0356761092032067,0.0369050236370047,0.0390630446510259,2023-10-29
"immune_prop",462,0.0325416989972572,0.0346502855537249,0.0356780873091225,0.0369045212844393,0.0390639600939163,2023-11-05
"immune_prop",463,0.0325438386505432,0.0346510964989146,0.0356798377131308,0.0369039321075592,0.0390647086924805,2023-11-12
"immune_prop",464,0.0325455166877867,0.0346519968295664,0.0356810428530572,0.036902900684532,0.0390649461374291,2023-11-19
"immune_prop",465,0.0325467559332679,0.0346524937276899,0.0356817033024097,0.0369013970799725,0.0390646711976707,2023-11-26
"immune_prop",466,0.0325483987711673,0.0346534384756112,0.0356827190600546,0.0369003191391801,0.0390648634141495,2023-12-03
"immune_prop",467,0.0325496912161342,0.034654032275723,0.0356832388200474,0.0368986562750219,0.0390645820183959,2023-12-10
"immune_prop",468,0.0325510603665465,0.0346547329603992,0.0356837030061812,0.0368971804954385,0.0390642977584741,2023-12-17
"immune_prop",469,0.0325528483586814,0.0346559074354524,0.0356844541197431,0.0368971959639181,0.0390643711784614,2023-12-24
"immune_prop",470,0.0325553624266171,0.0346578850291342,0.0356857902222592,0.0368978960507612,0.0390651101399725,2023-12-31
"immune_prop",471,0.0325585379210699,0.0346605982803298,0.0356875945270716,0.0368991670475531,0.0390663626182645,2024-01-07
"immune_prop",472,0.0325627370838879,0.0346642031597674,0.0356902067165785,0.0369004088168798,0.0390687111864603,2024-01-14
"immune_prop",473,0.03256853517476,0.0346694080060094,0.0356941219271665,0.0369039619399619,0.0390725527267928,2024-01-21
"immune_prop",474,0.0325766011854472,0.0346767837049778,0.035699812600593,0.0369124765840704,0.0390786560146326,2024-01-28
"immune_prop",475,0.0325869922680737,0.0346862821685988,0.035707571844105,0.0369210337979763,0.0390869305902026,2024-02-04
"immune_prop",476,0.032600026659202,0.0346980816458543,0.0357176366228879,0.0369319381753545,0.0390975848090192,2024-02-11
"immune_prop",477,0.0326172721349985,0.0347136547507211,0.0357310933383822,0.0369470637277213,0.0391122990542486,2024-02-18
"immune_prop",478,0.0326371587529741,0.0347321975055615,0.0357462694575015,0.036964557228088,0.0391289673838149,2024-02-25
"immune_prop",479,0.0326611792881631,0.0347540854016351,0.0357646265406872,0.036986033097621,0.0391491515206967,2024-03-03
"immune_prop",480,0.0326891475887995,0.0347788112974768,0.0357867356585874,0.0370112042297782,0.0391724191039856,2024-03-10
"immune_prop",481,0.0327213694079983,0.0348064217076583,0.0358161453027534,0.0370403443239226,0.0391989767838729,2024-03-17
"immune_prop",482,0.0327572124116026,0.0348380056198917,0.0358481421996021,0.0370726750708152,0.0392279880516074,2024-03-24
"immune_prop",483,0.0327938900391198,0.0348741075005882,0.0358834019487289,0.0371076063131159,0.0392602153268744,2024-03-31
"immune_prop",484,0.0328287646776261,0.034915196123828,0.0359196220030639,0.0371461054624083,0.0392931898898344,2024-04-07
"immune_prop",485,0.0328657758728896,0.0349452850514304,0.0359575865743722,0.0371850669740281,0.0393278492897893,2024-04-14
"immune_prop",486,0.0329034191903237,0.0349759545048648,0.0359957192791624,0.0372288671759732,0.0393625752925702,2024-04-21
"immune_prop",487,0.0329416088177963,0.0350170399280299,0.036033989410605,0.0372728804301233,0.0393978524022555,2024-04-28
"immune_prop",488,0.032980074328625,0.0350618711751495,0.0360716619830662,0.0373196919707002,0.0394401806692031,2024-05-05
"immune_prop",489,0.0330176821255112,0.0351056532315328,0.0361042940688295,0.0373562146108294,0.0394812324557662,2024-05-12
"immune_prop",490,0.033054995562925,0.035145377420987,0.0361321483745279,0.0373870341618378,0.0395218365375961,2024-05-19
"immune_prop",491,0.0330911463525496,0.0351833862097052,0.0361589456013282,0.0374140561589246,0.0395609733537599,2024-05-26
"immune_prop",492,0.0331266023042968,0.0352213861271829,0.0361895554487907,0.0374402072632356,0.0395992072962996,2024-06-02
"immune_prop",493,0.0331607041616883,0.0352503150069051,0.0362203155745834,0.0374648730871221,0.0396357446921347,2024-06-09
"immune_prop",494,0.0331935938008277,0.0352740965643945,0.0362500291995807,0.0374975895721927,0.0396707422828749,2024-06-16
"immune_prop",495,0.0332254494057846,0.0352973903095837,0.0362788766166342,0.0375288661037772,0.0397043966140485,2024-06-23
"immune_prop",496,0.0332567043451255,0.03532165881934,0.0363073170165251,0.0375553083516968,0.0397351276607398,2024-06-30
"immune_prop",497,0.0332864988596302,0.0353419574001601,0.0363344015786774,0.0375795564393456,0.039758139100661,2024-07-07
"immune_prop",498,0.0333153375121005,0.0353614248756399,0.0363606767836728,0.0376101314947004,0.0397801822601461,2024-07-14
"immune_prop",499,0.0333430057618774,0.0353821334350727,0.0363859109095098,0.0376398563836381,0.0398011296778251,2024-07-21
"immune_prop",500,0.0333695339103539,0.0354072189648466,0.0364101458010629,0.0376659866921575,0.0398211679484553,2024-07-28
"immune_prop",501,0.0333942187428308,0.0354315445654984,0.0364326276629948,0.0376870291148778,0.0398396179491829,2024-08-04
"immune_prop",502,0.0334173181749831,0.0354541842365365,0.0364510245903923,0.037706909473248,0.0398569413933588,2024-08-11
"immune_prop",503,0.0334379711701309,0.0354742961692538,0.0364676550907794,0.0377239237976334,0.0398723578154096,2024-08-18
"immune_prop",504,0.0334523721588192,0.0354921464860872,0.0364829828630827,0.0377386664626103,0.0398862727308643,2024-08-25
"immune_prop",505,0.0334651341694891,0.0355076244272919,0.0364958212192077,0.0377520199136416,0.0398985987576975,2024-09-01
"immune_prop",506,0.033476421766815,0.0355209329868438,0.0365042344659587,0.0377640860777583,0.0399095327776779,2024-09-08
"immune_prop",507,0.0334854000383744,0.0355323412201272,0.0365106565625802,0.0377738391251533,0.039918067023278,2024-09-15
"immune_prop",508,0.0334925177097046,0.0355417162829967,0.036516466348685,0.0377817076652858,0.0399247122495189,2024-09-22
"immune_prop",509,0.0334986549584452,0.0355497872799417,0.0365212364119515,0.0377886183128928,0.0399304844191826,2024-09-29
"immune_prop",510,0.0335036905178158,0.0355564689376697,0.036524868019278,0.0377943818762068,0.0399352002108316,2024-10-06
"immune_prop",511,0.0335069972338516,0.0355611377574033,0.0365267057788033,0.0377982526830265,0.0399380713745614,2024-10-13
"immune_prop",512,0.033509440169609,0.0355647506303152,0.0365277127382353,0.0378011811897915,0.0399400892856461,2024-10-20
"immune_prop",513,0.0335108708694887,0.0355671846817489,0.0365277380127351,0.037802985023752,0.0399410403180595,2024-10-27
"immune_prop",514,0.0335119778864979,0.0355692013492505,0.0365275349241115,0.0378044340001239,0.0399417126473399,2024-11-03
"immune_prop",515,0.033512284445822,0.0355703218339702,0.0365265802585581,0.0378049890979767,0.0399415100254726,2024-11-10
"immune_prop",516,0.0335124464821287,0.0355712240580935,0.0365255812136638,0.0378045659587263,0.0399411904527563,2024-11-17
"immune_prop",517,0.0335118618703118,0.035569834795043,0.0365238715748742,0.0378030053001671,0.0399400161005459,2024-11-24
"immune_prop",518,0.0335112460271831,0.0355684884644409,0.0365222205231301,0.0378014011238406,0.0399388221736,2024-12-01
"immune_prop",519,0.0335108796355158,0.0355674943608367,0.0365209240394131,0.0378000699207093,0.0399379276330393,2024-12-08
"immune_prop",520,0.0335103533831618,0.0355664325140656,0.0365195276108596,0.0377985504191475,0.0399368302050778,2024-12-15
"immune_prop",521,0.0335093241695804,0.0355649586191835,0.036517650871578,0.0377964579906929,0.0399351069596979,2024-12-22
"immune_prop",522,0.0335096399122695,0.0355650613076747,0.03651694363442,0.0377958831354552,0.0399349460446194,2024-12-29
"immune_prop",523,0.0335105079443207,0.0355659359562231,0.0365169050815257,0.0377959442221195,0.0399353883569215,2025-01-05
"immune_prop",524,0.0335113587448297,0.0355666997949385,0.0365167826548958,0.0377957315074632,0.0399354218035188,2025-01-12
"immune_prop",525,0.0335131936710455,0.0355686431077924,0.0365178125403735,0.0377965663897221,0.0399364026017749,2025-01-19
"immune_prop",526,0.03351596357783,0.0355718099684884,0.0365198562770905,0.0377999528423504,0.0399381103079524,2025-01-26
"immune_prop",527,0.0335203703274822,0.0355769186712511,0.0365236485879483,0.037805443134571,0.0399413043412877,2025-02-02
"immune_prop",528,0.0335261787549636,0.0355834471692196,0.0365288698593462,0.0378121748045179,0.0399456094921173,2025-02-09
"immune_prop",529,0.0335328718145473,0.0355907588529703,0.0365348625045378,0.0378194293390924,0.0399503086073967,2025-02-16
"immune_prop",530,0.033540798418814,0.0355991126448041,0.0365418852473889,0.0378274502600433,0.0399557258518828,2025-02-23
"immune_prop",531,0.0335502925063893,0.0356087289816114,0.0365503215419462,0.0378364568239301,0.0399621850126106,2025-03-02
"immune_prop",532,0.0335628923938588,0.0356210963856104,0.0365621265903796,0.0378480368588428,0.0399714734439429,2025-03-09
"immune_prop",533,0.0335759614627823,0.0356332796093127,0.0365737620967911,0.03785910042183,0.0399804451601476,2025-03-16
"immune_prop",534,0.0335905028759804,0.0356462333105674,0.0365866166282375,0.0378707104485853,0.0399911492825954,2025-03-23
"immune_prop",535,0.0336065827315597,0.0356599624924262,0.0366000140395833,0.0378829341960756,0.040003608580269,2025-03-30
"immune_prop",536,0.0336237636474817,0.0356739941510844,0.0366136861309622,0.037895336093885,0.0400163601250355,2025-04-06
"immune_prop",537,0.0336406100941907,0.0356875449230424,0.0366272828877821,0.037907147636784,0.0400285943306876,2025-04-13
"immune_prop",538,0.0336510411357316,0.0357007196452066,0.0366408893000451,0.0379185340352634,0.040040484785958,2025-04-20
"immune_prop",539,0.0336610217793903,0.0357134504029782,0.0366543902776952,0.0379294635317223,0.0400519939657789,2025-04-27
"immune_prop",540,0.0336700510960693,0.0357251369499259,0.0366671109037804,0.0379393247945196,0.0400624691112559,2025-05-04
"immune_prop",541,0.033678525637652,0.035734162858763,0.0366793582314312,0.037952613804835,0.0400723184444711,2025-05-11
"immune_prop",542,0.0336869100294006,0.0357425450182427,0.0366890714218228,0.0379700406057293,0.0400828570988605,2025-05-18
"immune_prop",543,0.0336945574720949,0.035749861177516,0.0366980582707763,0.0379861197306644,0.0400950059187564,2025-05-25
"immune_prop",544,0.0337021694939989,0.0357568398957824,0.0367070628350523,0.0380015196666636,0.0401066826316934,2025-06-01
"immune_prop",545,0.033709490589928,0.0357631957964424,0.0367157709475088,0.0380140431704613,0.0401175510380949,2025-06-08
"immune_prop",546,0.0337169603490886,0.035769381689778,0.0367246295031768,0.0380236058308835,0.0401281102315414,2025-06-15
"immune_prop",547,0.0337248269624974,0.0357756485966746,0.0367338808728347,0.038032351785478,0.0401386385230017,2025-06-22
"immune_prop",548,0.0337333396293142,0.0357822518656624,0.0367437727465668,0.0380401042920619,0.0401494230622019,2025-06-29
"immune_prop",549,0.033741842435184,0.0357885542721476,0.0367535720628679,0.0380473775241916,0.0401596840122456,2025-07-06
"immune_prop",550,0.0337511883240162,0.0357960286793282,0.0367641961501379,0.0380551374666723,0.0401704521100227,2025-07-13
"immune_prop",551,0.0337607942763906,0.0358056163143696,0.0367750074447001,0.0380627518647018,0.0401810691950529,2025-07-20
"immune_prop",552,0.0337715295400046,0.0358161865843568,0.0367869621676652,0.0380712518081664,0.0401926308488426,2025-07-27
"immune_prop",553,0.0337823425621871,0.0358263953562756,0.036798938150004,0.0380795317708569,0.04020397479872,2025-08-03
"immune_prop",554,0.0337935341170822,0.0358363893620334,0.0368113007208992,0.0380880383243659,0.0402155751337133,2025-08-10
"immune_prop",555,0.0338049662287693,0.0358447991636526,0.0368239497974491,0.0380967445089809,0.0402274038713398,2025-08-17
"immune_prop",556,0.0338161134236241,0.0358527645549577,0.0368363710213936,0.0381051961365343,0.0402389797312237,2025-08-24
"immune_prop",557,0.0338270096248151,0.0358639105598368,0.0368486602461438,0.0381135638268355,0.0402504789438602,2025-08-31
"immune_prop",558,0.0338369428393681,0.035872121949828,0.0368600937355057,0.0381211569181247,0.0402611657721911,2025-09-07
"immune_prop",559,0.0338460137405541,0.0358783853083145,0.0368708190285268,0.0381281675908887,0.0402712344111948,2025-09-14
"immune_prop",560,0.0338535533253113,0.0358839644086557,0.0368801269348465,0.0381338821651729,0.0402799201687655,2025-09-21
"immune_prop",561,0.033860013235232,0.0358887122980173,0.0368885101350931,0.0381412561638018,0.0402877502374193,2025-09-28
"immune_prop",562,0.033865660304778,0.0358927791848094,0.036896243842588,0.0381494149707577,0.0402949984591416,2025-10-05
"immune_prop",563,0.0338704481660296,0.0358961432386536,0.0369014220552242,0.0381567152601036,0.0403015442715455,2025-10-12
"immune_prop",564,0.0338741917502412,0.0358986126768758,0.0369057439209182,0.0381620756877788,0.0403070925552427,2025-10-19
"immune_prop",565,0.0338769703855812,0.0359002591888227,0.0369119254748329,0.0381660627913051,0.0403116635315851,2025-10-26
"immune_prop",566,0.0338791142619288,0.0359014929433601,0.0369174807420687,0.0381692727515975,0.0403155145976687,2025-11-02
"immune_prop",567,0.0338796852965403,0.0359013352455825,0.0369201680921033,0.0381706169734665,0.0403159439493468,2025-11-09
"immune_prop",568,0.0338800718910674,0.0359010264817775,0.0369218392244728,0.0381716414289873,0.0403162753921589,2025-11-16
"immune_prop",569,0.0338802277677428,0.0359005095281923,0.0369233472316299,0.0381722854375973,0.0403164177632373,2025-11-23
"immune_prop",570,0.0338802298912916,0.0358998572573607,0.0369247609808188,0.038172633519024,0.0403164311841391,2025-11-30
"immune_prop",571,0.0338806340274928,0.0358996504299258,0.0369266769907796,0.0381733135599744,0.0403169488031377,2025-12-07
"immune_prop",572,0.0338810293552421,0.0358994472498528,0.0369286424671431,0.0381738670480344,0.0403174551128664,2025-12-14
"immune_prop",573,0.0338815857116682,0.0358994240839397,0.0369308399088083,0.0381741996499534,0.0403181253292783,2025-12-21
"R0_t",1,1.36898629159705,1.40506172953321,1.42886882413955,1.4508250932223,1.50117307959388,2015-01-04
"R0_t",2,1.40203739018733,1.44048683652267,1.46458865200997,1.48717595098087,1.53740000796915,2015-01-11
"R0_t",3,1.43265862478847,1.46924640830146,1.49217489878539,1.51753103332692,1.56536300570651,2015-01-18
"R0_t",4,1.44715318573498,1.48807024085234,1.50954120396818,1.53313958789355,1.58592808825957,2015-01-25
"R0_t",5,1.44780571653106,1.4930355210624,1.51543520876552,1.53723874905949,1.59677714622827,2015-02-01
"R0_t",6,1.44161164015146,1.48573033771378,1.50724784073199,1.53254998247759,1.58986816631118,2015-02-08
"R0_t",7,1.42585630410674,1.46911669356131,1.49019872289827,1.51371699354325,1.56983057938696,2015-02-15
"R0_t",8,1.39455739194984,1.44153409513756,1.46124337965585,1.48652352235041,1.53910204831732,2015-02-22
"R0_t",9,1.35243117449207,1.40391426595771,1.4262367463729,1.44905025954478,1.50234477206042,2015-03-01
"R0_t",10,1.31627479274068,1.36355091733978,1.38658129043343,1.40732244920926,1.45777101056672,2015-03-08
"R0_t",11,1.2779514541527,1.32041420671146,1.34326010331493,1.36573783481725,1.41286365875913,2015-03-15
"R0_t",12,1.23676702555636,1.27696758579994,1.29952336936023,1.32368555732867,1.36716445207475,2015-03-22
"R0_t",13,1.20043563417394,1.2377967915434,1.2597041740622,1.28239224821325,1.32489929807273,2015-03-29
"R0_t",14,1.1644362935569,1.20237688337064,1.22450038820716,1.24454534004281,1.28386268759974,2015-04-05
"R0_t",15,1.1355834760644,1.17467997281994,1.19468492416323,1.21413165338174,1.25411801437044,2015-04-12
"R0_t",16,1.11572303927129,1.15208819061229,1.17132535097324,1.19059091058403,1.22779031779982,2015-04-19
"R0_t",17,1.10335770384788,1.13835840740268,1.15593783377287,1.17511411105613,1.211724156713,2015-04-26
"R0_t",18,1.10130392159994,1.13318798246951,1.14933660290811,1.16832200257643,1.20431030844051,2015-05-03
"R0_t",19,1.1045312688409,1.13567130649314,1.15196921079174,1.16931756470171,1.20766336131829,2015-05-10
"R0_t",20,1.11396286235401,1.14671085809861,1.16320374222123,1.18012934170145,1.21703710371803,2015-05-17
"R0_t",21,1.12904568943521,1.16468705572117,1.18209667706536,1.19784661841118,1.23440583324635,2015-05-24
"R0_t",22,1.15342878487249,1.18953181056941,1.20615658835736,1.22294714059794,1.25736293948207,2015-05-31
"R0_t",23,1.18067722403884,1.22102425887745,1.23591766333228,1.25335337605938,1.28812821046315,2015-06-07
"R0_t",24,1.21398571060985,1.25362436207771,1.26942050897915,1.2864122038368,1.32599577434495,2015-06-14
"R0_t",25,1.24704788614644,1.28590948539679,1.3054408139423,1.32449706584472,1.36022054584018,2015-06-21
"R0_t",26,1.28613294454123,1.31940075129012,1.34023411644656,1.36009865850634,1.39628703358549,2015-06-28
"R0_t",27,1.31187110134015,1.34928942373741,1.37149160139369,1.39238147412607,1.43144953658727,2015-07-05
"R0_t",28,1.33278393793524,1.37595312597285,1.39698744354324,1.42008562870213,1.46261723422701,2015-07-12
"R0_t",29,1.34863370058039,1.39362613489434,1.41819629767001,1.43934581751203,1.48032681955041,2015-07-19
"R0_t",30,1.35727026302564,1.40189903882737,1.42899760816362,1.44936039985685,1.49219639035458,2015-07-26
"R0_t",31,1.35371845152646,1.40263774556673,1.42924904746659,1.44947937738154,1.49537859603976,2015-08-02
"R0_t",32,1.34010244820164,1.39496847727508,1.41658787059078,1.43999794997311,1.48977223967053,2015-08-09
"R0_t",33,1.32097202105139,1.37582102697514,1.39553593363955,1.42056951039746,1.47138296995096,2015-08-16
"R0_t",34,1.297397348235,1.34589797485015,1.3679662303451,1.39133571203173,1.44369598995904,2015-08-23
"R0_t",35,1.26550839203065,1.31130579678941,1.33383077981222,1.35862870712206,1.40687182631195,2015-08-30
"R0_t",36,1.22657614911683,1.27409748515339,1.29631211885837,1.32221934681048,1.36443178307102,2015-09-06
"R0_t",37,1.18840560824439,1.23739008420253,1.25745864021085,1.28223520428686,1.32075714952375,2015-09-13
"R0_t",38,1.15833391905821,1.1992200020667,1.22160686941393,1.24621896901054,1.27526222080499,2015-09-20
"R0_t",39,1.13039498510775,1.16626691202199,1.18877950681257,1.20882212821462,1.24224244960821,2015-09-27
"R0_t",40,1.09818504939407,1.13813371646209,1.15861294338969,1.17717488861894,1.20956437607989,2015-10-04
"R0_t",41,1.08244935328735,1.11635750618901,1.13657350421792,1.15580915575336,1.18486496032746,2015-10-11
"R0_t",42,1.06780622383397,1.10093139895637,1.12068651231763,1.13798553662796,1.16679569255767,2015-10-18
"R0_t",43,1.06364147976988,1.09393727239663,1.1133811145579,1.12964112938931,1.1589739099453,2015-10-25
"R0_t",44,1.06532850088277,1.09542255443193,1.11378187449435,1.12975800045009,1.1614157450221,2015-11-01
"R0_t",45,1.07550293463591,1.10668232536306,1.12292341208807,1.13992893447508,1.17418882917797,2015-11-08
"R0_t",46,1.0932760280984,1.12487596489455,1.14193416292373,1.15757682889548,1.19375852791003,2015-11-15
"R0_t",47,1.11810056150186,1.15259252211844,1.16898015785043,1.1838089552193,1.21786584146685,2015-11-22
"R0_t",48,1.14967088966859,1.18606724361881,1.20268780778343,1.21896874381581,1.25509720026726,2015-11-29
"R0_t",49,1.18946550867992,1.22601950043594,1.24198177467793,1.25879035292498,1.29434375097045,2015-12-06
"R0_t",50,1.23265539870292,1.26802561613536,1.28507604621273,1.30497096860935,1.34176390986775,2015-12-13
"R0_t",51,1.27778429502168,1.31270483240518,1.33201870204282,1.3515920657542,1.39270296862461,2015-12-20
"R0_t",52,1.32265825185053,1.35713807766972,1.37868439967621,1.39973732538603,1.44659906861972,2015-12-27
"R0_t",53,1.15209352782876,1.2063339283494,1.24148466369294,1.27225419918264,1.34209066478493,2016-01-03
"R0_t",54,1.22372718280568,1.27499203527109,1.31755451830089,1.34854101956287,1.42775305574671,2016-01-10
"R0_t",55,1.28005723020159,1.34274021427747,1.38171723415476,1.41687635050349,1.49500335163753,2016-01-17
"R0_t",56,1.32472061826251,1.3949544838174,1.43388829942081,1.47466312855923,1.55231300215457,2016-01-24
"R0_t",57,1.35931565579453,1.43342810213696,1.47326085495344,1.51464765861954,1.5954423749925,2016-01-31
"R0_t",58,1.3817079220281,1.45227048594419,1.49240439436438,1.53337462395933,1.62001610341763,2016-02-07
"R0_t",59,1.38533729225778,1.45462790869332,1.49369668242058,1.53559110509495,1.6176618545371,2016-02-14
"R0_t",60,1.37636977277246,1.44371710993121,1.47892514643262,1.51955836445362,1.60511063162183,2016-02-21
"R0_t",61,1.34620965341362,1.41726773056024,1.45052451796425,1.48720335192817,1.57261697919425,2016-02-28
"R0_t",62,1.30823030196166,1.37658180564866,1.4073669674407,1.443318470063,1.52172232842179,2016-03-06
"R0_t",63,1.25689192335153,1.32627188647302,1.35547802287186,1.38816163147577,1.46624957973364,2016-03-13
"R0_t",64,1.20820314727434,1.27079379726542,1.2963074936982,1.32817231499394,1.39828206830315,2016-03-20
"R0_t",65,1.15519205492152,1.21115426200869,1.2369294760125,1.26609313688184,1.3352202126741,2016-03-27
"R0_t",66,1.10016661983191,1.15547858599886,1.17611321111834,1.20554286166948,1.26694004236163,2016-04-03
"R0_t",67,1.04847776324662,1.10114452420064,1.12047292547753,1.14795501276711,1.20150441700203,2016-04-10
"R0_t",68,1.00398403432134,1.04855513026795,1.06906709823709,1.09461904659275,1.14019263855217,2016-04-17
"R0_t",69,0.96326309397199,1.00205854808279,1.02159305873652,1.04539488148337,1.08442693111778,2016-04-24
"R0_t",70,0.930066961897794,0.964769175463965,0.982767502455036,1.00465852094194,1.04217324683588,2016-05-01
"R0_t",71,0.899682638859407,0.932167966384532,0.949229287118711,0.968050578192088,1.00458782037268,2016-05-08
"R0_t",72,0.872067484335267,0.905806562432347,0.921057524717946,0.938074277319129,0.968180720934302,2016-05-15
"R0_t",73,0.850637712249722,0.88344961327816,0.89984735240312,0.9153733853371,0.943259199390529,2016-05-22
"R0_t",74,0.835337940876568,0.864890251543373,0.882932142744096,0.897253819760147,0.928261630494218,2016-05-29
"R0_t",75,0.823819555125421,0.850445759785855,0.868327185216216,0.883033152228269,0.917577798931002,2016-06-05
"R0_t",76,0.811176384021163,0.838968169606923,0.856965778182726,0.87153314613642,0.908158559990651,2016-06-12
"R0_t",77,0.800229951080788,0.829372247173606,0.847043519425544,0.862355652646284,0.899336225438548,2016-06-19
"R0_t",78,0.789659180235682,0.819935563344905,0.837693363369066,0.855081276514382,0.890770640604783,2016-06-26
"R0_t",79,0.776673433754916,0.809776557850905,0.829419760726602,0.847000521557182,0.885511140737751,2016-07-03
"R0_t",80,0.766284675098979,0.800581135131321,0.820498789718234,0.83739763231095,0.880057431863353,2016-07-10
"R0_t",81,0.753218337674424,0.788581215601706,0.808414158728831,0.825908671778231,0.866947714269849,2016-07-17
"R0_t",82,0.739030986023127,0.774448102877167,0.793876096669672,0.813490817726661,0.855365567481295,2016-07-24
"R0_t",83,0.717706722669405,0.758206440074935,0.776496546990994,0.797831376863765,0.839564220077565,2016-07-31
"R0_t",84,0.696791691694598,0.740643502476632,0.757810508106114,0.780494837724384,0.818579449465101,2016-08-07
"R0_t",85,0.678802372469078,0.719910754021156,0.738165368481258,0.760779474663948,0.800074237734713,2016-08-14
"R0_t",86,0.662838612936381,0.700783137819596,0.718625167816326,0.741762386671143,0.778583883549305,2016-08-21
"R0_t",87,0.645848458436179,0.681397194284354,0.698484888229019,0.720423606591335,0.756286579897433,2016-08-28
"R0_t",88,0.629982388439584,0.663761924358797,0.680509552493626,0.699641826208152,0.737393713493505,2016-09-04
"R0_t",89,0.61361701514174,0.647688666719917,0.66481551776786,0.682414488114841,0.71913660922393,2016-09-11
"R0_t",90,0.605194927526253,0.634920090769551,0.651452160405882,0.668390389549329,0.701155854783202,2016-09-18
"R0_t",91,0.601008557855215,0.627264153088288,0.642167936694491,0.658750013691563,0.688873565524274,2016-09-25
"R0_t",92,0.597901755699017,0.623448991335757,0.636568884791746,0.654195481409404,0.682075716428861,2016-10-02
"R0_t",93,0.602731518605474,0.626082782045686,0.639122199039989,0.654101558229715,0.680064365632618,2016-10-09
"R0_t",94,0.610740977855431,0.635281486978412,0.646467563082125,0.660544551547639,0.687704572040924,2016-10-16
"R0_t",95,0.627947109103344,0.650533511789325,0.662921317147717,0.675056672292846,0.703506569485782,2016-10-23
"R0_t",96,0.648222378994921,0.672582105922985,0.684813256425591,0.698238664427175,0.725065043374428,2016-10-30
"R0_t",97,0.677286840422602,0.701623626160747,0.715665796864467,0.728265834300223,0.757411656627325,2016-11-06
"R0_t",98,0.712843086778544,0.739467787891393,0.753939134496595,0.767778446576876,0.80017921150965,2016-11-13
"R0_t",99,0.756680746500891,0.786567231049857,0.80058682536042,0.816591093055506,0.852148725077756,2016-11-20
"R0_t",100,0.806745486681191,0.841300322423893,0.856998220012492,0.87304942900856,0.913015702451753,2016-11-27
"R0_t",101,0.863860742846495,0.902115095221592,0.920414624070988,0.941466970927287,0.982935971940745,2016-12-04
"R0_t",102,0.930156286515214,0.968008597739687,0.991553777144602,1.01367876608465,1.06092962532407,2016-12-11
"R0_t",103,1.0020049385094,1.04191730592641,1.06805068675217,1.09413675149859,1.14466972416732,2016-12-18
"R0_t",104,1.07255644333918,1.12078958465057,1.14820976777495,1.17608224351925,1.23774104271051,2016-12-25
"R0_t",105,1.02271602116731,1.05863231507832,1.07547865126063,1.09510280613477,1.13652588228828,2017-01-01
"R0_t",106,1.05616372759694,1.09367738983754,1.11118543409685,1.13203358076827,1.17969093587858,2017-01-08
"R0_t",107,1.08069788212475,1.12243979402683,1.14134662228221,1.16311113405167,1.21437166430694,2017-01-15
"R0_t",108,1.09933352763838,1.14216643117709,1.16290905237386,1.18795410520064,1.23888885342744,2017-01-22
"R0_t",109,1.10809434857797,1.15298139314156,1.17421959794025,1.20140970592051,1.25529703765182,2017-01-29
"R0_t",110,1.11050622790486,1.15393395386122,1.17395906002735,1.20192484001044,1.26444841170094,2017-02-05
"R0_t",111,1.10372708363923,1.14526767563674,1.16431051249619,1.19561335643773,1.25642040679106,2017-02-12
"R0_t",112,1.08788901620133,1.127415569826,1.14807558620544,1.18102227421826,1.24067349562305,2017-02-19
"R0_t",113,1.06241754502343,1.10251766852741,1.12387815694892,1.15349882724135,1.21514825346413,2017-02-26
"R0_t",114,1.03153222144982,1.07151630101571,1.09328654199072,1.12020571643337,1.17588087218397,2017-03-05
"R0_t",115,0.998329403989383,1.03871886279535,1.05945601800563,1.08411972114976,1.13648869506661,2017-03-12
"R0_t",116,0.961214556867771,1.00553543327806,1.02462617011168,1.04759981772893,1.09693360220294,2017-03-19
"R0_t",117,0.928469776016482,0.97259779109124,0.990744333260833,1.01197628001545,1.05810144613741,2017-03-26
"R0_t",118,0.899313030310972,0.939548648861187,0.958380294093119,0.977268426880612,1.02105449051613,2017-04-02
"R0_t",119,0.872034078729922,0.911012395344305,0.930672051544311,0.947969648918768,0.989028997021885,2017-04-09
"R0_t",120,0.852808042409551,0.887574534166508,0.90652652213139,0.921817235311644,0.962360728810635,2017-04-16
"R0_t",121,0.839067423432699,0.86972950443428,0.887059816779278,0.904969381378437,0.940045315758311,2017-04-23
"R0_t",122,0.829863405571077,0.858915919629136,0.874386711880457,0.890946565193409,0.922467173226565,2017-04-30
"R0_t",123,0.826137307650946,0.855119286291937,0.869061147472754,0.88326167951982,0.914814654024573,2017-05-07
"R0_t",124,0.831822878343198,0.855642738625024,0.869884329984275,0.882109734854949,0.912519164021918,2017-05-14
"R0_t",125,0.837139537573656,0.86168718178379,0.87584990735026,0.887761722568043,0.915913779687063,2017-05-21
"R0_t",126,0.844020117306076,0.872630711460269,0.886222191109067,0.898004080619292,0.928175033238517,2017-05-28
"R0_t",127,0.858312240236902,0.88687493208278,0.900752113430874,0.912560630301701,0.938754853782545,2017-06-04
"R0_t",128,0.874645800817429,0.903578456099075,0.917561083305756,0.931815592604635,0.956510006500656,2017-06-11
"R0_t",129,0.893709165535106,0.920428503822846,0.9374701953901,0.953030899443147,0.977713195233028,2017-06-18
"R0_t",130,0.913487109666478,0.937810568077703,0.956274270031655,0.972960887800956,0.999109496160576,2017-06-25
"R0_t",131,0.926653459127551,0.95335170711919,0.973182405615429,0.992787004211226,1.02031082269517,2017-07-02
"R0_t",132,0.936136876266674,0.967179698631948,0.988970643785609,1.00698588685876,1.03871181985761,2017-07-09
"R0_t",133,0.945859015332161,0.977954912293638,0.999796006830885,1.01825479127654,1.05277207369615,2017-07-16
"R0_t",134,0.94542116529102,0.982539962161971,1.00430539694899,1.02405182962222,1.05918614894407,2017-07-23
"R0_t",135,0.939061706823528,0.979786644387809,1.00139046634804,1.02433998837385,1.05924124750946,2017-07-30
"R0_t",136,0.93112828067968,0.971481227144142,0.992895972376039,1.01575957494761,1.05142725643459,2017-08-06
"R0_t",137,0.917431361591917,0.95821667470252,0.979928714431165,1.00083918577361,1.04115756964911,2017-08-13
"R0_t",138,0.897918413155174,0.93950692116506,0.960995874369241,0.982463689879263,1.02267440477553,2017-08-20
"R0_t",139,0.876204406460567,0.916224995999413,0.937113161900919,0.958117777640578,1.0027565992682,2017-08-27
"R0_t",140,0.851093884250175,0.890952205010393,0.912391273207176,0.932824064148911,0.972065323307348,2017-09-03
"R0_t",141,0.827166010160376,0.865119544091343,0.886548569650519,0.905521185527721,0.945529116408748,2017-09-10
"R0_t",142,0.805036781265587,0.839247407062617,0.861184065462839,0.880080726755862,0.917509718757627,2017-09-17
"R0_t",143,0.784899581061389,0.818793307062671,0.839707226388342,0.855623273747149,0.890357745300476,2017-09-24
"R0_t",144,0.768737458237693,0.801527584052046,0.820558886832241,0.836077249778708,0.867967907936346,2017-10-01
"R0_t",145,0.753566728412971,0.78685088795607,0.805355071701542,0.820889400166106,0.852014914931354,2017-10-08
"R0_t",146,0.747777003549176,0.779669204587137,0.795577426477924,0.812020145816792,0.840388347348506,2017-10-15
"R0_t",147,0.747366242523023,0.777519420573938,0.79265800894125,0.80802353699485,0.836110482318585,2017-10-22
"R0_t",148,0.750378021916999,0.78121678218918,0.795283642166646,0.809686063137449,0.837845323219949,2017-10-29
"R0_t",149,0.758549478989814,0.792007303089012,0.8051326018289,0.819086130058679,0.84584004438711,2017-11-05
"R0_t",150,0.778969295811345,0.809922156144015,0.821675807464331,0.834416317538407,0.863318093086626,2017-11-12
"R0_t",151,0.804159637831525,0.832141362553453,0.843969711043076,0.858068523165212,0.888552836767882,2017-11-19
"R0_t",152,0.834141030867805,0.861542043738649,0.874401745042744,0.886161321417932,0.915165031106254,2017-11-26
"R0_t",153,0.866682861518775,0.894807128799,0.907909364264306,0.92200071024018,0.953162639491833,2017-12-03
"R0_t",154,0.907602458858929,0.933012267815487,0.945441520731064,0.961659161221621,0.994471778740764,2017-12-10
"R0_t",155,0.946420096483729,0.971258418001972,0.986994003475151,1.00182163868142,1.03783539606197,2017-12-17
"R0_t",156,0.981251531859404,1.01145055015235,1.02816222319139,1.04602716575612,1.08044943562162,2017-12-24
"R0_t",157,1.01743951024391,1.05178969362743,1.06826798514804,1.08774762112412,1.12781047109077,2017-12-31
"R0_t",158,1.12455936624206,1.16025644138468,1.1872648324119,1.20920365886137,1.27381675309762,2018-01-07
"R0_t",159,1.16079975668355,1.20417528680831,1.23051675452961,1.25592489133912,1.31870542703245,2018-01-14
"R0_t",160,1.18956934816389,1.23750855962577,1.26657448066917,1.29321988153809,1.35677306859183,2018-01-21
"R0_t",161,1.20785478328701,1.25809325787593,1.28912198824438,1.31820338372316,1.38502472818525,2018-01-28
"R0_t",162,1.21476993897689,1.26727500651176,1.30145039078475,1.33219609828213,1.39858152035891,2018-02-04
"R0_t",163,1.21540621607128,1.26392279222804,1.30202293348337,1.33120321252173,1.39768851009472,2018-02-11
"R0_t",164,1.199192405858,1.24723960510572,1.28885177151051,1.31880505983695,1.38207526636456,2018-02-18
"R0_t",165,1.17264238161218,1.22499371386602,1.26333784223596,1.29217480494111,1.35782919693962,2018-02-25
"R0_t",166,1.13996621815272,1.19400210634862,1.23015303232949,1.25890235409588,1.32402752237209,2018-03-04
"R0_t",167,1.10305785560335,1.15653140925289,1.19066625909868,1.21794468287114,1.27495254943823,2018-03-11
"R0_t",168,1.06548732899213,1.11656905597022,1.1457461668209,1.17278838990282,1.23005133604238,2018-03-18
"R0_t",169,1.02615181774131,1.07492655210269,1.10332145357452,1.13028038907817,1.18001988499641,2018-03-25
"R0_t",170,0.988161987534121,1.03511777789949,1.05986157112477,1.08524068312278,1.13172653671554,2018-04-01
"R0_t",171,0.95354830357109,0.998076681073694,1.01994797608858,1.04298302106538,1.08417652680763,2018-04-08
"R0_t",172,0.926179623012287,0.965284363626157,0.985913495462658,1.00552059597853,1.04565628896027,2018-04-15
"R0_t",173,0.90113269437056,0.937526988641242,0.956407972653907,0.974218636579723,1.01137807164269,2018-04-22
"R0_t",174,0.878282951027355,0.91500052906667,0.932334357220303,0.950389984133398,0.985119267166599,2018-04-29
"R0_t",175,0.860361398496154,0.900426695312343,0.915929416967111,0.932256895460668,0.965848939844987,2018-05-06
"R0_t",176,0.856207017342465,0.890033770097385,0.905400692323345,0.92057206918699,0.951675255280656,2018-05-13
"R0_t",177,0.852936278952271,0.88621478099372,0.900672364277494,0.916345559460406,0.944769033092429,2018-05-20
"R0_t",178,0.855105036138047,0.886565378379956,0.900502533127074,0.915012933280194,0.942550755229919,2018-05-27
"R0_t",179,0.861183311347106,0.888700746931293,0.905194575503789,0.918624392849843,0.944475619697533,2018-06-03
"R0_t",180,0.867178633051999,0.894754698357285,0.910945828027016,0.926200596532413,0.953463357601658,2018-06-10
"R0_t",181,0.874986405564273,0.903900861778004,0.9189478745167,0.934770626366932,0.965748263473615,2018-06-17
"R0_t",182,0.882042452106225,0.910717574441953,0.927907139585484,0.944305527633199,0.977226596218912,2018-06-24
"R0_t",183,0.885394367779986,0.917691410694491,0.935664205879213,0.952610254531995,0.992028623594949,2018-07-01
"R0_t",184,0.888875021179996,0.923039452548255,0.940032984220063,0.95926886963144,0.998758466992498,2018-07-08
"R0_t",185,0.889548390305335,0.925590999126586,0.943292231971202,0.962837548780931,1.00097260609481,2018-07-15
"R0_t",186,0.883606154091571,0.922001399732152,0.941257234751828,0.960966121970217,0.997769395940781,2018-07-22
"R0_t",187,0.873762146788835,0.915384494324404,0.935483688786206,0.954916398968068,0.997689258726693,2018-07-29
"R0_t",188,0.860516620553633,0.903258371700426,0.923571435621626,0.944574357465788,0.988395582199299,2018-08-05
"R0_t",189,0.843090039314575,0.887185815363135,0.907381374458991,0.929190273418657,0.972644421129622,2018-08-12
"R0_t",190,0.827752648376797,0.866381708455852,0.886785156580701,0.910635412230483,0.953296524154796,2018-08-19
"R0_t",191,0.804138575464737,0.845704921592202,0.86451981450572,0.889102651730322,0.931597184152553,2018-08-26
"R0_t",192,0.780701453482396,0.82154568829127,0.843052417692546,0.865488639674916,0.906790770370091,2018-09-02
"R0_t",193,0.759288795672419,0.798470423934048,0.820082151433769,0.841726419488514,0.882859725849918,2018-09-09
"R0_t",194,0.739124341222205,0.777202298014368,0.799474502642048,0.819382967690566,0.859630642500207,2018-09-16
"R0_t",195,0.718734042115531,0.758257527583015,0.78148106191772,0.800938425959753,0.84057288192292,2018-09-23
"R0_t",196,0.703318253975504,0.745052244041138,0.767182662970032,0.784442137039013,0.824852922979963,2018-09-30
"R0_t",197,0.698048100897624,0.737765762829819,0.757372672675868,0.775308618482569,0.813831956188037,2018-10-07
"R0_t",198,0.695521883988557,0.735638272012595,0.751991507348314,0.770721022633843,0.806361007863485,2018-10-14
"R0_t",199,0.700172623705497,0.738539668537195,0.754285068024898,0.771687848202179,0.809555272324542,2018-10-21
"R0_t",200,0.712926931585103,0.748617409779572,0.763881647463198,0.779885170561564,0.818380071366077,2018-10-28
"R0_t",201,0.729022733729576,0.764690147661429,0.779291164314726,0.795792555642475,0.833352831308257,2018-11-04
"R0_t",202,0.753675784576821,0.788766280533454,0.802844485850323,0.819696218641747,0.854416783617809,2018-11-11
"R0_t",203,0.787905800571795,0.819586582622086,0.833762702581312,0.849719533055319,0.880825257756984,2018-11-18
"R0_t",204,0.828682586495777,0.856981474467152,0.871589707828807,0.88662564609274,0.918963105994087,2018-11-25
"R0_t",205,0.867456940184712,0.900025027780317,0.915463149078911,0.93079344485268,0.963530746089592,2018-12-02
"R0_t",206,0.912823500418527,0.9484710122683,0.966313860778572,0.980066892479309,1.01596847699328,2018-12-09
"R0_t",207,0.964279383440784,1.00010854388884,1.01916645317297,1.0351298960181,1.07145559463997,2018-12-16
"R0_t",208,1.01944480404734,1.05388204918584,1.07367791161989,1.09098115977166,1.13586234671604,2018-12-23
"R0_t",209,1.07117288738267,1.10460889319273,1.12702637962195,1.14713356067731,1.19685522488015,2018-12-30
"R0_t",210,1.26523322287327,1.31862628707308,1.3463486149192,1.37408566001333,1.43483161779656,2019-01-06
"R0_t",211,1.31392955117112,1.37575225863284,1.40540385230877,1.43562962712952,1.49899067198594,2019-01-13
"R0_t",212,1.35324373206601,1.42125823895263,1.45209073905415,1.48612343012486,1.55763399370507,2019-01-20
"R0_t",213,1.38241014143136,1.45482129133007,1.48668105375514,1.5232130079569,1.59606527164245,2019-01-27
"R0_t",214,1.40188411477565,1.47290710216998,1.50634706744027,1.5421579420051,1.62345037614,2019-02-03
"R0_t",215,1.41196609327812,1.47503697562266,1.51152138791309,1.54811029022623,1.63448689055661,2019-02-10
"R0_t",216,1.39822597162027,1.46229117761019,1.49993785611278,1.53981192685716,1.61887572753129,2019-02-17
"R0_t",217,1.37133250637723,1.43547830199894,1.4754702908827,1.51423027683017,1.59712487673653,2019-02-24
"R0_t",218,1.33250523531915,1.39935630381228,1.43752759215799,1.47538393258061,1.55928557777016,2019-03-03
"R0_t",219,1.2930454242633,1.35616837844781,1.39001571895609,1.42736244407652,1.51087570952615,2019-03-10
"R0_t",220,1.2435388784741,1.30624392036408,1.33917701783306,1.37782858875837,1.45057643095713,2019-03-17
"R0_t",221,1.19768378852496,1.25609306745323,1.28859469522103,1.32109604766485,1.39075221551985,2019-03-24
"R0_t",222,1.15161322132165,1.20367436589867,1.23628438519934,1.26741812820014,1.32636597641385,2019-03-31
"R0_t",223,1.10888150004589,1.15668363202256,1.18614756367059,1.21197234848984,1.26955346742002,2019-04-07
"R0_t",224,1.07082658106085,1.11426970124525,1.14139016489042,1.16521923258317,1.21823449716695,2019-04-14
"R0_t",225,1.03667810866609,1.07641699329711,1.10188033149877,1.12477229919969,1.16887253860497,2019-04-21
"R0_t",226,1.00735165511158,1.04528513453953,1.07050969694964,1.08869498167385,1.13332657074075,2019-04-28
"R0_t",227,0.989890572930983,1.02118952964686,1.0432025439164,1.06083268821489,1.10457336058496,2019-05-05
"R0_t",228,0.973162353456429,1.00478074917133,1.02264277850357,1.04125211706209,1.08097722681551,2019-05-12
"R0_t",229,0.961281022096257,0.992848557593917,1.0097757744146,1.02708800297395,1.06539702798125,2019-05-19
"R0_t",230,0.954437223567952,0.985709131897109,1.00344808800987,1.01817784849048,1.0549253716487,2019-05-26
"R0_t",231,0.952571362689003,0.985650066208527,0.999421979038192,1.01601125987032,1.05449700376809,2019-06-02
"R0_t",232,0.953545055119769,0.986553934256024,1.00091687995228,1.01689655736292,1.05302566212307,2019-06-09
"R0_t",233,0.956129244684969,0.989533523438454,1.00372372181141,1.02029247925784,1.05602409685011,2019-06-16
"R0_t",234,0.959728853591706,0.99202256048016,1.00803598158544,1.02524155108363,1.06238061831996,2019-06-23
"R0_t",235,0.959016558318678,0.995142065704764,1.01150347210045,1.03087377382581,1.07328903089316,2019-06-30
"R0_t",236,0.95788780892537,0.995262315540544,1.01123473361714,1.0332350855075,1.07939509262986,2019-07-07
"R0_t",237,0.95245893354624,0.993009015398842,1.00951596078268,1.03245145584748,1.08064977235843,2019-07-14
"R0_t",238,0.942589237704151,0.98675645117911,1.00356464697864,1.02776177986468,1.07689407027371,2019-07-21
"R0_t",239,0.929555476691432,0.97471798408707,0.994587832532288,1.01982457165197,1.06857862145394,2019-07-28
"R0_t",240,0.912353782474963,0.959814889045023,0.981144177649537,1.00478802135003,1.0551987990379,2019-08-04
"R0_t",241,0.896701728993343,0.942479060224488,0.961668909926488,0.987706511309905,1.04353590595407,2019-08-11
"R0_t",242,0.877677027443131,0.919331428828847,0.940386891619173,0.964868976250089,1.02065252477652,2019-08-18
"R0_t",243,0.856661788158302,0.896347518588026,0.916563664775081,0.941014268144874,0.997240187212173,2019-08-25
"R0_t",244,0.832209994984376,0.871872716894648,0.892957519875772,0.914386111697588,0.970083936115081,2019-09-01
"R0_t",245,0.813716158173239,0.847732084707052,0.870237623454066,0.89055513260254,0.943986673629385,2019-09-08
"R0_t",246,0.792124520314087,0.826234764436625,0.848152968192415,0.86985936349088,0.922017309954045,2019-09-15
"R0_t",247,0.770102976744618,0.808307921009859,0.82954002086625,0.850424868663707,0.89635085554758,2019-09-22
"R0_t",248,0.759145945225237,0.791828727099981,0.814968410565635,0.836988188529464,0.875369619699159,2019-09-29
"R0_t",249,0.752428612066808,0.784346678777387,0.805517373854211,0.827896766746969,0.864918397388713,2019-10-06
"R0_t",250,0.748924114025121,0.782914773115217,0.802988746919227,0.825344217201428,0.861735508822591,2019-10-13
"R0_t",251,0.755976133638479,0.788061159088292,0.808537036730795,0.830874509095105,0.866614814796601,2019-10-20
"R0_t",252,0.76910377298197,0.802368231990329,0.820799190105576,0.841094871878078,0.88054489758489,2019-10-27
"R0_t",253,0.790999038615606,0.823061719562116,0.841504516659461,0.859342751125318,0.899748445540454,2019-11-03
"R0_t",254,0.821786456478244,0.853359001029372,0.869822249089204,0.887837074711542,0.92635264292638,2019-11-10
"R0_t",255,0.859343807124702,0.89073063100234,0.90605579080939,0.925814489113423,0.965984766861427,2019-11-17
"R0_t",256,0.905488826972324,0.936395087357132,0.951920614738179,0.971727363374749,1.00882975387422,2019-11-24
"R0_t",257,0.957699541563613,0.989913213900587,1.0051233521068,1.02649921469685,1.06524889345869,2019-12-01
"R0_t",258,1.01699930200161,1.04862715996235,1.06523775405927,1.08676169829044,1.1268953548986,2019-12-08
"R0_t",259,1.07805100833792,1.11265639721432,1.13082984279108,1.15479779362636,1.19560848326782,2019-12-15
"R0_t",260,1.14061843118,1.17882840054874,1.19787318621821,1.224252154986,1.26499729509096,2019-12-22
"R0_t",261,1.20382552215849,1.24431889946077,1.26878765365576,1.29492731134308,1.34426968108759,2019-12-29
"R0_t",262,1.21153878903143,1.25413142915065,1.27990120378417,1.30218910113867,1.34329950661305,2020-01-05
"R0_t",263,1.24924627325664,1.30281159406305,1.33362066358357,1.35732260677114,1.40486090229808,2020-01-12
"R0_t",264,1.28467820390029,1.34642035611707,1.37804022314159,1.40407382114464,1.45644817128978,2020-01-19
"R0_t",265,1.30601345933331,1.37705151103684,1.40815804349046,1.44249970905996,1.48755437111685,2020-01-26
"R0_t",266,1.31503997049193,1.39244391403495,1.42564619500077,1.46508890515887,1.51112053210475,2020-02-02
"R0_t",267,1.31322749241948,1.39170778693228,1.43153004543268,1.46981537949523,1.52106182402238,2020-02-09
"R0_t",268,1.30104326250264,1.3779167863606,1.42195265273138,1.45928747197333,1.51621600366272,2020-02-16
"R0_t",269,1.272650508114,1.35509764796516,1.39865486624029,1.4356413160265,1.49352970950447,2020-02-23
"R0_t",270,1.24106486359307,1.32463263814963,1.3665707122337,1.40119338610638,1.46328015741089,2020-03-01
"R0_t",271,1.19928268623176,1.28578145473929,1.32201446661551,1.35833454411421,1.42497037502007,2020-03-08
"R0_t",272,1.15871223750158,1.24020772661912,1.27369596282678,1.31183653372916,1.37097017586937,2020-03-15
"R0_t",273,1.11864327473785,1.19535287091825,1.22645093790167,1.26081957449473,1.31757048959076,2020-03-22
"R0_t",274,1.0790236393555,1.14803852485396,1.18035207086531,1.20978556038647,1.26419782059468,2020-03-29
"R0_t",275,1.04461498813094,1.10720660566119,1.13507079730933,1.16148076811437,1.21382531168507,2020-04-05
"R0_t",276,1.01449177318251,1.06682491611424,1.09338013127662,1.11828797052544,1.16648759409079,2020-04-12
"R0_t",277,0.989794066803339,1.03459026220246,1.05885429803268,1.08140702301657,1.12581414539437,2020-04-19
"R0_t",278,0.970914484052984,1.00613933366732,1.02984105639885,1.05093894734493,1.09134122218817,2020-04-26
"R0_t",279,0.951356894734002,0.985833603018971,1.00856278404353,1.02669454400658,1.06426491382651,2020-05-03
"R0_t",280,0.940811432213487,0.974248556796814,0.991862692245651,1.00806126563304,1.04366606256002,2020-05-10
"R0_t",281,0.933691843050788,0.967123547960304,0.981783529120783,0.997570228903962,1.02962428710293,2020-05-17
"R0_t",282,0.931149891128386,0.963310702108017,0.97903127990493,0.99264745692601,1.02188913455181,2020-05-24
"R0_t",283,0.933529017641336,0.964192033557739,0.981490938974457,0.993792643179344,1.02600721700967,2020-05-31
"R0_t",284,0.938075554514566,0.968440236756332,0.986375399172794,0.999268612175051,1.03755846123644,2020-06-07
"R0_t",285,0.943752417470612,0.974600085036701,0.992856661805917,1.00839967937375,1.04509675260222,2020-06-14
"R0_t",286,0.946844656520018,0.980987207208956,0.999134695689156,1.01767812695001,1.05728821337065,2020-06-21
"R0_t",287,0.953645076666012,0.98793855781809,1.0070686478012,1.02710085487643,1.06910227021924,2020-06-28
"R0_t",288,0.953604218770639,0.992530740778978,1.01231783006287,1.03495761109016,1.08087379670699,2020-07-05
"R0_t",289,0.953161343077536,0.994342903455156,1.016034584122,1.03937865935865,1.08534655954332,2020-07-12
"R0_t",290,0.949485555919273,0.992766831189225,1.01321507970659,1.03905748860544,1.08328271775065,2020-07-19
"R0_t",291,0.937965246735986,0.987025446720101,1.00735311390478,1.0342955667778,1.07946638157465,2020-07-26
"R0_t",292,0.926037696740026,0.976000224782932,0.996066744155829,1.02317077917795,1.06859567495438,2020-08-02
"R0_t",293,0.908557816940783,0.959592710019014,0.979857809414275,1.0061707732083,1.0518849323843,2020-08-09
"R0_t",294,0.889226801584129,0.939361313885144,0.960279824181065,0.986211751030943,1.03431822722974,2020-08-16
"R0_t",295,0.864213605309614,0.916479697187388,0.937571825445215,0.962756225780628,1.01243915799991,2020-08-23
"R0_t",296,0.840808172068309,0.893357109445923,0.913338196086331,0.938146396660359,0.984500668631201,2020-08-30
"R0_t",297,0.821905411769618,0.868599317474052,0.887090955128014,0.912628942030575,0.957413142938818,2020-09-06
"R0_t",298,0.798193464578129,0.844172302348211,0.863731699720915,0.888247684371259,0.92999800643244,2020-09-13
"R0_t",299,0.782290224831542,0.824239850959364,0.844347762618888,0.86599014205166,0.908142337036051,2020-09-20
"R0_t",300,0.764826448305814,0.807861806815657,0.827751405084247,0.848411209596811,0.88819804241901,2020-09-27
"R0_t",301,0.753479509157817,0.796555532501057,0.817379899681011,0.835746003372717,0.875245238578051,2020-10-04
"R0_t",302,0.751413123863243,0.791167810592492,0.811283782314049,0.829186324244974,0.865924986530845,2020-10-11
"R0_t",303,0.752983222791344,0.792572904051653,0.81206295344709,0.828914562979764,0.864075590092729,2020-10-18
"R0_t",304,0.76232178456431,0.80138435441623,0.819456767765776,0.836994895445287,0.871621462330532,2020-10-25
"R0_t",305,0.781230061542424,0.818159804740356,0.83467428313389,0.852046371907005,0.885013755748142,2020-11-01
"R0_t",306,0.805504858410441,0.842129196113172,0.857500100516231,0.875798936431914,0.90678731327368,2020-11-08
"R0_t",307,0.83940989230078,0.875295873573597,0.88923263530989,0.907133368657933,0.935070631661171,2020-11-15
"R0_t",308,0.881826718437329,0.914822235143078,0.930003020431932,0.945491004021417,0.974263731264565,2020-11-22
"R0_t",309,0.930981491780096,0.960311430566857,0.977313819375029,0.991631997029431,1.02311014207212,2020-11-29
"R0_t",310,0.98486020130486,1.01262518774745,1.03023124822136,1.04493530317585,1.07468749381927,2020-12-06
"R0_t",311,1.03975055704914,1.0707484969423,1.08719516989244,1.10315733674701,1.13353086203073,2020-12-13
"R0_t",312,1.10056219977997,1.12782174672922,1.14767575742934,1.16582629425142,1.19980902550093,2020-12-20
"R0_t",313,1.1568152426233,1.18879675236808,1.21040619912749,1.22893240571404,1.26619787268923,2020-12-27
"R0_t",314,1.37978984227713,1.43066375266733,1.45772122158577,1.48942389579294,1.5562722323285,2021-01-03
"R0_t",315,1.47465578698761,1.52612365002439,1.55769568092504,1.59294694334044,1.67703802097652,2021-01-10
"R0_t",316,1.55957918464802,1.61300475422079,1.65025346437346,1.68660574524217,1.77565818493542,2021-01-17
"R0_t",317,1.62373978626767,1.6873555832808,1.72623196873923,1.7647435999824,1.85173751931669,2021-01-24
"R0_t",318,1.67126230811997,1.74025488925719,1.77986892310622,1.82100355104131,1.90921263082693,2021-01-31
"R0_t",319,1.69765299832853,1.77148220642063,1.81218643799054,1.85748311424835,1.94585335126746,2021-02-07
"R0_t",320,1.70791447087076,1.77774529077193,1.81842031002086,1.87019562235332,1.95424523235472,2021-02-14
"R0_t",321,1.70077932721649,1.76470970990332,1.80346960720256,1.85495680403912,1.94071439675315,2021-02-21
"R0_t",322,1.66105741032413,1.72800195920015,1.76637222025485,1.81298675911996,1.89770553403667,2021-02-28
"R0_t",323,1.60351572357551,1.67422417868474,1.71417281446345,1.75407388018551,1.83251062770205,2021-03-07
"R0_t",324,1.53880821201632,1.60811620654042,1.64588346497436,1.68753985851738,1.76065006664729,2021-03-14
"R0_t",325,1.46811436587383,1.53623031771523,1.57197816711607,1.60660246491517,1.67988621175863,2021-03-21
"R0_t",326,1.39276148806055,1.45623578749453,1.49268921455822,1.52677665961876,1.59635579619563,2021-03-28
"R0_t",327,1.32204250799441,1.37827282363856,1.41146775995095,1.4424193221265,1.50587503961598,2021-04-04
"R0_t",328,1.25322368524652,1.30315296972096,1.33251306462591,1.36203091666503,1.41516755656903,2021-04-11
"R0_t",329,1.18489086933231,1.23369183559402,1.25954691515212,1.28835422954615,1.33673488593593,2021-04-18
"R0_t",330,1.12299784379247,1.17012664043614,1.19178374150617,1.21903006699869,1.27037044300582,2021-04-25
"R0_t",331,1.06937753698061,1.11169054520029,1.13317939415239,1.15925997353414,1.20656372424942,2021-05-02
"R0_t",332,1.02004767529021,1.0615541925294,1.08502481543902,1.10662309653485,1.15095080405615,2021-05-09
"R0_t",333,0.977391367356178,1.01931565541301,1.04260112062977,1.06210300743967,1.10583856478805,2021-05-16
"R0_t",334,0.943723692821954,0.983011651466874,1.00411428574993,1.02256927878365,1.06513759139095,2021-05-23
"R0_t",335,0.916234918231166,0.952592340150553,0.972763127305641,0.990772912961857,1.03109057949411,2021-05-30
"R0_t",336,0.889281533805806,0.925955100629038,0.947249679293664,0.964699983169734,1.0052944470183,2021-06-06
"R0_t",337,0.866722581188343,0.903109140826512,0.922807672766476,0.941731974219336,0.985246341413104,2021-06-13
"R0_t",338,0.847991533661675,0.882699651221256,0.901506564002876,0.922487411775181,0.963345677559277,2021-06-20
"R0_t",339,0.829734069945901,0.862617354845683,0.881377723888228,0.903694159958233,0.943078435652878,2021-06-27
"R0_t",340,0.808290621761334,0.843329011216689,0.862216443030279,0.884724607973624,0.923129662265168,2021-07-04
"R0_t",341,0.787827464347989,0.824519739012687,0.84463902877462,0.86511331362662,0.900702088192054,2021-07-11
"R0_t",342,0.771810307629608,0.805211069179381,0.825025081801766,0.844589657764379,0.877197642367324,2021-07-18
"R0_t",343,0.753590124004088,0.78455698836653,0.804786916208419,0.82337622572615,0.854678532898587,2021-07-25
"R0_t",344,0.733358885525071,0.763753070465596,0.782397722767198,0.800513578206962,0.830259520896245,2021-08-01
"R0_t",345,0.71170785555524,0.742530930285545,0.759669900148703,0.77866176260355,0.806994133655773,2021-08-08
"R0_t",346,0.689316946490807,0.721273873311745,0.737306093184187,0.75451499005782,0.780607821948029,2021-08-15
"R0_t",347,0.67136396063012,0.699738058554701,0.716038924633369,0.731603051687226,0.758421272743641,2021-08-22
"R0_t",348,0.653448503299847,0.680006966259472,0.695836633045102,0.710648055048143,0.739270522663793,2021-08-29
"R0_t",349,0.635194056658117,0.662463825538843,0.677115231215003,0.691459893499426,0.719210502818616,2021-09-05
"R0_t",350,0.620374941418192,0.648003167744636,0.661947855660787,0.67616869315394,0.704509676302337,2021-09-12
"R0_t",351,0.611745599750487,0.637259159196218,0.651265644737712,0.665250108413163,0.692872307411578,2021-09-19
"R0_t",352,0.604615631890043,0.631185750568902,0.64700234130849,0.660107842613785,0.684838957314993,2021-09-26
"R0_t",353,0.604495057065127,0.630138497371407,0.647490749460609,0.66094548273486,0.6870086821626,2021-10-03
"R0_t",354,0.608179398418147,0.636828250536259,0.652829825292802,0.668649041330048,0.694177767576445,2021-10-10
"R0_t",355,0.62364220112703,0.652964686655498,0.666062709740517,0.683676602623102,0.710930092298451,2021-10-17
"R0_t",356,0.642820291130156,0.675128468328429,0.68940159382665,0.707443374189317,0.734618622600252,2021-10-24
"R0_t",357,0.670116850584587,0.706144868278349,0.720866605277509,0.739616644054067,0.769358855435598,2021-10-31
"R0_t",358,0.708874198880615,0.746330457107758,0.761475346034149,0.780201008780975,0.81491801002854,2021-11-07
"R0_t",359,0.75833174479779,0.798604466297531,0.813885397188849,0.834013187474031,0.867720091326935,2021-11-14
"R0_t",360,0.819163770441661,0.858331449388715,0.875889485284985,0.897397465729711,0.932328444056163,2021-11-21
"R0_t",361,0.888744397551515,0.931624902806159,0.948929861879411,0.972054922214686,1.00596395789994,2021-11-28
"R0_t",362,0.966881320159137,1.01340406585034,1.03204731048231,1.05734021506385,1.09741155795155,2021-12-05
"R0_t",363,1.0583347802058,1.10525863335956,1.12459536096456,1.15302810867526,1.20070585738826,2021-12-12
"R0_t",364,1.15989336301722,1.20238061772058,1.22464894359399,1.25587995856336,1.30897245239302,2021-12-19
"R0_t",365,1.25965714142118,1.30567078549816,1.33219799584092,1.36066190882028,1.42154074870904,2021-12-26
"R0_t",366,1.23388386626236,1.28188072625685,1.30727338891598,1.33278327956645,1.3854638286349,2022-01-02
"R0_t",367,1.3179098659318,1.36841236606666,1.3997031008085,1.42752173270228,1.47694183523113,2022-01-09
"R0_t",368,1.3893517063399,1.44858726302134,1.48134895185018,1.51033439110383,1.56291812608911,2022-01-16
"R0_t",369,1.45027569233418,1.51664243260078,1.54979657536385,1.58084790260221,1.63938660562531,2022-01-23
"R0_t",370,1.49304492591041,1.56708387673878,1.60133893566353,1.63105899166252,1.70050855345886,2022-01-30
"R0_t",371,1.52207806881957,1.59496201299349,1.63199374694482,1.66358175221218,1.73540072262336,2022-02-06
"R0_t",372,1.53498349866191,1.60199501531552,1.63894999286857,1.67730708968626,1.7502984132812,2022-02-13
"R0_t",373,1.5183299926809,1.59032828221085,1.62576934178076,1.66292526575203,1.74505041485895,2022-02-20
"R0_t",374,1.4933184814752,1.5592993619474,1.59558947526724,1.63316529064614,1.71614566385567,2022-02-27
"R0_t",375,1.44708225560974,1.51133997816266,1.54605060333685,1.58834211937455,1.67420351407428,2022-03-06
"R0_t",376,1.38749660219849,1.45447962870771,1.4870693857914,1.52825770981458,1.61612386853479,2022-03-13
"R0_t",377,1.32562972358036,1.38897879362507,1.42291789394832,1.46028660085892,1.53800006955706,2022-03-20
"R0_t",378,1.26187128056771,1.32124864902618,1.35493348197599,1.38822943565586,1.4571694318003,2022-03-27
"R0_t",379,1.19472585224571,1.25118325888594,1.28308964736563,1.31462341016019,1.37994786491761,2022-04-03
"R0_t",380,1.1278980917826,1.18506153233887,1.2141625798169,1.24320367764407,1.30643162267368,2022-04-10
"R0_t",381,1.07191921492696,1.12258280091344,1.1504696739215,1.17800024500161,1.23736940558051,2022-04-17
"R0_t",382,1.01396856123258,1.06781848848073,1.09149100021832,1.1172669587964,1.17263777797242,2022-04-24
"R0_t",383,0.972329578132862,1.0187403873174,1.03869699790467,1.0623802356482,1.11506112109442,2022-05-01
"R0_t",384,0.929802596627653,0.975927847981334,0.995036149427628,1.01530325203453,1.06333125631117,2022-05-08
"R0_t",385,0.900204311556233,0.940116278316589,0.957170091699949,0.97720431226105,1.01731225951511,2022-05-15
"R0_t",386,0.871765085860826,0.907945576489206,0.92600142527114,0.94180833990966,0.978405334284485,2022-05-22
"R0_t",387,0.848819020729242,0.880806379906367,0.899177403892044,0.914455465785873,0.948306044722043,2022-05-29
"R0_t",388,0.825417638836717,0.857116631294715,0.877677973831007,0.890594945196286,0.92179665748306,2022-06-05
"R0_t",389,0.808460516166845,0.837997749051907,0.856700690799235,0.871693554224791,0.902081570346845,2022-06-12
"R0_t",390,0.793730505052729,0.819173840946527,0.838646979947375,0.854661282520463,0.882843363944426,2022-06-19
"R0_t",391,0.776603718284918,0.803855010731028,0.822885996776194,0.838850555342526,0.871027806448225,2022-06-26
"R0_t",392,0.759949554359352,0.788755877845743,0.806188233524009,0.824391939440752,0.854907381055752,2022-07-03
"R0_t",393,0.741234922613366,0.772489504976918,0.789672193396742,0.808037046898494,0.84146687948669,2022-07-10
"R0_t",394,0.72523851839659,0.756903251919053,0.773284574134286,0.790593852654661,0.82590165667603,2022-07-17
"R0_t",395,0.707592096857178,0.739575377720425,0.755723995042443,0.770558770281848,0.807866182647964,2022-07-24
"R0_t",396,0.686737132116276,0.72006808167626,0.736075807049878,0.751468451621339,0.792101486520866,2022-07-31
"R0_t",397,0.665524908498859,0.700468367612143,0.715328865869592,0.73202008434027,0.771829717500225,2022-08-07
"R0_t",398,0.646435883264549,0.679831138243182,0.694386145772368,0.711934922336432,0.75009122078561,2022-08-14
"R0_t",399,0.627357372166559,0.658866814980709,0.6751370861874,0.692187135689113,0.7283243949088,2022-08-21
"R0_t",400,0.610593153169613,0.639864816086431,0.655508346932702,0.671650262666751,0.707926062050865,2022-08-28
"R0_t",401,0.596628781534533,0.622637985074854,0.638742762342126,0.653144499114306,0.687254646801348,2022-09-04
"R0_t",402,0.581774541129531,0.60800746383633,0.623673111092216,0.638224202706118,0.67061850090553,2022-09-11
"R0_t",403,0.573279066006187,0.598407683770617,0.613169013931138,0.625504327520238,0.658228230263064,2022-09-18
"R0_t",404,0.565824083878027,0.591412384352111,0.605849356573255,0.61821390528926,0.649378445197836,2022-09-25
"R0_t",405,0.567841683763688,0.590951244296387,0.604257879952197,0.617281616621693,0.644993014989591,2022-10-02
"R0_t",406,0.573208218874269,0.594871183055006,0.608692678235572,0.62291699403443,0.649486260264509,2022-10-09
"R0_t",407,0.58234357156173,0.60581414899818,0.620417634711904,0.634517997854362,0.663268662671159,2022-10-16
"R0_t",408,0.598566249778882,0.624248129785562,0.638959762217322,0.651830788726131,0.678767433419173,2022-10-23
"R0_t",409,0.623087526396272,0.650460932156886,0.665300545489878,0.678470940763264,0.707507445436027,2022-10-30
"R0_t",410,0.65657697837412,0.685379129832616,0.698953297566709,0.713988070226585,0.743891060958339,2022-11-06
"R0_t",411,0.699222522114167,0.729459527296869,0.742604033434329,0.757920815554659,0.792597597958541,2022-11-13
"R0_t",412,0.752027819141044,0.782929089221695,0.796229218870071,0.811529398000515,0.848532888050394,2022-11-20
"R0_t",413,0.811650124167362,0.844155970923625,0.859067406557057,0.876384915510396,0.915220757027537,2022-11-27
"R0_t",414,0.879772365286181,0.91537491104814,0.93199430491139,0.951756840245674,0.994078003632166,2022-12-04
"R0_t",415,0.959701242883838,0.995528819101186,1.01396555157069,1.03419557505525,1.07801047054427,2022-12-11
"R0_t",416,1.04308731132165,1.08336389931812,1.10171546803967,1.12474320767205,1.17164941348368,2022-12-18
"R0_t",417,1.12920372532367,1.17287730586469,1.19653009941932,1.21969299556533,1.2684696655668,2022-12-25
"R0_t",418,1.10393341112938,1.14334734670613,1.16198165378768,1.18498269654672,1.22570586396692,2023-01-01
"R0_t",419,1.13812814101298,1.18319946747763,1.20357470339914,1.22771017141384,1.26728608739715,2023-01-08
"R0_t",420,1.16770961629962,1.21632333450821,1.23916259421198,1.26353512035323,1.30664688310589,2023-01-15
"R0_t",421,1.19009254629931,1.24146738008297,1.26296590529942,1.29046831066857,1.33580274016343,2023-01-22
"R0_t",422,1.20057648378783,1.25533165045019,1.27779809539448,1.30722794072695,1.35491079578047,2023-01-29
"R0_t",423,1.20561607752877,1.25770846085471,1.28281586159024,1.31244285774827,1.36235682961562,2023-02-05
"R0_t",424,1.19862338697221,1.2481977300388,1.27631480122296,1.30459627307796,1.35693482160943,2023-02-12
"R0_t",425,1.17923042725519,1.23054023592635,1.25854537134664,1.28605531847281,1.34145657440708,2023-02-19
"R0_t",426,1.15152521498296,1.20238654976973,1.22995244203548,1.26090600595227,1.31679788116002,2023-02-26
"R0_t",427,1.11564685368175,1.16807996867589,1.1964865803149,1.22903831925077,1.27673557637402,2023-03-05
"R0_t",428,1.07609084456074,1.13263892763057,1.15991664597576,1.19199231843827,1.23814577469562,2023-03-12
"R0_t",429,1.03696858000094,1.09293698412902,1.12162825298977,1.15247887808646,1.19433512334214,2023-03-19
"R0_t",430,1.00700065259053,1.05596347541769,1.08240644184836,1.10949034656276,1.15348073498887,2023-03-26
"R0_t",431,0.976540238573194,1.02008697696705,1.04548523165104,1.07186334085216,1.11388537784915,2023-04-02
"R0_t",432,0.951179392556212,0.988747104480751,1.01348422787467,1.03800515527784,1.07664914156179,2023-04-09
"R0_t",433,0.924098432878909,0.963317599475126,0.985005748354363,1.00891974109913,1.04669705546165,2023-04-16
"R0_t",434,0.906556633365772,0.942689211361278,0.963010630088815,0.986049859250323,1.02320777542672,2023-04-23
"R0_t",435,0.893766936087927,0.930570569581247,0.94792271799863,0.968753427092248,1.00557952618487,2023-04-30
"R0_t",436,0.888029451708732,0.924386550806462,0.93963541729548,0.959325019094924,0.993214451348827,2023-05-07
"R0_t",437,0.887895752717884,0.923171447455222,0.937942216696867,0.955712683580223,0.990129322539313,2023-05-14
"R0_t",438,0.891952324072977,0.928076730796216,0.942062986676261,0.957290846999955,0.98988820120396,2023-05-21
"R0_t",439,0.901429323836215,0.938356656425686,0.952262548233993,0.965700842271371,0.998359137350171,2023-05-28
"R0_t",440,0.918312831316497,0.950092430241891,0.966577816250459,0.980891722918198,1.00962753982409,2023-06-04
"R0_t",441,0.932393182289847,0.966007176185702,0.982463885189034,0.99875683943574,1.02471653701287,2023-06-11
"R0_t",442,0.94935441432036,0.983556785754938,1.00134730537059,1.01778486606355,1.04723518779999,2023-06-18
"R0_t",443,0.967227798046226,1.000741820631,1.01960786734475,1.03709270732039,1.07266257202413,2023-06-25
"R0_t",444,0.981796634700337,1.01783523128676,1.03783881706135,1.05661430627464,1.08943280308622,2023-07-02
"R0_t",445,0.993782388918295,1.03115271699065,1.05052706261842,1.07133349364416,1.11010881091959,2023-07-09
"R0_t",446,0.998709932850474,1.03938529983536,1.06051953760695,1.08205366095369,1.12584761244907,2023-07-16
"R0_t",447,0.999886903184691,1.04343347442758,1.06606179972703,1.08742501422436,1.13222396869014,2023-07-23
"R0_t",448,0.995298953765941,1.04026099600131,1.0634624890892,1.08570539877489,1.13357938836793,2023-07-30
"R0_t",449,0.983020186521979,1.0311358784446,1.05564989328073,1.07687334322304,1.12872185989695,2023-08-06
"R0_t",450,0.97012594418979,1.01547199129289,1.03894887642983,1.06173034013907,1.11011115216014,2023-08-13
"R0_t",451,0.951179281505458,0.994850719269764,1.0187605521892,1.04179484783768,1.08920434387934,2023-08-20
"R0_t",452,0.92498455988239,0.972698681561943,0.993926359296848,1.01530544287026,1.06171292796267,2023-08-27
"R0_t",453,0.900061431651193,0.946839322659698,0.967551293520024,0.988336301332099,1.03024339833653,2023-09-03
"R0_t",454,0.880541427536028,0.921953538490248,0.939303750548694,0.959517622481778,1.00028490564376,2023-09-10
"R0_t",455,0.857644118336078,0.896073832163287,0.913379612251532,0.931869110819093,0.970259934111107,2023-09-17
"R0_t",456,0.836723948312611,0.872883072954475,0.8903578743758,0.907243689000213,0.945374696064343,2023-09-24
"R0_t",457,0.817320679836718,0.852876072997681,0.871528708725421,0.886854066813261,0.921418349838758,2023-10-01
"R0_t",458,0.803381870091703,0.838380941628459,0.856322628329245,0.871324066819765,0.900255656936827,2023-10-08
"R0_t",459,0.799695684886623,0.83125701571569,0.846173955777537,0.862208522819438,0.892280461695071,2023-10-15
"R0_t",460,0.801795022129064,0.828436553324129,0.843641753926028,0.858773504620321,0.886582227451259,2023-10-22
"R0_t",461,0.806288934857486,0.833340264531077,0.848009130339089,0.863179006239762,0.891448073427383,2023-10-29
"R0_t",462,0.81821428234498,0.845961305168263,0.859851569293332,0.874185190149408,0.902385659886527,2023-11-05
"R0_t",463,0.836952316288163,0.864520190214753,0.878397011284403,0.892085910069859,0.921020749027309,2023-11-12
"R0_t",464,0.860323438188323,0.890760963241507,0.903805503581506,0.918997851415992,0.948085128847588,2023-11-19
"R0_t",465,0.891159179388476,0.921577072459162,0.935658414562764,0.951065243233268,0.979923827572031,2023-11-26
"R0_t",466,0.92720536488968,0.957562051699436,0.973861369682382,0.989926555999545,1.0183376793447,2023-12-03
"R0_t",467,0.971363083154109,1.00023330213249,1.01637840539439,1.0341540845577,1.0672871555475,2023-12-10
"R0_t",468,1.01332014353995,1.04506410911673,1.0616259952221,1.08098546053233,1.1140503542317,2023-12-17
"R0_t",469,1.05609631410591,1.09108516984407,1.10895877915012,1.12893297487451,1.16417306773114,2023-12-24
"R0_t",470,1.09624488393348,1.13568372904699,1.15441116754736,1.17671374588334,1.2169061052833,2023-12-31
"R0_t",471,1.24310099922788,1.2866108293775,1.31378055195695,1.34391027273359,1.40667300211205,2024-01-07
"R0_t",472,1.29454823468882,1.3434896838226,1.37423671236374,1.40397565878634,1.47464731479415,2024-01-14
"R0_t",473,1.3330322453546,1.38798506180352,1.42386651355381,1.45271894341267,1.52025612484839,2024-01-21
"R0_t",474,1.35659956905186,1.42296847666767,1.45883005598494,1.49063308849493,1.56470269211518,2024-01-28
"R0_t",475,1.37855096881204,1.44313478659652,1.47731223373671,1.5127736310231,1.59152691015312,2024-02-04
"R0_t",476,1.37400095722146,1.44468297170357,1.47981758880983,1.51837467123361,1.59479728544212,2024-02-11
"R0_t",477,1.36080064884356,1.4333724926075,1.46821555621766,1.50777266104987,1.57308624840157,2024-02-18
"R0_t",478,1.34134527454555,1.40890694140459,1.44329547219513,1.48169002608911,1.55131677928954,2024-02-25
"R0_t",479,1.30737484832328,1.37104075222133,1.40456409740299,1.44168257240797,1.50394771704345,2024-03-03
"R0_t",480,1.26456637036438,1.32596233973617,1.3590420074358,1.39405895970425,1.46039542643497,2024-03-10
"R0_t",481,1.21610012408015,1.27720933133247,1.3091122905358,1.34196948090019,1.40414174098544,2024-03-17
"R0_t",482,1.1712051123003,1.22508165691339,1.25457454912134,1.284812022884,1.3493628468802,2024-03-24
"R0_t",483,1.12087980727582,1.17503930664333,1.20093414883813,1.22927032700653,1.28869711824241,2024-03-31
"R0_t",484,1.07675858843776,1.12821282225246,1.15164111006964,1.17699670871536,1.22754598671738,2024-04-07
"R0_t",485,1.03612943735716,1.08322153921253,1.10479237266933,1.13180659736132,1.17744469077405,2024-04-14
"R0_t",486,1.00887055917486,1.04454900839638,1.06489045986194,1.08928403871776,1.13407907375396,2024-04-21
"R0_t",487,0.98029324348958,1.00886196628128,1.03269997021458,1.05305347612455,1.09810985886065,2024-04-28
"R0_t",488,0.959875712025001,0.984120227222701,1.00657039555397,1.02404260626417,1.06083059360244,2024-05-05
"R0_t",489,0.938979483782457,0.966139471118222,0.985548732091133,1.00113270136205,1.04067841565169,2024-05-12
"R0_t",490,0.921783443127805,0.954555597334193,0.970186110082888,0.985678243072233,1.01855061880965,2024-05-19
"R0_t",491,0.910782969550249,0.946775483404057,0.961925304618785,0.974887736552988,1.00569772252704,2024-05-26
"R0_t",492,0.906252148923959,0.941959045858144,0.95808850988502,0.968726877157133,1.00620440668868,2024-06-02
"R0_t",493,0.904785490442739,0.939103893308952,0.954699427636265,0.967471061853991,1.00414686817751,2024-06-09
"R0_t",494,0.903867242162663,0.940478022628775,0.954007327956506,0.969853158529987,1.00315151580449,2024-06-16
"R0_t",495,0.903530185964609,0.939591363828088,0.955360466383434,0.973109918198165,1.00704829838476,2024-06-23
"R0_t",496,0.902420763670552,0.938246683314697,0.956001866138233,0.975763916215062,1.0134342686412,2024-06-30
"R0_t",497,0.900358676523299,0.935925740910284,0.954743969063131,0.976353811937269,1.01240714266779,2024-07-07
"R0_t",498,0.892276760079999,0.929583177813639,0.951905652584732,0.972422232283117,1.00975823857337,2024-07-14
"R0_t",499,0.880754135653599,0.923431715837824,0.943758364031713,0.965097595492838,1.00290946287103,2024-07-21
"R0_t",500,0.866791496197882,0.912219958903,0.933013743967141,0.953347358110871,0.995366925502637,2024-07-28
"R0_t",501,0.847219703941104,0.896379062175756,0.917916752231242,0.939132725541616,0.981319231857656,2024-08-04
"R0_t",502,0.829123488696755,0.877139448495479,0.898681103603854,0.920381195010375,0.964974621578934,2024-08-11
"R0_t",503,0.811556513678614,0.85546636622821,0.877368706615999,0.89827861541797,0.945987237039984,2024-08-18
"R0_t",504,0.79003742503244,0.833344386377612,0.853806478193408,0.875750194586458,0.920194654307507,2024-08-25
"R0_t",505,0.772276560769198,0.811032012497602,0.82974862911741,0.852651702237335,0.895094268907603,2024-09-01
"R0_t",506,0.753000459207204,0.790368108818901,0.807799373500045,0.830473532664288,0.870980787126178,2024-09-08
"R0_t",507,0.736451608484349,0.771367693455699,0.788521080479874,0.809760577232057,0.850776683146855,2024-09-15
"R0_t",508,0.723556054613116,0.755523238700318,0.773158378345337,0.792012230760429,0.829846005316423,2024-09-22
"R0_t",509,0.71303440567962,0.74488049899964,0.761599981763871,0.779268611633502,0.818337117112697,2024-09-29
"R0_t",510,0.711264880853249,0.740613485666289,0.756174525442132,0.771165492411145,0.806952229107965,2024-10-06
"R0_t",511,0.711833390829034,0.740611505837756,0.756125917209768,0.770759472533302,0.806671370039774,2024-10-13
"R0_t",512,0.717959078341768,0.747392756699883,0.763271643359305,0.777466493510019,0.812479659484636,2024-10-20
"R0_t",513,0.732134626609967,0.762854631408107,0.776853061575921,0.791487726397329,0.823407290998257,2024-10-27
"R0_t",514,0.754818833132633,0.784380697712931,0.799569060452259,0.814503841957848,0.847113621510075,2024-11-03
"R0_t",515,0.783053597974982,0.814996748777216,0.830127130695442,0.84429743428079,0.876672953276782,2024-11-10
"R0_t",516,0.823619638142143,0.855136577378431,0.869164172153209,0.884867922582394,0.919321449828217,2024-11-17
"R0_t",517,0.869373540885292,0.90090012893409,0.915571419604456,0.932340810707269,0.968847896235117,2024-11-24
"R0_t",518,0.919706875765627,0.954333977941809,0.971336925047193,0.9869332340224,1.02544634946411,2024-12-01
"R0_t",519,0.977287382651237,1.01465356637309,1.03174892715492,1.05113420387902,1.09310066235901,2024-12-08
"R0_t",520,1.04018357887585,1.07766456596551,1.09737405838256,1.11987891898798,1.16091029117011,2024-12-15
"R0_t",521,1.10743741287101,1.1445618996639,1.16671336645976,1.19121212953382,1.23771666229491,2024-12-22
"R0_t",522,1.17229756637242,1.21131275649912,1.23613371024102,1.26433043355788,1.3129419042107,2024-12-29
"R0_t",523,1.16500825894984,1.20845475672381,1.23288167750224,1.25573818057492,1.29925961815633,2025-01-05
"R0_t",524,1.20100841496458,1.2490354907505,1.27557057279407,1.30030455870641,1.34862643854692,2025-01-12
"R0_t",525,1.22868089965187,1.28064765415232,1.30894261949332,1.33554847007137,1.3872520625425,2025-01-19
"R0_t",526,1.24429065114394,1.3025826342616,1.33119175497985,1.35944376980749,1.41301703959387,2025-01-26
"R0_t",527,1.24895173387014,1.31115254377882,1.34078433943891,1.37204053919755,1.43056549786016,2025-02-02
"R0_t",528,1.24748747326308,1.30768106866905,1.3394435408875,1.37163758539133,1.43278043042869,2025-02-09
"R0_t",529,1.23075872385509,1.29216076901761,1.32461838743256,1.35571387062127,1.42025277103021,2025-02-16
"R0_t",530,1.20967379316289,1.26859707060111,1.3014052611737,1.33144294377142,1.39556963362197,2025-02-23
"R0_t",531,1.18275793127895,1.23586947699616,1.26849986546653,1.29823857808608,1.36599568374583,2025-03-02
"R0_t",532,1.14578689012657,1.19725332844354,1.23045446726005,1.25819669571218,1.32364085414692,2025-03-09
"R0_t",533,1.11065870224887,1.15623599492005,1.18971851339997,1.21594980176358,1.279108790608,2025-03-16
"R0_t",534,1.06912520560236,1.11639590505229,1.14637679336975,1.17290156760641,1.22927478997224,2025-03-23
"R0_t",535,1.03207585846476,1.07934629257854,1.10467575970067,1.1308961689461,1.18344391691794,2025-03-30
"R0_t",536,1.00095474439275,1.04390547507281,1.0665293650113,1.09011041329902,1.13890929887217,2025-04-06
"R0_t",537,0.97569501270866,1.01120366088709,1.03235902437766,1.05517279015202,1.10461923371522,2025-04-13
"R0_t",538,0.950528651642628,0.98685266699139,1.00646258311245,1.02702906705499,1.07051070697655,2025-04-20
"R0_t",539,0.931719927245411,0.967679996832344,0.985895280564511,1.00407775479564,1.0463633362468,2025-04-27
"R0_t",540,0.919204054240043,0.954579111176566,0.971609738042641,0.988561171750639,1.02883310494697,2025-05-04
"R0_t",541,0.9154423221087,0.94739044046593,0.964661965856195,0.979087943957507,1.01652548525135,2025-05-11
"R0_t",542,0.919313308707258,0.946590086856877,0.962956863570877,0.978028238473481,1.01399488153003,2025-05-18
"R0_t",543,0.924865976002631,0.951339447954916,0.967764654504136,0.98218184842152,1.01298787689894,2025-05-25
"R0_t",544,0.933992542906986,0.961322685670776,0.976850031106494,0.992594534826099,1.02323402372412,2025-06-01
"R0_t",545,0.946792495269309,0.973513282167012,0.989278798808619,1.00539007519681,1.04069200300938,2025-06-08
"R0_t",546,0.958481525649815,0.987005995084319,1.00396953467483,1.02065584358312,1.06118211674132,2025-06-15
"R0_t",547,0.971051152418842,1.00022514239204,1.01987118518157,1.0380280890087,1.07783623240666,2025-06-22
"R0_t",548,0.985874682342623,1.01516193879226,1.03552155173957,1.05574175608334,1.09468551109989,2025-06-29
"R0_t",549,0.992528968197105,1.02702951457925,1.0473226742214,1.07115795489229,1.1134555118987,2025-07-06
"R0_t",550,0.997605029913872,1.0351561824858,1.05635017059914,1.07846875993218,1.12265129950796,2025-07-13
"R0_t",551,0.997408727328478,1.03750363044187,1.06216106435656,1.08352305823783,1.13004309113478,2025-07-20
"R0_t",552,0.992474364793905,1.03358678135279,1.0599026704485,1.08324984258601,1.13515797391904,2025-07-27
"R0_t",553,0.984866063596167,1.02472830318557,1.05127710018743,1.07527381563527,1.13136094357433,2025-08-03
"R0_t",554,0.969817806624611,1.0104582471884,1.03606784064185,1.06193555159054,1.11417179760469,2025-08-10
"R0_t",555,0.948103954932393,0.992177448914563,1.01526204611657,1.04217558890177,1.09647149267456,2025-08-17
"R0_t",556,0.926185604573076,0.970305321583195,0.99113990622678,1.01902198111341,1.0698792535104,2025-08-24
"R0_t",557,0.901538457979214,0.944849101983506,0.965580077251283,0.989846704375201,1.04351149120048,2025-08-31
"R0_t",558,0.87573688600887,0.916508228948015,0.939131589350879,0.962362314912995,1.01128562530478,2025-09-07
"R0_t",559,0.852078542107837,0.891847816643266,0.914191737719452,0.936065283936639,0.9832185495639,2025-09-14
"R0_t",560,0.826503266149604,0.868597164962111,0.891539138277288,0.91228570563963,0.953379363664719,2025-09-21
"R0_t",561,0.811905826329028,0.849948993965276,0.871631547827327,0.891146313869044,0.93127203728203,2025-09-28
"R0_t",562,0.798416108775224,0.835928481175179,0.857138262561244,0.875816083343011,0.915708194446675,2025-10-05
"R0_t",563,0.793373830126555,0.827820698839723,0.846466626510211,0.863265064939791,0.903090983457406,2025-10-12
"R0_t",564,0.792352456562451,0.825961250655014,0.842821254229958,0.860769164899634,0.898505916700815,2025-10-19
"R0_t",565,0.798295272997226,0.830561492553374,0.846894059637361,0.864538476617245,0.899740049320292,2025-10-26
"R0_t",566,0.811314509002376,0.842533489477274,0.858966584808481,0.874177369901104,0.906033901674747,2025-11-02
"R0_t",567,0.829883982171137,0.861601031556001,0.877341809308476,0.892093173265228,0.925485188979937,2025-11-09
"R0_t",568,0.855394018000227,0.888415815902669,0.903969271203647,0.918457327112465,0.952054450665426,2025-11-16
"R0_t",569,0.892158061497055,0.922475645358583,0.936613293432528,0.951974561585373,0.984929545741163,2025-11-23
"R0_t",570,0.932468061226248,0.961250420174185,0.977086367519814,0.99390195290377,1.03059475510736,2025-11-30
"R0_t",571,0.976295456014997,1.00551081615323,1.02247256487513,1.03971464183931,1.07645983538116,2025-12-07
"R0_t",572,1.02363490297363,1.05448675630889,1.07237214590701,1.09168382054929,1.12724749240919,2025-12-14
"R0_t",573,1.06992924942144,1.10393229007145,1.12407953677878,1.14184468298411,1.18629542944698,2025-12-21
"R_eff_t",1,1.36898629159705,1.40506172953321,1.42886882413955,1.4508250932223,1.50117307959388,2015-01-04
"R_eff_t",2,1.40203723758461,1.44048667973498,1.46458849259895,1.48717578911137,1.53739984063308,2015-01-11
"R_eff_t",3,1.43265828168819,1.46924605533523,1.49217454000211,1.51753066790177,1.56536262775252,2015-01-18
"R_eff_t",4,1.44715254619717,1.48806957873964,1.50954052989257,1.53313890039166,1.58592737040357,2015-01-25
"R_eff_t",5,1.44780468400251,1.49303443727355,1.51543410250653,1.53723761843438,1.5967759489617,2015-02-01
"R_eff_t",6,1.44161009829056,1.48572869443625,1.50724617287299,1.53254826589472,1.58986634512627,2015-02-08
"R_eff_t",7,1.42585409831116,1.46911435637945,1.49019637754902,1.51371454843401,1.56982801044097,2015-02-15
"R_eff_t",8,1.39455448978914,1.44153093159778,1.46124019182243,1.4865202180333,1.53909850148377,2015-02-22
"R_eff_t",9,1.35242741295649,1.40391012751923,1.42623254238364,1.44904588457162,1.50234008061414,2015-03-01
"R_eff_t",10,1.31627028263237,1.36354577535647,1.38657606472285,1.40731716150187,1.45776520116099,2015-03-08
"R_eff_t",11,1.27794548424268,1.32040784624232,1.34325334057384,1.36573088206057,1.41285650125103,2015-03-15
"R_eff_t",12,1.23676016613138,1.27695995459456,1.29951543133776,1.32367753328013,1.36715573643258,2015-03-22
"R_eff_t",13,1.20042665478151,1.23778767520044,1.25969485923453,1.28238243744226,1.32488938243064,2015-03-29
"R_eff_t",14,1.16442594922865,1.2023663605673,1.2244894912696,1.24453380638174,1.28385090625,2015-04-05
"R_eff_t",15,1.13557164727811,1.17466766430244,1.19467313713237,1.21411815562028,1.2541033037129,2015-04-12
"R_eff_t",16,1.11570936415315,1.15207421202335,1.17131095665249,1.19057558788193,1.22777352636371,2015-04-19
"R_eff_t",17,1.10334144884306,1.13834290055081,1.15592142220372,1.17509691185364,1.21170453902008,2015-04-26
"R_eff_t",18,1.10128488435576,1.1331684380932,1.14931657847256,1.16830102192229,1.20428988644673,2015-05-03
"R_eff_t",19,1.10450800215804,1.13565144467189,1.15194701959675,1.16929538365471,1.20763649524213,2015-05-10
"R_eff_t",20,1.11393801993279,1.14668823164141,1.16317865703838,1.18010570037372,1.21701374788937,2015-05-17
"R_eff_t",21,1.12901690743812,1.1646583264575,1.18206892089335,1.19781722893976,1.23437292838913,2015-05-24
"R_eff_t",22,1.15339735199357,1.18949983872263,1.20612416966317,1.22291409484834,1.25732884056039,2015-05-31
"R_eff_t",23,1.18064087352461,1.22098533499376,1.23587967844473,1.25331544664058,1.28809244747477,2015-06-07
"R_eff_t",24,1.21394028161895,1.25358384563945,1.2693729606319,1.28636910831934,1.32595091834249,2015-06-14
"R_eff_t",25,1.24700067393195,1.28585936620924,1.30539102094484,1.32444771353199,1.36017554466911,2015-06-21
"R_eff_t",26,1.28607741138833,1.31934164533929,1.34017571598767,1.36003847380618,1.39623499357289,2015-06-28
"R_eff_t",27,1.31180644973429,1.34922073846392,1.37142729895783,1.39231353477138,1.43137613841952,2015-07-05
"R_eff_t",28,1.33270711932032,1.37587882400843,1.39690181643108,1.42001161972317,1.46253817706319,2015-07-12
"R_eff_t",29,1.34854363842482,1.3935397417383,1.41811472592566,1.43926141428901,1.48023881130234,2015-07-19
"R_eff_t",30,1.35718347408283,1.40180228855064,1.4288929632121,1.4492577632967,1.49210344065429,2015-07-26
"R_eff_t",31,1.35361758077481,1.40253007249738,1.42913600759129,1.44935894518368,1.49525589386427,2015-08-02
"R_eff_t",32,1.33996734871645,1.39482321260922,1.41646638522575,1.4398631106564,1.48965255233925,2015-08-09
"R_eff_t",33,1.32085029883874,1.37566947929559,1.39538427712333,1.42042044141169,1.47124824068769,2015-08-16
"R_eff_t",34,1.29724133490521,1.34573372621832,1.36780174229891,1.39116697676901,1.4435323137427,2015-08-23
"R_eff_t",35,1.2653125505947,1.31112805551061,1.33364711308706,1.35843229137573,1.4066666636071,2015-08-30
"R_eff_t",36,1.22640785408784,1.27389632845228,1.29613275237388,1.32199157901445,1.36422610452826,2015-09-06
"R_eff_t",37,1.18822139436098,1.23716505810882,1.25723900933517,1.28202856197152,1.32049359762951,2015-09-13
"R_eff_t",38,1.15812223801096,1.19900589604333,1.22136915441705,1.24596138379189,1.27499934412316,2015-09-20
"R_eff_t",39,1.13010863717755,1.16600701410976,1.18851166285206,1.2085513342717,1.24198111166222,2015-09-27
"R_eff_t",40,1.09795021268168,1.13783380621225,1.15832049174504,1.17688143261933,1.20927478149511,2015-10-04
"R_eff_t",41,1.0821670330358,1.11607390321889,1.13629536820626,1.15544430251558,1.1845532322342,2015-10-11
"R_eff_t",42,1.06742813748571,1.10062464292654,1.1203455867231,1.13765863667963,1.16641271844036,2015-10-18
"R_eff_t",43,1.06332193769493,1.09359116480616,1.1129811389396,1.12925102685657,1.15864639320694,2015-10-25
"R_eff_t",44,1.06490255420989,1.09504821999928,1.1134013501554,1.12935054924704,1.16100225355728,2015-11-01
"R_eff_t",45,1.07506943601335,1.10627673090896,1.1224075916038,1.13947165591743,1.17375403841831,2015-11-08
"R_eff_t",46,1.09281377744076,1.12442827708493,1.14145708011177,1.15703074480021,1.19318809101831,2015-11-15
"R_eff_t",47,1.11753766003715,1.15206579052599,1.16841086406187,1.18327438601805,1.21723245325242,2015-11-22
"R_eff_t",48,1.14906477273547,1.18549277356778,1.20203262308606,1.21834550080663,1.25452050392181,2015-11-29
"R_eff_t",49,1.18890347838571,1.22526076546246,1.241324206582,1.25808381508139,1.29366449329405,2015-12-06
"R_eff_t",50,1.23202305916291,1.26728367177982,1.28427266339798,1.30415945332634,1.3409098139562,2015-12-13
"R_eff_t",51,1.27712408486258,1.31183935079481,1.33115361368462,1.35079988312387,1.3917477927687,2015-12-20
"R_eff_t",52,1.32191940795486,1.35602133114222,1.37757987632449,1.39886076921019,1.44547124444157,2015-12-27
"R_eff_t",53,1.15093811411304,1.2053511029201,1.24053462586121,1.27132741956522,1.34126080049089,2016-01-03
"R_eff_t",54,1.2224458841472,1.27398153760049,1.31649071045152,1.34745401419783,1.42676484809884,2016-01-10
"R_eff_t",55,1.27847191816148,1.34136929012761,1.38045550119519,1.41558187818566,1.4938549866702,2016-01-17
"R_eff_t",56,1.3233557565112,1.39327014567165,1.4324034582774,1.47319788687174,1.55088273923724,2016-01-24
"R_eff_t",57,1.35777645399112,1.4316004206495,1.47160663062379,1.51304361550339,1.59377662432199,2016-01-31
"R_eff_t",58,1.37965641720706,1.45020616758283,1.49054021474525,1.53146690761142,1.61802159039255,2016-02-07
"R_eff_t",59,1.38304885042638,1.45252403636242,1.49160796088224,1.53367382754591,1.61570317266027,2016-02-14
"R_eff_t",60,1.37383820161413,1.44107888252961,1.47651582210807,1.51718784158029,1.60295624425065,2016-02-21
"R_eff_t",61,1.34325668273154,1.41453943195718,1.4479377031328,1.4848441319067,1.57004334470345,2016-02-28
"R_eff_t",62,1.30581171694243,1.37369477397088,1.40445137299085,1.44031274527848,1.5191065652602,2016-03-06
"R_eff_t",63,1.25391727114551,1.32291887721655,1.35240202579053,1.384702715432,1.46321508620086,2016-03-13
"R_eff_t",64,1.20472262326843,1.26751763727276,1.29268556032696,1.32457773910053,1.39454300681908,2016-03-20
"R_eff_t",65,1.15091594493271,1.20756958033239,1.23321127312388,1.26243621607547,1.33078093824194,2016-03-27
"R_eff_t",66,1.09638904529965,1.15114696399002,1.17181729144678,1.20145958192993,1.26287110644291,2016-04-03
"R_eff_t",67,1.04452374207949,1.09654905146012,1.11605106508042,1.14352541156973,1.19711061625342,2016-04-10
"R_eff_t",68,0.999865017697099,1.04393383970444,1.06415029598958,1.08972518571891,1.1351955942686,2016-04-17
"R_eff_t",69,0.958987154524969,0.997330881170007,1.01682442067805,1.04046419405992,1.07941730573485,2016-04-24
"R_eff_t",70,0.925691967176644,0.960014215318189,0.977786677824342,0.99913027178275,1.03695804738327,2016-05-01
"R_eff_t",71,0.894751538952548,0.926892270513181,0.944065578913118,0.962846171665595,0.999160379193802,2016-05-08
"R_eff_t",72,0.867044219789196,0.900179042394579,0.915736465127515,0.932674767650849,0.962562233550883,2016-05-15
"R_eff_t",73,0.84486490263904,0.877529683446416,0.894429739574091,0.909783787320908,0.937111629439786,2016-05-22
"R_eff_t",74,0.830330526360638,0.858773277572084,0.876964938192038,0.891601797084043,0.922246122164765,2016-05-29
"R_eff_t",75,0.816907312290971,0.843954613389103,0.862392426923012,0.877156162610724,0.911184140870633,2016-06-05
"R_eff_t",76,0.805392386183543,0.832779635957218,0.850969366003902,0.865400375636977,0.902647053378624,2016-06-12
"R_eff_t",77,0.793849886142035,0.8227996909881,0.840515818408802,0.856148426436255,0.892532703409283,2016-06-19
"R_eff_t",78,0.782502380869478,0.813442878405116,0.831181722718835,0.849126140210472,0.884671350283596,2016-06-26
"R_eff_t",79,0.769384365984795,0.803022434049509,0.822822223311178,0.84039118257585,0.879317393016084,2016-07-03
"R_eff_t",80,0.758911862056017,0.793433389104478,0.813909866525216,0.831187165882881,0.873012571745511,2016-07-10
"R_eff_t",81,0.745459123875914,0.781459483881417,0.801372910829575,0.818813478238381,0.859883729549406,2016-07-17
"R_eff_t",82,0.730662261752625,0.767013105754022,0.786830852680646,0.806583629941068,0.848238584710753,2016-07-24
"R_eff_t",83,0.70983136602634,0.751346577459038,0.769496297247785,0.791296746881974,0.832655451996449,2016-07-31
"R_eff_t",84,0.689879569121224,0.733650002458125,0.750819288515553,0.773570951502645,0.811444113057467,2016-08-07
"R_eff_t",85,0.671560995262726,0.713263329379303,0.731599030144072,0.75399455929391,0.792745357305316,2016-08-14
"R_eff_t",86,0.655996458186581,0.693700064323154,0.711655442739497,0.735003802054431,0.771348906456357,2016-08-21
"R_eff_t",87,0.638323705654056,0.674180597032276,0.691824625139157,0.714517477723967,0.74944588479246,2016-08-28
"R_eff_t",88,0.623510713308215,0.657045778996088,0.674163265933093,0.693196623728687,0.730458667682653,2016-09-04
"R_eff_t",89,0.606813719107874,0.641283163490953,0.658303209801732,0.67604052350809,0.713419363135593,2016-09-11
"R_eff_t",90,0.598419106248472,0.628744851911032,0.64489448592336,0.662077604927698,0.69563793282108,2016-09-18
"R_eff_t",91,0.593425819079358,0.620514370472104,0.635976447599526,0.652216177324678,0.682495192046543,2016-09-25
"R_eff_t",92,0.591699266779252,0.61696618858626,0.630548581777169,0.648007061529603,0.676335408627701,2016-10-02
"R_eff_t",93,0.595995524013078,0.619692304304834,0.632797466610393,0.647871001629019,0.673629351443458,2016-10-09
"R_eff_t",94,0.604383900242459,0.62871226115199,0.640679756229882,0.654137626628092,0.681527764345261,2016-10-16
"R_eff_t",95,0.621207708313606,0.643862953036723,0.655960971630803,0.668647509242383,0.696927573150401,2016-10-23
"R_eff_t",96,0.642167151345319,0.665615542023655,0.67818684379384,0.691377304048961,0.718944817636323,2016-10-30
"R_eff_t",97,0.669241411009853,0.694913240916719,0.708864911050711,0.721349231609815,0.749767735069697,2016-11-06
"R_eff_t",98,0.705461845617901,0.73178151447192,0.746262106681634,0.760541785561457,0.792569716410576,2016-11-13
"R_eff_t",99,0.749464094279292,0.778663583488173,0.7928977612204,0.808234567369811,0.842470795072226,2016-11-20
"R_eff_t",100,0.798315705450174,0.833189575131382,0.848552996760398,0.864308179307829,0.902635235847218,2016-11-27
"R_eff_t",101,0.855506136594684,0.89294193321903,0.911208721582482,0.93140689897516,0.971670982557351,2016-12-04
"R_eff_t",102,0.921114703831004,0.958237163398208,0.981638463537639,1.00320767741076,1.04960081319158,2016-12-11
"R_eff_t",103,0.992277030030563,1.03224336767225,1.05783025640647,1.08317275119376,1.13269700575051,2016-12-18
"R_eff_t",104,1.06096849137717,1.11003336824143,1.13693505547897,1.16529022198175,1.22476529290513,2016-12-25
"R_eff_t",105,1.01246622768113,1.04862009885058,1.06508119598424,1.08350890599441,1.12435962602752,2017-01-01
"R_eff_t",106,1.04562226290596,1.08264511537514,1.09999545714356,1.1213865330421,1.16705800264377,2017-01-08
"R_eff_t",107,1.07003764136668,1.11106815987597,1.13000287281682,1.15185846251358,1.20107817892075,2017-01-15
"R_eff_t",108,1.08832579450622,1.13078617911408,1.15089590243619,1.17576426946023,1.22526843915509,2017-01-22
"R_eff_t",109,1.09718451299881,1.14123608673339,1.16161441051634,1.18938817073892,1.24337328513003,2017-01-29
"R_eff_t",110,1.09919519551363,1.14224103460363,1.1619329560309,1.19022063927275,1.25102129227801,2017-02-05
"R_eff_t",111,1.09256670589095,1.13345146140432,1.15258601142792,1.18400421780837,1.24314183491149,2017-02-12
"R_eff_t",112,1.07552612038529,1.11582947874378,1.13631272927564,1.1693742931898,1.22724029204218,2017-02-19
"R_eff_t",113,1.05129104254924,1.09166174071505,1.11209835069954,1.14176322607677,1.20289384473602,2017-02-26
"R_eff_t",114,1.02140320996898,1.06082445699925,1.08237456976887,1.10889737473238,1.1644936239078,2017-03-05
"R_eff_t",115,0.987376735653927,1.02797207431116,1.04876092233688,1.07321191571778,1.12397570937417,2017-03-12
"R_eff_t",116,0.950764703497841,0.99459088145336,1.01415555048221,1.03739443112812,1.0849213101182,2017-03-19
"R_eff_t",117,0.919200828562607,0.962297797660023,0.980936791308797,1.00200430106262,1.04648679651785,2017-03-26
"R_eff_t",118,0.890424530414571,0.929984726713851,0.948672919521704,0.967516944638941,1.0087798521726,2017-04-02
"R_eff_t",119,0.863748857942995,0.901444829766646,0.921466850161021,0.938135490125392,0.976943694892018,2017-04-09
"R_eff_t",120,0.843591221873898,0.878381282723375,0.897207742189046,0.912539019665055,0.951708039855814,2017-04-16
"R_eff_t",121,0.831192973058584,0.860772405657026,0.877611647833135,0.89569764268764,0.929329382731753,2017-04-23
"R_eff_t",122,0.820870528382392,0.849894646539309,0.865655179030845,0.881639594370165,0.912337073668859,2017-04-30
"R_eff_t",123,0.817492334165088,0.845778652179067,0.859906928186497,0.873653323215489,0.903802853803414,2017-05-07
"R_eff_t",124,0.82283437420504,0.846887617869531,0.860705298954858,0.873303190187518,0.902728481394954,2017-05-14
"R_eff_t",125,0.828239057330751,0.852565083379891,0.866316128815464,0.878501195280589,0.906012097289277,2017-05-21
"R_eff_t",126,0.83544280356914,0.863964855802815,0.877048036485048,0.889086704363203,0.917487545316116,2017-05-28
"R_eff_t",127,0.848915380537182,0.877685537307775,0.89081148000852,0.903130208947556,0.928237538360362,2017-06-04
"R_eff_t",128,0.86557883546842,0.894319582161836,0.90825283486423,0.922328379085415,0.946486068384981,2017-06-11
"R_eff_t",129,0.883050571513032,0.910898074282838,0.92768350536608,0.942218900203129,0.968728178206149,2017-06-18
"R_eff_t",130,0.904224026597394,0.927705064002199,0.946389773166616,0.962739354758624,0.989372186674001,2017-06-25
"R_eff_t",131,0.917394246697041,0.943501485857098,0.963073381445577,0.982062293002958,1.00906582069083,2017-07-02
"R_eff_t",132,0.926404050536754,0.957012073684222,0.978541537938818,0.996447649900829,1.02722665023037,2017-07-09
"R_eff_t",133,0.936037976493105,0.967032576980936,0.989439436110021,1.00765126959539,1.04131783037197,2017-07-16
"R_eff_t",134,0.934704634533304,0.971634302201417,0.9937323160307,1.01270510351688,1.04873932286818,2017-07-23
"R_eff_t",135,0.929431775530567,0.969243146350085,0.990906052280613,1.01353914060975,1.04759468543359,2017-07-30
"R_eff_t",136,0.920789684145706,0.96099747349183,0.982718589052754,1.00520580539552,1.0418494039898,2017-08-06
"R_eff_t",137,0.906601399326373,0.94799126673841,0.969009824760104,0.990152635042046,1.03056566627285,2017-08-13
"R_eff_t",138,0.887759432650345,0.930271463870578,0.950662772414401,0.972596238131319,1.01184979361884,2017-08-20
"R_eff_t",139,0.86632919276142,0.907036173582663,0.927053431402357,0.948419880502468,0.992540133083225,2017-08-27
"R_eff_t",140,0.84141596779782,0.881501197720846,0.902597856073687,0.92287920607429,0.961817613319815,2017-09-03
"R_eff_t",141,0.817690316131473,0.855291840892525,0.877209114249697,0.895940507337406,0.935063670819502,2017-09-10
"R_eff_t",142,0.795469866753553,0.830690518117413,0.851735586469761,0.870842368775703,0.908121206202823,2017-09-17
"R_eff_t",143,0.776006212097765,0.810440049548347,0.831038541115668,0.846684217395818,0.880726891815956,2017-09-24
"R_eff_t",144,0.760478364909019,0.792772007784913,0.812143835116979,0.827430794098925,0.858115407214663,2017-10-01
"R_eff_t",145,0.744855252509096,0.778720409594795,0.796430553320786,0.812285847378999,0.842363640871418,2017-10-08
"R_eff_t",146,0.740166367566796,0.771038813522042,0.7871996705199,0.803271961072845,0.831473979577883,2017-10-15
"R_eff_t",147,0.738656462400078,0.769415700636848,0.783941534252984,0.799185998164433,0.826888992565241,2017-10-22
"R_eff_t",148,0.741777176431888,0.773116814704631,0.786516912254355,0.801043756445521,0.828965376029531,2017-10-29
"R_eff_t",149,0.751051219043398,0.78322617736902,0.796078960548455,0.810306232808237,0.836843140159873,2017-11-05
"R_eff_t",150,0.770405533070584,0.80161790556723,0.812521589397189,0.825234826835118,0.853384779915222,2017-11-12
"R_eff_t",151,0.795873868649485,0.823393348399765,0.835064252473503,0.848721559521177,0.878132885839744,2017-11-19
"R_eff_t",152,0.824864650287818,0.852525243422168,0.865078018951893,0.877001885414068,0.905582431231303,2017-11-26
"R_eff_t",153,0.856791789594744,0.885428135652054,0.898392818904667,0.911872564008173,0.941142620602503,2017-12-03
"R_eff_t",154,0.897552514146779,0.923022551084661,0.935042571563196,0.950597592212112,0.983136296730888,2017-12-10
"R_eff_t",155,0.936969055498922,0.960562492982514,0.976178727528277,0.991148409714924,1.02625310039177,2017-12-17
"R_eff_t",156,0.971156571045261,1.00043729666729,1.01738145334794,1.03467622105475,1.06781410501975,2017-12-24
"R_eff_t",157,1.00662143199624,1.04081527970449,1.05755508840839,1.07560134124,1.11487193912499,2017-12-31
"R_eff_t",158,1.11165076885601,1.14814472891135,1.1743340129571,1.19618694045708,1.2610873545348,2018-01-07
"R_eff_t",159,1.14748617100184,1.19145295490362,1.21637951855179,1.24223815256059,1.30381677310673,2018-01-14
"R_eff_t",160,1.17589329697928,1.22421312754291,1.25274242707812,1.27953822031834,1.34237607813616,2018-01-21
"R_eff_t",161,1.19414631250982,1.24461040809652,1.27565108788216,1.30398419945477,1.37068807391893,2018-01-28
"R_eff_t",162,1.20141453864106,1.25398019479009,1.28758886065667,1.31716490672342,1.38322569352737,2018-02-04
"R_eff_t",163,1.20191647234771,1.2503360959103,1.28804870792893,1.31651197758204,1.38182902468042,2018-02-11
"R_eff_t",164,1.18605493543265,1.23273545631312,1.27503785501171,1.30379429088067,1.36845666882543,2018-02-18
"R_eff_t",165,1.15940285448989,1.21189881348967,1.24994417637407,1.27664407141622,1.34255145403983,2018-02-25
"R_eff_t",166,1.12757335307875,1.18102187438898,1.21724757225408,1.24462967882153,1.30984980451011,2018-03-04
"R_eff_t",167,1.09134939465746,1.14455692430471,1.17758082087112,1.20434106703723,1.26130020304019,2018-03-11
"R_eff_t",168,1.05414932515691,1.10440895272789,1.13352930771561,1.16050187140562,1.2157272735623,2018-03-18
"R_eff_t",169,1.01479739124079,1.06293197939703,1.09129327678197,1.11827403599425,1.16717229985878,2018-03-25
"R_eff_t",170,0.977781025798512,1.02327812887364,1.04833009281505,1.07375016070261,1.11953558924027,2018-04-01
"R_eff_t",171,0.942738205311369,0.987140954713195,1.00940322044669,1.03150360462952,1.07282752113481,2018-04-08
"R_eff_t",172,0.916076077873657,0.954915023540025,0.975745541738623,0.994364220773655,1.03470656991157,2018-04-15
"R_eff_t",173,0.891109369736654,0.927366272609952,0.945626461517773,0.963187240060275,0.999505441625391,2018-04-22
"R_eff_t",174,0.86914708380745,0.905517636397258,0.922725905536837,0.939366446385949,0.974439997137986,2018-04-29
"R_eff_t",175,0.85112859747959,0.890897453511439,0.906047293715265,0.921295969165292,0.955472990953497,2018-05-06
"R_eff_t",176,0.847006921140803,0.880177124832224,0.895254047076143,0.909714302869361,0.941729168206082,2018-05-13
"R_eff_t",177,0.84346675194916,0.876264252116724,0.890672206944268,0.906046216484928,0.934589226072476,2018-05-20
"R_eff_t",178,0.845949693767885,0.87669152066433,0.890688856621798,0.905077202442142,0.932040328993031,2018-05-27
"R_eff_t",179,0.852200089396086,0.878801874139265,0.895468949745468,0.90844926021409,0.933712678639115,2018-06-03
"R_eff_t",180,0.858081882324196,0.885791679819445,0.901182299325632,0.916135976267626,0.943374275566443,2018-06-10
"R_eff_t",181,0.865654555902538,0.894027228946087,0.909251530959914,0.924428445240797,0.955187246869695,2018-06-17
"R_eff_t",182,0.872812669401842,0.900529768811728,0.917754856508423,0.933519017226544,0.965304201584599,2018-06-24
"R_eff_t",183,0.875440387937591,0.907358690352829,0.924916549684772,0.942743651050578,0.98097848576725,2018-07-01
"R_eff_t",184,0.878320886169929,0.913180764597136,0.929811044438941,0.949181932148511,0.987554417337482,2018-07-08
"R_eff_t",185,0.879481981594971,0.915015238947883,0.93323466267831,0.951995710017604,0.989654962208254,2018-07-15
"R_eff_t",186,0.873251007867492,0.911676189915347,0.931557495783819,0.949873949060108,0.988292836464093,2018-07-22
"R_eff_t",187,0.86401399539528,0.905044939015408,0.925229400959424,0.944817656002028,0.985933950255696,2018-07-29
"R_eff_t",188,0.849934957784443,0.89326474687681,0.913590017043639,0.934818084280859,0.977292455906292,2018-08-05
"R_eff_t",189,0.833898723112066,0.87782187494283,0.896659489830557,0.919507954494913,0.961302692143335,2018-08-12
"R_eff_t",190,0.819035882933096,0.856481180580487,0.8769752981493,0.900607300028911,0.942045425623441,2018-08-19
"R_eff_t",191,0.795324293379111,0.835673403652838,0.855167618017365,0.878905739166356,0.921122300317256,2018-08-26
"R_eff_t",192,0.772880636406944,0.812342108300141,0.832614652015371,0.855625781614367,0.896262104514334,2018-09-02
"R_eff_t",193,0.750912751100134,0.78988506800775,0.810835231342736,0.831820299966592,0.873298324515763,2018-09-09
"R_eff_t",194,0.730906759527836,0.768879844826574,0.790711435265358,0.810556569363596,0.850992461308651,2018-09-16
"R_eff_t",195,0.710942401032135,0.750539792303814,0.772642680361913,0.791840941131719,0.832108156440035,2018-09-23
"R_eff_t",196,0.695571813499796,0.736645366878733,0.758653807379325,0.775854932405792,0.81591940702422,2018-09-30
"R_eff_t",197,0.686900264711728,0.730201196126123,0.748306731656078,0.766415679620116,0.804023213012827,2018-10-07
"R_eff_t",198,0.68796917540899,0.727429949626432,0.743388335611912,0.76154497463937,0.797555170757342,2018-10-14
"R_eff_t",199,0.692498452725896,0.731078833740301,0.745835000892046,0.763213921934273,0.800651134091024,2018-10-21
"R_eff_t",200,0.705073391442023,0.740495502616468,0.755326964547569,0.771320214531217,0.809313680384459,2018-10-28
"R_eff_t",201,0.721378187871564,0.756583714682293,0.77086736188832,0.787194276972478,0.824841925675007,2018-11-04
"R_eff_t",202,0.745454514967421,0.779926853235327,0.793892877859828,0.810443483744953,0.845714519045484,2018-11-11
"R_eff_t",203,0.779601413566774,0.810473006184654,0.824444305594217,0.840368276561139,0.871965721123722,2018-11-18
"R_eff_t",204,0.819107236501605,0.847631104570409,0.862311172650388,0.876778543240995,0.908153289066921,2018-11-25
"R_eff_t",205,0.858296979447273,0.890677115554512,0.906055100826215,0.920149359034583,0.952143373653143,2018-12-02
"R_eff_t",206,0.902995673449399,0.937818378290196,0.955022381459263,0.969577354730831,1.00477028037421,2018-12-09
"R_eff_t",207,0.9540137106651,0.98906318363588,1.00796162157929,1.02303571710697,1.06177297037717,2018-12-16
"R_eff_t",208,1.00813350626132,1.04281809962284,1.06159813683408,1.0786133271283,1.125563503206,2018-12-23
"R_eff_t",209,1.05919258438939,1.09182803303426,1.11486011236624,1.13418673235132,1.1860478928844,2018-12-30
"R_eff_t",210,1.25289896238632,1.30446084724176,1.33141286559962,1.35888395628447,1.41789986829589,2019-01-06
"R_eff_t",211,1.29996747351994,1.3603086666713,1.38978721815327,1.42015292513714,1.48212117875692,2019-01-13
"R_eff_t",212,1.3396366729761,1.40400690463345,1.43633163677889,1.46959234158336,1.54129645387485,2019-01-20
"R_eff_t",213,1.36530986667362,1.43796217280094,1.4706408173253,1.50470687867563,1.57794145161083,2019-01-27
"R_eff_t",214,1.3860370669349,1.45601115876275,1.49026323233122,1.52528217833144,1.60689192458928,2019-02-03
"R_eff_t",215,1.39449747592283,1.45904510261322,1.49549293445372,1.53001533342452,1.6184888646572,2019-02-10
"R_eff_t",216,1.38308207741871,1.44513447370534,1.48438797487314,1.5217698792288,1.60285964625194,2019-02-17
"R_eff_t",217,1.35656711727973,1.41948808030329,1.45874559320306,1.49680930407139,1.57831020364453,2019-02-24
"R_eff_t",218,1.31823554544893,1.38372130720646,1.42146188624158,1.45888634457456,1.5411004195751,2019-03-03
"R_eff_t",219,1.28025244436115,1.34072116191033,1.37407161619258,1.41167546571426,1.49023385493798,2019-03-10
"R_eff_t",220,1.22998901576375,1.29198019252412,1.32428603150997,1.36264791621056,1.43248492180948,2019-03-17
"R_eff_t",221,1.1846980119143,1.24201031392183,1.27363622540822,1.3074616074484,1.37502977090631,2019-03-24
"R_eff_t",222,1.13923078011641,1.19040037604254,1.22258124420688,1.25309662533885,1.31173580374092,2019-03-31
"R_eff_t",223,1.09788051355982,1.14397740042483,1.17341288644947,1.19872374485337,1.25397363292635,2019-04-07
"R_eff_t",224,1.05791390142011,1.10157771844519,1.12889304201707,1.1515969593203,1.2053603678872,2019-04-14
"R_eff_t",225,1.02411288250559,1.06443285853249,1.08962658445567,1.11242559654551,1.15616714407585,2019-04-21
"R_eff_t",226,0.996660415339524,1.03360328105041,1.05859662062427,1.07652248076002,1.12035024031104,2019-04-28
"R_eff_t",227,0.978802158927297,1.0093710550418,1.03129097579602,1.04916379551353,1.09177056229105,2019-05-05
"R_eff_t",228,0.962172956244483,0.993309940689503,1.01152914845182,1.02968164306654,1.06752144891777,2019-05-12
"R_eff_t",229,0.949793012718889,0.981406161057128,0.998728426532568,1.01596177417177,1.05273995321339,2019-05-19
"R_eff_t",230,0.943688468640389,0.974613650204027,0.993070745186214,1.00658299804928,1.04235350904843,2019-05-26
"R_eff_t",231,0.942339893448777,0.974206705881712,0.988830970182941,1.00435165425812,1.04221220825808,2019-06-02
"R_eff_t",232,0.942744686185931,0.975133956864019,0.989716547298304,1.00619471171827,1.04071365210459,2019-06-09
"R_eff_t",233,0.946019978027154,0.978200463901134,0.99256722842046,1.00889732573073,1.04301131275435,2019-06-16
"R_eff_t",234,0.948344270888136,0.98060966576215,0.996307624360456,1.01347165735585,1.05027219571728,2019-06-23
"R_eff_t",235,0.94743858922111,0.98337023043025,0.999504812373959,1.01908254615011,1.06176778983473,2019-06-30
"R_eff_t",236,0.947375362343664,0.983424005253384,0.999397013332619,1.02128805968205,1.06857653163092,2019-07-07
"R_eff_t",237,0.943106463466055,0.981636380170914,0.998094235395803,1.02079678916449,1.06979673907918,2019-07-14
"R_eff_t",238,0.931209390102685,0.975398974585194,0.992135631114226,1.01549008796494,1.06491554662762,2019-07-21
"R_eff_t",239,0.918128104318707,0.963894213255743,0.98299807516346,1.00798562199931,1.05740838185037,2019-07-28
"R_eff_t",240,0.902006441832616,0.948231167471186,0.969986999148978,0.99422226150074,1.04272546190554,2019-08-04
"R_eff_t",241,0.886792158408961,0.931397314052274,0.950246986141629,0.976217720583029,1.03177772290503,2019-08-11
"R_eff_t",242,0.867393178659161,0.908557227649441,0.929566292418531,0.953777212077976,1.00952802812955,2019-08-18
"R_eff_t",243,0.846998040204269,0.885429174340076,0.905720630721179,0.930046891951887,0.986406784155796,2019-08-25
"R_eff_t",244,0.824187347321624,0.861164963279022,0.882236433514013,0.903580959441111,0.959439513155513,2019-09-01
"R_eff_t",245,0.803991672212589,0.837930403807063,0.860024669240721,0.880126021036484,0.933512571465292,2019-09-08
"R_eff_t",246,0.783324884886001,0.816788763683291,0.837500782443931,0.859772786785303,0.911149758229636,2019-09-15
"R_eff_t",247,0.761385015889458,0.798892605849501,0.819591517033066,0.840202785982453,0.886078576314527,2019-09-22
"R_eff_t",248,0.749954726781219,0.783362229518448,0.805567382179628,0.827176250911981,0.866461515480562,2019-09-29
"R_eff_t",249,0.74385112232418,0.775333281956245,0.795855649844103,0.818036457112767,0.856092237748745,2019-10-06
"R_eff_t",250,0.74040947197281,0.773311849758531,0.793282986052914,0.815736128494698,0.852038242978752,2019-10-13
"R_eff_t",251,0.747612995964211,0.779215370796177,0.798840101783766,0.820309494230426,0.85659063023728,2019-10-20
"R_eff_t",252,0.760438099310736,0.79260164186115,0.810740686963688,0.83070513774303,0.869892464481679,2019-10-27
"R_eff_t",253,0.781994316612038,0.813462350975451,0.831148781549688,0.848869253184484,0.888896226895865,2019-11-03
"R_eff_t",254,0.812490011839779,0.843256952823624,0.85964820689702,0.877175652063278,0.915149904198514,2019-11-10
"R_eff_t",255,0.849113039966046,0.879788750170284,0.895190011559412,0.914588618868771,0.954152519890316,2019-11-17
"R_eff_t",256,0.894423561053161,0.925479257252781,0.94016059719796,0.960297216508051,0.997120027229056,2019-11-24
"R_eff_t",257,0.946903892078808,0.97866005047497,0.993135985583829,1.01465864892534,1.04977130825107,2019-12-01
"R_eff_t",258,1.00501275609318,1.03637165382804,1.05286740529435,1.07397786563833,1.11264752542837,2019-12-08
"R_eff_t",259,1.06600543570964,1.09930731836942,1.11745485573991,1.14093542787308,1.18100303984038,2019-12-15
"R_eff_t",260,1.12687932754868,1.16490059576736,1.18347749566784,1.21030406704771,1.24941767547124,2019-12-22
"R_eff_t",261,1.19084633667259,1.22913113768321,1.25403941773069,1.28025121425085,1.32641091294037,2019-12-29
"R_eff_t",262,1.19648849651969,1.23967979785985,1.26512423559988,1.28668901222076,1.32764896549637,2020-01-05
"R_eff_t",263,1.23435414263909,1.28781405451432,1.31804020807209,1.34133709394298,1.38897842989571,2020-01-12
"R_eff_t",264,1.27027813470088,1.3310761822304,1.36084786397979,1.38710179362864,1.43961287560811,2020-01-19
"R_eff_t",265,1.28975378432237,1.35997794610908,1.39158297053774,1.42416035682823,1.4722460907747,2020-01-26
"R_eff_t",266,1.30036220451233,1.37514971775311,1.40780251470609,1.44785457815305,1.49249935268459,2020-02-02
"R_eff_t",267,1.29741429770368,1.3739003374839,1.41506517097496,1.45305467208062,1.50339312743202,2020-02-09
"R_eff_t",268,1.28499445577605,1.36166269965242,1.40515811396552,1.44244207231927,1.49715119217841,2020-02-16
"R_eff_t",269,1.25615785302635,1.33745851397998,1.38194782537314,1.41882864421459,1.47560302751194,2020-02-23
"R_eff_t",270,1.22328262301612,1.30867781093847,1.35081079867259,1.38430094892633,1.44533311064924,2020-03-01
"R_eff_t",271,1.18466264147612,1.27021835941911,1.30639385975323,1.34257870637769,1.40731197804227,2020-03-08
"R_eff_t",272,1.14480844493979,1.22531398860328,1.25797319268117,1.29560638589713,1.35396043021247,2020-03-15
"R_eff_t",273,1.10474355156168,1.18173325556501,1.21164841296256,1.24421933313949,1.30179826276152,2020-03-22
"R_eff_t",274,1.06654319122907,1.1343671626772,1.16570586974659,1.19552488965699,1.249457637908,2020-03-29
"R_eff_t",275,1.03215323872901,1.09312932484392,1.12158851385809,1.14725789278242,1.19886232263964,2020-04-05
"R_eff_t",276,1.00265647555399,1.05360668627919,1.08007402410798,1.10462324911836,1.15154928113192,2020-04-12
"R_eff_t",277,0.978305681075983,1.02179753735006,1.04583584636978,1.06884501973254,1.10951172384918,2020-04-19
"R_eff_t",278,0.958864466275601,0.993786752161659,1.01655843994235,1.03755047873586,1.07794757364036,2020-04-26
"R_eff_t",279,0.938874682100199,0.972989141296184,0.995482695744107,1.01380565850489,1.05178984008494,2020-05-03
"R_eff_t",280,0.928662897502194,0.961421081725085,0.97971421591002,0.995847989947651,1.03032739440844,2020-05-10
"R_eff_t",281,0.921060073084491,0.954522112207428,0.969113492858472,0.985486071917375,1.01665475718914,2020-05-17
"R_eff_t",282,0.919517943681144,0.950728396718386,0.966811240758097,0.98013498180254,1.00906225418602,2020-05-24
"R_eff_t",283,0.922214914264622,0.951776530896284,0.969392900697411,0.98134908239494,1.01276718926042,2020-05-31
"R_eff_t",284,0.925509549788962,0.956190366811691,0.973735484094293,0.986520064032086,1.02472534328983,2020-06-07
"R_eff_t",285,0.930225256172087,0.961914764414057,0.979644289877934,0.995697367335549,1.03174431670972,2020-06-14
"R_eff_t",286,0.933764266907238,0.968322094378908,0.986515448275436,1.00510632342234,1.04418910371673,2020-06-21
"R_eff_t",287,0.941507478881567,0.975413507745858,0.994352253254156,1.01427970784993,1.05624530734368,2020-06-28
"R_eff_t",288,0.940720958535893,0.979414141048373,0.999625699413751,1.02118103049351,1.06684133664667,2020-07-05
"R_eff_t",289,0.94057524100037,0.981752946232509,1.00312687731579,1.02609131149697,1.07172883049894,2020-07-12
"R_eff_t",290,0.935522663084353,0.979922487310546,0.999488702304632,1.02524971977071,1.06911936399822,2020-07-19
"R_eff_t",291,0.924288168685837,0.973887018615708,0.994272511928366,1.020800902901,1.06573893511463,2020-07-26
"R_eff_t",292,0.912704278266546,0.963118629890521,0.983347249640277,1.01026178837665,1.05544992258538,2020-08-02
"R_eff_t",293,0.897079375838268,0.946456574843225,0.966514124034259,0.993140914626286,1.03807495131821,2020-08-09
"R_eff_t",294,0.876709130866796,0.926752328286013,0.947605112310827,0.973533108190612,1.02132888755985,2020-08-16
"R_eff_t",295,0.852656451311765,0.904559119206842,0.925100697637224,0.949691147778907,0.998795634110551,2020-08-23
"R_eff_t",296,0.829113483016759,0.881035966895894,0.901134887473061,0.925552668946747,0.971278735069613,2020-08-30
"R_eff_t",297,0.810252435061777,0.856671408695157,0.874906643889242,0.900355280596617,0.94450511367587,2020-09-06
"R_eff_t",298,0.787932091690891,0.832808994687242,0.852082924937506,0.876367908316884,0.918395534449271,2020-09-13
"R_eff_t",299,0.772130012913103,0.812257815908588,0.832986479871236,0.854700229517669,0.8952772622209,2020-09-20
"R_eff_t",300,0.754369387326267,0.797052844115451,0.81702935092903,0.837158003133849,0.876084291547863,2020-09-27
"R_eff_t",301,0.742279175027677,0.785835293637149,0.806515075427811,0.824379036054324,0.862122368553394,2020-10-04
"R_eff_t",302,0.740253411153818,0.780166975915349,0.800139227733196,0.817355946926876,0.855003009716679,2020-10-11
"R_eff_t",303,0.742845868042268,0.781620188873905,0.801275412624248,0.817772945841433,0.852398802113084,2020-10-18
"R_eff_t",304,0.751974925816085,0.790086504519751,0.808291787180437,0.825297703230266,0.859059743355627,2020-10-25
"R_eff_t",305,0.770614328097817,0.807022169161184,0.823503086343968,0.839731968011029,0.872755843571549,2020-11-01
"R_eff_t",306,0.794503234006178,0.830239388628263,0.846135923438029,0.863897405575051,0.894117979956563,2020-11-08
"R_eff_t",307,0.828009314429038,0.862956650762083,0.877484790096762,0.894434727368852,0.923216797516491,2020-11-15
"R_eff_t",308,0.869833943182435,0.902383603600098,0.91714540219495,0.932585612063989,0.961235996772713,2020-11-22
"R_eff_t",309,0.918094507175069,0.947135337897921,0.964087401261269,0.978154293796253,1.00781779148094,2020-11-29
"R_eff_t",310,0.971243305483641,0.99897231842423,1.01582033421337,1.03049800875051,1.05918607368693,2020-12-06
"R_eff_t",311,1.02567993714607,1.05577798749804,1.07225150633528,1.08836647916159,1.11777430433864,2020-12-13
"R_eff_t",312,1.08530478718887,1.1122439278259,1.13171315961777,1.14918079023326,1.18312847115381,2020-12-20
"R_eff_t",313,1.14158528517182,1.17244528729955,1.19347125706103,1.2122834160947,1.24851942324905,2020-12-27
"R_eff_t",314,1.36212439523411,1.41071639280278,1.4376205769394,1.46819175977889,1.53434463685342,2021-01-03
"R_eff_t",315,1.45361616467242,1.50523644266123,1.5358098734385,1.57064839579545,1.65382352888899,2021-01-10
"R_eff_t",316,1.53540717083083,1.59055385339065,1.62625883204249,1.66270179365095,1.75223579551743,2021-01-17
"R_eff_t",317,1.59959762135167,1.66274151309031,1.70110940625177,1.74056781965698,1.82143398765927,2021-01-24
"R_eff_t",318,1.64530051878738,1.71657373061952,1.7545255950179,1.79612878782792,1.8811204583745,2021-01-31
"R_eff_t",319,1.67273191059241,1.7465406969035,1.78688198007805,1.83233481228643,1.9181479375006,2021-02-07
"R_eff_t",320,1.68369489402401,1.75287538862363,1.79260296502057,1.84368743254893,1.92649058748316,2021-02-14
"R_eff_t",321,1.67451400185527,1.73890184584902,1.77722899317682,1.82842522861321,1.91131359596121,2021-02-21
"R_eff_t",322,1.63678055208528,1.70477152138003,1.73980406467421,1.7864409494574,1.87072818069431,2021-02-28
"R_eff_t",323,1.57969602278594,1.64924182514423,1.68821323926793,1.72862278860146,1.80518448583682,2021-03-07
"R_eff_t",324,1.5166363254955,1.58405655946022,1.62257198908918,1.66211903614985,1.73463076637112,2021-03-14
"R_eff_t",325,1.44458550654399,1.51322992535945,1.54818210179914,1.58283917873009,1.65517763731412,2021-03-21
"R_eff_t",326,1.37121034607912,1.43309592422324,1.46943315437708,1.50306885215629,1.57158148972661,2021-03-28
"R_eff_t",327,1.3000801334461,1.35608375226634,1.3878065821885,1.41983932865147,1.48126582582321,2021-04-04
"R_eff_t",328,1.23071312909758,1.28088761917685,1.3105824413997,1.33906251685762,1.39128474987143,2021-04-11
"R_eff_t",329,1.16295608570658,1.21180461669406,1.23791214171663,1.26625965049906,1.3144728111456,2021-04-18
"R_eff_t",330,1.10260258180661,1.14905747492306,1.17110336542115,1.19724632715251,1.24784918413323,2021-04-25
"R_eff_t",331,1.04834406811755,1.09068473937208,1.11256908504393,1.13853785786566,1.18473357792305,2021-05-02
"R_eff_t",332,1.0007074633796,1.04178734159023,1.0639837662454,1.08613206834067,1.12927533926156,2021-05-09
"R_eff_t",333,0.957234097730958,0.99801497096369,1.02109601824242,1.04133177310406,1.08414375064064,2021-05-16
"R_eff_t",334,0.923198182623419,0.962225195305838,0.983383776779071,1.00277121090495,1.04394645183142,2021-05-23
"R_eff_t",335,0.895621060633768,0.932263035731793,0.951552962929045,0.969886901231152,1.01025075128642,2021-05-30
"R_eff_t",336,0.8688845094755,0.905042832594722,0.926237447919478,0.944331708435533,0.986675270850817,2021-06-06
"R_eff_t",337,0.845392233334055,0.882088162550727,0.901941503428855,0.920710017054845,0.964009697946217,2021-06-13
"R_eff_t",338,0.828970771657964,0.862334250629348,0.880425631439037,0.901742351080914,0.942288239472071,2021-06-20
"R_eff_t",339,0.810146625188973,0.841436888655744,0.85997410631563,0.882777924261601,0.92260136019602,2021-06-27
"R_eff_t",340,0.789167432575367,0.822274539840528,0.841334692358956,0.864543976293363,0.902596351841798,2021-07-04
"R_eff_t",341,0.76812295335309,0.80433985959938,0.823397944185095,0.844635874615017,0.880549556806963,2021-07-11
"R_eff_t",342,0.751596181141981,0.784729530084041,0.804113923011465,0.824242582195461,0.856785006574612,2021-07-18
"R_eff_t",343,0.733805174482777,0.764088894153552,0.78488495611024,0.803228618038243,0.83382504358545,2021-07-25
"R_eff_t",344,0.713284066992768,0.743645496683996,0.762849960389513,0.780929333646542,0.8103117651546,2021-08-01
"R_eff_t",345,0.692360923146505,0.723022357544593,0.740529186077624,0.758935073726399,0.787194991107258,2021-08-08
"R_eff_t",346,0.670360766020465,0.701703803561271,0.718844701477125,0.734824443368389,0.763208260076515,2021-08-15
"R_eff_t",347,0.652459511181304,0.68087343183545,0.696963117324233,0.712781283525112,0.739741181240246,2021-08-22
"R_eff_t",348,0.63541817526071,0.661881196647467,0.677531460895774,0.692435318436011,0.719478918116186,2021-08-29
"R_eff_t",349,0.61806120736473,0.645107995773447,0.659221958159654,0.673950235845183,0.700748189915275,2021-09-05
"R_eff_t",350,0.604426027317552,0.630213166625028,0.644274335497319,0.658471140082504,0.686750835664879,2021-09-12
"R_eff_t",351,0.594967505632323,0.619844613882159,0.633553455371974,0.647576445408581,0.674235299163944,2021-09-19
"R_eff_t",352,0.587261380312136,0.613687090872197,0.629280340810614,0.642629938923417,0.667809296178201,2021-09-26
"R_eff_t",353,0.586579102657028,0.613614250231935,0.629537575705596,0.643504276440347,0.66946056714074,2021-10-03
"R_eff_t",354,0.591383002979948,0.619713455378537,0.635045089813035,0.650352032714928,0.676104720239211,2021-10-10
"R_eff_t",355,0.605571760767672,0.634965916603758,0.648198294926083,0.665157941217881,0.692939980292746,2021-10-17
"R_eff_t",356,0.624950577562441,0.656136364059849,0.670220342957836,0.688312932871829,0.7151442002331,2021-10-24
"R_eff_t",357,0.650177822391201,0.686430117384847,0.701639325094012,0.720008059074349,0.748341719542427,2021-10-31
"R_eff_t",358,0.68854376689252,0.726810145790706,0.740844738583472,0.759978841610163,0.791890459421311,2021-11-07
"R_eff_t",359,0.736689866421261,0.776875134851622,0.791987923137813,0.811335104640825,0.843898082467447,2021-11-14
"R_eff_t",360,0.796124380266212,0.835865810264626,0.852575312727538,0.87343562130596,0.907461084354856,2021-11-21
"R_eff_t",361,0.863854338482236,0.906019660255503,0.923327482753241,0.945565572205386,0.978006179902817,2021-11-28
"R_eff_t",362,0.939151451372304,0.986658621653199,1.00405569476489,1.0293288966815,1.06697228659206,2021-12-05
"R_eff_t",363,1.03086256795981,1.0750000230561,1.09438243748211,1.12176113488345,1.16570471883065,2021-12-12
"R_eff_t",364,1.12622799488454,1.16957819476851,1.19157402909103,1.22263952907619,1.27142169619555,2021-12-19
"R_eff_t",365,1.22677197877821,1.27006753813336,1.29611084204415,1.32405902775255,1.38279335642806,2021-12-26
"R_eff_t",366,1.2017496119665,1.24705209743867,1.27022256089742,1.29702564980795,1.34686189743047,2022-01-02
"R_eff_t",367,1.28180015800239,1.33137120788443,1.36096141700921,1.38764357126854,1.43702743170756,2022-01-09
"R_eff_t",368,1.34925571831313,1.40885286683661,1.43976469501835,1.46849508717138,1.51956066237669,2022-01-16
"R_eff_t",369,1.41120201041425,1.47507779593173,1.50635197514521,1.53666387766488,1.59431600586083,2022-01-23
"R_eff_t",370,1.45240011247092,1.52289412872939,1.55640367836588,1.5867390114824,1.65225168723505,2022-01-30
"R_eff_t",371,1.47928240511353,1.5492656280259,1.5867317642636,1.61849570511911,1.68535786913704,2022-02-06
"R_eff_t",372,1.48909343834452,1.55606001718913,1.59336938895192,1.62986132173762,1.70011526460709,2022-02-13
"R_eff_t",373,1.47812092742369,1.54503372133583,1.58167806107292,1.61670691313458,1.69474355856793,2022-02-20
"R_eff_t",374,1.45220969557112,1.51483241359141,1.55183066261489,1.58667112383749,1.66797351614053,2022-02-27
"R_eff_t",375,1.40677190088693,1.46839884609451,1.50488383125658,1.54297335264875,1.62452158489249,2022-03-06
"R_eff_t",376,1.35018665789325,1.41171759881224,1.44669702717398,1.48613270126626,1.56679296220043,2022-03-13
"R_eff_t",377,1.28634641469464,1.34859864846239,1.38252722203448,1.41945595809772,1.49316628373349,2022-03-20
"R_eff_t",378,1.22513379064081,1.28227752063212,1.31343661409984,1.34754215298689,1.41747925021792,2022-03-27
"R_eff_t",379,1.15949849287108,1.21420978232123,1.24471219175018,1.27579057321029,1.33832097656329,2022-04-03
"R_eff_t",380,1.0935693525794,1.14809081315178,1.17756838493908,1.20652055193188,1.26609864310161,2022-04-10
"R_eff_t",381,1.03751024942068,1.08873551457721,1.11638551093032,1.14244596336488,1.19774576993601,2022-04-17
"R_eff_t",382,0.982149365482727,1.03478781217127,1.05783872086503,1.08344435393635,1.13596919341287,2022-04-24
"R_eff_t",383,0.941342725137155,0.986634207973995,1.00646035733905,1.02994540863471,1.07935692869862,2022-05-01
"R_eff_t",384,0.900920387553441,0.945774271796213,0.964304294977454,0.983966162752609,1.03093544062061,2022-05-08
"R_eff_t",385,0.870666065078535,0.910188117339559,0.926644939295772,0.945667285017175,0.984041845811688,2022-05-15
"R_eff_t",386,0.840906693460462,0.878591555295693,0.895792413875731,0.912287285367756,0.948215326782561,2022-05-22
"R_eff_t",387,0.820710121475965,0.851080030416225,0.870072211929341,0.88422111733838,0.918265464035577,2022-05-29
"R_eff_t",388,0.798329305708496,0.828799799581391,0.849020348382083,0.861116071058364,0.893702603486647,2022-06-05
"R_eff_t",389,0.781716104391523,0.810510824939046,0.828707441292999,0.843484035272393,0.874262435166664,2022-06-12
"R_eff_t",390,0.766837107611874,0.791522312477721,0.810735218418443,0.826631150815467,0.853847447921059,2022-06-19
"R_eff_t",391,0.75018321028727,0.775288313923985,0.794813486205258,0.810606031553943,0.840849737430782,2022-06-26
"R_eff_t",392,0.732114951772703,0.761712176045463,0.779509629853785,0.796576784157983,0.82707012814762,2022-07-03
"R_eff_t",393,0.715773520247326,0.746304550849439,0.76272441275659,0.780705470811873,0.814191343090742,2022-07-10
"R_eff_t",394,0.699982789431559,0.730248596748269,0.746220299394885,0.764178916875307,0.798293273216777,2022-07-17
"R_eff_t",395,0.682453916663441,0.714102719859813,0.729199515644303,0.743388723437795,0.781122177628822,2022-07-24
"R_eff_t",396,0.662320263469495,0.694719092352293,0.70994284252456,0.726046398370826,0.763757121015404,2022-07-31
"R_eff_t",397,0.64149724166769,0.675923919463896,0.690186569836469,0.706911994591613,0.745837571897257,2022-08-07
"R_eff_t",398,0.623236503575364,0.656240012656309,0.670090691410362,0.687147632880515,0.725336572795955,2022-08-14
"R_eff_t",399,0.604733965344641,0.636059477464136,0.650909577053036,0.667775307998417,0.703141008534922,2022-08-21
"R_eff_t",400,0.588573084818109,0.617149385903444,0.632090708573242,0.648500081837445,0.683002753393546,2022-08-28
"R_eff_t",401,0.5741759156831,0.600132819819472,0.616058411685041,0.630619026064642,0.663087836562252,2022-09-04
"R_eff_t",402,0.562331878458949,0.586209980458246,0.601576802768919,0.6159260416198,0.647484287999725,2022-09-11
"R_eff_t",403,0.552705005769501,0.576611402445225,0.59150458713615,0.603594935540351,0.634623440384227,2022-09-18
"R_eff_t",404,0.546453885705297,0.570286458231602,0.58427291222387,0.59684691228451,0.626368925785503,2022-09-25
"R_eff_t",405,0.547419133241561,0.569427662922805,0.582679293131496,0.595326484171203,0.622659280130558,2022-10-02
"R_eff_t",406,0.552615647573028,0.57354063935139,0.587168820089629,0.600754749951338,0.625765970849082,2022-10-09
"R_eff_t",407,0.561682135526624,0.584645065029938,0.59821524658813,0.612147420413305,0.640828829421121,2022-10-16
"R_eff_t",408,0.577276001952153,0.601921062516138,0.616559379188853,0.62888040880635,0.655771462302928,2022-10-23
"R_eff_t",409,0.600676153651004,0.627627599976436,0.641573623214369,0.653864815787395,0.679985566109945,2022-10-30
"R_eff_t",410,0.631827643382973,0.661254440538391,0.674800466983245,0.68877362764045,0.716732729838803,2022-11-06
"R_eff_t",411,0.674755230482311,0.703775269667978,0.716557981805321,0.731088917229441,0.764957696680747,2022-11-13
"R_eff_t",412,0.725329948931842,0.755507393098467,0.768141519800615,0.783167497899772,0.819925268897381,2022-11-20
"R_eff_t",413,0.782496352813627,0.814495131125123,0.828209211202776,0.84528217766444,0.884491772421302,2022-11-27
"R_eff_t",414,0.848991740284896,0.883037268745329,0.898781979366722,0.918403238998543,0.957283341923219,2022-12-04
"R_eff_t",415,0.925645284022881,0.960732694728918,0.977411662391219,0.997285634693438,1.04019805979042,2022-12-11
"R_eff_t",416,1.00701197546667,1.04461123591543,1.06164923124491,1.08486438898807,1.12948147467462,2022-12-18
"R_eff_t",417,1.09138505446991,1.13237973820958,1.15292151911317,1.17590881673526,1.22262877154823,2022-12-25
"R_eff_t",418,1.06619261006418,1.10269053896789,1.12127785801022,1.14253029532369,1.18365958897374,2023-01-01
"R_eff_t",419,1.09841715260857,1.14176633519152,1.16055468239282,1.18382908611082,1.22276143803642,2023-01-08
"R_eff_t",420,1.12593472464617,1.17242927893971,1.19511318763834,1.21873341363797,1.26169171421177,2023-01-15
"R_eff_t",421,1.14657881857443,1.19777241146421,1.21874952620337,1.24444707170578,1.2890482593938,2023-01-22
"R_eff_t",422,1.15912628033205,1.20990199817414,1.23261501981558,1.26031878916769,1.3063093268636,2023-01-29
"R_eff_t",423,1.16209580672416,1.213000360969,1.2379566730933,1.26613868666624,1.31351266613628,2023-02-05
"R_eff_t",424,1.15427245994801,1.20435440690969,1.23098534233285,1.25872491678431,1.31003726500129,2023-02-12
"R_eff_t",425,1.13711929715888,1.18619837478509,1.21408887362062,1.24076405478054,1.29483689867179,2023-02-19
"R_eff_t",426,1.10954964537211,1.16015692980284,1.18649970456081,1.21639054992163,1.26845601953693,2023-02-26
"R_eff_t",427,1.07520984525224,1.12691988565022,1.15341423809159,1.18439682177572,1.23320729676526,2023-03-05
"R_eff_t",428,1.03631246078204,1.09248947420058,1.11874834063939,1.14839872500028,1.19341213268382,2023-03-12
"R_eff_t",429,0.998818526501531,1.05396085144793,1.08128154173593,1.11001110383847,1.15198132844872,2023-03-19
"R_eff_t",430,0.96960284311872,1.01862384107013,1.04373799707599,1.06928705784649,1.11207074931572,2023-03-26
"R_eff_t",431,0.94227276359549,0.983931057451369,1.00878084642801,1.03400736963939,1.07465321343052,2023-04-02
"R_eff_t",432,0.917465793851534,0.953721337735121,0.977378566961826,1.00161810882025,1.04005894794311,2023-04-09
"R_eff_t",433,0.890539045714131,0.929186096117628,0.949809218709905,0.972656363607118,1.01099225932183,2023-04-16
"R_eff_t",434,0.873750680976834,0.908588474348365,0.92851082444412,0.950364600196624,0.988194289329771,2023-04-23
"R_eff_t",435,0.86015838082376,0.897115021147296,0.914273747681566,0.933605773053044,0.970324481344109,2023-04-30
"R_eff_t",436,0.855067506044722,0.891560620511406,0.906044934413963,0.924693202218703,0.957192986975873,2023-05-07
"R_eff_t",437,0.855513560147604,0.889702253152956,0.904321043787243,0.921438500325269,0.95564390514247,2023-05-14
"R_eff_t",438,0.859056761918341,0.894637491457168,0.909127565231164,0.923010332113876,0.953930706637573,2023-05-21
"R_eff_t",439,0.869135310320217,0.903989266239667,0.918389916697426,0.931456586689346,0.963498741770667,2023-05-28
"R_eff_t",440,0.885939804532359,0.916066352322491,0.932067634163297,0.946186117836035,0.973579420768984,2023-06-04
"R_eff_t",441,0.898970929407284,0.931504271359921,0.948511090007961,0.963422744554228,0.987771922538289,2023-06-11
"R_eff_t",442,0.916664197102953,0.948368656932311,0.96588251736514,0.981055560301835,1.00928050748265,2023-06-18
"R_eff_t",443,0.933630936817871,0.964581539859075,0.983341051984133,1.00122436554743,1.03439949778523,2023-06-25
"R_eff_t",444,0.947122706166756,0.981514930390893,1.00050796287868,1.01930765113218,1.05284066172969,2023-07-02
"R_eff_t",445,0.957238280727468,0.993581671000112,1.01404042720908,1.0333084624411,1.06970799229707,2023-07-09
"R_eff_t",446,0.962967730375145,1.00255699225991,1.02248284096574,1.04345033715571,1.08676764028115,2023-07-16
"R_eff_t",447,0.966305661528481,1.00738262646723,1.02777519854772,1.04800301814713,1.0943323914503,2023-07-23
"R_eff_t",448,0.96005802417974,1.00297602059554,1.02593778041763,1.04765052857615,1.09349010909577,2023-07-30
"R_eff_t",449,0.948446496632461,0.99315155397926,1.01771877784902,1.03781560694957,1.0863828658667,2023-08-06
"R_eff_t",450,0.935372798817074,0.980311121506789,1.00203700405836,1.02341762081941,1.07083053269972,2023-08-13
"R_eff_t",451,0.917369603553286,0.960727595560341,0.981228812054883,1.00423001917754,1.04833006433001,2023-08-20
"R_eff_t",452,0.894609762018961,0.938605303269382,0.95839637619855,0.979739948103505,1.02306359187491,2023-08-27
"R_eff_t",453,0.870606289131281,0.91304485217136,0.932787631000552,0.95288086970503,0.996261438674342,2023-09-03
"R_eff_t",454,0.848739209377064,0.88867762862681,0.905435423209569,0.924945795303719,0.965052331834845,2023-09-10
"R_eff_t",455,0.825305091949992,0.864750140419733,0.881191187924508,0.898651986502916,0.935768859640961,2023-09-17
"R_eff_t",456,0.806339346553765,0.842420137112868,0.858126993174737,0.874690117758661,0.909963076120437,2023-09-24
"R_eff_t",457,0.78958035609911,0.822528140965627,0.840010850200642,0.854822408297094,0.887745299634176,2023-10-01
"R_eff_t",458,0.773581457975801,0.809233512337678,0.825115849910822,0.840116013019003,0.868222670386839,2023-10-08
"R_eff_t",459,0.769897104685529,0.801718583810632,0.815353849174521,0.831112368824777,0.859131123659761,2023-10-15
"R_eff_t",460,0.771454373188801,0.799041605234671,0.812704821786248,0.828188926130536,0.854891766726788,2023-10-22
"R_eff_t",461,0.776568688406198,0.803702786477295,0.817738854378491,0.832262203867027,0.859442300137482,2023-10-29
"R_eff_t",462,0.790231004761382,0.815856115773055,0.829142398777979,0.842581106234903,0.870932895177785,2023-11-05
"R_eff_t",463,0.80699253836167,0.833640692699016,0.846620542162085,0.859734929611698,0.888724921175109,2023-11-12
"R_eff_t",464,0.830083160146471,0.858807379070202,0.871407986999138,0.885673037438747,0.913491239681051,2023-11-19
"R_eff_t",465,0.860105661651736,0.888734063582738,0.901997488961828,0.917457067027513,0.94524095668352,2023-11-26
"R_eff_t",466,0.893770483876517,0.924601243953274,0.939171954762273,0.954224317977976,0.980397173733407,2023-12-03
"R_eff_t",467,0.937438259280982,0.965049309834063,0.97973283528456,0.996582426350147,1.02814894989613,2023-12-10
"R_eff_t",468,0.977070184440183,1.00769237991578,1.02369543341191,1.04187286445621,1.07518692445703,2023-12-17
"R_eff_t",469,1.01853054903865,1.05186145317981,1.06928260280742,1.08847750492236,1.12344190457518,2023-12-24
"R_eff_t",470,1.05873811387971,1.09520678967267,1.11263501153374,1.13415069764444,1.17394685124423,2023-12-31
"R_eff_t",471,1.19898938428637,1.24104236832693,1.26699793004471,1.29540703883731,1.35576923432387,2024-01-07
"R_eff_t",472,1.24864151958656,1.29624987876627,1.32590811272671,1.3534069114467,1.4223634106904,2024-01-14
"R_eff_t",473,1.28502400277021,1.3393454046549,1.37250787141302,1.40114605995707,1.46395434067568,2024-01-21
"R_eff_t",474,1.31032289316117,1.37325789875043,1.40669100177824,1.43691924177688,1.50625700656585,2024-01-28
"R_eff_t",475,1.32902669417839,1.39124862951994,1.42408799738083,1.45753901917161,1.53209242407719,2024-02-04
"R_eff_t",476,1.32720797908177,1.39391471892485,1.42847414666667,1.46317510685474,1.53694248333629,2024-02-11
"R_eff_t",477,1.31524598339452,1.38205106025696,1.41661115306488,1.45309068951861,1.51615816146222,2024-02-18
"R_eff_t",478,1.29267589889974,1.35910674479878,1.39118419385657,1.42685836624443,1.49324669023441,2024-02-25
"R_eff_t",479,1.26109300357467,1.32207930967628,1.3539251504947,1.39148110398403,1.45043307244283,2024-03-03
"R_eff_t",480,1.21824439023393,1.27957356248807,1.31153047551473,1.34382362405801,1.40864093931885,2024-03-10
"R_eff_t",481,1.17324057879164,1.23097818058065,1.26265771878567,1.29223912909675,1.35339774906034,2024-03-17
"R_eff_t",482,1.12852837447486,1.18150582634761,1.20979322447727,1.24004859157865,1.30070033990143,2024-03-24
"R_eff_t",483,1.08115858473768,1.13315180042776,1.15850937304884,1.18693055424436,1.24318887646965,2024-03-31
"R_eff_t",484,1.03887648247159,1.08603647811717,1.11004836276679,1.13654028646455,1.18424115414884,2024-04-07
"R_eff_t",485,1.00056720576501,1.04431763698076,1.0650239394936,1.09096581838502,1.13275629151201,2024-04-14
"R_eff_t",486,0.97175057265821,1.00641758860978,1.02577354024927,1.04916804037445,1.09297130258915,2024-04-21
"R_eff_t",487,0.944543268559434,0.97187067350766,0.994804978874108,1.01527912833291,1.0571960088529,2024-04-28
"R_eff_t",488,0.925167600155521,0.947726710791378,0.969309248403592,0.987290841959434,1.02281868070484,2024-05-05
"R_eff_t",489,0.903829228572688,0.931672743120335,0.949358955274523,0.965164602794134,1.0018621677001,2024-05-12
"R_eff_t",490,0.890162915188446,0.919281690327769,0.935356035226385,0.949683453742266,0.982016471327136,2024-05-19
"R_eff_t",491,0.876914673915478,0.91093258438641,0.926871452825759,0.939713481247584,0.970924655180059,2024-05-26
"R_eff_t",492,0.873670759881019,0.907520663612431,0.923440922195349,0.933643218458265,0.968973082834115,2024-06-02
"R_eff_t",493,0.872287569180993,0.905168137629666,0.920613523407372,0.932310064004122,0.968666915911186,2024-06-09
"R_eff_t",494,0.870275348678181,0.907342891377904,0.919058533092777,0.934895140070989,0.969488434844591,2024-06-16
"R_eff_t",495,0.87039190159045,0.905595843433773,0.92077787395829,0.938553821461093,0.971151102039379,2024-06-23
"R_eff_t",496,0.869734450414644,0.903770742675611,0.921237718552426,0.94056018448673,0.975809359815849,2024-06-30
"R_eff_t",497,0.867413720385744,0.902591129272075,0.919764182358683,0.940467968206912,0.976862949261608,2024-07-07
"R_eff_t",498,0.85999468531461,0.895920188155082,0.917163251351094,0.936512300553088,0.973718600795955,2024-07-14
"R_eff_t",499,0.850886959412318,0.889587066989211,0.909707841890024,0.930183472534978,0.966782959513438,2024-07-21
"R_eff_t",500,0.835813126683658,0.878683870144672,0.899019090508715,0.918726509851469,0.959883432661744,2024-07-28
"R_eff_t",501,0.815546698098552,0.862762817646677,0.884676164189582,0.905649919691639,0.946350812780809,2024-08-04
"R_eff_t",502,0.79599177298503,0.845768782751411,0.865902757329092,0.887008041000271,0.931245041988761,2024-08-11
"R_eff_t",503,0.783532472604381,0.825151935251544,0.845141517927706,0.865729181964728,0.913425056466473,2024-08-18
"R_eff_t",504,0.762053792344304,0.802822412052031,0.822659157894061,0.84370728635747,0.889375701538179,2024-08-25
"R_eff_t",505,0.744720832418651,0.781393930581041,0.798959299920018,0.821473380149829,0.863102836652938,2024-09-01
"R_eff_t",506,0.725291482171082,0.761872236215377,0.777861570006631,0.80060030666293,0.839532788633947,2024-09-08
"R_eff_t",507,0.709127643691565,0.743111423102838,0.759617647681308,0.780475211029904,0.817264092922312,2024-09-15
"R_eff_t",508,0.696834502985629,0.727353349427219,0.744664698409911,0.763529891875114,0.797132389881512,2024-09-22
"R_eff_t",509,0.687338353678323,0.71813606335522,0.73408588251596,0.751280170382591,0.787046188180562,2024-09-29
"R_eff_t",510,0.684742220578841,0.713744934870754,0.72807904899865,0.743450432498046,0.778116645839479,2024-10-06
"R_eff_t",511,0.685368900459487,0.713396087845693,0.727594719569173,0.742435611934851,0.777260541407569,2024-10-13
"R_eff_t",512,0.692292289326582,0.720335492206564,0.735033647136602,0.749364689880948,0.782329843952505,2024-10-20
"R_eff_t",513,0.705409849407505,0.735161004415811,0.748827276852012,0.762513289021547,0.793719953883349,2024-10-27
"R_eff_t",514,0.728021023052961,0.755739773507236,0.770319566268868,0.784536431156228,0.815160348632346,2024-11-03
"R_eff_t",515,0.755498897240461,0.785606916708481,0.799777963004993,0.813349897106215,0.843282983435153,2024-11-10
"R_eff_t",516,0.791894488770629,0.824085797953521,0.837114204809945,0.852493612165858,0.885824904108588,2024-11-17
"R_eff_t",517,0.837959668959114,0.868343132571581,0.88224845282542,0.89727599846721,0.933598835781581,2024-11-24
"R_eff_t",518,0.885770834313203,0.919816177642846,0.935127262804024,0.951489975130643,0.988298170750373,2024-12-01
"R_eff_t",519,0.940103145610399,0.978219949176978,0.99422877780068,1.01211939525028,1.052418413742,2024-12-08
"R_eff_t",520,1.00225305354352,1.03831778863415,1.05776402708688,1.0778089282885,1.11845887240301,2024-12-15
"R_eff_t",521,1.06937630794647,1.1020691088652,1.12490807599658,1.14788077146957,1.19119165029693,2024-12-22
"R_eff_t",522,1.13007268590694,1.16701290761537,1.19150045105886,1.21734070328713,1.26323069020667,2024-12-29
"R_eff_t",523,1.12271528430887,1.16616037803843,1.187537252966,1.2096333901272,1.25098456281422,2025-01-05
"R_eff_t",524,1.1549548311164,1.20409504933213,1.22915423487793,1.25187885081769,1.29876828391622,2025-01-12
"R_eff_t",525,1.18453463404516,1.23376990351209,1.26081218882928,1.28619823353362,1.33916943187415,2025-01-19
"R_eff_t",526,1.19823089571308,1.25538667922278,1.28163787065937,1.3102257727477,1.36158991141399,2025-01-26
"R_eff_t",527,1.20368955843786,1.26342528409529,1.29228301800506,1.32192733121486,1.37797432242195,2025-02-02
"R_eff_t",528,1.2015021351254,1.25946705080766,1.28973703697955,1.32125190728432,1.3797362333624,2025-02-09
"R_eff_t",529,1.18578466827129,1.24457812384439,1.27680918238006,1.30684337131937,1.36902278091376,2025-02-16
"R_eff_t",530,1.16476380665027,1.22235418484233,1.25423220028058,1.28131795399532,1.34316333324595,2025-02-23
"R_eff_t",531,1.13848441368137,1.19066870867519,1.22263912161703,1.25004866151084,1.31614969220324,2025-03-02
"R_eff_t",532,1.1033223483687,1.15340858297721,1.1854317699552,1.21245892841097,1.27961668226461,2025-03-09
"R_eff_t",533,1.07068462816998,1.11456913313989,1.14624216968288,1.17006595531721,1.23385235746102,2025-03-16
"R_eff_t",534,1.0294024895754,1.07561318898037,1.10455132047737,1.1296236956749,1.18529427177398,2025-03-23
"R_eff_t",535,0.994944475304544,1.04002383114643,1.06461880424197,1.08887914972465,1.13972257330073,2025-03-30
"R_eff_t",536,0.964502109510147,1.00462112210005,1.02698846806338,1.05022160284515,1.09695890329054,2025-04-06
"R_eff_t",537,0.940198980630524,0.97369503753905,0.995779726426973,1.01651208450041,1.06100093114829,2025-04-13
"R_eff_t",538,0.915960269356912,0.949684524788851,0.969776078544424,0.988804667588384,1.03035447598832,2025-04-20
"R_eff_t",539,0.897785731810642,0.931936207185763,0.949825750365655,0.967236823335528,1.00497298786061,2025-04-27
"R_eff_t",540,0.885268144128923,0.919617621699074,0.935754020565782,0.952450860808684,0.991254491960324,2025-05-04
"R_eff_t",541,0.881894437137307,0.912807333020672,0.928869272247705,0.944165898745047,0.979311150830184,2025-05-11
"R_eff_t",542,0.885297782529416,0.912514849977494,0.927797371522354,0.942344214449346,0.976443172257133,2025-05-18
"R_eff_t",543,0.89238757973009,0.916684811109759,0.932618222665256,0.946468192982087,0.977136975023861,2025-05-25
"R_eff_t",544,0.899502420821875,0.926501565935724,0.94070418259707,0.955650937681489,0.987654396079103,2025-06-01
"R_eff_t",545,0.90978048853075,0.937858177872849,0.952319679128503,0.968220764843686,1.00467979474196,2025-06-08
"R_eff_t",546,0.920761397668458,0.950963361932312,0.967151970690972,0.982333629146397,1.02331791157283,2025-06-15
"R_eff_t",547,0.933517354567432,0.963951079471964,0.982118146771567,0.999848344023225,1.03847017823595,2025-06-22
"R_eff_t",548,0.948907806319392,0.977452735065091,0.996808978575659,1.01718337252161,1.05562034213137,2025-06-29
"R_eff_t",549,0.956120584441989,0.989633316380448,1.00972594083976,1.03091424397801,1.07168566515943,2025-07-06
"R_eff_t",550,0.957965856768813,0.99718025406006,1.01781001750128,1.03886852569167,1.08182459655067,2025-07-13
"R_eff_t",551,0.959406775568511,1.00036168408846,1.02345530852119,1.04428423271079,1.08789069714598,2025-07-20
"R_eff_t",552,0.955245874561157,0.995285307126316,1.02059105507558,1.04392688736189,1.09241661610874,2025-07-27
"R_eff_t",553,0.948202090478091,0.986740087240867,1.01357135005942,1.03513961454806,1.08747672833493,2025-08-03
"R_eff_t",554,0.933303981409732,0.973355460684365,0.999264258633587,1.0223642765184,1.0732236833953,2025-08-10
"R_eff_t",555,0.913607284867339,0.955393141449758,0.977680349797038,1.0043019089794,1.05587860666849,2025-08-17
"R_eff_t",556,0.890553270573548,0.933669103513355,0.955030007353806,0.981671057162958,1.03229351676934,2025-08-24
"R_eff_t",557,0.867045633887306,0.909253132391635,0.930367025817316,0.953850685048054,1.00521145306209,2025-08-31
"R_eff_t",558,0.842320662299646,0.883555682076585,0.904807433690904,0.927663139443774,0.974171175556237,2025-09-07
"R_eff_t",559,0.820146427526226,0.858806005630752,0.880571764388846,0.901829871947106,0.944047498094642,2025-09-14
"R_eff_t",560,0.795915475139632,0.837020693903918,0.858391022268991,0.878363020648567,0.920533754582669,2025-09-21
"R_eff_t",561,0.781412721313615,0.818560664404997,0.838872518534275,0.858871497358259,0.895854072000416,2025-09-28
"R_eff_t",562,0.767146942357802,0.805262002319777,0.825481660991154,0.842799838669929,0.880109611760762,2025-10-05
"R_eff_t",563,0.763133717154336,0.797057203578818,0.815252349555383,0.830908261312503,0.870771194269671,2025-10-12
"R_eff_t",564,0.764144086809896,0.79434668519709,0.811442559346381,0.828540631062714,0.86611754845414,2025-10-19
"R_eff_t",565,0.769890836398062,0.799286066664767,0.815515448592624,0.832296529673854,0.868139136045538,2025-10-26
"R_eff_t",566,0.779983804667564,0.811591578970493,0.827084864212172,0.841416340998836,0.872569566050527,2025-11-02
"R_eff_t",567,0.798887789667159,0.829921389458079,0.845161262903803,0.858748282940819,0.892829936980586,2025-11-09
"R_eff_t",568,0.826173886431741,0.855790652809643,0.870737400927102,0.883714439343441,0.916737129104588,2025-11-16
"R_eff_t",569,0.858944540617936,0.887808702870704,0.902668364392032,0.916324271910543,0.949216214016039,2025-11-23
"R_eff_t",570,0.899888808470658,0.925624729722723,0.940711316976,0.956223300092778,0.992830986226299,2025-11-30
"R_eff_t",571,0.939205557109436,0.968117378887443,0.984671192319507,1.00084023069107,1.03824087489717,2025-12-07
"R_eff_t",572,0.986222987316672,1.01502880806517,1.03208826196627,1.05058974748357,1.08694970866787,2025-12-14
"R_eff_t",573,1.03050398395876,1.06247856507152,1.08264233266221,1.10014160112003,1.14257890999495,2025-12-21
"expected_reported_cases",1,0.149999992834258,0.149999992834258,0.149999992834258,0.149999992834258,0.149999992834258,2015-01-04
"expected_reported_cases",2,0.180050504542607,0.180874609634332,0.18139119519658,0.181875319412884,0.182951795278662,2015-01-11
"expected_reported_cases",3,0.277922260852325,0.281359919897251,0.283504500667308,0.285875170473039,0.290373682641114,2015-01-18
"expected_reported_cases",4,0.379133069254949,0.386952533953121,0.391135026638771,0.395837533131069,0.406108261484852,2015-01-25
"expected_reported_cases",5,0.496761548117722,0.5116441349457,0.518842196050672,0.527097868646712,0.546865453649775,2015-02-01
"expected_reported_cases",6,0.632361651612037,0.656953198272763,0.669664862556675,0.682547216342742,0.717858003144411,2015-02-08
"expected_reported_cases",7,0.783982502332383,0.822143036075428,0.84016493303083,0.86162330053232,0.914577789061712,2015-02-15
"expected_reported_cases",8,0.955327396133433,1.00484036850469,1.03237050662143,1.06106211942965,1.13914731316072,2015-02-22
"expected_reported_cases",9,1.13458744053021,1.20469090025744,1.2394732510636,1.28289524564966,1.38744065861963,2015-03-01
"expected_reported_cases",10,1.3128712472263,1.41517673301128,1.45663562886926,1.51599931759243,1.65081276845294,2015-03-08
"expected_reported_cases",11,1.48531180919933,1.62279935084806,1.68310105321883,1.76058859920035,1.92134927202604,2015-03-15
"expected_reported_cases",12,1.65875468088319,1.83033659153852,1.91048632801906,2.00152571276755,2.20159910899372,2015-03-22
"expected_reported_cases",13,1.8433525824699,2.0333883191101,2.13012449023261,2.24331899965895,2.48251049748357,2015-03-29
"expected_reported_cases",14,2.0248380004599,2.23739641027107,2.35317349240548,2.471713267151,2.76359885275634,2015-04-05
"expected_reported_cases",15,2.19575739481139,2.42900364579742,2.56826571036701,2.70223113705,3.04534522269831,2015-04-12
"expected_reported_cases",16,2.37232993077032,2.62109856943271,2.78220546217252,2.93763290357728,3.34426842898107,2015-04-19
"expected_reported_cases",17,2.55568285931294,2.8166316631098,2.99613001839282,3.18136260827586,3.61710611074222,2015-04-26
"expected_reported_cases",18,2.72718623693946,3.02576512686078,3.22232061449232,3.43174003993344,3.91575544468814,2015-05-03
"expected_reported_cases",19,2.92529439095033,3.27439446854712,3.48016901325129,3.70425401351758,4.21094671088825,2015-05-10
"expected_reported_cases",20,3.1707349029698,3.55059462030387,3.76771519503601,4.0136471388865,4.58012654597495,2015-05-17
"expected_reported_cases",21,3.4757509330748,3.88586842785498,4.10569234868049,4.39055346948667,5.00531235725218,2015-05-24
"expected_reported_cases",22,3.85766987616106,4.27398835128528,4.52377277047747,4.84043626604246,5.51082746288718,2015-05-31
"expected_reported_cases",23,4.33586071100447,4.7662927677864,5.04649997641961,5.39834858423753,6.11892437264957,2015-06-07
"expected_reported_cases",24,4.89407162110621,5.36643101131103,5.67082986565631,6.07945986378758,6.85636769238063,2015-06-14
"expected_reported_cases",25,5.56085231668225,6.10505815161334,6.441148103424,6.92919912271243,7.75194866278115,2015-06-21
"expected_reported_cases",26,6.38461366223764,7.01119056608378,7.38568911010905,7.94275162776,8.86676333797651,2015-06-28
"expected_reported_cases",27,7.43926927811471,8.08522567277317,8.5521611545556,9.17664324870658,10.1848703797017,2015-07-05
"expected_reported_cases",28,8.61021573980493,9.41174123926927,9.93862536853603,10.6303590485021,11.7638317349655,2015-07-12
"expected_reported_cases",29,9.94821518084548,11.0006496308515,11.6161796992677,12.3782067906895,13.6907321633968,2015-07-19
"expected_reported_cases",30,11.5499298436377,12.7816115709215,13.4764583396333,14.4673964670196,16.0501085145451,2015-07-26
"expected_reported_cases",31,13.3261747088002,14.8431955010024,15.657536585245,16.8058389418577,18.9203657032509,2015-08-02
"expected_reported_cases",32,15.3981946262338,17.0431499390514,18.0328825015574,19.3980937692625,21.8731436182617,2015-08-09
"expected_reported_cases",33,17.6939387542475,19.4654228830919,20.641580715425,22.1219521150439,25.0035600955918,2015-08-16
"expected_reported_cases",34,19.852132668891,21.9084346899918,23.4093852430148,25.0490585274562,28.579233772519,2015-08-23
"expected_reported_cases",35,21.9666298208132,24.3998966521312,26.1259645809448,28.0062667078888,32.505876905185,2015-08-30
"expected_reported_cases",36,23.8648068281218,26.8142695732518,28.6125061643473,30.9607356191356,36.3331103167902,2015-09-06
"expected_reported_cases",37,25.4263287400126,29.1476372009479,31.1561380052033,33.8882120715174,40.056011776328,2015-09-13
"expected_reported_cases",38,26.955711347717,31.1269197696666,33.414194845442,36.5476417745094,43.4147926731891,2015-09-20
"expected_reported_cases",39,28.4543663493487,33.0595597441046,35.4688417905473,38.9351319356741,46.6262704444566,2015-09-27
"expected_reported_cases",40,29.5582525735022,34.761735687273,37.3976364911909,40.9206680181933,49.8485772801794,2015-10-04
"expected_reported_cases",41,30.5642593913459,36.2445583047604,39.231957942984,43.0471581152815,52.8559751456193,2015-10-11
"expected_reported_cases",42,31.8966277578815,37.6929995701986,40.8363739227308,45.0778586749742,55.4619790393517,2015-10-18
"expected_reported_cases",43,33.4564619299405,39.3359098406427,42.806243125228,47.0222294602408,58.0658106014904,2015-10-25
"expected_reported_cases",44,35.0026809739147,41.1895609040725,44.8408570947354,49.369018549279,60.8819788613205,2015-11-01
"expected_reported_cases",45,36.4697520016953,43.1904854545835,46.865531161035,52.3375540030734,64.1502443487565,2015-11-08
"expected_reported_cases",46,38.7865950679429,45.7527990313877,49.9773607273448,55.7400426801524,68.1410528157139,2015-11-15
"expected_reported_cases",47,41.4066291314051,49.1646749592179,54.0426860256966,59.8931816395055,73.2078819909162,2015-11-22
"expected_reported_cases",48,45.0681377819062,53.5965195494032,59.1405277087474,65.6969366612502,79.866514954257,2015-11-29
"expected_reported_cases",49,49.8271796821611,59.2694162003555,65.7163706805551,72.6758312733021,88.3745219696833,2015-12-06
"expected_reported_cases",50,55.5917727976653,66.2288952798375,73.665618406105,81.8314618384617,99.2436587154946,2015-12-13
"expected_reported_cases",51,62.7791568082858,75.7405024827911,83.9660456590693,93.2798308783262,113.559496658965,2015-12-20
"expected_reported_cases",52,72.3136904489772,87.5478339174832,97.5436090848902,108.481385872946,131.062728433964,2015-12-27
"expected_reported_cases",53,77.4847223327703,91.693002735547,99.1154836603696,108.656315849348,127.037456543356,2016-01-03
"expected_reported_cases",54,92.9221760085338,109.744263909675,118.198643870885,129.024647003699,150.911922910172,2016-01-10
"expected_reported_cases",55,109.848980937386,126.739534034189,136.275018467962,147.561497869667,172.352572703344,2016-01-17
"expected_reported_cases",56,131.414526723286,149.745857159033,160.092926240509,172.23246853755,198.525979231144,2016-01-24
"expected_reported_cases",57,156.587471256968,178.476656375758,189.686396482859,201.972488919034,230.152246553168,2016-01-31
"expected_reported_cases",58,185.446371455813,212.675793483532,224.587614558521,239.735341831085,269.434168463104,2016-02-07
"expected_reported_cases",59,221.841209161608,251.290789624706,265.84312054378,283.784748748515,313.869755700966,2016-02-14
"expected_reported_cases",60,255.889686193192,293.165487917074,310.223080485181,331.818117161389,370.370598987204,2016-02-21
"expected_reported_cases",61,295.488151899868,338.384987438893,360.054416156746,384.734606278798,431.971725921575,2016-02-28
"expected_reported_cases",62,330.643964472801,382.488088914798,408.773019125473,436.841687741766,497.775362744875,2016-03-06
"expected_reported_cases",63,369.995652160662,424.785727946656,454.6061532575,489.842469970618,558.704132398398,2016-03-13
"expected_reported_cases",64,403.248264361892,464.288784054528,498.333262596546,535.523338737547,616.603890238701,2016-03-20
"expected_reported_cases",65,422.167233739016,496.981019444803,532.338225892972,573.695749913571,671.424019894967,2016-03-27
"expected_reported_cases",66,432.351019115758,519.80287978825,556.826274406617,600.890880982593,717.346671871363,2016-04-03
"expected_reported_cases",67,433.358527511507,533.202297974292,569.445270691118,618.119182389648,749.722431957435,2016-04-10
"expected_reported_cases",68,432.905675073909,534.300651840984,578.320515003302,622.687911238173,767.088249009439,2016-04-17
"expected_reported_cases",69,424.332185705937,525.120622234338,574.509504748093,622.397026631595,772.831429117156,2016-04-24
"expected_reported_cases",70,414.013155868765,510.928311790053,561.236003183402,609.603892575331,759.826326699841,2016-05-01
"expected_reported_cases",71,401.581949929289,492.351629855193,540.663263880606,588.882928925549,739.323487560108,2016-05-08
"expected_reported_cases",72,385.175806370099,470.367087180183,516.609260295275,562.725203196743,718.673627284236,2016-05-15
"expected_reported_cases",73,366.923703406678,445.10428764767,490.130374893185,534.836912206771,698.098094905972,2016-05-22
"expected_reported_cases",74,343.832148766707,419.01139117569,463.337399193438,505.857473267172,648.178357285504,2016-05-29
"expected_reported_cases",75,322.749509214916,392.21992933533,431.213713249893,472.672436134218,596.765900630656,2016-06-05
"expected_reported_cases",76,302.552240854695,365.971290719851,403.075560774114,439.591752398795,543.762371551087,2016-06-12
"expected_reported_cases",77,289.837719844746,340.497004890211,375.148142906918,408.687291668997,498.789250030942,2016-06-19
"expected_reported_cases",78,271.59643269278,315.813083043936,347.173135033724,377.145431727306,457.168071994441,2016-06-26
"expected_reported_cases",79,251.227678464043,292.597605828365,320.293644273255,347.132005266331,412.362974866631,2016-07-03
"expected_reported_cases",80,231.760883763931,268.676310133281,293.499537484843,318.00464322218,378.503131996561,2016-07-10
"expected_reported_cases",81,212.028011286917,245.809510255101,266.755062140375,289.998385340953,339.491959664117,2016-07-17
"expected_reported_cases",82,192.118169405231,222.982740617206,241.939246011313,260.145380692778,304.666129785371,2016-07-24
"expected_reported_cases",83,172.632747054382,200.611172586606,216.48485659184,232.082451644137,272.264889489346,2016-07-31
"expected_reported_cases",84,154.6885553714,177.508012455556,190.78492950923,205.55171261228,237.556276392694,2016-08-07
"expected_reported_cases",85,137.824034255155,156.186219908964,166.805406972493,179.73259167201,207.269834831313,2016-08-14
"expected_reported_cases",86,120.281395710077,135.859262145814,144.23337707197,156.2468293406,179.591311045274,2016-08-21
"expected_reported_cases",87,102.823141074655,116.182478715496,124.296316942335,134.165575226072,156.840846125608,2016-08-28
"expected_reported_cases",88,87.8686430927664,98.3611991038218,106.201484556927,113.973948883083,133.643407904812,2016-09-04
"expected_reported_cases",89,72.8385008737498,82.8598459714521,89.8176403170564,96.0409402954873,112.567653784585,2016-09-11
"expected_reported_cases",90,60.1803032231502,69.7255484679381,75.2777163219772,80.6039238881111,94.3459501006597,2016-09-18
"expected_reported_cases",91,50.4271736461342,58.4226344542718,62.8613516575535,67.8038228346336,78.8329408819235,2016-09-25
"expected_reported_cases",92,42.1313930418094,48.9449458575694,52.7427515958288,56.9011383162523,66.575538916541,2016-10-02
"expected_reported_cases",93,35.6178611998824,41.0529596984283,44.3650263032448,48.1906328638147,56.5354552540559,2016-10-09
"expected_reported_cases",94,29.9674298813988,34.874830760156,37.8729221524198,41.0566901968026,48.6071893371962,2016-10-16
"expected_reported_cases",95,25.4461235557221,29.9276340377581,32.6524216884081,35.3818947304327,41.9719197725221,2016-10-23
"expected_reported_cases",96,22.1808932853344,26.2440778004638,28.5858207865718,30.9778486316125,36.6003044898424,2016-10-30
"expected_reported_cases",97,19.7386870068604,23.4646299450404,25.5555168169919,27.820815102228,32.7574968962368,2016-11-06
"expected_reported_cases",98,17.8543126549277,21.4830292214104,23.3962483925436,25.4613759607629,30.2287866360262,2016-11-13
"expected_reported_cases",99,16.6238026489302,20.2129154994144,21.9294308453335,23.972455486953,28.5688668884684,2016-11-20
"expected_reported_cases",100,16.1736133820602,19.4436524067516,21.3022367838299,23.1055387338008,27.6345363132514,2016-11-27
"expected_reported_cases",101,16.1490144156945,19.3510204473305,21.1758793494208,23.057530893341,27.5722723023282,2016-12-04
"expected_reported_cases",102,16.6298176391629,19.8303649556798,21.6749452105612,23.5972844385624,28.1901759499126,2016-12-11
"expected_reported_cases",103,17.518646204029,20.8329007269121,22.7835021982741,24.743313746476,30.0918226813263,2016-12-18
"expected_reported_cases",104,18.9227563389303,22.4857931233221,24.6632785878383,26.9931532463122,32.5531800766941,2016-12-25
"expected_reported_cases",105,19.105818463162,22.2725430233086,24.0824585867093,26.0231927015976,30.6315556474077,2017-01-01
"expected_reported_cases",106,20.6252398389129,24.0101544542898,26.1103230564404,28.1491048239363,33.0650261411093,2017-01-08
"expected_reported_cases",107,22.061082867977,25.5063993984686,27.6337141332517,29.5526584250754,34.4572083190001,2017-01-15
"expected_reported_cases",108,23.5843228822604,27.24685370399,29.4218571519518,31.5645373263867,36.464535673601,2017-01-22
"expected_reported_cases",109,25.5734713338013,29.3216797570744,31.4964159820564,33.7401806173182,38.422171757321,2017-01-29
"expected_reported_cases",110,27.3825828290324,31.2159604158328,33.5492962354337,36.1338245431879,40.8325421840575,2017-02-05
"expected_reported_cases",111,28.9848265819018,33.3125415855995,35.5347539970197,38.2129389942522,42.8705931882299,2017-02-12
"expected_reported_cases",112,30.5432057469744,35.0270813119149,37.4096587975756,40.0876721666202,44.7918958844554,2017-02-19
"expected_reported_cases",113,31.6173586264057,36.2878367798844,38.7688007052404,41.666166163675,46.5292033772364,2017-02-26
"expected_reported_cases",114,32.100362854346,36.9665997389559,39.5122462595256,42.5048216572114,48.280000587875,2017-03-05
"expected_reported_cases",115,32.1053664994445,37.2503508992006,39.8381539586402,42.7332365206851,49.1205151272719,2017-03-12
"expected_reported_cases",116,31.6518738562569,36.8074668541172,39.6827215867758,42.7169095912655,49.4016984778316,2017-03-19
"expected_reported_cases",117,31.2080140684729,36.2310181132878,38.8462277775311,41.853352228026,48.6804857198365,2017-03-26
"expected_reported_cases",118,30.3047242107541,34.971716284765,37.6604298321895,40.7752306942103,47.2134702339356,2017-04-02
"expected_reported_cases",119,29.1817463195665,33.2880970996566,35.9710973101356,39.2129338112707,45.3665433448124,2017-04-09
"expected_reported_cases",120,27.4325346600486,31.506721092056,34.1428479429065,37.2820287517651,43.5019755050508,2017-04-16
"expected_reported_cases",121,26.037459020557,29.7488433182941,32.306566347982,35.3575333453658,41.4108803757996,2017-04-23
"expected_reported_cases",122,24.5081510228938,27.929245924084,30.5134357124605,33.3330432800551,39.1135006671082,2017-04-30
"expected_reported_cases",123,23.3715817042627,26.3030366253974,28.80639707676,31.4793002576441,37.1148613318196,2017-05-07
"expected_reported_cases",124,21.9395811033648,24.8694514495502,27.1451903257814,29.8063372196477,35.2928968462906,2017-05-14
"expected_reported_cases",125,20.7553807520624,23.6891194350838,25.7517342830097,28.294953205156,33.4401041430138,2017-05-21
"expected_reported_cases",126,19.8522337495412,22.7100199876951,24.6498870134081,27.0334980656601,32.056250225111,2017-05-28
"expected_reported_cases",127,19.0972038803451,21.8408375821554,23.7824265841076,26.0916867297406,30.6289406889375,2017-06-04
"expected_reported_cases",128,18.4922258970049,21.2652930791913,23.1055466768925,25.3519678564806,29.60322105489,2017-06-11
"expected_reported_cases",129,18.0286803244638,20.8746269717565,22.6435898813505,24.7501024465344,28.8017396351978,2017-06-18
"expected_reported_cases",130,17.8514324589097,20.7554956616724,22.4428662495052,24.3906768238313,28.2620579845389,2017-06-25
"expected_reported_cases",131,17.7944457198073,20.7536346568458,22.3416632376898,24.216745282571,27.9402625314072,2017-07-02
"expected_reported_cases",132,17.9797109975828,20.7754430020593,22.4261035409121,24.1037324316616,27.787544085396,2017-07-09
"expected_reported_cases",133,18.2254443428367,20.817283799283,22.4027709329224,23.9420365822641,27.7546829651238,2017-07-16
"expected_reported_cases",134,18.3572000638079,20.8843750476472,22.414931929379,23.9634830296496,27.5005080771827,2017-07-23
"expected_reported_cases",135,18.2091502942476,20.8860085941376,22.4270344182951,23.9619918012709,27.2741285557939,2017-07-30
"expected_reported_cases",136,18.0888786212211,20.7231072308572,22.1688604559834,23.7793036945401,26.6764270578746,2017-08-06
"expected_reported_cases",137,17.966993475395,20.4704119240046,21.7726266843235,23.3449089346139,26.4474268120944,2017-08-13
"expected_reported_cases",138,17.5178730521015,19.9308400646606,21.2444773002979,22.793517012499,25.6522761276607,2017-08-20
"expected_reported_cases",139,16.8349961411559,19.2025633693738,20.4550559427831,21.9673204414976,24.4856359996384,2017-08-27
"expected_reported_cases",140,16.061401553056,18.1698753756997,19.4687092327925,20.8697423547341,23.4957925536745,2017-09-03
"expected_reported_cases",141,15.0115893828237,17.02029321372,18.4009428539955,19.7014118930971,22.5010245772951,2017-09-10
"expected_reported_cases",142,14.0159303889845,15.8592612889492,17.1267357108631,18.3667284611893,20.8655845148404,2017-09-17
"expected_reported_cases",143,12.8299667260165,14.575360298791,15.76124729483,17.0020222984688,19.6475879021883,2017-09-24
"expected_reported_cases",144,11.5205057406707,13.3489452761883,14.4698914832623,15.6387127802059,18.1656951366642,2017-10-01
"expected_reported_cases",145,10.4643823302987,12.19742832783,13.2504968932492,14.3330740723773,16.6014003526834,2017-10-08
"expected_reported_cases",146,9.45526244168242,11.1170971071637,12.0862540273588,13.0741483549562,15.1556775715281,2017-10-15
"expected_reported_cases",147,8.46027954969525,10.1611742458217,11.0564819958744,11.9929477051308,13.9259614298675,2017-10-22
"expected_reported_cases",148,7.69439451130153,9.31795156394649,10.1543212951391,11.0548780120321,12.8729327842207,2017-10-29
"expected_reported_cases",149,7.03352245708899,8.59997515407847,9.42982977174907,10.2866061995866,11.934855675032,2017-11-05
"expected_reported_cases",150,6.59900295641917,8.03179914183296,8.8388346008226,9.62136898642724,11.2071406339558,2017-11-12
"expected_reported_cases",151,6.26814139823825,7.58701076979781,8.39694939716756,9.14524884647654,10.7424786618729,2017-11-19
"expected_reported_cases",152,6.06123012914082,7.30344661738043,8.06808080887954,8.86817931037142,10.4030908415208,2017-11-26
"expected_reported_cases",153,5.95478106770722,7.16069229579662,7.91120956730047,8.68660618584184,10.30544454926,2017-12-03
"expected_reported_cases",154,5.94792711986689,7.15348410765215,7.87192014141506,8.61000612505788,10.3274059357032,2017-12-10
"expected_reported_cases",155,5.97095985705383,7.27487258774568,8.01674236766711,8.74035845406597,10.5072685396571,2017-12-17
"expected_reported_cases",156,6.22059087726082,7.4572561700285,8.28764495703735,9.00543240209359,10.8670059696406,2017-12-24
"expected_reported_cases",157,6.60296148776487,7.81099154461603,8.62756250648352,9.41975627732437,11.4585774153165,2017-12-31
"expected_reported_cases",158,7.68910684253195,8.91993192889337,9.77692775885852,10.5618170233597,12.5650700043274,2018-01-07
"expected_reported_cases",159,8.49648517591603,9.72658237204441,10.5811100968015,11.41690611037,13.6452538896385,2018-01-14
"expected_reported_cases",160,9.44194635767111,10.8496671550655,11.8135362954413,12.721280059881,14.8835578839483,2018-01-21
"expected_reported_cases",161,10.5059997956783,12.1746917696422,13.221378017734,14.2000621467529,16.4661793929015,2018-01-28
"expected_reported_cases",162,11.8118981217727,13.6655136872953,14.6577559906874,15.8382309826734,18.0371059392117,2018-02-04
"expected_reported_cases",163,13.0958140218548,15.1954788094192,16.2930359853839,17.5458410330853,19.912687731127,2018-02-11
"expected_reported_cases",164,14.3658811881371,16.7516168482368,17.9438881143601,19.3041907507538,21.7894235433948,2018-02-18
"expected_reported_cases",165,15.6246538461054,18.2085690922165,19.5261370365525,20.9927175855573,24.0852908659953,2018-02-25
"expected_reported_cases",166,16.7325218538298,19.5055034954138,20.8553862905052,22.4963055111947,25.868024056314,2018-03-04
"expected_reported_cases",167,17.6356508292099,20.4349338608685,22.0923295560738,23.8933605878004,27.7549007185125,2018-03-11
"expected_reported_cases",168,18.2637854227204,21.1564094998356,22.9480877873863,24.7311268016073,28.9619763483404,2018-03-18
"expected_reported_cases",169,18.639319702213,21.6155316665159,23.4364723269275,25.3893585397388,29.7293789258875,2018-03-25
"expected_reported_cases",170,18.6618304598254,21.6954827563242,23.531930073882,25.6588628431137,30.1740106393643,2018-04-01
"expected_reported_cases",171,18.2618769774211,21.5420718857485,23.2498527734794,25.5784986618033,30.0323655879594,2018-04-08
"expected_reported_cases",172,17.7330519070575,20.9985638363947,22.7749947123109,25.1221564760858,29.7940532260203,2018-04-15
"expected_reported_cases",173,17.1644762823906,20.3111776497739,22.1092462004036,24.4802147501639,29.3301812988435,2018-04-22
"expected_reported_cases",174,16.5635381710527,19.5671392186763,21.327247829771,23.6344921043443,28.807829743074,2018-04-29
"expected_reported_cases",175,15.8044707415676,18.747278896912,20.5049632845641,22.6613007962394,27.5543265033093,2018-05-06
"expected_reported_cases",176,15.163702791001,17.8593753383996,19.6320387253385,21.6305172126225,26.2956890497388,2018-05-13
"expected_reported_cases",177,14.3467976885654,17.0689060564951,18.7487358586384,20.6523490002239,24.7587121900365,2018-05-20
"expected_reported_cases",178,13.8096510087094,16.3888260772169,17.9590781104951,19.8115737858641,23.5994621046593,2018-05-27
"expected_reported_cases",179,13.2605170121304,15.8173878304863,17.2510641912731,19.0451055004741,22.7411674655291,2018-06-03
"expected_reported_cases",180,12.8327626946307,15.294182657772,16.680140880175,18.3680669795345,21.9882940074731,2018-06-10
"expected_reported_cases",181,12.5290007808485,14.8798002392436,16.2480541202042,17.8507117332252,21.4894896481058,2018-06-17
"expected_reported_cases",182,12.2782463410398,14.5850486503536,15.838065209688,17.3429555974292,20.723981201081,2018-06-24
"expected_reported_cases",183,12.0663763958586,14.269906600995,15.4461275336942,16.9432905622329,19.8411719800575,2018-07-01
"expected_reported_cases",184,11.7209490757274,14.0344025537663,15.0696412699624,16.4307082990422,19.056596226718,2018-07-08
"expected_reported_cases",185,11.5755024823992,13.6986637499642,14.755042785268,15.9582540691869,18.7197392563753,2018-07-15
"expected_reported_cases",186,11.5764759155139,13.3844919495883,14.4323367199804,15.4126594239901,18.0499734152114,2018-07-22
"expected_reported_cases",187,11.2997954089967,12.9735283721593,13.9951711519846,15.0005533186046,17.4862302158357,2018-07-29
"expected_reported_cases",188,10.9093629542612,12.5221517349154,13.4749229597928,14.3904294148601,16.8800402893969,2018-08-05
"expected_reported_cases",189,10.498865592282,12.0212733652699,12.8421036186239,13.7433053372344,16.0498329455067,2018-08-12
"expected_reported_cases",190,9.87695119119841,11.4418173934539,12.1779065818118,12.9740551356586,15.1637022116101,2018-08-19
"expected_reported_cases",191,9.06077674690663,10.684456788319,11.3851349503144,12.1804099454002,14.160785428876,2018-08-26
"expected_reported_cases",192,8.31292837810067,9.82782162703798,10.5508376770641,11.3051076013017,13.2056350135434,2018-09-02
"expected_reported_cases",193,7.58752379574792,8.9286637760405,9.69777913364663,10.4322044333215,12.1381813957452,2018-09-09
"expected_reported_cases",194,6.95037079912938,8.08539094564912,8.80561474003238,9.50187729588861,11.0290788754042,2018-09-16
"expected_reported_cases",195,6.24104687087537,7.25080143282367,7.93371746020386,8.64525491440719,10.1049194185334,2018-09-23
"expected_reported_cases",196,5.56234478964605,6.52603004328011,7.10549379887739,7.83109915564469,9.18446908749077,2018-09-30
"expected_reported_cases",197,4.94600936376552,5.79928254597412,6.38150295193955,7.09811779930798,8.36394570315769,2018-10-07
"expected_reported_cases",198,4.37570323760363,5.21240296150346,5.75747011846948,6.43913630818195,7.65216356869832,2018-10-14
"expected_reported_cases",199,3.91880033221648,4.70782470707001,5.21583022944544,5.84596056698533,7.03927968213576,2018-10-21
"expected_reported_cases",200,3.51279631463699,4.29801087448235,4.75629339835977,5.33933035781791,6.44168438829088,2018-10-28
"expected_reported_cases",201,3.18700239082727,3.98172523595835,4.40467904558887,4.95511719119556,5.99135361235956,2018-11-04
"expected_reported_cases",202,2.95687548128001,3.7372364191071,4.14229452583955,4.68209405312213,5.67618329023398,2018-11-11
"expected_reported_cases",203,2.81098929826715,3.56883943567504,3.95828579406151,4.47038455860339,5.41347463683887,2018-11-18
"expected_reported_cases",204,2.71407405652395,3.46460657610367,3.85571933880879,4.36151477725642,5.35025919364023,2018-11-25
"expected_reported_cases",205,2.73554150979088,3.44828192266959,3.83560451470635,4.33708638707959,5.38944780328727,2018-12-02
"expected_reported_cases",206,2.81035441437994,3.51377049502267,3.89997738292491,4.40535344832157,5.5078663560584,2018-12-09
"expected_reported_cases",207,2.89840793620988,3.64022543898251,4.05523281316054,4.58371464683167,5.66140576623414,2018-12-16
"expected_reported_cases",208,3.07765543212369,3.85223514090139,4.29746681752003,4.83384455946488,5.89576550665488,2018-12-23
"expected_reported_cases",209,3.3151553431357,4.17777018572149,4.63377381919534,5.22161418981018,6.46647401937721,2018-12-30
"expected_reported_cases",210,4.33489284575243,5.25126294339099,5.78248676360956,6.42200988762419,7.86023084319655,2019-01-06
"expected_reported_cases",211,4.95864309595262,5.97859465200207,6.54896984500064,7.26121420080702,8.83265136210517,2019-01-13
"expected_reported_cases",212,6.01566571402135,7.12339397779131,7.83439807305512,8.55313515725355,10.3337368629648,2019-01-20
"expected_reported_cases",213,7.29570979722668,8.51942233300681,9.30489125567979,10.0825325178991,12.0308991888534,2019-01-27
"expected_reported_cases",214,8.82806777629982,10.195653368173,11.0429690786312,11.9275522520211,14.1105304756092,2019-02-03
"expected_reported_cases",215,10.5186121779146,12.1185529757365,13.0928035713108,14.1589960182535,16.6706539224565,2019-02-10
"expected_reported_cases",216,12.6762087614972,14.3619532217509,15.3739731951559,16.6327951520383,19.8155016915479,2019-02-17
"expected_reported_cases",217,14.5890377723463,16.7083910952965,17.8848194906372,19.3241315769745,22.763697335164,2019-02-24
"expected_reported_cases",218,16.543586598467,19.2438649487475,20.4900652185254,22.2300020286013,25.7766246838423,2019-03-03
"expected_reported_cases",219,18.557346979409,21.7313221320531,23.2055749821081,25.0761064994177,28.9976981876269,2019-03-10
"expected_reported_cases",220,20.5477827983987,23.972632255943,25.7663162522998,27.8901283917686,32.4440614900769,2019-03-17
"expected_reported_cases",221,22.4031278794216,25.9973537824015,28.1492257773385,30.4474246114271,35.3688995311912,2019-03-24
"expected_reported_cases",222,23.8424333223568,27.7435985366229,30.0478679919653,32.6917704226943,38.3584176006171,2019-03-31
"expected_reported_cases",223,24.869478094927,29.234261970969,31.5592929993987,34.5145521841552,41.2953885969884,2019-04-07
"expected_reported_cases",224,25.6210979784005,30.0294547836594,32.8593302692923,35.91213334285,44.0045574169806,2019-04-14
"expected_reported_cases",225,26.1641967621477,30.6730643697481,33.5458493222777,36.8824242003386,45.9405268989648,2019-04-21
"expected_reported_cases",226,26.1644605379715,30.8203298169717,33.9125269192667,37.3563305748785,46.7401480092765,2019-04-28
"expected_reported_cases",227,26.3140988562962,30.9560570803122,34.0707466315028,37.6998568485922,47.0418511044617,2019-05-05
"expected_reported_cases",228,26.1184183203734,30.8722735101158,33.9861170241717,37.7785262018511,47.0775892328708,2019-05-12
"expected_reported_cases",229,25.8805322005285,30.6856931473737,33.8053644811979,37.7267607806808,46.9554397260489,2019-05-19
"expected_reported_cases",230,25.4822681326647,30.585234710914,33.6611539827015,37.6311728409884,46.4899982699555,2019-05-26
"expected_reported_cases",231,25.3582250994986,30.4532486354866,33.6221744175739,37.6155377422915,46.6194673475684,2019-06-02
"expected_reported_cases",232,25.4149451877095,30.4262265884375,33.6512047756011,37.4258547885555,46.3222285877898,2019-06-09
"expected_reported_cases",233,25.8799940515977,30.6290043983322,33.7354126595295,37.4003745986853,46.2976785625653,2019-06-16
"expected_reported_cases",234,26.5524752424443,30.6966064776633,33.9799489993605,37.353251484875,45.6189005995326,2019-06-23
"expected_reported_cases",235,27.0432389378658,30.999000400781,34.0127206729996,37.3384743187405,44.9444628042935,2019-06-30
"expected_reported_cases",236,27.5064864834341,31.2849073759084,34.1580162405758,37.2544627580345,44.7896300355758,2019-07-07
"expected_reported_cases",237,27.4377919721222,31.5393666350039,34.1939958976142,37.2413913701837,44.3774168808454,2019-07-14
"expected_reported_cases",238,27.7169373719892,31.44856564041,34.1316561998834,36.7964235100815,43.702726993299,2019-07-21
"expected_reported_cases",239,27.8564985704477,31.3673149115576,33.8194995964344,36.2774181020576,42.2660413288159,2019-07-28
"expected_reported_cases",240,27.4273835405209,31.1652958492905,33.3479482100199,35.7736425511832,41.0942095557132,2019-08-04
"expected_reported_cases",241,26.8453106362511,30.3587336171231,32.4786477393633,34.7690507175987,39.6072316212469,2019-08-11
"expected_reported_cases",242,26.0551861093902,29.344450420327,31.3412538689998,33.4444354804815,38.1977980176634,2019-08-18
"expected_reported_cases",243,25.0691959915476,28.0790223254867,30.0080124031958,31.9717052164453,36.4741417867616,2019-08-25
"expected_reported_cases",244,23.5691719877306,26.4567463972694,28.4020742070329,30.2260612886663,34.314973582286,2019-09-01
"expected_reported_cases",245,22.0358817530112,24.6689756331163,26.4703065589539,28.2361387009284,32.1786019416938,2019-09-08
"expected_reported_cases",246,20.319469930701,22.7535426621083,24.4454144007881,26.2138401082176,29.9718886449284,2019-09-15
"expected_reported_cases",247,18.4843791133927,20.8378883441785,22.4650227669689,24.1037964271434,28.1434410385413,2019-09-22
"expected_reported_cases",248,16.6393033502219,19.035733488477,20.6795878365361,22.1977895553544,26.1569717835708,2019-09-29
"expected_reported_cases",249,14.9419460161068,17.3880813739967,18.7797289632143,20.3950850770769,24.3163065649091,2019-10-06
"expected_reported_cases",250,13.4632359605765,15.8667614849424,17.1224960083309,18.8653077765394,22.5970665595812,2019-10-13
"expected_reported_cases",251,12.453519191683,14.6323734863699,15.8157061575802,17.4633738755831,21.0479912147185,2019-10-20
"expected_reported_cases",252,11.3714116122436,13.6306644592245,14.8035394287573,16.3253265991828,19.9711271760572,2019-10-27
"expected_reported_cases",253,10.7058427929443,12.8514789530174,14.0013427144756,15.4919985010971,19.1074361450076,2019-11-03
"expected_reported_cases",254,10.1848904500024,12.2808802121963,13.4058064549537,14.8758048849307,18.5592479688415,2019-11-10
"expected_reported_cases",255,9.89638986638758,11.982218048549,13.0885238264235,14.6000017489838,18.4883870411934,2019-11-17
"expected_reported_cases",256,9.87556584839217,11.9538157086685,13.0739738118293,14.5932196215203,18.8766769080314,2019-11-24
"expected_reported_cases",257,10.1263339049066,12.1941310570356,13.3434696963335,15.0187795230783,19.6237706823907,2019-12-01
"expected_reported_cases",258,10.6123657482018,12.7806881380626,13.9979270621266,15.8779605687141,20.6691846185349,2019-12-08
"expected_reported_cases",259,11.3165383971781,13.705052374775,15.0635118041377,17.1828014707363,22.3161053694392,2019-12-15
"expected_reported_cases",260,12.3469652141301,15.0176333695143,16.6271246154212,19.01982712711,24.499607598918,2019-12-22
"expected_reported_cases",261,13.801283724026,16.863162147988,18.5826847691365,21.2979600443489,27.5654795915932,2019-12-29
"expected_reported_cases",262,15.6301981104041,18.6094409045854,20.4539158171281,23.2504160827842,29.1327909979832,2020-01-05
"expected_reported_cases",263,18.2140092055156,21.3714048593407,23.5008152090299,26.5400454152089,33.0890502003909,2020-01-12
"expected_reported_cases",264,21.1805686049153,24.712132931442,27.1377497731365,30.1697276608551,37.0945248859641,2020-01-19
"expected_reported_cases",265,24.7783043009782,28.5950731909184,31.4886695951033,34.5029346597974,42.2180896199901,2020-01-26
"expected_reported_cases",266,28.9449675489302,33.3256825181716,36.4872812773425,39.6843709051151,48.5489048795344,2020-02-02
"expected_reported_cases",267,33.6470611175616,38.3970287524222,42.197573731488,45.714354539128,55.4464588628007,2020-02-09
"expected_reported_cases",268,38.6501791355013,44.3236442531737,48.4294947891242,52.384542919089,62.5875108550162,2020-02-16
"expected_reported_cases",269,43.5844372871115,50.3484871616508,55.0999519013236,58.9971006981997,69.5313700399786,2020-02-23
"expected_reported_cases",270,48.5386584034746,56.2736981318804,61.5615062798989,66.2874755374205,77.6113320839765,2020-03-01
"expected_reported_cases",271,53.2435693828147,62.1312454745091,67.8872677302514,73.1387299265001,84.9246886782154,2020-03-08
"expected_reported_cases",272,56.8910484197885,67.2368882026756,73.4681422586966,79.9084206215596,93.6679404529498,2020-03-15
"expected_reported_cases",273,60.5326956410101,71.4408100227751,77.9682933484375,85.1529724549946,101.340911925365,2020-03-22
"expected_reported_cases",274,62.4810253902202,74.4543774455113,81.4123370188775,90.0842255733619,107.102715204376,2020-03-29
"expected_reported_cases",275,63.8560755903647,76.7254599677553,84.1430332886364,93.3555114051348,111.153819439766,2020-04-05
"expected_reported_cases",276,64.1119578585762,77.7374446688006,85.7032839283756,95.2990601190826,113.478826426215,2020-04-12
"expected_reported_cases",277,63.4263644113648,78.1565722816154,86.3299326553766,96.677112122148,115.27769837159,2020-04-19
"expected_reported_cases",278,62.2899766645808,77.8922762677354,85.9848857703691,96.4081639567727,115.530988527642,2020-04-26
"expected_reported_cases",279,61.0934208622698,77.2750016164258,85.1362006578806,95.6226711716154,115.234411365838,2020-05-03
"expected_reported_cases",280,60.5920367500621,76.5295512376043,83.822420608409,94.0626166759821,113.886215922927,2020-05-10
"expected_reported_cases",281,59.247755712427,75.6046734004777,82.8032723159878,92.7889086650398,111.780282099413,2020-05-17
"expected_reported_cases",282,58.8207182637371,74.6155405154694,81.7335220367736,91.4246558216487,110.021362423031,2020-05-24
"expected_reported_cases",283,58.8442045110278,73.8443415189501,80.2803750938637,90.1032460348077,107.510732014839,2020-05-31
"expected_reported_cases",284,59.2402403154617,73.6359003473841,79.8912467825413,88.6888252282435,106.897424895995,2020-06-07
"expected_reported_cases",285,59.9626147334206,73.5159000210424,79.6110123711023,88.0093432657954,105.35418093228,2020-06-14
"expected_reported_cases",286,60.8617263441822,73.3507210925457,79.7621779260371,87.4814714135919,104.276190087277,2020-06-21
"expected_reported_cases",287,61.7480563599088,73.825860113871,80.0439913992379,87.2969095856114,102.719942421436,2020-06-28
"expected_reported_cases",288,63.5324707150249,74.2000115061825,80.5125484579144,86.8913358586994,101.183194305055,2020-07-05
"expected_reported_cases",289,64.2573659219957,74.6702489289496,81.1798223951961,86.6892411106139,100.30002392435,2020-07-12
"expected_reported_cases",290,65.0438572070552,74.8969045535769,81.1656057591435,86.4698827736214,99.0762275967092,2020-07-19
"expected_reported_cases",291,65.9444128346519,74.8614577168737,80.6984872778233,85.9274911018566,97.6170390446665,2020-07-26
"expected_reported_cases",292,65.9406487966833,74.4266442948651,79.8014333768634,84.5263856326868,95.7637630857933,2020-08-02
"expected_reported_cases",293,64.90227685536,73.0542006546128,77.9342696986013,82.9740887391251,92.7318146680571,2020-08-09
"expected_reported_cases",294,62.9126561882911,71.0550784347331,75.8385021312722,80.4699251069243,89.9509927505037,2020-08-16
"expected_reported_cases",295,60.1742739598348,68.3540587747586,72.5699290516771,77.3351248560177,86.4211711197313,2020-08-23
"expected_reported_cases",296,56.7909039091936,64.6057654887996,68.8657282276332,73.5510268586128,82.9577709531532,2020-08-30
"expected_reported_cases",297,53.2247261303686,60.8327872747501,64.5940388660371,68.9852372842549,78.0364588089388,2020-09-06
"expected_reported_cases",298,49.3408802358553,56.8049231151111,60.3721433568981,64.4292940656323,73.5581420688552,2020-09-13
"expected_reported_cases",299,45.1646896153383,52.5129100371238,55.7035186918126,59.326871170832,68.7226045327018,2020-09-20
"expected_reported_cases",300,41.2113888870306,48.0386791169927,51.2101041215302,54.3718482989964,63.9044216606586,2020-09-27
"expected_reported_cases",301,36.9349992960367,43.7741178865706,46.6806156464043,49.9793538727713,58.9788398340345,2020-10-04
"expected_reported_cases",302,33.1120515747068,39.9702022855597,42.80582264612,46.0704166029143,54.528591773429,2020-10-11
"expected_reported_cases",303,29.9670161465602,36.4498736975361,39.3443781731945,42.6809019923515,50.3625609637881,2020-10-18
"expected_reported_cases",304,27.5319931539617,33.6084615936105,36.5016757015793,39.9111385635407,47.09835568157,2020-10-25
"expected_reported_cases",305,25.4985829025868,31.4523727501562,34.221021810268,37.6633391236189,44.6802781406968,2020-11-01
"expected_reported_cases",306,23.870634440244,29.6442002761994,32.5659802934192,35.9822650277193,42.5421406326337,2020-11-08
"expected_reported_cases",307,22.9992039393717,28.5083370588021,31.500918419845,34.8855354357717,41.6192605281396,2020-11-15
"expected_reported_cases",308,22.7632120643872,27.9619053760039,31.0095962080876,34.301623322439,41.4617159673962,2020-11-22
"expected_reported_cases",309,22.7396314785254,28.1886310368546,31.072483003101,34.5632283137731,41.7555018410533,2020-11-29
"expected_reported_cases",310,23.2186313138615,28.9536104504878,32.0049694564506,35.7089540146299,42.6027958530308,2020-12-06
"expected_reported_cases",311,24.4825700941866,30.308872166924,33.5603023398018,37.5621302494845,44.9907872919039,2020-12-13
"expected_reported_cases",312,26.1268524013774,32.561431676807,36.0527380371995,40.4284493305707,48.385445223903,2020-12-20
"expected_reported_cases",313,28.650838931605,35.8358590439624,39.6547833013471,44.2965295690066,53.2696118431355,2020-12-27
"expected_reported_cases",314,37.0044378975989,46.3462221910601,50.9660532671709,56.2803868908345,68.4261566583874,2021-01-03
"expected_reported_cases",315,44.0360492077603,55.3044855334694,60.6356973865563,66.7830880972598,80.9601210386085,2021-01-10
"expected_reported_cases",316,55.4415372825397,69.6927493331512,76.5570967525242,84.1927332480814,101.139523822273,2021-01-17
"expected_reported_cases",317,71.0233508016614,88.8396360013163,97.0318489556303,106.60295613825,129.295190408466,2021-01-24
"expected_reported_cases",318,92.3947930850183,113.751058909294,124.670003201035,136.622702037646,167.248328767994,2021-01-31
"expected_reported_cases",319,117.825964263286,145.374669624069,160.326195074398,175.660533254005,211.480046655462,2021-02-07
"expected_reported_cases",320,153.707521791842,185.735589517778,204.748755682271,223.79212117035,270.4742622867,2021-02-14
"expected_reported_cases",321,196.508777341996,235.143935943096,259.546517839922,282.475552602418,342.650534449099,2021-02-21
"expected_reported_cases",322,247.80736292421,293.900361664961,327.265546569707,355.570208863785,426.653684120004,2021-02-28
"expected_reported_cases",323,304.42153193052,360.101457935557,402.788511553477,436.499864469819,519.038326328814,2021-03-07
"expected_reported_cases",324,364.064173772847,431.55371082545,481.670457920731,528.543205827187,629.578629626309,2021-03-14
"expected_reported_cases",325,428.109150481572,506.958149437546,565.79964298776,624.983022268751,729.179366170713,2021-03-21
"expected_reported_cases",326,494.651340893911,583.598107269605,651.185209257306,719.811911218065,832.654348263258,2021-03-28
"expected_reported_cases",327,553.991113380289,654.039773091257,727.244278316581,803.255831463131,933.357770875054,2021-04-04
"expected_reported_cases",328,604.165880186447,713.32428444416,796.826773967861,874.475006808047,1031.63098988849,2021-04-11
"expected_reported_cases",329,644.779697032485,765.435643263586,854.640207667975,936.26481682371,1103.26430928306,2021-04-18
"expected_reported_cases",330,671.34123234469,805.093855981349,892.36825753945,973.593377204999,1151.08589741705,2021-04-25
"expected_reported_cases",331,692.549145060595,831.489032613301,912.982134282772,997.061129684044,1189.04938144318,2021-05-02
"expected_reported_cases",332,698.644559236528,836.151540263328,915.061436090136,1001.35854554303,1200.58847565536,2021-05-09
"expected_reported_cases",333,704.214019042205,835.983571252202,902.941337849523,986.730767739108,1183.56033515038,2021-05-16
"expected_reported_cases",334,686.942709107578,817.16011667975,883.738224387126,961.257032806782,1155.25651185566,2021-05-23
"expected_reported_cases",335,675.136047226103,795.847201011488,862.285796458902,931.453385816274,1103.20536785624,2021-05-30
"expected_reported_cases",336,654.04438372878,763.298083055621,828.678032854721,891.200535774007,1049.33161304076,2021-06-06
"expected_reported_cases",337,625.826852708142,727.152517221513,786.596731911181,848.527927070677,990.134693095901,2021-06-13
"expected_reported_cases",338,593.085365336337,685.080564248181,742.078096653211,801.63334973865,932.858425166543,2021-06-20
"expected_reported_cases",339,552.679912913865,640.615905471497,694.405130269095,745.859412290654,866.85462004442,2021-06-27
"expected_reported_cases",340,518.830966265494,593.567616756827,642.78590454517,689.717961095366,801.298793040774,2021-07-04
"expected_reported_cases",341,477.754130537889,547.582447076611,588.074519706151,632.144966887371,739.724651958222,2021-07-11
"expected_reported_cases",342,433.245773196853,496.818764899821,533.887318782249,575.786881014721,673.133585923524,2021-07-18
"expected_reported_cases",343,390.082410282871,446.792253494586,478.836643702112,518.456978425421,603.055317263178,2021-07-25
"expected_reported_cases",344,347.763365284858,397.517825442714,424.631872699605,462.354638577905,540.45633789862,2021-08-01
"expected_reported_cases",345,308.167523954863,349.52415943465,375.155988166979,406.116987501587,477.717080660215,2021-08-08
"expected_reported_cases",346,266.590662078464,303.587859919026,324.286374418647,352.707878295117,415.103970271214,2021-08-15
"expected_reported_cases",347,228.91566082255,259.736840131524,279.311671484258,303.155539373781,356.003731352577,2021-08-22
"expected_reported_cases",348,194.243900525734,219.68506063581,238.455190821019,257.067279781034,302.109554518452,2021-08-29
"expected_reported_cases",349,162.288232706846,185.4958824753,201.635022927565,216.840116778472,254.148424832442,2021-09-05
"expected_reported_cases",350,135.896252888485,154.977970034323,169.471687643396,182.303225958546,211.758166352713,2021-09-12
"expected_reported_cases",351,113.601940687727,129.842461725224,141.619233523589,152.027462861993,176.934025645937,2021-09-19
"expected_reported_cases",352,94.997195170409,108.426366565552,118.204747494121,127.480018148209,147.004746187771,2021-09-26
"expected_reported_cases",353,79.7040785732812,90.9715054915482,98.9375047584849,107.11759008895,123.806100664603,2021-10-03
"expected_reported_cases",354,66.8193203194363,76.8371956091361,83.5524784174358,90.6082813912165,104.291300298527,2021-10-10
"expected_reported_cases",355,56.579794989394,65.6702621737066,71.5257167762803,77.942997586479,90.0284703896589,2021-10-17
"expected_reported_cases",356,48.8636125378126,57.0867374082135,62.0520445075757,68.1188755936008,78.6293133866146,2021-10-24
"expected_reported_cases",357,43.2888506899048,50.7379031959982,55.2073419463681,60.7813598656837,71.0199444032901,2021-10-31
"expected_reported_cases",358,39.9404579860548,46.2228133993018,50.4586709884853,55.5591120634601,65.3404455892124,2021-11-07
"expected_reported_cases",359,37.2931629777129,43.2401737931658,47.2892626139902,52.4445718586627,61.4699428810764,2021-11-14
"expected_reported_cases",360,35.6116853140037,41.7214600518516,45.885782961267,50.7850107266034,60.3662300547096,2021-11-21
"expected_reported_cases",361,35.2081391607848,41.721524203061,45.9426419722801,51.056161262409,61.2357236329146,2021-11-28
"expected_reported_cases",362,36.0813365549653,43.138363665486,47.953167088787,53.0388665937008,63.9612261666787,2021-12-05
"expected_reported_cases",363,38.0875935748009,46.5168711509745,51.5243719810921,57.0455569753766,69.2452320094124,2021-12-12
"expected_reported_cases",364,41.7944061603681,51.8195832777374,57.182569551663,63.4478526547822,76.8574345580432,2021-12-19
"expected_reported_cases",365,47.4653034121726,59.4485622275088,65.4926979551381,73.6976838425573,88.51210397143,2021-12-26
"expected_reported_cases",366,52.408335388823,64.0590989790969,70.4549215903857,78.1352561257252,93.0489135318236,2022-01-02
"expected_reported_cases",367,61.8081854316961,75.9812272223469,83.6639918929895,93.4651545279558,111.090305854856,2022-01-09
"expected_reported_cases",368,73.5448287737019,89.9208292283223,98.6624992378147,109.146801161653,130.065357233582,2022-01-16
"expected_reported_cases",369,89.6127920724438,108.288500191347,118.879125309883,130.868843423573,154.590101002097,2022-01-23
"expected_reported_cases",370,110.803307577658,131.839914368229,144.228095651169,157.708646826253,184.558891996092,2022-01-30
"expected_reported_cases",371,137.357873509792,161.421981084374,175.41151610719,191.794494392613,225.332045604772,2022-02-06
"expected_reported_cases",372,169.692042273095,196.702202264508,212.122192488556,233.172007479627,274.085902088852,2022-02-13
"expected_reported_cases",373,204.746676190042,238.007237833784,255.55770957703,279.513160965142,331.952513332038,2022-02-20
"expected_reported_cases",374,249.344617448158,283.309423912355,303.273727130161,333.503891438078,390.166852620566,2022-02-27
"expected_reported_cases",375,290.590248410307,332.562537561716,356.120219665472,389.119330415488,456.335155669318,2022-03-06
"expected_reported_cases",376,333.586879326579,380.079451115014,408.715269930756,445.61789152951,518.023255597171,2022-03-13
"expected_reported_cases",377,372.922884413286,428.982343916155,461.860618097588,500.050149456341,583.441389800147,2022-03-20
"expected_reported_cases",378,407.772711585173,469.340265446286,505.844153479177,549.490750129313,643.162014459408,2022-03-27
"expected_reported_cases",379,436.574126353028,500.647242130139,541.670021456184,588.166489669976,687.823869864596,2022-04-03
"expected_reported_cases",380,454.562399674631,521.765407778906,570.44541924612,620.716926243704,723.513447739099,2022-04-10
"expected_reported_cases",381,462.161577323651,534.275964479097,581.688819791939,636.061764552936,737.629419350041,2022-04-17
"expected_reported_cases",382,458.57549361426,533.713807749205,582.46228243243,637.476382662734,736.267501269152,2022-04-24
"expected_reported_cases",383,449.693240692429,525.768238227318,575.752970707553,628.756291912956,727.865679241935,2022-05-01
"expected_reported_cases",384,436.59533268014,507.795146616289,557.86053347271,608.48853083424,707.148319342859,2022-05-08
"expected_reported_cases",385,416.170291815627,486.479339434869,532.103082397253,581.61308444493,682.435559117949,2022-05-15
"expected_reported_cases",386,391.336138838047,457.784227483915,504.151995979893,552.580765391025,649.049895697106,2022-05-22
"expected_reported_cases",387,368.115102899463,426.510300974473,472.76223314914,517.21358119375,611.684236209552,2022-05-29
"expected_reported_cases",388,342.751152130645,397.187901597383,439.025902493429,480.853107157221,571.476845452364,2022-06-05
"expected_reported_cases",389,317.154513795599,367.470330015309,402.381332588003,441.204683773937,520.790150763725,2022-06-12
"expected_reported_cases",390,288.787012738774,336.558119664951,365.809171819819,401.47121056241,475.086247785098,2022-06-19
"expected_reported_cases",391,260.895851043244,306.035875338435,330.586590882885,360.63204311668,427.132838412541,2022-06-26
"expected_reported_cases",392,236.013350510917,276.249118569559,297.498054807365,325.081403051616,385.558896588621,2022-07-03
"expected_reported_cases",393,211.510043926446,247.078369637487,265.482447462314,290.122466878592,340.216671968516,2022-07-10
"expected_reported_cases",394,186.764364436855,218.108636350388,235.5717954784,256.65078185091,299.515177565708,2022-07-17
"expected_reported_cases",395,162.694438588543,191.019343966841,206.993156990424,224.71917156958,263.0217186238,2022-07-24
"expected_reported_cases",396,141.483151953669,165.051426324796,179.432589134101,194.375513469969,226.224482261723,2022-07-31
"expected_reported_cases",397,122.421648621421,142.421667146489,153.382113360045,166.316807998799,194.284016959077,2022-08-07
"expected_reported_cases",398,104.253078532953,119.978523138337,129.600294374834,140.998280526841,163.394122522985,2022-08-14
"expected_reported_cases",399,88.1173615916455,100.82881252941,109.044588648193,118.572514910891,135.303561767123,2022-08-21
"expected_reported_cases",400,72.4931460394055,82.9760738096059,90.6141590121638,98.55837703066,111.451871813787,2022-08-28
"expected_reported_cases",401,59.5137463132058,68.4551172846622,74.6029517704402,81.1727458891725,92.0604787007604,2022-09-04
"expected_reported_cases",402,48.7033917059377,56.2819079438699,60.7667685984786,65.9139770985687,75.1262527590802,2022-09-11
"expected_reported_cases",403,39.5190867938485,45.7566842006779,49.4745481184386,53.8096219561216,61.6582152113602,2022-09-18
"expected_reported_cases",404,32.1487836722018,37.2379986162367,40.1964287618973,44.020782763331,50.6888296013185,2022-09-25
"expected_reported_cases",405,25.9434156388193,30.258324413113,32.7141457121806,35.7898471554577,41.2073683023259,2022-10-02
"expected_reported_cases",406,21.5218181969923,24.8715406244342,26.9871536804543,29.4292130369948,33.9404612206589,2022-10-09
"expected_reported_cases",407,17.5872067064195,20.6689647407867,22.385621794758,24.3583004861655,28.51468017386,2022-10-16
"expected_reported_cases",408,14.7463674668903,17.4941421581515,18.9838690953093,20.5564190035395,24.2395848108628,2022-10-23
"expected_reported_cases",409,12.5340731356967,15.052192832117,16.3343380033012,17.747220187692,21.0182407490882,2022-10-30
"expected_reported_cases",410,10.9638321966596,13.2493393493747,14.3789769153341,15.702377158382,18.5656774121895,2022-11-06
"expected_reported_cases",411,9.98420518147186,11.9900638118244,13.0023612555828,14.176724693627,16.8466280110801,2022-11-13
"expected_reported_cases",412,9.29762679925001,11.171214731562,12.1701750219611,13.3267436686567,15.7320670856847,2022-11-20
"expected_reported_cases",413,8.98064988041259,10.7492923264406,11.6570974565315,12.8720765440186,15.1776074722197,2022-11-27
"expected_reported_cases",414,9.01656892805832,10.6981391057382,11.5574559531662,12.8980346720882,15.1627728337844,2022-12-04
"expected_reported_cases",415,9.39618121052577,10.9798383466699,11.9080332326184,13.2506097797757,15.9388370580538,2022-12-11
"expected_reported_cases",416,9.8274930518388,11.6596277696047,12.713747604935,14.1650522763876,17.0510266189447,2022-12-18
"expected_reported_cases",417,10.5535144062278,12.7284989073,13.9803591648499,15.4526988619322,18.9778247480139,2022-12-25
"expected_reported_cases",418,11.1066742375985,13.1311244617359,14.2323165778113,15.5435393597794,18.7066482912627,2023-01-01
"expected_reported_cases",419,12.3054087987151,14.4539149197456,15.6803149220452,17.1041779529095,20.662831145804,2023-01-08
"expected_reported_cases",420,13.5744988081503,15.7549689344045,16.9856496964554,18.4564566412181,22.2950655086379,2023-01-15
"expected_reported_cases",421,15.0372150667669,17.2386521555236,18.6213230905519,20.0267385132196,24.2509249142069,2023-01-22
"expected_reported_cases",422,16.7930370553941,18.9318801529353,20.4177725797001,21.9213078695063,26.2820249947403,2023-01-29
"expected_reported_cases",423,18.4449440472525,20.838471892259,22.2991446296195,23.8618373933549,28.2543941646251,2023-02-05
"expected_reported_cases",424,20.1430565694775,22.7524608714809,24.1653284038917,26.0659338580113,30.1728201746372,2023-02-12
"expected_reported_cases",425,21.907942230075,24.5345774469403,25.8879432494432,28.1223820980842,32.421858943503,2023-02-19
"expected_reported_cases",426,23.4594576688519,26.1342094829073,27.7138058378985,29.9057203931092,34.2933197911277,2023-02-26
"expected_reported_cases",427,24.656380092569,27.3439547119777,29.1439713954688,31.4070497829908,35.819373236661,2023-03-05
"expected_reported_cases",428,25.1043266759799,28.1777817242068,30.2679360131764,32.5693199700172,36.8237480572225,2023-03-12
"expected_reported_cases",429,25.4266885223898,28.6654878565325,30.9916651857613,33.3069446289264,37.694565853869,2023-03-19
"expected_reported_cases",430,25.7514721635675,28.6530815046126,31.1202327381673,33.6715489226935,38.4491264328186,2023-03-26
"expected_reported_cases",431,25.142118501108,28.2979000959454,30.844469867266,33.4959076684353,38.5222863759791,2023-04-02
"expected_reported_cases",432,24.3268100068448,27.7468592619947,30.3143125205075,32.9313932473887,38.2285003332754,2023-04-09
"expected_reported_cases",433,23.306170702046,26.9200553839097,29.3879596448912,32.2469758574471,37.3680916076443,2023-04-16
"expected_reported_cases",434,22.4720697954848,25.9739334441067,28.3241596634058,31.0870020107542,36.3837450769112,2023-04-23
"expected_reported_cases",435,21.2948270318068,24.9589131212706,27.2820872266401,29.9716328276899,35.2161055615329,2023-04-30
"expected_reported_cases",436,20.471057967852,24.1110425978987,26.2919012542515,28.9499580228781,34.1438908163164,2023-05-07
"expected_reported_cases",437,19.7921604139511,23.267386101959,25.2624822670775,28.0103827163325,32.8705100185801,2023-05-14
"expected_reported_cases",438,19.0679592673803,22.4894586085001,24.3804958648912,27.062811491891,31.8931273050935,2023-05-21
"expected_reported_cases",439,18.4728152947776,21.8336998660815,23.798879073921,26.2626888174814,30.9295309440078,2023-05-28
"expected_reported_cases",440,18.0351478568692,21.3364224016652,23.2980951935604,25.5923493606952,30.4506768592676,2023-06-04
"expected_reported_cases",441,17.7978992433528,21.095119535797,23.1149592276764,25.2105007183598,29.9133363954073,2023-06-11
"expected_reported_cases",442,17.7538488290136,21.0172228270324,22.9602870777837,25.1082349974433,29.578605257327,2023-06-18
"expected_reported_cases",443,17.9415303593197,21.1231979176015,23.1920314361346,25.1731779712588,29.7641275382989,2023-06-25
"expected_reported_cases",444,18.2821381386736,21.3675663137726,23.3769915628682,25.3121322109801,29.6064588104418,2023-07-02
"expected_reported_cases",445,18.7341339652224,21.6893048673981,23.6477227293555,25.5527652409114,29.5765172580933,2023-07-09
"expected_reported_cases",446,19.093310385768,22.0004671232698,24.0575836263004,25.8121847514393,29.5807366076789,2023-07-16
"expected_reported_cases",447,19.8382199985116,22.3492022482972,24.4073206142275,26.166640517114,29.8467021475852,2023-07-23
"expected_reported_cases",448,20.1218839411537,22.7118958884941,24.6009114445196,26.4451730115457,30.198287157996,2023-07-30
"expected_reported_cases",449,20.2759510449805,22.8939430859027,24.6281542771559,26.4737582399767,30.0648249705597,2023-08-06
"expected_reported_cases",450,20.2250969639591,22.9221068230544,24.4946843001458,26.2980885995451,29.7537730704798,2023-08-13
"expected_reported_cases",451,19.853200853119,22.6920878945581,24.180766991753,25.9713281212783,29.1338558934472,2023-08-20
"expected_reported_cases",452,19.3698343299962,22.0887464548754,23.6694739366767,25.4188422909095,28.6783649015399,2023-08-27
"expected_reported_cases",453,18.6336119715658,21.2431892381334,22.8094754581073,24.4686053852714,27.7351968507436,2023-09-03
"expected_reported_cases",454,17.7373814253319,20.1853645732355,21.7906384057038,23.4156971453988,26.4643165745174,2023-09-10
"expected_reported_cases",455,16.7200726746055,19.0223353920238,20.5617485274082,22.1705699150742,25.2586831379034,2023-09-17
"expected_reported_cases",456,15.6311756727448,17.8062560073889,19.1521969033538,20.7786349823817,23.8317170002801,2023-09-24
"expected_reported_cases",457,14.3983221889725,16.4504475966342,17.7647580297904,19.2532408062202,22.4054310771885,2023-10-01
"expected_reported_cases",458,13.2906185414512,15.1077364813014,16.4533732227434,17.8921236191676,20.8198486328158,2023-10-08
"expected_reported_cases",459,12.2629397363864,13.9634958989213,15.2306158325197,16.5834642342283,19.2293997401523,2023-10-15
"expected_reported_cases",460,11.2817383545199,12.9419880783007,14.1119694753866,15.3984270658197,18.0339343247844,2023-10-22
"expected_reported_cases",461,10.3660574893386,12.0068221767644,13.0840812044848,14.398710169681,16.9724710370394,2023-10-29
"expected_reported_cases",462,9.59244918529261,11.2765255584921,12.2933117617039,13.5280496245776,16.0676721086144,2023-11-05
"expected_reported_cases",463,9.08737718157716,10.6447924969112,11.6854440218196,12.8217535738239,15.378361197843,2023-11-12
"expected_reported_cases",464,8.77703587583261,10.2565418318774,11.2948191046412,12.3699794176891,14.8732773546528,2023-11-19
"expected_reported_cases",465,8.49762227954256,10.0240602206343,11.0971129542906,12.1843332150427,14.5899116067747,2023-11-26
"expected_reported_cases",466,8.41952311609877,9.97746760664618,11.1199797649003,12.1465597524859,14.5201425681048,2023-12-03
"expected_reported_cases",467,8.52644699212619,10.126504700538,11.2421680053461,12.3002091402909,14.7225598644694,2023-12-10
"expected_reported_cases",468,8.69172389959053,10.457505135864,11.6174613106405,12.7024809755848,15.241800191591,2023-12-17
"expected_reported_cases",469,9.01970575139119,10.9447760096653,12.1530978483892,13.3315438643169,16.0740380041667,2023-12-24
"expected_reported_cases",470,9.62015074119863,11.6460023973071,12.8965042547912,14.2248013185092,17.0604608524733,2023-12-31
"expected_reported_cases",471,11.9573077838476,13.9321781398526,15.3008297592925,16.6466179484622,19.6021741021329,2024-01-07
"expected_reported_cases",472,13.4785569915991,15.6710292170023,17.0966439023264,18.6139964778922,21.7925756651622,2024-01-14
"expected_reported_cases",473,15.993681438197,18.2576285381124,19.7997090971599,21.5905145540526,24.6538571516756,2024-01-21
"expected_reported_cases",474,18.7202993832935,21.2415153094182,23.0596568469754,24.9577483598932,28.3382845808036,2024-01-28
"expected_reported_cases",475,21.8249771962976,24.8584414088299,26.7081894647209,28.9645752091936,32.4300414196109,2024-02-04
"expected_reported_cases",476,25.2616987000726,28.9586724236191,31.0594614848888,33.5835215608373,37.7025599663078,2024-02-11
"expected_reported_cases",477,29.2959159399886,33.4002610416722,35.7904014518431,38.4711995852882,43.5851482752658,2024-02-18
"expected_reported_cases",478,33.1634648562791,37.9046349148651,40.7874281518544,43.774056166089,49.7957862226486,2024-02-25
"expected_reported_cases",479,37.3337953963074,42.4775693283823,45.3442938077085,49.4266974421069,55.9734143765469,2024-03-03
"expected_reported_cases",480,41.0748691902835,46.9060429230344,50.2433675582472,54.8810508158749,61.9116207816171,2024-03-10
"expected_reported_cases",481,43.9515681473021,50.8139577610074,54.5099159851435,59.3034952132378,67.3168353154836,2024-03-17
"expected_reported_cases",482,46.4913381978715,53.6177584872898,58.0662311692335,63.1366129078463,72.3098613938502,2024-03-24
"expected_reported_cases",483,47.9003307554252,55.6316921631881,60.6189949862677,66.1692432367532,76.8772769015001,2024-03-31
"expected_reported_cases",484,48.6567229576653,57.135923991367,62.1267125817032,68.131805702599,79.3734038407833,2024-04-07
"expected_reported_cases",485,48.8616197545509,58.0079011189054,62.7423836402563,69.3662599134196,81.5637348816318,2024-04-14
"expected_reported_cases",486,48.7613101104722,57.6358128193306,62.6485436279406,69.5805634643334,83.0690429315812,2024-04-21
"expected_reported_cases",487,47.9761328561915,56.690548151558,61.7914491113294,68.5805290598188,83.3174978201483,2024-04-28
"expected_reported_cases",488,46.6770655391743,55.4277174179992,60.4722824109106,66.9892048944167,82.4523288128736,2024-05-05
"expected_reported_cases",489,45.2705753771215,53.6960142269258,59.163511293971,65.2664903252087,80.7175202752801,2024-05-12
"expected_reported_cases",490,43.7085257773048,51.9920428028456,57.5170282145511,63.2217522941114,78.4573637182904,2024-05-19
"expected_reported_cases",491,42.1493938808082,50.1940867411841,55.8527908436459,61.3664333688783,75.8345852329564,2024-05-26
"expected_reported_cases",492,40.7473212043669,48.5777118544033,53.9853940361252,59.5548689787423,73.4426196406293,2024-06-02
"expected_reported_cases",493,39.6517872653328,47.1047763531743,52.2254652034035,57.5545719695536,69.5370090087921,2024-06-09
"expected_reported_cases",494,38.3021413041385,45.761653972729,50.7151188112611,55.4553438957046,67.0540474753257,2024-06-16
"expected_reported_cases",495,37.9972306804676,44.4716951397886,49.1917458913853,53.5405349414618,64.1638076513441,2024-06-23
"expected_reported_cases",496,37.263587145437,43.2970810624488,47.6050333972741,51.8915340692798,61.9196619622513,2024-06-30
"expected_reported_cases",497,36.3855890645514,42.0320614281834,45.9108259977665,50.0914567433922,59.1916811422821,2024-07-07
"expected_reported_cases",498,35.8554705986172,40.9134456297774,44.2963364963387,48.1426651923948,56.2892626934278,2024-07-14
"expected_reported_cases",499,34.7014233194206,39.4877771111531,42.5185330046705,46.1215404819696,53.2265952904565,2024-07-21
"expected_reported_cases",500,33.0700299457677,37.7776194593749,40.6880013616351,43.8021227540866,50.283029096414,2024-07-28
"expected_reported_cases",501,31.1923708080246,35.8076255449607,38.403054507166,41.3199110807296,47.337864798926,2024-08-04
"expected_reported_cases",502,29.2743393245496,33.8172249693754,36.1780514285577,38.5975313039869,44.0668783700419,2024-08-11
"expected_reported_cases",503,27.1787554528913,31.3854744377148,33.5626060900548,35.841699947262,40.8347460868391,2024-08-18
"expected_reported_cases",504,25.036718689989,28.8100003507626,30.9310569661737,32.8697807674398,37.5450802427572,2024-08-25
"expected_reported_cases",505,22.6179623933708,26.1573481176535,28.2070288693257,29.9170533375938,34.0535278018599,2024-09-01
"expected_reported_cases",506,20.1586718114227,23.4518466419693,25.4258844604141,27.0582235418383,30.8137368585518,2024-09-08
"expected_reported_cases",507,17.8385587289945,20.8714260254955,22.6271338579981,24.3158432656749,27.7639954772887,2024-09-15
"expected_reported_cases",508,15.7486945549894,18.4748022959956,20.0317095530764,21.638392801087,24.8062116976627,2024-09-22
"expected_reported_cases",509,13.7753019326088,16.3592478624554,17.689789762649,19.2377003544661,22.0515954065671,2024-09-29
"expected_reported_cases",510,12.1206448629192,14.4541833579564,15.6130884014283,17.043380547127,19.7922455235561,2024-10-06
"expected_reported_cases",511,10.7891053923438,12.8129166397358,13.8567805419302,15.2351935554076,17.9008527468422,2024-10-13
"expected_reported_cases",512,9.66151585922834,11.4070858639333,12.4100003951179,13.701670474436,16.4241266335034,2024-10-20
"expected_reported_cases",513,8.76486275335018,10.3363838337437,11.2444893683142,12.4672111133041,15.1191559384803,2024-10-27
"expected_reported_cases",514,8.13604340586997,9.43434833433524,10.364245292554,11.4725447091012,13.8937697420132,2024-11-03
"expected_reported_cases",515,7.60838325697208,8.84437397247751,9.70655934589108,10.7498682080746,13.0950977161681,2024-11-10
"expected_reported_cases",516,7.27099483289419,8.44254722087703,9.3038639058771,10.2499331484656,12.5713338795383,2024-11-17
"expected_reported_cases",517,7.05316388858985,8.22922855100052,9.1662321974224,10.0014065090664,12.2197967533083,2024-11-24
"expected_reported_cases",518,7.02560590158369,8.26908759243865,9.20076404576142,10.0371540476426,12.3542490978838,2024-12-01
"expected_reported_cases",519,7.22115648557099,8.48742242851007,9.44856931954158,10.3262458356685,12.652506392676,2024-12-08
"expected_reported_cases",520,7.59333697416695,8.96074441097352,9.89131738076283,10.868990427042,13.4767062494633,2024-12-15
"expected_reported_cases",521,8.2000003238895,9.70722567416022,10.6310858341748,11.7406810211913,14.5899093716125,2024-12-22
"expected_reported_cases",522,9.04800871927919,10.7454939496059,11.7432563899174,12.9774306418691,16.1254887624449,2024-12-29
"expected_reported_cases",523,9.94649095562216,11.4980890384873,12.4469450450238,13.575395831459,16.5160352993277,2025-01-05
"expected_reported_cases",524,11.0103279225733,12.9376244094445,13.937794500786,15.1767936768366,18.3504419527579,2025-01-12
"expected_reported_cases",525,12.530141298598,14.4273295919816,15.4509863635349,16.8092787200391,19.9514342353381,2025-01-19
"expected_reported_cases",526,14.2141825851971,16.1208966437132,17.2775389922957,18.6435550522997,21.8007243230751,2025-01-26
"expected_reported_cases",527,16.0674122609707,18.0132578990228,19.2864718094546,20.8267221868657,23.7636552379816,2025-02-02
"expected_reported_cases",528,17.8388045614663,19.9531088990225,21.4322053689446,23.0289732490268,26.2671181037143,2025-02-09
"expected_reported_cases",529,19.7388696447466,22.0194870442263,23.6123306052326,25.2520097213322,28.6422797723068,2025-02-16
"expected_reported_cases",530,21.4274916903391,24.1322158613679,25.7357161623382,27.420700685699,31.5375434846519,2025-02-23
"expected_reported_cases",531,23.1320125245517,25.9536082506946,27.7189781745966,29.5266643077468,34.1548025420151,2025-03-02
"expected_reported_cases",532,24.2589489019719,27.593350709408,29.3492389102929,31.3333905744083,36.4672208779421,2025-03-09
"expected_reported_cases",533,25.2462306225273,28.7297908531257,30.686130944489,32.8513460617342,38.1909086565235,2025-03-16
"expected_reported_cases",534,25.6094502752207,29.4078853849521,31.4791356946858,33.9912839239063,39.1712460171067,2025-03-23
"expected_reported_cases",535,25.6287222624348,29.7483870780028,31.8430298216536,34.37344836592,39.9012666683612,2025-03-30
"expected_reported_cases",536,25.364571521326,29.6901439731489,31.960992529659,34.5761486158745,40.0553089706768,2025-04-06
"expected_reported_cases",537,24.8053965404582,29.1041350856235,31.5994521701957,34.3756929086245,40.0360015591649,2025-04-13
"expected_reported_cases",538,24.1897889427739,28.3910399600198,31.0913986010174,33.7188824629241,39.1891623918728,2025-04-20
"expected_reported_cases",539,23.462181398612,27.6328602438377,30.2020668920292,33.0628353450635,38.3404104709793,2025-04-27
"expected_reported_cases",540,22.650271898892,26.7189146458964,29.3265561506499,32.1101229027596,37.3582821411632,2025-05-04
"expected_reported_cases",541,21.9891264971732,26.0087527948863,28.4265245627872,31.2613760259671,36.849245629416,2025-05-11
"expected_reported_cases",542,21.4260187414872,25.4274591976,27.5933788198102,30.4356536825508,36.3038411153977,2025-05-18
"expected_reported_cases",543,20.9199750440346,24.8445063668081,26.970364732746,29.6651367964218,35.5622026420904,2025-05-25
"expected_reported_cases",544,20.6362569996446,24.3536319266477,26.5040170701945,29.1656962291273,35.0871152234626,2025-06-01
"expected_reported_cases",545,20.3915254628878,24.0925988169043,26.2007747281653,28.7528521759642,34.5162147105174,2025-06-08
"expected_reported_cases",546,20.5201022072955,23.9473362236535,26.1148580989893,28.5492401182617,34.279776407917,2025-06-15
"expected_reported_cases",547,20.6731391792394,24.0133337546028,26.3158135342274,28.5565177939503,33.8933856559439,2025-06-22
"expected_reported_cases",548,21.0904877225039,24.2758876820999,26.4638961381576,28.7138255153126,33.6275349749212,2025-06-29
"expected_reported_cases",549,21.497280016947,24.6298056948204,26.7040627509316,28.9290755053282,33.7698316993068,2025-07-06
"expected_reported_cases",550,21.9452619143963,25.0070790943272,26.9430016663341,29.2531204638985,34.1228350369627,2025-07-13
"expected_reported_cases",551,22.3570207455586,25.3881211045152,27.2413699931798,29.4483837857705,33.8206712830964,2025-07-20
"expected_reported_cases",552,22.5426179710812,25.6032751626129,27.3824341753665,29.485437736495,34.0208219719074,2025-07-27
"expected_reported_cases",553,22.625350057368,25.7944619546089,27.5696294197152,29.5844928499151,34.0208321678201,2025-08-03
"expected_reported_cases",554,22.3818889832199,25.5987241556793,27.4427809141275,29.4874361970229,34.0060241811537,2025-08-10
"expected_reported_cases",555,22.022346588939,25.080123051796,27.2054722829881,29.0555615274627,33.4662744981078,2025-08-17
"expected_reported_cases",556,21.4881919242469,24.4173610523767,26.4890036612708,28.3807273351034,32.7401285535465,2025-08-24
"expected_reported_cases",557,20.6912676745607,23.4398648247382,25.553864266649,27.5054019147075,31.8553546199625,2025-08-31
"expected_reported_cases",558,19.5081223381031,22.2402640785393,24.3259233454872,26.3704995150955,30.2852558356297,2025-09-07
"expected_reported_cases",559,18.3844134150117,20.959518736444,22.9029837962977,24.888125207452,28.8409408700196,2025-09-14
"expected_reported_cases",560,17.1331617424482,19.4604563996597,21.3847546327964,23.3515002908076,27.2016409484909,2025-09-21
"expected_reported_cases",561,15.5598133967663,18.0978278001955,19.7732779695147,21.8410661735994,25.4479857079091,2025-09-28
"expected_reported_cases",562,14.1085450501222,16.6772105666958,18.2538075987261,20.3024486210483,23.746674820006,2025-10-05
"expected_reported_cases",563,12.8549826855884,15.3878219550369,16.8226070116737,18.8513430081108,22.1039876047681,2025-10-12
"expected_reported_cases",564,11.702454855326,14.185668507457,15.5282519406532,17.4918405593883,20.7727137450505,2025-10-19
"expected_reported_cases",565,10.7447997248229,13.1037435356937,14.4804191168378,16.3278552951703,19.5561620442065,2025-10-26
"expected_reported_cases",566,9.98999139611556,12.1989956567854,13.5724322860968,15.2775257412541,18.575254736955,2025-11-02
"expected_reported_cases",567,9.41621879352648,11.6040426117241,12.8242955247774,14.5362075303167,17.6080722440358,2025-11-09
"expected_reported_cases",568,9.03665013030067,11.1764430253934,12.3973483103908,13.9910482336804,17.4484435310319,2025-11-16
"expected_reported_cases",569,8.83999442496417,10.9279300777943,12.1974835815895,13.725066193198,17.3973865807389,2025-11-23
"expected_reported_cases",570,8.7782891261603,10.9191308079392,12.2091886751445,13.7122946547519,17.2591575773682,2025-11-30
"expected_reported_cases",571,8.84861137492714,11.0680891371407,12.4142346555778,13.897274238519,17.4925360198519,2025-12-07
"expected_reported_cases",572,9.11082570451438,11.4602091829216,12.844933003495,14.3729838548993,18.385019330419,2025-12-14
"expected_reported_cases",573,9.70911932584665,12.1069194428489,13.5147578285522,15.1552823889848,19.5645702087291,2025-12-21
"posterior_predictive_cases",1,0,0,0,0,1,2015-01-04
"posterior_predictive_cases",2,0,0,0,0,1,2015-01-11
"posterior_predictive_cases",3,0,0,0,0,2,2015-01-18
"posterior_predictive_cases",4,0,0,0,1,2,2015-01-25
"posterior_predictive_cases",5,0,0,0,1,3,2015-02-01
"posterior_predictive_cases",6,0,0,0,1,3,2015-02-08
"posterior_predictive_cases",7,0,0,1,1,4,2015-02-15
"posterior_predictive_cases",8,0,0,1,2,4,2015-02-22
"posterior_predictive_cases",9,0,0,1,2,4,2015-03-01
"posterior_predictive_cases",10,0,0,1,2,5,2015-03-08
"posterior_predictive_cases",11,0,0,1,3,5.02499999999998,2015-03-15
"posterior_predictive_cases",12,0,1,1,3,5.02499999999998,2015-03-22
"posterior_predictive_cases",13,0,1,2,3,7,2015-03-29
"posterior_predictive_cases",14,0,1,2,3,7,2015-04-05
"posterior_predictive_cases",15,0,1,2,4,7,2015-04-12
"posterior_predictive_cases",16,0,1,2,4,9,2015-04-19
"posterior_predictive_cases",17,0,1,2,4,10,2015-04-26
"posterior_predictive_cases",18,0,1,3,5,9,2015-05-03
"posterior_predictive_cases",19,0,1,3,5,10,2015-05-10
"posterior_predictive_cases",20,0,2,3,5,12,2015-05-17
"posterior_predictive_cases",21,0,2,4,6,11.025,2015-05-24
"posterior_predictive_cases",22,0,3,4.5,7,12.025,2015-05-31
"posterior_predictive_cases",23,0,3,5,7,13,2015-06-07
"posterior_predictive_cases",24,0,3,5,7,16.025,2015-06-14
"posterior_predictive_cases",25,0,3,5,8,18,2015-06-21
"posterior_predictive_cases",26,1,4,6,9,19,2015-06-28
"posterior_predictive_cases",27,1,4,7,12,23,2015-07-05
"posterior_predictive_cases",28,2,5,9,13,27,2015-07-12
"posterior_predictive_cases",29,1,6,10,15,34.025,2015-07-19
"posterior_predictive_cases",30,1.975,7,11,17,35,2015-07-26
"posterior_predictive_cases",31,2,9,14,21,37.025,2015-08-02
"posterior_predictive_cases",32,4,11,16,24,45,2015-08-09
"posterior_predictive_cases",33,4,11.75,18,26,46.05,2015-08-16
"posterior_predictive_cases",34,4.975,14,22,32,53.025,2015-08-23
"posterior_predictive_cases",35,4.975,14,22,34.25,73.025,2015-08-30
"posterior_predictive_cases",36,5,16,26,39,71.025,2015-09-06
"posterior_predictive_cases",37,6,16.75,27.5,40,80,2015-09-13
"posterior_predictive_cases",38,6,19,31,44.25,80.025,2015-09-20
"posterior_predictive_cases",39,5.975,20,32,48,97.025,2015-09-27
"posterior_predictive_cases",40,6,21,36,51,91.05,2015-10-04
"posterior_predictive_cases",41,7.975,22,34.5,51,102.025,2015-10-11
"posterior_predictive_cases",42,8.975,24,39,55,111,2015-10-18
"posterior_predictive_cases",43,9,27,40,59,105,2015-10-25
"posterior_predictive_cases",44,8,25,41,61,110.05,2015-11-01
"posterior_predictive_cases",45,10,27.75,43.5,66,141.025,2015-11-08
"posterior_predictive_cases",46,9,29,48,69,129.025,2015-11-15
"posterior_predictive_cases",47,10,30.75,49,74,148.025,2015-11-22
"posterior_predictive_cases",48,14,35,55,72.25,139.025,2015-11-29
"posterior_predictive_cases",49,11.975,39,57,86,173.05,2015-12-06
"posterior_predictive_cases",50,15.975,42,63.5,99.25,184.025,2015-12-13
"posterior_predictive_cases",51,15,46.75,74,109,194.05,2015-12-20
"posterior_predictive_cases",52,21,57,88.5,136,259.025,2015-12-27
"posterior_predictive_cases",53,19.95,56.75,87,130,241.025,2016-01-03
"posterior_predictive_cases",54,22.975,73.75,113,164,279.05,2016-01-10
"posterior_predictive_cases",55,22.975,79.25,121.5,183,345.15,2016-01-17
"posterior_predictive_cases",56,34.95,92,135,210.25,378.075,2016-01-24
"posterior_predictive_cases",57,45,109,166.5,233.25,452.325,2016-01-31
"posterior_predictive_cases",58,51.825,127.75,199,306,558.175,2016-02-07
"posterior_predictive_cases",59,55.975,155,241,361,691.05,2016-02-14
"posterior_predictive_cases",60,71.7,181.25,286,392.25,786.099999999999,2016-02-21
"posterior_predictive_cases",61,79.95,199,323,489.5,829.025,2016-02-28
"posterior_predictive_cases",62,82.975,231.75,360,530.5,931.699999999999,2016-03-06
"posterior_predictive_cases",63,89.85,263.75,385.5,576.5,1087.1,2016-03-13
"posterior_predictive_cases",64,107.75,297.25,444.5,660.25,1128.025,2016-03-20
"posterior_predictive_cases",65,120.85,302.25,451.5,679.5,1211.725,2016-03-27
"posterior_predictive_cases",66,106.925,318,490.5,731.5,1296.1,2016-04-03
"posterior_predictive_cases",67,148.875,374,526,750.75,1402.75,2016-04-10
"posterior_predictive_cases",68,109.95,328.5,538.5,752,1454.625,2016-04-17
"posterior_predictive_cases",69,135,331.25,491.5,738.25,1254,2016-04-24
"posterior_predictive_cases",70,140.4,322,508.5,735.25,1295.625,2016-05-01
"posterior_predictive_cases",71,108.925,310,493,697,1286.75,2016-05-08
"posterior_predictive_cases",72,109.775,304.75,487,661.25,1184.55,2016-05-15
"posterior_predictive_cases",73,109.925,279.75,439.5,652.5,1163.3,2016-05-22
"posterior_predictive_cases",74,118,265,415.5,585.25,1055.15,2016-05-29
"posterior_predictive_cases",75,80.675,247.5,384.5,552,954.674999999998,2016-06-05
"posterior_predictive_cases",76,85.95,233.5,353,502.25,935.425,2016-06-12
"posterior_predictive_cases",77,74.925,212.5,320,490.5,1038,2016-06-19
"posterior_predictive_cases",78,65.95,208.5,316.5,448.25,810.35,2016-06-26
"posterior_predictive_cases",79,67.925,186.75,285.5,417.75,762.1,2016-07-03
"posterior_predictive_cases",80,61.975,155.75,253,355,726.025,2016-07-10
"posterior_predictive_cases",81,47.925,161,244.5,332.5,640.25,2016-07-17
"posterior_predictive_cases",82,56,143.5,221,319.75,558.025,2016-07-24
"posterior_predictive_cases",83,40.925,124,185,275.5,577.35,2016-07-31
"posterior_predictive_cases",84,42.95,111,173.5,256.25,467.175,2016-08-07
"posterior_predictive_cases",85,32.975,102,152.5,219,411.25,2016-08-14
"posterior_predictive_cases",86,34.95,96,136,209.25,332.624999999999,2016-08-21
"posterior_predictive_cases",87,23,75.75,112,160,310.25,2016-08-28
"posterior_predictive_cases",88,19.975,59,88,129.25,252.05,2016-09-04
"posterior_predictive_cases",89,20.95,56,86.5,128,217.025,2016-09-11
"posterior_predictive_cases",90,15,45,67.5,102.25,193.225,2016-09-18
"posterior_predictive_cases",91,14.95,36,60,85,147.1,2016-09-25
"posterior_predictive_cases",92,12,29.75,48,68.25,123.275,2016-10-02
"posterior_predictive_cases",93,7,27,43.5,63,101.025,2016-10-09
"posterior_predictive_cases",94,7.975,21,34,51.25,89.05,2016-10-16
"posterior_predictive_cases",95,5,19,27,42.25,76.0999999999999,2016-10-23
"posterior_predictive_cases",96,5,14,24,36,72.025,2016-10-30
"posterior_predictive_cases",97,4,13,21.5,33.25,69,2016-11-06
"posterior_predictive_cases",98,4,13,21,32,58,2016-11-13
"posterior_predictive_cases",99,4,12.75,20.5,28,53.025,2016-11-20
"posterior_predictive_cases",100,4,12,18.5,28,54.0999999999999,2016-11-27
"posterior_predictive_cases",101,3,12,19,30,55,2016-12-04
"posterior_predictive_cases",102,5,12.75,19,29,56.05,2016-12-11
"posterior_predictive_cases",103,4,13,21,30,58.025,2016-12-18
"posterior_predictive_cases",104,5,14,23,35,62,2016-12-25
"posterior_predictive_cases",105,4,13,21,31,61,2017-01-01
"posterior_predictive_cases",106,4,16,24,35,67.025,2017-01-08
"posterior_predictive_cases",107,5,16,26,38,74,2017-01-15
"posterior_predictive_cases",108,4,17,26,40,73.025,2017-01-22
"posterior_predictive_cases",109,7.975,19,28,42,75.05,2017-01-29
"posterior_predictive_cases",110,6,20,30,42,80.05,2017-02-05
"posterior_predictive_cases",111,6,20,30,46,80.025,2017-02-12
"posterior_predictive_cases",112,7.975,22,34,50,93.05,2017-02-19
"posterior_predictive_cases",113,6.975,22.75,35,54,91,2017-02-26
"posterior_predictive_cases",114,8,23,35,51,94,2017-03-05
"posterior_predictive_cases",115,6,23,37,54.25,94,2017-03-12
"posterior_predictive_cases",116,7,21,34.5,55,99.05,2017-03-19
"posterior_predictive_cases",117,5,21,33,53,96.05,2017-03-26
"posterior_predictive_cases",118,8,21.75,34,48,92.025,2017-04-02
"posterior_predictive_cases",119,7,23,33,45,85,2017-04-09
"posterior_predictive_cases",120,5.975,18,29,43,87.025,2017-04-16
"posterior_predictive_cases",121,5,17,29,44.25,82.025,2017-04-23
"posterior_predictive_cases",122,6,16,27,39,75.0749999999999,2017-04-30
"posterior_predictive_cases",123,4,15,24,36,71.05,2017-05-07
"posterior_predictive_cases",124,4,16,24,35,75,2017-05-14
"posterior_predictive_cases",125,5,14,23,34.25,66.025,2017-05-21
"posterior_predictive_cases",126,4,14,23,34,62.0749999999999,2017-05-28
"posterior_predictive_cases",127,4,13,21.5,32,64,2017-06-04
"posterior_predictive_cases",128,3,14,22,31,57,2017-06-11
"posterior_predictive_cases",129,5,13,22,30,55.025,2017-06-18
"posterior_predictive_cases",130,4,13,20,29,53,2017-06-25
"posterior_predictive_cases",131,4,13,21,30,55.05,2017-07-02
"posterior_predictive_cases",132,3,12,19,30,55.05,2017-07-09
"posterior_predictive_cases",133,4,13,21,31,53.0999999999999,2017-07-16
"posterior_predictive_cases",134,4,12.75,20,31,53,2017-07-23
"posterior_predictive_cases",135,4,13,20,29,54,2017-07-30
"posterior_predictive_cases",136,3,12,19,30,55.025,2017-08-06
"posterior_predictive_cases",137,4,12,20,28,48.025,2017-08-13
"posterior_predictive_cases",138,3,11,19,27,50,2017-08-20
"posterior_predictive_cases",139,2,11,17,28,51,2017-08-27
"posterior_predictive_cases",140,3,11,17,24,51.025,2017-09-03
"posterior_predictive_cases",141,2,11,18,24,52,2017-09-10
"posterior_predictive_cases",142,3,9,15,23,41.025,2017-09-17
"posterior_predictive_cases",143,3,9,14,22,43.025,2017-09-24
"posterior_predictive_cases",144,2,7,12,17,38.0749999999999,2017-10-01
"posterior_predictive_cases",145,1.975,8,12,18.25,35,2017-10-08
"posterior_predictive_cases",146,1,6,10,16,31.025,2017-10-15
"posterior_predictive_cases",147,1,6,10,15,31.025,2017-10-22
"posterior_predictive_cases",148,1,5.75,9,13,26.025,2017-10-29
"posterior_predictive_cases",149,1,5,9,13,25.025,2017-11-05
"posterior_predictive_cases",150,1,5,7,11,23.025,2017-11-12
"posterior_predictive_cases",151,1,4,7,11,21.025,2017-11-19
"posterior_predictive_cases",152,1,4,7,11,22,2017-11-26
"posterior_predictive_cases",153,0,4,8,11.25,26.05,2017-12-03
"posterior_predictive_cases",154,0,4,7,11,21,2017-12-10
"posterior_predictive_cases",155,0,4,7,11,21.025,2017-12-17
"posterior_predictive_cases",156,1,4,6,10,19.025,2017-12-24
"posterior_predictive_cases",157,1,4,8,12,24,2017-12-31
"posterior_predictive_cases",158,1,5,8,13,22.025,2018-01-07
"posterior_predictive_cases",159,1,6,10,16,27,2018-01-14
"posterior_predictive_cases",160,2,6,11,16,35.025,2018-01-21
"posterior_predictive_cases",161,1.975,7,11,17,32.025,2018-01-28
"posterior_predictive_cases",162,2.975,7.75,13,20,41.025,2018-02-04
"posterior_predictive_cases",163,3,9,14,22,39,2018-02-11
"posterior_predictive_cases",164,2.975,10,16,23.25,43,2018-02-18
"posterior_predictive_cases",165,2,10,17,26.25,52,2018-02-25
"posterior_predictive_cases",166,3.975,11,18,27,52.05,2018-03-04
"posterior_predictive_cases",167,3,13,20,31,54.025,2018-03-11
"posterior_predictive_cases",168,3,14,22,30.25,58.025,2018-03-18
"posterior_predictive_cases",169,4,13,21,31,63.05,2018-03-25
"posterior_predictive_cases",170,4,14,22,33,58,2018-04-01
"posterior_predictive_cases",171,4,12,20,30,58.025,2018-04-08
"posterior_predictive_cases",172,5,13,20,31,61.025,2018-04-15
"posterior_predictive_cases",173,3,13,21,30,58.025,2018-04-22
"posterior_predictive_cases",174,4,12,19,28,55.025,2018-04-29
"posterior_predictive_cases",175,3,11,18,27,47.025,2018-05-06
"posterior_predictive_cases",176,4,11,17,27,55.025,2018-05-13
"posterior_predictive_cases",177,3,10,17,25.25,49.025,2018-05-20
"posterior_predictive_cases",178,3,9,16,24,45,2018-05-27
"posterior_predictive_cases",179,3,10,17,25,47.05,2018-06-03
"posterior_predictive_cases",180,2,9,14,22,46.025,2018-06-10
"posterior_predictive_cases",181,2,9,14,20,43,2018-06-17
"posterior_predictive_cases",182,2.975,9,14,22,40.025,2018-06-24
"posterior_predictive_cases",183,2,9,14,22,45.025,2018-07-01
"posterior_predictive_cases",184,2.975,8,13,20,42,2018-07-08
"posterior_predictive_cases",185,2,8,13,20,34.025,2018-07-15
"posterior_predictive_cases",186,2,9,13,19.25,35.025,2018-07-22
"posterior_predictive_cases",187,2.975,8,13,19,34,2018-07-29
"posterior_predictive_cases",188,2,8,12.5,19,37.05,2018-08-05
"posterior_predictive_cases",189,1.975,7,11,17,30.025,2018-08-12
"posterior_predictive_cases",190,1,6,11,17,28,2018-08-19
"posterior_predictive_cases",191,1,6,10,16,31.05,2018-08-26
"posterior_predictive_cases",192,2,6,9,14,26.025,2018-09-02
"posterior_predictive_cases",193,1,5,9,12,25.025,2018-09-09
"posterior_predictive_cases",194,1,4,7,12,24.025,2018-09-16
"posterior_predictive_cases",195,1,4,7,11,21,2018-09-23
"posterior_predictive_cases",196,1,4,6,10,17,2018-09-30
"posterior_predictive_cases",197,1,3,6,9,17,2018-10-07
"posterior_predictive_cases",198,0,3,5,8,15,2018-10-14
"posterior_predictive_cases",199,0,3,4,8,13.025,2018-10-21
"posterior_predictive_cases",200,0,2,4,6.25,13.025,2018-10-28
"posterior_predictive_cases",201,0,2,4,6,12.025,2018-11-04
"posterior_predictive_cases",202,0,2,4,6,13,2018-11-11
"posterior_predictive_cases",203,0,2,4,6,11.025,2018-11-18
"posterior_predictive_cases",204,0,2,3,5,11,2018-11-25
"posterior_predictive_cases",205,0,1,3,6,12,2018-12-02
"posterior_predictive_cases",206,0,2,3,5,11,2018-12-09
"posterior_predictive_cases",207,0,2,3.5,6,12,2018-12-16
"posterior_predictive_cases",208,0,2,4,6,13.025,2018-12-23
"posterior_predictive_cases",209,0,2,4,7,12,2018-12-30
"posterior_predictive_cases",210,0,3,5,8,16,2019-01-06
"posterior_predictive_cases",211,1,3,6,8,17.025,2019-01-13
"posterior_predictive_cases",212,1,4,7,11,21,2019-01-20
"posterior_predictive_cases",213,1,5,9,14,25.025,2019-01-27
"posterior_predictive_cases",214,1,6,9,15,27.025,2019-02-03
"posterior_predictive_cases",215,2,7,11,18,33.025,2019-02-10
"posterior_predictive_cases",216,2,8,13,22,41,2019-02-17
"posterior_predictive_cases",217,3,10,16,25,43,2019-02-24
"posterior_predictive_cases",218,4,12,17,28,53.025,2019-03-03
"posterior_predictive_cases",219,5,14,21.5,32,53.0999999999999,2019-03-10
"posterior_predictive_cases",220,5,14,23,34,66,2019-03-17
"posterior_predictive_cases",221,5,15,24,36,66.025,2019-03-24
"posterior_predictive_cases",222,5,16,26,38,76.025,2019-03-31
"posterior_predictive_cases",223,5,17,28,41,79.025,2019-04-07
"posterior_predictive_cases",224,6,19,30.5,41,76.05,2019-04-14
"posterior_predictive_cases",225,7,20,30.5,46.25,83.05,2019-04-21
"posterior_predictive_cases",226,6,20,31,47,87,2019-04-28
"posterior_predictive_cases",227,6.975,20,31,46,87.025,2019-05-05
"posterior_predictive_cases",228,5,18,29,44,80.025,2019-05-12
"posterior_predictive_cases",229,7,20,30,43,92.05,2019-05-19
"posterior_predictive_cases",230,7,18.75,29,42.25,78.025,2019-05-26
"posterior_predictive_cases",231,5.975,19,30,47.25,75.05,2019-06-02
"posterior_predictive_cases",232,6.975,19,30,45,90,2019-06-09
"posterior_predictive_cases",233,8,19.75,31,44,81.05,2019-06-16
"posterior_predictive_cases",234,6,20,32,46.25,90.025,2019-06-23
"posterior_predictive_cases",235,6,19.75,31,46,86.05,2019-06-30
"posterior_predictive_cases",236,5,18.75,31,47.25,81,2019-07-07
"posterior_predictive_cases",237,6,19,31,45,84.025,2019-07-14
"posterior_predictive_cases",238,6.975,18,31,45.25,89,2019-07-21
"posterior_predictive_cases",239,5,18,29.5,44,78.0749999999999,2019-07-28
"posterior_predictive_cases",240,7,20,31,45,81.025,2019-08-04
"posterior_predictive_cases",241,5,17,28,42,71.1749999999998,2019-08-11
"posterior_predictive_cases",242,6.975,19,28.5,41,79.025,2019-08-18
"posterior_predictive_cases",243,5,16,27,40,72.025,2019-08-25
"posterior_predictive_cases",244,4.975,16,26,36,65.025,2019-09-01
"posterior_predictive_cases",245,4.975,16,25.5,36.25,69.025,2019-09-08
"posterior_predictive_cases",246,4,15,24,36,63.025,2019-09-15
"posterior_predictive_cases",247,4,12.75,19,30,58.025,2019-09-22
"posterior_predictive_cases",248,3,11,19,28,51.025,2019-09-29
"posterior_predictive_cases",249,4,11,17,25,51.025,2019-10-06
"posterior_predictive_cases",250,2,9,15,23,44.05,2019-10-13
"posterior_predictive_cases",251,3,9,15,21.25,42.025,2019-10-20
"posterior_predictive_cases",252,3,8.75,14,21,39.05,2019-10-27
"posterior_predictive_cases",253,2,8,12,19.25,36,2019-11-03
"posterior_predictive_cases",254,2,8,12,19,35.025,2019-11-10
"posterior_predictive_cases",255,1,7,11,17,35,2019-11-17
"posterior_predictive_cases",256,1,7,11,18,36.025,2019-11-24
"posterior_predictive_cases",257,2,7,12,18,35.025,2019-12-01
"posterior_predictive_cases",258,2,7,13,20,39.05,2019-12-08
"posterior_predictive_cases",259,2,8,14,21,38.025,2019-12-15
"posterior_predictive_cases",260,3,9,14,21,41,2019-12-22
"posterior_predictive_cases",261,3,10,17,24,50.025,2019-12-29
"posterior_predictive_cases",262,3.975,12,19,28,54,2020-01-05
"posterior_predictive_cases",263,4,13,21,32,60,2020-01-12
"posterior_predictive_cases",264,4,15,24,36,61.1249999999999,2020-01-19
"posterior_predictive_cases",265,5,19,30,42,85.025,2020-01-26
"posterior_predictive_cases",266,7,21.75,33,49,90.025,2020-02-02
"posterior_predictive_cases",267,7,26,38,55,97.05,2020-02-09
"posterior_predictive_cases",268,9,29,42,65,114,2020-02-16
"posterior_predictive_cases",269,12.975,32,48,72,129.025,2020-02-23
"posterior_predictive_cases",270,13.975,38,57,82.25,158,2020-03-01
"posterior_predictive_cases",271,14,40,62,91,156,2020-03-08
"posterior_predictive_cases",272,15,40.75,65,97,179.075,2020-03-15
"posterior_predictive_cases",273,18.975,43.75,68,101.25,180.025,2020-03-22
"posterior_predictive_cases",274,19,48,73.5,107,196.05,2020-03-29
"posterior_predictive_cases",275,17.975,50.75,74.5,108.25,218.05,2020-04-05
"posterior_predictive_cases",276,16,51,76,117.25,217.175,2020-04-12
"posterior_predictive_cases",277,18.95,49.75,77,111.25,221.225,2020-04-19
"posterior_predictive_cases",278,14,45,77.5,113,240.025,2020-04-26
"posterior_predictive_cases",279,17,45.75,74,116,207,2020-05-03
"posterior_predictive_cases",280,19.975,48,78.5,121,204.05,2020-05-10
"posterior_predictive_cases",281,15.975,49,76,108.25,202.175,2020-05-17
"posterior_predictive_cases",282,20.975,47.75,73.5,111.25,210.05,2020-05-24
"posterior_predictive_cases",283,15,44,67,104,196.025,2020-05-31
"posterior_predictive_cases",284,16,43.75,67,100.25,205.05,2020-06-07
"posterior_predictive_cases",285,18.95,49,74,108,191.1,2020-06-14
"posterior_predictive_cases",286,13,41,68,104,194.05,2020-06-21
"posterior_predictive_cases",287,18,44.75,70.5,104.25,214.025,2020-06-28
"posterior_predictive_cases",288,13.95,44,73,116,196.175,2020-07-05
"posterior_predictive_cases",289,18.975,47,73,104.25,198.025,2020-07-12
"posterior_predictive_cases",290,15,47.75,72,104.25,188.125,2020-07-19
"posterior_predictive_cases",291,15.975,47.75,71,101,195.05,2020-07-26
"posterior_predictive_cases",292,15.975,45.75,70,102.25,190.05,2020-08-02
"posterior_predictive_cases",293,13,45,74.5,111,209.175,2020-08-09
"posterior_predictive_cases",294,20,45,69,98,160,2020-08-16
"posterior_predictive_cases",295,16.975,42,67,92,166.125,2020-08-23
"posterior_predictive_cases",296,12.975,40,62,90,158.1,2020-08-30
"posterior_predictive_cases",297,11,33.75,60,87,145.025,2020-09-06
"posterior_predictive_cases",298,12,34,50.5,75,139,2020-09-13
"posterior_predictive_cases",299,11,33.75,52,77.25,130.075,2020-09-20
"posterior_predictive_cases",300,12.975,29,48,68.25,126.25,2020-09-27
"posterior_predictive_cases",301,8.975,26,42,58,114.025,2020-10-04
"posterior_predictive_cases",302,9,25.75,39,57.25,116,2020-10-11
"posterior_predictive_cases",303,8,23,36,54,102,2020-10-18
"posterior_predictive_cases",304,5.975,21.75,33,49,89.1749999999998,2020-10-25
"posterior_predictive_cases",305,7.975,19,31,46,82.0749999999999,2020-11-01
"posterior_predictive_cases",306,6.975,19,30,43,80.025,2020-11-08
"posterior_predictive_cases",307,7,17,27,43.25,81.0749999999999,2020-11-15
"posterior_predictive_cases",308,7,18,27.5,41,70.025,2020-11-22
"posterior_predictive_cases",309,5,17,28,43,90.1499999999999,2020-11-29
"posterior_predictive_cases",310,5,18,28,43,86.0999999999999,2020-12-06
"posterior_predictive_cases",311,5.975,19,30,45.25,82,2020-12-13
"posterior_predictive_cases",312,5,19,31,50,95,2020-12-20
"posterior_predictive_cases",313,6,21.75,33,52,105.05,2020-12-27
"posterior_predictive_cases",314,8,30,48,69,125,2021-01-03
"posterior_predictive_cases",315,10,34,52.5,79,155.125,2021-01-10
"posterior_predictive_cases",316,16,45,68.5,105,188.075,2021-01-17
"posterior_predictive_cases",317,19.975,55,91,133.5,254.2,2021-01-24
"posterior_predictive_cases",318,29.925,75,115,164.25,274.1,2021-01-31
"posterior_predictive_cases",319,36.975,98,143.5,209.5,413.3,2021-02-07
"posterior_predictive_cases",320,47.95,120,181,265.5,498.275,2021-02-14
"posterior_predictive_cases",321,54,150.5,223,323,607,2021-02-21
"posterior_predictive_cases",322,55.825,190.25,289.5,428.25,835.1,2021-02-28
"posterior_predictive_cases",323,92.925,225.75,352,543.25,1039,2021-03-07
"posterior_predictive_cases",324,90.875,254.75,411.5,630.5,1069.55,2021-03-14
"posterior_predictive_cases",325,135.875,338.25,493.5,722,1342.825,2021-03-21
"posterior_predictive_cases",326,170,355.5,577.5,843.5,1556.325,2021-03-28
"posterior_predictive_cases",327,167,446.25,674.5,958,1809.275,2021-04-04
"posterior_predictive_cases",328,163.975,510.5,727,1061,1962.2,2021-04-11
"posterior_predictive_cases",329,178.875,480.25,772,1114.5,2060.325,2021-04-18
"posterior_predictive_cases",330,172.925,542.5,800,1160.25,2138.825,2021-04-25
"posterior_predictive_cases",331,183.75,536,864,1192.75,2092.275,2021-05-02
"posterior_predictive_cases",332,192.775,505.75,803.5,1214.5,2293.05,2021-05-09
"posterior_predictive_cases",333,202.875,526.5,832,1206.25,2251.05,2021-05-16
"posterior_predictive_cases",334,188.975,529.75,827,1249,2249.9,2021-05-23
"posterior_predictive_cases",335,189.675,499.25,789.5,1173.5,2308.175,2021-05-30
"posterior_predictive_cases",336,188.95,498.5,744.5,1098,2057.275,2021-06-06
"posterior_predictive_cases",337,196.775,488,755.5,1062.5,1785.3,2021-06-13
"posterior_predictive_cases",338,156.975,396,665.5,991,1872.3,2021-06-20
"posterior_predictive_cases",339,136.975,385.75,611,913.25,1809,2021-06-27
"posterior_predictive_cases",340,135.95,407.25,587,896.25,1510.15,2021-07-04
"posterior_predictive_cases",341,131.775,337.75,550,766.25,1518.725,2021-07-11
"posterior_predictive_cases",342,114.975,305.75,478,705.5,1337.05,2021-07-18
"posterior_predictive_cases",343,98.95,304.5,458,663,1107.425,2021-07-25
"posterior_predictive_cases",344,99.775,248.75,379,523.25,964.025,2021-08-01
"posterior_predictive_cases",345,84.95,217.75,331.5,466,914.3,2021-08-08
"posterior_predictive_cases",346,66.875,177.75,280.5,396.5,740.649999999999,2021-08-15
"posterior_predictive_cases",347,64.975,155,237,344.5,675.05,2021-08-22
"posterior_predictive_cases",348,54.975,130.75,214,315,603.125,2021-08-29
"posterior_predictive_cases",349,39,117,185.5,271,520.025,2021-09-05
"posterior_predictive_cases",350,31,99.5,149.5,213.25,410.15,2021-09-12
"posterior_predictive_cases",351,30,88,131,184.75,372.075,2021-09-19
"posterior_predictive_cases",352,25.975,69,113.5,163,299.25,2021-09-26
"posterior_predictive_cases",353,15.975,54,86,131,240.325,2021-10-03
"posterior_predictive_cases",354,24,51.75,78,106.25,188.175,2021-10-10
"posterior_predictive_cases",355,15.975,41.75,63.5,93,178,2021-10-17
"posterior_predictive_cases",356,11,33,52,75,132.075,2021-10-24
"posterior_predictive_cases",357,8.975,31,48,70,129.1,2021-10-31
"posterior_predictive_cases",358,10,26.75,47,66.25,123.05,2021-11-07
"posterior_predictive_cases",359,9,27,42.5,65,113.1,2021-11-14
"posterior_predictive_cases",360,10,28,43,66,119.075,2021-11-21
"posterior_predictive_cases",361,8.975,28,44,61,110,2021-11-28
"posterior_predictive_cases",362,10,31,45,64,128.05,2021-12-05
"posterior_predictive_cases",363,10,27,44.5,66,132,2021-12-12
"posterior_predictive_cases",364,12.975,34,52,80,146.15,2021-12-19
"posterior_predictive_cases",365,12.975,37.75,59,85,169.05,2021-12-26
"posterior_predictive_cases",366,16,38,65.5,92,187.125,2022-01-02
"posterior_predictive_cases",367,18,46,73.5,106,197,2022-01-09
"posterior_predictive_cases",368,18,53,88.5,129,229.25,2022-01-16
"posterior_predictive_cases",369,20,68,108,156,302.05,2022-01-23
"posterior_predictive_cases",370,30.975,82,136,189.25,335.125,2022-01-30
"posterior_predictive_cases",371,45,105,166,238.5,437.075,2022-02-06
"posterior_predictive_cases",372,39.95,122.25,192,285,519.024999999999,2022-02-13
"posterior_predictive_cases",373,44.975,143.75,216.5,325.25,592.075,2022-02-20
"posterior_predictive_cases",374,62.925,177.5,275.5,406.5,693.425,2022-02-27
"posterior_predictive_cases",375,91.75,199.75,304.5,447.5,929.075,2022-03-06
"posterior_predictive_cases",376,92,246.75,366.5,533.5,964.1,2022-03-13
"posterior_predictive_cases",377,97.95,272.25,412.5,623.25,1048.925,2022-03-20
"posterior_predictive_cases",378,112.9,311.25,475,651.25,1173.25,2022-03-27
"posterior_predictive_cases",379,123.725,321.5,496.5,710.25,1169.475,2022-04-03
"posterior_predictive_cases",380,120.525,319,513.5,744.5,1357.05,2022-04-10
"posterior_predictive_cases",381,114.725,352.75,537,759,1475.025,2022-04-17
"posterior_predictive_cases",382,137.875,335.75,507.5,719.25,1407.325,2022-04-24
"posterior_predictive_cases",383,115.875,332,521.5,745.5,1419.825,2022-05-01
"posterior_predictive_cases",384,138.775,326,477,731.25,1424.15,2022-05-08
"posterior_predictive_cases",385,121.825,325.5,488,709.25,1241.325,2022-05-15
"posterior_predictive_cases",386,106.825,304.75,476.5,661.5,1217,2022-05-22
"posterior_predictive_cases",387,108.925,270.5,408,589.75,1102.075,2022-05-29
"posterior_predictive_cases",388,100.825,247.75,366,546,914.05,2022-06-05
"posterior_predictive_cases",389,99.85,246,374,535.75,952.25,2022-06-12
"posterior_predictive_cases",390,77.975,203.5,302.5,468,866.1,2022-06-19
"posterior_predictive_cases",391,75.95,205.75,307,429.25,908.599999999999,2022-06-26
"posterior_predictive_cases",392,54.925,180.75,272,387,825.899999999998,2022-07-03
"posterior_predictive_cases",393,60.925,146.5,229.5,341,632.175,2022-07-10
"posterior_predictive_cases",394,43.975,125.75,206,345,597.974999999999,2022-07-17
"posterior_predictive_cases",395,40.975,121,189.5,282.25,453,2022-07-24
"posterior_predictive_cases",396,40.925,108.75,161.5,231.25,471.025,2022-07-31
"posterior_predictive_cases",397,31,89,143,208,413.15,2022-08-07
"posterior_predictive_cases",398,35,75.75,118,168.25,342.2,2022-08-14
"posterior_predictive_cases",399,17.975,66,99,138,260.225,2022-08-21
"posterior_predictive_cases",400,17,54,84,116,231.025,2022-08-28
"posterior_predictive_cases",401,15.975,41,63,95.25,170.2,2022-09-04
"posterior_predictive_cases",402,13,38,57.5,79,145.15,2022-09-11
"posterior_predictive_cases",403,10,29,46,66,125.1,2022-09-18
"posterior_predictive_cases",404,7,24,38,58,108.025,2022-09-25
"posterior_predictive_cases",405,5,17,29,43.25,86,2022-10-02
"posterior_predictive_cases",406,4,16,25,38.25,64.025,2022-10-09
"posterior_predictive_cases",407,3,12,20,30,58,2022-10-16
"posterior_predictive_cases",408,2,11,17.5,25.25,49.025,2022-10-23
"posterior_predictive_cases",409,3,9,14,22,36.025,2022-10-30
"posterior_predictive_cases",410,2,7.75,13,19,34.025,2022-11-06
"posterior_predictive_cases",411,2,7,12,18,32.025,2022-11-13
"posterior_predictive_cases",412,1,6,10,16,31,2022-11-20
"posterior_predictive_cases",413,1,6,10,15,29,2022-11-27
"posterior_predictive_cases",414,2,6,11,16,34,2022-12-04
"posterior_predictive_cases",415,1,6,10,16,31,2022-12-11
"posterior_predictive_cases",416,1,7,11,17,34,2022-12-18
"posterior_predictive_cases",417,1.975,8,12,19,37,2022-12-25
"posterior_predictive_cases",418,2,8,13,19,38.05,2023-01-01
"posterior_predictive_cases",419,2.975,9,14,22,40,2023-01-08
"posterior_predictive_cases",420,2,9,15,22,45.0749999999999,2023-01-15
"posterior_predictive_cases",421,3,9,16,25,47,2023-01-22
"posterior_predictive_cases",422,4,11,18,27,56.025,2023-01-29
"posterior_predictive_cases",423,4,13,20,29,52,2023-02-05
"posterior_predictive_cases",424,3.975,13,20,33,60,2023-02-12
"posterior_predictive_cases",425,4,14.75,24,36,67,2023-02-19
"posterior_predictive_cases",426,3,16,26,39.25,68.025,2023-02-26
"posterior_predictive_cases",427,5.975,16,26,37,66.025,2023-03-05
"posterior_predictive_cases",428,4,17,26.5,42,75.05,2023-03-12
"posterior_predictive_cases",429,7,17.75,27,41,74,2023-03-19
"posterior_predictive_cases",430,5.975,17,28,44,82.025,2023-03-26
"posterior_predictive_cases",431,5,18,28,40,78.0999999999999,2023-04-02
"posterior_predictive_cases",432,5.975,17,27,39.25,74.025,2023-04-09
"posterior_predictive_cases",433,5,18,27,39,75.025,2023-04-16
"posterior_predictive_cases",434,6,17,25,36,72,2023-04-23
"posterior_predictive_cases",435,5,15,24,37,71.025,2023-04-30
"posterior_predictive_cases",436,4,15,24,36,72,2023-05-07
"posterior_predictive_cases",437,4,13.75,21,33,57,2023-05-14
"posterior_predictive_cases",438,2.975,14,22,34,58.025,2023-05-21
"posterior_predictive_cases",439,3,13,21,33,67.025,2023-05-28
"posterior_predictive_cases",440,5,13,21,31,55,2023-06-04
"posterior_predictive_cases",441,5,13,20.5,31,60.0749999999999,2023-06-11
"posterior_predictive_cases",442,3.975,12.75,20,29,58.025,2023-06-18
"posterior_predictive_cases",443,3,12,21,33,60.05,2023-06-25
"posterior_predictive_cases",444,4.975,13,20.5,30,58.05,2023-07-02
"posterior_predictive_cases",445,4,14,22,32,59,2023-07-09
"posterior_predictive_cases",446,3,12,21,30.25,55,2023-07-16
"posterior_predictive_cases",447,3.975,13.75,21,31,63,2023-07-23
"posterior_predictive_cases",448,4,15,22,33,61,2023-07-30
"posterior_predictive_cases",449,4,14,23,33,64.0749999999999,2023-08-06
"posterior_predictive_cases",450,5,15,23,34,61.025,2023-08-13
"posterior_predictive_cases",451,5,14,23,34,62.05,2023-08-20
"posterior_predictive_cases",452,3,13,22,32,62.1499999999999,2023-08-27
"posterior_predictive_cases",453,3,13,20,31,57.025,2023-09-03
"posterior_predictive_cases",454,3,11,19,28.25,54,2023-09-10
"posterior_predictive_cases",455,3,11,18,26,47,2023-09-17
"posterior_predictive_cases",456,3,11,17.5,25,46.05,2023-09-24
"posterior_predictive_cases",457,2.975,9,14,22.25,48,2023-10-01
"posterior_predictive_cases",458,2,9,14,21,42.025,2023-10-08
"posterior_predictive_cases",459,2,8,13,20,37,2023-10-15
"posterior_predictive_cases",460,2,7,12,19,34.0749999999999,2023-10-22
"posterior_predictive_cases",461,2,7,11,17,31.05,2023-10-29
"posterior_predictive_cases",462,1,6,11,15.25,30,2023-11-05
"posterior_predictive_cases",463,1,6,10,15,30,2023-11-12
"posterior_predictive_cases",464,1.975,6,10,15,28,2023-11-19
"posterior_predictive_cases",465,1,6,9,14.25,27.05,2023-11-26
"posterior_predictive_cases",466,1,5,9,15,32,2023-12-03
"posterior_predictive_cases",467,1,6,10,15,29,2023-12-10
"posterior_predictive_cases",468,1,6,10,16,28.025,2023-12-17
"posterior_predictive_cases",469,1,6,10,16,29,2023-12-24
"posterior_predictive_cases",470,1.975,7,11,16.25,33,2023-12-31
"posterior_predictive_cases",471,2,8,14,20,36.05,2024-01-07
"posterior_predictive_cases",472,3,9,15,22,47.05,2024-01-14
"posterior_predictive_cases",473,2,10,18,27,50.025,2024-01-21
"posterior_predictive_cases",474,5,13,20,29,60,2024-01-28
"posterior_predictive_cases",475,5,14.75,23,34,62.025,2024-02-04
"posterior_predictive_cases",476,6.975,16,26,39,79.025,2024-02-11
"posterior_predictive_cases",477,5.975,19.75,30.5,47,87,2024-02-18
"posterior_predictive_cases",478,5.975,24,36,52.25,107.025,2024-02-25
"posterior_predictive_cases",479,9,26,41,60,119,2024-03-03
"posterior_predictive_cases",480,10,28,46,65.25,124.15,2024-03-10
"posterior_predictive_cases",481,8,30,47,75.25,132.075,2024-03-17
"posterior_predictive_cases",482,8.975,32.75,54,78,144.225,2024-03-24
"posterior_predictive_cases",483,11.975,33,55.5,84.25,147.225,2024-03-31
"posterior_predictive_cases",484,9,35,57,82,157.25,2024-04-07
"posterior_predictive_cases",485,12.975,34,54.5,86,166.175,2024-04-14
"posterior_predictive_cases",486,14.975,35,53.5,84.5,149,2024-04-21
"posterior_predictive_cases",487,13,37,57,80,139.05,2024-04-28
"posterior_predictive_cases",488,14,34,56,80,145.25,2024-05-05
"posterior_predictive_cases",489,11,32,53,77,155,2024-05-12
"posterior_predictive_cases",490,13,31.75,51.5,75,143.2,2024-05-19
"posterior_predictive_cases",491,10.95,32,52,74.25,150.05,2024-05-26
"posterior_predictive_cases",492,8,30,46,70,132,2024-06-02
"posterior_predictive_cases",493,8,27.75,45,68,140.15,2024-06-09
"posterior_predictive_cases",494,8.975,29,44,63.25,131,2024-06-16
"posterior_predictive_cases",495,7.975,29.75,44,66,124.05,2024-06-23
"posterior_predictive_cases",496,8,25,40,60,105.075,2024-06-30
"posterior_predictive_cases",497,7.975,28,43,64,112,2024-07-07
"posterior_predictive_cases",498,8.975,26,41,61,106.025,2024-07-14
"posterior_predictive_cases",499,10.975,25,39,57,103.025,2024-07-21
"posterior_predictive_cases",500,7,23.75,36,54.25,95.0749999999999,2024-07-28
"posterior_predictive_cases",501,10,24,37,50,96.05,2024-08-04
"posterior_predictive_cases",502,6,19,30,47,88.025,2024-08-11
"posterior_predictive_cases",503,5.975,18,30,45,82,2024-08-18
"posterior_predictive_cases",504,4.975,17,27,41,76.0999999999999,2024-08-25
"posterior_predictive_cases",505,4,15,24,36,70.025,2024-09-01
"posterior_predictive_cases",506,5,14,22,34,61.025,2024-09-08
"posterior_predictive_cases",507,4,13,20.5,28,53.0749999999999,2024-09-15
"posterior_predictive_cases",508,3,10,17,26,50.025,2024-09-22
"posterior_predictive_cases",509,2.975,10,16,24,41.05,2024-09-29
"posterior_predictive_cases",510,2,8.75,14,21,42.025,2024-10-06
"posterior_predictive_cases",511,3,8,13,19,37,2024-10-13
"posterior_predictive_cases",512,1,6,11,17,34.025,2024-10-20
"posterior_predictive_cases",513,2,6,10,16,30.025,2024-10-27
"posterior_predictive_cases",514,1,6,9,15,27.025,2024-11-03
"posterior_predictive_cases",515,1,5,9,13,26,2024-11-10
"posterior_predictive_cases",516,1,5,9,13,25,2024-11-17
"posterior_predictive_cases",517,1,5,8,12,23.025,2024-11-24
"posterior_predictive_cases",518,1,5,8,13,24.025,2024-12-01
"posterior_predictive_cases",519,1,5,9,13,24,2024-12-08
"posterior_predictive_cases",520,1,5,9,14,25,2024-12-15
"posterior_predictive_cases",521,1,6,10,15,31,2024-12-22
"posterior_predictive_cases",522,1,7,11,16,29.025,2024-12-29
"posterior_predictive_cases",523,2,7,12,18,31.025,2025-01-05
"posterior_predictive_cases",524,1.975,7,13,19,35.05,2025-01-12
"posterior_predictive_cases",525,2,8.75,14,20,37.05,2025-01-19
"posterior_predictive_cases",526,2,9,15,22,38.025,2025-01-26
"posterior_predictive_cases",527,4,11,16,24,47,2025-02-02
"posterior_predictive_cases",528,3,12,20,28.25,53.025,2025-02-09
"posterior_predictive_cases",529,5,15,22,31,58.0749999999999,2025-02-16
"posterior_predictive_cases",530,6,14,24,36.25,63,2025-02-23
"posterior_predictive_cases",531,4,15,25.5,39,71.05,2025-03-02
"posterior_predictive_cases",532,5,16,27,40,69.025,2025-03-09
"posterior_predictive_cases",533,5.975,17,26,40,78.05,2025-03-16
"posterior_predictive_cases",534,4.975,18,27,41,81.05,2025-03-23
"posterior_predictive_cases",535,4.975,17,26,39.25,76.025,2025-03-30
"posterior_predictive_cases",536,6,18,28,42,87.0999999999999,2025-04-06
"posterior_predictive_cases",537,5,18,28,41,75.0999999999999,2025-04-13
"posterior_predictive_cases",538,6,18,28,40,77,2025-04-20
"posterior_predictive_cases",539,5,18,28,43,84.025,2025-04-27
"posterior_predictive_cases",540,4.975,17,25,37,77,2025-05-04
"posterior_predictive_cases",541,4,16,26,38,69.025,2025-05-11
"posterior_predictive_cases",542,3,16.75,26,37,67.05,2025-05-18
"posterior_predictive_cases",543,5,14,23,35,70,2025-05-25
"posterior_predictive_cases",544,5.975,15,23,36,67.025,2025-06-01
"posterior_predictive_cases",545,3,14.75,24,35,60.025,2025-06-08
"posterior_predictive_cases",546,4,15,23,35,64.025,2025-06-15
"posterior_predictive_cases",547,4.975,14,24.5,35.25,64.025,2025-06-22
"posterior_predictive_cases",548,5.975,14,22.5,32,60.025,2025-06-29
"posterior_predictive_cases",549,3.975,13.75,23,34,63.0749999999999,2025-07-06
"posterior_predictive_cases",550,5,14,22,34,63.025,2025-07-13
"posterior_predictive_cases",551,4,15,24,36,65.025,2025-07-20
"posterior_predictive_cases",552,4,16,25,36.25,67.05,2025-07-27
"posterior_predictive_cases",553,6,16,26,40,72.025,2025-08-03
"posterior_predictive_cases",554,5,14,22,33,71,2025-08-10
"posterior_predictive_cases",555,6,15,23.5,33,65.05,2025-08-17
"posterior_predictive_cases",556,4.975,16,25,36,66.0749999999999,2025-08-24
"posterior_predictive_cases",557,4,16,23,36,60.0749999999999,2025-08-31
"posterior_predictive_cases",558,4,13,22,32,65.05,2025-09-07
"posterior_predictive_cases",559,2,13,22,32,55,2025-09-14
"posterior_predictive_cases",560,4,12,18,28,53,2025-09-21
"posterior_predictive_cases",561,3.975,11,18,27,54.05,2025-09-28
"posterior_predictive_cases",562,3,9,16,23.25,46.025,2025-10-05
"posterior_predictive_cases",563,3,10,15,24,42,2025-10-12
"posterior_predictive_cases",564,3,9,13,20,41,2025-10-19
"posterior_predictive_cases",565,2,9,13,19,36,2025-10-26
"posterior_predictive_cases",566,2,7,12,17,36.05,2025-11-02
"posterior_predictive_cases",567,1,7,12,17,34.025,2025-11-09
"posterior_predictive_cases",568,2.975,7,12,17,33.025,2025-11-16
"posterior_predictive_cases",569,2,7,11,16,29,2025-11-23
"posterior_predictive_cases",570,2,6,11,16,30,2025-11-30
"posterior_predictive_cases",571,2,7,11,16.25,31,2025-12-07
"posterior_predictive_cases",572,2,6,11,19,37.025,2025-12-14
"posterior_predictive_cases",573,3,8,13,20,40.025,2025-12-21
